{
"type": "FeatureCollection",
"name": "microsoft_solar_romania",
"crs": { "type": "name", "properties": { "name": "urn:ogc:def:crs:OGC:1.3:CRS84" } },
"features": [
{ "type": "Feature", "properties": { "layer": "osm", "COUNTRY": "Romania", "construction_year": 2017, "construction_quarter": 4, "landcover_in_2018": "landcover_10", "area": 14389.648823374668, "area_ha": 1.4380767137121591 }, "geometry": { "type": "Point", "coordinates": [ 25.890586348063476, 45.843023328354882 ] } },
{ "type": "Feature", "properties": { "layer": "osm", "COUNTRY": "Romania", "construction_year": 2017, "construction_quarter": 4, "landcover_in_2018": "landcover_10", "area": 10908.097965804089, "area_ha": 1.0937053578270142 }, "geometry": { "type": "Point", "coordinates": [ 22.064400536163124, 47.051184840711556 ] } },
{ "type": "Feature", "properties": { "layer": "osm", "COUNTRY": "Romania", "construction_year": 2022, "construction_quarter": 2, "landcover_in_2018": "landcover_190", "area": 36508.537581663564, "area_ha": 3.6494857060046417 }, "geometry": { "type": "Point", "coordinates": [ 28.650054104936999, 44.349508136107218 ] } },
{ "type": "Feature", "properties": { "layer": "osm", "COUNTRY": "Romania", "construction_year": 2024, "construction_quarter": 2, "landcover_in_2018": "landcover_10", "area": 17604.268239856887, "area_ha": 1.7592336733438512 }, "geometry": { "type": "Point", "coordinates": [ 27.954972345254383, 45.678028067391899 ] } },
{ "type": "Feature", "properties": { "layer": "osm", "COUNTRY": "Romania", "construction_year": 2017, "construction_quarter": 4, "landcover_in_2018": "landcover_10", "area": 12546.380370372095, "area_ha": 1.254572717770241 }, "geometry": { "type": "Point", "coordinates": [ 24.82851098382536, 43.962266939523971 ] } },
{ "type": "Feature", "properties": { "layer": "osm", "COUNTRY": "Romania", "construction_year": 2017, "construction_quarter": 4, "landcover_in_2018": "landcover_10", "area": 10695.16298488569, "area_ha": 1.0704498666207816 }, "geometry": { "type": "Point", "coordinates": [ 23.578480564567407, 46.822021001054679 ] } },
{ "type": "Feature", "properties": { "layer": "osm", "COUNTRY": "Romania", "construction_year": 2023, "construction_quarter": 2, "landcover_in_2018": "landcover_10", "area": 15035.875817662374, "area_ha": 1.5070451631910589 }, "geometry": { "type": "Point", "coordinates": [ 22.280125627941647, 47.572129263844737 ] } },
{ "type": "Feature", "properties": { "layer": "osm", "COUNTRY": "Romania", "construction_year": 2017, "construction_quarter": 4, "landcover_in_2018": "landcover_10", "area": 43646.882860808386, "area_ha": 4.3770309277609192 }, "geometry": { "type": "Point", "coordinates": [ 22.055135311244538, 45.8431920904642 ] } },
{ "type": "Feature", "properties": { "layer": "osm", "COUNTRY": "Romania", "construction_year": 2022, "construction_quarter": 4, "landcover_in_2018": "landcover_10", "area": 24379.852672422858, "area_ha": 2.4362998827130102 }, "geometry": { "type": "Point", "coordinates": [ 26.153327727774293, 44.335396062993965 ] } },
{ "type": "Feature", "properties": { "layer": "solar_2024q2_10_4_2024 — solar", "COUNTRY": "Romania", "construction_year": 2024, "construction_quarter": 2, "landcover_in_2018": "landcover_10", "area": 32852.328076291298, "area_ha": 3.3012200375099945 }, "geometry": { "type": "Point", "coordinates": [ 20.852147778128739, 45.570063302906107 ] } },
{ "type": "Feature", "properties": { "layer": "solar_2024q2_10_4_2024 — solar", "COUNTRY": "Romania", "construction_year": 2017, "construction_quarter": 4, "landcover_in_2018": "landcover_10", "area": 19556.222889200035, "area_ha": 1.9643385329491174 }, "geometry": { "type": "Point", "coordinates": [ 21.059633995111547, 45.741590317938808 ] } },
{ "type": "Feature", "properties": { "layer": "solar_2024q2_10_4_2024 — solar", "COUNTRY": "Romania", "construction_year": 2017, "construction_quarter": 4, "landcover_in_2018": "landcover_130", "area": 11850.611336687674, "area_ha": 1.1884365759440119 }, "geometry": { "type": "Point", "coordinates": [ 21.963793059824965, 46.686779135124063 ] } },
{ "type": "Feature", "properties": { "layer": "solar_2024q2_10_4_2024 — solar", "COUNTRY": "Romania", "construction_year": 2017, "construction_quarter": 4, "landcover_in_2018": "landcover_10", "area": 20029.865229963703, "area_ha": 2.0082756496692653 }, "geometry": { "type": "Point", "coordinates": [ 22.074376562656038, 47.07087282851225 ] } },
{ "type": "Feature", "properties": { "layer": "solar_2024q2_10_4_2024 — solar", "COUNTRY": "Romania", "construction_year": 2017, "construction_quarter": 4, "landcover_in_2018": "landcover_190", "area": 17814.425146805614, "area_ha": 1.7860749815601189 }, "geometry": { "type": "Point", "coordinates": [ 22.077745663473113, 47.357505377298239 ] } },
{ "type": "Feature", "properties": { "layer": "solar_2024q2_10_4_2024 — solar", "COUNTRY": "Romania", "construction_year": 2019, "construction_quarter": 4, "landcover_in_2018": "landcover_10", "area": 16066.44515460169, "area_ha": 1.6084245184113874 }, "geometry": { "type": "Point", "coordinates": [ 23.4938301651096, 44.575452016409955 ] } },
{ "type": "Feature", "properties": { "layer": "solar_2024q2_10_4_2024 — solar", "COUNTRY": "Romania", "construction_year": 2018, "construction_quarter": 2, "landcover_in_2018": "landcover_190", "area": 36329.508961220097, "area_ha": 3.6343177725382301 }, "geometry": { "type": "Point", "coordinates": [ 24.186252589117878, 45.787208321629535 ] } },
{ "type": "Feature", "properties": { "layer": "solar_2024q2_10_4_2024 — solar", "COUNTRY": "Romania", "construction_year": 2017, "construction_quarter": 4, "landcover_in_2018": "landcover_190", "area": 15376.026177938744, "area_ha": 1.5382604601392096 }, "geometry": { "type": "Point", "coordinates": [ 24.124405006949111, 45.802232646231154 ] } },
{ "type": "Feature", "properties": { "layer": "solar_2024q2_10_4_2024 — solar", "COUNTRY": "Romania", "construction_year": 2017, "construction_quarter": 4, "landcover_in_2018": "landcover_10", "area": 57623.30609593491, "area_ha": 5.763487109072627 }, "geometry": { "type": "Point", "coordinates": [ 24.402450747409301, 45.83359672388503 ] } },
{ "type": "Feature", "properties": { "layer": "solar_2024q2_10_4_2024 — solar", "COUNTRY": "Romania", "construction_year": 2020, "construction_quarter": 1, "landcover_in_2018": "landcover_10", "area": 48783.690690327145, "area_ha": 4.8829958842247159 }, "geometry": { "type": "Point", "coordinates": [ 23.448312199617749, 47.654390926768578 ] } },
{ "type": "Feature", "properties": { "layer": "solar_2024q2_10_4_2024 — solar", "COUNTRY": "Romania", "construction_year": 2020, "construction_quarter": 3, "landcover_in_2018": "landcover_10", "area": 30412.572284467773, "area_ha": 3.0398814978409141 }, "geometry": { "type": "Point", "coordinates": [ 25.522057849136779, 43.81477060279348 ] } },
{ "type": "Feature", "properties": { "layer": "solar_2024q2_10_4_2024 — solar", "COUNTRY": "Romania", "construction_year": 2017, "construction_quarter": 4, "landcover_in_2018": "landcover_10", "area": 193002.63256210479, "area_ha": 19.290509517330815 }, "geometry": { "type": "Point", "coordinates": [ 25.641129038029604, 43.913525896653191 ] } },
{ "type": "Feature", "properties": { "layer": "solar_2024q2_10_4_2024 — solar", "COUNTRY": "Romania", "construction_year": 2017, "construction_quarter": 4, "landcover_in_2018": "landcover_10", "area": 17235.874078581881, "area_ha": 1.7227545751898985 }, "geometry": { "type": "Point", "coordinates": [ 25.583135242284097, 44.093848597515546 ] } },
{ "type": "Feature", "properties": { "layer": "solar_2024q2_10_4_2024 — solar", "COUNTRY": "Romania", "construction_year": 2018, "construction_quarter": 2, "landcover_in_2018": "landcover_190", "area": 28445.286385144173, "area_ha": 2.8425364709277408 }, "geometry": { "type": "Point", "coordinates": [ 26.20147179208492, 44.376414396637806 ] } },
{ "type": "Feature", "properties": { "layer": "solar_2024q2_10_4_2024 — solar", "COUNTRY": "Romania", "construction_year": 2017, "construction_quarter": 4, "landcover_in_2018": "landcover_190", "area": 76450.142556237217, "area_ha": 7.6397536069910945 }, "geometry": { "type": "Point", "coordinates": [ 26.153581229092957, 44.395307119680623 ] } },
{ "type": "Feature", "properties": { "layer": "solar_2024q2_10_4_2024 — solar", "COUNTRY": "Romania", "construction_year": 2022, "construction_quarter": 2, "landcover_in_2018": "landcover_60", "area": 53792.644619551502, "area_ha": 5.3780393528178072 }, "geometry": { "type": "Point", "coordinates": [ 25.078476917343735, 44.584069438720832 ] } },
{ "type": "Feature", "properties": { "layer": "solar_2024q2_10_4_2024 — solar", "COUNTRY": "Romania", "construction_year": 2018, "construction_quarter": 4, "landcover_in_2018": "landcover_10", "area": 19299.544485727176, "area_ha": 1.9287695279446004 }, "geometry": { "type": "Point", "coordinates": [ 25.897493678309587, 44.961144703763736 ] } },
{ "type": "Feature", "properties": { "layer": "solar_2024q2_10_4_2024 — solar", "COUNTRY": "Romania", "construction_year": 2018, "construction_quarter": 2, "landcover_in_2018": "landcover_190", "area": 15661.302434209229, "area_ha": 1.5654325869318204 }, "geometry": { "type": "Point", "coordinates": [ 25.457992691818504, 45.688263877493853 ] } },
{ "type": "Feature", "properties": { "layer": "solar_2024q2_10_4_2024 — solar", "COUNTRY": "Romania", "construction_year": 2018, "construction_quarter": 2, "landcover_in_2018": "landcover_10", "area": 100950.70727129273, "area_ha": 10.08705501150294 }, "geometry": { "type": "Point", "coordinates": [ 26.8002951021593, 46.293575321900462 ] } },
{ "type": "Feature", "properties": { "layer": "solar_2024q2_10_4_2024 — solar", "COUNTRY": "Romania", "construction_year": 2019, "construction_quarter": 4, "landcover_in_2018": "landcover_10", "area": 59962.627635131808, "area_ha": 5.9960673678162886 }, "geometry": { "type": "Point", "coordinates": [ 24.687579090003162, 46.730330258983393 ] } },
{ "type": "Feature", "properties": { "layer": "solar_2024q2_10_4_2024 — solar", "COUNTRY": "Romania", "construction_year": 2017, "construction_quarter": 4, "landcover_in_2018": "landcover_10", "area": 24657.640958601132, "area_ha": 2.4640426123788806 }, "geometry": { "type": "Point", "coordinates": [ 26.144661667837109, 47.569663877518849 ] } },
{ "type": "Feature", "properties": { "layer": "solar_2024q2_10_4_2024 — solar", "COUNTRY": "Romania", "construction_year": 2018, "construction_quarter": 3, "landcover_in_2018": "landcover_70", "area": 23534.731873221564, "area_ha": 2.3529213051961162 }, "geometry": { "type": "Point", "coordinates": [ 28.917248784903702, 44.796953515787365 ] } },
{ "type": "Feature", "properties": { "layer": "solar_2024q2_10_4_2024 — solar", "COUNTRY": "Romania", "construction_year": 2018, "construction_quarter": 2, "landcover_in_2018": "landcover_10", "area": 47886.168212134944, "area_ha": 4.784981272212895 }, "geometry": { "type": "Point", "coordinates": [ 27.526891253005648, 47.091305447771703 ] } },
{ "type": "Feature", "properties": { "layer": "solar_2024q2_10_4_2024 — solar", "COUNTRY": "Romania", "construction_year": 2017, "construction_quarter": 4, "landcover_in_2018": "landcover_10", "area": 42013.522046813756, "area_ha": 4.1980708495278733 }, "geometry": { "type": "Point", "coordinates": [ 27.349975084433581, 44.58057187498521 ] } },
{ "type": "Feature", "properties": { "layer": "solar_2024q2_10_4_2024 — solar", "COUNTRY": "Romania", "construction_year": 2017, "construction_quarter": 4, "landcover_in_2018": "landcover_10", "area": 57370.379219717681, "area_ha": 5.736179425770473 }, "geometry": { "type": "Point", "coordinates": [ 24.942866706185981, 44.829563981467025 ] } },
{ "type": "Feature", "properties": { "layer": "solar_2024q2_10_4_2024 — solar", "COUNTRY": "Romania", "construction_year": 2017, "construction_quarter": 4, "landcover_in_2018": "landcover_10", "area": 92275.448754065685, "area_ha": 9.2263657379740671 }, "geometry": { "type": "Point", "coordinates": [ 24.909088455210764, 44.819222089437723 ] } },
{ "type": "Feature", "properties": { "layer": "solar_2024q2_10_4_2024 — solar", "COUNTRY": "Romania", "construction_year": 2017, "construction_quarter": 4, "landcover_in_2018": "landcover_10", "area": 20407.400928570576, "area_ha": 2.0442633308005496 }, "geometry": { "type": "Point", "coordinates": [ 22.739922626732856, 47.540937016282314 ] } },
{ "type": "Feature", "properties": { "layer": "solar_2024q2_10_4_2024 — solar", "COUNTRY": "Romania", "construction_year": 2017, "construction_quarter": 4, "landcover_in_2018": "landcover_190", "area": 15188.748097010899, "area_ha": 1.5184666807493543 }, "geometry": { "type": "Point", "coordinates": [ 25.143615409180551, 44.736834505956978 ] } },
{ "type": "Feature", "properties": { "layer": "solar_2024q2_10_4_2024 — solar", "COUNTRY": "Romania", "construction_year": 2017, "construction_quarter": 4, "landcover_in_2018": "landcover_10", "area": 54452.054259707278, "area_ha": 5.443484950962052 }, "geometry": { "type": "Point", "coordinates": [ 25.22830089501355, 44.732838255049295 ] } },
{ "type": "Feature", "properties": { "layer": "solar_2024q2_10_4_2024 — solar", "COUNTRY": "Romania", "construction_year": 2023, "construction_quarter": 1, "landcover_in_2018": "landcover_10", "area": 188445.76535463202, "area_ha": 18.83718232757678 }, "geometry": { "type": "Point", "coordinates": [ 25.393983785910851, 44.009549160558976 ] } },
{ "type": "Feature", "properties": { "layer": "solar_2024q2_10_4_2024 — solar", "COUNTRY": "Romania", "construction_year": 2017, "construction_quarter": 4, "landcover_in_2018": "landcover_10", "area": 18932.921911439396, "area_ha": 1.8960297226249938 }, "geometry": { "type": "Point", "coordinates": [ 22.969445981868144, 47.723626644312674 ] } },
{ "type": "Feature", "properties": { "layer": "solar_2024q2_10_4_2024 — solar", "COUNTRY": "Romania", "construction_year": 2017, "construction_quarter": 4, "landcover_in_2018": "landcover_10", "area": 51124.085251034907, "area_ha": 5.1083362820991454 }, "geometry": { "type": "Point", "coordinates": [ 27.14753841447267, 45.216253651432368 ] } },
{ "type": "Feature", "properties": { "layer": "solar_2024q2_10_4_2024 — solar", "COUNTRY": "Romania", "construction_year": 2017, "construction_quarter": 4, "landcover_in_2018": "landcover_10", "area": 180497.41043432656, "area_ha": 18.035838717764189 }, "geometry": { "type": "Point", "coordinates": [ 26.598077196403317, 44.713595214383083 ] } },
{ "type": "Feature", "properties": { "layer": "solar_2024q2_10_4_2024 — solar", "COUNTRY": "Romania", "construction_year": 2017, "construction_quarter": 4, "landcover_in_2018": "landcover_10", "area": 51402.969026643703, "area_ha": 5.1579628360907002 }, "geometry": { "type": "Point", "coordinates": [ 21.6621719896781, 45.817472260652139 ] } },
{ "type": "Feature", "properties": { "layer": "solar_2024q2_10_4_2024 — solar", "COUNTRY": "Romania", "construction_year": 2017, "construction_quarter": 4, "landcover_in_2018": "landcover_10", "area": 21980.218947198009, "area_ha": 2.2053869465326792 }, "geometry": { "type": "Point", "coordinates": [ 21.718093966806777, 45.769587135027436 ] } },
{ "type": "Feature", "properties": { "layer": "solar_2024q2_10_4_2024 — solar", "COUNTRY": "Romania", "construction_year": 2017, "construction_quarter": 4, "landcover_in_2018": "landcover_10", "area": 24248.690265538808, "area_ha": 2.4330039642793642 }, "geometry": { "type": "Point", "coordinates": [ 21.715832531793534, 45.766462977815415 ] } },
{ "type": "Feature", "properties": { "layer": "solar_2024q2_10_4_2024 — solar", "COUNTRY": "Romania", "construction_year": 2022, "construction_quarter": 3, "landcover_in_2018": "landcover_10", "area": 18898.66668971059, "area_ha": 1.8883586875148819 }, "geometry": { "type": "Point", "coordinates": [ 26.881479900475046, 46.962163977443339 ] } },
{ "type": "Feature", "properties": { "layer": "solar_2024q2_10_4_2024 — solar", "COUNTRY": "Romania", "construction_year": 2017, "construction_quarter": 4, "landcover_in_2018": "landcover_10", "area": 26986.925381399469, "area_ha": 2.6968928516972812 }, "geometry": { "type": "Point", "coordinates": [ 27.936876183006728, 45.170412989694753 ] } },
{ "type": "Feature", "properties": { "layer": "solar_2024q2_10_4_2024 — solar", "COUNTRY": "Romania", "construction_year": 2017, "construction_quarter": 4, "landcover_in_2018": "landcover_10", "area": 58722.371093741313, "area_ha": 5.8680975307332446 }, "geometry": { "type": "Point", "coordinates": [ 27.789737068761806, 45.106023566799308 ] } },
{ "type": "Feature", "properties": { "layer": "solar_2024q2_10_4_2024 — solar", "COUNTRY": "Romania", "construction_year": 2017, "construction_quarter": 4, "landcover_in_2018": "landcover_10", "area": 107260.30009027911, "area_ha": 10.733290751380794 }, "geometry": { "type": "Point", "coordinates": [ 23.783188027596044, 46.880652584934545 ] } },
{ "type": "Feature", "properties": { "layer": "solar_2024q2_10_4_2024 — solar", "COUNTRY": "Romania", "construction_year": 2017, "construction_quarter": 4, "landcover_in_2018": "landcover_10", "area": 42553.936277585279, "area_ha": 4.2581595004198647 }, "geometry": { "type": "Point", "coordinates": [ 23.815132423440811, 46.845605156016433 ] } },
{ "type": "Feature", "properties": { "layer": "solar_2024q2_10_4_2024 — solar", "COUNTRY": "Romania", "construction_year": 2017, "construction_quarter": 4, "landcover_in_2018": "landcover_10", "area": 51608.308805809269, "area_ha": 5.1568066660559202 }, "geometry": { "type": "Point", "coordinates": [ 26.64428602401771, 44.450184523913336 ] } },
{ "type": "Feature", "properties": { "layer": "solar_2024q2_10_4_2024 — solar", "COUNTRY": "Romania", "construction_year": 2017, "construction_quarter": 4, "landcover_in_2018": "landcover_10", "area": 91545.498815222425, "area_ha": 9.1474206394873043 }, "geometry": { "type": "Point", "coordinates": [ 26.632095332316183, 44.445122819438659 ] } },
{ "type": "Feature", "properties": { "layer": "solar_2024q2_10_4_2024 — solar", "COUNTRY": "Romania", "construction_year": 2017, "construction_quarter": 4, "landcover_in_2018": "landcover_10", "area": 44291.553597657985, "area_ha": 4.4257564989498093 }, "geometry": { "type": "Point", "coordinates": [ 26.545451765430592, 44.397564104344859 ] } },
{ "type": "Feature", "properties": { "layer": "solar_2024q2_10_4_2024 — solar", "COUNTRY": "Romania", "construction_year": 2017, "construction_quarter": 4, "landcover_in_2018": "landcover_10", "area": 36196.824195569621, "area_ha": 3.6169083916154667 }, "geometry": { "type": "Point", "coordinates": [ 26.546317022844033, 44.396179388990234 ] } },
{ "type": "Feature", "properties": { "layer": "solar_2024q2_10_4_2024 — solar", "COUNTRY": "Romania", "construction_year": 2017, "construction_quarter": 4, "landcover_in_2018": "landcover_10", "area": 297395.17373851303, "area_ha": 29.724448127506406 }, "geometry": { "type": "Point", "coordinates": [ 25.640615537239587, 43.904040538232259 ] } },
{ "type": "Feature", "properties": { "layer": "solar_2024q2_10_4_2024 — solar", "COUNTRY": "Romania", "construction_year": 2017, "construction_quarter": 4, "landcover_in_2018": "landcover_10", "area": 54036.557286040661, "area_ha": 5.4168961536044771 }, "geometry": { "type": "Point", "coordinates": [ 22.200735152299607, 47.193646122736148 ] } },
{ "type": "Feature", "properties": { "layer": "solar_2024q2_10_4_2024 — solar", "COUNTRY": "Romania", "construction_year": 2017, "construction_quarter": 4, "landcover_in_2018": "landcover_10", "area": 18483.295631379508, "area_ha": 1.8479696790635354 }, "geometry": { "type": "Point", "coordinates": [ 25.020017017227914, 44.69869028002698 ] } },
{ "type": "Feature", "properties": { "layer": "solar_2024q2_10_4_2024 — solar", "COUNTRY": "Romania", "construction_year": 2017, "construction_quarter": 4, "landcover_in_2018": "landcover_30", "area": 22067.612062688451, "area_ha": 2.2069426349704466 }, "geometry": { "type": "Point", "coordinates": [ 24.545892941698146, 46.175283570349983 ] } },
{ "type": "Feature", "properties": { "layer": "solar_2024q2_10_4_2024 — solar", "COUNTRY": "Romania", "construction_year": 2018, "construction_quarter": 2, "landcover_in_2018": "landcover_130", "area": 44090.789257743025, "area_ha": 4.4070711227000157 }, "geometry": { "type": "Point", "coordinates": [ 25.477207346912618, 45.77852088402318 ] } },
{ "type": "Feature", "properties": { "layer": "solar_2024q2_10_4_2024 — solar", "COUNTRY": "Romania", "construction_year": 2017, "construction_quarter": 4, "landcover_in_2018": "landcover_10", "area": 87708.866124191758, "area_ha": 8.7667466910952836 }, "geometry": { "type": "Point", "coordinates": [ 25.552490187450552, 44.295651845028921 ] } },
{ "type": "Feature", "properties": { "layer": "solar_2024q2_10_4_2024 — solar", "COUNTRY": "Romania", "construction_year": 2017, "construction_quarter": 4, "landcover_in_2018": "landcover_10", "area": 84250.947664226347, "area_ha": 8.4342122454516044 }, "geometry": { "type": "Point", "coordinates": [ 23.511893251918874, 44.647423757262999 ] } },
{ "type": "Feature", "properties": { "layer": "solar_2024q2_10_4_2024 — solar", "COUNTRY": "Romania", "construction_year": 2017, "construction_quarter": 4, "landcover_in_2018": "landcover_10", "area": 22706.874326299825, "area_ha": 2.2727417164799371 }, "geometry": { "type": "Point", "coordinates": [ 23.692176304119307, 44.440351015734677 ] } },
{ "type": "Feature", "properties": { "layer": "solar_2024q2_10_4_2024 — solar", "COUNTRY": "Romania", "construction_year": 2021, "construction_quarter": 4, "landcover_in_2018": "landcover_10", "area": 86160.097328963908, "area_ha": 8.6249109607286041 }, "geometry": { "type": "Point", "coordinates": [ 23.573878377672997, 44.373613557853716 ] } },
{ "type": "Feature", "properties": { "layer": "solar_2024q2_10_4_2024 — solar", "COUNTRY": "Romania", "construction_year": 2020, "construction_quarter": 3, "landcover_in_2018": "landcover_10", "area": 134315.43029795616, "area_ha": 13.421030738226708 }, "geometry": { "type": "Point", "coordinates": [ 27.330590846727805, 44.215849122168919 ] } },
{ "type": "Feature", "properties": { "layer": "solar_2024q2_10_4_2024 — solar", "COUNTRY": "Romania", "construction_year": 2017, "construction_quarter": 4, "landcover_in_2018": "landcover_10", "area": 29479.722254462489, "area_ha": 2.9542348221734773 }, "geometry": { "type": "Point", "coordinates": [ 22.430217881438292, 47.393194432580337 ] } },
{ "type": "Feature", "properties": { "layer": "solar_2024q2_10_4_2024 — solar", "COUNTRY": "Romania", "construction_year": 2017, "construction_quarter": 4, "landcover_in_2018": "landcover_10", "area": 29518.449895484202, "area_ha": 2.9585079926093609 }, "geometry": { "type": "Point", "coordinates": [ 22.333245005028491, 47.330067303816485 ] } },
{ "type": "Feature", "properties": { "layer": "solar_2024q2_10_4_2024 — solar", "COUNTRY": "Romania", "construction_year": 2017, "construction_quarter": 4, "landcover_in_2018": "landcover_10", "area": 59547.975581886902, "area_ha": 5.9601403123824035 }, "geometry": { "type": "Point", "coordinates": [ 23.691372345465744, 44.588691953691942 ] } },
{ "type": "Feature", "properties": { "layer": "solar_2024q2_10_4_2024 — solar", "COUNTRY": "Romania", "construction_year": 2024, "construction_quarter": 2, "landcover_in_2018": "landcover_10", "area": 24029.299126929294, "area_ha": 2.4051735482536047 }, "geometry": { "type": "Point", "coordinates": [ 23.662267212558543, 44.473314338780717 ] } },
{ "type": "Feature", "properties": { "layer": "solar_2024q2_10_4_2024 — solar", "COUNTRY": "Romania", "construction_year": 2018, "construction_quarter": 3, "landcover_in_2018": "landcover_10", "area": 17435.818893484215, "area_ha": 1.7428073919951228 }, "geometry": { "type": "Point", "coordinates": [ 25.419457777567622, 46.806098546826775 ] } },
{ "type": "Feature", "properties": { "layer": "solar_2024q2_10_4_2024 — solar", "COUNTRY": "Romania", "construction_year": 2017, "construction_quarter": 4, "landcover_in_2018": "landcover_10", "area": 65580.212385000355, "area_ha": 6.5865708497295969 }, "geometry": { "type": "Point", "coordinates": [ 21.126931618948198, 45.661982602486226 ] } },
{ "type": "Feature", "properties": { "layer": "solar_2024q2_10_4_2024 — solar", "COUNTRY": "Romania", "construction_year": 2020, "construction_quarter": 3, "landcover_in_2018": "landcover_10", "area": 94026.124049378122, "area_ha": 9.4007420386268254 }, "geometry": { "type": "Point", "coordinates": [ 25.02396447829209, 44.782092358287251 ] } },
{ "type": "Feature", "properties": { "layer": "solar_2024q2_10_4_2024 — solar", "COUNTRY": "Romania", "construction_year": 2017, "construction_quarter": 4, "landcover_in_2018": "landcover_10", "area": 56203.261990380655, "area_ha": 5.61796197987913 }, "geometry": { "type": "Point", "coordinates": [ 28.555007302105299, 44.234814577445682 ] } },
{ "type": "Feature", "properties": { "layer": "solar_2024q2_10_4_2024 — solar", "COUNTRY": "Romania", "construction_year": 2017, "construction_quarter": 4, "landcover_in_2018": "landcover_110", "area": 108258.2676227998, "area_ha": 10.84907510496328 }, "geometry": { "type": "Point", "coordinates": [ 22.484125381262434, 46.548035152015622 ] } },
{ "type": "Feature", "properties": { "layer": "solar_2024q2_10_4_2024 — solar", "COUNTRY": "Romania", "construction_year": 2017, "construction_quarter": 4, "landcover_in_2018": "landcover_10", "area": 50624.603731282856, "area_ha": 5.0883496444412133 }, "geometry": { "type": "Point", "coordinates": [ 20.663366395495082, 46.062085434615504 ] } },
{ "type": "Feature", "properties": { "layer": "solar_2024q2_10_4_2024 — solar", "COUNTRY": "Romania", "construction_year": 2023, "construction_quarter": 1, "landcover_in_2018": "landcover_10", "area": 62629.679847017484, "area_ha": 6.2587214957360402 }, "geometry": { "type": "Point", "coordinates": [ 27.886161710263341, 44.522231598213111 ] } },
{ "type": "Feature", "properties": { "layer": "solar_2024q2_10_4_2024 — solar", "COUNTRY": "Romania", "construction_year": 2018, "construction_quarter": 2, "landcover_in_2018": "landcover_10", "area": 51159.988443748436, "area_ha": 5.1183181930612056 }, "geometry": { "type": "Point", "coordinates": [ 24.036232359408533, 46.886632597242709 ] } },
{ "type": "Feature", "properties": { "layer": "solar_2024q2_10_4_2024 — solar", "COUNTRY": "Romania", "construction_year": 2021, "construction_quarter": 4, "landcover_in_2018": "landcover_10", "area": 13367.493203056854, "area_ha": 1.3356777918247473 }, "geometry": { "type": "Point", "coordinates": [ 26.599934980864543, 44.71572656748473 ] } },
{ "type": "Feature", "properties": { "layer": "solar_2024q2_10_4_2024 — solar", "COUNTRY": "Romania", "construction_year": 2017, "construction_quarter": 4, "landcover_in_2018": "landcover_10", "area": 37202.572156341797, "area_ha": 3.7215712104667191 }, "geometry": { "type": "Point", "coordinates": [ 24.179193651382018, 46.468078730615893 ] } },
{ "type": "Feature", "properties": { "layer": "solar_2024q2_10_4_2024 — solar", "COUNTRY": "Romania", "construction_year": 2017, "construction_quarter": 4, "landcover_in_2018": "landcover_10", "area": 34076.056735071623, "area_ha": 3.4048934440655918 }, "geometry": { "type": "Point", "coordinates": [ 27.162893692006719, 45.977983757399826 ] } },
{ "type": "Feature", "properties": { "layer": "solar_2024q2_10_4_2024 — solar", "COUNTRY": "Romania", "construction_year": 2017, "construction_quarter": 4, "landcover_in_2018": "landcover_10", "area": 391738.18102654326, "area_ha": 39.154124206810742 }, "geometry": { "type": "Point", "coordinates": [ 25.620724811630726, 44.36167103316432 ] } },
{ "type": "Feature", "properties": { "layer": "solar_2024q2_10_4_2024 — solar", "COUNTRY": "Romania", "construction_year": 2017, "construction_quarter": 4, "landcover_in_2018": "landcover_10", "area": 40137.780569794195, "area_ha": 4.0117696716167028 }, "geometry": { "type": "Point", "coordinates": [ 25.614807481055294, 44.342406067932487 ] } },
{ "type": "Feature", "properties": { "layer": "solar_2024q2_10_4_2024 — solar", "COUNTRY": "Romania", "construction_year": 2017, "construction_quarter": 4, "landcover_in_2018": "landcover_10", "area": 26401.014532439673, "area_ha": 2.647086979278944 }, "geometry": { "type": "Point", "coordinates": [ 22.180304117981144, 45.839932735171892 ] } },
{ "type": "Feature", "properties": { "layer": "solar_2024q2_10_4_2024 — solar", "COUNTRY": "Romania", "construction_year": 2017, "construction_quarter": 4, "landcover_in_2018": "landcover_10", "area": 165143.69422078834, "area_ha": 16.510776049683294 }, "geometry": { "type": "Point", "coordinates": [ 25.002637984280661, 46.270707484843136 ] } },
{ "type": "Feature", "properties": { "layer": "solar_2024q2_10_4_2024 — solar", "COUNTRY": "Romania", "construction_year": 2017, "construction_quarter": 4, "landcover_in_2018": "landcover_10", "area": 19504.057316432507, "area_ha": 1.9496158096121314 }, "geometry": { "type": "Point", "coordinates": [ 25.423470179803513, 43.855592859211747 ] } },
{ "type": "Feature", "properties": { "layer": "solar_2024q2_10_4_2024 — solar", "COUNTRY": "Romania", "construction_year": 2017, "construction_quarter": 4, "landcover_in_2018": "landcover_130", "area": 41718.380079153067, "area_ha": 4.1839720889553424 }, "geometry": { "type": "Point", "coordinates": [ 21.908506800151589, 46.833328229134452 ] } },
{ "type": "Feature", "properties": { "layer": "solar_2024q2_10_4_2024 — solar", "COUNTRY": "Romania", "construction_year": 2017, "construction_quarter": 4, "landcover_in_2018": "landcover_10", "area": 17639.198840734334, "area_ha": 1.7690760831062897 }, "geometry": { "type": "Point", "coordinates": [ 21.899591180986707, 46.822287680699986 ] } },
{ "type": "Feature", "properties": { "layer": "solar_2024q2_10_4_2024 — solar", "COUNTRY": "Romania", "construction_year": 2017, "construction_quarter": 4, "landcover_in_2018": "landcover_10", "area": 25531.843915964368, "area_ha": 2.5516096278525588 }, "geometry": { "type": "Point", "coordinates": [ 25.888621300600132, 45.845433677030044 ] } },
{ "type": "Feature", "properties": { "layer": "solar_2024q2_10_4_2024 — solar", "COUNTRY": "Romania", "construction_year": 2022, "construction_quarter": 4, "landcover_in_2018": "landcover_10", "area": 63811.503382750598, "area_ha": 6.3761421182681266 }, "geometry": { "type": "Point", "coordinates": [ 26.691287322361632, 44.122857821864969 ] } },
{ "type": "Feature", "properties": { "layer": "solar_2024q2_10_4_2024 — solar", "COUNTRY": "Romania", "construction_year": 2023, "construction_quarter": 2, "landcover_in_2018": "landcover_10", "area": 68371.360114068186, "area_ha": 6.8317728587599191 }, "geometry": { "type": "Point", "coordinates": [ 26.687011004998528, 44.118745621579556 ] } },
{ "type": "Feature", "properties": { "layer": "solar_2024q2_10_4_2024 — solar", "COUNTRY": "Romania", "construction_year": 2017, "construction_quarter": 4, "landcover_in_2018": "landcover_10", "area": 123883.98503936327, "area_ha": 12.380887191268508 }, "geometry": { "type": "Point", "coordinates": [ 25.880193264925865, 44.676749477644044 ] } },
{ "type": "Feature", "properties": { "layer": "solar_2024q2_10_4_2024 — solar", "COUNTRY": "Romania", "construction_year": 2017, "construction_quarter": 4, "landcover_in_2018": "landcover_10", "area": 50235.190683621324, "area_ha": 5.0205297724952374 }, "geometry": { "type": "Point", "coordinates": [ 25.848672944592071, 44.673610927758581 ] } },
{ "type": "Feature", "properties": { "layer": "solar_2024q2_10_4_2024 — solar", "COUNTRY": "Romania", "construction_year": 2017, "construction_quarter": 4, "landcover_in_2018": "landcover_10", "area": 62694.803426254271, "area_ha": 6.2657315808133829 }, "geometry": { "type": "Point", "coordinates": [ 25.857357816064926, 44.610883064607727 ] } },
{ "type": "Feature", "properties": { "layer": "solar_2024q2_10_4_2024 — solar", "COUNTRY": "Romania", "construction_year": 2017, "construction_quarter": 4, "landcover_in_2018": "landcover_10", "area": 38793.440867617704, "area_ha": 3.876957258633511 }, "geometry": { "type": "Point", "coordinates": [ 25.908251641473303, 44.599259729914635 ] } },
{ "type": "Feature", "properties": { "layer": "solar_2024q2_10_4_2024 — solar", "COUNTRY": "Romania", "construction_year": 2022, "construction_quarter": 3, "landcover_in_2018": "landcover_10", "area": 11322.434402226898, "area_ha": 1.1313396096964743 }, "geometry": { "type": "Point", "coordinates": [ 26.892255446367965, 46.613342611134684 ] } },
{ "type": "Feature", "properties": { "layer": "solar_2024q2_10_4_2024 — solar", "COUNTRY": "Romania", "construction_year": 2017, "construction_quarter": 4, "landcover_in_2018": "landcover_10", "area": 13602.53343776484, "area_ha": 1.3657638140006407 }, "geometry": { "type": "Point", "coordinates": [ 21.299263090222038, 45.684271615464404 ] } },
{ "type": "Feature", "properties": { "layer": "solar_2024q2_10_4_2024 — solar", "COUNTRY": "Romania", "construction_year": 2017, "construction_quarter": 4, "landcover_in_2018": "landcover_10", "area": 21708.61506931435, "area_ha": 2.1710778518438523 }, "geometry": { "type": "Point", "coordinates": [ 24.60601116038465, 44.215033532649031 ] } },
{ "type": "Feature", "properties": { "layer": "solar_2024q2_10_4_2024 — solar", "COUNTRY": "Romania", "construction_year": 2017, "construction_quarter": 4, "landcover_in_2018": "landcover_130", "area": 134646.10905377043, "area_ha": 13.471917827737867 }, "geometry": { "type": "Point", "coordinates": [ 23.946219493903975, 46.647171224145019 ] } },
{ "type": "Feature", "properties": { "layer": "solar_2024q2_10_4_2024 — solar", "COUNTRY": "Romania", "construction_year": 2017, "construction_quarter": 4, "landcover_in_2018": "landcover_190", "area": 50702.027435642573, "area_ha": 5.066819236700737 }, "geometry": { "type": "Point", "coordinates": [ 26.069486133343275, 44.946890459026058 ] } },
{ "type": "Feature", "properties": { "layer": "solar_2024q2_10_4_2024 — solar", "COUNTRY": "Romania", "construction_year": 2017, "construction_quarter": 4, "landcover_in_2018": "landcover_190", "area": 79151.436021813395, "area_ha": 7.9098611081706522 }, "geometry": { "type": "Point", "coordinates": [ 26.069603713878891, 44.944710366325452 ] } },
{ "type": "Feature", "properties": { "layer": "solar_2024q2_10_4_2024 — solar", "COUNTRY": "Romania", "construction_year": 2017, "construction_quarter": 4, "landcover_in_2018": "landcover_10", "area": 472711.65013079863, "area_ha": 47.239336754952575 }, "geometry": { "type": "Point", "coordinates": [ 26.090778650654613, 44.935032633367562 ] } },
{ "type": "Feature", "properties": { "layer": "solar_2024q2_10_4_2024 — solar", "COUNTRY": "Romania", "construction_year": 2017, "construction_quarter": 4, "landcover_in_2018": "landcover_10", "area": 106544.13074171302, "area_ha": 10.64708715526996 }, "geometry": { "type": "Point", "coordinates": [ 26.143767810780901, 44.926375437061935 ] } },
{ "type": "Feature", "properties": { "layer": "solar_2024q2_10_4_2024 — solar", "COUNTRY": "Romania", "construction_year": 2017, "construction_quarter": 4, "landcover_in_2018": "landcover_10", "area": 260885.6530803346, "area_ha": 26.070596882575824 }, "geometry": { "type": "Point", "coordinates": [ 26.148056578186381, 44.915009345665737 ] } },
{ "type": "Feature", "properties": { "layer": "solar_2024q2_10_4_2024 — solar", "COUNTRY": "Romania", "construction_year": 2017, "construction_quarter": 4, "landcover_in_2018": "landcover_10", "area": 32767.231123441761, "area_ha": 3.2745372511038506 }, "geometry": { "type": "Point", "coordinates": [ 26.069174959703322, 44.904382325192714 ] } },
{ "type": "Feature", "properties": { "layer": "solar_2024q2_10_4_2024 — solar", "COUNTRY": "Romania", "construction_year": 2017, "construction_quarter": 4, "landcover_in_2018": "landcover_10", "area": 116019.03681570175, "area_ha": 11.593835498128355 }, "geometry": { "type": "Point", "coordinates": [ 26.174682241455557, 44.888689196917774 ] } },
{ "type": "Feature", "properties": { "layer": "solar_2024q2_10_4_2024 — solar", "COUNTRY": "Romania", "construction_year": 2017, "construction_quarter": 4, "landcover_in_2018": "landcover_10", "area": 21647.351914493454, "area_ha": 2.1631204026738504 }, "geometry": { "type": "Point", "coordinates": [ 27.593164341756502, 44.908171298309171 ] } },
{ "type": "Feature", "properties": { "layer": "solar_2024q2_10_4_2024 — solar", "COUNTRY": "Romania", "construction_year": 2017, "construction_quarter": 4, "landcover_in_2018": "landcover_10", "area": 88303.334927806558, "area_ha": 8.8338076355194701 }, "geometry": { "type": "Point", "coordinates": [ 24.250465973019427, 44.051526875690513 ] } },
{ "type": "Feature", "properties": { "layer": "solar_2024q2_10_4_2024 — solar", "COUNTRY": "Romania", "construction_year": 2023, "construction_quarter": 3, "landcover_in_2018": "landcover_130", "area": 85649.248374772898, "area_ha": 8.5944142513569393 }, "geometry": { "type": "Point", "coordinates": [ 21.613493347, 46.24394715205402 ] } },
{ "type": "Feature", "properties": { "layer": "solar_2024q2_10_4_2024 — solar", "COUNTRY": "Romania", "construction_year": 2017, "construction_quarter": 4, "landcover_in_2018": "landcover_10", "area": 27463.747100155953, "area_ha": 2.7442521957424848 }, "geometry": { "type": "Point", "coordinates": [ 26.579247323477752, 45.027197786617997 ] } },
{ "type": "Feature", "properties": { "layer": "solar_2024q2_10_4_2024 — solar", "COUNTRY": "Romania", "construction_year": 2022, "construction_quarter": 3, "landcover_in_2018": "landcover_10", "area": 11959.094385807228, "area_ha": 1.1951237006813187 }, "geometry": { "type": "Point", "coordinates": [ 26.043286517475522, 44.524070922104983 ] } },
{ "type": "Feature", "properties": { "layer": "solar_2024q2_10_4_2024 — solar", "COUNTRY": "Romania", "construction_year": 2017, "construction_quarter": 4, "landcover_in_2018": "landcover_10", "area": 49794.920136193454, "area_ha": 4.9761032217458236 }, "geometry": { "type": "Point", "coordinates": [ 26.123951822133247, 44.484069658938672 ] } },
{ "type": "Feature", "properties": { "layer": "solar_2024q2_10_4_2024 — solar", "COUNTRY": "Romania", "construction_year": 2017, "construction_quarter": 4, "landcover_in_2018": "landcover_10", "area": 123118.29724522805, "area_ha": 12.358278265529764 }, "geometry": { "type": "Point", "coordinates": [ 21.45190547125171, 45.815053348077761 ] } },
{ "type": "Feature", "properties": { "layer": "solar_2024q2_10_4_2024 — solar", "COUNTRY": "Romania", "construction_year": 2017, "construction_quarter": 4, "landcover_in_2018": "landcover_190", "area": 29829.796103557586, "area_ha": 2.9811948850760808 }, "geometry": { "type": "Point", "coordinates": [ 28.15449055733956, 45.239912306192515 ] } },
{ "type": "Feature", "properties": { "layer": "solar_2024q2_10_4_2024 — solar", "COUNTRY": "Romania", "construction_year": 2017, "construction_quarter": 4, "landcover_in_2018": "landcover_10", "area": 118471.75706585926, "area_ha": 11.856608809941369 }, "geometry": { "type": "Point", "coordinates": [ 23.79460506486182, 44.522594023274635 ] } },
{ "type": "Feature", "properties": { "layer": "solar_2024q2_10_4_2024 — solar", "COUNTRY": "Romania", "construction_year": 2017, "construction_quarter": 4, "landcover_in_2018": "landcover_10", "area": 62916.999926299162, "area_ha": 6.2924812778186565 }, "geometry": { "type": "Point", "coordinates": [ 24.558964654130829, 44.566676574003303 ] } },
{ "type": "Feature", "properties": { "layer": "solar_2024q2_10_4_2024 — solar", "COUNTRY": "Romania", "construction_year": 2017, "construction_quarter": 4, "landcover_in_2018": "landcover_10", "area": 35541.429748774382, "area_ha": 3.554573006885271 }, "geometry": { "type": "Point", "coordinates": [ 24.563649169336667, 44.561868827098891 ] } },
{ "type": "Feature", "properties": { "layer": "solar_2024q2_10_4_2024 — solar", "COUNTRY": "Romania", "construction_year": 2017, "construction_quarter": 4, "landcover_in_2018": "landcover_130", "area": 506071.15950246644, "area_ha": 50.607637143384558 }, "geometry": { "type": "Point", "coordinates": [ 24.693387489116454, 45.703900848520369 ] } },
{ "type": "Feature", "properties": { "layer": "solar_2024q2_10_4_2024 — solar", "COUNTRY": "Romania", "construction_year": 2017, "construction_quarter": 4, "landcover_in_2018": "landcover_10", "area": 11877.866140593223, "area_ha": 1.1926041249429802 }, "geometry": { "type": "Point", "coordinates": [ 21.246010770790697, 46.172487575697687 ] } },
{ "type": "Feature", "properties": { "layer": "solar_2024q2_10_4_2024 — solar", "COUNTRY": "Romania", "construction_year": 2017, "construction_quarter": 4, "landcover_in_2018": "landcover_130", "area": 30354.885201255696, "area_ha": 3.0372521216710813 }, "geometry": { "type": "Point", "coordinates": [ 23.987336581116683, 45.139325334478109 ] } },
{ "type": "Feature", "properties": { "layer": "solar_2024q2_10_4_2024 — solar", "COUNTRY": "Romania", "construction_year": 2018, "construction_quarter": 1, "landcover_in_2018": "landcover_190", "area": 18524.626204696804, "area_ha": 1.8529340664739535 }, "geometry": { "type": "Point", "coordinates": [ 24.398595907302195, 44.43162294904829 ] } },
{ "type": "Feature", "properties": { "layer": "solar_2024q2_10_4_2024 — solar", "COUNTRY": "Romania", "construction_year": 2017, "construction_quarter": 4, "landcover_in_2018": "landcover_10", "area": 134599.36547418585, "area_ha": 13.463770298550534 }, "geometry": { "type": "Point", "coordinates": [ 24.377650519224094, 44.101220767934663 ] } },
{ "type": "Feature", "properties": { "layer": "solar_2024q2_10_4_2024 — solar", "COUNTRY": "Romania", "construction_year": 2017, "construction_quarter": 4, "landcover_in_2018": "landcover_130", "area": 40743.761899281119, "area_ha": 4.0756677986709082 }, "geometry": { "type": "Point", "coordinates": [ 24.263160330965949, 45.682195182978369 ] } },
{ "type": "Feature", "properties": { "layer": "solar_2024q2_10_4_2024 — solar", "COUNTRY": "Romania", "construction_year": 2017, "construction_quarter": 4, "landcover_in_2018": "landcover_10", "area": 65387.203958611906, "area_ha": 6.5482282400642955 }, "geometry": { "type": "Point", "coordinates": [ 23.153952995216407, 45.079950725588965 ] } },
{ "type": "Feature", "properties": { "layer": "solar_2024q2_10_4_2024 — solar", "COUNTRY": "Romania", "construction_year": 2017, "construction_quarter": 4, "landcover_in_2018": "landcover_10", "area": 59797.563199164899, "area_ha": 5.9911394325224743 }, "geometry": { "type": "Point", "coordinates": [ 22.837166626753568, 44.408805803314401 ] } },
{ "type": "Feature", "properties": { "layer": "solar_2024q2_10_4_2024 — solar", "COUNTRY": "Romania", "construction_year": 2017, "construction_quarter": 4, "landcover_in_2018": "landcover_10", "area": 196313.59237192076, "area_ha": 19.668614163272487 }, "geometry": { "type": "Point", "coordinates": [ 22.841951709772729, 44.405224852210701 ] } },
{ "type": "Feature", "properties": { "layer": "solar_2024q2_10_4_2024 — solar", "COUNTRY": "Romania", "construction_year": 2017, "construction_quarter": 4, "landcover_in_2018": "landcover_10", "area": 28979.33394203287, "area_ha": 2.8979023185074668 }, "geometry": { "type": "Point", "coordinates": [ 24.669773016864553, 46.388730750967468 ] } },
{ "type": "Feature", "properties": { "layer": "solar_2024q2_10_4_2024 — solar", "COUNTRY": "Romania", "construction_year": 2017, "construction_quarter": 4, "landcover_in_2018": "landcover_10", "area": 108508.20148987971, "area_ha": 10.845631532963667 }, "geometry": { "type": "Point", "coordinates": [ 25.568991788329541, 44.089503974849386 ] } },
{ "type": "Feature", "properties": { "layer": "solar_2024q2_10_4_2024 — solar", "COUNTRY": "Romania", "construction_year": 2022, "construction_quarter": 2, "landcover_in_2018": "landcover_10", "area": 1551390.4532657587, "area_ha": 155.09383044059655 }, "geometry": { "type": "Point", "coordinates": [ 25.184727867214573, 44.708787665827977 ] } },
{ "type": "Feature", "properties": { "layer": "solar_2024q2_10_4_2024 — solar", "COUNTRY": "Romania", "construction_year": 2017, "construction_quarter": 4, "landcover_in_2018": "landcover_10", "area": 46627.380687172081, "area_ha": 4.6612293485747802 }, "geometry": { "type": "Point", "coordinates": [ 25.246404988617314, 44.598503706950709 ] } },
{ "type": "Feature", "properties": { "layer": "solar_2024q2_10_4_2024 — solar", "COUNTRY": "Romania", "construction_year": 2023, "construction_quarter": 2, "landcover_in_2018": "landcover_30", "area": 44495.567957637773, "area_ha": 4.4464634474471971 }, "geometry": { "type": "Point", "coordinates": [ 27.832796375248542, 45.305331467812614 ] } },
{ "type": "Feature", "properties": { "layer": "solar_2024q2_10_4_2024 — solar", "COUNTRY": "Romania", "construction_year": 2017, "construction_quarter": 4, "landcover_in_2018": "landcover_190", "area": 315634.11422780668, "area_ha": 31.538275033912416 }, "geometry": { "type": "Point", "coordinates": [ 26.846077341380123, 46.249042980796503 ] } },
{ "type": "Feature", "properties": { "layer": "solar_2024q2_10_4_2024 — solar", "COUNTRY": "Romania", "construction_year": 2017, "construction_quarter": 4, "landcover_in_2018": "landcover_10", "area": 44025.972235677873, "area_ha": 4.3991035022981935 }, "geometry": { "type": "Point", "coordinates": [ 27.203351164283436, 45.505818901924869 ] } },
{ "type": "Feature", "properties": { "layer": "solar_2024q2_10_4_2024 — solar", "COUNTRY": "Romania", "construction_year": 2018, "construction_quarter": 2, "landcover_in_2018": "landcover_10", "area": 43549.028517126324, "area_ha": 4.3582534073796646 }, "geometry": { "type": "Point", "coordinates": [ 23.742629078380538, 45.912348869711757 ] } },
{ "type": "Feature", "properties": { "layer": "solar_2024q2_10_4_2024 — solar", "COUNTRY": "Romania", "construction_year": 2017, "construction_quarter": 4, "landcover_in_2018": "landcover_10", "area": 48298.792824859498, "area_ha": 4.8335811159767497 }, "geometry": { "type": "Point", "coordinates": [ 23.746358269186775, 45.900628668366849 ] } },
{ "type": "Feature", "properties": { "layer": "solar_2024q2_10_4_2024 — solar", "COUNTRY": "Romania", "construction_year": 2017, "construction_quarter": 4, "landcover_in_2018": "landcover_10", "area": 494626.69265065732, "area_ha": 49.500813326660058 }, "geometry": { "type": "Point", "coordinates": [ 23.741656268039666, 45.896995674766245 ] } },
{ "type": "Feature", "properties": { "layer": "solar_2024q2_10_4_2024 — solar", "COUNTRY": "Romania", "construction_year": 2018, "construction_quarter": 1, "landcover_in_2018": "landcover_10", "area": 155415.68465794853, "area_ha": 15.532634018245457 }, "geometry": { "type": "Point", "coordinates": [ 25.805825356810335, 44.058142268901442 ] } },
{ "type": "Feature", "properties": { "layer": "solar_2024q2_10_4_2024 — solar", "COUNTRY": "Romania", "construction_year": 2018, "construction_quarter": 1, "landcover_in_2018": "landcover_10", "area": 1487979.7937091044, "area_ha": 148.71470575974791 }, "geometry": { "type": "Point", "coordinates": [ 25.767545283697835, 43.986421585926344 ] } },
{ "type": "Feature", "properties": { "layer": "solar_2024q2_10_4_2024 — solar", "COUNTRY": "Romania", "construction_year": 2017, "construction_quarter": 4, "landcover_in_2018": "landcover_10", "area": 18619.496122120905, "area_ha": 1.8608625600671036 }, "geometry": { "type": "Point", "coordinates": [ 25.826329133244784, 43.961573531167815 ] } },
{ "type": "Feature", "properties": { "layer": "solar_2024q2_10_4_2024 — solar", "COUNTRY": "Romania", "construction_year": 2017, "construction_quarter": 4, "landcover_in_2018": "landcover_10", "area": 78157.795702856121, "area_ha": 7.8118631350332288 }, "geometry": { "type": "Point", "coordinates": [ 25.581404504204983, 45.797578762920935 ] } },
{ "type": "Feature", "properties": { "layer": "solar_2024q2_10_4_2024 — solar", "COUNTRY": "Romania", "construction_year": 2018, "construction_quarter": 2, "landcover_in_2018": "landcover_10", "area": 36076.446327459809, "area_ha": 3.60579920920667 }, "geometry": { "type": "Point", "coordinates": [ 25.606773508825601, 45.785472668129515 ] } },
{ "type": "Feature", "properties": { "layer": "solar_2024q2_10_4_2024 — solar", "COUNTRY": "Romania", "construction_year": 2018, "construction_quarter": 2, "landcover_in_2018": "landcover_10", "area": 15452.082823336172, "area_ha": 1.5444198100055644 }, "geometry": { "type": "Point", "coordinates": [ 25.603645492558908, 45.784994497969095 ] } },
{ "type": "Feature", "properties": { "layer": "solar_2024q2_10_4_2024 — solar", "COUNTRY": "Romania", "construction_year": 2017, "construction_quarter": 4, "landcover_in_2018": "landcover_10", "area": 42434.7923582925, "area_ha": 4.2413724274573417 }, "geometry": { "type": "Point", "coordinates": [ 25.571499180865693, 45.757548771663124 ] } },
{ "type": "Feature", "properties": { "layer": "solar_2024q2_10_4_2024 — solar", "COUNTRY": "Romania", "construction_year": 2017, "construction_quarter": 4, "landcover_in_2018": "landcover_10", "area": 94869.197137093492, "area_ha": 9.4821828443212652 }, "geometry": { "type": "Point", "coordinates": [ 25.578172540130886, 45.757765264599627 ] } },
{ "type": "Feature", "properties": { "layer": "solar_2024q2_10_4_2024 — solar", "COUNTRY": "Romania", "construction_year": 2017, "construction_quarter": 4, "landcover_in_2018": "landcover_10", "area": 17668.32009443445, "area_ha": 1.771823436467546 }, "geometry": { "type": "Point", "coordinates": [ 22.056900722937307, 45.843930272135118 ] } },
{ "type": "Feature", "properties": { "layer": "solar_2024q2_10_4_2024 — solar", "COUNTRY": "Romania", "construction_year": 2017, "construction_quarter": 4, "landcover_in_2018": "landcover_10", "area": 64345.076640940373, "area_ha": 6.4405911390485242 }, "geometry": { "type": "Point", "coordinates": [ 23.674714470342984, 44.212920141093051 ] } },
{ "type": "Feature", "properties": { "layer": "solar_2024q2_10_4_2024 — solar", "COUNTRY": "Romania", "construction_year": 2017, "construction_quarter": 4, "landcover_in_2018": "landcover_10", "area": 41276.265379928882, "area_ha": 4.1301311809691743 }, "geometry": { "type": "Point", "coordinates": [ 23.922717577865527, 45.789747229041176 ] } },
{ "type": "Feature", "properties": { "layer": "solar_2024q2_10_4_2024 — solar", "COUNTRY": "Romania", "construction_year": 2017, "construction_quarter": 4, "landcover_in_2018": "landcover_10", "area": 239451.56589193206, "area_ha": 23.988122623416803 }, "geometry": { "type": "Point", "coordinates": [ 22.826932155737346, 45.721142643192081 ] } },
{ "type": "Feature", "properties": { "layer": "solar_2024q2_10_4_2024 — solar", "COUNTRY": "Romania", "construction_year": 2017, "construction_quarter": 4, "landcover_in_2018": "landcover_10", "area": 81643.928028884489, "area_ha": 8.1682843707573447 }, "geometry": { "type": "Point", "coordinates": [ 24.064551329115524, 45.857711343021919 ] } },
{ "type": "Feature", "properties": { "layer": "solar_2024q2_10_4_2024 — solar", "COUNTRY": "Romania", "construction_year": 2017, "construction_quarter": 4, "landcover_in_2018": "landcover_130", "area": 60901.095580757596, "area_ha": 6.0930448718222703 }, "geometry": { "type": "Point", "coordinates": [ 24.05998398742453, 45.834657409013808 ] } },
{ "type": "Feature", "properties": { "layer": "solar_2024q2_10_4_2024 — solar", "COUNTRY": "Romania", "construction_year": 2017, "construction_quarter": 4, "landcover_in_2018": "landcover_10", "area": 92817.094489877549, "area_ha": 9.2941356198765455 }, "geometry": { "type": "Point", "coordinates": [ 23.053656559698556, 47.873849297813258 ] } },
{ "type": "Feature", "properties": { "layer": "solar_2024q2_10_4_2024 — solar", "COUNTRY": "Romania", "construction_year": 2017, "construction_quarter": 4, "landcover_in_2018": "landcover_10", "area": 49141.108345390268, "area_ha": 4.9158821056602333 }, "geometry": { "type": "Point", "coordinates": [ 24.255721345267137, 44.754263736032904 ] } },
{ "type": "Feature", "properties": { "layer": "solar_2024q2_10_4_2024 — solar", "COUNTRY": "Romania", "construction_year": 2023, "construction_quarter": 1, "landcover_in_2018": "landcover_10", "area": 39171.756480876982, "area_ha": 3.9185912657709805 }, "geometry": { "type": "Point", "coordinates": [ 24.256232188850618, 44.722289548853887 ] } },
{ "type": "Feature", "properties": { "layer": "solar_2024q2_10_4_2024 — solar", "COUNTRY": "Romania", "construction_year": 2017, "construction_quarter": 4, "landcover_in_2018": "landcover_10", "area": 42753.130148247161, "area_ha": 4.2754176920758891 }, "geometry": { "type": "Point", "coordinates": [ 24.698950386746066, 44.446116148834356 ] } },
{ "type": "Feature", "properties": { "layer": "solar_2024q2_10_4_2024 — solar", "COUNTRY": "Romania", "construction_year": 2017, "construction_quarter": 4, "landcover_in_2018": "landcover_10", "area": 13258.473368125364, "area_ha": 1.329946771775933 }, "geometry": { "type": "Point", "coordinates": [ 21.824239113310462, 46.419088977906746 ] } },
{ "type": "Feature", "properties": { "layer": "solar_2024q2_10_4_2024 — solar", "COUNTRY": "Romania", "construction_year": 2017, "construction_quarter": 4, "landcover_in_2018": "landcover_10", "area": 15041.757346693503, "area_ha": 1.5047138394921595 }, "geometry": { "type": "Point", "coordinates": [ 24.258883262571288, 44.753867287306591 ] } },
{ "type": "Feature", "properties": { "layer": "solar_2024q2_10_4_2024 — solar", "COUNTRY": "Romania", "construction_year": 2017, "construction_quarter": 4, "landcover_in_2018": "landcover_10", "area": 24376.873509386336, "area_ha": 2.4374315820033767 }, "geometry": { "type": "Point", "coordinates": [ 24.805011650808879, 46.59197866620287 ] } },
{ "type": "Feature", "properties": { "layer": "solar_2024q2_10_4_2024 — solar", "COUNTRY": "Romania", "construction_year": 2022, "construction_quarter": 2, "landcover_in_2018": "landcover_130", "area": 67076.366455651209, "area_ha": 6.7140703077196475 }, "geometry": { "type": "Point", "coordinates": [ 23.545119147415878, 46.012656866980407 ] } },
{ "type": "Feature", "properties": { "layer": "solar_2024q2_10_4_2024 — solar", "COUNTRY": "Romania", "construction_year": 2017, "construction_quarter": 4, "landcover_in_2018": "landcover_10", "area": 76568.264448268717, "area_ha": 7.6643905607605429 }, "geometry": { "type": "Point", "coordinates": [ 23.520016035330375, 45.964257388031285 ] } },
{ "type": "Feature", "properties": { "layer": "solar_2024q2_10_4_2024 — solar", "COUNTRY": "Romania", "construction_year": 2017, "construction_quarter": 4, "landcover_in_2018": "landcover_10", "area": 36358.547750489241, "area_ha": 3.6393955909728555 }, "geometry": { "type": "Point", "coordinates": [ 23.533021662786485, 45.952255482269649 ] } },
{ "type": "Feature", "properties": { "layer": "solar_2024q2_10_4_2024 — solar", "COUNTRY": "Romania", "construction_year": 2017, "construction_quarter": 4, "landcover_in_2018": "landcover_10", "area": 116941.65457369099, "area_ha": 11.687126345714846 }, "geometry": { "type": "Point", "coordinates": [ 25.886827975510567, 44.963540092495691 ] } },
{ "type": "Feature", "properties": { "layer": "solar_2024q2_10_4_2024 — solar", "COUNTRY": "Romania", "construction_year": 2017, "construction_quarter": 4, "landcover_in_2018": "landcover_10", "area": 98194.485834030784, "area_ha": 9.8132357374234758 }, "geometry": { "type": "Point", "coordinates": [ 25.954566509973663, 44.962850931998808 ] } },
{ "type": "Feature", "properties": { "layer": "solar_2024q2_10_4_2024 — solar", "COUNTRY": "Romania", "construction_year": 2017, "construction_quarter": 4, "landcover_in_2018": "landcover_10", "area": 176719.06179488279, "area_ha": 17.660938666577323 }, "geometry": { "type": "Point", "coordinates": [ 25.917817924412287, 44.960076419978954 ] } },
{ "type": "Feature", "properties": { "layer": "solar_2024q2_10_4_2024 — solar", "COUNTRY": "Romania", "construction_year": 2017, "construction_quarter": 4, "landcover_in_2018": "landcover_10", "area": 78129.947381495789, "area_ha": 7.8081498853215701 }, "geometry": { "type": "Point", "coordinates": [ 25.915952958383095, 44.954622265374461 ] } },
{ "type": "Feature", "properties": { "layer": "solar_2024q2_10_4_2024 — solar", "COUNTRY": "Romania", "construction_year": 2017, "construction_quarter": 4, "landcover_in_2018": "landcover_10", "area": 496019.39256330405, "area_ha": 49.571823154824052 }, "geometry": { "type": "Point", "coordinates": [ 25.87781062370119, 44.944404392058587 ] } },
{ "type": "Feature", "properties": { "layer": "solar_2024q2_10_4_2024 — solar", "COUNTRY": "Romania", "construction_year": 2018, "construction_quarter": 1, "landcover_in_2018": "landcover_10", "area": 14594.531035687396, "area_ha": 1.4605444857910153 }, "geometry": { "type": "Point", "coordinates": [ 23.851353147795884, 44.378767676307902 ] } },
{ "type": "Feature", "properties": { "layer": "solar_2024q2_10_4_2024 — solar", "COUNTRY": "Romania", "construction_year": 2018, "construction_quarter": 1, "landcover_in_2018": "landcover_10", "area": 129815.22583466055, "area_ha": 12.991140184867898 }, "geometry": { "type": "Point", "coordinates": [ 23.8595585707575, 44.356855542746558 ] } },
{ "type": "Feature", "properties": { "layer": "solar_2024q2_10_4_2024 — solar", "COUNTRY": "Romania", "construction_year": 2017, "construction_quarter": 4, "landcover_in_2018": "landcover_130", "area": 387961.24076669296, "area_ha": 38.899997608559104 }, "geometry": { "type": "Point", "coordinates": [ 22.106773810407709, 46.42721452940841 ] } },
{ "type": "Feature", "properties": { "layer": "solar_2024q2_10_4_2024 — solar", "COUNTRY": "Romania", "construction_year": 2017, "construction_quarter": 4, "landcover_in_2018": "landcover_130", "area": 84422.13343478147, "area_ha": 8.4474504223927394 }, "geometry": { "type": "Point", "coordinates": [ 23.829712213445564, 47.143986684068494 ] } },
{ "type": "Feature", "properties": { "layer": "solar_2024q2_10_4_2024 — solar", "COUNTRY": "Romania", "construction_year": 2017, "construction_quarter": 4, "landcover_in_2018": "landcover_10", "area": 112752.60218121944, "area_ha": 11.282543952131363 }, "geometry": { "type": "Point", "coordinates": [ 23.800309916479542, 47.141571384053755 ] } },
{ "type": "Feature", "properties": { "layer": "solar_2024q2_10_4_2024 — solar", "COUNTRY": "Romania", "construction_year": 2017, "construction_quarter": 4, "landcover_in_2018": "landcover_10", "area": 155984.07690579435, "area_ha": 15.608482172092815 }, "geometry": { "type": "Point", "coordinates": [ 23.802390058163382, 47.12846800075048 ] } },
{ "type": "Feature", "properties": { "layer": "solar_2024q2_10_4_2024 — solar", "COUNTRY": "Romania", "construction_year": 2018, "construction_quarter": 2, "landcover_in_2018": "landcover_10", "area": 85857.657084321487, "area_ha": 8.5827436299716489 }, "geometry": { "type": "Point", "coordinates": [ 28.709690990791692, 44.900151961516137 ] } },
{ "type": "Feature", "properties": { "layer": "solar_2024q2_10_4_2024 — solar", "COUNTRY": "Romania", "construction_year": 2017, "construction_quarter": 4, "landcover_in_2018": "landcover_10", "area": 22934.201367578062, "area_ha": 2.2919804037501721 }, "geometry": { "type": "Point", "coordinates": [ 25.94860724825546, 44.447179499521908 ] } },
{ "type": "Feature", "properties": { "layer": "solar_2024q2_10_4_2024 — solar", "COUNTRY": "Romania", "construction_year": 2018, "construction_quarter": 1, "landcover_in_2018": "landcover_10", "area": 60945.724213861402, "area_ha": 6.0897301773151833 }, "geometry": { "type": "Point", "coordinates": [ 27.194366866529897, 47.220007493391059 ] } },
{ "type": "Feature", "properties": { "layer": "solar_2024q2_10_4_2024 — solar", "COUNTRY": "Romania", "construction_year": 2017, "construction_quarter": 4, "landcover_in_2018": "landcover_10", "area": 21046.911783933552, "area_ha": 2.1134326074841501 }, "geometry": { "type": "Point", "coordinates": [ 21.204494992118875, 46.019650665251596 ] } },
{ "type": "Feature", "properties": { "layer": "solar_2024q2_10_4_2024 — solar", "COUNTRY": "Romania", "construction_year": 2017, "construction_quarter": 4, "landcover_in_2018": "landcover_10", "area": 11077.687872215545, "area_ha": 1.1076001256488146 }, "geometry": { "type": "Point", "coordinates": [ 24.978021110050921, 44.087197249808312 ] } },
{ "type": "Feature", "properties": { "layer": "solar_2024q2_10_4_2024 — solar", "COUNTRY": "Romania", "construction_year": 2017, "construction_quarter": 4, "landcover_in_2018": "landcover_10", "area": 25205.651345062102, "area_ha": 2.520168192977021 }, "geometry": { "type": "Point", "coordinates": [ 24.981023028377901, 44.085705242226311 ] } },
{ "type": "Feature", "properties": { "layer": "solar_2024q2_10_4_2024 — solar", "COUNTRY": "Romania", "construction_year": 2022, "construction_quarter": 1, "landcover_in_2018": "landcover_10", "area": 78792.48800368642, "area_ha": 7.8780756984525491 }, "geometry": { "type": "Point", "coordinates": [ 24.969310930648, 44.042323630184683 ] } },
{ "type": "Feature", "properties": { "layer": "solar_2024q2_10_4_2024 — solar", "COUNTRY": "Romania", "construction_year": 2017, "construction_quarter": 4, "landcover_in_2018": "landcover_10", "area": 23173.916447201813, "area_ha": 2.3213048241234082 }, "geometry": { "type": "Point", "coordinates": [ 23.026675507570285, 44.109563941876765 ] } },
{ "type": "Feature", "properties": { "layer": "solar_2024q2_10_4_2024 — solar", "COUNTRY": "Romania", "construction_year": 2017, "construction_quarter": 4, "landcover_in_2018": "landcover_10", "area": 74681.817579058814, "area_ha": 7.4792944174488296 }, "geometry": { "type": "Point", "coordinates": [ 22.973447629349227, 47.18586909729504 ] } },
{ "type": "Feature", "properties": { "layer": "solar_2024q2_10_4_2024 — solar", "COUNTRY": "Romania", "construction_year": 2023, "construction_quarter": 1, "landcover_in_2018": "landcover_10", "area": 15438.044010262138, "area_ha": 1.5507327284717027 }, "geometry": { "type": "Point", "coordinates": [ 21.045901727249824, 45.709436440627385 ] } },
{ "type": "Feature", "properties": { "layer": "solar_2024q2_10_4_2024 — solar", "COUNTRY": "Romania", "construction_year": 2017, "construction_quarter": 4, "landcover_in_2018": "landcover_10", "area": 85303.623201831564, "area_ha": 8.5406458071806242 }, "geometry": { "type": "Point", "coordinates": [ 23.208497529838983, 47.48597925856523 ] } },
{ "type": "Feature", "properties": { "layer": "solar_2024q2_10_4_2024 — solar", "COUNTRY": "Romania", "construction_year": 2023, "construction_quarter": 1, "landcover_in_2018": "landcover_10", "area": 61082.470184383434, "area_ha": 6.1117542873760158 }, "geometry": { "type": "Point", "coordinates": [ 24.012617198471339, 44.778271338046288 ] } },
{ "type": "Feature", "properties": { "layer": "solar_2024q2_10_4_2024 — solar", "COUNTRY": "Romania", "construction_year": 2017, "construction_quarter": 4, "landcover_in_2018": "landcover_10", "area": 197846.59490374714, "area_ha": 19.788831387523917 }, "geometry": { "type": "Point", "coordinates": [ 24.479267725598376, 43.820405427854332 ] } },
{ "type": "Feature", "properties": { "layer": "solar_2024q2_10_4_2024 — solar", "COUNTRY": "Romania", "construction_year": 2017, "construction_quarter": 4, "landcover_in_2018": "landcover_10", "area": 24145.073911971223, "area_ha": 2.4147325718489028 }, "geometry": { "type": "Point", "coordinates": [ 24.614519347086301, 44.217068988722069 ] } },
{ "type": "Feature", "properties": { "layer": "solar_2024q2_10_4_2024 — solar", "COUNTRY": "Romania", "construction_year": 2017, "construction_quarter": 4, "landcover_in_2018": "landcover_10", "area": 14825.538648220778, "area_ha": 1.4844347933991096 }, "geometry": { "type": "Point", "coordinates": [ 23.132414274611278, 47.713417949897057 ] } },
{ "type": "Feature", "properties": { "layer": "solar_2024q2_10_4_2024 — solar", "COUNTRY": "Romania", "construction_year": 2017, "construction_quarter": 4, "landcover_in_2018": "landcover_30", "area": 20233.062045059785, "area_ha": 2.0257698829080337 }, "geometry": { "type": "Point", "coordinates": [ 23.188879527463957, 47.686029342718577 ] } },
{ "type": "Feature", "properties": { "layer": "solar_2024q2_10_4_2024 — solar", "COUNTRY": "Romania", "construction_year": 2017, "construction_quarter": 4, "landcover_in_2018": "landcover_10", "area": 65121.318407142215, "area_ha": 6.5077981878363644 }, "geometry": { "type": "Point", "coordinates": [ 26.06067846585718, 45.106889124747397 ] } },
{ "type": "Feature", "properties": { "layer": "solar_2024q2_10_4_2024 — solar", "COUNTRY": "Romania", "construction_year": 2017, "construction_quarter": 4, "landcover_in_2018": "landcover_10", "area": 34536.810638920215, "area_ha": 3.4551531470984118 }, "geometry": { "type": "Point", "coordinates": [ 24.17006918127338, 44.937335545372214 ] } },
{ "type": "Feature", "properties": { "layer": "solar_2024q2_10_4_2024 — solar", "COUNTRY": "Romania", "construction_year": 2017, "construction_quarter": 4, "landcover_in_2018": "landcover_190", "area": 83931.567725821937, "area_ha": 8.4154521684363477 }, "geometry": { "type": "Point", "coordinates": [ 22.048914757425855, 47.219319780414182 ] } },
{ "type": "Feature", "properties": { "layer": "solar_2024q2_10_4_2024 — solar", "COUNTRY": "Romania", "construction_year": 2017, "construction_quarter": 4, "landcover_in_2018": "landcover_10", "area": 103882.06088245331, "area_ha": 10.397475623363157 }, "geometry": { "type": "Point", "coordinates": [ 23.510038247926634, 47.590266185287234 ] } },
{ "type": "Feature", "properties": { "layer": "solar_2024q2_10_4_2024 — solar", "COUNTRY": "Romania", "construction_year": 2017, "construction_quarter": 4, "landcover_in_2018": "landcover_10", "area": 45037.763080586024, "area_ha": 4.5003213053036184 }, "geometry": { "type": "Point", "coordinates": [ 26.541603026304557, 44.397146205990509 ] } },
{ "type": "Feature", "properties": { "layer": "solar_2024q2_10_4_2024 — solar", "COUNTRY": "Romania", "construction_year": 2017, "construction_quarter": 4, "landcover_in_2018": "landcover_10", "area": 33347.616283843032, "area_ha": 3.3328848959308894 }, "geometry": { "type": "Point", "coordinates": [ 25.75338047164708, 45.016285879539005 ] } },
{ "type": "Feature", "properties": { "layer": "solar_2024q2_10_4_2024 — solar", "COUNTRY": "Romania", "construction_year": 2017, "construction_quarter": 4, "landcover_in_2018": "landcover_10", "area": 304491.08842501848, "area_ha": 30.461601715339341 }, "geometry": { "type": "Point", "coordinates": [ 24.244357047289348, 43.766880737933057 ] } },
{ "type": "Feature", "properties": { "layer": "solar_2024q2_10_4_2024 — solar", "COUNTRY": "Romania", "construction_year": 2022, "construction_quarter": 4, "landcover_in_2018": "landcover_190", "area": 10642.195355878694, "area_ha": 1.0635102815519533 }, "geometry": { "type": "Point", "coordinates": [ 26.071214089740508, 44.636491336521622 ] } },
{ "type": "Feature", "properties": { "layer": "solar_2024q2_10_4_2024 — solar", "COUNTRY": "Romania", "construction_year": 2017, "construction_quarter": 4, "landcover_in_2018": "landcover_10", "area": 89643.744197997148, "area_ha": 8.9574592064299559 }, "geometry": { "type": "Point", "coordinates": [ 27.425780048156525, 44.158069075288267 ] } },
{ "type": "Feature", "properties": { "layer": "solar_2024q2_10_4_2024 — solar", "COUNTRY": "Romania", "construction_year": 2017, "construction_quarter": 4, "landcover_in_2018": "landcover_10", "area": 356288.15761973785, "area_ha": 35.694530755820722 }, "geometry": { "type": "Point", "coordinates": [ 22.896044610488744, 44.225206299671846 ] } },
{ "type": "Feature", "properties": { "layer": "solar_2024q2_10_4_2024 — solar", "COUNTRY": "Romania", "construction_year": 2017, "construction_quarter": 4, "landcover_in_2018": "landcover_60", "area": 13437.760070165456, "area_ha": 1.3470318338096385 }, "geometry": { "type": "Point", "coordinates": [ 22.417458441376333, 44.887135245673313 ] } },
{ "type": "Feature", "properties": { "layer": "solar_2024q2_10_4_2024 — solar", "COUNTRY": "Romania", "construction_year": 2023, "construction_quarter": 2, "landcover_in_2018": "landcover_130", "area": 110378.41882254669, "area_ha": 11.030427069915152 }, "geometry": { "type": "Point", "coordinates": [ 26.083258006013544, 45.077959692288736 ] } },
{ "type": "Feature", "properties": { "layer": "solar_2024q2_10_4_2024 — solar", "COUNTRY": "Romania", "construction_year": 2017, "construction_quarter": 4, "landcover_in_2018": "landcover_130", "area": 123491.61916365082, "area_ha": 12.340890820614389 }, "geometry": { "type": "Point", "coordinates": [ 26.074492653247336, 45.077263439716077 ] } },
{ "type": "Feature", "properties": { "layer": "solar_2024q2_10_4_2024 — solar", "COUNTRY": "Romania", "construction_year": 2017, "construction_quarter": 4, "landcover_in_2018": "landcover_10", "area": 111482.87687603544, "area_ha": 11.172799222973259 }, "geometry": { "type": "Point", "coordinates": [ 22.387312639507403, 47.225444958919049 ] } },
{ "type": "Feature", "properties": { "layer": "solar_2024q2_10_4_2024 — solar", "COUNTRY": "Romania", "construction_year": 2017, "construction_quarter": 4, "landcover_in_2018": "landcover_10", "area": 38074.542169526205, "area_ha": 3.8069275327672316 }, "geometry": { "type": "Point", "coordinates": [ 24.954467347480119, 44.001660063179209 ] } },
{ "type": "Feature", "properties": { "layer": "solar_2024q2_10_4_2024 — solar", "COUNTRY": "Romania", "construction_year": 2017, "construction_quarter": 4, "landcover_in_2018": "landcover_10", "area": 88270.641020921539, "area_ha": 8.8258720542352211 }, "geometry": { "type": "Point", "coordinates": [ 24.949267011956863, 44.002765386388099 ] } },
{ "type": "Feature", "properties": { "layer": "solar_2024q2_10_4_2024 — solar", "COUNTRY": "Romania", "construction_year": 2017, "construction_quarter": 4, "landcover_in_2018": "landcover_10", "area": 35023.433585491301, "area_ha": 3.5002627549677774 }, "geometry": { "type": "Point", "coordinates": [ 25.846897912261337, 44.588141186427244 ] } },
{ "type": "Feature", "properties": { "layer": "solar_2024q2_10_4_2024 — solar", "COUNTRY": "Romania", "construction_year": 2017, "construction_quarter": 4, "landcover_in_2018": "landcover_10", "area": 182345.90500016659, "area_ha": 18.223511626119777 }, "geometry": { "type": "Point", "coordinates": [ 25.886139701027687, 44.577814579014927 ] } },
{ "type": "Feature", "properties": { "layer": "solar_2024q2_10_4_2024 — solar", "COUNTRY": "Romania", "construction_year": 2017, "construction_quarter": 4, "landcover_in_2018": "landcover_10", "area": 26446.465141593348, "area_ha": 2.6430670707863708 }, "geometry": { "type": "Point", "coordinates": [ 25.856635932080149, 44.563070503776927 ] } },
{ "type": "Feature", "properties": { "layer": "solar_2024q2_10_4_2024 — solar", "COUNTRY": "Romania", "construction_year": 2017, "construction_quarter": 4, "landcover_in_2018": "landcover_10", "area": 45306.155041115759, "area_ha": 4.5279021728624747 }, "geometry": { "type": "Point", "coordinates": [ 25.861602219670267, 44.562553227871696 ] } },
{ "type": "Feature", "properties": { "layer": "solar_2024q2_10_4_2024 — solar", "COUNTRY": "Romania", "construction_year": 2017, "construction_quarter": 4, "landcover_in_2018": "landcover_10", "area": 69590.963777620418, "area_ha": 6.9548852147840705 }, "geometry": { "type": "Point", "coordinates": [ 25.878589361895287, 44.560811333574691 ] } },
{ "type": "Feature", "properties": { "layer": "solar_2024q2_10_4_2024 — solar", "COUNTRY": "Romania", "construction_year": 2017, "construction_quarter": 4, "landcover_in_2018": "landcover_10", "area": 148768.69666840287, "area_ha": 14.868201973626503 }, "geometry": { "type": "Point", "coordinates": [ 25.8324723417558, 43.958818493458907 ] } },
{ "type": "Feature", "properties": { "layer": "solar_2024q2_10_4_2024 — solar", "COUNTRY": "Romania", "construction_year": 2017, "construction_quarter": 4, "landcover_in_2018": "landcover_10", "area": 138844.24082118663, "area_ha": 13.876522806926774 }, "geometry": { "type": "Point", "coordinates": [ 25.794186950078746, 43.878146135267436 ] } },
{ "type": "Feature", "properties": { "layer": "solar_2024q2_10_4_2024 — solar", "COUNTRY": "Romania", "construction_year": 2022, "construction_quarter": 2, "landcover_in_2018": "landcover_10", "area": 19638.365915551833, "area_ha": 1.9653508292834838 }, "geometry": { "type": "Point", "coordinates": [ 23.717858210870137, 46.2970036655991 ] } },
{ "type": "Feature", "properties": { "layer": "solar_2024q2_10_4_2024 — solar", "COUNTRY": "Romania", "construction_year": 2023, "construction_quarter": 1, "landcover_in_2018": "landcover_10", "area": 85853.905457611458, "area_ha": 8.5922601469184627 }, "geometry": { "type": "Point", "coordinates": [ 23.692179645978634, 46.223767577082711 ] } },
{ "type": "Feature", "properties": { "layer": "solar_2024q2_10_4_2024 — solar", "COUNTRY": "Romania", "construction_year": 2017, "construction_quarter": 4, "landcover_in_2018": "landcover_10", "area": 113334.09000854775, "area_ha": 11.327171541501063 }, "geometry": { "type": "Point", "coordinates": [ 25.729340676011873, 44.66270051385623 ] } },
{ "type": "Feature", "properties": { "layer": "solar_2024q2_10_4_2024 — solar", "COUNTRY": "Romania", "construction_year": 2017, "construction_quarter": 4, "landcover_in_2018": "landcover_10", "area": 10701.554212206454, "area_ha": 1.0714055212363434 }, "geometry": { "type": "Point", "coordinates": [ 23.479174860748593, 43.88765715082102 ] } },
{ "type": "Feature", "properties": { "layer": "solar_2024q2_10_4_2024 — solar", "COUNTRY": "Romania", "construction_year": 2023, "construction_quarter": 3, "landcover_in_2018": "landcover_10", "area": 58669.891661753027, "area_ha": 5.8707584722520751 }, "geometry": { "type": "Point", "coordinates": [ 23.840239088239873, 46.553131464780037 ] } },
{ "type": "Feature", "properties": { "layer": "solar_2024q2_10_4_2024 — solar", "COUNTRY": "Romania", "construction_year": 2017, "construction_quarter": 4, "landcover_in_2018": "landcover_10", "area": 89445.082559375107, "area_ha": 8.9501913334302277 }, "geometry": { "type": "Point", "coordinates": [ 23.848041529580858, 46.551828109611542 ] } },
{ "type": "Feature", "properties": { "layer": "solar_2024q2_10_4_2024 — solar", "COUNTRY": "Romania", "construction_year": 2017, "construction_quarter": 4, "landcover_in_2018": "landcover_10", "area": 118046.89851206796, "area_ha": 11.812229942189681 }, "geometry": { "type": "Point", "coordinates": [ 23.844550292461342, 46.546903362920702 ] } },
{ "type": "Feature", "properties": { "layer": "solar_2024q2_10_4_2024 — solar", "COUNTRY": "Romania", "construction_year": 2017, "construction_quarter": 4, "landcover_in_2018": "landcover_10", "area": 75174.504693598894, "area_ha": 7.5227631463544578 }, "geometry": { "type": "Point", "coordinates": [ 23.772327571943041, 46.519140470487436 ] } },
{ "type": "Feature", "properties": { "layer": "solar_2024q2_10_4_2024 — solar", "COUNTRY": "Romania", "construction_year": 2017, "construction_quarter": 4, "landcover_in_2018": "landcover_10", "area": 30255.287653060335, "area_ha": 3.025373514385659 }, "geometry": { "type": "Point", "coordinates": [ 24.71414217430312, 46.773167019531343 ] } },
{ "type": "Feature", "properties": { "layer": "solar_2024q2_10_4_2024 — solar", "COUNTRY": "Romania", "construction_year": 2018, "construction_quarter": 1, "landcover_in_2018": "landcover_10", "area": 45345.03921610934, "area_ha": 4.5526889215102893 }, "geometry": { "type": "Point", "coordinates": [ 21.283641670689811, 46.071193638832852 ] } },
{ "type": "Feature", "properties": { "layer": "solar_2024q2_10_4_2024 — solar", "COUNTRY": "Romania", "construction_year": 2017, "construction_quarter": 4, "landcover_in_2018": "landcover_10", "area": 122262.5301032867, "area_ha": 12.244954912182791 }, "geometry": { "type": "Point", "coordinates": [ 22.963905544493169, 46.832595619866439 ] } },
{ "type": "Feature", "properties": { "layer": "solar_2024q2_10_4_2024 — solar", "COUNTRY": "Romania", "construction_year": 2017, "construction_quarter": 4, "landcover_in_2018": "landcover_10", "area": 49810.63017467285, "area_ha": 4.9806271618420181 }, "geometry": { "type": "Point", "coordinates": [ 24.767599896610644, 46.831752547529291 ] } },
{ "type": "Feature", "properties": { "layer": "solar_2024q2_10_4_2024 — solar", "COUNTRY": "Romania", "construction_year": 2017, "construction_quarter": 4, "landcover_in_2018": "landcover_10", "area": 122624.68180483213, "area_ha": 12.253069458966365 }, "geometry": { "type": "Point", "coordinates": [ 26.535756389725822, 44.663384269988548 ] } },
{ "type": "Feature", "properties": { "layer": "solar_2024q2_10_4_2024 — solar", "COUNTRY": "Romania", "construction_year": 2017, "construction_quarter": 4, "landcover_in_2018": "landcover_10", "area": 35322.651885656705, "area_ha": 3.5330467849140348 }, "geometry": { "type": "Point", "coordinates": [ 24.330346100822958, 46.771930571519789 ] } },
{ "type": "Feature", "properties": { "layer": "solar_2024q2_10_4_2024 — solar", "COUNTRY": "Romania", "construction_year": 2017, "construction_quarter": 4, "landcover_in_2018": "landcover_10", "area": 29270.897335227564, "area_ha": 2.9276449108605904 }, "geometry": { "type": "Point", "coordinates": [ 24.375367554065381, 46.702737672792168 ] } },
{ "type": "Feature", "properties": { "layer": "solar_2024q2_10_4_2024 — solar", "COUNTRY": "Romania", "construction_year": 2017, "construction_quarter": 4, "landcover_in_2018": "landcover_10", "area": 22023.66985485753, "area_ha": 2.2027898639500814 }, "geometry": { "type": "Point", "coordinates": [ 24.372298319997356, 46.70187177957618 ] } },
{ "type": "Feature", "properties": { "layer": "solar_2024q2_10_4_2024 — solar", "COUNTRY": "Romania", "construction_year": 2017, "construction_quarter": 4, "landcover_in_2018": "landcover_10", "area": 26911.16931514016, "area_ha": 2.6890956719367205 }, "geometry": { "type": "Point", "coordinates": [ 26.434860724322533, 45.008505956642338 ] } },
{ "type": "Feature", "properties": { "layer": "solar_2024q2_10_4_2024 — solar", "COUNTRY": "Romania", "construction_year": 2017, "construction_quarter": 4, "landcover_in_2018": "landcover_10", "area": 21573.429657582597, "area_ha": 2.15572604265473 }, "geometry": { "type": "Point", "coordinates": [ 26.425752428461166, 45.006976521466321 ] } },
{ "type": "Feature", "properties": { "layer": "solar_2024q2_10_4_2024 — solar", "COUNTRY": "Romania", "construction_year": 2017, "construction_quarter": 4, "landcover_in_2018": "landcover_10", "area": 11545.828559828016, "area_ha": 1.1537171729349249 }, "geometry": { "type": "Point", "coordinates": [ 26.427293234643717, 45.005852592655827 ] } },
{ "type": "Feature", "properties": { "layer": "solar_2024q2_10_4_2024 — solar", "COUNTRY": "Romania", "construction_year": 2018, "construction_quarter": 1, "landcover_in_2018": "landcover_10", "area": 41046.342924113807, "area_ha": 4.1015688497979292 }, "geometry": { "type": "Point", "coordinates": [ 26.411178787577001, 44.983867986244945 ] } },
{ "type": "Feature", "properties": { "layer": "solar_2024q2_10_4_2024 — solar", "COUNTRY": "Romania", "construction_year": 2017, "construction_quarter": 4, "landcover_in_2018": "landcover_10", "area": 134169.3250186104, "area_ha": 13.40675450115017 }, "geometry": { "type": "Point", "coordinates": [ 26.480413246231787, 44.983679643409552 ] } },
{ "type": "Feature", "properties": { "layer": "solar_2024q2_10_4_2024 — solar", "COUNTRY": "Romania", "construction_year": 2017, "construction_quarter": 4, "landcover_in_2018": "landcover_10", "area": 15500.455011928374, "area_ha": 1.5573221613889296 }, "geometry": { "type": "Point", "coordinates": [ 20.907914855393454, 45.917831836233418 ] } },
{ "type": "Feature", "properties": { "layer": "solar_2024q2_10_4_2024 — solar", "COUNTRY": "Romania", "construction_year": 2017, "construction_quarter": 4, "landcover_in_2018": "landcover_10", "area": 89580.915930343646, "area_ha": 8.964027951054053 }, "geometry": { "type": "Point", "coordinates": [ 23.793447346952806, 46.968246776616255 ] } },
{ "type": "Feature", "properties": { "layer": "solar_2024q2_10_4_2024 — solar", "COUNTRY": "Romania", "construction_year": 2017, "construction_quarter": 4, "landcover_in_2018": "landcover_10", "area": 84108.848145499593, "area_ha": 8.4165679607968276 }, "geometry": { "type": "Point", "coordinates": [ 23.782336158873782, 46.936374807814317 ] } },
{ "type": "Feature", "properties": { "layer": "solar_2024q2_10_4_2024 — solar", "COUNTRY": "Romania", "construction_year": 2017, "construction_quarter": 4, "landcover_in_2018": "landcover_10", "area": 18511.991930334934, "area_ha": 1.8525581239021292 }, "geometry": { "type": "Point", "coordinates": [ 23.874331728289953, 44.209579305093541 ] } },
{ "type": "Feature", "properties": { "layer": "solar_2024q2_10_4_2024 — solar", "COUNTRY": "Romania", "construction_year": 2018, "construction_quarter": 1, "landcover_in_2018": "landcover_10", "area": 57804.065047479089, "area_ha": 5.777637278716913 }, "geometry": { "type": "Point", "coordinates": [ 25.555581463085971, 44.790435216778206 ] } },
{ "type": "Feature", "properties": { "layer": "solar_2024q2_10_4_2024 — solar", "COUNTRY": "Romania", "construction_year": 2017, "construction_quarter": 4, "landcover_in_2018": "landcover_10", "area": 46642.065291350737, "area_ha": 4.6646382742437575 }, "geometry": { "type": "Point", "coordinates": [ 24.514906770949231, 46.540585026772781 ] } },
{ "type": "Feature", "properties": { "layer": "solar_2024q2_10_4_2024 — solar", "COUNTRY": "Romania", "construction_year": 2017, "construction_quarter": 4, "landcover_in_2018": "landcover_10", "area": 31072.260421750307, "area_ha": 3.116820415705702 }, "geometry": { "type": "Point", "coordinates": [ 21.780489924084989, 46.9007011059485 ] } },
{ "type": "Feature", "properties": { "layer": "solar_2024q2_10_4_2024 — solar", "COUNTRY": "Romania", "construction_year": 2017, "construction_quarter": 4, "landcover_in_2018": "landcover_10", "area": 53406.230131192729, "area_ha": 5.3572636033940153 }, "geometry": { "type": "Point", "coordinates": [ 21.76757636755115, 46.840104315109222 ] } },
{ "type": "Feature", "properties": { "layer": "solar_2024q2_10_4_2024 — solar", "COUNTRY": "Romania", "construction_year": 2017, "construction_quarter": 4, "landcover_in_2018": "landcover_130", "area": 114588.65981992066, "area_ha": 11.4965824739244 }, "geometry": { "type": "Point", "coordinates": [ 21.653189334578823, 46.82528088918523 ] } },
{ "type": "Feature", "properties": { "layer": "solar_2024q2_10_4_2024 — solar", "COUNTRY": "Romania", "construction_year": 2017, "construction_quarter": 4, "landcover_in_2018": "landcover_10", "area": 84575.107391542246, "area_ha": 8.4508481783930502 }, "geometry": { "type": "Point", "coordinates": [ 26.704296889460053, 47.743743995254363 ] } },
{ "type": "Feature", "properties": { "layer": "solar_2024q2_10_4_2024 — solar", "COUNTRY": "Romania", "construction_year": 2017, "construction_quarter": 4, "landcover_in_2018": "landcover_10", "area": 134914.92130475715, "area_ha": 13.508785495418639 }, "geometry": { "type": "Point", "coordinates": [ 23.370198981144867, 44.031430290891009 ] } },
{ "type": "Feature", "properties": { "layer": "solar_2024q2_10_4_2024 — solar", "COUNTRY": "Romania", "construction_year": 2017, "construction_quarter": 4, "landcover_in_2018": "landcover_190", "area": 66698.074804250951, "area_ha": 6.6784356124177631 }, "geometry": { "type": "Point", "coordinates": [ 23.35997770178658, 44.030828048860194 ] } },
{ "type": "Feature", "properties": { "layer": "solar_2024q2_10_4_2024 — solar", "COUNTRY": "Romania", "construction_year": 2017, "construction_quarter": 4, "landcover_in_2018": "landcover_10", "area": 329366.32063322538, "area_ha": 32.910482143726746 }, "geometry": { "type": "Point", "coordinates": [ 26.815593627375232, 44.479745929834102 ] } },
{ "type": "Feature", "properties": { "layer": "solar_2024q2_10_4_2024 — solar", "COUNTRY": "Romania", "construction_year": 2017, "construction_quarter": 4, "landcover_in_2018": "landcover_10", "area": 53934.435175035484, "area_ha": 5.392483484058241 }, "geometry": { "type": "Point", "coordinates": [ 24.927190130602089, 46.496146849259723 ] } },
{ "type": "Feature", "properties": { "layer": "solar_2024q2_10_4_2024 — solar", "COUNTRY": "Romania", "construction_year": 2017, "construction_quarter": 4, "landcover_in_2018": "landcover_10", "area": 72571.117064433492, "area_ha": 7.2560577580493746 }, "geometry": { "type": "Point", "coordinates": [ 24.87514198753647, 46.4490167061142 ] } },
{ "type": "Feature", "properties": { "layer": "solar_2024q2_10_4_2024 — solar", "COUNTRY": "Romania", "construction_year": 2017, "construction_quarter": 4, "landcover_in_2018": "landcover_10", "area": 295294.11254132976, "area_ha": 29.556699990061169 }, "geometry": { "type": "Point", "coordinates": [ 23.684482444782603, 44.219671737872254 ] } },
{ "type": "Feature", "properties": { "layer": "solar_2024q2_10_4_2024 — solar", "COUNTRY": "Romania", "construction_year": 2017, "construction_quarter": 4, "landcover_in_2018": "landcover_10", "area": 40534.741381361921, "area_ha": 4.0572035994917481 }, "geometry": { "type": "Point", "coordinates": [ 23.675373769402068, 44.214263326384803 ] } },
{ "type": "Feature", "properties": { "layer": "solar_2024q2_10_4_2024 — solar", "COUNTRY": "Romania", "construction_year": 2017, "construction_quarter": 4, "landcover_in_2018": "landcover_10", "area": 88286.998270210141, "area_ha": 8.8224085817854903 }, "geometry": { "type": "Point", "coordinates": [ 26.244254236756941, 44.985650952970289 ] } },
{ "type": "Feature", "properties": { "layer": "solar_2024q2_10_4_2024 — solar", "COUNTRY": "Romania", "construction_year": 2017, "construction_quarter": 4, "landcover_in_2018": "landcover_10", "area": 25564.813343941023, "area_ha": 2.5546582878398381 }, "geometry": { "type": "Point", "coordinates": [ 26.246549195368956, 44.983006932328678 ] } },
{ "type": "Feature", "properties": { "layer": "solar_2024q2_10_4_2024 — solar", "COUNTRY": "Romania", "construction_year": 2017, "construction_quarter": 4, "landcover_in_2018": "landcover_10", "area": 93468.893318995382, "area_ha": 9.3415168033140894 }, "geometry": { "type": "Point", "coordinates": [ 25.795717430992763, 44.53860793463538 ] } },
{ "type": "Feature", "properties": { "layer": "solar_2024q2_10_4_2024 — solar", "COUNTRY": "Romania", "construction_year": 2017, "construction_quarter": 4, "landcover_in_2018": "landcover_10", "area": 20102.734669864039, "area_ha": 2.0091184794306862 }, "geometry": { "type": "Point", "coordinates": [ 25.796484690240469, 44.472064922488777 ] } },
{ "type": "Feature", "properties": { "layer": "solar_2024q2_10_4_2024 — solar", "COUNTRY": "Romania", "construction_year": 2017, "construction_quarter": 4, "landcover_in_2018": "landcover_60", "area": 17669.807524562231, "area_ha": 1.7735262521382356 }, "geometry": { "type": "Point", "coordinates": [ 21.48744825669668, 45.876640541551872 ] } },
{ "type": "Feature", "properties": { "layer": "solar_2024q2_10_4_2024 — solar", "COUNTRY": "Romania", "construction_year": 2017, "construction_quarter": 4, "landcover_in_2018": "landcover_10", "area": 112517.21546624591, "area_ha": 11.245479787542893 }, "geometry": { "type": "Point", "coordinates": [ 25.717394682669813, 45.695841803366243 ] } },
{ "type": "Feature", "properties": { "layer": "solar_2024q2_10_4_2024 — solar", "COUNTRY": "Romania", "construction_year": 2017, "construction_quarter": 4, "landcover_in_2018": "landcover_10", "area": 23464.448195770037, "area_ha": 2.3451664026684718 }, "geometry": { "type": "Point", "coordinates": [ 25.691788274700688, 45.694534543976424 ] } },
{ "type": "Feature", "properties": { "layer": "solar_2024q2_10_4_2024 — solar", "COUNTRY": "Romania", "construction_year": 2017, "construction_quarter": 4, "landcover_in_2018": "landcover_10", "area": 18699.306832113929, "area_ha": 1.8689112271930437 }, "geometry": { "type": "Point", "coordinates": [ 25.692714972075287, 45.692654906919138 ] } },
{ "type": "Feature", "properties": { "layer": "solar_2024q2_10_4_2024 — solar", "COUNTRY": "Romania", "construction_year": 2017, "construction_quarter": 4, "landcover_in_2018": "landcover_10", "area": 56263.447991679801, "area_ha": 5.6232604622429649 }, "geometry": { "type": "Point", "coordinates": [ 25.700576405242249, 45.687847746366714 ] } },
{ "type": "Feature", "properties": { "layer": "solar_2024q2_10_4_2024 — solar", "COUNTRY": "Romania", "construction_year": 2017, "construction_quarter": 4, "landcover_in_2018": "landcover_130", "area": 21943.434381181702, "area_ha": 2.1966049883232328 }, "geometry": { "type": "Point", "coordinates": [ 23.538770418748246, 45.000492284937813 ] } },
{ "type": "Feature", "properties": { "layer": "solar_2024q2_10_4_2024 — solar", "COUNTRY": "Romania", "construction_year": 2017, "construction_quarter": 4, "landcover_in_2018": "landcover_10", "area": 400789.36525206885, "area_ha": 40.120387998290958 }, "geometry": { "type": "Point", "coordinates": [ 23.539382818711598, 44.932223108761193 ] } },
{ "type": "Feature", "properties": { "layer": "solar_2024q2_10_4_2024 — solar", "COUNTRY": "Romania", "construction_year": 2017, "construction_quarter": 4, "landcover_in_2018": "landcover_10", "area": 20039.076349504154, "area_ha": 2.0058707686051478 }, "geometry": { "type": "Point", "coordinates": [ 23.430706937841897, 47.450144385236172 ] } },
{ "type": "Feature", "properties": { "layer": "solar_2024q2_10_4_2024 — solar", "COUNTRY": "Romania", "construction_year": 2017, "construction_quarter": 4, "landcover_in_2018": "landcover_10", "area": 14738.339544106759, "area_ha": 1.4729794260492497 }, "geometry": { "type": "Point", "coordinates": [ 25.815498155483056, 44.230268158145392 ] } },
{ "type": "Feature", "properties": { "layer": "solar_2024q2_10_4_2024 — solar", "COUNTRY": "Romania", "construction_year": 2017, "construction_quarter": 4, "landcover_in_2018": "landcover_10", "area": 141317.9344975554, "area_ha": 14.121280534626928 }, "geometry": { "type": "Point", "coordinates": [ 26.397018949706109, 44.793333132952924 ] } },
{ "type": "Feature", "properties": { "layer": "solar_2024q2_10_4_2024 — solar", "COUNTRY": "Romania", "construction_year": 2017, "construction_quarter": 4, "landcover_in_2018": "landcover_10", "area": 15895.195682761159, "area_ha": 1.5883112042496887 }, "geometry": { "type": "Point", "coordinates": [ 26.492927997444419, 44.729486797160185 ] } },
{ "type": "Feature", "properties": { "layer": "solar_2024q2_10_4_2024 — solar", "COUNTRY": "Romania", "construction_year": 2017, "construction_quarter": 4, "landcover_in_2018": "landcover_10", "area": 54189.968527711906, "area_ha": 5.4424094233627329 }, "geometry": { "type": "Point", "coordinates": [ 21.125826980759328, 45.849789167021001 ] } },
{ "type": "Feature", "properties": { "layer": "solar_2024q2_10_4_2024 — solar", "COUNTRY": "Romania", "construction_year": 2017, "construction_quarter": 4, "landcover_in_2018": "landcover_10", "area": 16951.527678588271, "area_ha": 1.694886006296664 }, "geometry": { "type": "Point", "coordinates": [ 24.978802347470644, 44.088098984452579 ] } },
{ "type": "Feature", "properties": { "layer": "solar_2024q2_10_4_2024 — solar", "COUNTRY": "Romania", "construction_year": 2017, "construction_quarter": 4, "landcover_in_2018": "landcover_10", "area": 59440.882530964707, "area_ha": 5.9399118025157653 }, "geometry": { "type": "Point", "coordinates": [ 27.796608339580516, 44.905684974999822 ] } },
{ "type": "Feature", "properties": { "layer": "solar_2024q2_10_4_2024 — solar", "COUNTRY": "Romania", "construction_year": 2017, "construction_quarter": 4, "landcover_in_2018": "landcover_130", "area": 79400.608624840315, "area_ha": 7.934528910640128 }, "geometry": { "type": "Point", "coordinates": [ 27.820714234613572, 44.899725635139447 ] } },
{ "type": "Feature", "properties": { "layer": "solar_2024q2_10_4_2024 — solar", "COUNTRY": "Romania", "construction_year": 2017, "construction_quarter": 4, "landcover_in_2018": "landcover_130", "area": 71551.196631234474, "area_ha": 7.1501300006332986 }, "geometry": { "type": "Point", "coordinates": [ 27.82058617977102, 44.89733389781258 ] } },
{ "type": "Feature", "properties": { "layer": "solar_2024q2_10_4_2024 — solar", "COUNTRY": "Romania", "construction_year": 2017, "construction_quarter": 4, "landcover_in_2018": "landcover_10", "area": 48034.957705814937, "area_ha": 4.8006213555295627 }, "geometry": { "type": "Point", "coordinates": [ 25.866447520693423, 44.244331258408486 ] } },
{ "type": "Feature", "properties": { "layer": "solar_2024q2_10_4_2024 — solar", "COUNTRY": "Romania", "construction_year": 2017, "construction_quarter": 4, "landcover_in_2018": "landcover_10", "area": 25571.03755559272, "area_ha": 2.5555174777267533 }, "geometry": { "type": "Point", "coordinates": [ 25.930314697899647, 44.221691045509672 ] } },
{ "type": "Feature", "properties": { "layer": "solar_2024q2_10_4_2024 — solar", "COUNTRY": "Romania", "construction_year": 2018, "construction_quarter": 2, "landcover_in_2018": "landcover_10", "area": 163912.84347497177, "area_ha": 16.383628330797293 }, "geometry": { "type": "Point", "coordinates": [ 28.482781043609233, 45.248492054787306 ] } },
{ "type": "Feature", "properties": { "layer": "solar_2024q2_10_4_2024 — solar", "COUNTRY": "Romania", "construction_year": 2017, "construction_quarter": 4, "landcover_in_2018": "landcover_10", "area": 41175.389835167523, "area_ha": 4.115272244927211 }, "geometry": { "type": "Point", "coordinates": [ 25.70487393795344, 45.760142940130301 ] } },
{ "type": "Feature", "properties": { "layer": "solar_2024q2_10_4_2024 — solar", "COUNTRY": "Romania", "construction_year": 2017, "construction_quarter": 4, "landcover_in_2018": "landcover_10", "area": 51712.252385824235, "area_ha": 5.1674157601538679 }, "geometry": { "type": "Point", "coordinates": [ 27.644856048889547, 45.122337282185725 ] } },
{ "type": "Feature", "properties": { "layer": "solar_2024q2_10_4_2024 — solar", "COUNTRY": "Romania", "construction_year": 2017, "construction_quarter": 4, "landcover_in_2018": "landcover_190", "area": 51306.106961338468, "area_ha": 5.1314955559113065 }, "geometry": { "type": "Point", "coordinates": [ 24.409314837585288, 46.472633290998232 ] } },
{ "type": "Feature", "properties": { "layer": "solar_2024q2_10_4_2024 — solar", "COUNTRY": "Romania", "construction_year": 2017, "construction_quarter": 4, "landcover_in_2018": "landcover_10", "area": 144374.1558083946, "area_ha": 14.440182818438403 }, "geometry": { "type": "Point", "coordinates": [ 24.383965720899166, 46.469308361274734 ] } },
{ "type": "Feature", "properties": { "layer": "solar_2024q2_10_4_2024 — solar", "COUNTRY": "Romania", "construction_year": 2017, "construction_quarter": 4, "landcover_in_2018": "landcover_10", "area": 32128.231105587314, "area_ha": 3.2105283551834392 }, "geometry": { "type": "Point", "coordinates": [ 26.257391389325754, 44.526271114699412 ] } },
{ "type": "Feature", "properties": { "layer": "solar_2024q2_10_4_2024 — solar", "COUNTRY": "Romania", "construction_year": 2017, "construction_quarter": 4, "landcover_in_2018": "landcover_10", "area": 119941.77925729411, "area_ha": 12.014802806864745 }, "geometry": { "type": "Point", "coordinates": [ 22.728961739853276, 47.748697488531377 ] } },
{ "type": "Feature", "properties": { "layer": "solar_2024q2_10_4_2024 — solar", "COUNTRY": "Romania", "construction_year": 2017, "construction_quarter": 4, "landcover_in_2018": "landcover_10", "area": 25389.75097153207, "area_ha": 2.5434797295399143 }, "geometry": { "type": "Point", "coordinates": [ 22.685769401442069, 47.715304265895377 ] } },
{ "type": "Feature", "properties": { "layer": "solar_2024q2_10_4_2024 — solar", "COUNTRY": "Romania", "construction_year": 2017, "construction_quarter": 4, "landcover_in_2018": "landcover_10", "area": 16946.819742359417, "area_ha": 1.6953530599441966 }, "geometry": { "type": "Point", "coordinates": [ 24.231852739656048, 44.403233212566647 ] } },
{ "type": "Feature", "properties": { "layer": "solar_2024q2_10_4_2024 — solar", "COUNTRY": "Romania", "construction_year": 2017, "construction_quarter": 4, "landcover_in_2018": "landcover_10", "area": 280099.79688699055, "area_ha": 28.023434794306393 }, "geometry": { "type": "Point", "coordinates": [ 24.137021532377762, 44.362174723777102 ] } },
{ "type": "Feature", "properties": { "layer": "solar_2024q2_10_4_2024 — solar", "COUNTRY": "Romania", "construction_year": 2017, "construction_quarter": 4, "landcover_in_2018": "landcover_10", "area": 37652.551614891381, "area_ha": 3.7669143632506881 }, "geometry": { "type": "Point", "coordinates": [ 24.181806939357475, 44.36009078441716 ] } },
{ "type": "Feature", "properties": { "layer": "solar_2024q2_10_4_2024 — solar", "COUNTRY": "Romania", "construction_year": 2022, "construction_quarter": 2, "landcover_in_2018": "landcover_10", "area": 64221.894774532178, "area_ha": 6.4264768962011765 }, "geometry": { "type": "Point", "coordinates": [ 23.956365628391314, 43.948075582746938 ] } },
{ "type": "Feature", "properties": { "layer": "solar_2024q2_10_4_2024 — solar", "COUNTRY": "Romania", "construction_year": 2017, "construction_quarter": 4, "landcover_in_2018": "landcover_10", "area": 218067.92982987099, "area_ha": 21.818900739107573 }, "geometry": { "type": "Point", "coordinates": [ 24.078274788343354, 43.884999925175713 ] } },
{ "type": "Feature", "properties": { "layer": "solar_2024q2_10_4_2024 — solar", "COUNTRY": "Romania", "construction_year": 2022, "construction_quarter": 1, "landcover_in_2018": "landcover_10", "area": 55053.334863076874, "area_ha": 5.5088866919830402 }, "geometry": { "type": "Point", "coordinates": [ 23.984299898195982, 43.85265441390532 ] } },
{ "type": "Feature", "properties": { "layer": "solar_2024q2_10_4_2024 — solar", "COUNTRY": "Romania", "construction_year": 2021, "construction_quarter": 4, "landcover_in_2018": "landcover_10", "area": 26311.066070960886, "area_ha": 2.6389904222452798 }, "geometry": { "type": "Point", "coordinates": [ 21.822490260133794, 47.103198874178375 ] } },
{ "type": "Feature", "properties": { "layer": "solar_2024q2_10_4_2024 — solar", "COUNTRY": "Romania", "construction_year": 2017, "construction_quarter": 4, "landcover_in_2018": "landcover_130", "area": 171443.40732961553, "area_ha": 17.149595024432223 }, "geometry": { "type": "Point", "coordinates": [ 24.342585726183131, 44.271403346060936 ] } },
{ "type": "Feature", "properties": { "layer": "solar_2024q2_10_4_2024 — solar", "COUNTRY": "Romania", "construction_year": 2017, "construction_quarter": 4, "landcover_in_2018": "landcover_10", "area": 47744.89595602543, "area_ha": 4.7871560926302958 }, "geometry": { "type": "Point", "coordinates": [ 22.066915242793723, 47.049743744464081 ] } },
{ "type": "Feature", "properties": { "layer": "solar_2024q2_10_4_2024 — solar", "COUNTRY": "Romania", "construction_year": 2017, "construction_quarter": 4, "landcover_in_2018": "landcover_10", "area": 25314.344660675793, "area_ha": 2.5351788062546969 }, "geometry": { "type": "Point", "coordinates": [ 22.933125308690745, 47.803804064442851 ] } },
{ "type": "Feature", "properties": { "layer": "solar_2024q2_10_4_2024 — solar", "COUNTRY": "Romania", "construction_year": 2017, "construction_quarter": 4, "landcover_in_2018": "landcover_10", "area": 50353.843815133136, "area_ha": 5.0428215751876397 }, "geometry": { "type": "Point", "coordinates": [ 22.935553645400862, 47.80207370983716 ] } },
{ "type": "Feature", "properties": { "layer": "solar_2024q2_10_4_2024 — solar", "COUNTRY": "Romania", "construction_year": 2022, "construction_quarter": 4, "landcover_in_2018": "landcover_10", "area": 23184.298991944826, "area_ha": 2.3271408090331267 }, "geometry": { "type": "Point", "coordinates": [ 21.426253193852549, 46.162007184979906 ] } },
{ "type": "Feature", "properties": { "layer": "solar_2024q2_10_4_2024 — solar", "COUNTRY": "Romania", "construction_year": 2017, "construction_quarter": 4, "landcover_in_2018": "landcover_10", "area": 19216.5692111727, "area_ha": 1.9288662886819052 }, "geometry": { "type": "Point", "coordinates": [ 21.430757588869291, 46.150966043124512 ] } },
{ "type": "Feature", "properties": { "layer": "solar_2024q2_10_4_2024 — solar", "COUNTRY": "Romania", "construction_year": 2017, "construction_quarter": 4, "landcover_in_2018": "landcover_10", "area": 69211.936212256478, "area_ha": 6.9471016091641591 }, "geometry": { "type": "Point", "coordinates": [ 21.440874458929144, 46.101127344888056 ] } },
{ "type": "Feature", "properties": { "layer": "solar_2024q2_10_4_2024 — solar", "COUNTRY": "Romania", "construction_year": 2017, "construction_quarter": 4, "landcover_in_2018": "landcover_10", "area": 57612.590658291643, "area_ha": 5.7606159892846112 }, "geometry": { "type": "Point", "coordinates": [ 24.921233933202785, 43.780126096407216 ] } },
{ "type": "Feature", "properties": { "layer": "solar_2024q2_10_4_2024 — solar", "COUNTRY": "Romania", "construction_year": 2017, "construction_quarter": 4, "landcover_in_2018": "landcover_10", "area": 220904.25314777004, "area_ha": 22.102583915547768 }, "geometry": { "type": "Point", "coordinates": [ 24.06912716124425, 44.174499459652083 ] } },
{ "type": "Feature", "properties": { "layer": "solar_2024q2_10_4_2024 — solar", "COUNTRY": "Romania", "construction_year": 2017, "construction_quarter": 4, "landcover_in_2018": "landcover_10", "area": 210344.23140060826, "area_ha": 21.08163153637544 }, "geometry": { "type": "Point", "coordinates": [ 22.582731609752297, 44.410592848594099 ] } },
{ "type": "Feature", "properties": { "layer": "solar_2024q2_10_4_2024 — solar", "COUNTRY": "Romania", "construction_year": 2017, "construction_quarter": 4, "landcover_in_2018": "landcover_10", "area": 50676.507101800678, "area_ha": 5.0644927415314003 }, "geometry": { "type": "Point", "coordinates": [ 25.924922390022953, 44.967945156888341 ] } },
{ "type": "Feature", "properties": { "layer": "solar_2024q2_10_4_2024 — solar", "COUNTRY": "Romania", "construction_year": 2017, "construction_quarter": 4, "landcover_in_2018": "landcover_10", "area": 48453.267998225376, "area_ha": 4.8422683511151847 }, "geometry": { "type": "Point", "coordinates": [ 25.887483102760292, 44.965307875420571 ] } },
{ "type": "Feature", "properties": { "layer": "solar_2024q2_10_4_2024 — solar", "COUNTRY": "Romania", "construction_year": 2017, "construction_quarter": 4, "landcover_in_2018": "landcover_10", "area": 63275.431083666692, "area_ha": 6.3523613475001115 }, "geometry": { "type": "Point", "coordinates": [ 21.317838146774228, 46.244220415922264 ] } },
{ "type": "Feature", "properties": { "layer": "solar_2024q2_10_4_2024 — solar", "COUNTRY": "Romania", "construction_year": 2017, "construction_quarter": 4, "landcover_in_2018": "landcover_10", "area": 76222.037061554845, "area_ha": 7.6216696306058989 }, "geometry": { "type": "Point", "coordinates": [ 24.828505143252599, 44.6212937419551 ] } },
{ "type": "Feature", "properties": { "layer": "solar_2024q2_10_4_2024 — solar", "COUNTRY": "Romania", "construction_year": 2017, "construction_quarter": 4, "landcover_in_2018": "landcover_10", "area": 35390.896310873221, "area_ha": 3.5368493952612816 }, "geometry": { "type": "Point", "coordinates": [ 25.973388515057387, 43.934850870930383 ] } },
{ "type": "Feature", "properties": { "layer": "solar_2024q2_10_4_2024 — solar", "COUNTRY": "Romania", "construction_year": 2017, "construction_quarter": 4, "landcover_in_2018": "landcover_10", "area": 152703.82131219286, "area_ha": 15.261261148332709 }, "geometry": { "type": "Point", "coordinates": [ 25.86971852860108, 43.903501422912811 ] } },
{ "type": "Feature", "properties": { "layer": "solar_2024q2_10_4_2024 — solar", "COUNTRY": "Romania", "construction_year": 2017, "construction_quarter": 4, "landcover_in_2018": "landcover_10", "area": 979390.88807147031, "area_ha": 97.88005752701622 }, "geometry": { "type": "Point", "coordinates": [ 25.885646140597657, 43.874489925699102 ] } },
{ "type": "Feature", "properties": { "layer": "solar_2024q2_10_4_2024 — solar", "COUNTRY": "Romania", "construction_year": 2017, "construction_quarter": 4, "landcover_in_2018": "landcover_10", "area": 34702.73330635883, "area_ha": 3.4682332424973059 }, "geometry": { "type": "Point", "coordinates": [ 25.844998967458057, 43.844310142431659 ] } },
{ "type": "Feature", "properties": { "layer": "solar_2024q2_10_4_2024 — solar", "COUNTRY": "Romania", "construction_year": 2017, "construction_quarter": 4, "landcover_in_2018": "landcover_10", "area": 83902.060694292159, "area_ha": 8.3892210235642466 }, "geometry": { "type": "Point", "coordinates": [ 24.888390323483588, 44.946621789611996 ] } },
{ "type": "Feature", "properties": { "layer": "solar_2024q2_10_4_2024 — solar", "COUNTRY": "Romania", "construction_year": 2021, "construction_quarter": 3, "landcover_in_2018": "landcover_10", "area": 19243.266318757207, "area_ha": 1.9240524994274499 }, "geometry": { "type": "Point", "coordinates": [ 24.930558416374705, 44.856584505371927 ] } },
{ "type": "Feature", "properties": { "layer": "solar_2024q2_10_4_2024 — solar", "COUNTRY": "Romania", "construction_year": 2017, "construction_quarter": 4, "landcover_in_2018": "landcover_10", "area": 19186.352255699941, "area_ha": 1.9183897668678525 }, "geometry": { "type": "Point", "coordinates": [ 24.907820219114321, 44.855941142912478 ] } },
{ "type": "Feature", "properties": { "layer": "solar_2024q2_10_4_2024 — solar", "COUNTRY": "Romania", "construction_year": 2017, "construction_quarter": 4, "landcover_in_2018": "landcover_10", "area": 16569.235491823008, "area_ha": 1.6602466121434361 }, "geometry": { "type": "Point", "coordinates": [ 22.498905494992215, 47.686253680586773 ] } },
{ "type": "Feature", "properties": { "layer": "solar_2024q2_10_4_2024 — solar", "COUNTRY": "Romania", "construction_year": 2023, "construction_quarter": 1, "landcover_in_2018": "landcover_130", "area": 35992.865018338278, "area_ha": 3.6115826036616783 }, "geometry": { "type": "Point", "coordinates": [ 21.612623967934386, 46.424286736850092 ] } },
{ "type": "Feature", "properties": { "layer": "solar_2024q2_10_4_2024 — solar", "COUNTRY": "Romania", "construction_year": 2018, "construction_quarter": 1, "landcover_in_2018": "landcover_10", "area": 13074.931280288738, "area_ha": 1.306660374843561 }, "geometry": { "type": "Point", "coordinates": [ 25.981981005293537, 44.149891792337449 ] } },
{ "type": "Feature", "properties": { "layer": "solar_2024q2_10_4_2024 — solar", "COUNTRY": "Romania", "construction_year": 2018, "construction_quarter": 2, "landcover_in_2018": "landcover_10", "area": 99801.684792574626, "area_ha": 9.9737480965087357 }, "geometry": { "type": "Point", "coordinates": [ 26.002688663925049, 44.126817325192562 ] } },
{ "type": "Feature", "properties": { "layer": "solar_2024q2_10_4_2024 — solar", "COUNTRY": "Romania", "construction_year": 2022, "construction_quarter": 4, "landcover_in_2018": "landcover_10", "area": 1039303.03406761, "area_ha": 103.86438418600864 }, "geometry": { "type": "Point", "coordinates": [ 25.974905589308033, 44.093220597548083 ] } },
{ "type": "Feature", "properties": { "layer": "solar_2024q2_10_4_2024 — solar", "COUNTRY": "Romania", "construction_year": 2017, "construction_quarter": 4, "landcover_in_2018": "landcover_10", "area": 59615.245012523432, "area_ha": 5.9615970696292422 }, "geometry": { "type": "Point", "coordinates": [ 24.600984715580406, 47.178996697152442 ] } },
{ "type": "Feature", "properties": { "layer": "solar_2024q2_10_4_2024 — solar", "COUNTRY": "Romania", "construction_year": 2017, "construction_quarter": 4, "landcover_in_2018": "landcover_10", "area": 19922.851047962347, "area_ha": 1.9921967172851969 }, "geometry": { "type": "Point", "coordinates": [ 24.710644336251445, 46.60848050479396 ] } },
{ "type": "Feature", "properties": { "layer": "solar_2024q2_10_4_2024 — solar", "COUNTRY": "Romania", "construction_year": 2023, "construction_quarter": 3, "landcover_in_2018": "landcover_10", "area": 81136.959025944467, "area_ha": 8.1499211612822666 }, "geometry": { "type": "Point", "coordinates": [ 21.038112020750237, 45.902659519997833 ] } },
{ "type": "Feature", "properties": { "layer": "solar_2024q2_10_4_2024 — solar", "COUNTRY": "Romania", "construction_year": 2017, "construction_quarter": 4, "landcover_in_2018": "landcover_10", "area": 27324.249892426495, "area_ha": 2.7374212198781178 }, "geometry": { "type": "Point", "coordinates": [ 22.660319881378751, 47.483984408735758 ] } },
{ "type": "Feature", "properties": { "layer": "solar_2024q2_10_4_2024 — solar", "COUNTRY": "Romania", "construction_year": 2022, "construction_quarter": 2, "landcover_in_2018": "landcover_10", "area": 19756.314220259857, "area_ha": 1.9747050457143753 }, "geometry": { "type": "Point", "coordinates": [ 25.53125344306433, 44.877813133953502 ] } },
{ "type": "Feature", "properties": { "layer": "solar_2024q2_10_4_2024 — solar", "COUNTRY": "Romania", "construction_year": 2017, "construction_quarter": 4, "landcover_in_2018": "landcover_10", "area": 137983.26658727342, "area_ha": 13.813622522983644 }, "geometry": { "type": "Point", "coordinates": [ 23.5242257075301, 44.043782712843324 ] } },
{ "type": "Feature", "properties": { "layer": "solar_2024q2_10_4_2024 — solar", "COUNTRY": "Romania", "construction_year": 2017, "construction_quarter": 4, "landcover_in_2018": "landcover_10", "area": 90480.000683006423, "area_ha": 9.0580730906006437 }, "geometry": { "type": "Point", "coordinates": [ 23.521413436824602, 44.009994580185577 ] } },
{ "type": "Feature", "properties": { "layer": "solar_2024q2_10_4_2024 — solar", "COUNTRY": "Romania", "construction_year": 2017, "construction_quarter": 4, "landcover_in_2018": "landcover_10", "area": 60121.001368862897, "area_ha": 6.0075025583620203 }, "geometry": { "type": "Point", "coordinates": [ 27.478027250617597, 44.814992441139523 ] } },
{ "type": "Feature", "properties": { "layer": "solar_2024q2_10_4_2024 — solar", "COUNTRY": "Romania", "construction_year": 2017, "construction_quarter": 4, "landcover_in_2018": "landcover_10", "area": 52445.54615343723, "area_ha": 5.2405610143257553 }, "geometry": { "type": "Point", "coordinates": [ 27.498376969714968, 44.804408440500026 ] } },
{ "type": "Feature", "properties": { "layer": "solar_2024q2_10_4_2024 — solar", "COUNTRY": "Romania", "construction_year": 2017, "construction_quarter": 4, "landcover_in_2018": "landcover_10", "area": 89525.02195850508, "area_ha": 8.9456952391342295 }, "geometry": { "type": "Point", "coordinates": [ 27.506699980247724, 44.795102320499545 ] } },
{ "type": "Feature", "properties": { "layer": "solar_2024q2_10_4_2024 — solar", "COUNTRY": "Romania", "construction_year": 2017, "construction_quarter": 4, "landcover_in_2018": "landcover_10", "area": 99211.038280959896, "area_ha": 9.9136267463182435 }, "geometry": { "type": "Point", "coordinates": [ 26.45864832529529, 44.320203441846317 ] } },
{ "type": "Feature", "properties": { "layer": "solar_2024q2_10_4_2024 — solar", "COUNTRY": "Romania", "construction_year": 2017, "construction_quarter": 4, "landcover_in_2018": "landcover_10", "area": 49658.610239002039, "area_ha": 4.9636810996985892 }, "geometry": { "type": "Point", "coordinates": [ 25.44367646180174, 45.681173188972153 ] } },
{ "type": "Feature", "properties": { "layer": "solar_2024q2_10_4_2024 — solar", "COUNTRY": "Romania", "construction_year": 2018, "construction_quarter": 1, "landcover_in_2018": "landcover_10", "area": 41470.567119955456, "area_ha": 4.1452543061097238 }, "geometry": { "type": "Point", "coordinates": [ 25.436933536285011, 45.604554557133575 ] } },
{ "type": "Feature", "properties": { "layer": "solar_2024q2_10_4_2024 — solar", "COUNTRY": "Romania", "construction_year": 2017, "construction_quarter": 4, "landcover_in_2018": "landcover_10", "area": 407590.9147591514, "area_ha": 40.746954028458461 }, "geometry": { "type": "Point", "coordinates": [ 25.200454100011761, 44.568544106863555 ] } },
{ "type": "Feature", "properties": { "layer": "solar_2024q2_10_4_2024 — solar", "COUNTRY": "Romania", "construction_year": 2020, "construction_quarter": 3, "landcover_in_2018": "landcover_10", "area": 64207.988971618608, "area_ha": 6.4185317191135418 }, "geometry": { "type": "Point", "coordinates": [ 25.303058430613763, 44.548393361334249 ] } },
{ "type": "Feature", "properties": { "layer": "solar_2024q2_10_4_2024 — solar", "COUNTRY": "Romania", "construction_year": 2017, "construction_quarter": 4, "landcover_in_2018": "landcover_10", "area": 22453.211870378105, "area_ha": 2.2445262427129737 }, "geometry": { "type": "Point", "coordinates": [ 25.305496344314385, 44.528561795059765 ] } },
{ "type": "Feature", "properties": { "layer": "solar_2024q2_10_4_2024 — solar", "COUNTRY": "Romania", "construction_year": 2017, "construction_quarter": 4, "landcover_in_2018": "landcover_10", "area": 23089.124437376973, "area_ha": 2.3107003501394225 }, "geometry": { "type": "Point", "coordinates": [ 23.693918281089729, 46.635730379692518 ] } },
{ "type": "Feature", "properties": { "layer": "solar_2024q2_10_4_2024 — solar", "COUNTRY": "Romania", "construction_year": 2017, "construction_quarter": 4, "landcover_in_2018": "landcover_10", "area": 43816.887922851798, "area_ha": 4.3964466203132782 }, "geometry": { "type": "Point", "coordinates": [ 21.678021174216784, 46.071765009329475 ] } },
{ "type": "Feature", "properties": { "layer": "solar_2024q2_10_4_2024 — solar", "COUNTRY": "Romania", "construction_year": 2017, "construction_quarter": 4, "landcover_in_2018": "landcover_10", "area": 16084.270505320037, "area_ha": 1.6072493991584489 }, "geometry": { "type": "Point", "coordinates": [ 27.669965791320152, 45.393312842537831 ] } },
{ "type": "Feature", "properties": { "layer": "solar_2024q2_10_4_2024 — solar", "COUNTRY": "Romania", "construction_year": 2017, "construction_quarter": 4, "landcover_in_2018": "landcover_10", "area": 51515.378818629411, "area_ha": 5.1687089864779656 }, "geometry": { "type": "Point", "coordinates": [ 21.630356927360744, 46.783869342906243 ] } },
{ "type": "Feature", "properties": { "layer": "solar_2024q2_10_4_2024 — solar", "COUNTRY": "Romania", "construction_year": 2017, "construction_quarter": 4, "landcover_in_2018": "landcover_10", "area": 95328.245655817387, "area_ha": 9.5253091301773072 }, "geometry": { "type": "Point", "coordinates": [ 26.725570793531258, 45.082990254231902 ] } },
{ "type": "Feature", "properties": { "layer": "solar_2024q2_10_4_2024 — solar", "COUNTRY": "Romania", "construction_year": 2017, "construction_quarter": 4, "landcover_in_2018": "landcover_10", "area": 32549.747862709144, "area_ha": 3.2524086476346388 }, "geometry": { "type": "Point", "coordinates": [ 26.725716878611035, 45.076344565743881 ] } },
{ "type": "Feature", "properties": { "layer": "solar_2024q2_10_4_2024 — solar", "COUNTRY": "Romania", "construction_year": 2017, "construction_quarter": 4, "landcover_in_2018": "landcover_130", "area": 21534.273526053035, "area_ha": 2.1517287324012817 }, "geometry": { "type": "Point", "coordinates": [ 26.726375680637286, 45.074523292211055 ] } },
{ "type": "Feature", "properties": { "layer": "solar_2024q2_10_4_2024 — solar", "COUNTRY": "Romania", "construction_year": 2022, "construction_quarter": 2, "landcover_in_2018": "landcover_10", "area": 19457.920928921787, "area_ha": 1.9482656839347048 }, "geometry": { "type": "Point", "coordinates": [ 23.314267317044006, 45.048051139869308 ] } },
{ "type": "Feature", "properties": { "layer": "solar_2024q2_10_4_2024 — solar", "COUNTRY": "Romania", "construction_year": 2017, "construction_quarter": 4, "landcover_in_2018": "landcover_190", "area": 59485.811563099211, "area_ha": 5.9490431323936912 }, "geometry": { "type": "Point", "coordinates": [ 24.550293910961699, 46.22427829211928 ] } },
{ "type": "Feature", "properties": { "layer": "solar_2024q2_10_4_2024 — solar", "COUNTRY": "Romania", "construction_year": 2017, "construction_quarter": 4, "landcover_in_2018": "landcover_130", "area": 155767.98177281505, "area_ha": 15.576432640701467 }, "geometry": { "type": "Point", "coordinates": [ 24.715237462393628, 45.75226626541631 ] } },
{ "type": "Feature", "properties": { "layer": "solar_2024q2_10_4_2024 — solar", "COUNTRY": "Romania", "construction_year": 2017, "construction_quarter": 4, "landcover_in_2018": "landcover_130", "area": 529554.1612352262, "area_ha": 52.954909884163449 }, "geometry": { "type": "Point", "coordinates": [ 24.691010733501201, 45.70900589281171 ] } },
{ "type": "Feature", "properties": { "layer": "solar_2024q2_10_4_2024 — solar", "COUNTRY": "Romania", "construction_year": 2017, "construction_quarter": 4, "landcover_in_2018": "landcover_190", "area": 54920.173752083836, "area_ha": 5.4938370655714888 }, "geometry": { "type": "Point", "coordinates": [ 24.224779981700326, 46.113006628020933 ] } },
{ "type": "Feature", "properties": { "layer": "solar_2024q2_10_4_2024 — solar", "COUNTRY": "Romania", "construction_year": 2017, "construction_quarter": 4, "landcover_in_2018": "landcover_130", "area": 85667.281015518849, "area_ha": 8.5617523318388589 }, "geometry": { "type": "Point", "coordinates": [ 25.826358239678541, 43.826838820641306 ] } },
{ "type": "Feature", "properties": { "layer": "solar_2024q2_10_4_2024 — solar", "COUNTRY": "Romania", "construction_year": 2017, "construction_quarter": 4, "landcover_in_2018": "landcover_10", "area": 28146.18923495862, "area_ha": 2.8192019534120401 }, "geometry": { "type": "Point", "coordinates": [ 22.798585870277883, 47.852903474388825 ] } },
{ "type": "Feature", "properties": { "layer": "solar_2024q2_10_4_2024 — solar", "COUNTRY": "Romania", "construction_year": 2017, "construction_quarter": 4, "landcover_in_2018": "landcover_10", "area": 36774.458600824801, "area_ha": 3.6947713457392783 }, "geometry": { "type": "Point", "coordinates": [ 20.936414078015606, 45.573169750024597 ] } },
{ "type": "Feature", "properties": { "layer": "solar_2024q2_10_4_2024 — solar", "COUNTRY": "Romania", "construction_year": 2017, "construction_quarter": 4, "landcover_in_2018": "landcover_130", "area": 45015.596209490926, "area_ha": 4.5167093296915226 }, "geometry": { "type": "Point", "coordinates": [ 21.717148232541348, 45.686215357513689 ] } },
{ "type": "Feature", "properties": { "layer": "solar_2024q2_10_4_2024 — solar", "COUNTRY": "Romania", "construction_year": 2017, "construction_quarter": 4, "landcover_in_2018": "landcover_10", "area": 26316.405153898002, "area_ha": 2.640386023622773 }, "geometry": { "type": "Point", "coordinates": [ 21.749619051224915, 45.621779752527338 ] } },
{ "type": "Feature", "properties": { "layer": "solar_2024q2_10_4_2024 — solar", "COUNTRY": "Romania", "construction_year": 2017, "construction_quarter": 4, "landcover_in_2018": "landcover_10", "area": 35140.204922775069, "area_ha": 3.5256716870889804 }, "geometry": { "type": "Point", "coordinates": [ 21.754683758410859, 45.619143894190678 ] } },
{ "type": "Feature", "properties": { "layer": "solar_2024q2_10_4_2024 — solar", "COUNTRY": "Romania", "construction_year": 2023, "construction_quarter": 1, "landcover_in_2018": "landcover_10", "area": 45837.388547053837, "area_ha": 4.5820779472167024 }, "geometry": { "type": "Point", "coordinates": [ 25.276508596288341, 46.019096219273081 ] } },
{ "type": "Feature", "properties": { "layer": "solar_2024q2_10_4_2024 — solar", "COUNTRY": "Romania", "construction_year": 2017, "construction_quarter": 4, "landcover_in_2018": "landcover_10", "area": 121556.40485796689, "area_ha": 12.151045076352458 }, "geometry": { "type": "Point", "coordinates": [ 25.30884781403007, 45.979899372700338 ] } },
{ "type": "Feature", "properties": { "layer": "solar_2024q2_10_4_2024 — solar", "COUNTRY": "Romania", "construction_year": 2017, "construction_quarter": 4, "landcover_in_2018": "landcover_10", "area": 24067.547116821304, "area_ha": 2.4058419812464802 }, "geometry": { "type": "Point", "coordinates": [ 25.311721909037487, 45.976201970747525 ] } },
{ "type": "Feature", "properties": { "layer": "solar_2024q2_10_4_2024 — solar", "COUNTRY": "Romania", "construction_year": 2017, "construction_quarter": 4, "landcover_in_2018": "landcover_10", "area": 43756.750091361144, "area_ha": 4.3765830516186703 }, "geometry": { "type": "Point", "coordinates": [ 24.324707650316657, 47.238414414477397 ] } },
{ "type": "Feature", "properties": { "layer": "solar_2024q2_10_4_2024 — solar", "COUNTRY": "Romania", "construction_year": 2017, "construction_quarter": 4, "landcover_in_2018": "landcover_10", "area": 12807.137684546742, "area_ha": 1.2830123441742414 }, "geometry": { "type": "Point", "coordinates": [ 22.835290427894531, 45.595746778587795 ] } },
{ "type": "Feature", "properties": { "layer": "solar_2024q2_10_4_2024 — solar", "COUNTRY": "Romania", "construction_year": 2019, "construction_quarter": 1, "landcover_in_2018": "landcover_20", "area": 13042.197013153234, "area_ha": 1.30331608841734 }, "geometry": { "type": "Point", "coordinates": [ 27.83268603629298, 44.695853512355171 ] } },
{ "type": "Feature", "properties": { "layer": "solar_2024q2_10_4_2024 — solar", "COUNTRY": "Romania", "construction_year": 2022, "construction_quarter": 1, "landcover_in_2018": "landcover_10", "area": 75463.91303148873, "area_ha": 7.5489932979943886 }, "geometry": { "type": "Point", "coordinates": [ 24.282800259806645, 44.57454076268796 ] } },
{ "type": "Feature", "properties": { "layer": "solar_2024q2_10_4_2024 — solar", "COUNTRY": "Romania", "construction_year": 2017, "construction_quarter": 4, "landcover_in_2018": "landcover_10", "area": 26634.199886935643, "area_ha": 2.6642666573759421 }, "geometry": { "type": "Point", "coordinates": [ 24.319741284678109, 44.470982163455986 ] } },
{ "type": "Feature", "properties": { "layer": "solar_2024q2_10_4_2024 — solar", "COUNTRY": "Romania", "construction_year": 2017, "construction_quarter": 4, "landcover_in_2018": "landcover_10", "area": 15620.337909885831, "area_ha": 1.5625299734386695 }, "geometry": { "type": "Point", "coordinates": [ 24.320097956398435, 44.466508747043996 ] } },
{ "type": "Feature", "properties": { "layer": "solar_2024q2_10_4_2024 — solar", "COUNTRY": "Romania", "construction_year": 2022, "construction_quarter": 4, "landcover_in_2018": "landcover_10", "area": 148178.46859604004, "area_ha": 14.806041793676213 }, "geometry": { "type": "Point", "coordinates": [ 26.857785164583689, 44.335633164548895 ] } },
{ "type": "Feature", "properties": { "layer": "solar_2024q2_10_4_2024 — solar", "COUNTRY": "Romania", "construction_year": 2022, "construction_quarter": 4, "landcover_in_2018": "landcover_10", "area": 348965.67636491579, "area_ha": 34.868746354024317 }, "geometry": { "type": "Point", "coordinates": [ 26.871477458747695, 44.336150575611825 ] } },
{ "type": "Feature", "properties": { "layer": "solar_2024q2_10_4_2024 — solar", "COUNTRY": "Romania", "construction_year": 2017, "construction_quarter": 4, "landcover_in_2018": "landcover_10", "area": 30300.855923519321, "area_ha": 3.0276708573618607 }, "geometry": { "type": "Point", "coordinates": [ 26.863295082190895, 44.329058007974076 ] } },
{ "type": "Feature", "properties": { "layer": "solar_2024q2_10_4_2024 — solar", "COUNTRY": "Romania", "construction_year": 2017, "construction_quarter": 4, "landcover_in_2018": "landcover_10", "area": 260059.00422425562, "area_ha": 25.985154541402192 }, "geometry": { "type": "Point", "coordinates": [ 26.883916479396429, 44.318777502490221 ] } },
{ "type": "Feature", "properties": { "layer": "solar_2024q2_10_4_2024 — solar", "COUNTRY": "Romania", "construction_year": 2017, "construction_quarter": 4, "landcover_in_2018": "landcover_10", "area": 19613.866129802034, "area_ha": 1.9652857112032951 }, "geometry": { "type": "Point", "coordinates": [ 22.51064837857821, 47.711332614945967 ] } },
{ "type": "Feature", "properties": { "layer": "solar_2024q2_10_4_2024 — solar", "COUNTRY": "Romania", "construction_year": 2017, "construction_quarter": 4, "landcover_in_2018": "landcover_10", "area": 54882.971397553032, "area_ha": 5.5060011178041925 }, "geometry": { "type": "Point", "coordinates": [ 21.806749625426388, 45.676020952316044 ] } },
{ "type": "Feature", "properties": { "layer": "solar_2024q2_10_4_2024 — solar", "COUNTRY": "Romania", "construction_year": 2017, "construction_quarter": 4, "landcover_in_2018": "landcover_10", "area": 58044.076547594828, "area_ha": 5.8249108218190075 }, "geometry": { "type": "Point", "coordinates": [ 21.613388302634817, 45.672418307111755 ] } },
{ "type": "Feature", "properties": { "layer": "solar_2024q2_10_4_2024 — solar", "COUNTRY": "Romania", "construction_year": 2017, "construction_quarter": 4, "landcover_in_2018": "landcover_10", "area": 46129.91394295152, "area_ha": 4.6300377676353124 }, "geometry": { "type": "Point", "coordinates": [ 21.513719546379065, 45.665592510775845 ] } },
{ "type": "Feature", "properties": { "layer": "solar_2024q2_10_4_2024 — solar", "COUNTRY": "Romania", "construction_year": 2017, "construction_quarter": 4, "landcover_in_2018": "landcover_190", "area": 17463.601155066161, "area_ha": 1.7525885353456525 }, "geometry": { "type": "Point", "coordinates": [ 21.59370512681317, 45.655866878760285 ] } },
{ "type": "Feature", "properties": { "layer": "solar_2024q2_10_4_2024 — solar", "COUNTRY": "Romania", "construction_year": 2017, "construction_quarter": 4, "landcover_in_2018": "landcover_10", "area": 45695.320610368028, "area_ha": 4.5887568847807501 }, "geometry": { "type": "Point", "coordinates": [ 21.231818718501202, 45.45776256521382 ] } },
{ "type": "Feature", "properties": { "layer": "solar_2024q2_10_4_2024 — solar", "COUNTRY": "Romania", "construction_year": 2017, "construction_quarter": 4, "landcover_in_2018": "landcover_10", "area": 23746.517866502763, "area_ha": 2.3847682567372765 }, "geometry": { "type": "Point", "coordinates": [ 21.205016703349969, 45.423630343551771 ] } },
{ "type": "Feature", "properties": { "layer": "solar_2024q2_10_4_2024 — solar", "COUNTRY": "Romania", "construction_year": 2020, "construction_quarter": 4, "landcover_in_2018": "landcover_10", "area": 15886.542009044755, "area_ha": 1.5953414235481338 }, "geometry": { "type": "Point", "coordinates": [ 21.236054027446229, 45.404737500147185 ] } },
{ "type": "Feature", "properties": { "layer": "solar_2024q2_10_4_2024 — solar", "COUNTRY": "Romania", "construction_year": 2017, "construction_quarter": 4, "landcover_in_2018": "landcover_10", "area": 35675.235656211604, "area_ha": 3.5827344232073219 }, "geometry": { "type": "Point", "coordinates": [ 21.205689980247733, 45.397344078503998 ] } },
{ "type": "Feature", "properties": { "layer": "solar_2024q2_10_4_2024 — solar", "COUNTRY": "Romania", "construction_year": 2017, "construction_quarter": 4, "landcover_in_2018": "landcover_10", "area": 82520.051294160628, "area_ha": 8.2872798329389727 }, "geometry": { "type": "Point", "coordinates": [ 21.199620153008151, 45.395415685864542 ] } },
{ "type": "Feature", "properties": { "layer": "solar_2024q2_10_4_2024 — solar", "COUNTRY": "Romania", "construction_year": 2017, "construction_quarter": 4, "landcover_in_2018": "landcover_10", "area": 67806.027155420772, "area_ha": 6.800909167273586 }, "geometry": { "type": "Point", "coordinates": [ 21.831477257722554, 47.022612418901097 ] } },
{ "type": "Feature", "properties": { "layer": "solar_2024q2_10_4_2024 — solar", "COUNTRY": "Romania", "construction_year": 2017, "construction_quarter": 4, "landcover_in_2018": "landcover_10", "area": 128042.87445079998, "area_ha": 12.842660698301573 }, "geometry": { "type": "Point", "coordinates": [ 21.834643963288588, 46.974255751220021 ] } },
{ "type": "Feature", "properties": { "layer": "solar_2024q2_10_4_2024 — solar", "COUNTRY": "Romania", "construction_year": 2017, "construction_quarter": 4, "landcover_in_2018": "landcover_10", "area": 75933.594743584792, "area_ha": 7.615567997003919 }, "geometry": { "type": "Point", "coordinates": [ 21.886488903361634, 46.947570823192486 ] } },
{ "type": "Feature", "properties": { "layer": "solar_2024q2_10_4_2024 — solar", "COUNTRY": "Romania", "construction_year": 2017, "construction_quarter": 4, "landcover_in_2018": "landcover_130", "area": 91737.100167354278, "area_ha": 9.2014692413870964 }, "geometry": { "type": "Point", "coordinates": [ 21.818810258694484, 46.934557517520936 ] } },
{ "type": "Feature", "properties": { "layer": "solar_2024q2_10_4_2024 — solar", "COUNTRY": "Romania", "construction_year": 2017, "construction_quarter": 4, "landcover_in_2018": "landcover_130", "area": 97160.791761535642, "area_ha": 9.7454154065365977 }, "geometry": { "type": "Point", "coordinates": [ 21.823701223489181, 46.930260372567147 ] } },
{ "type": "Feature", "properties": { "layer": "solar_2024q2_10_4_2024 — solar", "COUNTRY": "Romania", "construction_year": 2017, "construction_quarter": 4, "landcover_in_2018": "landcover_10", "area": 13884.758064561171, "area_ha": 1.3884917445136575 }, "geometry": { "type": "Point", "coordinates": [ 24.712478035983008, 44.523764459552126 ] } },
{ "type": "Feature", "properties": { "layer": "solar_2024q2_10_4_2024 — solar", "COUNTRY": "Romania", "construction_year": 2023, "construction_quarter": 1, "landcover_in_2018": "landcover_10", "area": 317968.62681109487, "area_ha": 31.782893316271924 }, "geometry": { "type": "Point", "coordinates": [ 25.480474870702444, 44.361340288106724 ] } },
{ "type": "Feature", "properties": { "layer": "solar_2024q2_10_4_2024 — solar", "COUNTRY": "Romania", "construction_year": 2017, "construction_quarter": 4, "landcover_in_2018": "landcover_10", "area": 20802.953739833989, "area_ha": 2.0788644632124478 }, "geometry": { "type": "Point", "coordinates": [ 26.154093018722996, 44.286085407214436 ] } },
{ "type": "Feature", "properties": { "layer": "solar_2024q2_10_4_2024 — solar", "COUNTRY": "Romania", "construction_year": 2017, "construction_quarter": 4, "landcover_in_2018": "landcover_10", "area": 116054.29327300988, "area_ha": 11.596213822956567 }, "geometry": { "type": "Point", "coordinates": [ 27.197646148873083, 45.919222079457569 ] } },
{ "type": "Feature", "properties": { "layer": "solar_2024q2_10_4_2024 — solar", "COUNTRY": "Romania", "construction_year": 2023, "construction_quarter": 2, "landcover_in_2018": "landcover_130", "area": 81309.756162567879, "area_ha": 8.1277175739982646 }, "geometry": { "type": "Point", "coordinates": [ 25.38345943868736, 44.994286861405826 ] } },
{ "type": "Feature", "properties": { "layer": "solar_2024q2_10_4_2024 — solar", "COUNTRY": "Romania", "construction_year": 2023, "construction_quarter": 1, "landcover_in_2018": "landcover_10", "area": 36086.465025593476, "area_ha": 3.6071817210493298 }, "geometry": { "type": "Point", "coordinates": [ 25.394416520062908, 44.987570817202695 ] } },
{ "type": "Feature", "properties": { "layer": "solar_2024q2_10_4_2024 — solar", "COUNTRY": "Romania", "construction_year": 2023, "construction_quarter": 1, "landcover_in_2018": "landcover_10", "area": 52974.38736776392, "area_ha": 5.2952850322957996 }, "geometry": { "type": "Point", "coordinates": [ 25.395652361346279, 44.985702688245901 ] } },
{ "type": "Feature", "properties": { "layer": "solar_2024q2_10_4_2024 — solar", "COUNTRY": "Romania", "construction_year": 2023, "construction_quarter": 2, "landcover_in_2018": "landcover_10", "area": 576663.10959300597, "area_ha": 57.643358936634172 }, "geometry": { "type": "Point", "coordinates": [ 25.378260872940373, 44.969907533503324 ] } },
{ "type": "Feature", "properties": { "layer": "solar_2024q2_10_4_2024 — solar", "COUNTRY": "Romania", "construction_year": 2017, "construction_quarter": 4, "landcover_in_2018": "landcover_10", "area": 120498.19106773449, "area_ha": 12.046458494506 }, "geometry": { "type": "Point", "coordinates": [ 25.183083873611363, 44.055792243452998 ] } },
{ "type": "Feature", "properties": { "layer": "solar_2024q2_10_4_2024 — solar", "COUNTRY": "Romania", "construction_year": 2017, "construction_quarter": 4, "landcover_in_2018": "landcover_130", "area": 66036.500566818373, "area_ha": 6.599973886056949 }, "geometry": { "type": "Point", "coordinates": [ 25.718825921497221, 45.856057935635377 ] } },
{ "type": "Feature", "properties": { "layer": "solar_2024q2_10_4_2024 — solar", "COUNTRY": "Romania", "construction_year": 2017, "construction_quarter": 4, "landcover_in_2018": "landcover_10", "area": 45809.643151046548, "area_ha": 4.5782402347321094 }, "geometry": { "type": "Point", "coordinates": [ 25.825026134874591, 45.847681676723681 ] } },
{ "type": "Feature", "properties": { "layer": "solar_2024q2_10_4_2024 — solar", "COUNTRY": "Romania", "construction_year": 2017, "construction_quarter": 4, "landcover_in_2018": "landcover_10", "area": 20831.831182845432, "area_ha": 2.0815211611782423 }, "geometry": { "type": "Point", "coordinates": [ 26.885331330630436, 45.117155017594989 ] } },
{ "type": "Feature", "properties": { "layer": "solar_2024q2_10_4_2024 — solar", "COUNTRY": "Romania", "construction_year": 2023, "construction_quarter": 3, "landcover_in_2018": "landcover_10", "area": 11932.519436544553, "area_ha": 1.1947011845894193 }, "geometry": { "type": "Point", "coordinates": [ 23.407384307953102, 44.389193017454978 ] } },
{ "type": "Feature", "properties": { "layer": "solar_2024q2_10_4_2024 — solar", "COUNTRY": "Romania", "construction_year": 2017, "construction_quarter": 4, "landcover_in_2018": "landcover_10", "area": 66244.590657426874, "area_ha": 6.6214249763082798 }, "geometry": { "type": "Point", "coordinates": [ 25.511766105140886, 44.697717041533018 ] } },
{ "type": "Feature", "properties": { "layer": "solar_2024q2_10_4_2024 — solar", "COUNTRY": "Romania", "construction_year": 2017, "construction_quarter": 4, "landcover_in_2018": "landcover_10", "area": 104081.76471082401, "area_ha": 10.403017588423436 }, "geometry": { "type": "Point", "coordinates": [ 25.597851236889287, 44.625218046708241 ] } },
{ "type": "Feature", "properties": { "layer": "solar_2024q2_10_4_2024 — solar", "COUNTRY": "Romania", "construction_year": 2017, "construction_quarter": 4, "landcover_in_2018": "landcover_10", "area": 25827.993444762586, "area_ha": 2.5816444426361742 }, "geometry": { "type": "Point", "coordinates": [ 25.488726038822108, 44.620619159245038 ] } },
{ "type": "Feature", "properties": { "layer": "solar_2024q2_10_4_2024 — solar", "COUNTRY": "Romania", "construction_year": 2017, "construction_quarter": 4, "landcover_in_2018": "landcover_10", "area": 70472.22183328167, "area_ha": 7.049715547234622 }, "geometry": { "type": "Point", "coordinates": [ 24.295343190464418, 44.075751172360782 ] } },
{ "type": "Feature", "properties": { "layer": "solar_2024q2_10_4_2024 — solar", "COUNTRY": "Romania", "construction_year": 2017, "construction_quarter": 4, "landcover_in_2018": "landcover_10", "area": 209133.42114569477, "area_ha": 20.947911703037416 }, "geometry": { "type": "Point", "coordinates": [ 23.054626481774246, 44.114082593636311 ] } },
{ "type": "Feature", "properties": { "layer": "solar_2024q2_10_4_2024 — solar", "COUNTRY": "Romania", "construction_year": 2017, "construction_quarter": 4, "landcover_in_2018": "landcover_10", "area": 26431.461694122958, "area_ha": 2.6476023819811165 }, "geometry": { "type": "Point", "coordinates": [ 23.028099862182845, 44.110598748886034 ] } },
{ "type": "Feature", "properties": { "layer": "solar_2024q2_10_4_2024 — solar", "COUNTRY": "Romania", "construction_year": 2017, "construction_quarter": 4, "landcover_in_2018": "landcover_10", "area": 131713.34828299881, "area_ha": 13.166309732989443 }, "geometry": { "type": "Point", "coordinates": [ 25.315839702218678, 45.974329097622196 ] } },
{ "type": "Feature", "properties": { "layer": "solar_2024q2_10_4_2024 — solar", "COUNTRY": "Romania", "construction_year": 2017, "construction_quarter": 4, "landcover_in_2018": "landcover_10", "area": 213151.24835888395, "area_ha": 21.299972602878498 }, "geometry": { "type": "Point", "coordinates": [ 26.246410572539133, 44.25849033097613 ] } },
{ "type": "Feature", "properties": { "layer": "solar_2024q2_10_4_2024 — solar", "COUNTRY": "Romania", "construction_year": 2017, "construction_quarter": 4, "landcover_in_2018": "landcover_10", "area": 128436.71172443283, "area_ha": 12.834567295904495 }, "geometry": { "type": "Point", "coordinates": [ 26.237644151405533, 44.255130167816056 ] } },
{ "type": "Feature", "properties": { "layer": "solar_2024q2_10_4_2024 — solar", "COUNTRY": "Romania", "construction_year": 2019, "construction_quarter": 3, "landcover_in_2018": "landcover_10", "area": 23882.532413911602, "area_ha": 2.387328397946328 }, "geometry": { "type": "Point", "coordinates": [ 25.367044926903596, 44.624484692202081 ] } },
{ "type": "Feature", "properties": { "layer": "solar_2024q2_10_4_2024 — solar", "COUNTRY": "Romania", "construction_year": 2017, "construction_quarter": 4, "landcover_in_2018": "landcover_10", "area": 133173.8796755042, "area_ha": 13.311457470609023 }, "geometry": { "type": "Point", "coordinates": [ 25.486996967001634, 44.62337333761414 ] } },
{ "type": "Feature", "properties": { "layer": "solar_2024q2_10_4_2024 — solar", "COUNTRY": "Romania", "construction_year": 2017, "construction_quarter": 4, "landcover_in_2018": "landcover_10", "area": 262544.77912520419, "area_ha": 26.259637747021809 }, "geometry": { "type": "Point", "coordinates": [ 24.350098979631962, 47.030139199064394 ] } },
{ "type": "Feature", "properties": { "layer": "solar_2024q2_10_4_2024 — solar", "COUNTRY": "Romania", "construction_year": 2017, "construction_quarter": 4, "landcover_in_2018": "landcover_10", "area": 45740.778473101331, "area_ha": 4.5802021165040996 }, "geometry": { "type": "Point", "coordinates": [ 23.055329533356961, 47.870848209199472 ] } },
{ "type": "Feature", "properties": { "layer": "solar_2024q2_10_4_2024 — solar", "COUNTRY": "Romania", "construction_year": 2017, "construction_quarter": 4, "landcover_in_2018": "landcover_10", "area": 801156.52090919157, "area_ha": 80.222959481182045 }, "geometry": { "type": "Point", "coordinates": [ 23.055366108439998, 47.865187182304389 ] } },
{ "type": "Feature", "properties": { "layer": "solar_2024q2_10_4_2024 — solar", "COUNTRY": "Romania", "construction_year": 2017, "construction_quarter": 4, "landcover_in_2018": "landcover_10", "area": 115387.85071529588, "area_ha": 11.554361688319913 }, "geometry": { "type": "Point", "coordinates": [ 23.04601312507975, 47.860853790183995 ] } },
{ "type": "Feature", "properties": { "layer": "solar_2024q2_10_4_2024 — solar", "COUNTRY": "Romania", "construction_year": 2017, "construction_quarter": 4, "landcover_in_2018": "landcover_10", "area": 23205.423574917917, "area_ha": 2.3213874267089136 }, "geometry": { "type": "Point", "coordinates": [ 24.153539339924553, 46.701202117630864 ] } }
]
}
