{"type":"FeatureCollection","features":[{"type":"Feature","geometry":{"type":"LineString","coordinates":[[17.0357912,48.3050334],[17.035344,48.3022075],[17.034795,48.2990693],[17.0341853,48.2955764],[17.0336838,48.2927322],[17.0331975,48.2898833],[17.0372044,48.2886755],[17.0402152,48.2876978],[17.0429595,48.2868287],[17.0457127,48.285976],[17.0498422,48.2846878],[17.0527553,48.2837941],[17.0560915,48.2827302],[17.0594449,48.2817061],[17.0612896,48.2797638],[17.0640099,48.2769363],[17.0653733,48.2754993],[17.0676163,48.273175],[17.070003,48.2706889],[17.0714144,48.2682809],[17.0726433,48.2662317],[17.0738031,48.2642711],[17.0753011,48.261737],[17.0766337,48.259503],[17.0767869,48.2592461],[17.0823499,48.2588606],[17.0862997,48.2585897],[17.089906,48.258338],[17.0943835,48.258038],[17.0974144,48.25683],[17.1002767,48.2557053],[17.103599,48.2543801],[17.1064057,48.2532625],[17.1098952,48.2518818],[17.1161728,48.2519799],[17.1197826,48.2502335],[17.1222769,48.2490248],[17.1256245,48.2488367],[17.1298204,48.248593],[17.1336738,48.2483641],[17.1382301,48.2480959],[17.1418446,48.2478869],[17.1448478,48.2468563],[17.1471959,48.2460511],[17.1494758,48.2452686],[17.151885,48.2444339],[17.1538512,48.2437624],[17.1588097,48.242068],[17.1613228,48.2412098],[17.1635815,48.2404238],[17.1657077,48.2397034],[17.1702108,48.2381446],[17.172739,48.2372768],[17.176104,48.2361218],[17.1815459,48.2342503],[17.1843737,48.2332667],[17.1864103,48.2325745],[17.1881439,48.2319859],[17.190265,48.231245],[17.1927105,48.230407],[17.1949967,48.2296065],[17.1973634,48.2287921],[17.201027,48.2275648],[17.2038111,48.2265866],[17.20825,48.2269552],[17.2131819,48.2273607],[17.2179653,48.2277492],[17.2221427,48.228092],[17.226926,48.2279766],[17.2320033,48.2278463],[17.2370197,48.2277173],[17.2407012,48.2265111],[17.2453011,48.2273975],[17.2498099,48.2282653],[17.2542785,48.229127],[17.2584453,48.2299377],[17.2625854,48.2307352],[17.2656684,48.2285807],[17.2689782,48.2262885],[17.2719065,48.2242704],[17.2750759,48.2220683],[17.2782572,48.2198633],[17.2811449,48.2178574],[17.2842643,48.2157117],[17.2873764,48.2135628],[17.2926888,48.2136196],[17.2973961,48.2136579],[17.3018207,48.2137104],[17.306564,48.2137592],[17.311313,48.2138041],[17.3163019,48.2138491],[17.3199777,48.2138909],[17.3217253,48.2108338],[17.32317,48.2083143],[17.3246527,48.2056967],[17.3263308,48.2027738],[17.3276036,48.2005267],[17.3280312,48.1972986],[17.3284778,48.1940703],[17.3289336,48.190674],[17.3293278,48.1877165],[17.3297409,48.1847301],[17.3301314,48.18182],[17.3304762,48.1793249],[17.3308722,48.1765396],[17.3296877,48.1738692],[17.3282434,48.1705439],[17.3268623,48.1674019],[17.3254826,48.1642637],[17.3241039,48.1611429],[17.3227516,48.1580694],[17.3214002,48.1549907],[17.3201176,48.15206],[17.3186499,48.1486446],[17.3173078,48.1455793],[17.3159119,48.1424273],[17.3145584,48.1393119],[17.3147361,48.1365267],[17.3149445,48.1336052],[17.3151274,48.1310712],[17.3153061,48.1283911],[17.3155643,48.1251859],[17.3157285,48.1234906]]},"properties":{"voltage":"400000;110000","name":""}},{"type":"Feature","geometry":{"type":"LineString","coordinates":[[16.4205752,48.3371156],[16.4199217,48.3351779],[16.4179658,48.3327101],[16.416001,48.3302308],[16.4140575,48.3277782],[16.4121243,48.3253386],[16.4103787,48.3231355],[16.4083624,48.3205909],[16.4069445,48.3188013],[16.4054247,48.316883],[16.4044322,48.3148265],[16.4034227,48.3127345],[16.4023159,48.3104411],[16.4014364,48.3086183],[16.4003228,48.3063105],[16.3992298,48.3040453],[16.3982229,48.3019583],[16.3971144,48.2996608],[16.3960305,48.297414]]},"properties":{"voltage":"400000","name":"Bisamberg - Wien Nord 2"}},{"type":"Feature","geometry":{"type":"LineString","coordinates":[[17.0977124,48.1141365],[17.0974569,48.1137332],[17.0964068,48.1129004],[17.0950036,48.1109927],[17.0938353,48.1095862],[17.0919306,48.1075336],[17.0914712,48.1056597],[17.0935311,48.104023],[17.0954226,48.1025096],[17.0970375,48.1005094],[17.098634,48.0985481],[17.0989818,48.0959463],[17.099299,48.0936287],[17.1006581,48.091542],[17.1034621,48.0898978],[17.1075676,48.089758],[17.1109238,48.0896442],[17.1148132,48.0895109],[17.1183387,48.0888146],[17.1207364,48.0869282],[17.1222106,48.0843608],[17.123623,48.0819257],[17.1249149,48.079686],[17.1268583,48.0792309],[17.1306588,48.0783478],[17.1324138,48.0772194],[17.1353553,48.0753172],[17.1379434,48.0736412],[17.1405293,48.071685],[17.1433482,48.0695471],[17.1457955,48.0677198],[17.1484146,48.0657552],[17.1504353,48.0642296],[17.1530671,48.0632959],[17.1556977,48.0623737],[17.1569358,48.0601816],[17.1581262,48.0580801],[17.1605363,48.0562678],[17.1631212,48.0542882],[17.1661116,48.0520652],[17.1692796,48.0503998],[17.1726991,48.0497223],[17.175277,48.0492203],[17.1788638,48.0487028],[17.1816759,48.0483247],[17.1851315,48.047857],[17.1877385,48.047127],[17.1902099,48.0464895],[17.1927906,48.0453549],[17.1954666,48.0438462],[17.1974056,48.0423605],[17.1993662,48.0408737],[17.2007586,48.0386847],[17.2021761,48.0364974],[17.2036851,48.0341619],[17.2051399,48.0319025],[17.2049363,48.02915],[17.204785,48.0275423]]},"properties":{"voltage":"110000","name":""}},{"type":"Feature","geometry":{"type":"LineString","coordinates":[[16.377387,48.3562361],[16.3740472,48.3562082],[16.3702429,48.3561586],[16.3660805,48.3564306],[16.3617252,48.3567223],[16.3574168,48.3570201],[16.3532804,48.3572945],[16.3515942,48.359313],[16.3522815,48.3620201],[16.3503665,48.3646889],[16.3485891,48.3671532],[16.34702,48.3693511],[16.3452947,48.3717441],[16.3434018,48.3743737],[16.3417581,48.3766599],[16.3400778,48.3789849],[16.3382479,48.3815338],[16.3365694,48.3838895],[16.3330768,48.3854998],[16.3297449,48.3870359],[16.3261617,48.3886879],[16.3227242,48.3902726],[16.3195392,48.3917322],[16.3157426,48.3934699],[16.3126638,48.3952392],[16.3088929,48.3974072],[16.3060401,48.3990362],[16.3029575,48.4007991],[16.2994822,48.4028108],[16.2955439,48.4024557],[16.2912438,48.4020649],[16.2911925,48.4020604],[16.2865821,48.4016478],[16.2820415,48.4012363],[16.2774386,48.4008248],[16.2730841,48.400433],[16.2687699,48.4000514],[16.2643046,48.3996437],[16.260392,48.3992856],[16.2558286,48.396343],[16.2508362,48.3931136],[16.2469343,48.3906103],[16.2432374,48.3882244],[16.2399959,48.3861322],[16.2392873,48.3831633],[16.2386101,48.3803254],[16.2375899,48.3780382],[16.2350797,48.3758609],[16.2356318,48.3733736],[16.2347482,48.3712058],[16.2344817,48.3684309],[16.2355899,48.3656352],[16.2366919,48.3628548],[16.2385974,48.3601914],[16.240232,48.3578553]]},"properties":{"voltage":"220000","name":"Greifenstein - Bisamberg"}},{"type":"Feature","geometry":{"type":"LineString","coordinates":[[16.2058621,48.3937795],[16.2056954,48.3938224],[16.2056381,48.3938371],[16.2013145,48.3944519],[16.1978994,48.394938],[16.1942117,48.3954624],[16.1899773,48.3960634],[16.1854323,48.3960272],[16.1809596,48.3959881],[16.1765508,48.395958],[16.1734406,48.3959216],[16.1711903,48.3968418],[16.1672536,48.3984517],[16.1634647,48.3999833],[16.1596267,48.4015359],[16.1556808,48.4031386],[16.1519697,48.4046367],[16.1483092,48.4061306],[16.1448733,48.4074952],[16.1414985,48.4088751],[16.1379007,48.4103374],[16.1341399,48.4118661],[16.1307702,48.4132282],[16.1274054,48.4145711],[16.1267747,48.4175459],[16.1261618,48.4204364],[16.1255167,48.4234787],[16.1248674,48.4265403],[16.1242356,48.4295199],[16.1235938,48.4325457],[16.123016,48.4352699],[16.122452,48.4379289],[16.1219084,48.4404921],[16.1213597,48.4430785],[16.1207505,48.4459503],[16.1201259,48.448894],[16.1195343,48.4516826],[16.1189632,48.4543741],[16.1183903,48.4570741],[16.1177204,48.4602312],[16.1156809,48.4622027],[16.11317,48.4646547],[16.1106633,48.4670791],[16.1081222,48.4695351],[16.1054067,48.472167],[16.1028434,48.4746708],[16.10037,48.4770544],[16.0979586,48.4793824],[16.0956413,48.4816516],[16.0932238,48.4839788],[16.0908161,48.486309],[16.0899984,48.4892692],[16.0891752,48.4920563],[16.0883303,48.495205],[16.0875174,48.4981608],[16.0867743,48.5009238],[16.0860437,48.5036158],[16.0852918,48.5063443],[16.084532,48.5091615],[16.0836752,48.5121884],[16.0826744,48.5150142],[16.0817785,48.5176331],[16.080876,48.5201571],[16.0799582,48.5228364],[16.0790504,48.5254858],[16.0781073,48.5282017],[16.0771207,48.5310425],[16.0761788,48.5337668],[16.075214,48.5365226],[16.074657,48.539492],[16.0741029,48.5424523],[16.0735906,48.5451955],[16.0730563,48.5480276],[16.072536,48.550831],[16.0720207,48.5535755],[16.0715265,48.5562181],[16.0711429,48.5584724]]},"properties":{"voltage":"110000","name":"Stockerau - Hollabrunn"}},{"type":"Feature","geometry":{"type":"LineString","coordinates":[[16.4382621,48.1807177],[16.4387419,48.1803945],[16.4421612,48.1778066],[16.4460927,48.1766985],[16.4495579,48.175728],[16.4532907,48.1746825],[16.4551956,48.1709974],[16.4593851,48.1698152],[16.4640292,48.1684999],[16.4686092,48.1672104],[16.4711665,48.1664854],[16.4739534,48.1660774],[16.476326,48.1666065],[16.4787834,48.1673518],[16.4824575,48.168474],[16.4848751,48.1708993],[16.4883455,48.174378],[16.4916787,48.1777208],[16.4941267,48.181023],[16.4965676,48.1843081],[16.4989299,48.1874915],[16.5012629,48.1906535],[16.5000972,48.193267],[16.4989459,48.1962105],[16.4978304,48.1989324],[16.4968076,48.2013542],[16.4956997,48.2040442],[16.4944807,48.2069543],[16.4934999,48.2093476],[16.4892248,48.2105474],[16.4844166,48.2119099],[16.4802274,48.2130958],[16.4754435,48.2144513],[16.4713386,48.2134085],[16.4699229,48.2107891],[16.4682786,48.2077292],[16.4663563,48.20553],[16.4643834,48.2033026],[16.4654129,48.2001812],[16.4652517,48.199618]]},"properties":{"voltage":"110000","name":"Simmering-Donaustadt"}},{"type":"Feature","geometry":{"type":"LineString","coordinates":[[16.4252227,48.1259046],[16.4287577,48.1288792],[16.4280002,48.1329176],[16.4273708,48.1367107],[16.4267171,48.1399689]]},"properties":{"voltage":"220000","name":"Wien S\u00fcdost - Bisamberg;Wien S\u00fcdost - UrW Kledering"}},{"type":"Feature","geometry":{"type":"LineString","coordinates":[[16.4281961,48.1345155],[16.4276137,48.1376508],[16.4271486,48.140185],[16.4268101,48.1420382],[16.4262415,48.1451235],[16.4257117,48.1479656],[16.4261542,48.1507924]]},"properties":{"voltage":"110000","name":"Simmering \u2013 Kledering"}},{"type":"Feature","geometry":{"type":"LineString","coordinates":[[16.5070055,48.1359566],[16.5036129,48.1367361],[16.4992547,48.1377376],[16.4970107,48.1364787],[16.4942834,48.1349949],[16.4909715,48.1330857],[16.4870325,48.1309038],[16.4831103,48.1286821],[16.4803492,48.1258969],[16.477431,48.1228805],[16.4719365,48.1226064],[16.4676657,48.1234846],[16.463904,48.124224],[16.4620541,48.123303],[16.4579312,48.1239488],[16.4540741,48.1245399],[16.4496971,48.1252242],[16.4468039,48.1256537],[16.4433532,48.1261986],[16.4407791,48.1266064],[16.4366978,48.1272447],[16.433414,48.1277537],[16.4300893,48.1282717],[16.4261923,48.1288589],[16.4222617,48.1294895],[16.4196729,48.1282098],[16.419647,48.1266043]]},"properties":{"voltage":"110000","name":"Wien S\u00fcdost - Schwechat"}},{"type":"Feature","geometry":{"type":"LineString","coordinates":[[16.4619758,48.0282619],[16.457521,48.0295379],[16.4530437,48.0308203],[16.4486595,48.032076],[16.4455685,48.0329614],[16.4418803,48.0340177],[16.4381841,48.0350763],[16.4344681,48.0361406],[16.4307627,48.0372017],[16.4300291,48.0398294],[16.4292669,48.042559],[16.4284526,48.0454756],[16.4276455,48.0483659],[16.4269161,48.0509779],[16.4261681,48.0536564],[16.4254174,48.0565952],[16.4245965,48.0598084],[16.4238585,48.0626974],[16.4230886,48.0657108],[16.4224106,48.0683646],[16.4216076,48.0715071],[16.4209063,48.0742518],[16.4184575,48.075196],[16.4168698,48.0777725],[16.4149961,48.0808131],[16.4131249,48.0838494],[16.4112503,48.0868909],[16.4093921,48.0899058],[16.4075265,48.0929325],[16.4092315,48.0956269],[16.4109225,48.0982991],[16.4125681,48.1008995],[16.4141707,48.1034318],[16.4169445,48.1078143],[16.4177141,48.1110342],[16.4184738,48.1142124],[16.4191185,48.1169099],[16.4197322,48.119477],[16.4186868,48.1206855]]},"properties":{"voltage":"110000","name":"Moosbrunn - Wien S\u00fcdost"}},{"type":"Feature","geometry":{"type":"LineString","coordinates":[[16.3743175,47.9724497],[16.3741514,47.974349],[16.3739914,47.9762994],[16.373817,47.9783911],[16.3736729,47.9803193],[16.3734968,47.9822744],[16.3734057,47.9843831],[16.3733239,47.9862729],[16.3732262,47.9883019],[16.3731248,47.9905263],[16.3730315,47.992766],[16.3729287,47.9950321],[16.3728306,47.9971803],[16.3727197,47.9993197],[16.3724952,48.001585],[16.3722493,48.0038575],[16.3720232,48.0060883],[16.3717965,48.0082791],[16.371559,48.0106551],[16.3713033,48.013066],[16.3710839,48.0152105],[16.3708286,48.0173752],[16.3706237,48.0196501],[16.3704241,48.0217984],[16.370172,48.0239981],[16.3699745,48.025906],[16.3697669,48.0278636],[16.3701162,48.0300522],[16.3705457,48.0321589],[16.3709175,48.03425],[16.3712869,48.0362828],[16.3716778,48.0384594],[16.3720744,48.0407152],[16.3724751,48.0429486],[16.3728396,48.0449802],[16.3732257,48.0470993],[16.3736104,48.0492179],[16.3739528,48.0511528],[16.3742694,48.05283],[16.3746041,48.0547529],[16.375884,48.056818],[16.3772773,48.0590214],[16.3784964,48.0610126],[16.3795632,48.0627093],[16.3806761,48.0646106],[16.3817277,48.0662608],[16.3844317,48.0676166],[16.3869572,48.0688828],[16.3891309,48.0699726],[16.390675,48.0717246],[16.3922174,48.0734747],[16.3937473,48.0752105],[16.3952185,48.0768797],[16.3966978,48.0785579],[16.3981407,48.0801948],[16.3977478,48.0820932],[16.397328,48.0841214],[16.3968724,48.0863225],[16.3964452,48.0883862],[16.3960487,48.0903017],[16.3956137,48.0924034],[16.398492,48.094606],[16.4010667,48.0965761],[16.4037355,48.0986181],[16.4060696,48.100404],[16.4089515,48.102609],[16.4113837,48.1044698],[16.4140273,48.1064923],[16.4167059,48.1085414],[16.4174527,48.1116964],[16.4181593,48.11468],[16.418669,48.1167798],[16.4192547,48.1191755],[16.4184437,48.1206877]]},"properties":{"voltage":"110000","name":"Ebenfurth - Wien S\u00fcdost;Ebreichsdorf - Wien S\u00fcdost"}},{"type":"Feature","geometry":{"type":"LineString","coordinates":[[16.4158173,48.1246355],[16.4158181,48.1257582],[16.4109383,48.1260633],[16.4059717,48.1263716],[16.4014526,48.1266528],[16.3971088,48.1269236],[16.3926282,48.1272035],[16.3879835,48.1274942],[16.3853307,48.1280519],[16.3813152,48.1283036],[16.3768267,48.1285847],[16.3729857,48.1288242],[16.3692741,48.1290495],[16.3649146,48.1293242],[16.3617619,48.1295097],[16.3577342,48.1297582],[16.3544695,48.1310345],[16.3512791,48.1322732],[16.3483175,48.1334231],[16.3451626,48.134648],[16.3416234,48.1360221]]},"properties":{"voltage":"380000","name":"Wien S\u00fcdost - Wien S\u00fcd"}},{"type":"Feature","geometry":{"type":"LineString","coordinates":[[16.3083349,48.0811748],[16.3100432,48.0799828],[16.3122314,48.0799029],[16.3160372,48.079759],[16.3190905,48.0796439],[16.321197,48.079565],[16.3250136,48.0794239],[16.3289126,48.0792807],[16.3330179,48.0791215],[16.3370171,48.0789726],[16.3410451,48.0788195],[16.3452294,48.0786733],[16.3496396,48.0785033],[16.3527383,48.078389],[16.354548,48.080213],[16.3565396,48.082024],[16.3586548,48.0842185],[16.3609585,48.0864795],[16.3630076,48.0884913],[16.3652735,48.0907216],[16.3675217,48.0929375],[16.3690886,48.095805],[16.3707106,48.098737],[16.3723974,48.1017825],[16.374091,48.1048037],[16.3759717,48.1080099],[16.3777951,48.1113186],[16.379465,48.1142737],[16.3809051,48.1169955],[16.3829068,48.1196137],[16.3847984,48.1220915],[16.3867649,48.1246841],[16.3884165,48.1268335],[16.3937891,48.1267229],[16.3970526,48.126521],[16.4013075,48.1262575],[16.4059122,48.1259689],[16.4105076,48.1256836],[16.4149891,48.1254349],[16.4196342,48.1251789]]},"properties":{"voltage":"110000","name":"Wien S\u00fcdost - Wiener Neudorf"}},{"type":"Feature","geometry":{"type":"LineString","coordinates":[[16.2978237,48.1389998],[16.3017824,48.1387746],[16.3058281,48.1385445],[16.3102154,48.138295],[16.3139248,48.138084],[16.3166044,48.1361258],[16.3192883,48.1341644],[16.3221586,48.1320668],[16.3245017,48.1303542],[16.326971,48.1285495],[16.3308434,48.128654],[16.335499,48.1287796],[16.3400906,48.1289034],[16.3445441,48.1290236],[16.3489301,48.1291419],[16.3533548,48.1292613],[16.357467,48.1293722],[16.3615636,48.1291159],[16.3647746,48.1289239],[16.3690052,48.1286566],[16.3729623,48.1284272],[16.3766497,48.1281869],[16.3805052,48.1279398],[16.3841168,48.1277198],[16.3867741,48.1275672],[16.3881068,48.1278891],[16.392685,48.1276036],[16.3971603,48.1273254],[16.4015105,48.1270539],[16.4060258,48.1267696],[16.4105205,48.1264906],[16.4150978,48.126205],[16.4194459,48.1259457]]},"properties":{"voltage":"110000","name":"Wien S\u00fcdost - Wien Liesing"}},{"type":"Feature","geometry":{"type":"LineString","coordinates":[[16.4200385,48.1226537],[16.4210691,48.1210034],[16.4223621,48.1189709]]},"properties":{"voltage":"380000","name":""}},{"type":"Feature","geometry":{"type":"LineString","coordinates":[[16.6954187,48.0309966],[16.6916854,48.0309091]]},"properties":{"voltage":"380000","name":""}},{"type":"Feature","geometry":{"type":"LineString","coordinates":[[16.2353243,48.2010021],[16.2319233,48.2013138],[16.2280328,48.2020857],[16.2241115,48.202833],[16.2204534,48.2035587],[16.2166573,48.2043118],[16.2124234,48.205165],[16.2085326,48.2059371],[16.2057438,48.2080133],[16.2064613,48.2103945],[16.207269,48.2130748],[16.2079903,48.2154025],[16.2086561,48.2176058],[16.209528,48.2205166],[16.2103911,48.2234346],[16.2110575,48.2256456],[16.2115919,48.2274185],[16.2121178,48.2291633],[16.2126508,48.2309314],[16.2131729,48.2326633],[16.2131723,48.234399],[16.2131681,48.2360653],[16.2131534,48.237748],[16.2131597,48.2393405],[16.2131607,48.2407693],[16.2131338,48.2428508],[16.2131222,48.245884],[16.2131143,48.2479211],[16.2131055,48.2502152],[16.213097,48.2524216],[16.2130892,48.254471],[16.213077,48.2576635],[16.2116219,48.2603703],[16.2101163,48.2631709],[16.2086951,48.2658069],[16.2078165,48.2674487],[16.2079943,48.2700132],[16.2081286,48.2719492],[16.208309,48.2745509],[16.2084645,48.2775239],[16.2086714,48.2797769],[16.2088258,48.282002],[16.2089911,48.2843859],[16.2091241,48.2863031],[16.2114053,48.2890885],[16.2129702,48.2909992],[16.2144784,48.2928407],[16.2163066,48.2950727],[16.2184765,48.2977217],[16.2204982,48.3001897],[16.2220387,48.3020703],[16.2242717,48.3047959],[16.2257823,48.3066398],[16.2288795,48.307169],[16.2321829,48.3077335],[16.2353358,48.3082723],[16.2386424,48.3088373],[16.2394883,48.3099208],[16.2402082,48.310843],[16.2436924,48.3153858],[16.2474605,48.3156252],[16.2534225,48.3160039],[16.2598672,48.3164133],[16.2658904,48.3167959],[16.2698756,48.3170491],[16.2744952,48.3173425],[16.2791469,48.317638],[16.2829362,48.3178787],[16.2873977,48.3181621],[16.2915839,48.318428],[16.2955319,48.3186788],[16.3002766,48.3189802],[16.304306,48.3192151],[16.3085883,48.3194677],[16.3113961,48.3207266],[16.3135899,48.3217101],[16.3184747,48.3224405],[16.3232886,48.3231608]]},"properties":{"voltage":"110000","name":""}},{"type":"Feature","geometry":{"type":"LineString","coordinates":[[16.2353082,48.200799],[16.231859,48.2011284],[16.22795,48.2019016],[16.2240494,48.2026584],[16.220382,48.2033841],[16.2165623,48.20414],[16.2123439,48.2049869],[16.2083067,48.2057893],[16.2054967,48.2079184],[16.2062456,48.2104256],[16.2070512,48.2131222],[16.207777,48.2154374],[16.2084464,48.2176387],[16.2092438,48.2202773],[16.209967,48.222653],[16.2105197,48.2247317],[16.2113317,48.2274491],[16.2121271,48.2301108],[16.2128918,48.2326698],[16.2128801,48.2354608],[16.2128768,48.2382459],[16.2128608,48.2400866],[16.2128493,48.2428209],[16.2128369,48.2457925],[16.2128244,48.248761],[16.212812,48.2517398],[16.2127998,48.2546389],[16.2127873,48.2576311],[16.2113696,48.260268],[16.2099138,48.2629759],[16.2084507,48.2656969],[16.2074616,48.2675365],[16.2077021,48.2708484],[16.2079417,48.2741487],[16.2081817,48.2774784],[16.2084023,48.2804903],[16.2086271,48.2835852],[16.2088285,48.2863586],[16.2111291,48.2891658],[16.2131486,48.2916299],[16.2152129,48.2941486],[16.2172722,48.296661],[16.2192069,48.2990213],[16.221471,48.3017833],[16.2237052,48.3045087],[16.2256795,48.306917],[16.2296394,48.307566],[16.2340835,48.3082944],[16.238449,48.3090098],[16.2396705,48.3110186],[16.2403454,48.3119076],[16.2432636,48.3157511],[16.2469423,48.3159877],[16.2529058,48.3163712],[16.259283,48.3167813],[16.2656337,48.3171898],[16.2694883,48.3174377],[16.2740973,48.3177341],[16.2789954,48.3180491],[16.2831482,48.3183161],[16.287943,48.3186245],[16.2916644,48.3188638],[16.2952192,48.3190924],[16.2994314,48.3193633],[16.303054,48.3195962],[16.3068414,48.319843],[16.3106215,48.3216842],[16.3145324,48.3221046],[16.3185381,48.3227348],[16.3225515,48.3233542],[16.3265435,48.3239881],[16.3304463,48.3245913],[16.3358014,48.3254163],[16.3394119,48.325981],[16.3407793,48.3275384],[16.3412635,48.3303429]]},"properties":{"voltage":"110000","name":"Bisamberg \u2013 Wien West"}},{"type":"Feature","geometry":{"type":"LineString","coordinates":[[16.2357159,48.1995254],[16.2354242,48.1995765],[16.2333182,48.1996524],[16.2317651,48.2009033]]},"properties":{"voltage":"110000","name":""}},{"type":"Feature","geometry":{"type":"LineString","coordinates":[[16.2358624,48.1999025],[16.2355885,48.1999531],[16.2317651,48.2009033]]},"properties":{"voltage":"110000","name":""}},{"type":"Feature","geometry":{"type":"LineString","coordinates":[[16.2541138,48.1703117],[16.253976,48.1707789],[16.2531716,48.1733712],[16.2524784,48.1756399],[16.2526351,48.1779322],[16.2528024,48.1803309],[16.2529386,48.1824046],[16.2530825,48.1845609],[16.2531736,48.1858086],[16.2532351,48.1866505],[16.2510373,48.1882241],[16.2493655,48.189421],[16.2476575,48.1906455],[16.2455229,48.1921706],[16.2433398,48.193738],[16.2409553,48.1954548],[16.2385814,48.1971393],[16.2393411,48.1991395],[16.2377003,48.2000619]]},"properties":{"voltage":"110000","name":""}},{"type":"Feature","geometry":{"type":"LineString","coordinates":[[16.3897257,48.2572181],[16.3893136,48.2571796],[16.3864575,48.2588896],[16.3832673,48.2597457],[16.3809488,48.2626028],[16.3789415,48.2650699],[16.3774915,48.2668521],[16.3755207,48.2692741],[16.373241,48.2720756],[16.3707815,48.2750978],[16.3686902,48.2777063],[16.3669527,48.2803799],[16.3658673,48.2820272],[16.3639357,48.2843133],[16.3618601,48.2867741],[16.3597202,48.289311],[16.357535,48.2919015],[16.3551355,48.2947459],[16.353088,48.2971728],[16.3515729,48.3013022],[16.34917,48.3043048],[16.3468878,48.3071564],[16.3470793,48.3102657],[16.347235,48.3130733],[16.3490897,48.3153973],[16.3498341,48.3183081],[16.3506028,48.3213141],[16.3515002,48.3248227],[16.3523905,48.3283036],[16.353271,48.3317093],[16.3548665,48.3331815],[16.3577932,48.3359193],[16.3607005,48.3386141],[16.3635165,48.3412242],[16.3664859,48.3438587],[16.369653,48.3466686],[16.3725989,48.3492819],[16.3757337,48.3520628],[16.3784905,48.3545082],[16.3790581,48.3550064],[16.379651,48.3555268]]},"properties":{"voltage":"110000","name":"Bisamberg - Wien Nord"}},{"type":"Feature","geometry":{"type":"LineString","coordinates":[[16.2846449,48.0096733],[16.2842338,48.0090974],[16.2841964,48.0073411],[16.284144,48.0048851],[16.2871057,48.0032392],[16.2901177,48.0015659],[16.2944687,48.0015737],[16.2979995,48.0032653],[16.2998617,48.0053171],[16.301603,48.0072358],[16.3036233,48.0094618],[16.305518,48.0115494],[16.3074316,48.0136575],[16.3093185,48.0157363],[16.3112072,48.0178169],[16.3130236,48.0198179],[16.3150375,48.0220363],[16.3169533,48.0241466],[16.3188929,48.0262829],[16.3208335,48.0286802],[16.3228445,48.0311643],[16.3248826,48.0336819],[16.3270442,48.0363518],[16.3291798,48.0389895],[16.3312523,48.0415491],[16.3334863,48.044308],[16.3357086,48.0470523],[16.3379373,48.0498044],[16.3402625,48.0526754],[16.3399255,48.0550186],[16.339562,48.0575465],[16.3391701,48.0603188],[16.3389133,48.0620564],[16.3383906,48.0647507],[16.3379595,48.0669725],[16.3375158,48.0692594],[16.3370462,48.0716797],[16.3366019,48.0739692],[16.3362092,48.0759931],[16.3323527,48.0776222],[16.3289583,48.0790761],[16.3249993,48.0792255],[16.321154,48.0793707],[16.319039,48.0794454],[16.3160082,48.0795605],[16.3125317,48.0796957],[16.3098086,48.0797937],[16.3077895,48.0812316]]},"properties":{"voltage":"110000","name":"Wiener Neudorf - Traiskirchen"}},{"type":"Feature","geometry":{"type":"LineString","coordinates":[[16.805503,48.7125497],[16.8038029,48.7149107],[16.8019251,48.7175183],[16.7999076,48.7203198],[16.7981346,48.7227816],[16.7963331,48.7252829],[16.7944847,48.7278491],[16.7925971,48.7304697],[16.7902212,48.7329024],[16.7878308,48.7353498],[16.7856339,48.7375989],[16.7833885,48.7398977],[16.7809599,48.7423839],[16.7786407,48.7447579],[16.7763117,48.7471419],[16.7737705,48.7497429],[16.7739236,48.7514652],[16.771921,48.7542078],[16.769828,48.7570741],[16.7677458,48.7599254],[16.7657512,48.7626566],[16.7637853,48.7653483],[16.7618243,48.7680331],[16.7598319,48.7707609],[16.7578774,48.7734366],[16.7558656,48.7761906],[16.7538845,48.7789024],[16.7532794,48.7819325],[16.7526818,48.7849249],[16.7521053,48.7878109],[16.7515185,48.7907492],[16.7509648,48.7935212],[16.7503374,48.7966617],[16.7497504,48.7996004],[16.7491616,48.8025476],[16.7485742,48.8054874],[16.7473833,48.8083484],[16.7462562,48.8110557],[16.7451063,48.8138178],[16.7439832,48.8165154],[16.7427649,48.8194414],[16.7415741,48.8223014],[16.7403915,48.8251415],[16.7391956,48.8280131],[16.7381705,48.8304748],[16.7371315,48.8329695],[16.737526,48.8360587],[16.7379027,48.8390082],[16.7382723,48.8419024],[16.7386144,48.8445804],[16.7389578,48.8472688],[16.739303,48.8499708],[16.739652,48.8527023],[16.739995,48.8553871],[16.7403402,48.8581622],[16.7406983,48.8609708],[16.7410812,48.8638885],[16.7414198,48.8665384],[16.7418088,48.8695822],[16.742174,48.8724397],[16.7425633,48.8754853],[16.743151,48.8783036],[16.7437402,48.8811284],[16.7443282,48.8839474],[16.7449159,48.8867653],[16.7455006,48.8895683],[16.74609,48.8923939],[16.7466857,48.895249],[16.7472711,48.8980552],[16.7477531,48.9003653],[16.7480729,48.901898],[16.7487031,48.9049184],[16.7492688,48.9076292],[16.7499021,48.9106642],[16.7505216,48.9136323],[16.7511233,48.9165156],[16.7516327,48.918956],[16.7522408,48.9218694],[16.752872,48.924893],[16.7534605,48.9277121],[16.7540752,48.9306567],[16.7534576,48.9337677],[16.7529106,48.9365224],[16.7523239,48.9394775],[16.7517682,48.9422761],[16.7513839,48.9442112],[16.7509319,48.9464875],[16.7503453,48.9494411],[16.7498761,48.9518036],[16.7494741,48.9538279],[16.7494228,48.954086],[16.7489477,48.9564779],[16.7484733,48.9588665],[16.7480412,48.9610415],[16.7475584,48.963472],[16.7471878,48.9653378],[16.7465541,48.9685276],[16.7460774,48.9709268],[16.7455953,48.9733534],[16.7450148,48.9762747],[16.7444263,48.9792364],[16.7439357,48.981705],[16.7434687,48.9840549],[16.7431057,48.9858813],[16.7427482,48.9876802],[16.7442362,48.9897284],[16.7458244,48.9919144],[16.7477858,48.994614],[16.7493654,48.9967879],[16.7510646,48.9991264],[16.7525982,49.0012368],[16.7545137,49.0038728],[16.7564549,49.0065438],[16.7582998,49.0090823],[16.7604166,49.0119947],[16.7621167,49.0143338],[16.7638733,49.0167504],[16.7657537,49.0193371],[16.767626,49.0219127],[16.7695393,49.0245444],[16.7714213,49.027133],[16.773316,49.0297389],[16.7751499,49.032261],[16.7771115,49.0349587],[16.7789229,49.0374496],[16.7802153,49.0403297],[16.7815347,49.0432697],[16.7827478,49.0459727],[16.7840608,49.0488982],[16.7853507,49.0517721],[16.7866371,49.0546377],[16.7878751,49.0573958],[16.7892033,49.0603544],[16.790359,49.0629285],[16.791601,49.065695],[16.7926477,49.0680261],[16.793903,49.0708217],[16.7951983,49.0737062],[16.7922933,49.0755681],[16.7889872,49.0776872],[16.7856419,49.0798312],[16.7824334,49.0818875],[16.7793182,49.0838839],[16.7759951,49.0860134],[16.7726617,49.0881495],[16.7693427,49.0902762],[16.7650217,49.0917386],[16.7606173,49.0932291],[16.7566199,49.0945818],[16.7522382,49.0960646],[16.7482209,49.097424],[16.7438576,49.0989005],[16.7395164,49.1003694],[16.7353319,49.1017852],[16.7309154,49.1032125],[16.7267629,49.1046065],[16.723371,49.1057507],[16.7199769,49.106884],[16.7158332,49.1082736],[16.7127188,49.1093577],[16.7089626,49.1106614],[16.7053366,49.1119191],[16.7020712,49.1130492]]},"properties":{"voltage":"220000","name":""}},{"type":"Feature","geometry":{"type":"LineString","coordinates":[[17.1192865,48.8461527],[17.1184852,48.8450849],[17.1194208,48.8443067],[17.1199055,48.8438908],[17.1217747,48.8428077],[17.1244509,48.8403454],[17.1264713,48.8405445],[17.1282522,48.8407336],[17.1291075,48.8409955],[17.131504,48.8417209],[17.1347746,48.8427146],[17.1370517,48.8434065],[17.1393213,48.8441013],[17.1419603,48.8448973],[17.1443505,48.845614],[17.1466936,48.8463436],[17.1473598,48.8484675],[17.1480486,48.8506701],[17.1487092,48.8528149],[17.1494238,48.8551144],[17.1500229,48.8571652],[17.1507204,48.8594009],[17.1513721,48.8614575],[17.1518066,48.8629258],[17.1521199,48.8639563],[17.15263,48.8655937],[17.1531313,48.8672126],[17.1536164,48.8688379],[17.1541274,48.8704376],[17.1546286,48.872067],[17.1553466,48.874428],[17.1560128,48.8765656],[17.1565496,48.8783246],[17.1568326,48.8792362],[17.1570962,48.8800856],[17.1576847,48.8820294],[17.1597868,48.8831183],[17.1625435,48.8845434],[17.1654711,48.8860496],[17.1679911,48.8873412],[17.1707375,48.8887682],[17.1734852,48.890168],[17.1761365,48.8915462],[17.1788311,48.8929306],[17.1814257,48.8942739],[17.1817733,48.8964628],[17.182162,48.8989644],[17.1824959,48.9011802],[17.1828801,48.9033568],[17.1832185,48.9055965],[17.1835341,48.907785],[17.1840143,48.9114793],[17.1830401,48.9136825],[17.1820019,48.9157895],[17.1810369,48.9178032],[17.1798288,48.9202337],[17.1787971,48.9223439],[17.1776879,48.924609],[17.1766109,48.9268069],[17.1756046,48.928855],[17.174441,48.931234],[17.1733481,48.9334498],[17.1721975,48.9357897],[17.1710314,48.9381744],[17.1698653,48.9405551],[17.1686851,48.9429506],[17.1676136,48.9451316],[17.1664803,48.9474393],[17.1653308,48.9497695],[17.1642894,48.9519039],[17.1632384,48.95407],[17.1620774,48.956389],[17.1609584,48.9586335],[17.1598478,48.9609025],[17.1586569,48.963319],[17.1574968,48.9657067],[17.1565877,48.9675671],[17.1555573,48.9696527],[17.1544794,48.9718417],[17.1533022,48.9742342],[17.1521975,48.976473],[17.1500614,48.9781287],[17.1482188,48.9795632],[17.144046,48.9827525],[17.1461109,48.9847935],[17.1480958,48.9867384],[17.1495822,48.9881895],[17.1514183,48.9900284],[17.153543,48.992108],[17.1551112,48.9936314],[17.1571851,48.9957002],[17.1589555,48.9974088],[17.1605762,48.9990083]]},"properties":{"voltage":"110000","name":""}},{"type":"Feature","geometry":{"type":"LineString","coordinates":[[16.5826218,48.0263415],[16.582976,48.0273432],[16.5810172,48.0274724],[16.5775807,48.0277224],[16.5735084,48.027987],[16.5700913,48.0297238],[16.5670027,48.0312744],[16.5632988,48.0331309],[16.5600633,48.0347653],[16.5568541,48.0363834],[16.5535294,48.0380568],[16.550603,48.0395226],[16.5473861,48.0411434],[16.5440887,48.0427942],[16.5406749,48.0445135],[16.5371505,48.0462885],[16.5339821,48.0478826],[16.5309439,48.0494168],[16.5279737,48.050903],[16.5243007,48.0522478],[16.5209497,48.053473],[16.5173781,48.0547917],[16.5133867,48.0562548],[16.5099699,48.0575099],[16.5062993,48.0588672],[16.5029733,48.0600512],[16.4991586,48.0614615],[16.4954009,48.0628413],[16.4921063,48.0640513],[16.4888937,48.0652315],[16.485987,48.0662993],[16.4818533,48.0677952],[16.478343,48.069077],[16.4746285,48.0704442],[16.4711792,48.0717087],[16.4675324,48.0730383],[16.4637583,48.0744214],[16.4603635,48.0756674],[16.4589155,48.0778939],[16.4571419,48.0806488],[16.455402,48.0833717],[16.4553505,48.0834518],[16.4537949,48.085871],[16.4519239,48.0887674],[16.4502344,48.0914063],[16.4469804,48.0936799],[16.444071,48.0957496],[16.4409864,48.0979044],[16.438341,48.0997861],[16.4351023,48.1020642],[16.4323522,48.1039925],[16.4325313,48.1067503],[16.4326644,48.1091108],[16.4327914,48.1111181],[16.4329552,48.1138266],[16.4331294,48.1167217],[16.4333,48.1194491],[16.4334398,48.1218587],[16.4321031,48.1239298],[16.4304183,48.1265372],[16.4299601,48.1279319],[16.4294995,48.1293363],[16.4286833,48.1318501],[16.4281961,48.1345155]]},"properties":{"voltage":"110000","name":"G\u00f6tzendorf \u2013 Kledering"}},{"type":"Feature","geometry":{"type":"LineString","coordinates":[[16.5695894,47.9796171],[16.570172,47.9821078],[16.5718986,47.9849306],[16.5736201,47.9877447],[16.5753587,47.990576],[16.5775125,47.9931328],[16.5795259,47.9955257],[16.5813382,47.9976644],[16.5836654,48.0004559],[16.585766,48.002928],[16.5879145,48.0054665],[16.5900417,48.0080057],[16.5920434,48.01037],[16.5944843,48.0127522],[16.5971504,48.015354],[16.6000024,48.0174655],[16.6031569,48.0198009],[16.6055403,48.0215654],[16.6089949,48.0234066],[16.6126266,48.0253422],[16.6166765,48.0259919],[16.6195213,48.0264473],[16.6242483,48.0267785],[16.6280417,48.0270309],[16.6311836,48.0272741],[16.6352166,48.0275679],[16.6404515,48.0279499],[16.6453336,48.0282823],[16.6492884,48.0285624],[16.6543115,48.0289353],[16.659367,48.0292857],[16.6637404,48.0293924],[16.668135,48.0294876],[16.6720367,48.0295707],[16.6769126,48.0296735],[16.6822051,48.0297897],[16.686668,48.0298856],[16.6914578,48.0299851],[16.6941436,48.0300449]]},"properties":{"voltage":"110000","name":"Wasenbruck - Sarasdorf"}},{"type":"Feature","geometry":{"type":"LineString","coordinates":[[16.6195213,48.0264473],[16.6185608,48.0281188],[16.6173889,48.0301094],[16.617236,48.0334372],[16.6170904,48.0366057],[16.616963,48.0393784],[16.6168363,48.0421355],[16.6166956,48.0451977],[16.6165594,48.0481621],[16.6164347,48.0508752],[16.6163133,48.0535169],[16.6162015,48.0559476],[16.6160763,48.0586719],[16.6159527,48.0613617],[16.6158231,48.0641799]]},"properties":{"voltage":"110000","name":""}},{"type":"Feature","geometry":{"type":"LineString","coordinates":[[16.5166899,48.3377993],[16.5180681,48.3356675],[16.5193524,48.3338075],[16.5210659,48.3313259],[16.5227569,48.3288767],[16.5240143,48.3270556],[16.5256159,48.3247357],[16.5274251,48.3221151],[16.5293056,48.319391],[16.5308028,48.3172221],[16.5325591,48.3146776],[16.5342522,48.3122246],[16.5359006,48.3098363],[16.5374496,48.3075919],[16.5389479,48.3054209],[16.540825,48.3027008],[16.5424556,48.3003378],[16.5442335,48.2977613],[16.5462395,48.2959195],[16.5491328,48.293263],[16.5515303,48.2910616],[16.5539018,48.2888839],[16.5568483,48.2861781],[16.559083,48.2841259],[16.5614008,48.2819972],[16.5640596,48.2795553],[16.5667112,48.2771199],[16.5691371,48.2748917],[16.5666849,48.2720884],[16.5652159,48.270409],[16.5631232,48.2680163],[16.5610115,48.2656019],[16.5590731,48.2633856],[16.5570259,48.2610446],[16.5547574,48.2584505],[16.5525973,48.2559803],[16.5527639,48.2532871],[16.5529396,48.2504479],[16.5531191,48.2475459],[16.5532848,48.2448671],[16.5559869,48.2422813],[16.5588074,48.239582],[16.5608622,48.2376154],[16.5634272,48.2351604],[16.5624211,48.2324478],[16.5614054,48.2298118],[16.5604572,48.2273505],[16.5594341,48.2246947],[16.5584117,48.2220408],[16.5621887,48.2197736],[16.5659078,48.217541],[16.5691303,48.2156066],[16.5723715,48.2136607],[16.5757324,48.211643],[16.5791822,48.2095718],[16.5824431,48.2076139],[16.5858039,48.205596],[16.5892165,48.2035469],[16.5917464,48.2015693],[16.5942634,48.1996015],[16.5971081,48.1973776],[16.5996698,48.1953748],[16.6024036,48.1932373],[16.6051884,48.1910599],[16.6081682,48.1887299],[16.6111406,48.1864056],[16.6140464,48.1841332],[16.617229,48.1816443],[16.6203776,48.1791819],[16.6234938,48.1767447],[16.6264954,48.1743971],[16.6298276,48.1717907],[16.6324492,48.16974],[16.6353443,48.1674753],[16.6359207,48.1644898],[16.6363978,48.1620188],[16.6369144,48.1593433],[16.6374366,48.1566382],[16.6379476,48.1539909],[16.638479,48.1512385],[16.6390012,48.148533],[16.6394594,48.1461592],[16.6400868,48.1429085],[16.6404919,48.1408094],[16.640947,48.1384511],[16.6414682,48.1357501],[16.6418869,48.1335803],[16.6422695,48.1315975],[16.6430404,48.1276023],[16.6442899,48.1250183],[16.6454987,48.1224427],[16.6469155,48.1195311]]},"properties":{"voltage":"380000","name":"Bisamberg - Sarasdorf;Bisamberg - Wien-S\u00fcdost;Sarasdorf - Neusiedl an der Zaya"}},{"type":"Feature","geometry":{"type":"LineString","coordinates":[[16.6822111,48.0757396],[16.6800489,48.078288],[16.6785966,48.0805279],[16.677252,48.0825735],[16.6757767,48.0848454],[16.674163,48.0873187],[16.6725923,48.0897265],[16.6709343,48.0922788],[16.6696581,48.0942486],[16.6684102,48.0961584],[16.6667035,48.0982926],[16.6654055,48.0998996],[16.6632331,48.1026095],[16.6615263,48.1047011],[16.6596892,48.106971],[16.6579943,48.1091199],[16.6554353,48.1109209],[16.6532779,48.1124685],[16.6511393,48.1139778],[16.6489868,48.1154901],[16.6469155,48.1195311]]},"properties":{"voltage":"380000","name":"Bisamberg - Wien-S\u00fcdost"}},{"type":"Feature","geometry":{"type":"LineString","coordinates":[[16.3817769,48.35338],[16.3801132,48.3554714]]},"properties":{"voltage":"110000","name":"Bisamberg - Gerasdorf"}},{"type":"Feature","geometry":{"type":"LineString","coordinates":[[16.4650406,48.1996249],[16.4649706,48.2003816],[16.4639978,48.2033462],[16.4660238,48.205661],[16.4679244,48.2078342],[16.4695695,48.2108738],[16.4709798,48.2134919],[16.4697338,48.2151509],[16.4687326,48.2155058]]},"properties":{"voltage":"110000","name":"Stadlau-Donaustadt"}},{"type":"Feature","geometry":{"type":"LineString","coordinates":[[16.477152,48.1557106],[16.4793105,48.1572213],[16.4780629,48.1601347],[16.4768242,48.1630273],[16.4735643,48.1655147],[16.4710039,48.166237],[16.4684518,48.1669656],[16.4638719,48.1682519],[16.459228,48.1695635],[16.4548609,48.1707966],[16.4529881,48.1744657],[16.4493505,48.1755001],[16.4459036,48.1764802],[16.4419276,48.1775778],[16.4385885,48.180265],[16.4381189,48.1806028]]},"properties":{"voltage":"110000","name":"Simmering-Kaiserebersdorf"}},{"type":"Feature","geometry":{"type":"LineString","coordinates":[[16.4322606,48.1854991],[16.4330046,48.18665]]},"properties":{"voltage":"110000","name":"Kabelsteg"}},{"type":"Feature","geometry":{"type":"LineString","coordinates":[[15.6913228,48.2260659],[15.6931378,48.2271673]]},"properties":{"voltage":"380000","name":""}},{"type":"Feature","geometry":{"type":"LineString","coordinates":[[15.0460905,48.1478409],[15.0469547,48.1504404],[15.0488236,48.1530342],[15.0504657,48.1553558],[15.0522429,48.1577791],[15.0541187,48.1603839],[15.056097,48.1631485],[15.0577168,48.1653628],[15.0592864,48.167553],[15.0606601,48.1694598],[15.0626867,48.172235],[15.0642361,48.1743853],[15.0642311,48.1764378],[15.064208,48.1796176],[15.0641963,48.1826218],[15.0641453,48.1851241],[15.0641549,48.1880709]]},"properties":{"voltage":"220000","name":"Ybbsfeld - Ybbs-Persenbeug"}},{"type":"Feature","geometry":{"type":"LineString","coordinates":[[16.4637151,48.0274589],[16.4681583,48.0279973],[16.4726486,48.0285378],[16.4754123,48.0263249],[16.4780096,48.0242452],[16.4805073,48.0217558],[16.4831535,48.0191182],[16.4853165,48.0169621],[16.4856239,48.0146434],[16.485864,48.0128321],[16.4862373,48.0100152],[16.4870521,48.0071234],[16.4877276,48.0047258],[16.4885855,48.0016808],[16.4893612,47.9989272],[16.4900489,47.996486],[16.4907784,47.9938959],[16.4915326,47.9912183],[16.493628,47.9886402],[16.4957437,47.9860371],[16.4978217,47.9834801],[16.5000414,47.9807487],[16.5038292,47.9803441],[16.5084575,47.9798497],[16.5125036,47.9794225],[16.5162361,47.9790314],[16.5201386,47.9786277],[16.524001,47.9782282],[16.5281981,47.9777941],[16.5324129,47.9779241],[16.5370189,47.978066],[16.5411296,47.9781928],[16.5451034,47.9783153],[16.5495579,47.9784526],[16.5542226,47.9785964],[16.5584137,47.9787256],[16.5631424,47.9788714],[16.568019,47.9790217]]},"properties":{"voltage":"110000","name":"Moosbrunn - Wasenbruck"}},{"type":"Feature","geometry":{"type":"LineString","coordinates":[[16.4266973,48.151056],[16.4261542,48.1507924]]},"properties":{"voltage":"110000","name":"Simmering \u2013 Kledering"}},{"type":"Feature","geometry":{"type":"LineString","coordinates":[[16.3412635,48.3303429],[16.3440438,48.3309705],[16.3467317,48.3327901],[16.3495675,48.334757],[16.3522614,48.3366166],[16.3550827,48.3385776],[16.357784,48.3404358],[16.3606686,48.3424318],[16.3634727,48.3443412],[16.3662022,48.3462251],[16.3718352,48.3501179],[16.3738905,48.3518107],[16.3759366,48.3535025],[16.3780861,48.3552733]]},"properties":{"voltage":"110000","name":""}},{"type":"Feature","geometry":{"type":"LineString","coordinates":[[15.9033922,48.2108038],[15.90717,48.2117681],[15.9109743,48.2127361],[15.9145609,48.2136375],[15.9185756,48.2146509],[15.9225758,48.2157151],[15.9262615,48.2166532],[15.9300354,48.2176081],[15.9340222,48.2186273],[15.9377597,48.2195906],[15.9419887,48.2206805],[15.9449608,48.2214464],[15.9492114,48.2224913],[15.9534127,48.2236688],[15.9567279,48.2245839],[15.9599338,48.2254761],[15.963484,48.2264648],[15.9671702,48.2274887],[15.9707925,48.2284927],[15.9742879,48.2294663],[15.9776248,48.2303936],[15.9809834,48.2313191],[15.9840155,48.2321596],[15.9873379,48.2330819],[15.9902843,48.2338876],[15.9915207,48.2367895],[15.9927307,48.2396349],[15.99396,48.2424933],[15.9949243,48.244754],[15.9958029,48.2468146],[15.996763,48.2490565],[15.9978902,48.2516493],[15.9990313,48.2543287],[15.9998601,48.2562782],[16.0010019,48.2589399],[16.0020954,48.2615052],[16.0032195,48.2641257],[16.0043135,48.2666841],[16.0054871,48.2694145],[16.006595,48.2720032],[16.007712,48.2746361],[16.0091585,48.2761765],[16.0101751,48.2772591],[16.0106057,48.2777176],[16.0120114,48.2792145],[16.0126625,48.2799078],[16.0133401,48.2806292],[16.0146397,48.282013],[16.0148191,48.2822041],[16.0160123,48.2834745],[16.0172401,48.2847818],[16.0173372,48.2848852],[16.0186899,48.2863253],[16.0197958,48.2875028],[16.0201616,48.2878922],[16.0217007,48.2895308],[16.0232176,48.2911457],[16.0238401,48.2918085],[16.0247072,48.2927315],[16.0257386,48.2938294],[16.0276464,48.2958595],[16.0295246,48.2978601],[16.0314289,48.2998899],[16.0337012,48.302304],[16.0359675,48.3047139],[16.0379313,48.30681],[16.0396498,48.3086606],[16.0403696,48.3105055],[16.0410901,48.3123973]]},"properties":{"voltage":"110000","name":"Pottenbrunn - Tulln;Tulln - Neulengbach"}},{"type":"Feature","geometry":{"type":"LineString","coordinates":[[15.8888322,48.3286122],[15.8919869,48.3307495],[15.8951823,48.3329422],[15.8989184,48.3327734],[15.903239,48.332604],[15.9075993,48.3324361],[15.9120858,48.3322657],[15.9165415,48.3320872],[15.9211331,48.3319166],[15.9255562,48.3317405],[15.9298155,48.3315819],[15.9340325,48.3314162],[15.9376189,48.3312789],[15.9409476,48.3311515],[15.944074,48.3310273],[15.9475692,48.3309004],[15.9508875,48.3307668],[15.9543864,48.330629],[15.9580803,48.3291414],[15.9610382,48.3279542],[15.9642182,48.3266746],[15.9674777,48.3253586],[15.9717604,48.3242864],[15.9755372,48.3233512],[15.9792823,48.3223869],[15.9827214,48.321534],[15.985674,48.3208006],[15.9897335,48.3197902],[15.9939465,48.3187307],[15.997728,48.3177838],[16.0018545,48.3167461],[16.0059193,48.315725],[16.0100613,48.3146896],[16.0141368,48.3136616],[16.0180781,48.3126771],[16.0218476,48.3117299],[16.0260273,48.3123732],[16.0294324,48.3128994],[16.033668,48.3135449],[16.0373828,48.3141119],[16.039837,48.3144903],[16.0407089,48.3134868]]},"properties":{"voltage":"110000","name":"D\u00fcrnrohr - Tulln-West"}},{"type":"Feature","geometry":{"type":"LineString","coordinates":[[17.1929465,48.2199112],[17.19427,48.2187899],[17.1959304,48.2173555],[17.1974062,48.2160997],[17.1955984,48.2143678],[17.1922197,48.2136417],[17.1890622,48.2137012],[17.1866913,48.2137525],[17.1846051,48.2117247],[17.1826826,48.2098605],[17.1808294,48.2088949],[17.178979,48.2079231],[17.1771115,48.2069511],[17.1752914,48.2059885],[17.1732045,48.2049068],[17.1699527,48.2041795],[17.1658585,48.2032831],[17.1621615,48.2026322],[17.1589774,48.2018281],[17.1563691,48.2012025],[17.153193,48.2014018],[17.1515576,48.1996234],[17.1499228,48.1982377],[17.1483618,48.1966151],[17.1476974,48.1948672],[17.144723,48.1930429],[17.1441801,48.1916213],[17.1448029,48.1902472],[17.1463491,48.1895704]]},"properties":{"voltage":"110000","name":""}},{"type":"Feature","geometry":{"type":"LineString","coordinates":[[17.0568612,48.1478832],[17.0535058,48.1483425],[17.0498989,48.1488369],[17.0478783,48.1491136],[17.0452221,48.1494738],[17.0439512,48.1507131],[17.0420983,48.1525308],[17.0403556,48.1542383],[17.0389827,48.1555815],[17.037753,48.1567715],[17.0377885,48.158123],[17.037828,48.1600204],[17.037863,48.1616163],[17.0379111,48.1640656],[17.0391048,48.166881],[17.0405045,48.1701601],[17.0414687,48.1724546],[17.0424069,48.173463],[17.0450546,48.1738529],[17.0496494,48.1744875],[17.0529114,48.1749826],[17.0537166,48.175101],[17.0555151,48.1745202],[17.058966,48.173406],[17.0615489,48.1731505]]},"properties":{"voltage":"110000","name":""}},{"type":"Feature","geometry":{"type":"LineString","coordinates":[[17.1898016,48.4564001],[17.1898822,48.4555771],[17.1891472,48.4548215]]},"properties":{"voltage":"110000","name":""}},{"type":"Feature","geometry":{"type":"LineString","coordinates":[[16.9856518,48.2307514],[16.9848713,48.2307907],[16.9835812,48.2325059],[16.9821468,48.2344023],[16.9805867,48.2364686],[16.9789065,48.2387073],[16.977396,48.240731],[16.9753811,48.2433852],[16.9759822,48.2457435],[16.976703,48.2484965],[16.979462,48.2497812],[16.9823289,48.2511046],[16.985205,48.2524482],[16.9879715,48.2537365],[16.9914143,48.2553653],[16.9947161,48.2568975],[16.9979506,48.258406],[17.0011995,48.2599301],[17.0040987,48.2612982],[17.0039056,48.2633886],[17.0037235,48.2651713],[17.0035194,48.2672281],[17.0033383,48.2691943],[17.0033912,48.2714435],[17.0034428,48.2738606],[17.0034912,48.2761511],[17.0035443,48.2788822],[17.0036012,48.2815066],[17.0036613,48.2842004],[17.0037105,48.2861185],[17.0037662,48.2881736],[17.0054584,48.2882492],[17.0079152,48.2883388],[17.0110298,48.2884598],[17.0148142,48.2892974],[17.0184654,48.2901272],[17.0219528,48.2909066],[17.0248261,48.2915609],[17.0281466,48.29232],[17.031796,48.2931408],[17.0322362,48.2956653],[17.0327388,48.298624],[17.0332476,48.3015699],[17.0336832,48.3040369]]},"properties":{"voltage":"110000","name":""}},{"type":"Feature","geometry":{"type":"LineString","coordinates":[[17.0005072,48.4210773],[16.9990913,48.4184645],[16.997888,48.416366],[16.9962937,48.4138067],[16.9948624,48.4113884],[16.9934216,48.4089669],[16.9919689,48.4064666],[16.9904712,48.4039472],[16.9891408,48.4016616],[16.9878714,48.3995382],[16.9869478,48.3978584],[16.9856388,48.3956238],[16.9843674,48.3934232],[16.9830724,48.3912374],[16.9820231,48.3894343],[16.9805793,48.3869619],[16.9809151,48.3843341],[16.981268,48.3815823],[16.9815683,48.3792622],[16.981771,48.377601],[16.9820285,48.3753661],[16.9824202,48.3727064],[16.9826879,48.3705607],[16.9829254,48.3685725],[16.9832646,48.3658733],[16.9836079,48.3632052],[16.9839167,48.3608558],[16.984198,48.3586452],[16.9843819,48.3566861],[16.9846707,48.3544313],[16.984948,48.3522508],[16.9852918,48.3499255],[16.986388,48.3480235],[16.9877959,48.3455483],[16.9891966,48.3430272],[16.9906242,48.3405701],[16.9920335,48.33806],[16.9934538,48.3355788],[16.9954979,48.3319562]]},"properties":{"voltage":"110000","name":""}},{"type":"Feature","geometry":{"type":"LineString","coordinates":[[16.2367612,48.1996664],[16.2373794,48.1996254],[16.2378772,48.1999251]]},"properties":{"voltage":"55000","name":"Auhof - H\u00fctteldorf"}},{"type":"Feature","geometry":{"type":"LineString","coordinates":[[16.4299191,48.3275127],[16.4300999,48.3275097]]},"properties":{"voltage":"110000","name":""}},{"type":"Feature","geometry":{"type":"LineString","coordinates":[[15.6873796,48.4104664],[15.6826141,48.4101043],[15.6779356,48.4097396],[15.6732607,48.4093791],[15.6685711,48.4090172],[15.6640406,48.4086637],[15.6593722,48.4082986],[15.6556577,48.4080163],[15.6517699,48.4077167]]},"properties":{"voltage":"110000","name":"Stratzdorf - Krems;Stratzdorf - H\u00fctte Krems"}},{"type":"Feature","geometry":{"type":"LineString","coordinates":[[15.6501721,48.4063067],[15.6462418,48.4070817],[15.6427208,48.4084273],[15.6391813,48.4097896],[15.6353413,48.4098407],[15.6316835,48.4098865],[15.6272386,48.4099382],[15.6246141,48.4097917],[15.6228717,48.4083457],[15.6211792,48.4069316],[15.6174471,48.4066886],[15.6135332,48.4064399],[15.6102626,48.406223],[15.6071956,48.4059952],[15.6067989,48.4065452]]},"properties":{"voltage":"110000","name":"Stratzdorf - Krems"}},{"type":"Feature","geometry":{"type":"LineString","coordinates":[[16.4031491,48.8452351],[16.4040532,48.845266],[16.4065063,48.845341],[16.4092125,48.8454779],[16.4115608,48.8455488],[16.4139593,48.8456244],[16.4166522,48.845719],[16.4187922,48.8457851],[16.4209362,48.8458252],[16.4221341,48.8453809],[16.4230266,48.8436982],[16.4239162,48.8420838],[16.4247249,48.8405358],[16.4256481,48.8388548],[16.4262816,48.8376971],[16.4272153,48.8359658],[16.4289856,48.8350534],[16.4306562,48.8342555],[16.4324644,48.8333641],[16.4345529,48.8323317],[16.4362104,48.8315164],[16.4386084,48.8303731],[16.4407903,48.8292791],[16.4428886,48.8282721],[16.445097,48.8271897],[16.4473054,48.8261508],[16.4491965,48.8251989],[16.451427,48.8241048],[16.4527249,48.8233596],[16.4559716,48.8231757],[16.4586068,48.8232558],[16.4608468,48.823333],[16.4632596,48.8234183],[16.4659587,48.8235232],[16.4684127,48.8235962],[16.4706164,48.8236746],[16.4731794,48.8234974],[16.4756951,48.8233258],[16.478195,48.8231594],[16.4806949,48.8230164],[16.4831,48.8228344],[16.4851655,48.8226992],[16.4872388,48.8225588],[16.4893517,48.8224366],[16.4924598,48.8222234],[16.4943396,48.8221792],[16.4961721,48.822148],[16.4989761,48.8220882],[16.5016616,48.822031],[16.5043234,48.8219841],[16.5071708,48.8219165],[16.509959,48.8218567],[16.5118985,48.8218002],[16.5139069,48.8227178],[16.5156722,48.8235291],[16.5176587,48.8244469],[16.5194643,48.8252711],[16.5216179,48.8262418],[16.5237406,48.8271875],[16.5258189,48.8281462],[16.5277738,48.8290139],[16.5294029,48.8297679],[16.5312812,48.8305826],[16.5335091,48.8302215],[16.535868,48.8298386],[16.5381776,48.8294662],[16.5408988,48.8290397],[16.5435955,48.8285969],[16.5461501,48.8281744],[16.5488653,48.8277154],[16.5517843,48.8272445],[16.554277,48.8268176],[16.5567083,48.8264195],[16.5593247,48.8260092],[16.5618917,48.8255867],[16.5642798,48.8251967],[16.566927,48.8247498],[16.5696444,48.8243041],[16.5711114,48.8233617],[16.5724653,48.8224853],[16.5739998,48.8214456],[16.5758648,48.8202559],[16.5776055,48.819113],[16.5793655,48.8180111],[16.5811988,48.8168588],[16.5830384,48.8156818],[16.5847975,48.8145787],[16.5866516,48.8134353],[16.5887931,48.81306],[16.5908846,48.8126905],[16.5931273,48.8122935],[16.5954028,48.8118617],[16.597489,48.8115109],[16.5996986,48.8111145],[16.6021752,48.8114858],[16.6046512,48.8118719],[16.606271,48.8121004],[16.6083422,48.8124127],[16.6106626,48.8127768],[16.6131408,48.8131637],[16.6154264,48.813518],[16.6178821,48.8138805],[16.6201718,48.8145106],[16.6221296,48.8150622],[16.6230515,48.8152369]]},"properties":{"voltage":"110000","name":""}},{"type":"Feature","geometry":{"type":"LineString","coordinates":[[16.6237483,48.815399],[16.6225737,48.8161963],[16.6201835,48.818321],[16.617756,48.8205095],[16.6153509,48.8226783],[16.6128263,48.8249109],[16.6104884,48.8270057],[16.6085016,48.8288004],[16.6083223,48.831372],[16.6080983,48.834091],[16.607919,48.8367016],[16.6077397,48.8391597],[16.6075605,48.8417504],[16.6073364,48.8445622],[16.6075978,48.8475262],[16.6078219,48.8500231],[16.6080161,48.8526919],[16.6073364,48.8557193],[16.6046251,48.8579897]]},"properties":{"voltage":"110000","name":""}},{"type":"Feature","geometry":{"type":"LineString","coordinates":[[15.0052237,48.1501477],[15.0041133,48.1498785],[15.0001816,48.1489253],[14.9970181,48.1485967],[14.9935332,48.1482256],[14.9897012,48.147824],[14.9856836,48.1473977],[14.9821178,48.1470083],[14.979168,48.1471681],[14.9757727,48.147352],[14.9724141,48.1475339],[14.9685223,48.1477447],[14.9648555,48.1479433],[14.9612047,48.148141],[14.9567225,48.1483837],[14.9528617,48.1485928],[14.9488985,48.1488075],[14.9450126,48.1490179],[14.9405749,48.1493425],[14.9360373,48.1497003],[14.93138,48.1500674],[14.9268538,48.1504173],[14.9229648,48.1507179],[14.9188182,48.1510384],[14.9151337,48.1513232],[14.9106669,48.1516685],[14.9061667,48.1520163],[14.9019242,48.1523442],[14.8982792,48.152626],[14.8948063,48.1528944],[14.8910491,48.1528458],[14.8871128,48.1527948],[14.882982,48.1527413],[14.8787103,48.1526859],[14.8746337,48.1526332],[14.8710655,48.1525869],[14.8671942,48.1525368],[14.8634208,48.1525935],[14.859552,48.1526517],[14.8559626,48.1527056],[14.8523249,48.1527603],[14.8482735,48.1528212],[14.844648,48.1528759],[14.8405554,48.1529372],[14.8367471,48.1529944],[14.8329542,48.1520797],[14.8287423,48.1510638],[14.8248581,48.150127],[14.8211229,48.1492261],[14.8175094,48.1483546],[14.8143556,48.1475939],[14.8111118,48.1468115],[14.8069739,48.1458134],[14.8033583,48.1449413],[14.8000156,48.1441349],[14.7965747,48.1433049],[14.7931591,48.142481],[14.7891238,48.1415076],[14.7849551,48.140502],[14.7810564,48.1395614],[14.7768929,48.138557],[14.7737388,48.1377961],[14.7697598,48.1368362],[14.7657696,48.1358736],[14.7626487,48.1351206],[14.7589651,48.1342319],[14.7553662,48.1333636],[14.7525625,48.1326872],[14.7486172,48.1317353],[14.7453377,48.130944],[14.742246,48.130198],[14.7395928,48.1295579],[14.7357335,48.1296769],[14.7320079,48.1297917],[14.7283358,48.1299049],[14.7248837,48.1300113],[14.7206067,48.1301432],[14.71626,48.1302772],[14.7116513,48.1304193]]},"properties":{"voltage":"220000","name":""}},{"type":"Feature","geometry":{"type":"LineString","coordinates":[[16.0882055,48.745999],[16.0899876,48.7487802],[16.0917875,48.7517458],[16.093632,48.7547821],[16.0954945,48.7578468],[16.0972737,48.7607783],[16.0991764,48.76391],[16.1009715,48.7668814],[16.1027745,48.7698405],[16.1043656,48.7727836],[16.1060342,48.7758683],[16.1077633,48.7790673],[16.1090898,48.78154],[16.1107779,48.7846681],[16.1123189,48.7875344],[16.1140146,48.7906882],[16.1156066,48.7936507],[16.1173878,48.7969602],[16.1188436,48.7996611],[16.1206673,48.8030481],[16.1221801,48.8058509],[16.1238677,48.8089838],[16.12547,48.8119595],[16.1260342,48.8135357],[16.1274489,48.8175055],[16.1290013,48.8218563],[16.1301748,48.8251133],[16.1311855,48.8279589],[16.1322501,48.8309359],[16.1338157,48.8353437],[16.1350902,48.8388816],[16.1365667,48.8430106],[16.138317,48.8476307],[16.1401338,48.8523738],[16.1415019,48.8559627],[16.1425885,48.8587997],[16.1417916,48.8608458],[16.1404735,48.8641999],[16.139282,48.8672473],[16.1380242,48.8704363],[16.1368544,48.8734068],[16.1357354,48.876294],[16.134508,48.8793833],[16.1335097,48.8819455],[16.1352418,48.8833756],[16.138263,48.8859136],[16.1415279,48.8886006],[16.1442726,48.8908787],[16.1477515,48.8937742],[16.1508206,48.896376],[16.1536707,48.8986844],[16.156352,48.9009335],[16.159261,48.9033184],[16.1587777,48.9061007],[16.1582722,48.9092987],[16.15777,48.912378],[16.1573229,48.9150426],[16.1568878,48.917807],[16.1562612,48.920309],[16.1559646,48.9235297],[16.1556041,48.9258352],[16.1551014,48.9287721],[16.1546307,48.9315331],[16.1540686,48.9347579],[16.1536114,48.9377238],[16.1532416,48.9402279],[16.1529054,48.9421824],[16.1525101,48.9446333],[16.1521401,48.9469398],[16.1516553,48.9497037],[16.1510666,48.9531816],[16.1505769,48.9561477],[16.1501486,48.9589343],[16.1496904,48.9615711],[16.1482625,48.9637413],[16.1462173,48.9668028],[16.1446503,48.9691394],[16.1424704,48.9724062],[16.140668,48.9751152],[16.1389174,48.9777442],[16.1370175,48.9805853],[16.1353726,48.9830616],[16.137335,48.9853462],[16.1397467,48.9881486],[16.1422526,48.9910415],[16.1443532,48.99352],[16.1457755,48.9951813],[16.1481896,48.9980002],[16.1506357,49.0009068],[16.1529868,49.0035991],[16.154996,49.0059242],[16.1567124,49.0079675],[16.1570911,49.0099009],[16.1575249,49.0120711],[16.1579947,49.0142788],[16.1583487,49.0161712],[16.1589281,49.0190108],[16.1595472,49.0219679],[16.1600985,49.0247968],[16.160595,49.0273569],[16.161248,49.0305166],[16.1617563,49.0331093],[16.1622625,49.0355824],[16.162763,49.0380798],[16.1635271,49.0419409],[16.1619567,49.0434353],[16.1597883,49.0455854],[16.1582745,49.0470181],[16.1577907,49.0484498],[16.1569395,49.0508943],[16.1560639,49.0534031],[16.1550901,49.0561612],[16.1543902,49.0581594],[16.1535715,49.0605532],[16.1526679,49.0631287],[16.1504532,49.0645029],[16.1476503,49.0662727],[16.1445843,49.0682161],[16.141795,49.0699658],[16.1392211,49.071588],[16.1364597,49.0733083],[16.1338207,49.0749668],[16.1317188,49.076858],[16.1290983,49.0792039],[16.1267427,49.0813233],[16.1254951,49.0837788],[16.1241272,49.086484],[16.1227605,49.0891837],[16.1212794,49.0921026],[16.1197141,49.0952039],[16.1181865,49.0981665],[16.1172983,49.0999379],[16.1180779,49.1009515]]},"properties":{"voltage":"400000","name":"Slav\u011btice - D\u00fcrnrohr"}},{"type":"Feature","geometry":{"type":"LineString","coordinates":[[16.3163716,48.3636814],[16.3163784,48.3636789],[16.3124305,48.3651459],[16.309375,48.3662892],[16.3059765,48.3675453],[16.3058756,48.3675795],[16.3032411,48.3685699],[16.3003736,48.3707335],[16.297432,48.3729309],[16.2946632,48.3750124],[16.2919137,48.3770701],[16.288495,48.3783913],[16.2851455,48.3796883],[16.2815174,48.3810791],[16.2781902,48.3823846],[16.2744912,48.3838126],[16.271093,48.3851237],[16.2679602,48.386338],[16.2647701,48.3875664],[16.2610458,48.3890194],[16.2574679,48.3903806],[16.253957,48.3917366],[16.2500677,48.3932421],[16.2464874,48.3946232],[16.2433356,48.3958453],[16.2389277,48.3963895],[16.2353951,48.396825],[16.2317909,48.3972657],[16.2280228,48.3977354],[16.2238071,48.3982405],[16.2201756,48.39869],[16.2161959,48.3991486],[16.2118619,48.399698],[16.2078227,48.4002009],[16.2036676,48.398937],[16.2033744,48.3959817],[16.205822,48.3939323],[16.2059299,48.3938233]]},"properties":{"voltage":"110000","name":"Bisamberg - Stockerau;Korneuburg - Stockerau"}},{"type":"Feature","geometry":{"type":"LineString","coordinates":[[16.3163784,48.3636789],[16.3319875,48.3585135]]},"properties":{"voltage":"110000","name":"Bisamberg - Stockerau"}},{"type":"Feature","geometry":{"type":"LineString","coordinates":[[16.6222039,48.8149177],[16.6188464,48.8139748],[16.6190951,48.8114573],[16.6192859,48.8090599],[16.6197024,48.805062],[16.6199338,48.8027148],[16.6201611,48.8003774],[16.6204499,48.797773],[16.62061,48.7963605],[16.6209208,48.7932536],[16.6251891,48.7918734],[16.6287307,48.7938029],[16.6318741,48.7955296],[16.6346371,48.7970937],[16.6377745,48.7967641],[16.642175,48.7963298],[16.6464861,48.7947451],[16.6501634,48.793435],[16.6531987,48.7943633],[16.6560964,48.7952312],[16.6595126,48.7962491],[16.6634019,48.7949155],[16.666787,48.7937881],[16.6701269,48.7926546],[16.6735095,48.7915316],[16.6775959,48.7921911],[16.6804477,48.792664],[16.684644,48.7914217],[16.6875597,48.7905409],[16.6913724,48.7892996],[16.6943099,48.7895028],[16.6975998,48.7897077],[16.7017292,48.7899717],[16.705382,48.7888324],[16.7091322,48.7876707],[16.7126746,48.7865476],[16.7157961,48.785607],[16.7188058,48.7846769],[16.7224601,48.784361],[16.7264659,48.7840276],[16.7300456,48.7837187],[16.7335187,48.7831676],[16.7662549,48.7853193],[16.7698333,48.7864346],[16.7730472,48.7874341],[16.776355,48.788767],[16.779655,48.7900924],[16.7821265,48.7897056],[16.7849212,48.7893008],[16.7883075,48.7887883],[16.79204,48.7882182],[16.7943635,48.7871574],[16.7974191,48.7858222],[16.8006694,48.7859938],[16.804591,48.7862074],[16.808683,48.7864383],[16.8115596,48.787326],[16.8150297,48.7884178],[16.8190121,48.7901926],[16.8215902,48.7908767],[16.8259498,48.7920199],[16.8288444,48.7901223],[16.8310594,48.7886297],[16.8331313,48.7872122],[16.8330196,48.7856245],[16.8328503,48.7835006],[16.8326303,48.7806515],[16.8324157,48.7779928],[16.8340251,48.7756343],[16.835297,48.77388],[16.8368638,48.7717095],[16.8383076,48.7696617],[16.8401421,48.7671324],[16.8418205,48.7647568],[16.8436553,48.7621782],[16.8450506,48.7602085],[16.8464756,48.7586956],[16.8483835,48.7566614],[16.850268,48.7546624],[16.8518758,48.7522275],[16.8533996,48.750419],[16.8555924,48.7499566],[16.8593295,48.7491664],[16.861783,48.7475909],[16.8643265,48.7459574],[16.866463,48.7445882],[16.8674389,48.7439617],[16.8706754,48.7432245],[16.8712464,48.7419661],[16.8739279,48.7416244],[16.8757038,48.7396604],[16.8776587,48.7385817],[16.8797412,48.7374259],[16.8821969,48.7372928],[16.8853925,48.7378149],[16.887801,48.7388387],[16.8905642,48.7400068],[16.8934174,48.7411959],[16.8960641,48.7423664],[16.8991768,48.7437243],[16.9019736,48.7449465],[16.9044144,48.7460121],[16.9068318,48.7470845],[16.9096066,48.7482925],[16.9125395,48.7495975],[16.9152455,48.7507861],[16.9178466,48.7519383],[16.9181366,48.7540531],[16.9184997,48.7564801],[16.9188618,48.7589454],[16.9191961,48.7613672],[16.9194479,48.7636759],[16.917708,48.7656814],[16.9158847,48.7677826],[16.9140342,48.7699042],[16.9120476,48.7722077],[16.9109836,48.7734631],[16.9100999,48.7755819],[16.9093699,48.777308],[16.9086017,48.7792366],[16.9077636,48.7812779]]},"properties":{"voltage":"110000","name":""}},{"type":"Feature","geometry":{"type":"LineString","coordinates":[[16.3817769,48.35338],[16.3814681,48.356763],[16.3786475,48.3586748]]},"properties":{"voltage":"400000","name":"Bisamberg - Wien Nord 2"}},{"type":"Feature","geometry":{"type":"LineString","coordinates":[[15.6886725,48.4087221],[15.6881714,48.4068694],[15.6851325,48.4049316],[15.6826735,48.4033971],[15.6803281,48.4019412],[15.6808428,48.3986327],[15.6811712,48.3964859],[15.6805298,48.3945998],[15.6796426,48.391969],[15.6787638,48.3893858],[15.6778991,48.3868382],[15.6764958,48.3827594],[15.6751398,48.3788398],[15.6746815,48.3774846],[15.672635,48.3759035],[15.6705668,48.3743012],[15.6683844,48.3726215],[15.6666781,48.3713085],[15.6647793,48.3698274],[15.66368,48.3677344],[15.6626932,48.3658415],[15.6606203,48.3644618],[15.6583463,48.3629481],[15.6555077,48.3610473],[15.6558085,48.3589958],[15.6561289,48.3569114],[15.6565134,48.3543529],[15.6552741,48.3520618],[15.6540775,48.3498066],[15.6530109,48.3478066],[15.6520501,48.3460145],[15.6506637,48.3433994],[15.6493671,48.3409731],[15.6481044,48.3386158],[15.6468584,48.3362856],[15.6456539,48.3340306],[15.6443444,48.3315727],[15.6431941,48.3294303],[15.6436107,48.3267096],[15.6423164,48.3239437],[15.6437496,48.3215554],[15.6449877,48.3195737],[15.6454255,48.3171907],[15.6459093,48.3146336],[15.6463842,48.3120577],[15.6468635,48.3094778],[15.6473119,48.3070986],[15.6477542,48.3047308],[15.6482161,48.3022414],[15.6485789,48.3002846],[15.6489851,48.2981373],[15.6494812,48.2956486],[15.6499415,48.2933063],[15.6503711,48.2912149],[15.6507841,48.2891583],[15.651208,48.2870346],[15.6517422,48.2843689],[15.6522041,48.2820775],[15.6527302,48.2794455],[15.6532105,48.2770337],[15.6537019,48.2745492],[15.6541503,48.272323],[15.6547148,48.2695018],[15.6551736,48.267211],[15.6556257,48.2648835],[15.6561472,48.2623522],[15.6565866,48.2601419],[15.6570659,48.2577486],[15.6575074,48.2555447],[15.6579958,48.2531116],[15.6585009,48.2505936],[15.6589985,48.2480891],[15.6594818,48.2456584],[15.6600219,48.2429697],[15.660775,48.2407399],[15.6612309,48.2393876],[15.6635387,48.2382212],[15.666483,48.2367346],[15.6687925,48.2355609],[15.6714908,48.2342029],[15.674544,48.2326596],[15.6773484,48.231237],[15.6804104,48.229686],[15.6831623,48.2282837],[15.6859491,48.2268876],[15.6888882,48.2253995]]},"properties":{"voltage":"110000","name":"Pottenbrunn - Stratzdorf"}},{"type":"Feature","geometry":{"type":"LineString","coordinates":[[16.5041115,48.3609219],[16.5041299,48.3611633]]},"properties":{"voltage":"110000","name":"Bisamberg - Mistelbach"}},{"type":"Feature","geometry":{"type":"LineString","coordinates":[[16.6214511,48.5434775],[16.6224603,48.5432843]]},"properties":{"voltage":"110000","name":""}},{"type":"Feature","geometry":{"type":"LineString","coordinates":[[15.6898154,48.4087761],[15.6922616,48.4067369],[15.694949,48.4044656],[15.6974167,48.4023944],[15.7000121,48.4001998],[15.7021366,48.3984037],[15.7045967,48.3963366],[15.705602,48.3954853]]},"properties":{"voltage":"110000","name":""}},{"type":"Feature","geometry":{"type":"LineString","coordinates":[[15.6890577,48.408702],[15.6914827,48.4065748],[15.6939371,48.4043988],[15.6963614,48.4022465],[15.6986672,48.4002046],[15.7012819,48.3978988],[15.7034681,48.3959622],[15.7052868,48.3948845]]},"properties":{"voltage":"110000","name":""}},{"type":"Feature","geometry":{"type":"LineString","coordinates":[[15.7075179,48.3926819],[15.7112098,48.3924598],[15.715479,48.3922012],[15.7204599,48.3919049],[15.7233828,48.3894004],[15.7263007,48.3869025],[15.7255257,48.3842996],[15.7244077,48.3805555],[15.7237313,48.3783211],[15.7230485,48.3760222],[15.7253092,48.3730642],[15.7274116,48.3702979],[15.7295181,48.3675349],[15.7285172,48.3657826],[15.7268251,48.3628139],[15.7251574,48.3598885],[15.7234954,48.3569654],[15.721755,48.353908],[15.7203171,48.3513888],[15.7189767,48.3490387],[15.7176534,48.3467121],[15.7161366,48.3440572],[15.7144895,48.3411531],[15.7127401,48.3380839],[15.7110884,48.3351867],[15.7094002,48.3322269]]},"properties":{"voltage":"380000;110000","name":"Etzersdorf - Thei\u00df;Pottenbrunn - Thei\u00df"}},{"type":"Feature","geometry":{"type":"LineString","coordinates":[[15.6896633,48.4104855],[15.6940927,48.4098305],[15.6987201,48.4091473],[15.702636,48.4085701],[15.7065139,48.4080047],[15.7102103,48.407463],[15.7139061,48.4069141],[15.715384,48.4046616],[15.7171867,48.4019002],[15.7190647,48.3990165],[15.7206566,48.3965604],[15.722123,48.3943133],[15.7236166,48.3920325],[15.7253904,48.3893031],[15.7268396,48.3870848],[15.7259381,48.3840794],[15.7247203,48.3800157],[15.7240732,48.377834],[15.7235482,48.3760756],[15.7254295,48.3735996],[15.7273584,48.3710722],[15.7294784,48.3682908],[15.7316128,48.3654665],[15.7354041,48.3643181],[15.7398144,48.3629586],[15.7435953,48.3618088],[15.747432,48.3606262],[15.7512474,48.3594667],[15.755156,48.3582816],[15.7597091,48.3583011],[15.7640644,48.3583372],[15.7684636,48.3583752],[15.7726552,48.3576364],[15.7770617,48.3568461],[15.7814077,48.356079],[15.7852965,48.3553796],[15.7894486,48.354661],[15.7938903,48.3538524],[15.7980931,48.3531009],[15.8023494,48.3523317],[15.8068673,48.3515279],[15.8113187,48.3507274],[15.8159489,48.3498996],[15.8201799,48.3491475],[15.8240408,48.3484503],[15.8283256,48.3476866],[15.8323951,48.3469616],[15.8363841,48.3462447],[15.8409923,48.3461129],[15.8456312,48.3459871],[15.8498978,48.3458693],[15.8547404,48.345732],[15.8591917,48.3456056],[15.8635986,48.3454817],[15.8678615,48.3453673],[15.8709782,48.3434689],[15.8745347,48.3412838],[15.8779656,48.3391869],[15.8814067,48.3370868],[15.8845963,48.3351495],[15.8876287,48.333279],[15.8880022,48.3310674],[15.8877556,48.3286749]]},"properties":{"voltage":"110000","name":"D\u00fcrnrohr - Stratzdorf"}},{"type":"Feature","geometry":{"type":"LineString","coordinates":[[16.0632987,48.1764589],[16.0623484,48.1761142],[16.0579805,48.1756339],[16.0552672,48.1765554],[16.0538939,48.1793053],[16.0505941,48.1798081],[16.0475077,48.180002],[16.0433337,48.1802642],[16.0392959,48.1805179],[16.0367622,48.1819384],[16.0342475,48.1833035],[16.0323857,48.1835942],[16.0295844,48.1851061],[16.0262033,48.1869241],[16.022708,48.1887988],[16.0194599,48.1905665],[16.015995,48.1924353],[16.0125296,48.1943177],[16.0092967,48.1960553],[16.0058198,48.1979265],[16.0037873,48.2008021],[16.0019005,48.2034171],[15.9998998,48.2062295],[15.9970349,48.2087016],[15.9932501,48.2104172],[15.9894393,48.2121633],[15.9862809,48.2135915],[15.9827746,48.2151818],[15.9796694,48.2166019],[15.9766556,48.2179752],[15.9732223,48.2195259],[15.9694685,48.2212544],[15.9661364,48.2216443],[15.9625217,48.2220783],[15.9588596,48.2225269],[15.9567279,48.2245839]]},"properties":{"voltage":"110000","name":""}},{"type":"Feature","geometry":{"type":"LineString","coordinates":[[15.9770662,48.2208108],[15.973558,48.2198346],[15.9697948,48.2215544],[15.9663912,48.2231169],[15.9624835,48.2247173],[15.9586377,48.2262821],[15.9548792,48.2278148],[15.9511092,48.22935],[15.9472972,48.2309036],[15.9435761,48.2324297],[15.9398257,48.2339623],[15.936023,48.235506],[15.9326658,48.236867],[15.9287587,48.2384647],[15.9259743,48.2392863],[15.9228599,48.2402152],[15.9196806,48.2410728],[15.9163506,48.2420235],[15.9129165,48.2430039],[15.9088716,48.244176],[15.9051159,48.245232],[15.9005949,48.2465731],[15.8969,48.2476509],[15.892321,48.2478786],[15.8878794,48.2481008],[15.8835334,48.2483309],[15.8789856,48.2485892],[15.8746367,48.2488466],[15.8701256,48.2490668],[15.8659355,48.2493122],[15.8614486,48.2495482],[15.8570049,48.24982],[15.8525419,48.2491228],[15.8483726,48.2484976],[15.8440241,48.2478522],[15.8397056,48.2472025],[15.8353002,48.2465471],[15.8311964,48.2459273],[15.8269451,48.2452952],[15.8223691,48.2448534],[15.8182042,48.2444268],[15.8138031,48.2440059],[15.809471,48.2435674],[15.8051141,48.24317],[15.8011786,48.2427874],[15.8000782,48.2427952],[15.7965964,48.2423168],[15.7921326,48.2420097],[15.7877631,48.2416496],[15.7833685,48.2413629],[15.7789327,48.2410593],[15.7749836,48.2407553],[15.770339,48.2404284],[15.765984,48.2400764],[15.7617064,48.2398047],[15.7569102,48.2392689],[15.7536035,48.2388801],[15.7530331,48.238813],[15.7486916,48.2383506],[15.7446678,48.2378817],[15.740424,48.2373997],[15.7363025,48.2369829],[15.7316871,48.2364293],[15.727634,48.2359767],[15.7231018,48.2354621],[15.7187847,48.2339088],[15.7152938,48.23258],[15.711768,48.2312952],[15.707743,48.2297573],[15.7039707,48.228347],[15.7001984,48.2269599],[15.6965052,48.2256056],[15.692898,48.224242],[15.6891275,48.2226289],[15.6850191,48.2240526]]},"properties":{"voltage":"110000","name":"Tullnerfeld-Wagram"}},{"type":"Feature","geometry":{"type":"LineString","coordinates":[[17.0393434,48.2024351],[17.03842,48.2048625],[17.0364699,48.2072617],[17.0345296,48.209607],[17.0325155,48.2120313],[17.0305267,48.2144499],[17.0287956,48.2165419],[17.0269135,48.2188205],[17.0249568,48.2212363],[17.0229532,48.2236523],[17.0215502,48.2253419],[17.0203364,48.2277028],[17.0190575,48.2301471],[17.0177435,48.2326859],[17.0164944,48.2350905],[17.0151529,48.2376429],[17.0138583,48.2401546],[17.0127126,48.2423689],[17.0115256,48.2446399],[17.0106872,48.2465971],[17.0101686,48.2478089],[17.0095958,48.2491245],[17.008527,48.251606],[17.0074788,48.2540161],[17.0064458,48.2564361],[17.0053694,48.2589139],[17.0044806,48.2609514],[17.0042486,48.2633886],[17.0039807,48.2660261],[17.0037943,48.267896],[17.0036729,48.2692061],[17.0037374,48.2715561],[17.0037935,48.27415],[17.0038533,48.2768169],[17.0038875,48.2794772],[17.0039626,48.2816571],[17.0040119,48.2841405],[17.0040328,48.2865233],[17.0040887,48.2879831],[17.0064136,48.2880538],[17.0109547,48.2881997],[17.0149456,48.2890874],[17.0187873,48.2899712],[17.0220618,48.2907008],[17.0249274,48.2913501],[17.0282762,48.2921073],[17.0321054,48.292971],[17.0325644,48.2956393],[17.0330773,48.2985956],[17.0335874,48.301527],[17.034021,48.3041116]]},"properties":{"voltage":"110000","name":""}},{"type":"Feature","geometry":{"type":"LineString","coordinates":[[16.2199183,47.7984519],[16.2211633,47.7972791],[16.2229753,47.7952501],[16.2244382,47.7936116],[16.2276174,47.7920748],[16.2299267,47.7909505],[16.2331932,47.7893539],[16.2360886,47.7879662],[16.2396541,47.7862256],[16.2426339,47.7858965],[16.2454901,47.7855834],[16.248352,47.7852704],[16.2513612,47.7849439],[16.2530952,47.7867805],[16.2551429,47.7889268],[16.2567894,47.7906526],[16.2584431,47.7918803],[16.2612214,47.7921057],[16.2640186,47.7923343],[16.2666055,47.7925457],[16.2689993,47.7946806],[16.2706744,47.7962131],[16.2724324,47.7978048],[16.2748248,47.7999707],[16.2768055,47.8017763],[16.2804356,47.8045254],[16.2848296,47.8058729],[16.2886746,47.8070451],[16.2923517,47.8081684],[16.2957225,47.809186],[16.2998205,47.810437],[16.3038791,47.8116741],[16.3075734,47.8127928],[16.311166,47.8138887],[16.3153509,47.81515],[16.3187235,47.8161794],[16.3226741,47.8173766],[16.3265661,47.8185501],[16.3293437,47.8202604],[16.3319269,47.8218509],[16.3350094,47.8237488],[16.3380472,47.8256191],[16.340865,47.8273538],[16.343488,47.8289687],[16.3460753,47.8305614],[16.3493925,47.8326035],[16.3521579,47.8343058],[16.3550352,47.8360769],[16.3578998,47.8378402],[16.3604127,47.8393869],[16.3628394,47.8408805],[16.3659657,47.8428046],[16.3691226,47.8447475],[16.3717912,47.8463898],[16.3750674,47.848406],[16.3779301,47.8501677],[16.3817961,47.8502448],[16.3846222,47.8503012],[16.3887502,47.8503836],[16.3919158,47.8504467],[16.3935641,47.8522525],[16.3954884,47.8543614],[16.3976378,47.8567169],[16.3996727,47.8589448],[16.4017241,47.8611912],[16.4036575,47.8633048],[16.4057709,47.8656328],[16.4076013,47.8676283],[16.4095016,47.8697238],[16.4113961,47.8717898],[16.4129856,47.8735234],[16.4148549,47.8755717],[16.4170078,47.8779443],[16.4193447,47.8805162],[16.4211563,47.8824579],[16.4232446,47.8847579],[16.4252386,47.8869623],[16.4273459,47.8892632],[16.4294268,47.8915369],[16.4316266,47.8939339],[16.4337017,47.8962106],[16.4361704,47.8989021],[16.4380939,47.9010128],[16.4401908,47.9033095],[16.4424133,47.9057432],[16.4445464,47.9080745],[16.4469312,47.9106842],[16.4491624,47.9131257],[16.4514359,47.9156134],[16.4549925,47.9169389],[16.458461,47.918271],[16.4620502,47.9195691],[16.4660065,47.9210505],[16.4691177,47.9222029],[16.4726276,47.9235108],[16.475871,47.9247194],[16.4787291,47.9257844],[16.4819463,47.9269831],[16.4850963,47.9281507],[16.4879347,47.9292043],[16.4910223,47.9303504],[16.4944416,47.9316195],[16.4972609,47.9326892],[16.5000452,47.9336987],[16.5031483,47.9348514],[16.5066786,47.9361628],[16.5104887,47.937578],[16.5142701,47.9389826],[16.5178827,47.9403244],[16.5214286,47.9416414],[16.5253686,47.9431387],[16.528586,47.9443155],[16.532546,47.9457501],[16.5362945,47.9471596],[16.5396513,47.9483897],[16.5429096,47.9495812],[16.5461137,47.9507767],[16.5456791,47.9534592],[16.5453145,47.955709],[16.5448928,47.958344],[16.5444358,47.9611311],[16.5440353,47.9636022],[16.5435621,47.9662858],[16.5432177,47.96851],[16.5431918,47.9686773],[16.5427217,47.9717126],[16.5423208,47.9741346],[16.5418989,47.9767475],[16.541485,47.9792428],[16.5410832,47.9817424],[16.5406682,47.9841707],[16.5430505,47.9864244],[16.544913,47.9882627],[16.5469815,47.9903479],[16.5493247,47.9925709],[16.5516679,47.9949948],[16.5533588,47.996672],[16.5556934,47.9989636],[16.5581653,48.0014561],[16.5599591,48.0032651],[16.5625341,48.0058321],[16.5648257,48.0080315],[16.5674178,48.0106154],[16.569555,48.0127629],[16.5719497,48.0151227],[16.5738895,48.0170116],[16.5761088,48.0192095],[16.5780237,48.0210998],[16.5808146,48.0239704],[16.5821449,48.0253253],[16.5827161,48.0261142]]},"properties":{"voltage":"110000","name":"G\u00f6tzendorf \u2013 Wr. Neustadt"}},{"type":"Feature","geometry":{"type":"LineString","coordinates":[[16.3055825,48.3540601],[16.3042464,48.352589],[16.3038945,48.3522016],[16.303419,48.351678],[16.3032565,48.3514991],[16.3032158,48.3514543],[16.2992352,48.3509919]]},"properties":{"voltage":"20000","name":""}},{"type":"Feature","geometry":{"type":"LineString","coordinates":[[16.5587529,48.5643651],[16.5550393,48.5631516],[16.5529142,48.5613276],[16.5551163,48.5588692],[16.5571969,48.556553],[16.5594183,48.5545153],[16.5617444,48.5523919],[16.5642833,48.5500699],[16.5665311,48.548027],[16.5694086,48.5478582],[16.57304,48.5476434],[16.5758946,48.5473954],[16.5785435,48.5471632],[16.5816526,48.5485565],[16.5847383,48.5499324],[16.5876968,48.5509487],[16.592126,48.5501588],[16.5960005,48.5488504],[16.5990353,48.5466681],[16.6015204,48.5448881],[16.6042963,48.5428943],[16.6072352,48.5407872],[16.6097001,48.5390245],[16.6124414,48.5370457],[16.6155992,48.5347675],[16.6196827,48.534349],[16.6237598,48.5339309],[16.6273014,48.5327637],[16.6278586,48.530203],[16.6302599,48.5276677],[16.6335355,48.5271336],[16.6369676,48.5265823],[16.6390608,48.5248912],[16.6413705,48.5229907],[16.6448862,48.5217499],[16.6489199,48.5203262],[16.653328,48.5192761],[16.6570849,48.5183707],[16.661717,48.5181588],[16.6659748,48.5179595],[16.6683982,48.517709],[16.6712059,48.5174214],[16.6748037,48.5164435],[16.6777935,48.5156333],[16.6810696,48.5141056],[16.6845707,48.5124581],[16.6877549,48.5109847],[16.6909426,48.5095094],[16.6941672,48.5079737],[16.6978194,48.5062824],[16.7009159,48.5048568],[16.7025719,48.5027759],[16.7044091,48.5004094],[16.706243,48.4981626],[16.7082706,48.4956857],[16.7099164,48.4927548],[16.7114055,48.4902152],[16.7130679,48.4873411],[16.7162051,48.4858724],[16.7193895,48.4843674],[16.7218175,48.4832148],[16.724954,48.4817603],[16.7288212,48.4802595],[16.73253,48.4788261],[16.7364876,48.4772777],[16.7403755,48.4760152],[16.7443259,48.4747111],[16.7479522,48.4735458],[16.7513432,48.4723989],[16.7546091,48.4713486],[16.7567068,48.4694594],[16.7584101,48.4678925],[16.7603607,48.4661266],[16.763901,48.4647092],[16.7668701,48.4635107],[16.770579,48.4633375],[16.7751868,48.463154],[16.7793615,48.4629888],[16.7835992,48.4628234],[16.7878746,48.4626637],[16.7918595,48.4619215],[16.7961869,48.4611084],[16.7998383,48.460426],[16.8033783,48.4597882],[16.8072715,48.4590556],[16.811683,48.4582923],[16.8160502,48.4578007],[16.8204778,48.4572507],[16.8247715,48.4567374],[16.8292127,48.4564299],[16.8327889,48.4561838],[16.8359923,48.4559684],[16.8358237,48.4536234],[16.8356282,48.4513091],[16.8354749,48.4491169],[16.8352486,48.4465251],[16.8350529,48.4439021],[16.834837,48.4411863],[16.8346422,48.4385609],[16.8344047,48.4357182],[16.8341687,48.4327214],[16.8339575,48.4298309],[16.8309033,48.4274302],[16.8282353,48.4253023],[16.8263724,48.4226375],[16.8247008,48.4203098],[16.8265774,48.4175038],[16.8281174,48.4150859],[16.8295856,48.4127742],[16.8309036,48.4107726],[16.8288223,48.4080961],[16.8271187,48.405878],[16.8252537,48.4034107],[16.8234545,48.4010871],[16.8215498,48.3985587],[16.8194094,48.3958863],[16.8175883,48.3934824],[16.8154596,48.3907068],[16.8135801,48.3882653],[16.8137668,48.3863797],[16.8139691,48.3842512],[16.8141182,48.381711],[16.813483,48.3794258],[16.8132946,48.3784401]]},"properties":{"voltage":"110000","name":"Angern \u2013 Mistelbach"}},{"type":"Feature","geometry":{"type":"LineString","coordinates":[[16.5755788,48.5606441],[16.5756107,48.5605334],[16.5797262,48.5602373],[16.5840352,48.559879],[16.5855625,48.5572819],[16.588481,48.5551612],[16.591479,48.5529554],[16.5945364,48.5507057],[16.5973687,48.5486217],[16.6004163,48.546379],[16.6034505,48.5441461],[16.6063803,48.5419901],[16.6094099,48.5397604],[16.6124614,48.5375145],[16.6153928,48.5353569],[16.6194006,48.5347933]]},"properties":{"voltage":"110000","name":"Bisamberg - Mistelbach;Mistelbach - Neusiedl an der Zaya"}},{"type":"Feature","geometry":{"type":"LineString","coordinates":[[15.6342138,48.6473898],[15.638156,48.6484428],[15.6421668,48.6477647],[15.646406,48.6470132],[15.6504464,48.6463291],[15.65473,48.6461735],[15.659334,48.646015],[15.6640735,48.6458519],[15.6680691,48.6457143],[15.6723811,48.6455659],[15.6754845,48.6464786],[15.6785238,48.6473706],[15.6826797,48.6485699],[15.686788,48.649794],[15.6898016,48.6506372],[15.6926957,48.6514919],[15.6962332,48.6525271],[15.6994573,48.6534555],[15.703275,48.6545458],[15.7059707,48.6553354],[15.7097998,48.6564089],[15.7125947,48.6572691],[15.7162215,48.6583162],[15.7188799,48.6590836],[15.7226263,48.659202],[15.7266848,48.6593188],[15.7305576,48.6594419],[15.7349105,48.6595763],[15.7383082,48.6596791],[15.742024,48.6597979],[15.7456936,48.6599012],[15.7498404,48.6602144],[15.753887,48.6605148],[15.758167,48.6608312],[15.7628949,48.661181],[15.7668844,48.6614782],[15.7715519,48.6618257],[15.7758277,48.6621435],[15.7804843,48.6624883],[15.7849109,48.662815],[15.7877041,48.6630187],[15.7914208,48.6632916],[15.795196,48.663582],[15.7984702,48.6635363],[15.8020509,48.6635046],[15.8063636,48.6634594],[15.8095655,48.6634301],[15.8133083,48.6633946],[15.8176831,48.6633465],[15.8215831,48.663309],[15.8256473,48.6632728],[15.8286089,48.6632383],[15.8308159,48.662824]]},"properties":{"voltage":"110000","name":"Horn - Eggenburg"}},{"type":"Feature","geometry":{"type":"LineString","coordinates":[[16.69686,48.0314115],[16.6990407,48.0320342],[16.7029345,48.0331523],[16.7067231,48.0342355],[16.7106701,48.0353485],[16.7135998,48.036188],[16.7176659,48.0372368],[16.7212879,48.03831],[16.7249186,48.039343],[16.7292359,48.0405653],[16.7332613,48.0417188],[16.7371924,48.0428722],[16.7407027,48.0439109],[16.74504,48.0451485],[16.7486908,48.0461985],[16.7527648,48.04735],[16.7565346,48.0484329],[16.7608913,48.0478223],[16.765299,48.0471893],[16.7695645,48.0465892],[16.7736617,48.0460129],[16.777777,48.0454339],[16.7816122,48.0448944],[16.7853099,48.0443786],[16.7896576,48.0437626],[16.7936879,48.0431978],[16.7979046,48.0426024],[16.8016003,48.0420825],[16.8055901,48.0408195],[16.8095236,48.0395445],[16.8133303,48.0383343],[16.817042,48.0371559],[16.8214352,48.0357356],[16.8258996,48.0343201],[16.8301962,48.0329438],[16.8315049,48.0298551],[16.8324632,48.0275954],[16.8336306,48.0247905],[16.8347257,48.0222106],[16.8359645,48.01934],[16.8371285,48.0165721],[16.8381554,48.0141466],[16.8393745,48.0112573],[16.8406207,48.0083091],[16.8416774,48.00582],[16.8428266,48.0032854],[16.8440026,48.0004901],[16.8452065,47.9976412],[16.8464505,47.9946837],[16.8477494,47.9915791],[16.8488215,47.9890603],[16.8498155,47.9867142],[16.8509502,47.9840144],[16.8519853,47.981568],[16.8530896,47.978953],[16.8539768,47.9767402],[16.8580448,47.9759401],[16.8621112,47.9751049],[16.8664445,47.9742149],[16.8705837,47.9733575],[16.8749653,47.9724648],[16.878983,47.9716396],[16.8832116,47.9707711],[16.8873922,47.9699124],[16.891388,47.9690916],[16.895734,47.9682003],[16.8999348,47.967336],[16.9039107,47.9665193],[16.9085717,47.9655618],[16.9123033,47.9648003],[16.9167469,47.9638824],[16.9208501,47.9630395],[16.9248314,47.9622297],[16.9288968,47.9613933],[16.9331031,47.9605223],[16.9372356,47.9596733],[16.9413085,47.9579891],[16.9450446,47.9565289],[16.9485519,47.9551633],[16.9523011,47.9537082],[16.9560303,47.9522529],[16.9601418,47.9506447],[16.9642066,47.949081],[16.9674034,47.9478384],[16.9712753,47.9463147],[16.9749897,47.9448831],[16.9787284,47.9434218],[16.9824409,47.941978],[16.986305,47.9404694],[16.9900236,47.939022],[16.993453,47.9376825]]},"properties":{"voltage":"380000","name":""}},{"type":"Feature","geometry":{"type":"LineString","coordinates":[[16.6676804,48.054399],[16.6708657,48.0533797],[16.6746918,48.0521691],[16.6786377,48.0508616],[16.6810203,48.0495168],[16.6834578,48.048125],[16.6866186,48.0462679],[16.6896141,48.0445418],[16.6938018,48.0443449],[16.696979,48.0442182],[16.7003914,48.0440684],[16.7023335,48.0427498],[16.7050126,48.0409238],[16.7079703,48.0389101],[16.7108944,48.0369249],[16.7131085,48.0354029],[16.7161039,48.0356287],[16.7205499,48.0359737],[16.7245018,48.0362841],[16.7288853,48.036628],[16.7333038,48.0369607],[16.7377496,48.0373225],[16.7415151,48.03759],[16.7447144,48.0378442],[16.748256,48.0396959],[16.7516333,48.0414626],[16.7552123,48.0433484],[16.7585559,48.0450922],[16.762145,48.0469735],[16.7665754,48.0463642],[16.7696341,48.0459313],[16.7730786,48.0454437],[16.7761308,48.0450117],[16.7793533,48.0445556],[16.7818817,48.0441977],[16.7860695,48.0436049],[16.7903417,48.0430002],[16.7942801,48.0424427],[16.7971861,48.0420314],[16.800909,48.0415042],[16.8048936,48.0402355],[16.8080445,48.0391932],[16.8112908,48.0381372],[16.8150682,48.036887],[16.8181766,48.0358769],[16.8221652,48.0345839],[16.826156,48.0332869],[16.829485,48.0321944],[16.8303871,48.0298308],[16.8313746,48.0272437],[16.8324485,48.024443],[16.8333247,48.0221145],[16.834378,48.0193155],[16.8354524,48.0164599],[16.8365287,48.0134364],[16.8374656,48.010804],[16.838504,48.0078865],[16.8393285,48.0055697],[16.8401392,48.0032918],[16.840907,48.0011342],[16.84183,47.9985406],[16.842631,47.9962376]]},"properties":{"voltage":"110000","name":"Angern \u2013 Parndorf;Parndorf \u2013 G\u00f6tzendorf"}},{"type":"Feature","geometry":{"type":"LineString","coordinates":[[16.7489692,48.6267475],[16.7450186,48.6271799],[16.7403038,48.627696],[16.7359356,48.6281741],[16.7315466,48.6286544],[16.7270715,48.6291442],[16.7222699,48.6296697],[16.7179491,48.6301426],[16.7131378,48.6306692],[16.7084949,48.6311767],[16.7043536,48.6316293],[16.7007069,48.6320279],[16.6974405,48.6323849],[16.6936969,48.6327941],[16.69032,48.6331632],[16.6856926,48.6336689],[16.6812753,48.6341517],[16.6769268,48.634627],[16.673354,48.6362446],[16.6695365,48.6379729],[16.6663425,48.639419],[16.6626844,48.6410751],[16.6587145,48.6428723],[16.6547708,48.6446575],[16.6514966,48.6461397],[16.6475522,48.6479252],[16.6438618,48.6495956],[16.6398713,48.6514018],[16.6362459,48.6530427],[16.6320066,48.6533472],[16.6310334,48.6554387]]},"properties":{"voltage":"110000","name":"Poysdorf - Hauskirchen - Neusiedl an der Zaya"}},{"type":"Feature","geometry":{"type":"LineString","coordinates":[[17.0261751,48.0391028],[17.0257973,48.0388038],[17.0233987,48.0362299],[17.0213077,48.0339862],[17.0193463,48.0318813],[17.0174212,48.0298152],[17.0161689,48.0270006],[17.0148963,48.0241402],[17.0135733,48.0211663],[17.0122859,48.0182721],[17.0110408,48.0154731],[17.0097571,48.0125869],[17.0084509,48.0096503],[17.00719,48.0068151],[17.0031539,48.0057248],[16.999172,48.0046491],[16.9955325,48.0036658],[16.9914448,48.0025615],[16.9875525,48.0015099],[16.9834211,48.0003937],[16.9795312,47.9993428],[16.9756365,47.9982905],[16.9719528,47.9972952],[16.9685961,47.9963882],[16.9644598,47.9952706],[16.9606231,47.9942339],[16.9572287,47.9933167],[16.9532782,47.9922492],[16.9500726,47.991383],[16.9466235,47.989655],[16.9432129,47.9879462],[16.9395141,47.986093],[16.9359619,47.9843131],[16.9323421,47.9824994],[16.9288398,47.9807444],[16.9254226,47.979032],[16.9215712,47.9777427],[16.9176127,47.9764175],[16.913806,47.9751431],[16.9099687,47.9738584],[16.9061416,47.9725771],[16.9024053,47.9713332],[16.8989468,47.9694421],[16.8963482,47.9680247],[16.8937456,47.9666051],[16.890666,47.9649264],[16.8869434,47.9639391],[16.8830461,47.9629217],[16.8793457,47.9619273],[16.8757102,47.9609446],[16.8721064,47.9599873],[16.8688455,47.9591267],[16.8658734,47.958334],[16.8619754,47.9586822],[16.8580043,47.9590302],[16.8539163,47.9593939],[16.8495333,47.9597834],[16.8452125,47.9601681],[16.8412113,47.9605197],[16.840345,47.960515]]},"properties":{"voltage":"110000","name":"Neusiedl - Pama"}},{"type":"Feature","geometry":{"type":"LineString","coordinates":[[16.0882055,48.745999],[16.0846392,48.7449235],[16.0811933,48.7438842],[16.0775712,48.7427918],[16.0734709,48.7415552],[16.0699079,48.7404805],[16.0664775,48.7394459],[16.0627092,48.7383093],[16.0591667,48.7372408],[16.0560529,48.7356474],[16.0533399,48.7342591],[16.0506263,48.7328705],[16.0474224,48.7312309],[16.0447795,48.7298784],[16.0425261,48.7287252],[16.0396697,48.7272698],[16.0362541,48.7255152],[16.0329461,48.7238221],[16.0293586,48.7219858],[16.0259764,48.7202546],[16.0225274,48.7184892],[16.0189785,48.7166725],[16.0155282,48.7149062],[16.0118469,48.7130217],[16.0082845,48.711198],[16.0049745,48.7095033],[16.0015682,48.7077593],[15.9994636,48.7042533],[15.9977752,48.7014403],[15.995649,48.6978978],[15.9938381,48.6948804],[15.9917444,48.6913915],[15.9888449,48.6900197],[15.986093,48.6887134],[15.9828425,48.6871785],[15.979382,48.6855423],[15.9760991,48.6839889],[15.9755542,48.6810882],[15.9750216,48.6782447],[15.9745814,48.6758864],[15.9741064,48.6734335],[15.9736632,48.6710635],[15.9731564,48.6683613],[15.9726665,48.6658082],[15.9721865,48.6632602],[15.971662,48.6604673],[15.971207,48.6580517],[15.9700288,48.6552289],[15.9688785,48.6524673],[15.9678217,48.649975],[15.966736,48.6473936],[15.9655295,48.6445412],[15.9643315,48.6416746],[15.9631402,48.6388287],[15.9619369,48.6359625],[15.9607423,48.6331075],[15.9595449,48.6302638],[15.958395,48.6275027],[15.9573063,48.6249094],[15.9546018,48.6225533],[15.9508819,48.6192659],[15.9478435,48.6166442],[15.9452755,48.6143615],[15.943239,48.6125511],[15.9410042,48.6105614],[15.9387847,48.6086202],[15.9361361,48.6062782],[15.9332427,48.6037388],[15.9329286,48.6010506],[15.9326265,48.5984782],[15.9322907,48.5957377],[15.9319313,48.5926833],[15.9315959,48.5897703],[15.9313174,48.5873315],[15.9309725,48.5844876],[15.9305942,48.5814227],[15.9302871,48.5786823],[15.9287745,48.5759831],[15.9273438,48.5734011],[15.9257031,48.5704441],[15.9244054,48.5681128],[15.9230938,48.5657344],[15.9216853,48.5631868],[15.9201136,48.5603678],[15.9184164,48.5582294],[15.9163887,48.5556948],[15.9143704,48.5531547],[15.912565,48.5508989],[15.9110162,48.54897],[15.9091927,48.5466754],[15.9074555,48.5445049],[15.9054095,48.5419287],[15.9035633,48.5396077],[15.901549,48.5370811],[15.901648,48.5341956],[15.9017741,48.5311391],[15.9018826,48.5285416],[15.9019792,48.5260004],[15.9020782,48.5234844],[15.9021684,48.5209255],[15.9022924,48.5178306],[15.9024038,48.5147265],[15.902524,48.5120395],[15.9029635,48.509422],[15.9034406,48.506557],[15.9038592,48.5041849],[15.9042584,48.5017777],[15.9046281,48.4993675],[15.9049967,48.497283],[15.9054302,48.4947271],[15.9058733,48.492063],[15.9062579,48.4898286],[15.9067168,48.4871646],[15.9072257,48.4840835],[15.9076828,48.4813184],[15.904747,48.4794146],[15.9023338,48.4778291],[15.8998549,48.4761988],[15.8970962,48.4743937],[15.8944192,48.4726205],[15.8909594,48.4703882],[15.8904996,48.4675907],[15.890014,48.4647784],[15.8895286,48.4618298],[15.8890093,48.458935],[15.8885442,48.4560225],[15.8880941,48.4533268],[15.8876078,48.4503939],[15.8871016,48.4474375],[15.8865976,48.4444599],[15.8861069,48.4416124],[15.8856712,48.4389747],[15.885211,48.4362066],[15.8848386,48.4339844],[15.8839213,48.4313436],[15.883171,48.4292102],[15.8823951,48.426939],[15.8815299,48.4244409],[15.8806315,48.4218736],[15.8797674,48.4193882],[15.8796045,48.4167868],[15.8794331,48.4141586],[15.8792356,48.4109461],[15.8790844,48.4084322],[15.8789039,48.4056644],[15.8787279,48.4029946],[15.8785487,48.4001157],[15.8783943,48.3976345],[15.8782447,48.3951365],[15.8780538,48.3921359],[15.8778648,48.3891661],[15.8776801,48.3862018],[15.8774963,48.383237],[15.8773237,48.3803651],[15.877137,48.377451],[15.8740552,48.3759143],[15.8699477,48.373866],[15.8652552,48.3715308],[15.8617667,48.3697805],[15.8598181,48.3682544],[15.860385,48.3662591],[15.8610637,48.3639437],[15.8618746,48.3611232],[15.8626836,48.3583286],[15.86282,48.3578552],[15.8634901,48.3555302],[15.864298,48.3527078],[15.8651482,48.3497428],[15.8658221,48.3474141],[15.8695461,48.3450883],[15.8726382,48.3431458],[15.87593,48.3410907],[15.8790757,48.3391436],[15.8795605,48.3359844],[15.8801658,48.3326157],[15.8809587,48.3303229]]},"properties":{"voltage":"380000","name":"Slav\u011btice - D\u00fcrnrohr"}},{"type":"Feature","geometry":{"type":"LineString","coordinates":[[15.0492943,48.1455398],[15.0459545,48.143834],[15.0424561,48.1420473],[15.0429742,48.1394371],[15.0436177,48.1364397],[15.0442154,48.133606],[15.0449847,48.1309132]]},"properties":{"voltage":"110000","name":""}},{"type":"Feature","geometry":{"type":"LineString","coordinates":[[15.8850561,48.3539652],[15.8846526,48.3532615],[15.8850541,48.3504253],[15.8854337,48.3477436],[15.8858452,48.3451368]]},"properties":{"voltage":"220000","name":""}},{"type":"Feature","geometry":{"type":"LineString","coordinates":[[15.8869777,48.3296642],[15.8869922,48.3298158],[15.8870043,48.3299413],[15.8870423,48.3303365],[15.887051,48.3304255]]},"properties":{"voltage":"220000","name":""}},{"type":"Feature","geometry":{"type":"LineString","coordinates":[[15.9248608,48.3276487],[15.9233839,48.3281208],[15.9200413,48.3283904],[15.9158952,48.328717],[15.9119797,48.3280225],[15.9085352,48.327405],[15.9047025,48.3267179],[15.9013405,48.3261152],[15.8977818,48.3254772],[15.8939383,48.3257068],[15.8901095,48.3259325],[15.885511,48.326176],[15.8842995,48.3275774]]},"properties":{"voltage":"380000","name":""}},{"type":"Feature","geometry":{"type":"LineString","coordinates":[[15.9242761,48.3283527],[15.9201029,48.328758],[15.9163027,48.3291222],[15.9119127,48.3283576],[15.9074661,48.3275608],[15.9041292,48.3269629],[15.9008658,48.3263781],[15.8977891,48.3258268],[15.8939566,48.3260321],[15.8910004,48.326174],[15.8875168,48.3264089],[15.8876194,48.3270181]]},"properties":{"voltage":"110000","name":""}},{"type":"Feature","geometry":{"type":"LineString","coordinates":[[16.2413577,48.1305818],[16.2409458,48.1305731],[16.2405062,48.1305501],[16.240133,48.1305068],[16.2396671,48.1304568],[16.2393064,48.1304169],[16.2389499,48.1303523],[16.2384789,48.1302612],[16.2380871,48.1301861],[16.2376923,48.13009],[16.2372665,48.1300106],[16.2368502,48.1299267],[16.2364198,48.1298283],[16.2360309,48.1297387],[16.2356689,48.129625],[16.2352285,48.1294497],[16.2348595,48.1292983],[16.2344789,48.1291298],[16.2341888,48.1289953],[16.2339023,48.1288725],[16.233604,48.1287505],[16.2331079,48.1285108],[16.2327312,48.1283548],[16.2323713,48.1281777],[16.2323074,48.1280258],[16.2325864,48.1278162],[16.2328952,48.1274873],[16.2331632,48.1271007],[16.2333094,48.126759],[16.2334199,48.1262075],[16.2334746,48.125768],[16.2334852,48.1254433],[16.2335391,48.1250266],[16.2336364,48.1246766],[16.2336681,48.124424],[16.2343145,48.1239044],[16.2345305,48.1235721],[16.2347401,48.1232059],[16.2346074,48.1228568],[16.2343483,48.1225621],[16.2342246,48.1223648],[16.2340887,48.1222819]]},"properties":{"voltage":"","name":""}},{"type":"Feature","geometry":{"type":"LineString","coordinates":[[15.437668,48.176517],[15.4346249,48.1785576],[15.4347427,48.1808323],[15.4348763,48.1830741],[15.4327998,48.1849242],[15.4305027,48.1869634],[15.430018,48.187356],[15.4298537,48.187489]]},"properties":{"voltage":"110000","name":"Mast 401 \u2013 Rohr"}},{"type":"Feature","geometry":{"type":"LineString","coordinates":[[15.3319911,48.5923417],[15.332248,48.5920823],[15.3342307,48.5907374],[15.336364,48.5892757],[15.3368869,48.5869974],[15.3373918,48.584883],[15.3378256,48.5830549],[15.3383267,48.5809435],[15.338814,48.5788758],[15.3393173,48.5767302],[15.339788,48.5747598],[15.3403308,48.5724814],[15.3408659,48.5702349],[15.3413906,48.5680311],[15.3419096,48.5658355],[15.3424429,48.5635839],[15.342942,48.5614769],[15.3434361,48.5593906],[15.3439229,48.5573352],[15.3444,48.5553203],[15.3474056,48.5543539],[15.3502193,48.5534623],[15.3530889,48.5525391],[15.3560654,48.551577],[15.3588411,48.5506829],[15.3615697,48.5497997],[15.3643475,48.5489043],[15.3673137,48.5479501],[15.3679195,48.5477566],[15.3703314,48.546986],[15.3730851,48.546096],[15.3760359,48.5451467],[15.3788237,48.5442498],[15.3815958,48.5433587],[15.3844786,48.5424222],[15.3873638,48.5414933],[15.3901647,48.5405908],[15.3930989,48.539639],[15.3955449,48.5388366],[15.398248,48.5379807],[15.4008655,48.5371361],[15.4037665,48.5361976],[15.406228,48.5354092],[15.4062613,48.5353985],[15.4062973,48.5353867],[15.4082278,48.5347527],[15.4109744,48.5343923],[15.4138217,48.53401],[15.4166222,48.533634],[15.4167869,48.5336119],[15.4198268,48.5332038],[15.4231065,48.5327634],[15.4264051,48.5323206],[15.4296951,48.5318788],[15.4330194,48.5314325],[15.4360727,48.5310225],[15.439178,48.5306056],[15.4419735,48.5302303],[15.4452356,48.5297922],[15.4483293,48.5293768],[15.4516274,48.528934],[15.4544966,48.5285487],[15.4577405,48.5281132],[15.4609657,48.5276801],[15.4642776,48.5272354],[15.4674961,48.5268032],[15.4707204,48.5263703],[15.4739626,48.5259349],[15.4771719,48.5255035],[15.4784524,48.525332],[15.4801676,48.5251017],[15.4834127,48.5246659],[15.4860169,48.524079],[15.489016,48.5234012],[15.4921488,48.522704],[15.4952129,48.5220241],[15.4983456,48.5213282],[15.5013134,48.520643],[15.504334,48.5199555],[15.5073718,48.5192734],[15.5102303,48.5186341],[15.5130916,48.5179846],[15.5160918,48.5173181],[15.5187615,48.5167229],[15.5215988,48.5160761],[15.5242828,48.5154711],[15.52729,48.514795],[15.530348,48.5145348],[15.5330615,48.5142931],[15.5360121,48.5140384],[15.5388524,48.5137969],[15.5419317,48.5135317],[15.5450115,48.5132656],[15.5482348,48.5129875],[15.5496128,48.5129358],[15.5507309,48.5127981],[15.5514304,48.512712],[15.551774,48.5126827],[15.5520576,48.5126585],[15.5543659,48.5124615],[15.5571969,48.5122099],[15.5601327,48.5119559],[15.563066,48.5117014],[15.5660326,48.5114374],[15.5681039,48.5105691],[15.5701195,48.5097242],[15.5722192,48.508844],[15.574534,48.5078735],[15.5756995,48.5073849],[15.5767066,48.5069627],[15.5791026,48.5059583],[15.5815181,48.5049489],[15.582706,48.5044487],[15.5840975,48.5038627],[15.5868349,48.5027099],[15.5895669,48.5015593],[15.5921735,48.5004615],[15.5938784,48.4997435],[15.5944705,48.4994941],[15.5945025,48.4994806],[15.5970811,48.4983942],[15.5996086,48.4973301],[15.6017008,48.4964489],[15.6029983,48.4959024],[15.6039448,48.4955037],[15.6039676,48.4954942],[15.6063831,48.4944873],[15.6091496,48.4933261],[15.6097353,48.4930802],[15.6100195,48.492961],[15.6100284,48.4929572],[15.6100611,48.4929435],[15.6107775,48.4926428],[15.6120434,48.4921115],[15.6144689,48.4910797],[15.614536,48.4910521],[15.6147528,48.4909628],[15.6149316,48.4908893],[15.615825,48.4905215],[15.6170575,48.4900143],[15.6170856,48.4900027],[15.6198767,48.4887972],[15.6227753,48.4875921],[15.6240552,48.4862429],[15.6244952,48.4857355],[15.6254458,48.4846507],[15.626675,48.4832776],[15.6280934,48.4817436],[15.6298579,48.4798011],[15.6318186,48.4776599],[15.633744,48.4755272],[15.6356106,48.4735045],[15.637494,48.4714362],[15.6394229,48.4693067],[15.6413425,48.4671924],[15.6432946,48.4650626],[15.64525,48.4629205],[15.647171,48.4607803],[15.6490648,48.4586963],[15.6509638,48.4566334],[15.652854,48.4545459],[15.654684,48.4525287],[15.6566628,48.4503648],[15.6585423,48.4482985],[15.6605696,48.4460687],[15.6624966,48.4439373],[15.6643692,48.4418794],[15.6662959,48.4397584],[15.6682662,48.4375925],[15.6702259,48.4354336],[15.67203,48.4334422],[15.6739354,48.4313509],[15.6758552,48.4292255],[15.6771612,48.4268605],[15.6784346,48.424514],[15.6796953,48.4221971],[15.6809414,48.4199034],[15.6821263,48.4177317],[15.6837179,48.4158264],[15.6852429,48.413985],[15.6868162,48.4121025],[15.6885933,48.4099746]]},"properties":{"voltage":"110000","name":"Ottenstein - Stratzdorf"}},{"type":"Feature","geometry":{"type":"LineString","coordinates":[[15.0470865,48.148253],[15.0483739,48.148777],[15.0522428,48.1484062],[15.056331,48.1487717],[15.0605433,48.1492384],[15.0648954,48.1497326],[15.0686919,48.1501548],[15.0722082,48.1504459],[15.0758409,48.1508274],[15.0788014,48.151124],[15.083012,48.1515639],[15.0848215,48.1516618],[15.0865379,48.1497875],[15.0891837,48.1477135],[15.0919189,48.1456027],[15.094555,48.1436942],[15.0975601,48.1413196],[15.0998691,48.1395115],[15.1024258,48.137541],[15.1049257,48.1356112],[15.1085249,48.1351657],[15.1119828,48.1347486],[15.1150637,48.1343621],[15.1187938,48.1338959],[15.1227025,48.1334315],[15.1246041,48.1322055],[15.1266251,48.1309079],[15.1289375,48.1294205],[15.131767,48.1275327],[15.1345018,48.1269853],[15.1370754,48.1264405],[15.140295,48.1257474],[15.144465,48.1256113],[15.1480697,48.125517],[15.1519175,48.1253913],[15.1556019,48.1252917],[15.1595634,48.1251674],[15.1632084,48.1250533],[15.1668494,48.1249439],[15.1705526,48.1248304],[15.1741614,48.1247217],[15.1778384,48.1246083],[15.1811979,48.1249011],[15.1855394,48.1252757],[15.1890027,48.1255724],[15.1928965,48.1259074],[15.1969346,48.1262508],[15.2006519,48.1265749],[15.2042144,48.1268699],[15.207798,48.1271882],[15.211355,48.1274931],[15.2145182,48.1277638],[15.2185137,48.1281063],[15.222152,48.1284188],[15.2264666,48.1287916],[15.2299433,48.1290855],[15.233647,48.1294021],[15.2374799,48.1297318],[15.2410575,48.1300379],[15.2450627,48.1298693],[15.2488372,48.1297141],[15.2528393,48.1295436],[15.2564596,48.1293916],[15.2603127,48.1292329],[15.2642372,48.1290649],[15.2684481,48.1288817],[15.272779,48.1287043],[15.276855,48.1287675],[15.2810068,48.128829],[15.2851315,48.1288954],[15.2890999,48.1289629],[15.2925259,48.1290206],[15.2958738,48.1290698],[15.2994168,48.1291257],[15.3023522,48.1291727],[15.3069066,48.1292404],[15.3102147,48.1292944],[15.313462,48.1293438],[15.3165671,48.1293964],[15.3202476,48.1294478],[15.3238745,48.1295093],[15.3276132,48.1295679],[15.3310372,48.1296191],[15.3338607,48.1296664],[15.3379075,48.1297302],[15.3399305,48.1305964],[15.3432992,48.132042],[15.3467603,48.1335284],[15.3498375,48.1348523],[15.3532187,48.1363048],[15.3567796,48.1378322],[15.3601294,48.1392732],[15.3627049,48.1403808],[15.3655343,48.141592],[15.3690107,48.1426715],[15.3729547,48.1438955],[15.3762389,48.1449088],[15.3799669,48.1460652],[15.3836317,48.1472051],[15.3873146,48.1483433],[15.3907927,48.1494213],[15.3944032,48.1505498],[15.3951982,48.1525778],[15.3962562,48.1552747],[15.3973433,48.158056],[15.3983215,48.1605558],[15.39934,48.1631731],[15.4004128,48.1658916],[15.4014464,48.1685585],[15.4024595,48.1711574],[15.4034461,48.1736483],[15.4045495,48.1764918],[15.4062593,48.1789191],[15.4079405,48.18131],[15.4096915,48.1837955],[15.4117296,48.1865577],[15.4157977,48.1891109],[15.4155939,48.1921814],[15.4166179,48.1949725],[15.4176417,48.1977547],[15.4183548,48.1996792],[15.4192617,48.2021346],[15.4200363,48.2042497],[15.4208941,48.2065793],[15.4233645,48.2072062],[15.4277193,48.2083091],[15.4303338,48.2089759],[15.4335865,48.2097969],[15.4368923,48.2106381],[15.4402784,48.2114999],[15.4434609,48.2123069],[15.4467022,48.2131338],[15.4500683,48.2139214],[15.4537878,48.2147901],[15.4574864,48.2156513],[15.4606798,48.2164047],[15.4636337,48.2170984],[15.4673852,48.2179786],[15.4711156,48.2188552],[15.4744387,48.2196326],[15.4777682,48.220417],[15.4818732,48.2209313],[15.4860794,48.2214598],[15.4904924,48.222023],[15.4948822,48.2225784],[15.4990646,48.2231024],[15.5034558,48.2236566],[15.5075751,48.2241763],[15.511947,48.2247216],[15.5162114,48.2252694],[15.5202446,48.225778],[15.5244582,48.226305],[15.5285603,48.2268213],[15.5326369,48.2273334],[15.5369695,48.2278774],[15.5412116,48.2284151],[15.5452007,48.2289131],[15.5495375,48.2294608],[15.5531286,48.2299163],[15.5567637,48.2303687],[15.5607517,48.2308702],[15.5640709,48.2326301],[15.567333,48.2343622],[15.5708609,48.2362386],[15.5740171,48.2379136],[15.5772709,48.2396348],[15.580743,48.2414734],[15.5838001,48.2430964],[15.58666,48.2446081],[15.5897565,48.2462573],[15.5927037,48.2478204],[15.5958834,48.2495016],[15.5989694,48.2511402],[15.6016988,48.2525891],[15.6048529,48.254252],[15.6075979,48.2557136],[15.6114511,48.256254],[15.6153312,48.2567979],[15.619055,48.2573228],[15.6231279,48.2578977],[15.6269048,48.2584223],[15.6309836,48.2589908],[15.6348849,48.2595415],[15.639214,48.2601488],[15.6434077,48.2607343],[15.6477295,48.2613435],[15.6516264,48.2618921],[15.6552771,48.2624066],[15.6593821,48.2629787],[15.6635306,48.2635645],[15.6675487,48.2639095],[15.6717194,48.2642663],[15.6757781,48.2646172],[15.6794334,48.2649247],[15.6838157,48.2652995],[15.6876061,48.2656267],[15.6917971,48.2659908],[15.6951475,48.2662834],[15.6991434,48.2666185],[15.7031644,48.2669614],[15.7074509,48.2673279],[15.7112384,48.2676567],[15.715635,48.2680325],[15.7196221,48.2683723],[15.7239775,48.2687403],[15.7280267,48.2690972],[15.7323891,48.2694637],[15.7366174,48.2698309],[15.7407702,48.2701756],[15.7452406,48.270561],[15.7491302,48.2708934],[15.7529486,48.2712138],[15.7571798,48.2715797],[15.7614799,48.2719548],[15.7655526,48.2722875],[15.7696654,48.2726319],[15.7734534,48.2729581],[15.7774014,48.2733021],[15.7819165,48.2736548],[15.786244,48.2740253],[15.790694,48.2743719],[15.7938324,48.2746342],[15.7980503,48.275019],[15.8025444,48.2753688],[15.8070652,48.27574],[15.8115636,48.2761148],[15.8150865,48.276376],[15.8188724,48.2780016],[15.8226996,48.2796076],[15.826398,48.2811738],[15.8302865,48.2828048],[15.8337417,48.2842635],[15.8376296,48.2858853],[15.8415911,48.2866175],[15.8455544,48.2873412],[15.849791,48.2881254],[15.8535559,48.2888178],[15.8576472,48.2895782],[15.8619181,48.2903504],[15.8655021,48.2910218],[15.8693248,48.2917233],[15.8734758,48.2920599],[15.8777941,48.2924168],[15.8820867,48.2927809],[15.8868113,48.2931708],[15.8894078,48.2933835],[15.8922426,48.2936191],[15.895646,48.2951618],[15.8991726,48.2967495],[15.9028332,48.2965339],[15.9065148,48.2963396],[15.9102896,48.2961166],[15.914131,48.2958838],[15.9175637,48.2956853],[15.9204624,48.2968448],[15.9242165,48.2982841],[15.9279759,48.2997255],[15.9316388,48.3011516],[15.93545,48.3025938],[15.9390515,48.3039866],[15.9429241,48.305498],[15.9466499,48.3069338],[15.9503661,48.308355],[15.9540475,48.3097736],[15.9578086,48.3112097],[15.9615794,48.312646],[15.9653436,48.3140953],[15.9690951,48.3155447],[15.9728479,48.3169873],[15.9766012,48.3184329],[15.9803588,48.3199179],[15.984151,48.3213416],[15.9876475,48.3226755],[15.9908763,48.3237873],[15.9947159,48.3250953],[15.9982308,48.3262857],[16.0017232,48.3274703],[16.005251,48.3286715],[16.0086618,48.329844],[16.0121719,48.3310296],[16.0156661,48.3322181],[16.0181881,48.3342838],[16.0217576,48.3372597],[16.0242737,48.3393289],[16.0269819,48.3416089],[16.029673,48.343865],[16.0323852,48.3461051],[16.0350839,48.3483602],[16.0378045,48.3506096],[16.0404984,48.3528441],[16.0431848,48.3550723],[16.0458249,48.3572733],[16.0485307,48.3595105],[16.0514723,48.3619542],[16.0539355,48.3639968],[16.0575176,48.3645088],[16.0617772,48.365106],[16.0661852,48.3657333],[16.0705797,48.3663612],[16.0745028,48.3669173],[16.0788787,48.3675268],[16.0830984,48.3681293],[16.0872644,48.3687186],[16.0914879,48.3693101],[16.0956764,48.3699134],[16.0999916,48.3705151],[16.1043763,48.3711383],[16.1086999,48.3717475],[16.1129913,48.3723471],[16.1173208,48.3729589],[16.1215562,48.3735577],[16.1259328,48.3741654],[16.1302911,48.3747997],[16.1347526,48.375429],[16.1389941,48.3759884],[16.1433899,48.3766085],[16.1477876,48.3772335],[16.1523614,48.3778465],[16.1544373,48.3802619],[16.1569071,48.3831602],[16.1591259,48.3857422],[16.1609109,48.3878336],[16.1641045,48.3899431],[16.1671229,48.3919148],[16.1702943,48.3940055],[16.173136,48.3959166],[16.1762458,48.3979436],[16.1794272,48.4000326],[16.182582,48.4020927],[16.1860767,48.4029504],[16.1903596,48.4037526],[16.1946666,48.4045253],[16.1989724,48.4052988],[16.2024841,48.4059417],[16.2059482,48.4065663],[16.2094294,48.4071851],[16.2136793,48.4079552],[16.2175835,48.4086752],[16.2215443,48.4093849],[16.22576,48.4101435],[16.2296154,48.4089718],[16.2335239,48.4077798],[16.2373793,48.406617],[16.2412375,48.4054289],[16.2450731,48.404264],[16.2488488,48.4031121],[16.2526918,48.4019348],[16.2566899,48.400722],[16.2605109,48.3995502],[16.2641038,48.3998743],[16.2684666,48.4002611],[16.2728841,48.400665],[16.2770005,48.4010366],[16.281584,48.401444],[16.2861004,48.4018553],[16.2906327,48.4022649],[16.2951563,48.4026735],[16.2996006,48.4030737],[16.3028843,48.4011845],[16.3061063,48.3993421],[16.3092589,48.3975357],[16.3126756,48.3955784],[16.3159642,48.3936902],[16.3197569,48.3919495],[16.3228181,48.3905536],[16.3262981,48.388956],[16.3297675,48.3873632],[16.3331303,48.3858193],[16.3367825,48.3841424],[16.3383972,48.3818891],[16.3401793,48.379431],[16.3419638,48.3769393],[16.3437321,48.3744866],[16.3456239,48.3718407],[16.3473439,48.3694709],[16.3491503,48.36695],[16.3507902,48.3646734],[16.3525567,48.3622119],[16.3540365,48.3601533],[16.3579337,48.3597359],[16.3620045,48.3592998],[16.3656141,48.3589197],[16.3700983,48.3584329],[16.3732629,48.3580845],[16.3756523,48.3578315]]},"properties":{"voltage":"220000","name":"Ybbsfeld - Bisamberg"}},{"type":"Feature","geometry":{"type":"LineString","coordinates":[[15.6892092,48.224924],[15.6887146,48.2252833]]},"properties":{"voltage":"110000","name":"Bergern - Pottenbrunn;St. P\u00f6lten - Pottenbrunn"}},{"type":"Feature","geometry":{"type":"LineString","coordinates":[[15.6073096,48.1769378],[15.6073804,48.1795594],[15.6074594,48.1818709],[15.6075416,48.1841545],[15.6076082,48.1863911],[15.607697,48.1888752],[15.607262,48.1910201],[15.6068057,48.1933485],[15.6063297,48.1957323],[15.6045962,48.1993797],[15.6066696,48.1993422]]},"properties":{"voltage":"110000","name":"Pottenbrunn - St. P\u00f6lten"}},{"type":"Feature","geometry":{"type":"LineString","coordinates":[[15.6064888,48.1995027],[15.6058249,48.1998161],[15.6023422,48.1997556],[15.5990389,48.1997061],[15.5943248,48.1996329],[15.5896441,48.1995603],[15.5860161,48.2004372],[15.5833754,48.2010801],[15.5800118,48.2014979]]},"properties":{"voltage":"110000","name":"Bergern - St. P\u00f6lten;St. P\u00f6lten - Pottenbrunn"}},{"type":"Feature","geometry":{"type":"LineString","coordinates":[[16.7607543,48.2541663],[16.7635446,48.2518818],[16.7662906,48.2496326],[16.7687838,48.2475559],[16.7713493,48.2454818],[16.7739184,48.2433544],[16.776474,48.2412466],[16.7790352,48.2391222],[16.7816786,48.2369679],[16.7841014,48.2349814],[16.7866428,48.2329112],[16.7891435,48.2308349],[16.7915344,48.2288474],[16.7940828,48.2267876],[16.7963844,48.2248799],[16.7987433,48.2229372],[16.80102,48.2210887],[16.8034432,48.2190921],[16.8058212,48.2171381],[16.808569,48.2148898],[16.8110248,48.2128517],[16.813531,48.2107953],[16.8158275,48.2089114],[16.8181178,48.2070352],[16.8207574,48.2048767],[16.8232467,48.2027948],[16.8257982,48.2007076],[16.8281829,48.1987486],[16.8308624,48.1965502],[16.8334581,48.1944113],[16.8359226,48.1923804],[16.8384048,48.190334],[16.8409031,48.1883062],[16.8433722,48.1862468],[16.8458801,48.1841839],[16.8486311,48.1819479],[16.8512746,48.1797488],[16.8535346,48.1779117],[16.8564336,48.1755042],[16.8589305,48.1733276],[16.8613905,48.1711819],[16.8640858,48.168835],[16.8667784,48.1664585],[16.8693278,48.1642679],[16.8717342,48.1621816],[16.874222,48.1599945],[16.8767384,48.1578113],[16.8790425,48.155809],[16.8810474,48.1540551],[16.8832283,48.1513094],[16.8853818,48.1485661],[16.888558,48.1445552],[16.891673,48.1406149],[16.8948489,48.1365829],[16.898179,48.1323197],[16.8960232,48.1302555],[16.8942347,48.12827],[16.8962427,48.1262366],[16.8981726,48.1242414],[16.9004708,48.1218427],[16.9051613,48.1206473],[16.909532,48.1194445],[16.9144018,48.1208783],[16.9180337,48.1219436]]},"properties":{"voltage":"110000","name":"Deutsch-Altenburg - Untersiebenbrunn"}},{"type":"Feature","geometry":{"type":"LineString","coordinates":[[15.2755272,48.8071146],[15.2751136,48.8072417],[15.2728595,48.8070686],[15.2685562,48.8078995],[15.2649844,48.8085891],[15.2608955,48.8093786],[15.2569803,48.8101345],[15.2559822,48.8103272],[15.2524466,48.8110098],[15.2482812,48.811814],[15.2438314,48.8126731],[15.2395811,48.8134937],[15.2353003,48.8143201],[15.2314873,48.8150562],[15.2273665,48.8158517],[15.2235791,48.8165829],[15.2198264,48.8173073],[15.2158771,48.8180697],[15.2117339,48.8188695],[15.2077056,48.8182215],[15.2037301,48.817582],[15.1999817,48.8169791],[15.1957293,48.816295],[15.1917683,48.8156579],[15.1874017,48.8149554],[15.1831443,48.8142705],[15.1789139,48.81359],[15.1747924,48.8150066],[15.1707793,48.8163858],[15.1665617,48.8178353],[15.1624069,48.8192632],[15.1586516,48.8205538],[15.1549802,48.8218155],[15.1507426,48.8232717],[15.1466298,48.824685],[15.1423905,48.8261417],[15.1381662,48.8275933],[15.1339221,48.8290516],[15.1296805,48.830509],[15.1255746,48.8319197],[15.1217218,48.8332434],[15.1188914,48.8350765],[15.1158976,48.8370154],[15.1132609,48.8387229],[15.1099847,48.8408445],[15.1070647,48.8427353],[15.104114,48.844646],[15.1009349,48.8467045],[15.0977586,48.8487646]]},"properties":{"voltage":"110000","name":"Waidhofen an der Thaya - Heidenreichstein"}},{"type":"Feature","geometry":{"type":"LineString","coordinates":[[15.6320839,48.647622],[15.6287025,48.6463404],[15.6245617,48.6447782],[15.6229984,48.6426902],[15.6219453,48.6412836],[15.620397,48.6392155],[15.6189264,48.6372511],[15.6174563,48.6352873],[15.6159693,48.6333008],[15.6147295,48.6317319],[15.6144612,48.6297338],[15.6142006,48.6277925],[15.6147025,48.6256983],[15.6152412,48.6234507],[15.6130672,48.6217189],[15.6108514,48.6199537],[15.6085143,48.6180918],[15.606219,48.6162632],[15.6040239,48.6145143],[15.6015343,48.6125307],[15.5990018,48.6105129],[15.5965945,48.6085947],[15.5943863,48.6065175],[15.5922007,48.6044616],[15.5901239,48.6025078],[15.5870547,48.6012949],[15.5839898,48.6000837],[15.5824161,48.5980188],[15.5808321,48.5959403],[15.57809,48.5946836],[15.5753863,48.5934445],[15.5727724,48.5922465],[15.5701917,48.5910637],[15.5672338,48.589708],[15.5636688,48.5898891],[15.5603075,48.5900599],[15.5566442,48.5898619],[15.5532606,48.5896789],[15.5497095,48.5894869],[15.5462203,48.5892983],[15.5427053,48.5891083],[15.5391955,48.5891831],[15.5356805,48.5892582],[15.5321114,48.5893343],[15.5286266,48.5894087],[15.5249617,48.5894869],[15.5217268,48.5895559],[15.5183957,48.589627],[15.5147799,48.5897041],[15.5112158,48.5897802],[15.5078194,48.5898527],[15.5049222,48.589251],[15.4977723,48.5877661],[15.4947752,48.5871437],[15.492529,48.5857251],[15.490217,48.5842649],[15.4875797,48.5825993],[15.484963,48.5809466],[15.4823324,48.5792851],[15.479034,48.579924],[15.4754811,48.5806122],[15.4723442,48.5812199],[15.4687327,48.5819194],[15.4653632,48.5825721],[15.4615046,48.5833195],[15.4579446,48.5840091],[15.4547538,48.5846271],[15.4512738,48.5853012],[15.4483259,48.5864073],[15.4452698,48.5867858],[15.4431027,48.5885159]]},"properties":{"voltage":"110000","name":"Krumau - Horn"}},{"type":"Feature","geometry":{"type":"LineString","coordinates":[[15.3920865,48.7302861],[15.392735,48.7292623],[15.392807,48.7271402],[15.3928694,48.7250232],[15.3929544,48.7226054],[15.395905,48.7204442],[15.3987921,48.7183317],[15.401433,48.7164023],[15.4042203,48.714357],[15.4076637,48.7128517],[15.4106811,48.7115331],[15.4134951,48.710296],[15.4167154,48.7088821],[15.4197296,48.7075828],[15.4234146,48.705973],[15.4268745,48.7044549],[15.4305779,48.7034807],[15.4346061,48.702413],[15.4379342,48.7015396],[15.4415839,48.7005733],[15.4458507,48.699449],[15.4499943,48.6983761],[15.4530473,48.6975657],[15.4572635,48.6974893],[15.4616042,48.6974056],[15.4657082,48.6973247],[15.4701312,48.6972421],[15.4741743,48.6971607],[15.4780798,48.697083],[15.4828101,48.6969911],[15.486862,48.6955309],[15.4903854,48.6942644],[15.4941313,48.6929341],[15.4971256,48.6918564],[15.5003968,48.6906726],[15.5033777,48.6896019],[15.5067792,48.6883832],[15.5102987,48.6871191],[15.5138202,48.685848],[15.5178334,48.6844001],[15.5213943,48.6832647],[15.5251107,48.6820854],[15.5284962,48.6815231],[15.5318955,48.6804514],[15.5360156,48.6791392],[15.5400763,48.6778444],[15.5437326,48.6766742],[15.5479576,48.6753237],[15.5516115,48.6741555],[15.5555273,48.6728999],[15.5588432,48.6718473],[15.5629384,48.6705393],[15.5663595,48.66945],[15.57009,48.6682543],[15.574307,48.6669062],[15.5785234,48.6655637],[15.5819341,48.6644699],[15.5854308,48.6633569],[15.5885402,48.6623598],[15.590505,48.6609649],[15.5923223,48.6596769],[15.5966018,48.6588036],[15.6011191,48.657879],[15.6048374,48.6571088],[15.6093172,48.656969],[15.6131395,48.6568455],[15.6167494,48.6567216],[15.6200099,48.6557426],[15.6237883,48.6546087],[15.627475,48.6534995],[15.6318345,48.6521736],[15.6355711,48.6510477],[15.6389836,48.6500194],[15.6427516,48.6488839],[15.6464949,48.6477558],[15.6504515,48.6465635],[15.6541782,48.646435],[15.6568656,48.6463423],[15.6596919,48.6462449],[15.6642129,48.646089],[15.6684914,48.6459415],[15.6723249,48.6458093],[15.6749443,48.6465897],[15.6784116,48.6475835],[15.6824243,48.6487689],[15.686531,48.6499481],[15.6897346,48.6508754],[15.6925044,48.6516857],[15.6961779,48.652755],[15.6999045,48.6538281],[15.703151,48.6547805],[15.7057987,48.6555485],[15.7085738,48.6563213],[15.7115277,48.6572103],[15.7138287,48.6578777],[15.7163196,48.6586002],[15.7188055,48.6593212],[15.7227688,48.659443],[15.7268003,48.6595646],[15.7306803,48.6596856],[15.7347791,48.6598167],[15.7382918,48.6599273],[15.742243,48.6600485],[15.7458218,48.6601587],[15.7498416,48.6604593],[15.7540072,48.6607641],[15.7582027,48.6610738],[15.7625289,48.661392],[15.7669373,48.6617212],[15.7715363,48.6620601],[15.775804,48.6623748],[15.7804712,48.6627188],[15.7847602,48.6630401],[15.787704,48.6632497],[15.7914209,48.663526],[15.795251,48.6638073],[15.7985177,48.6637684],[15.8021066,48.6637368],[15.8064115,48.6636939],[15.8104886,48.6636522],[15.8128761,48.6612816],[15.8149106,48.659245],[15.8175333,48.6574617],[15.8201743,48.6556671],[15.8225212,48.6548616],[15.8258181,48.6537218],[15.8289603,48.652628],[15.8307701,48.6514819],[15.8334874,48.6497377],[15.8364551,48.6477244],[15.8397723,48.6454858],[15.8426464,48.6435255],[15.8456451,48.6414927],[15.8487326,48.6404146],[15.8512398,48.6379142],[15.8538656,48.6352856],[15.8559884,48.6331637],[15.8577183,48.6314284],[15.860006,48.6290719],[15.8623734,48.6266406],[15.864582,48.6243545],[15.866698,48.6221744],[15.8682459,48.6205733],[15.8701649,48.6186034],[15.8722722,48.6164227],[15.8739002,48.6147558],[15.8743815,48.6119899],[15.8747893,48.609682],[15.875231,48.6071329],[15.8756794,48.6045453],[15.876069,48.6023145],[15.8745476,48.5996598],[15.8729868,48.5969234],[15.8714224,48.5941806],[15.8701713,48.5919897],[15.8688832,48.5889738],[15.867817,48.5864813],[15.8669293,48.5843544],[15.8671162,48.5815778],[15.8672755,48.5789834],[15.8674328,48.5760319],[15.867651,48.5731705],[15.8677987,48.5701092],[15.8701839,48.5676172],[15.8723019,48.5652199],[15.874679,48.5625292],[15.8768712,48.5601564],[15.8792597,48.5574237],[15.8810107,48.5554909],[15.8834259,48.55286],[15.8854715,48.5506424],[15.8873177,48.5485609],[15.8896504,48.5458731],[15.8933711,48.5441402],[15.8960196,48.542859],[15.8989805,48.5415311],[15.901438,48.5403222],[15.9047545,48.5387827],[15.9071644,48.5367327],[15.9094648,48.5347529],[15.9121308,48.5324649],[15.9147046,48.5302051],[15.9174619,48.5278249],[15.9201334,48.5255227],[15.9227834,48.523256],[15.9263798,48.5220393],[15.9307956,48.5205839],[15.9346374,48.5193163],[15.9380422,48.5181648],[15.9413295,48.5170822],[15.9445535,48.5160298],[15.9484301,48.5147203],[15.9507859,48.5128071],[15.9532685,48.5107521],[15.9561447,48.5083698],[15.9589049,48.5060835],[15.96157,48.5038951],[15.9643202,48.5016314],[15.9661064,48.4996541],[15.9678996,48.4976251],[15.9701898,48.4951815],[15.9703388,48.4950173],[15.9726911,48.4924254],[15.974938,48.4899874],[15.9774756,48.4881788],[15.9806085,48.4859285],[15.9834778,48.4838535],[15.986493,48.4816729],[15.9891098,48.4797805],[15.9920286,48.4776695],[15.9936542,48.475388],[15.9940336,48.4723906],[15.9942699,48.4695168],[15.994475,48.4671151],[15.9947423,48.4641402],[15.9950289,48.4613806],[15.9952815,48.4582683],[15.9956022,48.4553748],[15.9958086,48.4525976],[15.9960103,48.4504124],[15.9961681,48.4483957],[15.9963611,48.446361],[15.9946071,48.4439181],[15.9927449,48.4413253],[15.9913599,48.4393861],[15.9899359,48.437415],[15.990117,48.4344595],[15.9902886,48.4323015],[15.9904793,48.4299037],[15.9906273,48.4272449],[15.9908217,48.424664],[15.9910345,48.4218533],[15.9912381,48.4188932],[15.9914046,48.4158653],[15.9916082,48.4130461],[15.991747,48.4106076],[15.9920339,48.4075055],[15.9928394,48.4049254],[15.9938017,48.4019498],[15.99396,48.3988039]]},"properties":{"voltage":"110000","name":"Absdorf \u2013 G\u00f6pfritz"}},{"type":"Feature","geometry":{"type":"LineString","coordinates":[[17.1415553,48.142122],[17.1448008,48.14202],[17.1484848,48.1419099],[17.1505014,48.1424849],[17.1528232,48.142524],[17.1553606,48.1423672],[17.1560553,48.1409282],[17.1530311,48.1391849],[17.1535844,48.1375872],[17.1542631,48.1370926],[17.1557259,48.1370593],[17.158201,48.1363067],[17.1593931,48.1342164],[17.1631792,48.1343034],[17.1670224,48.1343917],[17.1706553,48.1336666],[17.1735809,48.1318897],[17.1762925,48.133158],[17.1795031,48.134659],[17.1821283,48.1358771],[17.1834513,48.1350187],[17.1852618,48.1338615],[17.1873834,48.1324858],[17.1894219,48.13117],[17.1915889,48.1297843],[17.1937601,48.1283809],[17.1950543,48.1261474],[17.196224,48.1240959],[17.1980693,48.1225576],[17.2002915,48.1207053],[17.202556,48.1188342],[17.2045485,48.1171787],[17.2068241,48.1152904],[17.2085379,48.1138569],[17.2101782,48.1125012],[17.2131259,48.1120213],[17.215259,48.1130493]]},"properties":{"voltage":"110000","name":""}},{"type":"Feature","geometry":{"type":"LineString","coordinates":[[17.0616779,48.1735726],[17.0618413,48.1737944]]},"properties":{"voltage":"110000","name":""}},{"type":"Feature","geometry":{"type":"LineString","coordinates":[[17.0613947,48.173764],[17.059271,48.1754358],[17.0572419,48.1770043],[17.0550246,48.1787115],[17.0530195,48.1802743],[17.0509665,48.1818651],[17.0487565,48.1835814],[17.0466538,48.1852139],[17.0442039,48.1871166],[17.0437489,48.1886559],[17.0430499,48.1910384],[17.0425257,48.192873],[17.0417984,48.1953379],[17.0410617,48.1978205],[17.0403081,48.2002977],[17.0397696,48.2021801],[17.0390496,48.2045976],[17.0375345,48.2064357],[17.0357406,48.2086133],[17.0339755,48.2107371],[17.0322799,48.2128027],[17.0304337,48.2150423],[17.0287331,48.2170879],[17.0270402,48.2191735],[17.025244,48.2213459],[17.023498,48.2234616],[17.0218761,48.2254151],[17.0207513,48.2277805],[17.0196317,48.230112],[17.018532,48.2324008],[17.0174704,48.2346163],[17.0164034,48.2368447],[17.01537,48.2389954],[17.0142895,48.2412595],[17.0133709,48.2431934],[17.0122277,48.2455879],[17.0113943,48.2473173],[17.0110088,48.2481188],[17.0103526,48.2494977],[17.0092096,48.2518599],[17.0080917,48.254157],[17.0070571,48.2563575],[17.0059394,48.2586622],[17.0048282,48.260987],[17.0047814,48.263718],[17.0047703,48.2665112],[17.0047542,48.2674496],[17.0047463,48.2688963],[17.0047232,48.2716849],[17.0046747,48.2744748],[17.004666,48.2771079],[17.0046139,48.2796867],[17.0046121,48.2823415],[17.0045377,48.2851252],[17.004499,48.287784],[17.0069458,48.287832],[17.0108818,48.2879363],[17.0150668,48.288884],[17.0190971,48.2897859],[17.0221499,48.2904989],[17.0250457,48.291141],[17.0283762,48.2918976],[17.0324226,48.2928108],[17.0329088,48.2956121],[17.0334104,48.2985708],[17.0339286,48.3015218],[17.0343828,48.3042019]]},"properties":{"voltage":"110000","name":""}},{"type":"Feature","geometry":{"type":"LineString","coordinates":[[17.0615489,48.1731505],[17.0620586,48.17368]]},"properties":{"voltage":"110000","name":""}},{"type":"Feature","geometry":{"type":"LineString","coordinates":[[15.2725865,48.2178895],[15.272251,48.2155577],[15.2709034,48.2144333],[15.2705849,48.2119526],[15.2702741,48.209592],[15.2699387,48.2069742],[15.2696466,48.2045743],[15.2692991,48.2018803],[15.2689579,48.1992358],[15.2685561,48.1961201],[15.2678831,48.1937496],[15.2648681,48.1928375],[15.2619134,48.1919437],[15.2584636,48.1909001],[15.2536285,48.1908427],[15.2500691,48.1897069],[15.2464504,48.1885592],[15.242237,48.1871851],[15.2390351,48.1861761],[15.235491,48.185096],[15.2336961,48.1823932],[15.2335516,48.180451],[15.2333234,48.1783413],[15.2330572,48.174918],[15.2326921,48.1718596],[15.2324488,48.1691054],[15.2323095,48.1670208],[15.2320685,48.164738],[15.2318484,48.1618683],[15.2315818,48.1592286],[15.2313494,48.1568422],[15.2311178,48.1543377],[15.2308757,48.1518623]]},"properties":{"voltage":"110000","name":""}},{"type":"Feature","geometry":{"type":"LineString","coordinates":[[15.6866938,48.2204634],[15.6858291,48.2223166],[15.6850191,48.2240526]]},"properties":{"voltage":"110000","name":""}},{"type":"Feature","geometry":{"type":"LineString","coordinates":[[15.6153483,48.0452643],[15.6162215,48.0463975],[15.6177487,48.0483498],[15.6193323,48.0503681],[15.6190864,48.052076],[15.6188403,48.0539048],[15.6160753,48.0557219],[15.6135071,48.0573793],[15.6107703,48.0591976],[15.6076101,48.0612749],[15.6057323,48.0646555],[15.6042979,48.067257],[15.601017,48.0732055],[15.6000431,48.0749865],[15.5990622,48.0767397],[15.6003226,48.0783204],[15.6016434,48.0799697],[15.6030055,48.0816611],[15.6050037,48.0841546],[15.6069559,48.0865873],[15.6090216,48.089171],[15.6103952,48.0908686],[15.6116906,48.0924844],[15.6133577,48.0945519],[15.6152976,48.0969653],[15.6156543,48.0992119],[15.6160314,48.1016013],[15.6162846,48.1033661],[15.6167126,48.1060475],[15.6171103,48.1085561],[15.6174629,48.1108777],[15.6189741,48.1134559],[15.6205196,48.1161493],[15.6220615,48.1188057],[15.6235912,48.1214531],[15.6251191,48.1240875],[15.6267195,48.1268537],[15.6282195,48.1294404],[15.6296769,48.1319767],[15.6326801,48.1335737],[15.6351262,48.1348477],[15.6381185,48.1364459],[15.6410876,48.1380188],[15.6443194,48.1397299],[15.6474308,48.1413853],[15.6500249,48.1427316],[15.6525354,48.1440861],[15.6555388,48.1456603],[15.6586512,48.1473237],[15.662046,48.1491294],[15.6655998,48.1510086],[15.6657163,48.1538485],[15.665775,48.1562522],[15.6659059,48.1587462],[15.6660073,48.1612074],[15.6661069,48.1634572],[15.6662173,48.1662849],[15.6663351,48.1690441],[15.6664346,48.1715843],[15.6665473,48.1744253],[15.6687035,48.1770216],[15.6708354,48.1796129],[15.6729489,48.1821724],[15.6748021,48.1844223],[15.676673,48.1866819],[15.6785754,48.1889836],[15.6805057,48.191323],[15.6823162,48.1935192],[15.684163,48.19574],[15.6859616,48.1979184],[15.6875532,48.1998455],[15.6893407,48.2020153],[15.691184,48.204242],[15.6931361,48.2065971],[15.6914547,48.2093641],[15.6899145,48.211854],[15.6884457,48.2142594],[15.686795,48.2169628],[15.6851178,48.2197094],[15.6836693,48.2220814],[15.6857273,48.2239571],[15.6876946,48.2245696]]},"properties":{"voltage":"110000","name":"Pottenbrunn - Traisen"}},{"type":"Feature","geometry":{"type":"LineString","coordinates":[[15.6895084,48.2238306],[15.690067,48.2227452],[15.6894054,48.2205],[15.6885599,48.2176665],[15.6866014,48.2170945],[15.6838022,48.216303],[15.6810463,48.2155325],[15.6790366,48.2129801],[15.6770433,48.2104685],[15.675222,48.2081648],[15.6731446,48.205553],[15.6715303,48.2035048],[15.6696822,48.2011422],[15.6676029,48.1985153],[15.6657387,48.196173],[15.6636157,48.193472],[15.661506,48.1908096],[15.6596958,48.1885289],[15.6575932,48.1858849],[15.6556251,48.1833515],[15.653594,48.1807984],[15.6515799,48.1782505],[15.6498481,48.1760403],[15.6456176,48.1749759],[15.6412456,48.1751957],[15.6370115,48.1754083],[15.6332192,48.1755961],[15.6298967,48.1757632],[15.6265515,48.1759253],[15.6229035,48.1761051],[15.6198038,48.1761992],[15.6165169,48.1762913],[15.6128322,48.1764012],[15.6091339,48.176507],[15.6073096,48.1769378]]},"properties":{"voltage":"110000","name":"Pottenbrunn - Gresten;Pottenbrunn - St. P\u00f6lten"}},{"type":"Feature","geometry":{"type":"LineString","coordinates":[[15.6157844,48.0451453],[15.6162687,48.0453977],[15.6197497,48.0444561],[15.623736,48.043369],[15.6271263,48.0440222],[15.6304778,48.0446821],[15.6338315,48.0453164],[15.6378119,48.0453615],[15.6414291,48.0453857],[15.6457386,48.0454153],[15.649715,48.0454456],[15.6533941,48.0454705],[15.6559148,48.0447617],[15.6587162,48.043974],[15.66127,48.0432559],[15.6638098,48.0425417],[15.6663383,48.0418307],[15.6689057,48.0411087],[15.6712392,48.0413455],[15.6730383,48.0414739],[15.6763621,48.0408855],[15.6791162,48.040357],[15.6822137,48.0406249],[15.6852771,48.0409165],[15.6886855,48.041178],[15.6919193,48.0414562],[15.6953938,48.0417696],[15.6984921,48.0420182],[15.7019104,48.0423122],[15.7053682,48.0425986],[15.7089952,48.0417011],[15.7127916,48.0407616],[15.7161194,48.0399381],[15.720032,48.0389699],[15.723731,48.0380545],[15.7273394,48.0371615],[15.7306558,48.0363408],[15.7341619,48.0368224],[15.7377273,48.0373529],[15.7412197,48.0378437],[15.7444705,48.0382888],[15.7483094,48.0388284],[15.7522304,48.0393372],[15.7539017,48.038624],[15.7551679,48.0380837],[15.75803,48.0368615],[15.7611431,48.0355459],[15.7639641,48.0343439],[15.7664483,48.033296],[15.768359,48.033446],[15.76846,48.0333199],[15.768401,48.032517],[15.771042,48.0313839],[15.7736477,48.0302659],[15.7771512,48.0305817],[15.780898,48.0309273],[15.7852219,48.0313325],[15.7890335,48.0316837],[15.7928544,48.0320324],[15.7966887,48.0323891],[15.8009687,48.032162],[15.8055223,48.031922],[15.8100155,48.0316858],[15.8140482,48.031468],[15.8183164,48.0312415],[15.8227552,48.031006],[15.8260682,48.0308302],[15.8287468,48.0307038],[15.8314207,48.0305596],[15.8343432,48.0301641],[15.8376729,48.0297041],[15.841464,48.0291804],[15.8455764,48.0286123],[15.8493298,48.0280937],[15.8528176,48.0276118],[15.8566318,48.0270848],[15.8596204,48.027528],[15.8625049,48.0279632],[15.8655438,48.0284234],[15.8686953,48.0289001],[15.8723787,48.0288002],[15.8759825,48.0287131],[15.8801518,48.0286039],[15.884565,48.0284889],[15.8884769,48.0283892],[15.891375,48.0283154],[15.8942587,48.0282426],[15.9006139,48.0280728],[15.9037085,48.0279951],[15.9073629,48.0279034],[15.9117592,48.0277846],[15.915304,48.0257337],[15.9190446,48.0255216],[15.922752,48.0253131],[15.9267044,48.0250963],[15.9310015,48.0248582],[15.9354281,48.0246107],[15.9391417,48.0239122],[15.9430747,48.0231784],[15.9470081,48.0224419],[15.9502617,48.0218297],[15.9530662,48.020437],[15.9558075,48.0190732],[15.9587256,48.0176145],[15.9619245,48.0160258],[15.9648047,48.0145962],[15.9686249,48.0144986],[15.97225,48.0144259],[15.9760185,48.0143418],[15.9794924,48.0142617],[15.9830554,48.0141826],[15.9872967,48.0138572],[15.991299,48.0135289],[15.9956702,48.0131882],[15.9999137,48.0128817],[16.0040876,48.0125138],[16.0064435,48.01087],[16.008851,48.0091746],[16.0111149,48.0075803],[16.0131576,48.0061416],[16.0154846,48.0045027],[16.0178405,48.0028434],[16.0209578,48.0029159],[16.0244878,48.0029981],[16.0278622,48.0030766],[16.0314011,48.0025168],[16.0345171,48.0020272],[16.0378381,48.0015053],[16.0412121,48.0009751],[16.0444979,48.0004588],[16.0479069,47.9999231],[16.0516229,47.9993391],[16.0551447,47.9987857],[16.0592213,47.998145],[16.0630117,47.9975494],[16.0673963,47.9968603],[16.0692595,47.9945849],[16.0710019,47.9924569],[16.0729841,47.990036],[16.0750668,47.9874922],[16.077119,47.9849855],[16.0790095,47.9826762],[16.080592,47.9807606],[16.0794846,47.9786283],[16.078168,47.9760805],[16.0766569,47.9731321],[16.0778333,47.9709331],[16.0790985,47.9685621],[16.0804524,47.9660301],[16.082256,47.9646203],[16.0844125,47.9629347],[16.0868396,47.9610375],[16.0892865,47.9591435],[16.0887515,47.9572002],[16.0882839,47.9555142],[16.0877886,47.953728],[16.0890151,47.9528706],[16.0906159,47.9517429],[16.0936563,47.9522628],[16.0975242,47.952914]]},"properties":{"voltage":"110000","name":"Traisen - Pottenstein"}},{"type":"Feature","geometry":{"type":"LineString","coordinates":[[17.0629865,48.1747418],[17.0658201,48.1756103],[17.0683771,48.1763932],[17.0712097,48.1766989],[17.0771635,48.175458],[17.0815862,48.1745224],[17.0848205,48.1738472],[17.0879603,48.1743753],[17.0901496,48.1747411],[17.0918955,48.1750214],[17.0938447,48.1753539],[17.095951,48.1757064],[17.0999658,48.1763739],[17.1028861,48.1768595],[17.1057361,48.177336],[17.1081229,48.1777267],[17.1136625,48.1786473],[17.1146482,48.179693],[17.1167062,48.179934]]},"properties":{"voltage":"110000","name":""}},{"type":"Feature","geometry":{"type":"LineString","coordinates":[[15.2416299,48.4734645],[15.241665,48.4719819],[15.2429049,48.4702013],[15.2440747,48.4684986],[15.2453313,48.4667383],[15.2468444,48.4649766],[15.2486145,48.4629075],[15.2499915,48.4612872],[15.2510646,48.4600387],[15.2516556,48.4593461],[15.2528689,48.4579153],[15.2558586,48.4572156],[15.2588358,48.456517],[15.2611446,48.4549652],[15.2633163,48.4535055],[15.2628227,48.4513277],[15.2624169,48.4495299],[15.2619802,48.4476611],[15.2601206,48.4465304],[15.2575074,48.4449137],[15.2581343,48.4428017],[15.2588961,48.4405094],[15.259581,48.4382108],[15.2575366,48.4368074],[15.255472,48.4353399],[15.2543458,48.4331522],[15.2532297,48.4309812],[15.2542443,48.4288539],[15.2553451,48.4265716],[15.2543052,48.4247504],[15.2530268,48.4225589],[15.2519818,48.4206938],[15.2511296,48.4191687],[15.2509013,48.4171419],[15.2506375,48.4151015],[15.250394,48.4131116],[15.2501201,48.4108319],[15.2483699,48.4086566],[15.2468024,48.4067405],[15.2453009,48.4048782],[15.2436826,48.4029283],[15.2420631,48.4008991],[15.2407002,48.3992309],[15.2393438,48.3976013],[15.2401382,48.3960273],[15.2411265,48.393943],[15.2420114,48.3919614],[15.243019,48.3898554],[15.2434453,48.3879167],[15.24382,48.3860035],[15.2443561,48.3837557],[15.2446984,48.3820784],[15.2451053,48.3803753],[15.2455317,48.3783589],[15.2456748,48.3763551],[15.2457781,48.3745257],[15.2458763,48.3725863],[15.2459332,48.3706983],[15.2461088,48.3683984],[15.2462432,48.36627],[15.2456645,48.364114],[15.2450857,48.3620266],[15.244693,48.3602035],[15.2442057,48.3583716],[15.2436204,48.3561916],[15.2430914,48.3540339],[15.2423768,48.3523436],[15.2415608,48.3505822],[15.2406098,48.3484355],[15.2398557,48.3467263],[15.239096,48.3450171],[15.2397994,48.3428402],[15.2404466,48.3408952],[15.2409249,48.3393129],[15.2413976,48.3377568],[15.2422417,48.3358378],[15.2430577,48.3340608],[15.2439074,48.3320743],[15.2448247,48.329968],[15.2458263,48.327581],[15.2450554,48.3251976],[15.2445152,48.3233829],[15.2439187,48.3215494],[15.2418196,48.3194651],[15.2404128,48.3172235],[15.239148,48.3152565],[15.2410712,48.3135036],[15.2426581,48.312029],[15.2416171,48.3094428],[15.2418647,48.3074703],[15.2421629,48.3055239],[15.2414564,48.3035138],[15.241916,48.3015889],[15.2425735,48.2990355]]},"properties":{"voltage":"110000","name":""}},{"type":"Feature","geometry":{"type":"LineString","coordinates":[[15.1798379,48.5986407],[15.1802151,48.5985233],[15.1824945,48.5979218],[15.1855029,48.5971455],[15.1880694,48.5964676],[15.1908685,48.595025],[15.193275,48.593669],[15.1935658,48.5915051],[15.1937912,48.5892353],[15.1939366,48.5873116],[15.1941547,48.5852677],[15.194322,48.5833198],[15.1963431,48.5816701],[15.1986115,48.5798231],[15.200211,48.5784619],[15.1995131,48.5763406],[15.1989605,48.5744405],[15.1983444,48.5724095],[15.1977318,48.5703899],[15.1974991,48.5682683],[15.1973392,48.5661995],[15.1971429,48.5640103],[15.2003782,48.5627593],[15.2028793,48.5618259],[15.2055621,48.5607769],[15.2071221,48.5593489],[15.2085793,48.5580149],[15.2100043,48.5567349],[15.2112897,48.5556012],[15.2132019,48.5549527],[15.215049,48.5543263],[15.2179599,48.5528669],[15.220654,48.5515632],[15.2216263,48.5497471],[15.2227163,48.547939],[15.2237754,48.5460981],[15.2248079,48.5442997],[15.2260174,48.542207],[15.226886,48.5406529],[15.2285401,48.5390722],[15.2303031,48.5373929],[15.2312879,48.5355352],[15.2322788,48.5336406],[15.2332511,48.5317212],[15.2339572,48.5295188],[15.2345208,48.5277224],[15.2351525,48.5257495],[15.2357712,48.5238026],[15.2363363,48.5219669],[15.2363999,48.5217758],[15.2369557,48.5201056],[15.2377096,48.5178637],[15.2383015,48.5159032],[15.239071,48.5135989],[15.2397722,48.5114453],[15.2388192,48.5094774],[15.2379256,48.5075694],[15.2369157,48.5053074],[15.2368001,48.5036989],[15.2366934,48.5020667],[15.2365867,48.5003814],[15.2365067,48.498266],[15.2349242,48.496207],[15.2335468,48.4945098],[15.232215,48.4928275],[15.2309686,48.4911981],[15.2295685,48.4894856],[15.2308263,48.4877995],[15.2323061,48.485819],[15.2338712,48.4837102],[15.2352449,48.4819326],[15.2364781,48.4801782],[15.237707,48.478562],[15.2389837,48.4768527],[15.2402936,48.4750419],[15.241186,48.4738095]]},"properties":{"voltage":"110000","name":"Zwettl - Sallingberg"}},{"type":"Feature","geometry":{"type":"LineString","coordinates":[[17.1779612,48.1616604],[17.1785586,48.159415],[17.1777254,48.15837],[17.1776135,48.157257],[17.1774482,48.1559019],[17.1772985,48.1545517],[17.1771361,48.1530539],[17.1769998,48.1518585],[17.1769121,48.150427],[17.1764568,48.1493246],[17.1759371,48.1486191],[17.1754785,48.147884],[17.175862,48.1464863],[17.1762496,48.1451342],[17.176485,48.1442866],[17.1767686,48.1432675],[17.1770596,48.1422509],[17.1772621,48.1410267],[17.1775384,48.1394811],[17.1793368,48.138306],[17.181972,48.1366217],[17.1843632,48.1350859],[17.1870428,48.1333558],[17.1891872,48.1319747],[17.1910856,48.130756],[17.1931312,48.129437],[17.1943864,48.1286225],[17.1956687,48.1263747],[17.1968388,48.1243004],[17.1989104,48.1225833],[17.2009956,48.120853],[17.2031199,48.1190965],[17.2052053,48.1173569],[17.2070373,48.1158329],[17.2088303,48.1143583],[17.2106033,48.1128648],[17.2137388,48.1129947],[17.21475,48.1135099]]},"properties":{"voltage":"110000","name":""}},{"type":"Feature","geometry":{"type":"LineString","coordinates":[[15.2765508,48.8069999],[15.2786162,48.8045369],[15.2801036,48.8027733],[15.2818739,48.8006745],[15.2867765,48.8005271],[15.2909406,48.7997113],[15.2953677,48.798844],[15.2991811,48.798097],[15.3032938,48.7972912],[15.3078176,48.7964049],[15.311449,48.7955007],[15.3157297,48.7944347],[15.3196544,48.7934574],[15.3238867,48.7924035],[15.327876,48.7914101],[15.33167,48.7904653],[15.3356525,48.7894735],[15.3395618,48.7884999],[15.343181,48.7875986],[15.3473324,48.7886974],[15.3503251,48.7903117],[15.3527045,48.7916314],[15.3549011,48.7928349],[15.3576434,48.7943315],[15.3607626,48.7960305],[15.3635843,48.7975679],[15.3664247,48.7991095],[15.369539,48.8008024],[15.373172,48.8027844],[15.3757957,48.803821],[15.3784998,48.8049019],[15.3815584,48.8061231],[15.383834,48.8070161],[15.3846443,48.8073341],[15.3880803,48.8087016],[15.392311,48.8078457],[15.3968719,48.8069282],[15.400951,48.8060969],[15.4052209,48.8052432],[15.4094972,48.8043805],[15.4138035,48.8035066],[15.4181618,48.8026256],[15.4220592,48.8018351],[15.4259836,48.8010379],[15.4302986,48.8012267],[15.4341672,48.8013937],[15.4377623,48.8015451],[15.4414837,48.8017081],[15.446186,48.8012947],[15.450926,48.8008761],[15.4550653,48.8005162],[15.459095,48.8001615],[15.4633611,48.7997925],[15.4671826,48.7994583],[15.4705629,48.7973416],[15.4738095,48.7952944],[15.4771727,48.7931781],[15.4805688,48.7910343],[15.4840505,48.7888574],[15.4876306,48.7866017],[15.4911905,48.7843506],[15.4959402,48.783713],[15.500256,48.7831302],[15.5038936,48.7826491],[15.5083952,48.7820555],[15.5129129,48.7814461],[15.5174173,48.7808391],[15.5215801,48.7802785],[15.525743,48.7797212],[15.5301145,48.7791305],[15.5347788,48.7785019],[15.5390717,48.7779194]]},"properties":{"voltage":"110000;20000","name":"Eggenburg - Waidhofen an der Thaya;Waidhofen an der Thaya - Japons"}},{"type":"Feature","geometry":{"type":"LineString","coordinates":[[14.4704651,48.1174304],[14.4718162,48.1194007],[14.4734881,48.1218346],[14.4741307,48.12277],[14.4751665,48.1230796],[14.4798358,48.1226276],[14.483104,48.1223221],[14.4865152,48.1221795],[14.490825,48.1232604],[14.4949097,48.1242987],[14.4993225,48.1254128],[14.5035753,48.1264581],[14.5080286,48.1275749],[14.5114724,48.1272297],[14.5148062,48.1268955],[14.5181135,48.1268582],[14.5225254,48.1268086],[14.5254502,48.1267756],[14.5293456,48.1267317],[14.5343087,48.1266759],[14.5393301,48.1266193],[14.5449581,48.1259764],[14.5486437,48.1255381],[14.5533108,48.1249912],[14.5578242,48.1244925],[14.5622168,48.1239595],[14.5667571,48.1234364],[14.5708457,48.1229687],[14.575351,48.1224267],[14.5793604,48.1221333],[14.5829107,48.1218734],[14.5873434,48.121549],[14.5915769,48.1212391],[14.5961201,48.1209066],[14.6006051,48.1205784],[14.6044598,48.1202962],[14.6085596,48.1199962],[14.6131176,48.1196626],[14.6162096,48.1205667],[14.6194244,48.1215067],[14.6238098,48.122789],[14.6277649,48.1239454],[14.6316503,48.1250814],[14.6343526,48.1258715],[14.6380495,48.1269523],[14.641995,48.1281059],[14.64492,48.128961],[14.6483829,48.1299734],[14.6521992,48.1310891],[14.6556478,48.1320972],[14.659487,48.1332196],[14.6636789,48.134445],[14.66779,48.1340888],[14.6721311,48.1337127],[14.6765211,48.1333324],[14.6802624,48.1330082],[14.6843294,48.1326559],[14.6874543,48.1323851],[14.690441,48.1321264],[14.6946421,48.1317624],[14.6990664,48.1313791],[14.7037926,48.1309696],[14.7082304,48.1308302],[14.7123188,48.1307017],[14.7160598,48.1305842],[14.720652,48.1304399],[14.7255269,48.1302868],[14.7299701,48.1301472],[14.734739,48.1299974],[14.7394421,48.1298496],[14.7427023,48.1306374],[14.7462477,48.131494],[14.7495337,48.132288],[14.7537379,48.1333038],[14.7580617,48.1343485],[14.7617829,48.1352476],[14.7652531,48.136086],[14.7692607,48.1370542],[14.7734617,48.1380692],[14.7770032,48.1389248],[14.7805318,48.1397772],[14.7843981,48.1407113],[14.7890629,48.1418382],[14.7925244,48.1426744],[14.7960191,48.1435186],[14.8000656,48.1444961],[14.8030845,48.1452254],[14.8067982,48.1461224],[14.8107763,48.1470834],[14.8142349,48.1479188],[14.8174533,48.1486962],[14.8208935,48.1495271],[14.8246006,48.1504225],[14.8279351,48.1512279],[14.8321836,48.1522541],[14.8366491,48.1533326],[14.8405498,48.1532721],[14.8447925,48.1532062],[14.8487711,48.1531445],[14.8535674,48.1530701],[14.8577982,48.1530045],[14.8623226,48.1529343],[14.8671831,48.1528589],[14.8713382,48.1529167],[14.8746889,48.1529605],[14.8783239,48.1530073],[14.8832805,48.153071],[14.8866284,48.153114],[14.8903088,48.1531613],[14.89483,48.1532194],[14.898968,48.1529036],[14.902301,48.1526467],[14.9060977,48.1523545],[14.9102268,48.1520329],[14.9147744,48.1516838],[14.9185636,48.1513839],[14.923312,48.1510121],[14.9274979,48.1508971],[14.9319112,48.1507995],[14.9363283,48.1506779],[14.9409255,48.150578],[14.9446664,48.1503363],[14.9497827,48.1502813],[14.954375,48.1502158],[14.9587381,48.1487746],[14.9633249,48.1484787],[14.9671007,48.1482352],[14.9713483,48.1479613],[14.9756214,48.1476857],[14.9789042,48.147474],[14.9822434,48.1477253],[14.9853552,48.1479396],[14.9887263,48.1481541],[14.9932068,48.1484837],[14.9965257,48.1495799],[14.9990376,48.1504096],[15.0039141,48.1502588],[15.0080415,48.1512455],[15.0123586,48.1522775],[15.0163554,48.1532329],[15.0191998,48.1539129],[15.0243142,48.1531141],[15.0293128,48.1523263],[15.033863,48.1516331],[15.0376107,48.1510495],[15.0418848,48.1503548],[15.045191,48.1498928],[15.0489053,48.1493599],[15.052997,48.1487924],[15.0567942,48.14915],[15.061161,48.1496309],[15.0648743,48.1500182],[15.0687589,48.1504165],[15.0725462,48.1507969],[15.0757928,48.1511401],[15.0803798,48.1516352],[15.0848115,48.1520873],[15.0887909,48.1504527],[15.0926222,48.1488652],[15.0964015,48.1473422],[15.100008,48.1477391],[15.1032661,48.1481618],[15.1069131,48.1486043],[15.1112924,48.1491291],[15.1157881,48.1496387],[15.1206161,48.1487742],[15.1244784,48.1480886],[15.1290009,48.1472733],[15.1325304,48.148501],[15.136208,48.1497889],[15.1399471,48.1511045],[15.1439156,48.1524917],[15.1468161,48.1534812],[15.1511721,48.153424],[15.1556889,48.1533397],[15.1598004,48.1532655],[15.1640073,48.1531919],[15.1684216,48.1531119],[15.1730493,48.1530361],[15.1771179,48.1529677],[15.1802027,48.1529164],[15.1839424,48.1522261],[15.1873908,48.1515947],[15.1919225,48.1507483],[15.1960034,48.149997],[15.2006128,48.1491437],[15.2047149,48.1483617],[15.2087723,48.1476127],[15.2130349,48.1468672],[15.2171869,48.1460861],[15.2217064,48.1450956],[15.2257267,48.1441909],[15.2300317,48.1432229],[15.2336488,48.1424275],[15.2352117,48.1404465],[15.2374486,48.1376075],[15.2394285,48.1351386],[15.2416484,48.1323273],[15.2438225,48.1295787],[15.2480502,48.1294236],[15.2519713,48.1292388],[15.2560325,48.1290652],[15.2602797,48.1288923],[15.2643342,48.128722],[15.2684383,48.128544],[15.2727794,48.1283634],[15.2772116,48.128429],[15.2809545,48.1284925],[15.2856919,48.1285687],[15.2904207,48.1286457],[15.2948496,48.1287133],[15.299294,48.1287821],[15.3023513,48.128832],[15.3073532,48.1289107],[15.3102274,48.1289559],[15.3134661,48.1290002],[15.316989,48.1290625],[15.3206652,48.1291135],[15.3248895,48.129187],[15.3295983,48.1292599],[15.3340778,48.1293251],[15.3380581,48.1293924],[15.3416655,48.1309429],[15.3455116,48.1325885],[15.3484138,48.1338302],[15.3520861,48.1354119],[15.3554229,48.1368456],[15.3581159,48.1379992],[15.3617279,48.1395567],[15.3658634,48.1413235],[15.3688244,48.1422446],[15.373186,48.1436028],[15.3764517,48.1446023],[15.3800117,48.1457027],[15.3834095,48.1467594],[15.3873182,48.1479564],[15.3910603,48.1491233],[15.3948037,48.1502898],[15.3958624,48.1528656],[15.3970884,48.1558784],[15.3983706,48.1589974],[15.3995328,48.1618506],[15.400563,48.1643489],[15.4014881,48.166626],[15.4023343,48.1689639],[15.403304,48.1716748],[15.4040345,48.1736984],[15.4049931,48.1763272],[15.4067791,48.1788464],[15.4083252,48.1810446],[15.4101527,48.1836314],[15.4121809,48.1862582],[15.4165051,48.1889293],[15.4160238,48.1919192],[15.4170378,48.194691],[15.4180731,48.1974965],[15.4188448,48.1996004],[15.4197501,48.2020624],[15.4205234,48.204162],[15.4213131,48.2062806],[15.4275604,48.2079268],[15.4304908,48.2086807],[15.4337585,48.2095039],[15.4377072,48.2105064],[15.4412313,48.2113985],[15.4440104,48.2121012],[15.4467137,48.2127882],[15.4508587,48.2137629],[15.4541994,48.2145431],[15.4576445,48.2153529],[15.4608814,48.2161155],[15.4637687,48.2167934],[15.4675645,48.2176857],[15.4707432,48.2184308],[15.4748715,48.2194],[15.4778779,48.220107],[15.4822723,48.2206575],[15.4864327,48.2211852],[15.4905211,48.221703],[15.4949879,48.2222685],[15.4992485,48.2228032],[15.5038123,48.2233767],[15.5075229,48.2238484],[15.5120259,48.2244152],[15.5162796,48.2249598],[15.5201426,48.2254392],[15.5247053,48.2252727],[15.5293647,48.2251053],[15.5335912,48.2249515],[15.5368876,48.2256299],[15.5399978,48.2262629],[15.5442085,48.2271193],[15.5485139,48.2279979],[15.5523509,48.2287773],[15.5565917,48.2296526],[15.5608628,48.2305177],[15.5641549,48.232268],[15.5675024,48.2340476],[15.5711103,48.2359631],[15.5742188,48.2376124],[15.5772715,48.2392209],[15.5809796,48.2411854],[15.584222,48.2429123],[15.5870155,48.2443974],[15.5898844,48.2459143],[15.5929061,48.2475192],[15.5963297,48.2493309],[15.5992327,48.2508777],[15.6022616,48.2524832],[15.6049389,48.2538982],[15.6077778,48.2554037],[15.6115189,48.2559304],[15.6154036,48.2564759],[15.6185151,48.2569103],[15.6226654,48.257493],[15.626731,48.258058],[15.63097,48.2586521],[15.6348535,48.2591989],[15.639321,48.259817],[15.6434426,48.2603953],[15.6478622,48.2610185],[15.6524,48.2616373],[15.656777,48.2622668],[15.6606214,48.2628032],[15.6640849,48.2632916],[15.6677638,48.2636048],[15.6718314,48.2639493],[15.6758456,48.2642922],[15.679547,48.2646073],[15.6841828,48.2650009],[15.6872739,48.2652657],[15.6915704,48.2656322],[15.6948717,48.2659166],[15.699183,48.2662841],[15.7032297,48.2666342],[15.7073348,48.2669855],[15.7117999,48.2673805],[15.7161221,48.2677557],[15.7202794,48.2681096],[15.7234143,48.2683695],[15.7272783,48.2687059],[15.7317476,48.2690906],[15.7365434,48.2694904]]},"properties":{"voltage":"380000","name":"Ernsthofen - D\u00fcrnrohr;Ernsthofen - Etzersdorf"}},{"type":"Feature","geometry":{"type":"LineString","coordinates":[[16.3738587,48.3555983],[16.3724292,48.3569136],[16.3750278,48.3593447],[16.3774037,48.3614479]]},"properties":{"voltage":"110000","name":"Bisamberg - Eibesbrunn;Bisamberg - Sch\u00f6nkirchen"}},{"type":"Feature","geometry":{"type":"LineString","coordinates":[[16.3319875,48.3585135],[16.3368909,48.3581729],[16.3405588,48.3579194],[16.3447769,48.3576299],[16.3491546,48.3573262],[16.353259,48.3570383],[16.3571969,48.3567636],[16.3609682,48.3565144],[16.3649009,48.3562276],[16.3691955,48.3556197],[16.3735077,48.3550122],[16.376952,48.3552243]]},"properties":{"voltage":"110000","name":"Bisamberg - Korneuburg;Bisamberg - Stockerau"}},{"type":"Feature","geometry":{"type":"LineString","coordinates":[[16.3401167,48.3306647],[16.3410664,48.330539],[16.3438611,48.3311731],[16.3464851,48.3329577],[16.3493245,48.3349286],[16.3520304,48.3367941],[16.3524336,48.3370736],[16.3546548,48.3386133],[16.3572275,48.3403764],[16.3597252,48.3421141],[16.3625201,48.3440309],[16.3650029,48.3457361],[16.3675193,48.3473658],[16.369979,48.3491618],[16.3722826,48.3509945],[16.3749703,48.3531512],[16.3777031,48.3553118],[16.3781462,48.3557148]]},"properties":{"voltage":"110000","name":"Kraftwerk Korneuburg - Bisamberg"}},{"type":"Feature","geometry":{"type":"LineString","coordinates":[[15.269317,48.2173994],[15.2690904,48.2156104],[15.2693726,48.2123877],[15.269679,48.2091434],[15.2693548,48.2065894],[15.2690076,48.2037933],[15.2657765,48.202426],[15.2630059,48.2012506],[15.259207,48.1996327],[15.2550598,48.2001051],[15.2508125,48.2005826],[15.2472214,48.2009864],[15.2429464,48.2014647],[15.2388205,48.201932],[15.2348342,48.2013263],[15.2312929,48.2007858],[15.2277384,48.2002455],[15.2236658,48.1996229],[15.2196105,48.1990113],[15.2153311,48.1983682],[15.211354,48.1977626],[15.2075368,48.1971783],[15.2038296,48.1957685],[15.2005841,48.1945237],[15.1972955,48.1932709],[15.1939719,48.1919927],[15.1905371,48.1906897],[15.1874925,48.1895248],[15.1841438,48.1882512],[15.181824,48.1873548],[15.181608,48.1861419]]},"properties":{"voltage":"110000","name":"Bergern - Erlauf"}},{"type":"Feature","geometry":{"type":"LineString","coordinates":[[15.8577183,48.6314284],[15.8592431,48.6341338],[15.8605802,48.6365062],[15.8620602,48.6391342],[15.8636204,48.6419092],[15.8658421,48.6431174],[15.8687531,48.6447282],[15.8710684,48.6459774],[15.8704971,48.6489294],[15.8700321,48.6519135],[15.8725548,48.6544127],[15.8752316,48.6570209],[15.8773022,48.659049],[15.8798172,48.6615272],[15.883397,48.6614623],[15.8868708,48.6613992],[15.8908911,48.6613248],[15.893999,48.6621242],[15.897729,48.6630813],[15.9019034,48.6641539],[15.9055175,48.6650797],[15.9092869,48.666049],[15.9131273,48.6670322],[15.9167956,48.6679794],[15.9210023,48.6690594],[15.9249866,48.6700854],[15.9291303,48.6711455],[15.9331949,48.672189],[15.9368795,48.6731335],[15.9408491,48.674158],[15.9450433,48.675228],[15.9473069,48.6768875],[15.9499424,48.6788278],[15.9521759,48.6804665],[15.9545143,48.6821862],[15.9568553,48.6839077],[15.9586749,48.6852485],[15.9613138,48.6871868],[15.9634803,48.688768],[15.9656628,48.6903816],[15.9673261,48.6915957],[15.969031,48.6920969]]},"properties":{"voltage":"110000","name":"Mast 144 \u2013 Zellerndorf"}},{"type":"Feature","geometry":{"type":"LineString","coordinates":[[15.3324441,48.5939655],[15.3323406,48.5949185],[15.3288877,48.5961376],[15.3253739,48.5973781],[15.3226647,48.5983337],[15.3180801,48.5987134],[15.3152576,48.5989471],[15.3127011,48.5991585],[15.3100896,48.6011246],[15.3076715,48.6029449],[15.3051467,48.6048597],[15.3015461,48.6051959],[15.297909,48.6055355],[15.2942846,48.605874],[15.2906617,48.6062123],[15.2871997,48.6065355],[15.2836524,48.6068668],[15.2802553,48.607184],[15.2766447,48.6075211],[15.2741898,48.6077503],[15.2704858,48.6064731],[15.2668201,48.6051745],[15.263292,48.6039167],[15.2597359,48.6026272],[15.2555686,48.6019363],[15.2516879,48.6012823],[15.2476258,48.6005812],[15.2442241,48.6000035],[15.2401456,48.599304],[15.2369622,48.5985066],[15.2328608,48.597475],[15.2294988,48.5966373],[15.2256906,48.5956734],[15.2215102,48.5946268],[15.2178485,48.5937113],[15.2140468,48.5933124],[15.2097876,48.5928371],[15.2055775,48.592418],[15.2022719,48.5932849],[15.1983099,48.5943138],[15.1950067,48.5951819],[15.1911171,48.596194],[15.1876954,48.5970894],[15.1849977,48.5978069],[15.1814488,48.5987423]]},"properties":{"voltage":"110000","name":"Ottenstein - Zwettl"}},{"type":"Feature","geometry":{"type":"LineString","coordinates":[[15.3317304,48.5923759],[15.3330069,48.5939872]]},"properties":{"voltage":"110000","name":"Ottenstein - Krumau"}},{"type":"Feature","geometry":{"type":"LineString","coordinates":[[15.6321114,48.6478866],[15.6306431,48.6495232],[15.6291084,48.6512307],[15.6272311,48.6533211],[15.6237298,48.6543767],[15.6200215,48.6554898],[15.6166652,48.656501],[15.613682,48.6566011],[15.6093164,48.6567434],[15.6047721,48.6568935],[15.6009907,48.6576669],[15.5965129,48.6585847],[15.5921275,48.6594825],[15.5899308,48.6610257],[15.5882625,48.6621974],[15.5859103,48.6629536],[15.5826535,48.6639943],[15.5784325,48.6653378],[15.5744306,48.6666158],[15.5699123,48.6680677],[15.566473,48.6691622],[15.5629316,48.6702901],[15.5589131,48.671575],[15.5555394,48.6726524],[15.5515451,48.6739265],[15.5476126,48.6751786],[15.5437215,48.6764286],[15.5400684,48.6775972],[15.535725,48.6789779],[15.5318505,48.6802136],[15.5292752,48.6810242],[15.5273148,48.6816622],[15.5253436,48.6822929],[15.5214991,48.6835131],[15.5179356,48.6846511],[15.5143319,48.6859508],[15.5106977,48.6872612],[15.5071147,48.6885484],[15.5036264,48.689803],[15.5006359,48.690877],[15.4972058,48.6921174],[15.4942117,48.6931907],[15.4910429,48.6943219],[15.4881651,48.6953533],[15.4858434,48.6961958],[15.48299,48.6972243],[15.480494,48.6972733],[15.4773368,48.6973303],[15.4741757,48.6973913],[15.4711557,48.6974473],[15.4681117,48.6975042],[15.4651184,48.6975619],[15.4617138,48.6976266],[15.4587084,48.6976851],[15.4556414,48.697744],[15.4531163,48.6977921],[15.4502271,48.6985492],[15.447289,48.699324],[15.4443785,48.7000884],[15.4413921,48.7008671],[15.4385114,48.7016307],[15.4356324,48.7023893],[15.4325892,48.7031907],[15.4301383,48.7038345],[15.4271487,48.7046206],[15.4246048,48.7057324],[15.4218148,48.7069493],[15.4191246,48.7081314],[15.4162984,48.7093589],[15.4136335,48.710523],[15.410846,48.7117413],[15.408336,48.7128428],[15.405883,48.7139158],[15.403482,48.7155958],[15.401224,48.717172],[15.3989651,48.7187412],[15.3968122,48.7202471],[15.3945292,48.7218402],[15.3929575,48.7229404],[15.3912864,48.7241054],[15.3893172,48.7254778],[15.3875215,48.7267354],[15.3855703,48.7280926],[15.3834688,48.7295593],[15.3820978,48.7311298],[15.3803514,48.733122],[15.3777145,48.7343321],[15.3749523,48.7355877],[15.372159,48.7368568],[15.3695698,48.7380355],[15.3669429,48.7392292],[15.3641511,48.7398557],[15.361469,48.7404512],[15.3582117,48.7411803],[15.355298,48.7418286],[15.351654,48.7426367],[15.3480829,48.7434332],[15.3445998,48.7442128],[15.341235,48.7449656],[15.3387025,48.7470322],[15.3361104,48.7491516],[15.3336366,48.7511798],[15.3313154,48.7530742],[15.3286376,48.7552657],[15.3259606,48.7574574],[15.3233734,48.759574],[15.3210955,48.7614314],[15.3196828,48.7637867],[15.3181636,48.7663213],[15.3166883,48.7687719],[15.315078,48.7714576],[15.3137092,48.7737398],[15.3119979,48.7765894],[15.3103889,48.7792713],[15.3090971,48.7814195],[15.306027,48.7832339],[15.3032997,48.7848529],[15.3005011,48.7865097],[15.2973878,48.7883462],[15.2942473,48.7902092],[15.2913887,48.7918994],[15.28865,48.79352],[15.2864485,48.7948203],[15.2856026,48.7958502],[15.2845784,48.7970368],[15.2828683,48.7990639],[15.2805463,48.8018284],[15.2781443,48.8046786],[15.2758746,48.8065946]]},"properties":{"voltage":"110000","name":"Horn - Waidhofen an der Thaya"}},{"type":"Feature","geometry":{"type":"LineString","coordinates":[[17.1481777,48.1894501],[17.1521039,48.1897222],[17.1560111,48.1899812],[17.1581222,48.1887892],[17.1598051,48.1878184],[17.1608217,48.1864406],[17.1622003,48.1845629],[17.1636876,48.1825421],[17.164975,48.1807912],[17.1659714,48.1794293],[17.1680134,48.1776472],[17.169858,48.1760829],[17.1718333,48.1743775],[17.1741096,48.1724339],[17.1755477,48.1705997],[17.1772084,48.1685219],[17.1786354,48.1667196],[17.1792633,48.164767]]},"properties":{"voltage":"110000","name":""}},{"type":"Feature","geometry":{"type":"LineString","coordinates":[[17.1463345,48.1894066],[17.1445701,48.1901259],[17.1439001,48.1916092],[17.1445086,48.1931286],[17.1471847,48.1948777]]},"properties":{"voltage":"110000","name":""}},{"type":"Feature","geometry":{"type":"LineString","coordinates":[[17.1925592,48.2202322],[17.1904381,48.2193206]]},"properties":{"voltage":"110000","name":""}},{"type":"Feature","geometry":{"type":"LineString","coordinates":[[17.1929465,48.2199112],[17.1929596,48.2203985]]},"properties":{"voltage":"110000","name":""}},{"type":"Feature","geometry":{"type":"LineString","coordinates":[[17.0620509,48.1740734],[17.0623353,48.1743298],[17.0629865,48.1747418]]},"properties":{"voltage":"110000","name":""}},{"type":"Feature","geometry":{"type":"LineString","coordinates":[[17.0622079,48.1739934],[17.0624477,48.1742774],[17.0629865,48.1747418]]},"properties":{"voltage":"110000","name":""}},{"type":"Feature","geometry":{"type":"LineString","coordinates":[[17.1463345,48.1894066],[17.1471264,48.1895397]]},"properties":{"voltage":"110000","name":""}},{"type":"Feature","geometry":{"type":"LineString","coordinates":[[17.1463491,48.1895704],[17.1470891,48.1897042]]},"properties":{"voltage":"110000","name":""}},{"type":"Feature","geometry":{"type":"LineString","coordinates":[[17.1776743,48.1594935],[17.1774388,48.1596173]]},"properties":{"voltage":"110000","name":""}},{"type":"Feature","geometry":{"type":"LineString","coordinates":[[17.0372386,48.2013014],[17.0393434,48.2024351]]},"properties":{"voltage":"110000","name":""}},{"type":"Feature","geometry":{"type":"LineString","coordinates":[[17.0372386,48.2013014],[17.0342093,48.202039]]},"properties":{"voltage":"110000","name":""}},{"type":"Feature","geometry":{"type":"LineString","coordinates":[[17.0329446,48.2021311],[17.0333472,48.2020986],[17.0342093,48.202039]]},"properties":{"voltage":"110000","name":""}},{"type":"Feature","geometry":{"type":"LineString","coordinates":[[15.1035122,48.8540618],[15.1034118,48.8548265]]},"properties":{"voltage":"110000","name":"Gm\u00fcnd - Heidenreichstein"}},{"type":"Feature","geometry":{"type":"LineString","coordinates":[[15.0977586,48.8487646],[15.094743,48.8476115],[15.0917224,48.8464158],[15.0883316,48.8450942],[15.0849421,48.8437648],[15.0813391,48.8421192],[15.0775345,48.8403624],[15.074123,48.838844],[15.0710067,48.8374254],[15.0678757,48.8370244],[15.064829,48.8366342],[15.0617146,48.8362353],[15.0603838,48.8336031],[15.0592029,48.8312672],[15.0555812,48.8298328],[15.0520823,48.8284469],[15.0488424,48.8271706],[15.0460773,48.8260861],[15.0446805,48.8231157],[15.043233,48.8200646],[15.0419511,48.8173624],[15.0405913,48.8144959],[15.0391715,48.8115025],[15.037883,48.8087859],[15.0365437,48.8059622],[15.0352508,48.8032361],[15.0339458,48.8004842],[15.0326954,48.7978473],[15.0315242,48.7953774],[15.0303795,48.7929631],[15.0291916,48.7904578],[15.0280696,48.7880913],[15.0268746,48.7855706],[15.0237747,48.7838497],[15.0209428,48.7823004],[15.0172879,48.7803007],[15.0139692,48.7784757],[15.0113731,48.7770642],[15.0084364,48.775453],[15.0054895,48.7738434],[15.0030169,48.771572],[15.0009443,48.7696726],[14.9986621,48.7675811],[14.9964106,48.7654891],[14.9938709,48.7631428],[14.9900395,48.7616763],[14.9891442,48.7616522]]},"properties":{"voltage":"110000","name":"Gm\u00fcnd - Heidenreichstein"}},{"type":"Feature","geometry":{"type":"LineString","coordinates":[[15.1035122,48.8540618],[15.1035735,48.8547219]]},"properties":{"voltage":"110000","name":"Waidhofen an der Thaya - Heidenreichstein"}},{"type":"Feature","geometry":{"type":"LineString","coordinates":[[15.0977586,48.8487646],[15.0996177,48.8505166],[15.1017807,48.8525154],[15.1035122,48.8540618]]},"properties":{"voltage":"110000","name":"Waidhofen an der Thaya - Heidenreichstein;Gm\u00fcnd - Heidenreichstein"}},{"type":"Feature","geometry":{"type":"LineString","coordinates":[[16.1306101,48.1653591],[16.1313582,48.1642342],[16.1320519,48.1631444],[16.1346868,48.1608563],[16.1371431,48.1587247],[16.1390951,48.1569845],[16.1410904,48.1552652],[16.1430486,48.1535507],[16.1438935,48.1512549],[16.1420885,48.1500737],[16.1403587,48.1488086],[16.138568,48.1475694],[16.1367551,48.1463265],[16.1353283,48.1453355],[16.1337234,48.1441876],[16.1315191,48.1426795],[16.129882,48.1415426],[16.1278141,48.1401095],[16.1257595,48.1386794],[16.1236257,48.1372044],[16.1217587,48.1359018],[16.1199474,48.1346685],[16.1180322,48.1333339],[16.1178837,48.1313587],[16.1177375,48.1294996],[16.1175789,48.1273755],[16.117455,48.1256998],[16.1172974,48.1236469],[16.1171146,48.1215086],[16.1169744,48.1195881],[16.1168476,48.1176764],[16.1188167,48.1164376],[16.1211738,48.1149701],[16.1236226,48.1134474],[16.1259089,48.1120186],[16.128315,48.1105149],[16.1304375,48.1091972],[16.1308738,48.1067946],[16.1312598,48.1046831],[16.1317401,48.1020675],[16.1321842,48.0996677],[16.1312633,48.0981533],[16.1303651,48.0966452],[16.1293936,48.095103],[16.1283951,48.0934123],[16.1273765,48.0916875],[16.1260988,48.0895239],[16.1247679,48.0873631],[16.1236719,48.0855069],[16.1227755,48.0839986],[16.1215025,48.0824531],[16.1201673,48.0808365],[16.1188541,48.0792617],[16.1178012,48.0779997],[16.1165173,48.0764039],[16.115457,48.0751353],[16.1144892,48.0739635],[16.1131175,48.0723034],[16.1109754,48.0697172],[16.1088735,48.0671449],[16.106782,48.0646025],[16.1049937,48.0624264],[16.1032033,48.0602476],[16.1047563,48.0581301],[16.1066248,48.055582],[16.1083347,48.0532456],[16.1098728,48.0511438],[16.111486,48.0489362],[16.11279,48.0471625],[16.1143665,48.0449765],[16.116042,48.0427612],[16.1155299,48.0404839],[16.1148576,48.0374233],[16.1126249,48.0356094],[16.1093446,48.0329847],[16.1057972,48.0301298],[16.1034869,48.0283132],[16.1017705,48.0269421],[16.1002633,48.0241361],[16.099074,48.0219363],[16.0979611,48.0197682],[16.0956504,48.018477],[16.0934904,48.017274],[16.0936849,48.0154029],[16.0937563,48.0146008],[16.0938935,48.0130611],[16.0940861,48.0109771],[16.0946158,48.0091812],[16.0951468,48.0073502],[16.0962987,48.0036727],[16.0973071,48.0000819],[16.0982439,47.9969297],[16.1012393,47.9945756],[16.1039559,47.9924308],[16.1066461,47.9903202],[16.1091312,47.988495],[16.1125625,47.9859749],[16.1158396,47.984467],[16.1181128,47.9823507],[16.1204766,47.9801636],[16.1226499,47.9781493],[16.1261328,47.97705],[16.1296459,47.9759412],[16.1331495,47.9748353],[16.1370307,47.9734765],[16.1408893,47.9721256],[16.1447958,47.9707579],[16.1480285,47.9696261],[16.1512815,47.9684871],[16.154787,47.9672597],[16.158476,47.965968],[16.1619873,47.9647385],[16.165716,47.9634329],[16.1692003,47.9622128],[16.1723268,47.961118],[16.1748347,47.9588382],[16.1775063,47.9564013],[16.180142,47.9540262],[16.1824001,47.9519771],[16.1847828,47.9498016],[16.1872701,47.947558],[16.1895168,47.9455259],[16.1916316,47.9436027],[16.1939055,47.9415382],[16.1965326,47.9391522],[16.1988418,47.9370533],[16.2013455,47.9347857],[16.2038174,47.9325398],[16.2036111,47.9295878],[16.203437,47.9270975],[16.2032534,47.9244714],[16.2030816,47.9220135],[16.2029173,47.9196615],[16.2027297,47.9169781],[16.2015087,47.9140916],[16.2003069,47.9112505],[16.1990904,47.9083743],[16.1979108,47.9055853],[16.1967567,47.9028563],[16.1974153,47.9002024],[16.1980066,47.8978196],[16.1986213,47.8953426],[16.199284,47.8926721],[16.1999193,47.8901114],[16.200623,47.8872752],[16.1998541,47.8843295],[16.1990943,47.8814185],[16.1983664,47.8786294],[16.1976498,47.8758835],[16.1969407,47.8731662],[16.1960987,47.8699395],[16.1949156,47.8672937],[16.1938859,47.8648666],[16.1927181,47.8621139],[16.1918024,47.8599554],[16.190726,47.8574179],[16.1895915,47.8547461],[16.188788,47.8523236],[16.1879506,47.8498055],[16.1873005,47.8478503],[16.1866856,47.8460011],[16.1859416,47.8437635],[16.1850537,47.841093],[16.184096,47.8382113],[16.1866622,47.8359391],[16.18931,47.8336298],[16.1917669,47.8314706],[16.1945417,47.8290318],[16.1968996,47.8269591],[16.1994175,47.8247456],[16.2016772,47.8227588],[16.2037676,47.8209207],[16.2061752,47.8188035],[16.2085725,47.8166951],[16.2112105,47.8143748],[16.212401,47.8118091],[16.2135824,47.8092625],[16.2149196,47.8062958],[16.2161785,47.8036658],[16.2173701,47.8009503],[16.2190102,47.7995435],[16.2202297,47.7986244]]},"properties":{"voltage":"110000","name":"Auhof \u2013 Wr. Neustadt"}},{"type":"Feature","geometry":{"type":"LineString","coordinates":[[15.1782813,48.5989419],[15.1713041,48.5978062],[15.1644443,48.5966886],[15.1568619,48.5954422],[15.15416,48.5944651],[15.1509574,48.5933086],[15.1471371,48.5919289]]},"properties":{"voltage":"110000","name":"Zwettl - Gro\u00df Gerungs"}},{"type":"Feature","geometry":{"type":"LineString","coordinates":[[15.2292202,48.2388791],[15.2325035,48.2371012],[15.2358927,48.2352781],[15.2392367,48.2334714],[15.2423607,48.231779],[15.2450995,48.2303115],[15.2479282,48.2287663],[15.2503964,48.2267668],[15.2530227,48.2246392]]},"properties":{"voltage":"110000","name":"Bergern - Erlauf;Bergern - Am Schuss"}},{"type":"Feature","geometry":{"type":"LineString","coordinates":[[15.2425735,48.2990355],[15.2467717,48.2999487],[15.2510405,48.3008733],[15.2554586,48.3018333],[15.2567363,48.3019371]]},"properties":{"voltage":"110000","name":""}},{"type":"Feature","geometry":{"type":"LineString","coordinates":[[16.7132073,48.3439349],[16.712955,48.3440476],[16.7155383,48.3466254],[16.7176216,48.3487364],[16.7197339,48.3508765],[16.7218768,48.3530477],[16.7237959,48.354992],[16.7260162,48.3572414],[16.7289591,48.3575643],[16.7326367,48.3579678],[16.7365477,48.358397],[16.7406775,48.3588501],[16.7446315,48.3592721],[16.7461598,48.3619417],[16.7476571,48.3645355],[16.7491288,48.3670995],[16.7505144,48.3695135],[16.7517625,48.3716879],[16.7530364,48.3739069],[16.7544002,48.3762825],[16.7558907,48.3788786],[16.7573081,48.3813474],[16.7586552,48.3836935],[16.7600245,48.3860783],[16.760756,48.3873522],[16.7612781,48.3882614],[16.7626646,48.3906759],[16.7642256,48.3933941],[16.7656044,48.3957949],[16.7662786,48.3988883],[16.7668471,48.401497],[16.7675014,48.4044989],[16.7680791,48.407149],[16.7686179,48.4096208],[16.7692342,48.412448],[16.7697854,48.4149766],[16.7703696,48.4176561],[16.7710073,48.420581],[16.7697879,48.4235907],[16.7687107,48.4262494],[16.7678731,48.4283165],[16.76694,48.4306193],[16.7666218,48.43302],[16.7662072,48.436149],[16.7657939,48.4392672],[16.7653971,48.4422613],[16.7650455,48.4449141],[16.764678,48.4476868],[16.7643203,48.4503847],[16.7639508,48.4531722],[16.7635995,48.455822],[16.7631914,48.4588997],[16.7627878,48.4619443],[16.7623871,48.464966],[16.7620312,48.4677982]]},"properties":{"voltage":"110000","name":"G\u00e4nserndorf - Neusiedl an der Zaya"}},{"type":"Feature","geometry":{"type":"LineString","coordinates":[[15.7343827,48.2552014],[15.7348331,48.258043],[15.7352525,48.2609488],[15.735626,48.2634179],[15.7360798,48.2664933]]},"properties":{"voltage":"380000","name":"Etzersdorf - Pottenbrunn"}},{"type":"Feature","geometry":{"type":"LineString","coordinates":[[16.4250669,48.1403328],[16.4285994,48.1404153],[16.4317103,48.140487],[16.4354325,48.1405704],[16.4388811,48.1406443],[16.4389226,48.1406452],[16.4390802,48.1406486],[16.4393039,48.1406534],[16.4430643,48.1407368],[16.4469728,48.1408286],[16.4506744,48.1409054],[16.4545841,48.1415783],[16.4579686,48.1421482],[16.4604789,48.1439206],[16.463287,48.1458897],[16.4641701,48.1465148]]},"properties":{"voltage":"110000","name":"Wien S\u00fcdost - Wien Kaiserebersdorf"}},{"type":"Feature","geometry":{"type":"LineString","coordinates":[[16.7620312,48.4677982],[16.7609351,48.467839]]},"properties":{"voltage":"110000","name":""}},{"type":"Feature","geometry":{"type":"LineString","coordinates":[[15.6850191,48.2240526],[15.6809506,48.2254659],[15.6772501,48.2267616],[15.6732993,48.2281104],[15.6690364,48.2296195],[15.6657088,48.2307873],[15.6650415,48.2310146],[15.6616026,48.2321857],[15.6570278,48.2317052]]},"properties":{"voltage":"110000","name":""}},{"type":"Feature","geometry":{"type":"LineString","coordinates":[[15.8858452,48.3451368],[15.8829704,48.3465521]]},"properties":{"voltage":"220000","name":""}},{"type":"Feature","geometry":{"type":"LineString","coordinates":[[15.8871146,48.3291743],[15.8871027,48.3284784],[15.8868134,48.3278562]]},"properties":{"voltage":"220000","name":""}},{"type":"Feature","geometry":{"type":"LineString","coordinates":[[15.8879458,48.3336728],[15.8874159,48.3368215],[15.8869975,48.3396457],[15.886579,48.3423913],[15.8861697,48.3451619],[15.8857734,48.3478646],[15.8853975,48.3504748],[15.8849906,48.3533001],[15.8855968,48.3538707]]},"properties":{"voltage":"110000","name":""}},{"type":"Feature","geometry":{"type":"LineString","coordinates":[[16.6676804,48.054399],[16.6673792,48.0520128],[16.6646359,48.0512993],[16.6613221,48.0503831],[16.6571007,48.0492427],[16.6533274,48.0482351],[16.6491857,48.0471024],[16.6451351,48.0460064],[16.6410455,48.0449164],[16.6381718,48.0441398],[16.6340703,48.0430228],[16.6299358,48.0419065],[16.6265645,48.0409755],[16.6233374,48.0401006],[16.6196054,48.0390914],[16.6166326,48.0382811],[16.6135213,48.037456],[16.6107305,48.0366872],[16.6080786,48.0359434],[16.6055346,48.0352736],[16.6018192,48.034263],[16.5980384,48.0332248],[16.594577,48.0322948],[16.5905246,48.0312073],[16.5871817,48.0302895],[16.5852657,48.0283822],[16.5834975,48.0266559],[16.5834083,48.0263068]]},"properties":{"voltage":"110000","name":"Angern \u2013 G\u00f6tzendorf;Parndorf \u2013 G\u00f6tzendorf"}},{"type":"Feature","geometry":{"type":"LineString","coordinates":[[16.7540632,48.2487332],[16.7534673,48.2480507],[16.750956,48.2457557],[16.7485723,48.2435882],[16.7460343,48.2412589],[16.7434386,48.2388948],[16.7410254,48.2366915],[16.7385794,48.2344423],[16.7361543,48.2322261],[16.7336991,48.229975],[16.7311581,48.227647],[16.7287207,48.225417],[16.7267811,48.2233991],[16.7247544,48.2212696],[16.72293,48.2193612],[16.7208876,48.2172245],[16.7188192,48.2150513],[16.7166576,48.212799],[16.7145491,48.2105866],[16.7128064,48.2087461],[16.7106831,48.2065447],[16.7090392,48.2048166],[16.7073784,48.2030785],[16.7051912,48.2012818],[16.7029758,48.1995278],[16.7006716,48.1976524],[16.6976755,48.1952377],[16.6950128,48.1930937],[16.692042,48.1906958],[16.6898205,48.1888976],[16.6871157,48.1867141],[16.6841206,48.1843032],[16.6815548,48.1822255],[16.6787182,48.1799403],[16.6760304,48.1777658],[16.673205,48.1754747],[16.6704013,48.1732144],[16.667548,48.1709172],[16.6647418,48.1686481],[16.6624115,48.1667651],[16.6599985,48.1648139],[16.657058,48.1624406],[16.6545157,48.1603943],[16.6544782,48.1576353],[16.6545028,48.1548397],[16.6544441,48.1517721],[16.654418,48.1491139],[16.6543902,48.1462776],[16.651613,48.1442142],[16.6488731,48.1421373],[16.6462246,48.1401347],[16.6435939,48.1381485],[16.6407188,48.1359793],[16.6414858,48.1316918],[16.6421986,48.1277851],[16.6435486,48.1249771],[16.6447464,48.1224927],[16.6461946,48.1194933],[16.6477163,48.1158596],[16.6497932,48.1143925],[16.6525165,48.1124481],[16.655193,48.1105263],[16.6577297,48.1087036],[16.6593598,48.1066474],[16.6608916,48.104723],[16.6626308,48.1025384],[16.6647742,48.0999156],[16.6666212,48.0975504],[16.6683364,48.0954051],[16.6697293,48.0932442],[16.6707879,48.091547],[16.6717947,48.0899793],[16.6734572,48.0873783],[16.6749205,48.0850833],[16.6752929,48.083085],[16.6770667,48.0810434],[16.6787907,48.0790136],[16.6803793,48.0771731],[16.6797949,48.0747599],[16.6793118,48.0727528],[16.6779227,48.0715281],[16.6762901,48.0700552],[16.6746457,48.0685961],[16.6728277,48.0669731],[16.6708471,48.0652109],[16.6691279,48.0637362],[16.6688068,48.0617156],[16.6684306,48.0593962],[16.668045,48.0568098],[16.6676804,48.054399]]},"properties":{"voltage":"110000","name":"G\u00f6tzendorf - Untersiebenbrunn;Angern - Parndorf"}},{"type":"Feature","geometry":{"type":"LineString","coordinates":[[16.4205752,48.3371156],[16.4182249,48.3395227],[16.4159398,48.3418906],[16.4138118,48.3440598],[16.4090102,48.3456174],[16.405694,48.3465627],[16.4015651,48.3477397],[16.3977872,48.3488166],[16.393542,48.3500266],[16.3897958,48.3510944],[16.3856666,48.3522714],[16.3817769,48.35338]]},"properties":{"voltage":"400000;110000","name":"Bisamberg - Wien Nord 2;Bisamberg - Gerasdorf"}},{"type":"Feature","geometry":{"type":"LineString","coordinates":[[16.3748633,48.3585999],[16.3704363,48.3590689],[16.3660072,48.3595382],[16.3621752,48.3609237],[16.358691,48.3622023],[16.3550264,48.3635443],[16.3518643,48.3647007],[16.3502114,48.3670015],[16.348255,48.3697322],[16.3464176,48.3722908],[16.3448958,48.3743921],[16.3446129,48.3777448],[16.3443462,48.3809053],[16.3442386,48.3821808],[16.3441278,48.383493],[16.3438527,48.3867526],[16.3436309,48.3893804],[16.3434187,48.3918936],[16.3431998,48.3944877],[16.3448665,48.397111],[16.3466991,48.3999952],[16.348034,48.4020962],[16.3496652,48.4046631],[16.351116,48.4069461],[16.3524907,48.4091093],[16.3543336,48.4120092],[16.3560061,48.4146405],[16.3578967,48.4176151],[16.3593503,48.4199019],[16.3573462,48.4224745],[16.3551361,48.4253114],[16.3531489,48.427862],[16.3515354,48.4299329],[16.3501045,48.4317693],[16.3481931,48.4342224],[16.3464058,48.4365159],[16.3447158,48.4386846],[16.3441418,48.4386971],[16.3411196,48.4387628],[16.3374309,48.438843],[16.3341131,48.4389151],[16.329473,48.4390159],[16.325732,48.4381388],[16.3215182,48.4371508],[16.3184135,48.4364228],[16.314609,48.4355308],[16.3114267,48.4365393],[16.3083739,48.4375084],[16.3051288,48.4385271],[16.3010894,48.4398038],[16.2977906,48.4408563],[16.2937197,48.4421476],[16.2898224,48.4433746],[16.2880378,48.4439357],[16.2858974,48.4446086],[16.281988,48.4442227],[16.2780486,48.4438392],[16.2780296,48.4438374],[16.2735157,48.4433999],[16.2697394,48.4430344],[16.2658182,48.442652],[16.2619749,48.4422853],[16.2578189,48.4418771],[16.2538493,48.4414948],[16.2490303,48.4410207],[16.2449476,48.4406279],[16.2404904,48.4401909],[16.2356856,48.4397341],[16.2312433,48.4392985],[16.2273409,48.4389123],[16.2231186,48.4385019],[16.2187609,48.4380749],[16.214467,48.4376585],[16.2104407,48.4372638],[16.2066618,48.4368926],[16.2035743,48.4371556],[16.1994346,48.4375066],[16.1950555,48.4378629],[16.1905274,48.4382408],[16.1868175,48.438553],[16.181767,48.4389771],[16.1772633,48.4393535],[16.1735523,48.4396574],[16.1696775,48.4379547],[16.1656448,48.4361893],[16.1615454,48.434387],[16.1578949,48.4327768],[16.1540453,48.4310891],[16.1498216,48.4292283],[16.145967,48.4275331],[16.1421551,48.4258514],[16.13864,48.4243088],[16.1350153,48.4227114],[16.1313341,48.4210905],[16.1269782,48.4191733],[16.1240919,48.4178964],[16.1203239,48.4161451],[16.1176201,48.4148933],[16.1142402,48.4133247],[16.1109035,48.411767],[16.1070734,48.4099868],[16.1033145,48.4082351],[16.1000854,48.4067371],[16.0958663,48.4056794],[16.092189,48.4047512],[16.0896305,48.402155],[16.0874175,48.3999212],[16.0853065,48.3977863],[16.0833768,48.3958314],[16.0809702,48.3933937],[16.0786201,48.3910166],[16.0760887,48.3884644],[16.0738683,48.3862118],[16.0714156,48.3837229],[16.0690712,48.3813524],[16.0665722,48.3788224],[16.0645104,48.3767341],[16.0624208,48.3746241],[16.0599841,48.3721551],[16.0574359,48.3695745],[16.0548149,48.3669283],[16.0529547,48.3650366],[16.0507806,48.3628375],[16.0478396,48.3604023],[16.0449431,48.3580074],[16.0419617,48.3555115],[16.0392868,48.3533221],[16.0363022,48.3508461],[16.033508,48.3485268],[16.03097,48.3464303],[16.0285904,48.344454],[16.0259122,48.342232],[16.0231905,48.3398961],[16.0205568,48.3376212],[16.0171442,48.3346597],[16.0148824,48.3327317],[16.0115772,48.3316524],[16.0074172,48.3301885],[16.0039321,48.3289902],[16.000676,48.3278832],[15.997031,48.3265825],[15.9939459,48.3256129],[15.9899716,48.3253175],[15.9859715,48.3250203],[15.9822878,48.3247465],[15.9786571,48.3244766],[15.9750343,48.3242074],[15.9718656,48.3250514],[15.9678055,48.3260396],[15.9644764,48.3274239],[15.9608756,48.328903],[15.9576918,48.3302378],[15.9551573,48.3313344],[15.9509634,48.3314477],[15.9471605,48.3316306],[15.944036,48.3317516],[15.9410125,48.3318687],[15.9370272,48.3319938],[15.9324011,48.3322022],[15.9279858,48.3323732],[15.9266538,48.3314849],[15.9222695,48.3306547],[15.9183017,48.3299272],[15.9144685,48.3292535],[15.9104595,48.3285193],[15.9063929,48.3277746],[15.9021559,48.3269987],[15.8978192,48.3262045],[15.8939698,48.3264081],[15.891071,48.3265685],[15.8861488,48.3268494]]},"properties":{"voltage":"380000","name":"D\u00fcrnrohr - Bisamberg"}},{"type":"Feature","geometry":{"type":"LineString","coordinates":[[15.8809614,48.4278267],[15.8806903,48.4279736]]},"properties":{"voltage":"110000","name":""}},{"type":"Feature","geometry":{"type":"LineString","coordinates":[[16.6969844,48.0301038],[16.7007645,48.0301946],[16.7045814,48.0302928],[16.7092952,48.0303856],[16.7139852,48.0304843],[16.7186598,48.0307296],[16.7228187,48.0309567],[16.7270705,48.0311795],[16.7318168,48.0314402],[16.7363925,48.0316793],[16.7413396,48.0319688],[16.7448837,48.0321425],[16.7490295,48.0323401],[16.7529713,48.0325879],[16.7561325,48.0328107],[16.7605589,48.0330835],[16.7651449,48.0333569]]},"properties":{"voltage":"110000","name":"Sarasdorf - Bruck an der Leitha"}},{"type":"Feature","geometry":{"type":"LineString","coordinates":[[16.8643146,48.9820056],[16.8644895,48.9819134],[16.864769,48.9817888],[16.8655664,48.9815899],[16.8659431,48.9793858],[16.8634582,48.9779323],[16.8609352,48.976472],[16.8583628,48.9749625],[16.8560754,48.9736398],[16.8520168,48.9712944],[16.848911,48.9694804],[16.8455314,48.96756],[16.8415312,48.965203],[16.8387499,48.9635813],[16.8354142,48.9616339],[16.832234,48.9597949],[16.8295985,48.9582369],[16.8261496,48.9562713],[16.8233861,48.9546519],[16.8209195,48.9532154],[16.8197836,48.9506933],[16.8186151,48.948116],[16.8178243,48.9463843],[16.8162728,48.9429756],[16.8147231,48.9395423],[16.8136169,48.9370908],[16.8120915,48.9337365],[16.8057271,48.9309381],[16.7994057,48.9281588],[16.7979373,48.9263569],[16.7954574,48.9233665],[16.7938916,48.9214558],[16.7914506,48.9184651],[16.789739,48.9162922],[16.7877224,48.9139094],[16.7860685,48.9119209],[16.7841984,48.9096417],[16.7822878,48.907291],[16.7810504,48.9058869],[16.7793193,48.9036688],[16.7779481,48.9019747],[16.7762851,48.8999929],[16.7747485,48.8981453],[16.7731439,48.8961633],[16.7714934,48.8941359],[16.7703079,48.892694],[16.7682927,48.8902692],[16.7663565,48.8880737],[16.7644598,48.8858262],[16.7624314,48.8835137]]},"properties":{"voltage":"110000","name":""}},{"type":"Feature","geometry":{"type":"LineString","coordinates":[[16.7624314,48.8835137],[16.7611323,48.8827936]]},"properties":{"voltage":"110000","name":""}},{"type":"Feature","geometry":{"type":"LineString","coordinates":[[16.9682507,48.7785458],[16.9656214,48.7787762],[16.9618837,48.7791234],[16.9578815,48.7794879],[16.9538477,48.7798351],[16.9500362,48.7801714],[16.947122,48.7808983],[16.9435574,48.781788],[16.9385343,48.7830414],[16.9354262,48.7826419],[16.9334714,48.7823791],[16.9306407,48.782004],[16.9293915,48.782868],[16.9285688,48.7834321],[16.9256615,48.7854224],[16.9227544,48.7874126],[16.9198697,48.7893958],[16.9181692,48.7905539],[16.9158344,48.7925952],[16.9133992,48.7947103],[16.9110336,48.7968002],[16.9086293,48.7989154],[16.9062913,48.8009672],[16.9040258,48.8029453],[16.9016681,48.8050924],[16.8992446,48.8071267],[16.8971898,48.8089093],[16.8952404,48.8106832],[16.8928959,48.8126478],[16.8891552,48.8126001],[16.8870872,48.8126088],[16.8849298,48.8145653],[16.8827133,48.8166941],[16.8805607,48.8188058],[16.8783347,48.8209349],[16.8761417,48.8230379],[16.8738169,48.8251755],[16.8718444,48.8271309],[16.8694751,48.8294298],[16.8674687,48.8313377],[16.8653129,48.8334261],[16.8630869,48.8355569],[16.8608012,48.8377673],[16.8590379,48.8394364],[16.8571564,48.8412174],[16.8547288,48.8432011],[16.852163,48.8453161],[16.8500134,48.8470671],[16.8475688,48.8490918],[16.8448502,48.8512899],[16.8422825,48.8533823],[16.8399349,48.8553188],[16.8376826,48.8571635],[16.8350637,48.8592764],[16.8326172,48.861339],[16.8304044,48.8631517],[16.8278702,48.8652036],[16.8252464,48.8673489],[16.8228123,48.8693555],[16.8207259,48.8710536],[16.8186563,48.8727518],[16.816553,48.8744816],[16.8144716,48.8761935],[16.8128392,48.8769616],[16.8092878,48.877407],[16.8051385,48.8778553],[16.8019816,48.8782046],[16.798112,48.8786388],[16.793934,48.8791046],[16.7898191,48.8795797],[16.7857247,48.8800452],[16.7816044,48.8805249],[16.7777507,48.8809471],[16.7744677,48.8827939],[16.7699378,48.8818081],[16.7657341,48.8822809],[16.7628314,48.8826],[16.7624314,48.8835137]]},"properties":{"voltage":"110000","name":""}},{"type":"Feature","geometry":{"type":"LineString","coordinates":[[16.7628314,48.8826],[16.7611323,48.8827936],[16.7579136,48.8831436],[16.7541333,48.8835578],[16.7503773,48.8839913],[16.7466399,48.884376],[16.7426656,48.884834],[16.7389189,48.8852522],[16.7351582,48.8857041],[16.7320894,48.8860613],[16.7287001,48.8864887],[16.7237509,48.8871459],[16.7202416,48.8876885],[16.7168079,48.8882365],[16.7130784,48.8888031],[16.7094367,48.8893749],[16.7058565,48.8899031],[16.7044579,48.8922651],[16.7030226,48.8948504],[16.7015988,48.8973015],[16.7001763,48.8998555],[16.698828,48.9022532],[16.6974561,48.9046616],[16.6959936,48.907225],[16.6945915,48.909709],[16.6930779,48.9123484],[16.6915737,48.9149786],[16.6905074,48.9168873],[16.6898885,48.9191089]]},"properties":{"voltage":"110000","name":""}},{"type":"Feature","geometry":{"type":"LineString","coordinates":[[17.0841463,48.1171144],[17.086286,48.1181577],[17.0883608,48.1177011]]},"properties":{"voltage":"110000","name":""}},{"type":"Feature","geometry":{"type":"LineString","coordinates":[[17.0841463,48.1171144],[17.0841524,48.1161279]]},"properties":{"voltage":"110000","name":""}},{"type":"Feature","geometry":{"type":"LineString","coordinates":[[15.9064533,48.8050187],[15.9122183,48.8095972],[15.9171633,48.8135522],[15.9180455,48.8138867],[15.9202928,48.8147179]]},"properties":{"voltage":"","name":""}},{"type":"Feature","geometry":{"type":"LineString","coordinates":[[16.4031317,48.8453548],[16.4040447,48.8454332],[16.4064875,48.8454937],[16.4092251,48.8456332],[16.4114993,48.8457139],[16.4139452,48.8457663],[16.4166793,48.8458672],[16.41907,48.8459438],[16.4212652,48.846048],[16.4221364,48.8474379],[16.4230903,48.8489894],[16.4242037,48.8507189],[16.4253484,48.8524295],[16.4262244,48.8538072],[16.4270746,48.8551725],[16.4282182,48.8569342],[16.4291346,48.8583873],[16.4301178,48.8599661],[16.4311109,48.8615233],[16.4321075,48.8630875],[16.4331942,48.864814],[16.4341686,48.8663332],[16.4349653,48.8675833],[16.4358966,48.8690457],[16.436941,48.8706569],[16.4378669,48.8721334],[16.4369932,48.8737344],[16.4360558,48.8755057],[16.4351126,48.8772505],[16.4343461,48.8786834],[16.4333992,48.8804355],[16.4349669,48.8820215],[16.4365448,48.8836822],[16.4380056,48.8852069],[16.4395533,48.8867728],[16.4409765,48.888271],[16.4425158,48.8898417],[16.4439878,48.8913626],[16.4455691,48.8929609],[16.446957,48.8943987],[16.4485468,48.8960853],[16.4501365,48.8977056],[16.4527609,48.8984189],[16.4552591,48.8991378],[16.4576984,48.8998842],[16.4599358,48.9005201],[16.462416,48.9012757],[16.4648339,48.9019676],[16.4672936,48.9027041],[16.4696177,48.9033995],[16.4721503,48.9041256],[16.4737502,48.9046292],[16.4747403,48.9056744],[16.4746434,48.9071048],[16.4745327,48.9089201],[16.4743763,48.9108167],[16.474233,48.9126062],[16.4741093,48.9144084],[16.4757182,48.9156542],[16.4771431,48.9167234],[16.4790729,48.9181883],[16.481001,48.9196522],[16.4828835,48.9210947],[16.484779,48.9225371],[16.4860623,48.9234916],[16.4879174,48.9248728],[16.4895798,48.9261408],[16.4911757,48.9273766],[16.4925827,48.9284605],[16.4921332,48.9301937],[16.491639,48.9318625],[16.4913024,48.9330786],[16.4908291,48.934776],[16.4898879,48.938174],[16.4890144,48.941296],[16.4907263,48.9427118],[16.4922683,48.9439537],[16.4955594,48.946654],[16.4989699,48.94944],[16.5023173,48.9521732],[16.5050384,48.9543171],[16.5072717,48.9562184],[16.5095362,48.9580761],[16.5130261,48.9596075],[16.5165173,48.9611329],[16.5190019,48.9622973],[16.5221118,48.9637546],[16.5238285,48.9652786]]},"properties":{"voltage":"110000","name":""}},{"type":"Feature","geometry":{"type":"LineString","coordinates":[[16.0283567,48.9052908],[16.0262402,48.9069353],[16.0237776,48.9070115],[16.0210129,48.9070993],[16.0182555,48.9071991],[16.0155744,48.9072952],[16.0126769,48.9073949],[16.0099207,48.9075311],[16.0069134,48.9076066],[16.0038473,48.9077243],[16.0007023,48.9078212],[15.9978806,48.9078913],[15.9950912,48.9079961],[15.9922034,48.9080916],[15.9896813,48.9081594],[15.9872013,48.9082541],[15.9844617,48.9083537],[15.9815082,48.9084763],[15.9790453,48.908544],[15.9766069,48.9086004],[15.9740361,48.9087133],[15.9689382,48.9088625],[15.9644129,48.9090174],[15.961661,48.9091192],[15.9589804,48.9092187],[15.9564874,48.9092858],[15.9538048,48.909397],[15.9511636,48.9094951],[15.9485052,48.9095603],[15.9457252,48.9096614],[15.9430732,48.9097456],[15.9402259,48.9098361],[15.9374009,48.9099476],[15.9349738,48.910043],[15.9324065,48.910122],[15.9299673,48.9101646],[15.9245662,48.9103773],[15.921785,48.9104801],[15.9191559,48.910566],[15.9163826,48.9106456],[15.9135111,48.9107441],[15.9108162,48.9108532],[15.9081815,48.9109305],[15.9056475,48.9110266],[15.9028376,48.9111091],[15.9000779,48.9111888],[15.8974603,48.911285],[15.8947632,48.9113784],[15.8921613,48.9114643],[15.8894068,48.9115502],[15.8866157,48.9116498],[15.8838402,48.9117322],[15.881415,48.9118181],[15.8787441,48.9118971],[15.8762666,48.9119727],[15.8735434,48.9120792],[15.8709353,48.9121513],[15.868348,48.9122475],[15.8656823,48.9123402],[15.8628598,48.912433],[15.8602621,48.912512],[15.857586,48.9120311],[15.8549241,48.9115559],[15.8522442,48.9110933],[15.8495635,48.91063],[15.8470285,48.9101688],[15.844396,48.9097138],[15.8417977,48.909256],[15.8391823,48.9087925],[15.8367617,48.908376],[15.8344164,48.9079401],[15.8319389,48.9075094],[15.8293822,48.9070533],[15.826767,48.9065888],[15.8241529,48.9060795],[15.8187289,48.9056898]]},"properties":{"voltage":"110000","name":""}},{"type":"Feature","geometry":{"type":"LineString","coordinates":[[16.4027457,48.8453922],[16.401911,48.8453577],[16.399168,48.8452743],[16.3964331,48.8451937],[16.3937148,48.8451107],[16.3909879,48.8450379],[16.3883225,48.8449751],[16.3856596,48.8448788],[16.3838997,48.8448285],[16.3818608,48.8447548],[16.3803179,48.8442498],[16.3779553,48.8434573],[16.3755366,48.8426357],[16.3730844,48.8418122],[16.370971,48.8410962],[16.3684232,48.840366],[16.3665165,48.8398083],[16.3640913,48.8390817],[16.3618557,48.8384542],[16.359503,48.8377534],[16.3569607,48.8370305],[16.3548366,48.836425],[16.352863,48.8358709],[16.3509507,48.8353057],[16.3491165,48.834792],[16.3466021,48.8340654],[16.3444111,48.8334305],[16.3423148,48.8328323],[16.3399461,48.8321308],[16.3379105,48.8315735],[16.3355522,48.8308725],[16.3329876,48.8301459],[16.3305545,48.829427],[16.3285958,48.8287206],[16.3252501,48.8290782],[16.3226804,48.8294207],[16.3201473,48.8297362],[16.3178095,48.8300317],[16.315052,48.8303886],[16.3125258,48.8307055],[16.3100112,48.8310317],[16.3075925,48.8313455],[16.3049752,48.8316778],[16.3023556,48.8319991],[16.2997797,48.8323428],[16.2974918,48.8326423],[16.2955805,48.8328911],[16.2937093,48.8324615],[16.2919788,48.8320649],[16.2901133,48.8316591],[16.288493,48.8312806],[16.2862565,48.8307487],[16.2839378,48.8302319],[16.2817241,48.8297362],[16.2796839,48.8292735],[16.2770275,48.8286485],[16.2743071,48.8280595],[16.2722304,48.8275758],[16.2700395,48.82708],[16.2678478,48.826572],[16.2653695,48.8267344],[16.2628218,48.8268915],[16.2606087,48.8270323],[16.2578486,48.8272008],[16.2555373,48.8273354],[16.2527111,48.8275109],[16.2506626,48.8276431],[16.2483549,48.8277224],[16.2455469,48.827833],[16.2427025,48.8279364],[16.2403309,48.8280379],[16.2377292,48.8281311],[16.2350135,48.8282272],[16.2327039,48.8283264],[16.2303716,48.8284255],[16.2276421,48.8285187],[16.2248944,48.8286148],[16.2224115,48.828717],[16.2201156,48.8287951],[16.2181028,48.8288793],[16.2157704,48.8289634],[16.213219,48.8290565],[16.2105945,48.8291497],[16.20818,48.8292669],[16.2060531,48.82997],[16.203602,48.8308052],[16.2011921,48.8316105],[16.1987548,48.8324397],[16.1963904,48.8332539],[16.1939759,48.8340591],[16.1917805,48.8347231],[16.1893576,48.8355812],[16.1869018,48.8364168],[16.1847109,48.8371426],[16.1823261,48.8379412],[16.1799192,48.8387627],[16.1777084,48.8394843],[16.1752568,48.8402999],[16.1729301,48.8410861],[16.1716699,48.8412797]]},"properties":{"voltage":"110000","name":""}},{"type":"Feature","geometry":{"type":"LineString","coordinates":[[16.0785062,48.8641486],[16.0779577,48.8646237],[16.0748516,48.8668694],[16.0721646,48.8687816],[16.0697755,48.8705692],[16.0669187,48.8726479],[16.0641511,48.8746608],[16.06168,48.8764552],[16.0595373,48.8780123],[16.0576482,48.8793886],[16.0548878,48.8814082],[16.0521238,48.8834254],[16.0494241,48.885398],[16.0472708,48.887408],[16.0453924,48.8891644],[16.0435676,48.8909042],[16.0414642,48.8928929],[16.0397073,48.8945528],[16.0376146,48.8965366],[16.0358077,48.8982293],[16.0336597,48.90026],[16.031656,48.9021457],[16.0298458,48.9038586],[16.0283567,48.9052908]]},"properties":{"voltage":"110000","name":""}},{"type":"Feature","geometry":{"type":"LineString","coordinates":[[16.9083179,48.7815686],[16.9112911,48.7835865],[16.914239,48.7855763],[16.9170256,48.7874682],[16.9198697,48.7893958]]},"properties":{"voltage":"110000","name":""}},{"type":"Feature","geometry":{"type":"LineString","coordinates":[[16.9697531,48.7784015],[16.9682507,48.7785458]]},"properties":{"voltage":"110000","name":""}},{"type":"Feature","geometry":{"type":"LineString","coordinates":[[16.9682507,48.7785458],[16.9688494,48.7777083]]},"properties":{"voltage":"110000","name":""}},{"type":"Feature","geometry":{"type":"LineString","coordinates":[[16.9688494,48.7777083],[16.9698819,48.7761981],[16.9715842,48.7737336],[16.9731263,48.7714846],[16.9721689,48.7692516],[16.9711035,48.7690025]]},"properties":{"voltage":"110000","name":""}},{"type":"Feature","geometry":{"type":"LineString","coordinates":[[16.9688494,48.7777083],[16.9697531,48.7784015]]},"properties":{"voltage":"110000","name":""}},{"type":"Feature","geometry":{"type":"LineString","coordinates":[[15.1471371,48.5919289],[15.1430121,48.5904968],[15.1388325,48.5890427],[15.1347969,48.5873477],[15.1308694,48.5857009],[15.1275374,48.5843146],[15.1236575,48.5826852],[15.1204129,48.5813236],[15.1165513,48.5797123],[15.1132551,48.578333],[15.1101389,48.5769525],[15.1082178,48.5755883],[15.1060672,48.5739646],[15.1017666,48.5732089],[15.0976492,48.5725316],[15.0927869,48.5720104],[15.0883748,48.570957],[15.0853836,48.5702437],[15.082154,48.5694827],[15.0786478,48.5679661],[15.0752289,48.566497],[15.0716007,48.5656282],[15.0674547,48.5646365],[15.0631821,48.5652788],[15.0594925,48.565837],[15.0552277,48.5653845],[15.0510779,48.5649441],[15.0472923,48.5645424],[15.0425609,48.5640403],[15.0378565,48.5635411],[15.0336081,48.565133],[15.029647,48.5666173],[15.0255275,48.5681608],[15.0225211,48.5685547],[15.0193665,48.5689712],[15.0157246,48.5669204],[15.0120438,48.5648476],[15.0090525,48.563163],[15.006366,48.56165],[15.0022529,48.5625183],[15.0002117,48.5649102],[14.9983227,48.5671236],[14.9969067,48.5687828],[14.9953014,48.5706638],[14.9920097,48.571981],[14.9914244,48.5719853]]},"properties":{"voltage":"110000","name":""}},{"type":"Feature","geometry":{"type":"LineString","coordinates":[[15.3330069,48.5939872],[15.3328561,48.5946023],[15.3326014,48.5956388],[15.3323486,48.5966687],[15.3320848,48.597743],[15.3329735,48.5986337],[15.333839,48.599501],[15.3362693,48.6002228],[15.3383913,48.6008531],[15.3402431,48.6014031],[15.342572,48.6020948],[15.3448836,48.6027813],[15.3467071,48.6033192],[15.3486263,48.6038993],[15.3514597,48.603538],[15.3542981,48.603176],[15.3567722,48.6028605],[15.3589817,48.6025788],[15.3611254,48.6023054],[15.3630813,48.602056],[15.3655421,48.6020699],[15.3679305,48.6020835],[15.3731952,48.6021134],[15.3778773,48.60214],[15.3798783,48.6021412],[15.3819944,48.6021425],[15.3843514,48.6021439],[15.3868904,48.601923],[15.389302,48.6017133],[15.391925,48.6014851],[15.3944751,48.6012633],[15.3998224,48.6007981],[15.4023244,48.6005805],[15.4047075,48.6003732],[15.4071541,48.6001604],[15.4095443,48.5999524],[15.4122336,48.5997185],[15.4150345,48.5994749],[15.4178198,48.5992326],[15.4207444,48.5989782],[15.426144,48.5985],[15.4281915,48.5983234],[15.4363253,48.597622],[15.4372778,48.5975291],[15.4383257,48.5966968],[15.4421892,48.5936224],[15.4422291,48.5935934],[15.4423575,48.5926916],[15.44254,48.5914103],[15.4427207,48.5901416]]},"properties":{"voltage":"110000","name":"Ottenstein - Krumau"}},{"type":"Feature","geometry":{"type":"LineString","coordinates":[[15.7365434,48.2694904],[15.740955,48.2698715],[15.7457055,48.2702836],[15.749549,48.2706075],[15.752952,48.2708924],[15.7568044,48.2712169],[15.7608592,48.2715711],[15.7648288,48.2718957],[15.7690125,48.2722518],[15.7735635,48.2726351],[15.7774854,48.272981],[15.7820588,48.27336],[15.7862524,48.2736985],[15.7904003,48.2740254],[15.7937423,48.2742937],[15.7985766,48.2747008],[15.8033389,48.2751019],[15.8080819,48.2754989],[15.8126785,48.2758637],[15.8147748,48.2767595],[15.8180933,48.2781531],[15.8221589,48.27983],[15.8263064,48.2815846],[15.8298558,48.2830718],[15.8339183,48.2847512],[15.8375081,48.286231],[15.8420609,48.2870652],[15.8465217,48.2878694],[15.8479986,48.2903232],[15.84953,48.2931039],[15.8507899,48.2953534],[15.8525265,48.298168],[15.8537906,48.3004577],[15.8552633,48.3030816],[15.8568242,48.3058227],[15.8581995,48.308234],[15.8595145,48.3103807],[15.8607442,48.3125655],[15.8611786,48.313359],[15.8620489,48.3149485],[15.8655979,48.3169254],[15.8692771,48.3189604],[15.8726617,48.3208391],[15.8761861,48.3227668],[15.879216,48.3244197],[15.8831158,48.326592]]},"properties":{"voltage":"380000","name":"Ernsthofen - D\u00fcrnrohr;Etzersdorf - D\u00fcrnrohr"}},{"type":"Feature","geometry":{"type":"LineString","coordinates":[[15.7365434,48.2694904],[15.7362613,48.2691888]]},"properties":{"voltage":"380000","name":"Ernsthofen - Etzersdorf"}},{"type":"Feature","geometry":{"type":"LineString","coordinates":[[15.7365434,48.2694904],[15.7365037,48.2692071]]},"properties":{"voltage":"380000","name":"Etzersdorf - D\u00fcrnrohr"}},{"type":"Feature","geometry":{"type":"LineString","coordinates":[[15.8565079,48.3722945],[15.8583508,48.3709963],[15.8600163,48.36982],[15.8609536,48.3665965],[15.8618564,48.3634235],[15.8627805,48.3601943],[15.8637987,48.3570219],[15.8673997,48.3549962],[15.8715984,48.3527135],[15.8753806,48.3506634],[15.8791398,48.3486276],[15.8829704,48.3465521]]},"properties":{"voltage":"220000","name":""}},{"type":"Feature","geometry":{"type":"LineString","coordinates":[[15.8829704,48.3465521],[15.8854418,48.3451128],[15.8858393,48.3423288],[15.8862786,48.3396698],[15.8866461,48.3368456],[15.886038,48.3337685],[15.8856623,48.3316988]]},"properties":{"voltage":"220000","name":""}},{"type":"Feature","geometry":{"type":"LineString","coordinates":[[15.8858452,48.3451368],[15.8862285,48.3423611],[15.8866956,48.3396692],[15.8870708,48.3368302],[15.8865634,48.334308],[15.8860232,48.3315508]]},"properties":{"voltage":"220000","name":""}},{"type":"Feature","geometry":{"type":"LineString","coordinates":[[15.8879458,48.3336728],[15.8887424,48.331083],[15.8884628,48.3286401]]},"properties":{"voltage":"110000","name":""}},{"type":"Feature","geometry":{"type":"LineString","coordinates":[[15.7343827,48.2552014],[15.7361048,48.2567173],[15.7383924,48.2583489],[15.74021,48.2596326],[15.7426056,48.2600614],[15.7453004,48.2605589],[15.7479061,48.2610333],[15.7504857,48.2614863],[15.7530652,48.2619466],[15.7556055,48.2624028],[15.7581272,48.2628485],[15.7607971,48.2633308],[15.7634581,48.2638099],[15.7660738,48.2642803],[15.768707,48.2647508],[15.7706063,48.2650906],[15.7733133,48.2655753],[15.7758712,48.2655536],[15.7785759,48.2655307],[15.7812286,48.2655082],[15.7831047,48.2654923],[15.7856444,48.2654707],[15.7883055,48.2654481],[15.7910553,48.2654248],[15.7937976,48.2654015],[15.7964035,48.2653794],[15.7986735,48.2653602],[15.8014105,48.2653369],[15.8041175,48.265314],[15.8068642,48.2652907],[15.8091877,48.2661449],[15.8115075,48.2670121],[15.8138171,48.2678754],[15.8161117,48.2687331],[15.8183997,48.2695883],[15.820615,48.2704163],[15.8230274,48.271318],[15.825304,48.2721689],[15.8276907,48.2730609],[15.8300743,48.2739518],[15.8324683,48.2748465],[15.8348616,48.275741],[15.8372051,48.2766168],[15.8395609,48.2774972],[15.8421951,48.2778206],[15.8449124,48.2781475],[15.8475153,48.2784627],[15.850146,48.2787818],[15.8526774,48.279095],[15.8552101,48.2794246],[15.857541,48.2796975],[15.860256,48.280006],[15.8627525,48.2803277],[15.8651961,48.2806273],[15.8679773,48.280949],[15.8706526,48.2812884],[15.8731822,48.2816101],[15.8758014,48.2819144],[15.876161,48.278836],[15.876505,48.2757572],[15.8786663,48.2745358],[15.8810825,48.2731849],[15.8846626,48.2718825],[15.8877197,48.2707702],[15.8898887,48.269984],[15.8913978,48.2674383],[15.8934287,48.2640284],[15.8947085,48.2618575],[15.896051,48.2595896],[15.8975255,48.257115],[15.8989238,48.2547488],[15.8999297,48.252526],[15.9013059,48.2494882],[15.9024302,48.2469745],[15.9027324,48.2441088],[15.9031257,48.2403538],[15.9062917,48.2387147],[15.9069816,48.2367784],[15.9080167,48.2341422],[15.908865,48.2313793],[15.9082313,48.2290118],[15.9076179,48.2266959],[15.907019,48.2244368],[15.9063159,48.2217787],[15.9054939,48.2186726],[15.9047446,48.2158618],[15.9040729,48.213157],[15.9033922,48.2108038]]},"properties":{"voltage":"110000","name":"Pottenbrunn - Neulengbach;Pottenbrunn - Tulln"}},{"type":"Feature","geometry":{"type":"LineString","coordinates":[[16.7651449,48.0333569],[16.7666866,48.0339742]]},"properties":{"voltage":"110000","name":""}},{"type":"Feature","geometry":{"type":"LineString","coordinates":[[16.7651449,48.0333569],[16.7672124,48.03372]]},"properties":{"voltage":"110000","name":""}},{"type":"Feature","geometry":{"type":"LineString","coordinates":[[15.7094002,48.3322269],[15.7109958,48.3293922],[15.7153485,48.3287199],[15.7197885,48.3280427],[15.7245318,48.3273263],[15.7269779,48.3251078],[15.7298746,48.3224359],[15.7329061,48.3204711],[15.7364913,48.3180822],[15.7400229,48.3157312],[15.7409284,48.3125417],[15.7418891,48.3094368],[15.742936,48.306253],[15.7424604,48.3032035],[15.7420157,48.3002208],[15.7415934,48.297489],[15.7410798,48.2944557],[15.7408057,48.2916484],[15.7403228,48.2886357],[15.7398898,48.2854616],[15.7394606,48.2823148],[15.7390861,48.2796664],[15.7386414,48.2765408],[15.738177,48.2734566],[15.7377433,48.2703306]]},"properties":{"voltage":"380000","name":"Etzersdorf - Thei\u00df"}},{"type":"Feature","geometry":{"type":"LineString","coordinates":[[15.8342142,48.662447],[15.8352777,48.6607861],[15.8367587,48.6584712],[15.8382065,48.6562014],[15.839713,48.6538497],[15.8414018,48.6512088],[15.8431467,48.6484861],[15.8448206,48.6458737],[15.846611,48.6430564],[15.8484328,48.6402102],[15.8510656,48.6374908],[15.8532356,48.6352439],[15.8555075,48.6328907],[15.8579936,48.6303104],[15.8606241,48.6275804],[15.863245,48.6248716],[15.8658525,48.622169],[15.8681478,48.6197879],[15.87049,48.6173689],[15.8730329,48.6147486],[15.8735649,48.6115898],[15.8741201,48.6083596],[15.8746808,48.6051186],[15.8751656,48.6022732],[15.8757081,48.5991805],[15.8762132,48.5962812],[15.8767156,48.593334],[15.8785645,48.5909597],[15.8804923,48.5885182],[15.8825368,48.5859],[15.8847044,48.5831232],[15.8847577,48.58015],[15.8848237,48.577034],[15.8848693,48.574138],[15.8845897,48.5712308],[15.8843094,48.5682072],[15.8840159,48.5650596],[15.8837157,48.5619379],[15.8834191,48.5588157],[15.8831226,48.5557657],[15.8828522,48.5527838],[15.8810125,48.5507093],[15.8789146,48.5483582],[15.876993,48.5462029],[15.8751442,48.5441362],[15.8734751,48.5422581],[15.8713988,48.5396101],[15.8695867,48.5372889],[15.8674479,48.5345816],[15.8651727,48.531657],[15.8632519,48.5292027],[15.8615795,48.5270866],[15.8627172,48.5244374],[15.8639122,48.521605],[15.8651732,48.5186204],[15.8664992,48.5155139],[15.8674435,48.51326],[15.8677977,48.5124144],[15.8689622,48.5096923],[15.8700112,48.5072203],[15.8711663,48.5044983],[15.8723553,48.5016687],[15.8734866,48.4990256],[15.8741448,48.4967904],[15.8747973,48.4945502],[15.8755403,48.4920245],[15.87629,48.4894281],[15.8770361,48.4868908],[15.8777544,48.4844727],[15.8782507,48.48191],[15.8787532,48.4793352],[15.8792686,48.4767341],[15.8798127,48.473856],[15.8798418,48.4716696],[15.8798776,48.4690441],[15.8799055,48.4662983],[15.8799414,48.4639057],[15.8799818,48.4612248],[15.8800128,48.4583561],[15.8800333,48.4557568],[15.8800748,48.4528505],[15.8801102,48.4496134],[15.8806886,48.4469091],[15.881171,48.4446799],[15.8816916,48.4422417],[15.8822675,48.4395417],[15.8829263,48.4364907],[15.8822411,48.4335059],[15.8815706,48.4305312],[15.8809614,48.4278267],[15.8803421,48.4250898],[15.8797655,48.422598],[15.8791658,48.4199929],[15.8785298,48.4172083],[15.8778776,48.4143122],[15.8777019,48.4114455],[15.8775221,48.4085734],[15.877349,48.4056248],[15.8771697,48.4026618],[15.8769765,48.399554],[15.8767843,48.3964555],[15.8765874,48.3932278],[15.876414,48.390508],[15.8762323,48.3874688],[15.8760821,48.3849524],[15.8762749,48.3827134],[15.876523,48.3799779],[15.8768113,48.3768888],[15.8742807,48.3755907],[15.8703824,48.3735866],[15.8662871,48.37147],[15.8634285,48.3699861],[15.8609305,48.3686984],[15.8617022,48.3659945],[15.8625543,48.363042],[15.8633158,48.3603345],[15.8640098,48.3579247],[15.8645587,48.3559809],[15.8652145,48.3536901],[15.8665924,48.351212],[15.8682234,48.3482881],[15.8698965,48.3453034],[15.8730508,48.34333],[15.8761196,48.3414138],[15.8794201,48.3393682],[15.8821222,48.3376851],[15.8854246,48.3354112],[15.8879458,48.3336728]]},"properties":{"voltage":"110000","name":"D\u00fcrnrohr - Eggenburg"}},{"type":"Feature","geometry":{"type":"LineString","coordinates":[[15.6324198,48.6476529],[15.6320839,48.647622]]},"properties":{"voltage":"110000","name":"Krumau - Horn"}},{"type":"Feature","geometry":{"type":"LineString","coordinates":[[15.6324079,48.6475539],[15.6320839,48.647622]]},"properties":{"voltage":"110000","name":"Krumau - Horn"}},{"type":"Feature","geometry":{"type":"LineString","coordinates":[[16.8535236,47.9764518],[16.8523647,47.9791816],[16.8512037,47.9819369],[16.8500565,47.9846679],[16.848991,47.9871562],[16.8479508,47.9896467],[16.8468822,47.9921732],[16.8456714,47.9950457],[16.8444698,47.9978963],[16.8432721,48.0007446],[16.8422505,48.0031752],[16.8411351,48.0058063],[16.8400823,48.0083163],[16.8389733,48.0109337],[16.8377597,48.0138117],[16.8365738,48.0166236],[16.8354118,48.0193821],[16.8342402,48.022134],[16.8331433,48.0247029],[16.8319576,48.0275544],[16.830822,48.0302498],[16.8297912,48.0327053],[16.8263322,48.0338075],[16.8227875,48.0349446],[16.8194809,48.0360049],[16.8155666,48.0372518],[16.8118619,48.0384237],[16.8084801,48.039501],[16.8052334,48.0405362],[16.8013829,48.0417639],[16.7974293,48.0423239],[16.7933353,48.0428995],[16.7892904,48.0434681],[16.7852698,48.0440347],[16.7815374,48.0445607],[16.7777183,48.045099],[16.7736297,48.0456751],[16.7696657,48.0462373],[16.765411,48.0468333],[16.7611229,48.0474397],[16.7567902,48.0480482],[16.7542575,48.0461449],[16.7516179,48.044167],[16.7490756,48.0422467],[16.7461295,48.0400474],[16.7432746,48.0379124],[16.7410118,48.0360832],[16.7383339,48.0341032],[16.735478,48.0320328],[16.7314755,48.0318471],[16.7271816,48.0316183],[16.7228891,48.0314047],[16.7186477,48.0311835],[16.71447,48.0309514],[16.7103267,48.0308768],[16.7060598,48.0307862],[16.7016496,48.0306802],[16.6970812,48.0305856],[16.6935358,48.0305047],[16.6895624,48.0304061],[16.6850351,48.0303174],[16.6804683,48.0302081],[16.6764529,48.0301173],[16.6720373,48.0300166],[16.6679279,48.0299205],[16.6634939,48.0298273],[16.6593715,48.0297251],[16.6551348,48.0294259],[16.6509861,48.0291358],[16.6470331,48.0288397],[16.6428906,48.0285431],[16.6392857,48.0282939],[16.635322,48.0280109],[16.6316814,48.0277501],[16.6276362,48.0274863],[16.6235797,48.0271765],[16.6195016,48.0268877],[16.6149539,48.0265421],[16.6109005,48.0262502],[16.6065417,48.0263969],[16.6021845,48.0265358],[16.5979368,48.026698],[16.5937958,48.0268324],[16.5896701,48.0269731],[16.5858683,48.0270963],[16.5827938,48.0271926],[16.5783642,48.0273515],[16.5739374,48.0275033],[16.570704,48.0291444],[16.5675913,48.030701],[16.5644215,48.0322864],[16.5609144,48.0340618],[16.5574382,48.035801],[16.5539634,48.0375545],[16.5504064,48.0393485],[16.5471772,48.0409635],[16.5438931,48.0426166],[16.5406111,48.0442734],[16.5374084,48.045875],[16.5342157,48.0474823],[16.5310393,48.0490904],[16.5277951,48.0507149],[16.5244417,48.0519435],[16.5210806,48.0531769],[16.5172087,48.0545954],[16.5135048,48.0559582],[16.5098039,48.0573211],[16.5061283,48.0586747],[16.502801,48.0598551],[16.4990002,48.0612618],[16.4952134,48.0626546],[16.4912942,48.0640919],[16.4872868,48.0655619],[16.4834854,48.0669387],[16.4795924,48.0683681],[16.4756899,48.0697982],[16.4717768,48.0712288],[16.4678807,48.0726561],[16.4639862,48.0740871],[16.4600843,48.0755072],[16.4584471,48.0780602],[16.4566675,48.0808326],[16.4549023,48.0835802],[16.4532871,48.0860666],[16.4516752,48.0886013],[16.449946,48.0912785],[16.4468558,48.0934437],[16.4442522,48.0952906],[16.4417509,48.0970372],[16.4389602,48.0990255],[16.4361235,48.1010409],[16.4329887,48.1032217],[16.4299547,48.1053787],[16.4271968,48.1073322],[16.4269113,48.1103255],[16.4266333,48.1133617],[16.4263548,48.1164839],[16.4261076,48.1191482],[16.4258199,48.1222346],[16.4255454,48.1251528]]},"properties":{"voltage":"220000","name":"Wien S\u00fcdost - Gy\u0151r;Wien S\u00fcdost - Neusiedl"}},{"type":"Feature","geometry":{"type":"LineString","coordinates":[[15.3910202,48.0893359],[15.3909128,48.0895704]]},"properties":{"voltage":"110000","name":""}},{"type":"Feature","geometry":{"type":"LineString","coordinates":[[15.6073096,48.1769378],[15.6052712,48.1769793],[15.6012576,48.1771243],[15.5971255,48.1772746],[15.5930836,48.1774252],[15.5903632,48.1772315],[15.5865344,48.17697],[15.5829377,48.1767214],[15.5797086,48.1764999],[15.575739,48.1762176],[15.5716617,48.1759362],[15.567642,48.1756513],[15.5634641,48.1753581],[15.5595593,48.1750828],[15.5557875,48.1748196],[15.5520242,48.1737247],[15.5491947,48.1729015],[15.5457257,48.1718919],[15.5420203,48.1702137],[15.5380983,48.1684327],[15.5343346,48.1667278],[15.5307217,48.1650839],[15.5271257,48.1634496],[15.5235608,48.1618413],[15.5201324,48.1602866],[15.5164793,48.1586213],[15.5127013,48.1569142],[15.5108701,48.1545109],[15.5087312,48.1516972],[15.5066205,48.1489365],[15.5031864,48.1464907],[15.5004793,48.1445819],[15.4973425,48.1423634],[15.4950563,48.1401047],[15.4931827,48.138244],[15.4913969,48.1364874],[15.4908802,48.1359565],[15.489027,48.1341112],[15.4868136,48.1319239],[15.4849485,48.1300631],[15.4828978,48.128029],[15.4809011,48.1260346],[15.4788274,48.1239911],[15.4772093,48.1224993],[15.4748733,48.1203843],[15.4732983,48.1189269],[15.469837,48.1175615],[15.4660745,48.1160319],[15.4622664,48.114491],[15.4580885,48.1127936],[15.4539846,48.1111305],[15.4514398,48.1102336],[15.4481364,48.1090713],[15.4448863,48.1079338],[15.4408092,48.1064883],[15.4372496,48.105242],[15.4336997,48.1039916],[15.4298786,48.102646],[15.4265977,48.1014834],[15.4226242,48.1000946],[15.4189565,48.0988739],[15.4151463,48.0976025],[15.4122155,48.0966419],[15.4091841,48.095629],[15.4058017,48.0945027],[15.4020421,48.0932432],[15.3984838,48.0920764],[15.3944066,48.0907357],[15.3909128,48.0895704],[15.3892814,48.0890079],[15.3862768,48.0887759],[15.3824031,48.088486],[15.3786422,48.0881975],[15.3741826,48.0878558],[15.3702931,48.0875701],[15.366247,48.0872601],[15.3626423,48.0860619],[15.3590189,48.0848744],[15.3555337,48.083731],[15.3524347,48.082712],[15.3497049,48.0818187],[15.3462156,48.0810276],[15.3430133,48.0803146],[15.3388823,48.0793885],[15.3348014,48.0784711],[15.3318916,48.0778208],[15.3281585,48.0769968],[15.3237247,48.0773004],[15.3208662,48.0775225],[15.3148928,48.0779411],[15.3119725,48.0760947],[15.3088658,48.0741241],[15.307,48.0729388],[15.3039234,48.0709855],[15.3008541,48.069038],[15.2964426,48.068493],[15.2920482,48.0679523],[15.2876359,48.0674133],[15.2832806,48.0668779],[15.2787905,48.0663349],[15.274716,48.0658281],[15.270508,48.0653116],[15.2668443,48.0648589],[15.262413,48.0643097],[15.2586251,48.0638417],[15.2544905,48.0633325],[15.2509631,48.062896],[15.247006,48.0624113],[15.243445,48.0619825],[15.2394324,48.0604677],[15.2359249,48.0591249],[15.2324734,48.0578274],[15.2293108,48.0566383],[15.2262395,48.0550207],[15.22335,48.0535062],[15.2200793,48.0517891],[15.2168645,48.0501008],[15.2132266,48.0481919],[15.20961,48.0462933],[15.2061138,48.044463],[15.2032991,48.0429834],[15.2001324,48.0413123],[15.1969621,48.0396528],[15.1940478,48.0381235],[15.1911286,48.0365946],[15.1882255,48.0350649],[15.1853114,48.0335353],[15.1825471,48.03241],[15.1793245,48.0311013],[15.1759026,48.0297266],[15.1728322,48.0284648],[15.1694572,48.0273678],[15.1655984,48.026106],[15.1616544,48.0248231],[15.1586094,48.0237429],[15.1555918,48.0226784],[15.1527438,48.0216822],[15.1482695,48.0209693],[15.1423233,48.0200781],[15.1387961,48.0200315],[15.1353643,48.019979],[15.1311766,48.0199134],[15.1273623,48.0198605],[15.1234614,48.0198025],[15.1198632,48.0197487],[15.1161358,48.0196976],[15.1122553,48.0191884],[15.1073866,48.0185496],[15.1025918,48.0179188],[15.1009347,48.0165486],[15.0989366,48.014884],[15.096134,48.012555],[15.0937208,48.0105389],[15.0902802,48.0094102],[15.0865402,48.008181],[15.0829339,48.0069935],[15.0793419,48.0058099],[15.0757411,48.0046283],[15.0719287,48.0036133],[15.0680796,48.0025874],[15.0646213,48.0016726],[15.0609777,48.0007082],[15.0576446,47.9998249],[15.0542039,47.9989121],[15.0503971,47.9978991],[15.0463767,47.9968321],[15.0425594,47.9958207],[15.0391895,47.9949159],[15.0358112,47.9935552],[15.0327421,47.9923091],[15.0297623,47.9910987],[15.0268923,47.9912155],[15.0236579,47.9913442],[15.0234005,47.9911269]]},"properties":{"voltage":"110000","name":"Pottenbrunn - Gresten"}},{"type":"Feature","geometry":{"type":"LineString","coordinates":[[15.5800118,48.2014979],[15.5773296,48.1991546],[15.5745889,48.1967685],[15.5717655,48.1943178],[15.5689308,48.1918582],[15.5656614,48.1916829],[15.5616032,48.1914677],[15.5580785,48.1912737],[15.5541016,48.1910607],[15.5500831,48.1908425],[15.5459596,48.1906272],[15.5423923,48.1904257],[15.5385173,48.190559],[15.5348831,48.1906813],[15.531224,48.1899583],[15.527573,48.1892163],[15.5233813,48.1887698],[15.5189539,48.1882996],[15.5144316,48.1878133],[15.5101438,48.1873596],[15.5080286,48.1857105],[15.5058184,48.1839991],[15.5023903,48.1845353],[15.4979063,48.1852298],[15.494422,48.185767],[15.4903495,48.1853384],[15.4863481,48.1849156],[15.4818167,48.1844362],[15.4785096,48.1840854],[15.4752893,48.1837461],[15.4715179,48.1833502],[15.4674409,48.182884],[15.4636917,48.1824555],[15.4602341,48.1820625],[15.4568944,48.1816824],[15.4530365,48.1812419],[15.449105,48.180803],[15.4453764,48.1813247],[15.4411743,48.1819178],[15.4368172,48.1825296],[15.4329476,48.1830721],[15.4289664,48.1836349],[15.4243264,48.1842845],[15.4196523,48.184943],[15.4155664,48.1855207],[15.4088371,48.1864231],[15.4050543,48.1869116],[15.4009394,48.1874371],[15.3968707,48.1879562],[15.3929561,48.1884586],[15.3876666,48.1891254],[15.3842763,48.1895216],[15.3803454,48.1899864],[15.3764493,48.1904418],[15.3736826,48.1920174],[15.3703812,48.1938886],[15.3668598,48.1958902],[15.3638345,48.1976102],[15.3610173,48.1992029],[15.3581604,48.2008254],[15.3547666,48.2027492],[15.351524,48.2045864],[15.3479879,48.2065957],[15.3444078,48.2086253],[15.3417971,48.2101121],[15.3378595,48.209797],[15.3341877,48.209547],[15.3303889,48.2092825],[15.3259474,48.2089814],[15.3214314,48.208657],[15.3170687,48.2083532],[15.3136446,48.2081163],[15.3102141,48.2078789],[15.3067684,48.2076432],[15.3030346,48.2077436],[15.298819,48.2078662],[15.2949997,48.2079748],[15.2909262,48.2080884],[15.2867122,48.208213],[15.2830546,48.2083169],[15.2790618,48.2084294],[15.2754748,48.2085336],[15.273541,48.2104183],[15.2718088,48.2121105],[15.2703396,48.2135518],[15.2695692,48.2157837],[15.2696821,48.217435]]},"properties":{"voltage":"110000","name":"Bergern - Pottenbrunn;Bergern - St. P\u00f6lten"}},{"type":"Feature","geometry":{"type":"LineString","coordinates":[[15.688959,48.2239654],[15.6895084,48.2238306]]},"properties":{"voltage":"110000","name":""}},{"type":"Feature","geometry":{"type":"LineString","coordinates":[[15.6893789,48.224258],[15.6895084,48.2238306]]},"properties":{"voltage":"110000","name":""}},{"type":"Feature","geometry":{"type":"LineString","coordinates":[[15.6891283,48.2240778],[15.6895084,48.2238306]]},"properties":{"voltage":"110000","name":""}},{"type":"Feature","geometry":{"type":"LineString","coordinates":[[15.6931378,48.2271673],[15.6966466,48.2291722],[15.6997011,48.2309162],[15.7026243,48.2325592],[15.7058248,48.2348848],[15.7084315,48.2367056],[15.7110357,48.2385659],[15.7138283,48.2405608],[15.7169797,48.2427768],[15.7200079,48.2449419],[15.7229254,48.2470302],[15.7257751,48.2490589],[15.7287075,48.25115],[15.7315865,48.2531901],[15.7343827,48.2552014]]},"properties":{"voltage":"380000;110000","name":""}},{"type":"Feature","geometry":{"type":"LineString","coordinates":[[15.7360798,48.2664933],[15.7374734,48.2682331]]},"properties":{"voltage":"380000","name":""}},{"type":"Feature","geometry":{"type":"LineString","coordinates":[[15.6899869,48.2242912],[15.6895453,48.224373]]},"properties":{"voltage":"110000","name":""}},{"type":"Feature","geometry":{"type":"LineString","coordinates":[[15.7378299,48.2682594],[15.7360798,48.2664933]]},"properties":{"voltage":"380000","name":""}},{"type":"Feature","geometry":{"type":"LineString","coordinates":[[15.6911487,48.2261705],[15.6931378,48.2271673]]},"properties":{"voltage":"380000","name":""}},{"type":"Feature","geometry":{"type":"LineString","coordinates":[[15.6899869,48.2242912],[15.6896285,48.2244263]]},"properties":{"voltage":"110000","name":""}},{"type":"Feature","geometry":{"type":"LineString","coordinates":[[15.6931378,48.2271673],[15.6912046,48.2252538],[15.6899869,48.2242912]]},"properties":{"voltage":"110000","name":"Pottenbrunn - Neulengbach;Pottenbrunn - Tulln"}},{"type":"Feature","geometry":{"type":"LineString","coordinates":[[15.6896187,48.2251116],[15.6890517,48.2255138]]},"properties":{"voltage":"110000","name":"Pottenbrunn - Thei\u00df"}},{"type":"Feature","geometry":{"type":"LineString","coordinates":[[15.7119942,48.2846899],[15.7122385,48.2850209],[15.7140493,48.2857431]]},"properties":{"voltage":"110000","name":""}},{"type":"Feature","geometry":{"type":"LineString","coordinates":[[15.6150154,48.0448257],[15.6149534,48.0447108],[15.6165103,48.0442954],[15.6177702,48.0418749],[15.6189563,48.0396108],[15.6166763,48.0377549],[15.614869,48.0362857],[15.6137291,48.0337606],[15.6102378,48.030885],[15.608108,48.0296863],[15.6056452,48.0282715],[15.6019756,48.0261995],[15.5991074,48.0266648],[15.5959094,48.0251716],[15.5932795,48.0239352],[15.5882878,48.0212107],[15.583641,48.0183239],[15.58137,48.0168065],[15.5786625,48.0161702],[15.5758522,48.0155098],[15.5738464,48.0134048],[15.5733482,48.0119943],[15.5730786,48.0112334],[15.5727715,48.0103668],[15.5728087,48.0066107],[15.5712229,48.0042732],[15.5678356,48.0035006],[15.5650841,48.0028729],[15.5639866,47.9992293],[15.5649176,47.996922],[15.5658624,47.994553],[15.5667872,47.9922485],[15.5676922,47.9899785],[15.5674707,47.9875888],[15.5672455,47.9850944],[15.567019,47.9825973],[15.5667969,47.9801762],[15.566713,47.9777966],[15.5666502,47.9755993],[15.5665689,47.9731763],[15.5639197,47.971871],[15.5616941,47.9707877],[15.5590352,47.9690038],[15.5563763,47.9672199],[15.5540687,47.9656716],[15.5503838,47.9658399],[15.5468385,47.9623503],[15.5469689,47.9611756],[15.5471085,47.9599173],[15.5444679,47.9581224],[15.5422791,47.9566256],[15.5380175,47.9553696],[15.5358307,47.954749],[15.5303677,47.9535858],[15.526939,47.9524634],[15.5235435,47.9513527],[15.5214276,47.9498859],[15.5197887,47.9487497],[15.5164664,47.9464464],[15.5146063,47.9457196],[15.511929,47.9446694],[15.5086074,47.9433672],[15.505279,47.9420723],[15.5018853,47.9407369],[15.5003265,47.9393843],[15.4988097,47.9380682],[15.4966925,47.9377947],[15.4932215,47.9366538],[15.4896248,47.9354743],[15.4864026,47.9349681],[15.4825627,47.9343649],[15.4793382,47.9338583],[15.4786374,47.9325365],[15.4776534,47.9307004],[15.4774203,47.9306318]]},"properties":{"voltage":"110000","name":"Traisen - T\u00fcrnitz"}},{"type":"Feature","geometry":{"type":"LineString","coordinates":[[15.926185,48.3275821],[15.92697,48.3282927],[15.9284119,48.3299377],[15.9298155,48.3315819]]},"properties":{"voltage":"110000","name":""}},{"type":"Feature","geometry":{"type":"LineString","coordinates":[[16.3748633,48.3585999],[16.3765752,48.3584847]]},"properties":{"voltage":"380000","name":""}},{"type":"Feature","geometry":{"type":"LineString","coordinates":[[16.4223621,48.1189709],[16.4190516,48.1207188],[16.4194017,48.1223734]]},"properties":{"voltage":"380000","name":""}},{"type":"Feature","geometry":{"type":"LineString","coordinates":[[16.4267171,48.1399689],[16.4296604,48.1395033]]},"properties":{"voltage":"220000","name":"Wien S\u00fcdost - UrW Kledering;Wien S\u00fcdost - UrW Kledering"}},{"type":"Feature","geometry":{"type":"LineString","coordinates":[[16.379314,48.357046],[16.3793464,48.3571924],[16.3793872,48.3573773],[16.3794119,48.3574889],[16.3794485,48.3576544],[16.3795155,48.3576954],[16.380757,48.3575672]]},"properties":{"voltage":"220000","name":""}},{"type":"Feature","geometry":{"type":"LineString","coordinates":[[16.3798025,48.3575252],[16.3806179,48.3574405],[16.3806514,48.3574138],[16.3806353,48.3573487],[16.3806474,48.3572926],[16.3806327,48.3572418],[16.3806859,48.3572372]]},"properties":{"voltage":"220000","name":""}},{"type":"Feature","geometry":{"type":"LineString","coordinates":[[16.3796201,48.3575448],[16.3796912,48.3575358],[16.3798575,48.3575911],[16.3806649,48.3575064],[16.3806917,48.3574779],[16.3806769,48.3574102],[16.3807276,48.3574065]]},"properties":{"voltage":"220000","name":""}},{"type":"Feature","geometry":{"type":"LineString","coordinates":[[16.3790743,48.3570708],[16.3791071,48.3572173],[16.3791489,48.3574046],[16.3791732,48.3575133],[16.3792473,48.3578451],[16.3793197,48.3578861],[16.3807975,48.3577422]]},"properties":{"voltage":"220000","name":""}},{"type":"Feature","geometry":{"type":"LineString","coordinates":[[16.3766177,48.3586512],[16.3748633,48.3585999]]},"properties":{"voltage":"380000","name":""}},{"type":"Feature","geometry":{"type":"LineString","coordinates":[[16.2968504,48.1381139],[16.2978237,48.1389998]]},"properties":{"voltage":"110000","name":""}},{"type":"Feature","geometry":{"type":"LineString","coordinates":[[16.2970265,48.138117],[16.2978237,48.1389998]]},"properties":{"voltage":"110000","name":""}},{"type":"Feature","geometry":{"type":"LineString","coordinates":[[16.3406011,48.1361893],[16.3416234,48.1360221]]},"properties":{"voltage":"380000","name":"Wien S\u00fcdost - Wien S\u00fcd"}},{"type":"Feature","geometry":{"type":"LineString","coordinates":[[16.4162001,48.1232966],[16.4162055,48.1236552],[16.4162072,48.1237675],[16.4162093,48.1239107],[16.4162114,48.1240539],[16.416214,48.1242219]]},"properties":{"voltage":"380000","name":""}},{"type":"Feature","geometry":{"type":"LineString","coordinates":[[16.3407391,48.136407],[16.3416234,48.1360221]]},"properties":{"voltage":"380000","name":"Wien S\u00fcdost - Wien S\u00fcd"}},{"type":"Feature","geometry":{"type":"LineString","coordinates":[[14.8861799,48.1184062],[14.8859686,48.1152508],[14.8901016,48.1144574],[14.8936132,48.1138087],[14.8972789,48.1131098],[14.9009737,48.1124035],[14.9049495,48.111651],[14.9084982,48.1109813],[14.9125705,48.1111122],[14.916829,48.1112563],[14.9211857,48.1114254],[14.925403,48.111575],[14.9289694,48.1116874],[14.933222,48.1118214],[14.9373863,48.1119744],[14.9415632,48.112119],[14.9457747,48.1122721],[14.949292,48.1123971],[14.9525753,48.1124974],[14.9564289,48.1126413],[14.9609168,48.1127827],[14.9655028,48.1129596],[14.9695386,48.1130775],[14.9739344,48.1132363],[14.9784117,48.1133678],[14.9826082,48.1144549],[14.9866375,48.1155544],[14.9908141,48.1165937],[14.9949441,48.1176957],[14.9990894,48.1187493],[15.0032245,48.1198301],[15.0073006,48.1208854],[15.0115673,48.12199],[15.015046,48.1228906],[15.0192356,48.1239525],[15.0232679,48.1250143],[15.0274293,48.1261015],[15.0315982,48.1272085],[15.0357073,48.1282807],[15.0398725,48.1293336],[15.0439287,48.1303989],[15.0481624,48.1314867],[15.052332,48.1325735],[15.0559668,48.1322354],[15.0602542,48.1318367],[15.0638529,48.131502],[15.0674313,48.1311692],[15.0714874,48.130792],[15.0761895,48.1303712],[15.0800632,48.1300202],[15.0840767,48.1310137],[15.0874618,48.1318439],[15.0915427,48.1328711],[15.0954161,48.1338212],[15.0996405,48.1348786],[15.1032054,48.1356771],[15.1064684,48.1358897],[15.1099573,48.1360365],[15.1138344,48.1361948],[15.1171844,48.1363316],[15.1207514,48.1364666],[15.1245221,48.1366313],[15.1288777,48.1368091],[15.1327217,48.1369661],[15.1372825,48.1371524],[15.1414897,48.1373242],[15.1445796,48.1374503],[15.1455733,48.1374909],[15.1499098,48.137668],[15.1543517,48.1378494],[15.1582629,48.1380092],[15.1625387,48.1381838],[15.1669702,48.1383334],[15.1710078,48.1385296],[15.1749684,48.1386914],[15.1796542,48.1388827],[15.1837015,48.139048],[15.1875981,48.1392071],[15.1910622,48.1402295],[15.1949055,48.1413409],[15.198795,48.1425138],[15.2020408,48.1434238],[15.2056471,48.144548],[15.209283,48.1455973],[15.213021,48.1466761],[15.2165173,48.1476851],[15.2200019,48.1486638],[15.2233418,48.1496544],[15.2273235,48.1507724],[15.2306352,48.1517885],[15.2308757,48.1518623]]},"properties":{"voltage":"110000","name":"Bergern \u2013 Amstetten"}},{"type":"Feature","geometry":{"type":"LineString","coordinates":[[16.7679427,48.0349429],[16.7700658,48.0371004],[16.7719539,48.0390254],[16.7746747,48.0404721],[16.7777565,48.0421363],[16.78068,48.0436935],[16.7835095,48.0456702],[16.7863292,48.0476607],[16.7889874,48.049543],[16.7919898,48.0516419],[16.7945976,48.0534624],[16.7974887,48.0552123],[16.8008462,48.0572519],[16.8040317,48.0591787],[16.8073472,48.061194],[16.8107622,48.0632609],[16.8138851,48.0651652],[16.8166231,48.0668079],[16.8192888,48.0684015],[16.8219216,48.0700169],[16.8247829,48.0717633],[16.8276974,48.0735394],[16.8307381,48.0753696],[16.8333605,48.0769478],[16.8364072,48.0787987],[16.839153,48.0804392],[16.8424601,48.0824621],[16.8451923,48.0841099],[16.8477809,48.0856783],[16.8504263,48.0872883],[16.852747,48.0887667],[16.855478,48.0905093],[16.8583496,48.0923278],[16.8609977,48.0940044],[16.8638132,48.095825],[16.8647946,48.0964488],[16.8667589,48.0977021]]},"properties":{"voltage":"110000","name":"Bruck an der Leitha - Deutsch Altenburg"}},{"type":"Feature","geometry":{"type":"LineString","coordinates":[[16.8649222,48.0960606],[16.8647946,48.0964488]]},"properties":{"voltage":"110000","name":""}},{"type":"Feature","geometry":{"type":"LineString","coordinates":[[15.2308757,48.1518623],[15.2347591,48.1508476],[15.238792,48.1508989],[15.2425021,48.150916],[15.2467744,48.1509977],[15.2501889,48.1509546],[15.254063,48.1509819],[15.2584547,48.1510366],[15.2621812,48.1510575],[15.2657877,48.1510777],[15.269093,48.1512999],[15.2728646,48.151505],[15.2773848,48.1517398],[15.2818512,48.1520261],[15.285268,48.1522261],[15.2896395,48.1524688],[15.2943007,48.1527324],[15.2984185,48.1530001],[15.3021166,48.1532308],[15.3056846,48.1533233],[15.3095352,48.1546261],[15.3136881,48.1560312],[15.3177512,48.157452],[15.3213784,48.15858],[15.3251723,48.1597452],[15.328522,48.1608396],[15.3318081,48.1619168],[15.3357512,48.1631997],[15.3395572,48.1644569],[15.3430822,48.1654791],[15.3462009,48.1660056],[15.3497506,48.166614],[15.353794,48.1672979],[15.3583816,48.1680672],[15.3623166,48.1687415],[15.3664252,48.1694271],[15.3706502,48.1701347],[15.3745252,48.1707422],[15.3777863,48.1713265],[15.3815478,48.1719056],[15.3853601,48.1725979],[15.3888208,48.1727935],[15.3924676,48.1730987],[15.3968315,48.1734431],[15.4007029,48.1736919],[15.4051431,48.173992],[15.409102,48.1743005],[15.4136899,48.1745693],[15.4174577,48.1748809],[15.4219067,48.1752182],[15.4259161,48.1755442],[15.4297699,48.1758776],[15.4335877,48.1761926],[15.437668,48.176517],[15.4419419,48.1768558],[15.4460295,48.1772141],[15.450436,48.1775836],[15.4547398,48.177933],[15.4590885,48.1782985],[15.4634462,48.1786553],[15.4674909,48.1789878],[15.4720462,48.1793685],[15.4760781,48.1797009],[15.4805586,48.1800702],[15.4842321,48.1803737],[15.4882342,48.1807004],[15.4923899,48.1810442],[15.4967545,48.1814046],[15.5012981,48.181779],[15.5048292,48.1820683],[15.5086952,48.1823888],[15.5133004,48.1827628],[15.5174503,48.1831075],[15.5213105,48.1834229],[15.5251432,48.1837399],[15.5296013,48.1841002],[15.5338809,48.1844537],[15.5379821,48.1847939],[15.5424065,48.185485],[15.5460238,48.1860531],[15.5500729,48.1866932],[15.5545419,48.1873983],[15.5584623,48.188014],[15.5623511,48.1886217],[15.5665556,48.1892774],[15.5709967,48.1899826],[15.574537,48.1905374],[15.5764604,48.1923578],[15.5787921,48.1945555],[15.5809038,48.1965468],[15.5835391,48.1990271],[15.5861674,48.2015208],[15.5887553,48.2039609],[15.5912897,48.2063546],[15.5930295,48.2090143],[15.5946296,48.2114626],[15.5962906,48.21401],[15.5980249,48.2166695],[15.5992273,48.2184996],[15.6005428,48.2205186],[15.6033726,48.2217336],[15.6071166,48.223345],[15.610695,48.2248844],[15.6144187,48.2264846],[15.6176531,48.2278768],[15.6210196,48.2293208],[15.624428,48.2307873],[15.6278221,48.2322472],[15.6312357,48.233712],[15.6348015,48.2352403],[15.6388335,48.2352394],[15.6421358,48.2352375],[15.6457524,48.235232],[15.6490651,48.2352309],[15.6528377,48.2352175],[15.6547169,48.2328059],[15.6552969,48.2323573],[15.6570278,48.2317052]]},"properties":{"voltage":"110000","name":"St. P\u00f6lten \u2013 Bergern"}},{"type":"Feature","geometry":{"type":"LineString","coordinates":[[15.8841985,48.3291309],[15.8841722,48.3288495],[15.8841354,48.3284569],[15.8841214,48.3283069],[15.8841073,48.3281561]]},"properties":{"voltage":"380000","name":""}},{"type":"Feature","geometry":{"type":"LineString","coordinates":[[15.8839071,48.3284679],[15.8838932,48.3283172],[15.8838796,48.3281657],[15.8838379,48.3277099],[15.8838271,48.3275887]]},"properties":{"voltage":"380000","name":""}},{"type":"Feature","geometry":{"type":"LineString","coordinates":[[15.8858475,48.328375],[15.8858338,48.3282297],[15.8858202,48.3280837],[15.885776,48.3276187],[15.8857646,48.3274805]]},"properties":{"voltage":"380000","name":""}},{"type":"Feature","geometry":{"type":"LineString","coordinates":[[15.883836,48.3299629],[15.8839431,48.329958],[15.8841358,48.3299489],[15.8842932,48.3299414],[15.885151,48.3299016],[15.8853629,48.3298917],[15.8855444,48.3298833],[15.8857728,48.3298726],[15.8859464,48.3298645],[15.8863509,48.3298457],[15.886553,48.3298363],[15.8867669,48.3298263],[15.8869922,48.3298158],[15.8871812,48.329807],[15.8873658,48.3297984],[15.8874719,48.3297934]]},"properties":{"voltage":"220000","name":""}},{"type":"Feature","geometry":{"type":"LineString","coordinates":[[15.8843074,48.3300626],[15.8842932,48.3299414],[15.884275,48.3297851],[15.8842285,48.3293877],[15.8842209,48.3293226],[15.8841985,48.3291309]]},"properties":{"voltage":"220000","name":""}},{"type":"Feature","geometry":{"type":"LineString","coordinates":[[15.8814775,48.3305918],[15.8797609,48.3306488]]},"properties":{"voltage":"","name":""}},{"type":"Feature","geometry":{"type":"LineString","coordinates":[[15.8872043,48.3314919],[15.8868346,48.3304306]]},"properties":{"voltage":"220000","name":""}},{"type":"Feature","geometry":{"type":"LineString","coordinates":[[15.8851065,48.3293494],[15.885149,48.3297461],[15.885151,48.3299016],[15.885172,48.3300246]]},"properties":{"voltage":"220000","name":""}},{"type":"Feature","geometry":{"type":"LineString","coordinates":[[15.8874761,48.3299199],[15.8873804,48.3299242],[15.8871944,48.3299327],[15.8870043,48.3299413],[15.886781,48.3299514],[15.8865639,48.3299614],[15.8863644,48.3299705],[15.8859588,48.3299888],[15.8857825,48.3299968],[15.8855596,48.330007],[15.8853761,48.3300153],[15.885172,48.3300246],[15.8843074,48.3300626],[15.884149,48.3300702],[15.8839543,48.3300797],[15.8838546,48.3300844]]},"properties":{"voltage":"220000","name":""}},{"type":"Feature","geometry":{"type":"LineString","coordinates":[[15.8831158,48.326592],[15.8835793,48.3275852]]},"properties":{"voltage":"380000","name":""}},{"type":"Feature","geometry":{"type":"LineString","coordinates":[[15.8814094,48.3282801],[15.8815611,48.3282452],[15.8828569,48.3281954],[15.8829267,48.328206]]},"properties":{"voltage":"380000","name":""}},{"type":"Feature","geometry":{"type":"LineString","coordinates":[[15.8861488,48.3268494],[15.8852852,48.3275148]]},"properties":{"voltage":"380000","name":""}},{"type":"Feature","geometry":{"type":"LineString","coordinates":[[15.8864523,48.3282017],[15.8863338,48.3282071],[15.8860715,48.328219],[15.8858338,48.3282297],[15.8855977,48.3282403],[15.8853573,48.3282513],[15.8850815,48.3282636],[15.8848588,48.3282736],[15.8843819,48.3282952],[15.8841214,48.3283069],[15.8838932,48.3283172],[15.8829475,48.3283599]]},"properties":{"voltage":"380000","name":""}},{"type":"Feature","geometry":{"type":"LineString","coordinates":[[15.8840498,48.3288551],[15.8841722,48.3288495],[15.8849135,48.3288203],[15.8851366,48.3288094],[15.8863653,48.3287496],[15.8865007,48.3287435]]},"properties":{"voltage":"380000","name":""}},{"type":"Feature","geometry":{"type":"LineString","coordinates":[[15.879732,48.3283389],[15.8798262,48.3283356],[15.8800705,48.3283271],[15.8802991,48.3283191],[15.8805434,48.3283105],[15.8814094,48.3282801]]},"properties":{"voltage":"380000","name":""}},{"type":"Feature","geometry":{"type":"LineString","coordinates":[[15.8797072,48.3300925],[15.8806836,48.3300639]]},"properties":{"voltage":"","name":""}},{"type":"Feature","geometry":{"type":"LineString","coordinates":[[15.8874489,48.3296431],[15.8873484,48.3296476],[15.8871653,48.3296558],[15.8869777,48.3296642],[15.8867499,48.3296744],[15.8865308,48.3296843],[15.8863344,48.3296932],[15.8859314,48.3297111],[15.885761,48.3297187],[15.8855257,48.3297292],[15.8853466,48.3297373],[15.885149,48.3297461],[15.884275,48.3297851],[15.8841188,48.3297923],[15.8839288,48.3298008],[15.8838266,48.3298054]]},"properties":{"voltage":"220000","name":""}},{"type":"Feature","geometry":{"type":"LineString","coordinates":[[15.886129,48.3275985],[15.885776,48.3276187],[15.8855384,48.3276299],[15.8852956,48.3276413],[15.8847979,48.3276647],[15.8843122,48.3276877],[15.8838379,48.3277099],[15.883593,48.3277214],[15.8834812,48.3277266]]},"properties":{"voltage":"380000","name":""}},{"type":"Feature","geometry":{"type":"LineString","coordinates":[[15.8863338,48.328062],[15.8863338,48.3282071],[15.8863452,48.3283512],[15.8863653,48.3287496],[15.8863961,48.3290361]]},"properties":{"voltage":"380000","name":""}},{"type":"Feature","geometry":{"type":"LineString","coordinates":[[15.8814471,48.3285749],[15.8815985,48.3285951],[15.8828964,48.3285388],[15.8829553,48.3285135]]},"properties":{"voltage":"380000","name":""}},{"type":"Feature","geometry":{"type":"LineString","coordinates":[[15.8872043,48.3314919],[15.8891128,48.3333813],[15.8940116,48.3332115],[15.8977971,48.3330625],[15.9018559,48.3329069],[15.9057217,48.3327573],[15.9104775,48.3325751],[15.9154546,48.3323844],[15.9201855,48.3322018],[15.9248917,48.3320181],[15.9298547,48.3318285],[15.9335851,48.3316875],[15.9374248,48.3315378],[15.9409699,48.3314031],[15.9440493,48.3312808],[15.9462264,48.331196],[15.9477095,48.3311383],[15.9510163,48.3310085],[15.9545415,48.3308749],[15.9576784,48.3296109],[15.9611442,48.3282004],[15.9642422,48.3269513],[15.9674698,48.3256572],[15.9710814,48.3247385],[15.9749324,48.3237833],[15.9793411,48.3226542],[15.9835597,48.3215917],[15.9868802,48.3226989],[15.9909363,48.3241166],[15.9944953,48.3253335],[15.9981558,48.3265606],[16.0012191,48.3275943],[16.0050709,48.3289003],[16.0083991,48.3300295],[16.0119519,48.3312455],[16.0154232,48.3324045],[16.0178466,48.3344869],[16.0212969,48.3374981],[16.0237358,48.3395997],[16.0263006,48.3417973],[16.0291383,48.3441772],[16.0315123,48.3461433],[16.0338973,48.3481205],[16.0368442,48.350578],[16.0398024,48.3530279],[16.0424916,48.3552549],[16.0454481,48.3577133],[16.0480374,48.3598565],[16.0510971,48.3624027],[16.0535428,48.3644328],[16.0574991,48.3650128],[16.0619092,48.3656217],[16.0660611,48.3662119],[16.0696879,48.3667247],[16.0744028,48.3673965],[16.0790221,48.3680488],[16.0832725,48.3686499],[16.087194,48.369216],[16.09228,48.3699358],[16.0958305,48.3704352],[16.1002645,48.3710639],[16.1046611,48.371685],[16.1090179,48.3723115],[16.1131831,48.3729029],[16.1176047,48.3735342],[16.121911,48.3741432],[16.1260431,48.3747175],[16.1302624,48.3753172],[16.1345954,48.3759275],[16.1389833,48.3765192],[16.1433975,48.3771319],[16.1476577,48.377731],[16.152356,48.3784137],[16.1542651,48.3806208],[16.156306,48.3830145],[16.1583245,48.3853438],[16.1606089,48.3879978],[16.1638053,48.3901306],[16.1670115,48.3921978],[16.1702125,48.3943198],[16.1726889,48.3959645],[16.1758666,48.3980368],[16.1791511,48.4002143],[16.182384,48.4023055],[16.1859544,48.4032009],[16.1903801,48.4040132],[16.1946511,48.4047768],[16.1989656,48.4055758],[16.2025063,48.406208],[16.2058709,48.4068064],[16.2102139,48.4076006],[16.2138973,48.4082696],[16.2177151,48.4089552],[16.2214405,48.4096331],[16.2257929,48.4104347],[16.2299302,48.4091635],[16.2336852,48.4080267],[16.2374214,48.4068873],[16.2413826,48.4056707],[16.2452115,48.4045138],[16.2490683,48.4033385],[16.2529306,48.4021632],[16.2568629,48.4009653],[16.2606416,48.3998112],[16.2640592,48.4001221],[16.2684174,48.400514],[16.2728435,48.4009193],[16.2769486,48.4012884],[16.281366,48.4016903],[16.2859672,48.4021005],[16.2908016,48.4025432],[16.2952585,48.4029441],[16.2997236,48.403348],[16.3033445,48.4012417],[16.30635,48.3995304],[16.3096774,48.3976259],[16.3130448,48.3957007],[16.3161918,48.3938832],[16.3199696,48.392155],[16.3229276,48.3908107],[16.3258913,48.389452],[16.3265211,48.3891632],[16.3299931,48.3875714],[16.3332434,48.3860812],[16.3370942,48.3843157],[16.3386028,48.3821942],[16.3403745,48.3797132],[16.3422364,48.3771645],[16.34418,48.3744374],[16.3460945,48.3717646],[16.348088,48.3689893],[16.3498076,48.366608],[16.3511386,48.3647511],[16.3531038,48.3633423],[16.3551125,48.363038],[16.3586406,48.3617383],[16.3622167,48.3604258],[16.3657903,48.3591371],[16.3699717,48.3586947],[16.3733478,48.3583344],[16.3762504,48.3580237]]},"properties":{"voltage":"220000","name":"D\u00fcrnrohr - Bisamberg"}},{"type":"Feature","geometry":{"type":"LineString","coordinates":[[15.8814382,48.3284273],[15.8805545,48.3284568],[15.8803109,48.3284649],[15.8800816,48.3284725],[15.8798379,48.3284806],[15.8797432,48.3284838]]},"properties":{"voltage":"380000","name":""}},{"type":"Feature","geometry":{"type":"LineString","coordinates":[[15.8814471,48.3285749],[15.8805653,48.3286005],[15.8803224,48.3286075],[15.8800924,48.3286142],[15.8798494,48.3286213],[15.8797427,48.3286244]]},"properties":{"voltage":"380000","name":""}},{"type":"Feature","geometry":{"type":"LineString","coordinates":[[16.3741772,47.9835744],[16.3740266,47.9864077],[16.3738798,47.9892501],[16.3737031,47.9924785],[16.3735356,47.9955335],[16.3733601,47.9990457],[16.3754706,48.0016534],[16.3778657,48.0044802],[16.3797624,48.0069324],[16.3819747,48.0096589],[16.3841977,48.0124073],[16.3849944,48.014476],[16.3859508,48.0169213],[16.3869995,48.0196204],[16.3881614,48.0226389],[16.3892629,48.0255189],[16.3902901,48.0282206],[16.3914209,48.0310635],[16.3925311,48.0340471],[16.3936923,48.0369563],[16.3947547,48.039671],[16.3959016,48.0425528],[16.397086,48.045399],[16.398116,48.0481934],[16.399146,48.0508844],[16.4002961,48.0538047],[16.4013604,48.056547],[16.4023389,48.0590195],[16.4034289,48.0619451],[16.4045791,48.0649394],[16.4058236,48.0680367],[16.4069051,48.0708987],[16.4080209,48.0738007],[16.4091109,48.076605],[16.4100121,48.0787899],[16.4109391,48.0812843],[16.4121132,48.0844867],[16.4104682,48.0871342],[16.4085651,48.0902025],[16.4068316,48.0930614],[16.4086438,48.0959067],[16.4103055,48.0984614],[16.4118384,48.1008252],[16.413628,48.1035864],[16.4156144,48.1066521],[16.4155127,48.1098444],[16.4154169,48.1133178],[16.4153352,48.1164896],[16.4151949,48.1202092],[16.416973,48.1226225]]},"properties":{"voltage":"380000;220000","name":"Wien S\u00fcdost - S\u00fcdburgenland;Ternitz - Wien S\u00fcdost"}},{"type":"Feature","geometry":{"type":"LineString","coordinates":[[16.4172605,48.1232926],[16.4172638,48.1236426],[16.4172645,48.1237196],[16.4172663,48.1239069],[16.4172676,48.1240497]]},"properties":{"voltage":"380000","name":""}},{"type":"Feature","geometry":{"type":"LineString","coordinates":[[16.4174995,48.1231336],[16.4175007,48.1232917],[16.4175033,48.1236408],[16.4175042,48.1237628],[16.4175053,48.123906],[16.4175063,48.1240488]]},"properties":{"voltage":"380000","name":""}},{"type":"Feature","geometry":{"type":"LineString","coordinates":[[16.41702,48.1232935],[16.4170222,48.1237646],[16.4170228,48.1239078],[16.4170235,48.1240507]]},"properties":{"voltage":"380000","name":""}},{"type":"Feature","geometry":{"type":"LineString","coordinates":[[16.4167676,48.1231364],[16.4167692,48.1232945],[16.4167727,48.1236444],[16.4167739,48.1237655],[16.4167753,48.1239087],[16.4167767,48.1240517]]},"properties":{"voltage":"380000","name":""}},{"type":"Feature","geometry":{"type":"LineString","coordinates":[[16.0693467,48.1777036],[16.0632987,48.1764589]]},"properties":{"voltage":"110000","name":""}},{"type":"Feature","geometry":{"type":"LineString","coordinates":[[16.3243291,48.3233172],[16.3303723,48.3242228],[16.3359635,48.3250534],[16.3391171,48.3255331],[16.3421044,48.3267906],[16.3444779,48.3280217],[16.3487737,48.3299934],[16.3508946,48.3309651],[16.3530326,48.3319647],[16.3545347,48.3333375],[16.3574722,48.336065],[16.3589209,48.3373481],[16.3604351,48.3387751],[16.3619226,48.3401332],[16.3632212,48.3413282],[16.3645434,48.3425307],[16.3661985,48.3440458],[16.3677981,48.3454374],[16.3706759,48.3481349],[16.3722315,48.3495608],[16.3737167,48.350883],[16.3751005,48.3521429],[16.376391,48.3532869],[16.3777354,48.3545304],[16.3785038,48.3552197],[16.3789387,48.3556733]]},"properties":{"voltage":"110000","name":"Bisamberg - Kritzendorf"}},{"type":"Feature","geometry":{"type":"LineString","coordinates":[[16.3232886,48.3231608],[16.3238649,48.3232029],[16.3243291,48.3233172]]},"properties":{"voltage":"110000","name":""}},{"type":"Feature","geometry":{"type":"LineString","coordinates":[[16.3232886,48.3231608],[16.3238199,48.3233094],[16.3243291,48.3233172]]},"properties":{"voltage":"110000","name":""}},{"type":"Feature","geometry":{"type":"LineString","coordinates":[[15.2425735,48.2990355],[15.2409882,48.2968926],[15.2391962,48.294475],[15.2376329,48.2923514],[15.235834,48.2899147],[15.2356154,48.2872721],[15.2354202,48.2851757],[15.2352268,48.2825761],[15.2350266,48.2800407],[15.2348298,48.2776881],[15.2346549,48.2753242],[15.2350172,48.2724259],[15.235405,48.2694629],[15.2357893,48.2665352],[15.2361758,48.263545],[15.2365809,48.2604733],[15.2369856,48.2574077],[15.2373856,48.2543209],[15.2377196,48.2515649],[15.2360417,48.2489855],[15.2343171,48.246468],[15.2325563,48.2438848],[15.2308266,48.2413429],[15.2292307,48.2388953],[15.2292202,48.2388791]]},"properties":{"voltage":"110000","name":""}},{"type":"Feature","geometry":{"type":"LineString","coordinates":[[16.6254809,48.3381797],[16.6258264,48.3380254],[16.6294484,48.3383578],[16.6332991,48.3387112],[16.6364468,48.3392711],[16.640263,48.3399499],[16.6442558,48.3406601],[16.6480165,48.341329],[16.6520143,48.3420401],[16.6551647,48.3426004],[16.6582402,48.3431474],[16.6620224,48.3438201],[16.6658142,48.3444945],[16.6689879,48.3450589],[16.6724349,48.345672],[16.6759888,48.346304],[16.679274,48.3468883],[16.6831649,48.3465904],[16.6871678,48.3462914],[16.6910766,48.346004],[16.6949865,48.3457023],[16.6986122,48.3454226],[16.702432,48.3451279],[16.7064113,48.3448209],[16.7107243,48.3444881],[16.7128637,48.3439542],[16.7131363,48.3438787]]},"properties":{"voltage":"110000","name":"Bockflie\u00df - G\u00e4nserndorf"}},{"type":"Feature","geometry":{"type":"LineString","coordinates":[[16.5044318,48.356268],[16.5051294,48.3593023]]},"properties":{"voltage":"110000","name":"Bisamberg - Eibesbrunn;Eibesbrunn - G\u00e4nserndorf"}},{"type":"Feature","geometry":{"type":"LineString","coordinates":[[16.3780119,48.3573521],[16.377967,48.3571853],[16.3779085,48.3569677],[16.377882,48.356869]]},"properties":{"voltage":"220000","name":""}},{"type":"Feature","geometry":{"type":"LineString","coordinates":[[16.3781907,48.3573345],[16.3781507,48.3571663],[16.3780981,48.3569453],[16.3780749,48.3568476]]},"properties":{"voltage":"220000","name":""}},{"type":"Feature","geometry":{"type":"LineString","coordinates":[[16.3796776,48.3562429],[16.379658,48.3561622],[16.3796359,48.3560716],[16.3796169,48.3559935]]},"properties":{"voltage":"110000","name":""}},{"type":"Feature","geometry":{"type":"LineString","coordinates":[[16.3799173,48.3562167],[16.3798987,48.3561373],[16.3798776,48.3560471],[16.3798601,48.3559727]]},"properties":{"voltage":"110000","name":""}},{"type":"Feature","geometry":{"type":"LineString","coordinates":[[16.9697531,48.7784015],[16.9732533,48.7797289],[16.9770192,48.7811569],[16.9807,48.7825573],[16.9844073,48.7839564],[16.9879532,48.785304],[16.991365,48.7865914],[16.9946077,48.7878196],[16.9978157,48.7890372],[17.0015552,48.7904578],[17.0051242,48.7911671],[17.0085352,48.7918497],[17.0127279,48.7926704],[17.0168696,48.7934951],[17.020002,48.7941389],[17.0220214,48.7945433],[17.0239955,48.7949056],[17.0278824,48.7956879],[17.0318609,48.7964717],[17.0350737,48.7971112],[17.0376524,48.7990163],[17.0399125,48.8006869],[17.0425434,48.8026247],[17.0450573,48.8044683],[17.0475431,48.8063644],[17.0500331,48.8081868],[17.0524813,48.8099939],[17.0546567,48.8116137],[17.0564243,48.8137696],[17.0582877,48.8160158],[17.0601445,48.8182786],[17.0616648,48.8201531],[17.064178,48.8213033],[17.0673614,48.8227663],[17.0703412,48.8241229],[17.0737365,48.8256813],[17.0770573,48.8272132],[17.0803212,48.8287149],[17.0834485,48.8301582],[17.0868085,48.8316937],[17.0900389,48.8331738],[17.0924994,48.8353162],[17.0950737,48.837557],[17.097262,48.8395054],[17.0996646,48.8415997],[17.1020286,48.8436577],[17.1054543,48.8439736],[17.1096216,48.8443748],[17.1137441,48.8437927],[17.1177073,48.8451757]]},"properties":{"voltage":"110000","name":""}},{"type":"Feature","geometry":{"type":"LineString","coordinates":[[15.2704319,48.2177398],[15.270492,48.2177558],[15.2710777,48.2179037]]},"properties":{"voltage":"","name":""}},{"type":"Feature","geometry":{"type":"LineString","coordinates":[[15.2704363,48.2182124],[15.2705074,48.2182149],[15.271011,48.2182268]]},"properties":{"voltage":"","name":""}},{"type":"Feature","geometry":{"type":"LineString","coordinates":[[15.9060142,48.2061029],[15.9048578,48.2070714],[15.9042352,48.208813],[15.9033922,48.2108038]]},"properties":{"voltage":"110000","name":"Pottenbrunn - Neulengbach;Tulln - Neulengbach"}},{"type":"Feature","geometry":{"type":"LineString","coordinates":[[15.7377433,48.2703306],[15.7380812,48.2693455]]},"properties":{"voltage":"380000","name":""}},{"type":"Feature","geometry":{"type":"LineString","coordinates":[[15.7377433,48.2703306],[15.7378368,48.2693289]]},"properties":{"voltage":"380000","name":""}},{"type":"Feature","geometry":{"type":"LineString","coordinates":[[15.7687447,48.033586],[15.7686481,48.0335517],[15.7685782,48.0335268],[15.768359,48.033446]]},"properties":{"voltage":"110000","name":""}},{"type":"Feature","geometry":{"type":"LineString","coordinates":[[15.7688516,48.033461],[15.7687501,48.0334244],[15.7686768,48.033398],[15.76846,48.0333199]]},"properties":{"voltage":"110000","name":""}},{"type":"Feature","geometry":{"type":"LineString","coordinates":[[15.99432,48.3982445],[15.9946447,48.3982186],[15.9991162,48.397974],[16.0036273,48.3977271],[16.0078889,48.396359],[16.0105737,48.3945077],[16.0136778,48.3923757],[16.0163383,48.3905456],[16.0195247,48.3883662],[16.0223449,48.3864309],[16.0253869,48.3843263],[16.0280671,48.3824623],[16.0311905,48.3803337],[16.0339973,48.3784086],[16.0367312,48.3765374],[16.0397615,48.3744326],[16.0427421,48.37237],[16.0459043,48.3702001],[16.0466748,48.3677311],[16.0464238,48.3647787],[16.046208,48.3624332],[16.0459727,48.3594951],[16.0441208,48.3579623],[16.0415903,48.355863],[16.0388487,48.353605],[16.0362228,48.3514339],[16.0337615,48.3493835],[16.0311325,48.3472168],[16.0285223,48.3450542],[16.0263811,48.3432807],[16.0265418,48.3416921],[16.0264476,48.3396414],[16.0265074,48.3368686],[16.0266174,48.3330196],[16.0266824,48.3307449],[16.0267598,48.3280393],[16.0268219,48.3258636],[16.0269044,48.3229756],[16.030739,48.3214088],[16.0337259,48.3201817],[16.0363219,48.3191259],[16.0401073,48.3174423],[16.0397345,48.3148069],[16.0393062,48.3121179],[16.0387456,48.3090964],[16.038259,48.3065509],[16.0361078,48.3042679],[16.0338618,48.3018776],[16.0315874,48.2994569],[16.0298201,48.2975882],[16.0286192,48.2953589]]},"properties":{"voltage":"110000","name":"Tullnerfeld \u2013 Absdorf"}},{"type":"Feature","geometry":{"type":"LineString","coordinates":[[16.4184437,48.1206877],[16.4183765,48.121145]]},"properties":{"voltage":"110000","name":"Ebenfurth - Wien S\u00fcdost"}},{"type":"Feature","geometry":{"type":"LineString","coordinates":[[16.4184437,48.1206877],[16.4185,48.1211454]]},"properties":{"voltage":"110000","name":"Ebreichsdorf - Wien S\u00fcdost"}},{"type":"Feature","geometry":{"type":"LineString","coordinates":[[16.4186868,48.1206855],[16.4186339,48.1211434]]},"properties":{"voltage":"110000","name":"Moosbrunn - Wien S\u00fcdost"}},{"type":"Feature","geometry":{"type":"LineString","coordinates":[[16.4186868,48.1206855],[16.4187543,48.1211438]]},"properties":{"voltage":"110000","name":"Moosbrunn - Wien S\u00fcdost"}},{"type":"Feature","geometry":{"type":"LineString","coordinates":[[16.4625602,48.0278505],[16.4619758,48.0282619]]},"properties":{"voltage":"110000","name":"Moosbrunn - Wien S\u00fcdost"}},{"type":"Feature","geometry":{"type":"LineString","coordinates":[[16.462367,48.0276834],[16.4619758,48.0282619]]},"properties":{"voltage":"110000","name":"Moosbrunn - Wien S\u00fcdost"}},{"type":"Feature","geometry":{"type":"LineString","coordinates":[[16.4210984,48.2722504],[16.421895,48.2724298],[16.4254387,48.2732849],[16.4264799,48.2762902],[16.427505,48.2792437],[16.4285553,48.2822704],[16.4296025,48.2852918],[16.4296669,48.2879883],[16.4297231,48.290868],[16.4307654,48.2939644],[16.4315266,48.2962744],[16.4317725,48.2970132],[16.4329126,48.3002153],[16.4341901,48.3038101],[16.435386,48.3071697],[16.4365267,48.3103666],[16.4351839,48.3138615],[16.4338791,48.3172574],[16.4325882,48.3206171],[16.4312697,48.3240484],[16.4299191,48.3275127]]},"properties":{"voltage":"110000","name":"Gerasdorf - Leopoldau"}},{"type":"Feature","geometry":{"type":"LineString","coordinates":[[16.3800924,48.3559501],[16.3801082,48.3560209],[16.380129,48.3561135],[16.3801464,48.3561916]]},"properties":{"voltage":"110000","name":""}},{"type":"Feature","geometry":{"type":"LineString","coordinates":[[16.3803368,48.3559229],[16.3803531,48.3559939],[16.3803748,48.3560881],[16.3803923,48.3561646]]},"properties":{"voltage":"110000","name":""}},{"type":"Feature","geometry":{"type":"LineString","coordinates":[[16.5044318,48.356268],[16.5089356,48.3557983],[16.5135634,48.3553157],[16.5182256,48.3548295],[16.5225595,48.3543776],[16.5268909,48.3539259],[16.5315388,48.3534412],[16.5361604,48.3529592],[16.5402206,48.3525358],[16.5445993,48.3520791],[16.5491377,48.3516058],[16.5537813,48.3511215],[16.5583812,48.3506418],[16.5628983,48.3501707],[16.5674928,48.3496915],[16.5721582,48.349205],[16.5768664,48.3487139],[16.5816203,48.3482181],[16.5862108,48.3477393],[16.5907524,48.3472657],[16.5952184,48.3467999],[16.5995897,48.3477397],[16.6039753,48.3486702],[16.6083622,48.3496011],[16.6125962,48.3504994],[16.6167503,48.3513808],[16.6211407,48.3523123],[16.6248602,48.3530986],[16.6282998,48.3526884],[16.6326264,48.352171],[16.6369313,48.3516591],[16.6409492,48.3511799],[16.6448969,48.3507091],[16.6496415,48.3501433],[16.6543079,48.3495868],[16.6589676,48.3490311],[16.662975,48.3485532],[16.6667711,48.3481004],[16.6702435,48.3478335],[16.6748396,48.3474801],[16.679148,48.3471489],[16.6835299,48.3468564],[16.6878233,48.3464694],[16.691969,48.3461482]]},"properties":{"voltage":"110000","name":"Eibesbrunn - G\u00e4nserndorf;Bisamberg - Sch\u00f6nkirchen"}},{"type":"Feature","geometry":{"type":"LineString","coordinates":[[16.3774037,48.3614479],[16.3813676,48.3614181],[16.3857074,48.3602317],[16.3901922,48.3590048],[16.3948196,48.3583754],[16.3994733,48.3577275],[16.4017821,48.3585139],[16.4055521,48.359798],[16.4096853,48.3612058],[16.4136939,48.3625711],[16.4179391,48.364017],[16.4218262,48.3653409],[16.4259575,48.3667479],[16.430081,48.3658903],[16.4344801,48.365011],[16.4388333,48.364181],[16.44319,48.3633055],[16.4475101,48.3624587],[16.4518358,48.36164],[16.4562481,48.3607642],[16.4603086,48.3599614],[16.4650035,48.3597809],[16.4691719,48.3596207],[16.4739757,48.359436],[16.4784116,48.3592655],[16.4829689,48.3590903],[16.4874545,48.3585005],[16.4919566,48.3579085],[16.4961413,48.3573582],[16.4999372,48.356859],[16.5044318,48.356268]]},"properties":{"voltage":"110000","name":"Bisamberg - Eibesbrunn;Bisamberg - Sch\u00f6nkirchen"}},{"type":"Feature","geometry":{"type":"LineString","coordinates":[[16.3768466,48.3577058],[16.3770488,48.3575757],[16.3772156,48.3574684],[16.3773312,48.357394]]},"properties":{"voltage":"220000","name":""}},{"type":"Feature","geometry":{"type":"LineString","coordinates":[[16.3767122,48.3576153],[16.3769183,48.3574818],[16.3770813,48.3573762],[16.3771975,48.357301]]},"properties":{"voltage":"220000","name":""}},{"type":"Feature","geometry":{"type":"LineString","coordinates":[[16.3765765,48.3575238],[16.3767838,48.3573906],[16.3769483,48.3572849],[16.3770658,48.3572094]]},"properties":{"voltage":"220000","name":""}},{"type":"Feature","geometry":{"type":"LineString","coordinates":[[16.3764568,48.357427],[16.3766563,48.3573006],[16.3768201,48.3571969],[16.3769393,48.3571214]]},"properties":{"voltage":"220000","name":""}},{"type":"Feature","geometry":{"type":"LineString","coordinates":[[16.3232822,48.3577507],[16.3163784,48.3636789],[16.3163716,48.3636814]]},"properties":{"voltage":"110000","name":"Korneuburg - Stockerau"}},{"type":"Feature","geometry":{"type":"LineString","coordinates":[[16.379135,48.3560508],[16.3791521,48.3561212],[16.3791743,48.3562122],[16.3791947,48.3562959]]},"properties":{"voltage":"110000","name":""}},{"type":"Feature","geometry":{"type":"LineString","coordinates":[[16.3788956,48.356071],[16.3789117,48.3561439],[16.3789324,48.3562372],[16.3789512,48.3563225]]},"properties":{"voltage":"110000","name":""}},{"type":"Feature","geometry":{"type":"LineString","coordinates":[[16.3786317,48.3565324],[16.3784896,48.3565467],[16.3784413,48.3565966],[16.3787404,48.3579083],[16.3786264,48.3580358],[16.378385,48.3580607],[16.3783005,48.3580696],[16.378271,48.3581124],[16.378279,48.3581712]]},"properties":{"voltage":"110000","name":""}},{"type":"Feature","geometry":{"type":"LineString","coordinates":[[16.3782907,48.3556973],[16.3783074,48.3557581],[16.3783499,48.3559133],[16.3783704,48.3559881],[16.3784523,48.3562868],[16.3784764,48.3563746]]},"properties":{"voltage":"110000","name":""}},{"type":"Feature","geometry":{"type":"LineString","coordinates":[[15.1332762,48.115076],[15.1338342,48.1120938],[15.1340281,48.111007]]},"properties":{"voltage":"110000","name":"Amstetten - Erlauf"}},{"type":"Feature","geometry":{"type":"LineString","coordinates":[[15.0471268,48.1473793],[15.0470865,48.148253]]},"properties":{"voltage":"220000","name":"Ybbsfeld - Bisamberg"}},{"type":"Feature","geometry":{"type":"LineString","coordinates":[[15.0472822,48.1474399],[15.0470865,48.148253]]},"properties":{"voltage":"220000","name":"Ybbsfeld - Bisamberg"}},{"type":"Feature","geometry":{"type":"LineString","coordinates":[[15.0461098,48.1469825],[15.045035,48.1474636]]},"properties":{"voltage":"220000","name":""}},{"type":"Feature","geometry":{"type":"LineString","coordinates":[[15.0459447,48.1469181],[15.045035,48.1474636]]},"properties":{"voltage":"220000","name":""}},{"type":"Feature","geometry":{"type":"LineString","coordinates":[[15.0462768,48.1470477],[15.0460905,48.1478409]]},"properties":{"voltage":"220000","name":""}},{"type":"Feature","geometry":{"type":"LineString","coordinates":[[15.0464348,48.1471093],[15.0460905,48.1478409]]},"properties":{"voltage":"220000","name":""}},{"type":"Feature","geometry":{"type":"LineString","coordinates":[[15.0469544,48.147312],[15.0460905,48.1478409]]},"properties":{"voltage":"220000","name":""}},{"type":"Feature","geometry":{"type":"LineString","coordinates":[[16.2378772,48.1999251],[16.2388254,48.2008666],[16.2425362,48.2020651],[16.2443577,48.2018514],[16.246274,48.2017762],[16.2480351,48.2020787],[16.2490972,48.201995],[16.2506329,48.2017326],[16.2526029,48.2009678],[16.2537951,48.2003729],[16.2549554,48.1997927],[16.2562399,48.199124],[16.2573066,48.1986533],[16.2583382,48.1983133],[16.2597457,48.1979983],[16.2620522,48.1979092],[16.2632536,48.1974088],[16.2648675,48.1968653],[16.2668158,48.1964224],[16.2688369,48.195922],[16.2708134,48.1956012]]},"properties":{"voltage":"55000","name":"Auhof - H\u00fctteldorf"}},{"type":"Feature","geometry":{"type":"LineString","coordinates":[[16.2378772,48.1999251],[16.2374263,48.1995722],[16.2367174,48.1996007]]},"properties":{"voltage":"55000","name":"Auhof - H\u00fctteldorf"}},{"type":"Feature","geometry":{"type":"LineString","coordinates":[[15.2292202,48.2388791],[15.2275769,48.2365005],[15.2249398,48.2345774],[15.2223342,48.2326611],[15.2194099,48.2305161],[15.2167382,48.228568],[15.2152608,48.2266094],[15.2138461,48.2247505],[15.2120715,48.2223889],[15.2100563,48.2197088],[15.2058945,48.2193086],[15.2014403,48.2188957],[15.1970269,48.2184762],[15.1928244,48.2180759],[15.1885556,48.217677],[15.1844319,48.2138163],[15.1828221,48.2123011],[15.1807582,48.2103584],[15.1782762,48.2080434],[15.1777827,48.205527],[15.1772317,48.2027252],[15.1785002,48.2009841],[15.1795983,48.199477],[15.1799558,48.1965599],[15.1802884,48.1938559],[15.1805627,48.1916816],[15.1808918,48.1890741],[15.1812332,48.1862491]]},"properties":{"voltage":"110000","name":""}},{"type":"Feature","geometry":{"type":"LineString","coordinates":[[15.2650653,48.2171714],[15.2660945,48.2172716],[15.2668715,48.217352],[15.2676618,48.2174338],[15.2684413,48.2175029]]},"properties":{"voltage":"110000","name":"Bergern - Erlauf;Bergern - Am Schuss"}},{"type":"Feature","geometry":{"type":"LineString","coordinates":[[16.4299191,48.3275127],[16.430058,48.3275741]]},"properties":{"voltage":"110000","name":""}},{"type":"Feature","geometry":{"type":"LineString","coordinates":[[16.4299191,48.3275127],[16.4301457,48.3275548]]},"properties":{"voltage":"110000","name":""}},{"type":"Feature","geometry":{"type":"LineString","coordinates":[[16.4299191,48.3275127],[16.4301553,48.3275449]]},"properties":{"voltage":"110000","name":""}},{"type":"Feature","geometry":{"type":"LineString","coordinates":[[16.6965057,48.0321454],[16.6965067,48.0322302],[16.6965108,48.0325646],[16.696512,48.0326661],[16.6965137,48.0328045]]},"properties":{"voltage":"380000","name":""}},{"type":"Feature","geometry":{"type":"LineString","coordinates":[[16.6952881,48.0321456],[16.69529,48.0322338],[16.6952972,48.03256],[16.6952996,48.0326697],[16.6953027,48.0328089]]},"properties":{"voltage":"380000","name":""}},{"type":"Feature","geometry":{"type":"LineString","coordinates":[[16.6967525,48.032142],[16.6967529,48.0322295],[16.6967542,48.0325601],[16.6967546,48.0326654],[16.6967551,48.0328036]]},"properties":{"voltage":"380000","name":""}},{"type":"Feature","geometry":{"type":"LineString","coordinates":[[16.6950452,48.0329268],[16.6950463,48.0328099],[16.6950477,48.0326704],[16.6950487,48.0325637],[16.6950519,48.0322345]]},"properties":{"voltage":"380000","name":""}},{"type":"Feature","geometry":{"type":"LineString","coordinates":[[16.6948096,48.0321469],[16.6948115,48.0322352],[16.6948187,48.0325664],[16.6948209,48.0326711],[16.6948239,48.0328107]]},"properties":{"voltage":"380000","name":""}},{"type":"Feature","geometry":{"type":"LineString","coordinates":[[16.6194006,48.5347933],[16.6200948,48.5376898],[16.6208022,48.5407215],[16.6214511,48.5434775],[16.6246564,48.5451438],[16.6278201,48.5467884],[16.6301934,48.5480221],[16.6332849,48.549629],[16.6365987,48.5513515],[16.639868,48.5530508],[16.64398,48.5530502],[16.648361,48.5530988],[16.6525947,48.5530865],[16.6572509,48.5530363],[16.6613163,48.554167],[16.6650477,48.5551584],[16.6682912,48.5571162],[16.6715197,48.5590651],[16.6742147,48.5611965],[16.6769733,48.5633719],[16.6791902,48.5651215],[16.6816652,48.5670743],[16.6842455,48.5691117],[16.6869773,48.5712686],[16.6896935,48.5734089],[16.6919999,48.5752261],[16.6950859,48.5776585],[16.6975913,48.5796367],[16.6997705,48.5813572],[16.7042978,48.5819284],[16.7090646,48.5825325],[16.7130698,48.5830387],[16.7173544,48.5835819],[16.720239,48.5839442],[16.7244062,48.5844708],[16.7285843,48.5849996],[16.7332616,48.5855875],[16.7364082,48.585986],[16.7405111,48.586502],[16.7443374,48.5869873],[16.7460009,48.5877703],[16.7468093,48.5881508],[16.7496496,48.5894869],[16.7527418,48.5909364],[16.7559585,48.5924523],[16.7585924,48.5924041],[16.7615456,48.5923505],[16.7656809,48.5922765],[16.7684364,48.592227],[16.7724426,48.5922148],[16.7766878,48.5922062],[16.7805676,48.5921957],[16.7843018,48.592313],[16.7889913,48.5924619],[16.7935561,48.5926072],[16.7985561,48.5927644],[16.8016025,48.5940352]]},"properties":{"voltage":"110000","name":"Mistelbach - Neusiedl an der Zaya;Eibesbrunn - Neusiedl an der Zaya"}},{"type":"Feature","geometry":{"type":"LineString","coordinates":[[15.2684413,48.2175029],[15.2690459,48.217576],[15.2692435,48.2176004]]},"properties":{"voltage":"110000","name":"Bergern - Am Schuss"}},{"type":"Feature","geometry":{"type":"LineString","coordinates":[[15.269317,48.2173994],[15.269343,48.2176538]]},"properties":{"voltage":"110000","name":"Bergern - Erlauf"}},{"type":"Feature","geometry":{"type":"LineString","coordinates":[[15.269317,48.2173994],[15.2694394,48.2176631]]},"properties":{"voltage":"110000","name":"Bergern - Erlauf"}},{"type":"Feature","geometry":{"type":"LineString","coordinates":[[15.2684413,48.2175029],[15.2691591,48.2175483],[15.269254,48.2175548]]},"properties":{"voltage":"110000","name":"Bergern - Erlauf"}},{"type":"Feature","geometry":{"type":"LineString","coordinates":[[15.2696821,48.217435],[15.2696371,48.2176822]]},"properties":{"voltage":"110000","name":"Bergern - Pottenbrunn"}},{"type":"Feature","geometry":{"type":"LineString","coordinates":[[15.2696821,48.217435],[15.2695468,48.2176735]]},"properties":{"voltage":"110000","name":"Bergern - St. P\u00f6lten"}},{"type":"Feature","geometry":{"type":"LineString","coordinates":[[16.1306101,48.1653591],[16.1261993,48.1647661],[16.1226774,48.1642927],[16.1189522,48.163787],[16.1153659,48.1633205],[16.1115208,48.1627996],[16.1079562,48.162323],[16.104807,48.1618929],[16.1015678,48.1606808],[16.0978962,48.1593063],[16.0947237,48.1581224],[16.0913396,48.1567851],[16.0884604,48.1557321],[16.0855262,48.154664],[16.0822388,48.1534601],[16.0780564,48.1544433],[16.0748994,48.1552125],[16.072434,48.1571481],[16.0702916,48.1588233],[16.0676106,48.1609261],[16.0654162,48.1626593],[16.0632953,48.1643096],[16.0610604,48.1660581],[16.0590781,48.167608],[16.0564339,48.1694288],[16.053951,48.1712182],[16.051477,48.1728469],[16.0484923,48.1748774],[16.0451149,48.1749966],[16.0437655,48.1761003],[16.0408742,48.1761042],[16.0399384,48.1777199],[16.0388502,48.1795693],[16.038008,48.1809932]]},"properties":{"voltage":"110000","name":"Auhof \u2013 Tullnerfeld"}},{"type":"Feature","geometry":{"type":"LineString","coordinates":[[16.6469155,48.1195311],[16.6502607,48.1155389],[16.6528014,48.1137206],[16.6558037,48.1115131],[16.6583374,48.1096633],[16.6602078,48.107322],[16.6622184,48.1048517],[16.6643459,48.1022507],[16.6663987,48.0997113],[16.6685187,48.0970807],[16.669759,48.0951836],[16.6710953,48.0931131],[16.6723543,48.0911963],[16.6739391,48.0887626],[16.675567,48.0862553],[16.6773647,48.0834938],[16.678914,48.0811087],[16.6805928,48.0785306],[16.6822111,48.0757396]]},"properties":{"voltage":"380000","name":"Bisamberg - Sarasdorf"}},{"type":"Feature","geometry":{"type":"LineString","coordinates":[[16.6822111,48.0757396],[16.6811642,48.0739284],[16.6799267,48.0717763],[16.6782149,48.0687549],[16.6765057,48.0657512],[16.678661,48.0631375],[16.6807779,48.0605817],[16.6825938,48.058371],[16.6842789,48.0563329],[16.6866552,48.0534628],[16.688452,48.0512752],[16.6901277,48.0492485],[16.6908545,48.0467342],[16.6917153,48.0437488],[16.6925319,48.0409204],[16.6933392,48.0381392],[16.6940764,48.0356333],[16.6946918,48.0334662]]},"properties":{"voltage":"380000","name":"Bisamberg - Sarasdorf;Bisamberg - Wien-S\u00fcdost"}},{"type":"Feature","geometry":{"type":"LineString","coordinates":[[14.8341379,48.012423],[14.8366028,48.010681],[14.8403418,48.0100688],[14.8434323,48.0095661],[14.8470209,48.0089768],[14.8503006,48.0084475],[14.8536258,48.007908],[14.8560335,48.0065249],[14.8585108,48.0051284],[14.8610692,48.0036739],[14.8635175,48.002296],[14.8659261,48.0009308],[14.8710795,48.0017076],[14.8748141,48.0022748],[14.8786974,48.0028407],[14.8826212,48.0034405],[14.885378,48.0038582],[14.889576,48.0044786],[14.8937155,48.0051046],[14.8980807,48.0057587],[14.9015273,48.0060945],[14.9052807,48.0062421],[14.9090639,48.0063908],[14.9135909,48.0065642],[14.9182754,48.0067527],[14.9222384,48.006902],[14.9263475,48.0070626],[14.9297215,48.0075414],[14.9328621,48.0079905],[14.9362005,48.008463],[14.9394553,48.0089267],[14.9428919,48.0094113],[14.9472148,48.0100277],[14.951425,48.0106263],[14.9546286,48.0110798],[14.9576023,48.011501],[14.960567,48.0119264],[14.9634235,48.0109517],[14.9661409,48.0100114],[14.9695663,48.008842],[14.9729845,48.0076761],[14.9764484,48.0082413],[14.979889,48.0088027],[14.9829613,48.0093039],[14.9859449,48.0082043],[14.9889193,48.0070952],[14.9916441,48.0061024],[14.9947803,48.0049457],[14.9974731,48.0039228],[15.000826,48.0027062],[15.0030811,48.0010322],[15.0055645,47.9992074],[15.0083747,47.9971434],[15.0107262,47.9959916],[15.0140654,47.9943716],[15.017204,47.992826],[15.0202126,47.9913764],[15.0231327,47.990956],[15.0232558,47.991035]]},"properties":{"voltage":"110000","name":"Amstetten - Gresten"}},{"type":"Feature","geometry":{"type":"LineString","coordinates":[[16.3406695,48.1362973],[16.3405211,48.1363343],[16.3412827,48.1445119],[16.3423093,48.1468048],[16.3425136,48.1469194],[16.3432981,48.1487553],[16.3429785,48.1491161],[16.3397706,48.1495062],[16.3390571,48.1500144],[16.339041,48.1503723],[16.3394648,48.1507159],[16.3394439,48.1534669],[16.3388237,48.1552324],[16.3376945,48.1569931],[16.3359425,48.1600995],[16.3348997,48.1613659],[16.3337785,48.1625396],[16.3322255,48.1637526],[16.3313196,48.1648306]]},"properties":{"voltage":"380000","name":"Wien S\u00fcdost - Wien S\u00fcd"}},{"type":"Feature","geometry":{"type":"LineString","coordinates":[[16.3310762,48.1652834],[16.3271654,48.1723923],[16.3263585,48.1730608],[16.3118703,48.2047724]]},"properties":{"voltage":"380000","name":"Wien S\u00fcd - Wien Kendlerstra\u00dfe"}},{"type":"Feature","geometry":{"type":"LineString","coordinates":[[16.4896018,48.3432124],[16.4933254,48.3427695],[16.4967722,48.3423594],[16.499999,48.3419756],[16.5031023,48.3416064],[16.506628,48.341187],[16.5104887,48.3407277],[16.5142558,48.3402796],[16.5160795,48.3376566],[16.5176781,48.3353434],[16.5189761,48.3334816],[16.5206875,48.3310074],[16.5223494,48.3286273],[16.5256485,48.3280769],[16.5284844,48.3276037],[16.5324264,48.326946],[16.5355473,48.3264253],[16.5386723,48.3259039],[16.541836,48.325376],[16.5448531,48.3248726],[16.5486611,48.3260726],[16.552145,48.3271703],[16.5553183,48.3281702],[16.5589605,48.3293178],[16.5619661,48.3302649],[16.5648945,48.3311876],[16.567815,48.3321077],[16.5707394,48.3330291],[16.5743414,48.3333566],[16.5780704,48.3336957],[16.5817515,48.3340304],[16.5855405,48.3343749],[16.5888933,48.3346797],[16.5925148,48.335009],[16.5964944,48.3353709],[16.6006412,48.3357479],[16.604359,48.3360859],[16.607826,48.3364011],[16.6118636,48.3367682],[16.614994,48.3370528],[16.6186445,48.3373847],[16.621573,48.337651],[16.6248085,48.3379379],[16.6252634,48.3382083]]},"properties":{"voltage":"110000","name":"Eibesbrunn - Bockflie\u00df"}},{"type":"Feature","geometry":{"type":"LineString","coordinates":[[16.6282177,48.6554905],[16.6238749,48.6554839],[16.6201939,48.6556465],[16.6165586,48.6558123],[16.6129517,48.6559727],[16.6089767,48.6561507],[16.6046036,48.6563503],[16.6002879,48.6565413],[16.5963473,48.6567184],[16.5926494,48.6577742],[16.5884479,48.6589749],[16.584327,48.6601473],[16.5802059,48.6613291],[16.5762604,48.6624554],[16.5725167,48.6635208],[16.569548,48.6649812],[16.5657227,48.6668425],[16.5623857,48.6684665],[16.5587952,48.670217],[16.5553711,48.6718954],[16.5525418,48.6732765],[16.5502769,48.6743847],[16.5464826,48.6762335],[16.5431825,48.677847],[16.5398229,48.6787399],[16.5363623,48.6796621],[16.532302,48.6807436],[16.5284571,48.6817657],[16.524944,48.6827],[16.5219108,48.6835065],[16.5180872,48.6845307],[16.5135767,48.6857275],[16.510132,48.6866389],[16.5065281,48.6874869],[16.5026101,48.6884027],[16.4989264,48.689261],[16.4945565,48.6902816],[16.4904469,48.6912433],[16.4864113,48.6921852],[16.4822985,48.6931481],[16.4782856,48.6940826],[16.47397,48.69509],[16.4702717,48.6959817],[16.4656804,48.6970909],[16.4615876,48.6980754],[16.4573733,48.6990924],[16.4542547,48.6998419],[16.4507339,48.7006887],[16.4465884,48.7016869],[16.442232,48.7027367],[16.4381391,48.7037203],[16.43488,48.7039948],[16.4319913,48.7042379],[16.4281222,48.7045636],[16.4237595,48.7049296],[16.42031,48.7052208],[16.4165393,48.7055394],[16.4125098,48.705874],[16.4076675,48.7062152],[16.4028838,48.7065633],[16.3981519,48.7068988],[16.394201,48.7071772],[16.3900838,48.7074741],[16.3856971,48.7077856],[16.3851085,48.7099194],[16.384446,48.712321],[16.3838836,48.7143599],[16.3837803,48.7147355]]},"properties":{"voltage":"110000","name":"Laa - Poysdorf"}},{"type":"Feature","geometry":{"type":"LineString","coordinates":[[16.6954187,48.0309966],[16.69686,48.0314115]]},"properties":{"voltage":"380000","name":""}},{"type":"Feature","geometry":{"type":"LineString","coordinates":[[16.0496797,48.697641],[16.0480514,48.6971811]]},"properties":{"voltage":"110000","name":"Peigarten - Eggenburg"}},{"type":"Feature","geometry":{"type":"LineString","coordinates":[[16.4896018,48.3432124],[16.4905496,48.3443881],[16.4922088,48.3464943],[16.4941113,48.3488525],[16.4958875,48.3511048],[16.4980187,48.3537281],[16.4997197,48.3558695],[16.5026219,48.3582993],[16.5040052,48.3603514]]},"properties":{"voltage":"110000","name":"Bisamberg - Mistelbach;Eibesbrunn - Bockflie\u00df"}},{"type":"Feature","geometry":{"type":"LineString","coordinates":[[16.2357976,48.2006526],[16.2353082,48.200799]]},"properties":{"voltage":"110000","name":""}},{"type":"Feature","geometry":{"type":"LineString","coordinates":[[16.2358386,48.2007569],[16.2353082,48.200799]]},"properties":{"voltage":"110000","name":""}},{"type":"Feature","geometry":{"type":"LineString","coordinates":[[16.7859595,48.0478357],[16.7863292,48.0476607]]},"properties":{"voltage":"110000","name":""}},{"type":"Feature","geometry":{"type":"LineString","coordinates":[[16.839153,48.0804392],[16.8379748,48.0809806]]},"properties":{"voltage":"110000","name":""}},{"type":"Feature","geometry":{"type":"LineString","coordinates":[[15.9937219,48.3984694],[15.99396,48.3988039]]},"properties":{"voltage":"110000","name":""}},{"type":"Feature","geometry":{"type":"LineString","coordinates":[[15.9940257,48.3984577],[15.99396,48.3988039]]},"properties":{"voltage":"110000","name":""}},{"type":"Feature","geometry":{"type":"LineString","coordinates":[[15.755156,48.3582816],[15.7553233,48.3574515],[15.7570408,48.3570771]]},"properties":{"voltage":"110000","name":""}},{"type":"Feature","geometry":{"type":"LineString","coordinates":[[15.8829553,48.3285135],[15.8836701,48.3284793],[15.8839071,48.3284679],[15.8841354,48.3284569],[15.884399,48.3284444],[15.8848736,48.3284216],[15.8850964,48.328411],[15.885367,48.328398],[15.8856119,48.3283863],[15.8858475,48.328375],[15.8860846,48.3283637],[15.8863452,48.3283512],[15.8864743,48.328345]]},"properties":{"voltage":"380000","name":""}},{"type":"Feature","geometry":{"type":"LineString","coordinates":[[15.8829267,48.328206],[15.8836398,48.3281759],[15.8838796,48.3281657],[15.8841073,48.3281561],[15.8843647,48.3281453],[15.8848439,48.328125],[15.8850647,48.3281154],[15.8853383,48.3281039],[15.8855835,48.3280937],[15.8858202,48.3280837],[15.8863338,48.328062],[15.8864406,48.3280575]]},"properties":{"voltage":"380000","name":""}},{"type":"Feature","geometry":{"type":"LineString","coordinates":[[15.8829475,48.3283599],[15.8828719,48.3283633],[15.8815721,48.3284213],[15.8814382,48.3284273]]},"properties":{"voltage":"380000","name":""}},{"type":"Feature","geometry":{"type":"LineString","coordinates":[[15.8841291,48.3293921],[15.8842285,48.3293877],[15.8851065,48.3293494],[15.8862914,48.3292964],[15.8864934,48.3292878],[15.8871237,48.3292609],[15.8873027,48.3292533],[15.8874672,48.3292463]]},"properties":{"voltage":"220000","name":""}},{"type":"Feature","geometry":{"type":"LineString","coordinates":[[15.8864071,48.3303654],[15.8863644,48.3299705],[15.8863509,48.3298457],[15.8863344,48.3296932],[15.8862914,48.3292964]]},"properties":{"voltage":"220000","name":""}},{"type":"Feature","geometry":{"type":"LineString","coordinates":[[15.8849135,48.3288203],[15.8848736,48.3284216],[15.8848588,48.3282736],[15.8848439,48.328125],[15.8847979,48.3276647]]},"properties":{"voltage":"380000","name":""}},{"type":"Feature","geometry":{"type":"LineString","coordinates":[[15.8838715,48.3304829],[15.8839906,48.3304774],[15.8841921,48.3304681],[15.885418,48.3304115],[15.8856074,48.3304027],[15.8858138,48.3303932],[15.8859979,48.3303847],[15.8864071,48.3303654],[15.8868253,48.3303465],[15.8870423,48.3303365],[15.8871619,48.3303309]]},"properties":{"voltage":"220000","name":""}},{"type":"Feature","geometry":{"type":"LineString","coordinates":[[16.864494,48.9821685],[16.8646465,48.982091],[16.864932,48.9819556],[16.8656931,48.9816968],[16.8705254,48.9812665],[16.8731937,48.9810504],[16.8761433,48.9807922],[16.8794085,48.9804848],[16.8823043,48.9802213],[16.8857595,48.9799209],[16.8900152,48.9795473],[16.8937012,48.9792174],[16.897656,48.9788056],[16.901952,48.9784777],[16.9049497,48.9789422],[16.90836,48.9794739],[16.9120163,48.9800303],[16.9147301,48.9804477],[16.9181517,48.9809793],[16.9209069,48.9818829],[16.924269,48.9829688],[16.928112,48.9842133],[16.9312268,48.985237],[16.9350107,48.9864702],[16.9378262,48.9874171],[16.941498,48.9875841],[16.9455527,48.9877675],[16.9489395,48.9879233],[16.9533831,48.9881369],[16.9567214,48.9882934],[16.9609662,48.9884893],[16.9652431,48.9886895],[16.9691827,48.9888652],[16.9734757,48.9890794],[16.9779185,48.9892761],[16.982099,48.9894974],[16.9863866,48.9896906],[16.9895348,48.9898261],[16.9941098,48.9900405],[16.9972099,48.9901964],[17.000968,48.9903716],[17.0049072,48.9905687],[17.0091894,48.9907549],[17.0134235,48.9909586],[17.0166673,48.9911061],[17.0209602,48.9913133],[17.025114,48.9915135],[17.0280152,48.992079],[17.0318103,48.9928377],[17.0358579,48.9936342],[17.0399305,48.9944357],[17.0422589,48.9948818],[17.0463431,48.995686],[17.0490195,48.9962128],[17.0525577,48.9969117],[17.0568185,48.9977616],[17.0601694,48.9984183],[17.0633864,48.9990575],[17.0676579,48.9999038],[17.0713246,48.9996053],[17.0756175,48.9992998],[17.0785455,48.9990996],[17.0827922,48.998808],[17.0853043,48.9986379],[17.088499,48.9983758],[17.0914415,48.998249],[17.0940778,48.9979746],[17.0973391,48.9977557],[17.0997922,48.9975861],[17.1031475,48.9973209],[17.1065263,48.997065],[17.1101448,48.9968245],[17.1141534,48.9965347],[17.1173348,48.9962942],[17.1204153,48.9964821],[17.1243984,48.9967491],[17.1267221,48.9969048],[17.1308762,48.9971795],[17.1351001,48.9974718],[17.1379714,48.9976784],[17.1398636,49.0005334],[17.1409755,49.002197],[17.1423631,49.0042999],[17.1416071,49.0053158],[17.1407043,49.0052701],[17.1399529,49.0052042]]},"properties":{"voltage":"110000","name":""}},{"type":"Feature","geometry":{"type":"LineString","coordinates":[[15.6871813,48.2200929],[15.6866938,48.2204634]]},"properties":{"voltage":"110000","name":""}},{"type":"Feature","geometry":{"type":"LineString","coordinates":[[15.6867369,48.2199618],[15.6866938,48.2204634]]},"properties":{"voltage":"110000","name":""}},{"type":"Feature","geometry":{"type":"LineString","coordinates":[[16.4281961,48.1345155],[16.4306424,48.1362788],[16.4334423,48.1382959],[16.4337088,48.1391762]]},"properties":{"voltage":"110000","name":"Simmering \u2013 Kledering;G\u00f6tzendorf \u2013 Kledering"}},{"type":"Feature","geometry":{"type":"LineString","coordinates":[[16.0711429,48.5584724],[16.0713048,48.5592194]]},"properties":{"voltage":"110000","name":"Stockerau - Hollabrunn"}},{"type":"Feature","geometry":{"type":"LineString","coordinates":[[16.3836623,48.7147406],[16.3838836,48.7143599]]},"properties":{"voltage":"","name":""}},{"type":"Feature","geometry":{"type":"LineString","coordinates":[[16.0705017,48.5585667],[16.070929,48.5592679]]},"properties":{"voltage":"110000","name":"Hollabrunn - Peigarten;Hollabrunn - Laa"}},{"type":"Feature","geometry":{"type":"LineString","coordinates":[[16.0705017,48.5585667],[16.0710932,48.5592467]]},"properties":{"voltage":"110000","name":"Hollabrunn - Peigarten;Hollabrunn - Laa"}},{"type":"Feature","geometry":{"type":"LineString","coordinates":[[16.3834647,48.7143621],[16.3840329,48.7123016],[16.3846998,48.7098834],[16.3852893,48.7077455],[16.3804807,48.708004],[16.3765198,48.708217],[16.3718102,48.7084702],[16.3672321,48.7087163],[16.3627,48.70896],[16.3582385,48.7092817],[16.3536109,48.7096153],[16.349922,48.7098812],[16.3452149,48.7102206],[16.3405127,48.7105087],[16.3358197,48.7108009],[16.331102,48.7110922],[16.3269681,48.7113499],[16.3224752,48.7116286],[16.3177513,48.7119211],[16.313023,48.712214],[16.3087148,48.7112715],[16.3043919,48.7103256],[16.3013806,48.7096668],[16.2988298,48.7091087],[16.2957422,48.7084331],[16.2919093,48.7075945],[16.287396,48.706607],[16.2841115,48.7089091]]},"properties":{"voltage":"110000","name":"Laa - Pernhofen"}},{"type":"Feature","geometry":{"type":"LineString","coordinates":[[16.0711429,48.5584724],[16.0714481,48.5592009]]},"properties":{"voltage":"110000","name":"Stockerau - Hollabrunn"}},{"type":"Feature","geometry":{"type":"LineString","coordinates":[[16.3834413,48.7147381],[16.3834647,48.7143621]]},"properties":{"voltage":"","name":""}},{"type":"Feature","geometry":{"type":"LineString","coordinates":[[16.3833222,48.714738],[16.3834647,48.7143621]]},"properties":{"voltage":"","name":""}},{"type":"Feature","geometry":{"type":"LineString","coordinates":[[16.2837903,48.7087833],[16.2841891,48.705902],[16.2804763,48.7050926],[16.2761233,48.7041415],[16.2719724,48.7032342],[16.2684946,48.7024696],[16.2645059,48.7015984],[16.2600675,48.7006245],[16.2566705,48.6998794],[16.2528483,48.6990439],[16.2486543,48.6981238],[16.2444574,48.6972094],[16.2400903,48.6962479],[16.2369144,48.6955519],[16.2329556,48.694687],[16.2294399,48.6939115],[16.2248158,48.6928938],[16.2200284,48.6929985],[16.2152887,48.6930949],[16.2103878,48.6932057],[16.2054747,48.6933002],[16.2018928,48.6933766],[16.1977463,48.6934645],[16.1936899,48.6935445],[16.1895213,48.693632],[16.1854845,48.6937211],[16.181173,48.6938048],[16.1771128,48.6938908],[16.1729553,48.6939737],[16.1688314,48.6940597],[16.164452,48.6941486],[16.1600666,48.6942378],[16.1554443,48.6943329],[16.1507362,48.6944264],[16.1458485,48.6945266],[16.1417984,48.6946076],[16.138531,48.6946742],[16.1354013,48.6947368],[16.1312367,48.6948258],[16.1270089,48.6949069],[16.1228276,48.6949887],[16.1182892,48.6950814],[16.1137541,48.6951709],[16.1098446,48.6952482],[16.1056017,48.6953337],[16.1012779,48.6954202],[16.0970216,48.6955034],[16.0927151,48.6955892],[16.08833,48.6956759],[16.0835789,48.6957585],[16.0788604,48.6958431],[16.0744167,48.6959166],[16.07003,48.69599],[16.06553,48.69607],[16.0609866,48.6961584],[16.0569931,48.6963616],[16.0525664,48.6965728],[16.0506259,48.6973972]]},"properties":{"voltage":"110000","name":"Pernhofen - Peigarten"}},{"type":"Feature","geometry":{"type":"LineString","coordinates":[[15.5458701,48.7763492],[15.5484461,48.7754321],[15.551529,48.7743416],[15.5549621,48.7731389],[15.5591588,48.7716583],[15.5628995,48.7703297],[15.5670572,48.7688553],[15.5710662,48.7674336],[15.5743346,48.7662823],[15.5779924,48.7649816],[15.5818096,48.7636415],[15.5856717,48.7622679],[15.5896547,48.7626222],[15.5936938,48.7629645],[15.5971722,48.7629886],[15.6013187,48.7630174],[15.6047066,48.7608327],[15.607759,48.7588505],[15.6106,48.7570201],[15.614127,48.7547554],[15.6173119,48.7526983],[15.6203643,48.7507218],[15.6239713,48.7483959],[15.6272517,48.7462794],[15.6303724,48.7442662],[15.6337427,48.7420887],[15.6370239,48.7399643],[15.639654,48.7382679],[15.6426144,48.7363623],[15.6460439,48.7341395],[15.6495329,48.7318851],[15.6535723,48.7303109],[15.6576893,48.7287138],[15.6611667,48.7273674],[15.6648024,48.7259514],[15.6691052,48.724272],[15.6727296,48.7228628],[15.6764068,48.7214221],[15.6802277,48.7199474],[15.6842356,48.7183838],[15.6879103,48.7169506],[15.6913336,48.7156127],[15.694955,48.7142063],[15.6987008,48.7134576],[15.702801,48.7126396],[15.7061166,48.7113001],[15.7097536,48.7098236],[15.7129246,48.7085438],[15.7161727,48.7072293],[15.7194253,48.705907],[15.7227876,48.7045456],[15.7256646,48.7033765],[15.7288991,48.7020579],[15.7331317,48.7005026],[15.7370236,48.6990607],[15.7411734,48.6975156],[15.7450753,48.6960748],[15.7493655,48.6944873],[15.7529864,48.6931383],[15.7566812,48.6917721],[15.7607839,48.6902462],[15.7645374,48.6888567],[15.7681393,48.6875695],[15.7721456,48.6861407],[15.776039,48.6847467],[15.7802305,48.6832529],[15.784405,48.6817716],[15.788558,48.6802879],[15.7922935,48.6789524],[15.7958666,48.6776753],[15.7996399,48.6763253],[15.8036556,48.6748861],[15.8071352,48.6736457],[15.8105193,48.6724432],[15.8138539,48.6712531],[15.8176217,48.6699053],[15.8215012,48.6685204],[15.8253399,48.6671453],[15.8290414,48.6658193],[15.8324255,48.6646113]]},"properties":{"voltage":"110000","name":"Eggenburg - Waidhofen an der Thaya"}},{"type":"Feature","geometry":{"type":"LineString","coordinates":[[15.6324793,48.6479132],[15.6321114,48.6478866]]},"properties":{"voltage":"110000","name":"Horn - Waidhofen an der Thaya"}},{"type":"Feature","geometry":{"type":"LineString","coordinates":[[15.6324642,48.6478205],[15.6321114,48.6478866]]},"properties":{"voltage":"110000","name":"Horn - Waidhofen an der Thaya"}},{"type":"Feature","geometry":{"type":"LineString","coordinates":[[16.3750375,48.3560695],[16.3750437,48.3559932],[16.3750567,48.3558337],[16.3750724,48.3556395],[16.3748181,48.355634]]},"properties":{"voltage":"110000","name":""}},{"type":"Feature","geometry":{"type":"LineString","coordinates":[[16.3749022,48.356065],[16.3749077,48.355989],[16.3749193,48.3558294],[16.3749263,48.355733],[16.3748048,48.3557277]]},"properties":{"voltage":"110000","name":""}},{"type":"Feature","geometry":{"type":"LineString","coordinates":[[16.3775701,48.3557719],[16.3775819,48.355822],[16.3776215,48.3559899],[16.3776399,48.3560677]]},"properties":{"voltage":"110000","name":""}},{"type":"Feature","geometry":{"type":"LineString","coordinates":[[16.3774428,48.3557873],[16.3774536,48.3558328],[16.3774942,48.3560033],[16.3775128,48.3560815]]},"properties":{"voltage":"110000","name":""}},{"type":"Feature","geometry":{"type":"LineString","coordinates":[[16.3797861,48.3599908],[16.3781946,48.3594498],[16.3768376,48.3595878],[16.3748633,48.3585999]]},"properties":{"voltage":"380000","name":"Bisamberg - Sarasdorf"}},{"type":"Feature","geometry":{"type":"LineString","coordinates":[[16.691969,48.3461482],[16.6928169,48.3491494]]},"properties":{"voltage":"110000","name":"Bisamberg - Sch\u00f6nkirchen;Sch\u00f6nkirchen - G\u00e4nserndorf"}},{"type":"Feature","geometry":{"type":"LineString","coordinates":[[16.691969,48.3461482],[16.6959883,48.3458397],[16.7002501,48.3455148],[16.7046635,48.3451872],[16.7085927,48.3448851],[16.712551,48.3445807],[16.7131393,48.3441267],[16.7133391,48.3440411]]},"properties":{"voltage":"110000","name":"Eibesbrunn - G\u00e4nserndorf;Sch\u00f6nkirchen - G\u00e4nserndorf"}},{"type":"Feature","geometry":{"type":"LineString","coordinates":[[16.6934724,48.3513151],[16.6928169,48.3491494]]},"properties":{"voltage":"110000","name":""}},{"type":"Feature","geometry":{"type":"LineString","coordinates":[[16.6929741,48.3512659],[16.6928169,48.3491494]]},"properties":{"voltage":"110000","name":""}},{"type":"Feature","geometry":{"type":"LineString","coordinates":[[16.3780906,48.3589745],[16.3774257,48.3590392],[16.377279,48.3590535],[16.3770742,48.3590734],[16.3768634,48.3590939]]},"properties":{"voltage":"380000","name":""}},{"type":"Feature","geometry":{"type":"LineString","coordinates":[[16.3781246,48.3591206],[16.3774651,48.3591893],[16.3773145,48.3592049],[16.3771096,48.3592263],[16.3768995,48.3592481]]},"properties":{"voltage":"380000","name":""}},{"type":"Feature","geometry":{"type":"LineString","coordinates":[[16.2729201,47.9966005],[16.2709163,47.998066],[16.2693474,47.9999939],[16.2589991,47.9976808],[16.2564435,47.997696],[16.2542536,47.998049],[16.2507076,47.9991159],[16.2477621,48.0001787],[16.2479753,48.0004385],[16.2480107,48.0006506],[16.2478414,48.0007375],[16.2475501,48.0008601]]},"properties":{"voltage":"110000","name":"Baden - Enzesfeld;Traiskirchen - Baden"}},{"type":"Feature","geometry":{"type":"LineString","coordinates":[[16.2729201,47.9966005],[16.2748041,47.9988875],[16.276679,48.0011633],[16.2783878,48.0032374],[16.2800872,48.0053],[16.2817638,48.0073348],[16.2834407,48.0093699],[16.2840749,48.009913]]},"properties":{"voltage":"110000","name":"Traiskirchen - Baden;Traiskirchen - Enzesfeld"}},{"type":"Feature","geometry":{"type":"LineString","coordinates":[[16.2843306,48.0097937],[16.2837882,48.0092104],[16.2822653,48.0098357],[16.2774235,48.0074132],[16.2607262,48.0086104],[16.2572906,48.00149],[16.2521046,48.0011173],[16.2480931,48.0010291],[16.2478414,48.0007375],[16.2475501,48.0008601]]},"properties":{"voltage":"110000","name":"Traiskirchen - Baden"}},{"type":"Feature","geometry":{"type":"LineString","coordinates":[[17.0667511,48.6267501],[17.0695505,48.626332],[17.0728778,48.6271669],[17.0764451,48.6280551],[17.0804148,48.629023],[17.0833008,48.6297543],[17.0870988,48.6307107],[17.0904342,48.6315128],[17.094078,48.6324142],[17.0980973,48.6334131],[17.101631,48.6342821],[17.1050917,48.6351475],[17.1080872,48.6358902],[17.1090058,48.638595],[17.1099043,48.6412535],[17.110823,48.6440431],[17.1117108,48.6466341],[17.1125638,48.6492293],[17.1134247,48.6517801],[17.1142348,48.6542165],[17.1145052,48.6549764],[17.1180829,48.6562488],[17.1210288,48.6572782],[17.1231349,48.6559192],[17.1260982,48.6539702],[17.1293195,48.651858],[17.1343647,48.6522408],[17.137342,48.6524393],[17.1412607,48.6526918],[17.1442621,48.6528787],[17.1478965,48.6531276],[17.1511876,48.6533501],[17.1537442,48.6535024],[17.1573947,48.6537567],[17.1620961,48.6533119],[17.1658659,48.6529717],[17.1692469,48.6526289],[17.1722,48.652356],[17.1761952,48.6519812],[17.1802681,48.6516242],[17.1833038,48.6513245],[17.1869924,48.65098],[17.1907736,48.6521767],[17.1944891,48.6533253],[17.1981157,48.6544487],[17.201696,48.6555305],[17.2052804,48.656651],[17.2088391,48.6577867],[17.2123572,48.6588831],[17.2158903,48.6599557],[17.2194683,48.6610868],[17.2230102,48.6621906],[17.2269354,48.6634192],[17.230622,48.6645529],[17.2342872,48.6656968],[17.2380877,48.6668891],[17.2415352,48.6679842],[17.2446689,48.6689345],[17.2479462,48.6699467],[17.2510516,48.6709233],[17.2550316,48.6721663],[17.2584588,48.673237],[17.2622685,48.6744209],[17.2659887,48.6755806],[17.2696328,48.676704],[17.2732949,48.6778589],[17.2769854,48.678988],[17.2807492,48.6801622],[17.2840559,48.6811791],[17.2875965,48.6822798],[17.291075,48.683364],[17.2941452,48.6843104],[17.297361,48.6853071],[17.298954,48.6858349],[17.3025494,48.6858205],[17.3061034,48.6858058],[17.3104118,48.6857903],[17.3137017,48.6857641],[17.3179975,48.6857614],[17.3216075,48.6857322],[17.3250992,48.6857214],[17.3285517,48.6857],[17.3322986,48.6856803],[17.3361372,48.6856766],[17.3398852,48.685654],[17.3437705,48.6856313],[17.348433,48.6856085],[17.3522038,48.6856118]]},"properties":{"voltage":"110000","name":""}},{"type":"Feature","geometry":{"type":"LineString","coordinates":[[17.1247782,48.8399171],[17.1268883,48.8400311],[17.1303555,48.8399275],[17.1327797,48.8398412],[17.1363772,48.839331],[17.1412643,48.8394281],[17.1460915,48.8395058],[17.1508952,48.83958],[17.1556426,48.8396623],[17.1611529,48.8397598],[17.166417,48.8398501],[17.1716004,48.8399369],[17.1767824,48.8400245],[17.1819549,48.8401113],[17.1870104,48.8401972],[17.1918832,48.8402839],[17.1935798,48.8414884],[17.196994,48.8439231],[17.2002901,48.8462772],[17.2035509,48.8485943],[17.2069881,48.8510445],[17.2106349,48.85364],[17.2142977,48.8562348],[17.2191334,48.8567441],[17.2215437,48.8569872],[17.2263194,48.8574651],[17.2314274,48.8579695],[17.2362949,48.8584451],[17.2415425,48.8589561],[17.2443254,48.8592374],[17.2490379,48.8596955],[17.2539379,48.8601788],[17.2591604,48.8606878],[17.2642153,48.8611869],[17.2682394,48.863049],[17.2724404,48.86498],[17.2765361,48.8668692],[17.2786771,48.8678661],[17.2827174,48.8697249],[17.2869419,48.8716641],[17.2910846,48.8735709],[17.2952168,48.8754779],[17.2993609,48.877396],[17.3034831,48.8792974],[17.3078259,48.8812932],[17.3098921,48.8822503],[17.3138862,48.8840864],[17.3176189,48.8858012],[17.3197954,48.8868087],[17.3226324,48.8881145],[17.3247658,48.8890892],[17.3273655,48.8902879],[17.3317015,48.8922798],[17.335595,48.8940745],[17.3397171,48.895971],[17.3437886,48.8978481],[17.3460609,48.9005979],[17.3485301,48.9035675],[17.3509418,48.906479],[17.3534285,48.9094926],[17.3558616,48.9124256],[17.3582885,48.9153544],[17.3607062,48.9182775],[17.3631198,48.9211876],[17.3653352,48.9238642],[17.3670825,48.9259636],[17.3689858,48.9282756],[17.3706887,48.9303161],[17.3729149,48.9329985],[17.3750736,48.935603],[17.3770549,48.9379594],[17.3758684,48.9387784]]},"properties":{"voltage":"110000","name":""}},{"type":"Feature","geometry":{"type":"LineString","coordinates":[[17.1550371,48.8796462],[17.1518916,48.8801181],[17.1489998,48.8795336],[17.1459941,48.8789138],[17.1417226,48.8779933],[17.1380645,48.8772231],[17.1350644,48.8765997],[17.1322372,48.8769517],[17.1295438,48.8772855],[17.1267388,48.8776559],[17.1237527,48.8780235]]},"properties":{"voltage":"110000;22000","name":""}},{"type":"Feature","geometry":{"type":"LineString","coordinates":[[16.8655664,48.9815899],[16.8648632,48.9818899],[16.8645807,48.9820184],[16.8644208,48.9821037]]},"properties":{"voltage":"110000","name":""}},{"type":"Feature","geometry":{"type":"LineString","coordinates":[[17.1601422,48.9989856],[17.1586724,48.9975407],[17.1569486,48.9958559],[17.1550891,48.9940184],[17.1536694,48.9926264],[17.1520491,48.9910454],[17.1505001,48.9895006],[17.1487861,48.9878156],[17.1476251,48.9866717],[17.1458229,48.9849145],[17.1436674,48.9827767],[17.145766,48.9811679],[17.1481203,48.979351],[17.1500122,48.9778971],[17.1519491,48.9764082],[17.1530518,48.9741472],[17.1540861,48.9720526],[17.1551499,48.969903],[17.1562087,48.9677713],[17.1572414,48.9656676],[17.1582819,48.9635253],[17.1593019,48.9614808],[17.1601845,48.9596516],[17.1612067,48.9575826],[17.1622756,48.9553966],[17.1632005,48.9535512],[17.1642392,48.951465],[17.165245,48.949405],[17.166253,48.9473318],[17.1672951,48.9451981],[17.1680173,48.943728],[17.1687306,48.9422802],[17.1697976,48.9401103],[17.1708212,48.9379841],[17.1717877,48.9360234],[17.1728479,48.9338806],[17.1738363,48.9318683],[17.1749032,48.9296903],[17.175847,48.9277675],[17.1768317,48.9257477],[17.177861,48.9236458],[17.1788329,48.9216534],[17.179823,48.9196323],[17.1808659,48.9175204],[17.1818452,48.91552],[17.1828194,48.9135423],[17.1838371,48.9115007],[17.1832595,48.9077978],[17.182917,48.905544],[17.1825736,48.9032951],[17.1821875,48.9010745],[17.1818705,48.8988317],[17.181531,48.8965993],[17.1811687,48.894369],[17.1784581,48.8929754],[17.1757855,48.8916047],[17.1730752,48.8902079],[17.1703934,48.8888319],[17.1677189,48.8874508],[17.1650347,48.8860685],[17.1623878,48.8846979],[17.1596872,48.8833075],[17.1574357,48.8821418],[17.1568538,48.8802734],[17.1562545,48.8782986],[17.1556643,48.8763799],[17.1549815,48.8741611],[17.1543257,48.8719609],[17.1536756,48.8699231],[17.1530935,48.8680277],[17.1524888,48.8660237],[17.1518452,48.8639665],[17.1513448,48.8623299],[17.1502188,48.8586462],[17.1495971,48.8565913],[17.1482816,48.852357],[17.1476896,48.8504499],[17.1471051,48.8485143],[17.146506,48.8466333],[17.1444061,48.8459892],[17.1423086,48.8453507],[17.139152,48.8443984],[17.1363623,48.843549],[17.1337389,48.8427543],[17.1310871,48.8419489],[17.1280185,48.8410241],[17.1256603,48.8407868],[17.1243962,48.8406586],[17.1219226,48.8429113],[17.1200942,48.8440181],[17.1195828,48.8446868],[17.1203801,48.845752]]},"properties":{"voltage":"110000","name":""}},{"type":"Feature","geometry":{"type":"LineString","coordinates":[[16.5587529,48.5643651],[16.5541099,48.56498],[16.553227,48.5677413],[16.5522534,48.5707859],[16.5535846,48.5733394],[16.5550083,48.5760703],[16.5538372,48.5788991],[16.5527081,48.5816263],[16.5515664,48.5843838],[16.5504352,48.5871157],[16.5493121,48.589828],[16.5464426,48.5914119],[16.5430926,48.593261],[16.5401457,48.5948875],[16.5388858,48.5971978],[16.5375289,48.5996859],[16.5359776,48.6025303],[16.5346246,48.6050111],[16.5334369,48.6071886],[16.5321289,48.6095865],[16.529849,48.6117158],[16.5265653,48.612182],[16.5238089,48.6131919],[16.5212239,48.6152384],[16.5186275,48.6172938],[16.5157843,48.6195445],[16.5139634,48.621909],[16.5141058,48.6246528],[16.5142491,48.6274135],[16.5143853,48.6300375],[16.5145462,48.6331365],[16.5146945,48.635894],[16.5162903,48.6378749],[16.5177744,48.6397172],[16.5190512,48.6413021],[16.5200089,48.6437376],[16.5210719,48.646441],[16.5222613,48.6494654],[16.5232893,48.6520794],[16.5227211,48.6551031],[16.5221901,48.6579284],[16.5216504,48.6607998],[16.5197024,48.6634095],[16.5170613,48.6651153],[16.5143548,48.6668633],[16.5137468,48.6691503],[16.5131193,48.6715102],[16.5124808,48.6739118],[16.5104991,48.6763816],[16.5113065,48.6787004],[16.512126,48.6810537],[16.5142735,48.6837502],[16.5135767,48.6857275],[16.510132,48.6866389],[16.5065281,48.6874869],[16.5026101,48.6884027],[16.4989264,48.689261],[16.4945565,48.6902816],[16.4904469,48.6912433],[16.4864113,48.6921852],[16.4822985,48.6931481],[16.4782856,48.6940826],[16.47397,48.69509],[16.4702717,48.6959817],[16.4656804,48.6970909],[16.4615876,48.6980754],[16.4573733,48.6990924],[16.4542547,48.6998419],[16.4507339,48.7006887],[16.4465884,48.7016869],[16.442232,48.7027367],[16.4381391,48.7037203],[16.43488,48.7039948],[16.4319913,48.7042379],[16.4281222,48.7045636],[16.4237595,48.7049296],[16.42031,48.7052208],[16.4165393,48.7055394],[16.4125098,48.705874],[16.4076675,48.7062152],[16.4028838,48.7065633],[16.3981519,48.7068988],[16.394201,48.7071772],[16.3900838,48.7074741],[16.3856971,48.7077856],[16.3852893,48.7077455],[16.3804807,48.708004],[16.3765198,48.708217],[16.3718102,48.7084702],[16.3672321,48.7087163],[16.3627,48.70896],[16.3582385,48.7092817],[16.3536109,48.7096153],[16.349922,48.7098812],[16.3452149,48.7102206],[16.3405127,48.7105087],[16.3358197,48.7108009],[16.331102,48.7110922],[16.3269681,48.7113499],[16.3224752,48.7116286],[16.3177513,48.7119211],[16.313023,48.712214],[16.3087148,48.7112715],[16.3043919,48.7103256],[16.3013806,48.7096668],[16.2988298,48.7091087],[16.2957422,48.7084331],[16.2919093,48.7075945],[16.287396,48.706607],[16.2841891,48.705902],[16.2804763,48.7050926],[16.2761233,48.7041415],[16.2719724,48.7032342],[16.2684946,48.7024696],[16.2645059,48.7015984],[16.2600675,48.7006245],[16.2566705,48.6998794],[16.2528483,48.6990439],[16.2486543,48.6981238],[16.2444574,48.6972094],[16.2400903,48.6962479],[16.2369144,48.6955519],[16.2329556,48.694687],[16.2294399,48.6939115],[16.2248158,48.6928938],[16.2200284,48.6929985],[16.2152887,48.6930949],[16.2103878,48.6932057],[16.2054747,48.6933002],[16.2018928,48.6933766],[16.1977463,48.6934645],[16.1936899,48.6935445],[16.1895213,48.693632],[16.1854845,48.6937211],[16.181173,48.6938048],[16.1771128,48.6938908],[16.1729553,48.6939737],[16.1688314,48.6940597],[16.164452,48.6941486],[16.1600666,48.6942378],[16.1554443,48.6943329],[16.1507362,48.6944264],[16.1458485,48.6945266],[16.1417984,48.6946076],[16.138531,48.6946742],[16.1354013,48.6947368],[16.1312367,48.6948258],[16.1270089,48.6949069],[16.1228276,48.6949887],[16.1182892,48.6950814],[16.1137541,48.6951709],[16.1098446,48.6952482],[16.1056017,48.6953337],[16.1012779,48.6954202],[16.0970216,48.6955034],[16.0927151,48.6955892],[16.08833,48.6956759],[16.0835789,48.6957585],[16.0788604,48.6958431],[16.0744167,48.6959166],[16.07003,48.69599],[16.06553,48.69607],[16.0609866,48.6961584],[16.0569931,48.6963616],[16.0525664,48.6965728],[16.0506275,48.696677],[16.0481956,48.696801],[16.0440527,48.697008],[16.0400809,48.6972075],[16.0363169,48.6965664],[16.0322,48.69587],[16.0276362,48.6950857],[16.0236595,48.6944149],[16.0202833,48.6938461],[16.0160632,48.6931225],[16.011811,48.6923933],[16.0080933,48.6917558],[16.0039455,48.6910445],[16.0004632,48.6900994],[15.9968138,48.6891089],[15.9931318,48.6881095],[15.9894062,48.6870982],[15.985014,48.685906],[15.981303,48.684904],[15.979649,48.685295],[15.9775199,48.685774],[15.974638,48.686443],[15.971266,48.687213],[15.969119,48.6891829],[15.9689941,48.6917291],[15.9692421,48.6918642]]},"properties":{"voltage":"110000","name":"Mistelbach \u2013 Zellerndorf"}},{"type":"Feature","geometry":{"type":"LineString","coordinates":[[16.2837903,48.7087833],[16.2832499,48.7113605],[16.2826042,48.7144005]]},"properties":{"voltage":"110000","name":"Pernhofen - Peigarten"}},{"type":"Feature","geometry":{"type":"LineString","coordinates":[[16.2841115,48.7089091],[16.2834439,48.7120315],[16.2829196,48.7144725]]},"properties":{"voltage":"110000","name":"Laa - Pernhofen"}},{"type":"Feature","geometry":{"type":"LineString","coordinates":[[16.6214511,48.5434775],[16.6225433,48.5433902]]},"properties":{"voltage":"110000","name":""}},{"type":"Feature","geometry":{"type":"LineString","coordinates":[[16.1716699,48.8412797],[16.1702052,48.8397949],[16.1691995,48.8388102],[16.1691665,48.8385286]]},"properties":{"voltage":"110000","name":""}},{"type":"Feature","geometry":{"type":"LineString","coordinates":[[16.7860832,48.0479502],[16.7863292,48.0476607]]},"properties":{"voltage":"110000","name":""}},{"type":"Feature","geometry":{"type":"LineString","coordinates":[[16.4233613,48.1260597],[16.4236422,48.1260571],[16.4239382,48.1260543],[16.4243379,48.1260507],[16.4244761,48.1260494]]},"properties":{"voltage":"220000","name":""}},{"type":"Feature","geometry":{"type":"LineString","coordinates":[[16.4244818,48.1250451],[16.4243358,48.1250455],[16.4239302,48.1250466],[16.4236271,48.1250474],[16.4233573,48.1250481]]},"properties":{"voltage":"220000","name":""}},{"type":"Feature","geometry":{"type":"LineString","coordinates":[[16.4233603,48.1258072],[16.4236384,48.1258049],[16.4239301,48.1258025],[16.4243374,48.1257991],[16.424474,48.125798]]},"properties":{"voltage":"220000","name":""}},{"type":"Feature","geometry":{"type":"LineString","coordinates":[[16.4244837,48.1252963],[16.4243363,48.1252966],[16.4239329,48.1252975],[16.4236309,48.1252981],[16.4233583,48.1252988]]},"properties":{"voltage":"220000","name":""}},{"type":"Feature","geometry":{"type":"LineString","coordinates":[[16.4199257,48.1240391],[16.419925,48.1238973],[16.4199242,48.123754],[16.4199236,48.1236301],[16.4199219,48.1232826],[16.419921,48.12312]]},"properties":{"voltage":"380000","name":""}},{"type":"Feature","geometry":{"type":"LineString","coordinates":[[16.4196801,48.1231223],[16.4196818,48.1232835],[16.4196867,48.1237549],[16.4196882,48.1238981],[16.4196896,48.12404]]},"properties":{"voltage":"380000","name":""}},{"type":"Feature","geometry":{"type":"LineString","coordinates":[[16.4194369,48.1231227],[16.419438,48.1232844],[16.4194402,48.1236319],[16.419441,48.1237558],[16.4194419,48.123899],[16.4194429,48.124041]]},"properties":{"voltage":"380000","name":""}},{"type":"Feature","geometry":{"type":"LineString","coordinates":[[16.4201698,48.1240381],[16.4201691,48.1238964],[16.4201684,48.1237531],[16.4201677,48.1236247],[16.420166,48.1232816],[16.4201653,48.1231232]]},"properties":{"voltage":"380000","name":""}},{"type":"Feature","geometry":{"type":"LineString","coordinates":[[15.6517699,48.4077167],[15.6511441,48.4080058]]},"properties":{"voltage":"110000","name":""}},{"type":"Feature","geometry":{"type":"LineString","coordinates":[[15.6517699,48.4077167],[15.6512181,48.408096]]},"properties":{"voltage":"110000","name":""}},{"type":"Feature","geometry":{"type":"LineString","coordinates":[[15.6895349,48.4096527],[15.6896633,48.4104855]]},"properties":{"voltage":"110000","name":"D\u00fcrnrohr - Stratzdorf"}},{"type":"Feature","geometry":{"type":"LineString","coordinates":[[15.6893466,48.4096157],[15.6896633,48.4104855]]},"properties":{"voltage":"110000","name":"D\u00fcrnrohr - Stratzdorf"}},{"type":"Feature","geometry":{"type":"LineString","coordinates":[[15.7075179,48.3926819],[15.7049351,48.3929798]]},"properties":{"voltage":"380000","name":"Etzersdorf - Thei\u00df"}},{"type":"Feature","geometry":{"type":"LineString","coordinates":[[15.6885933,48.4099746],[15.688698,48.409488]]},"properties":{"voltage":"110000","name":"Ottenstein - Stratzdorf"}},{"type":"Feature","geometry":{"type":"LineString","coordinates":[[15.6885933,48.4099746],[15.6885167,48.4094523]]},"properties":{"voltage":"110000","name":"Ottenstein - Stratzdorf"}},{"type":"Feature","geometry":{"type":"LineString","coordinates":[[15.6884327,48.409008],[15.6886725,48.4087221]]},"properties":{"voltage":"110000","name":"Pottenbrunn - Stratzdorf"}},{"type":"Feature","geometry":{"type":"LineString","coordinates":[[15.6886153,48.409044],[15.6886725,48.4087221]]},"properties":{"voltage":"110000","name":"Pottenbrunn - Stratzdorf"}},{"type":"Feature","geometry":{"type":"LineString","coordinates":[[15.7063811,48.3935336],[15.7075179,48.3926819]]},"properties":{"voltage":"110000","name":"Pottenbrunn - Thei\u00df"}},{"type":"Feature","geometry":{"type":"LineString","coordinates":[[15.7052868,48.3948845],[15.70516,48.3946132]]},"properties":{"voltage":"110000","name":""}},{"type":"Feature","geometry":{"type":"LineString","coordinates":[[15.6887975,48.4090799],[15.6890577,48.408702]]},"properties":{"voltage":"110000","name":""}},{"type":"Feature","geometry":{"type":"LineString","coordinates":[[15.7076217,48.3932493],[15.70516,48.3946132]]},"properties":{"voltage":"110000","name":""}},{"type":"Feature","geometry":{"type":"LineString","coordinates":[[15.7061943,48.3936816],[15.7063811,48.3935336],[15.707254,48.3934962]]},"properties":{"voltage":"110000","name":""}},{"type":"Feature","geometry":{"type":"LineString","coordinates":[[15.6900104,48.4091278],[15.6898154,48.4087761]]},"properties":{"voltage":"110000","name":""}},{"type":"Feature","geometry":{"type":"LineString","coordinates":[[15.705602,48.3954853],[15.7071956,48.3941335],[15.7070406,48.394232]]},"properties":{"voltage":"110000","name":""}},{"type":"Feature","geometry":{"type":"LineString","coordinates":[[15.7081317,48.3940165],[15.7079527,48.3940319],[15.7071956,48.3941335],[15.7062644,48.3939682],[15.706071,48.3939875],[15.7059306,48.3940015]]},"properties":{"voltage":"110000","name":""}},{"type":"Feature","geometry":{"type":"LineString","coordinates":[[15.6883343,48.4094164],[15.6873796,48.4104664]]},"properties":{"voltage":"110000","name":""}},{"type":"Feature","geometry":{"type":"LineString","coordinates":[[15.6881794,48.4093859],[15.6873796,48.4104664]]},"properties":{"voltage":"110000","name":""}},{"type":"Feature","geometry":{"type":"LineString","coordinates":[[15.705602,48.3954853],[15.7055714,48.3945719]]},"properties":{"voltage":"110000","name":""}},{"type":"Feature","geometry":{"type":"LineString","coordinates":[[15.6889786,48.4091155],[15.6898154,48.4087761]]},"properties":{"voltage":"110000","name":""}},{"type":"Feature","geometry":{"type":"LineString","coordinates":[[15.7061779,48.3935926],[15.7063811,48.3935336]]},"properties":{"voltage":"110000","name":""}},{"type":"Feature","geometry":{"type":"LineString","coordinates":[[15.7061569,48.3935063],[15.7063811,48.3935336]]},"properties":{"voltage":"110000","name":""}},{"type":"Feature","geometry":{"type":"LineString","coordinates":[[15.7052868,48.3948845],[15.7052895,48.3945997]]},"properties":{"voltage":"110000","name":""}},{"type":"Feature","geometry":{"type":"LineString","coordinates":[[15.6898221,48.4093142],[15.6898658,48.4089334],[15.6890577,48.408702]]},"properties":{"voltage":"110000","name":""}},{"type":"Feature","geometry":{"type":"LineString","coordinates":[[15.7049351,48.3929798],[15.7049232,48.3933441]]},"properties":{"voltage":"380000","name":""}},{"type":"Feature","geometry":{"type":"LineString","coordinates":[[15.7049351,48.3929798],[15.7037454,48.3934106]]},"properties":{"voltage":"380000","name":""}},{"type":"Feature","geometry":{"type":"LineString","coordinates":[[16.839153,48.0804392],[16.8380514,48.081035]]},"properties":{"voltage":"110000","name":""}},{"type":"Feature","geometry":{"type":"LineString","coordinates":[[16.0663937,48.5564763],[16.06524,48.5564015],[16.0638405,48.5563107]]},"properties":{"voltage":"20000","name":""}},{"type":"Feature","geometry":{"type":"LineString","coordinates":[[16.7467928,48.5875152],[16.7468093,48.5881508]]},"properties":{"voltage":"110000","name":""}},{"type":"Feature","geometry":{"type":"LineString","coordinates":[[16.7469102,48.5875154],[16.7468093,48.5881508]]},"properties":{"voltage":"110000","name":""}},{"type":"Feature","geometry":{"type":"LineString","coordinates":[[16.4196342,48.1251789],[16.4195557,48.1252312]]},"properties":{"voltage":"110000","name":""}},{"type":"Feature","geometry":{"type":"LineString","coordinates":[[16.4164495,48.1232957],[16.4164504,48.1236534],[16.4164507,48.1237666],[16.4164511,48.1239099],[16.4164514,48.124053],[16.4164518,48.1242195]]},"properties":{"voltage":"380000","name":""}},{"type":"Feature","geometry":{"type":"LineString","coordinates":[[16.4196482,48.1263345],[16.4198205,48.1263746],[16.4197741,48.126158]]},"properties":{"voltage":"110000","name":""}},{"type":"Feature","geometry":{"type":"LineString","coordinates":[[16.419647,48.1266043],[16.4199801,48.1264256],[16.4199753,48.1261566]]},"properties":{"voltage":"110000","name":""}},{"type":"Feature","geometry":{"type":"LineString","coordinates":[[16.4194459,48.1259457],[16.4196402,48.1259803]]},"properties":{"voltage":"110000","name":""}},{"type":"Feature","geometry":{"type":"LineString","coordinates":[[16.1179379,48.388225],[16.1069778,48.3873868]]},"properties":{"voltage":"20000","name":""}},{"type":"Feature","geometry":{"type":"LineString","coordinates":[[16.5051294,48.3593023],[16.5044496,48.360614]]},"properties":{"voltage":"110000","name":"Bisamberg - Eibesbrunn"}},{"type":"Feature","geometry":{"type":"LineString","coordinates":[[16.4299191,48.3275127],[16.4276698,48.3298508],[16.4253035,48.3322725],[16.4229202,48.3347088],[16.4205752,48.3371156]]},"properties":{"voltage":"110000","name":"Bisamberg - Gerasdorf"}},{"type":"Feature","geometry":{"type":"LineString","coordinates":[[16.5040052,48.3603514],[16.5038971,48.3605877]]},"properties":{"voltage":"110000","name":"Bisamberg - Mistelbach"}},{"type":"Feature","geometry":{"type":"LineString","coordinates":[[16.5041299,48.3611633],[16.5026022,48.3642699],[16.5012062,48.3671087],[16.4999316,48.3697006],[16.4986669,48.3722721],[16.4972465,48.3751601],[16.4959158,48.3778655],[16.4946,48.3805406],[16.4966775,48.3830145],[16.498882,48.3856332],[16.5013519,48.3885807],[16.5045054,48.3913344],[16.5071818,48.3937199],[16.5091903,48.3954904],[16.5118871,48.3978694],[16.514667,48.4003092],[16.5167118,48.4021116],[16.5189637,48.4040989],[16.5206009,48.4066358],[16.5220779,48.408914],[16.5240044,48.4118943],[16.5254674,48.4141527],[16.5271409,48.4167353],[16.5287535,48.419228],[16.530507,48.4219101],[16.5323158,48.4247269],[16.5345306,48.4273505],[16.5369442,48.430189],[16.5388823,48.4324782],[16.5407395,48.4346582],[16.542739,48.437032],[16.5449665,48.4396418],[16.5472423,48.4423184],[16.5495748,48.4450544],[16.5515751,48.4473997],[16.5532522,48.4493578],[16.5547437,48.4511243],[16.5562964,48.4529368],[16.5577372,48.4551396],[16.5594649,48.4577703],[16.561403,48.4607363],[16.5629391,48.4630786],[16.5646539,48.4656988],[16.5665154,48.4685241],[16.5682944,48.4712419],[16.5699885,48.4738271]]},"properties":{"voltage":"110000","name":"Bisamberg - Mistelbach;Eibesbrunn - Gaweinstal"}},{"type":"Feature","geometry":{"type":"LineString","coordinates":[[16.5040052,48.3603514],[16.5040646,48.3605945]]},"properties":{"voltage":"110000","name":"Eibesbrunn - Bockflie\u00df"}},{"type":"Feature","geometry":{"type":"LineString","coordinates":[[16.5051294,48.3593023],[16.5045904,48.3606186]]},"properties":{"voltage":"110000","name":"Eibesbrunn - G\u00e4nserndorf"}},{"type":"Feature","geometry":{"type":"LineString","coordinates":[[16.5042596,48.3609362],[16.5041299,48.3611633]]},"properties":{"voltage":"110000","name":"Eibesbrunn - Gaweinstal"}},{"type":"Feature","geometry":{"type":"LineString","coordinates":[[16.416617,48.3535653],[16.4210587,48.3528933],[16.4250646,48.3521182],[16.4295339,48.3512602],[16.4331396,48.3505657],[16.4370496,48.3498169],[16.4407384,48.3491089],[16.4444781,48.3486643],[16.4487733,48.3481467],[16.4535706,48.3475652],[16.4573572,48.347107],[16.4609058,48.3466863],[16.4644582,48.3462628],[16.4681628,48.3458057],[16.4717681,48.3453712],[16.473191,48.3452002],[16.4759768,48.3448654],[16.4803093,48.3443394],[16.4849609,48.3437705],[16.4896018,48.3432124]]},"properties":{"voltage":"110000","name":"Bisamberg - Eibesbrunn/Bockflie\u00df"}},{"type":"Feature","geometry":{"type":"LineString","coordinates":[[16.3833678,48.3570701],[16.3813589,48.3572434]]},"properties":{"voltage":"220000","name":""}},{"type":"Feature","geometry":{"type":"LineString","coordinates":[[16.3816723,48.3570703],[16.3833678,48.3570701]]},"properties":{"voltage":"110000","name":""}},{"type":"Feature","geometry":{"type":"LineString","coordinates":[[16.3816261,48.3569745],[16.3833678,48.3570701]]},"properties":{"voltage":"110000","name":""}},{"type":"Feature","geometry":{"type":"LineString","coordinates":[[16.3816723,48.3570703],[16.38166,48.3570738],[16.3811577,48.3559594],[16.3810752,48.3558391],[16.3808151,48.3556921],[16.3804436,48.3553953],[16.3783957,48.3555922],[16.3780041,48.3556288],[16.3770305,48.3557241],[16.3770573,48.3558257]]},"properties":{"voltage":"110000","name":""}},{"type":"Feature","geometry":{"type":"LineString","coordinates":[[16.3816261,48.3569745],[16.3811659,48.3559528],[16.381086,48.3558275],[16.3808258,48.3556849],[16.3804503,48.3553855],[16.3783944,48.3555869],[16.3780095,48.3556199],[16.3775749,48.3556181],[16.376844,48.3555922],[16.3756143,48.3555539],[16.3756062,48.3556261]]},"properties":{"voltage":"110000","name":""}},{"type":"Feature","geometry":{"type":"LineString","coordinates":[[16.3833678,48.3570701],[16.3871521,48.3567433],[16.3911669,48.3563935],[16.3954769,48.3560364],[16.4000148,48.3556419],[16.4044132,48.3552725],[16.4090987,48.3548744],[16.4131467,48.3541739],[16.416617,48.3535653]]},"properties":{"voltage":"220000;110000","name":"Wien S\u00fcdost - Bisamberg;Bisamberg - UrW Kledering;Bisamberg - Eibesbrunn/Bockflie\u00df"}},{"type":"Feature","geometry":{"type":"LineString","coordinates":[[16.416617,48.3535653],[16.4202988,48.3510379],[16.4245333,48.3481319],[16.4289581,48.3451064],[16.4331986,48.3422068],[16.4369378,48.3396497],[16.4383449,48.335932],[16.4396351,48.3325252],[16.4407943,48.3294652],[16.4419876,48.3263048],[16.4430863,48.3234038],[16.4445264,48.3195919],[16.449371,48.3169109],[16.4542343,48.3142194],[16.4589894,48.3115876],[16.463787,48.3089321],[16.4686785,48.3062246],[16.4735681,48.3035179],[16.4780625,48.3010299],[16.4836912,48.299553],[16.488585,48.2982688],[16.4944237,48.2967367],[16.500194,48.2952224],[16.5059219,48.2937192],[16.5108482,48.2924264],[16.5154152,48.2912278],[16.5169903,48.2873813],[16.518557,48.2835547],[16.5201327,48.2797062],[16.5218065,48.2756175],[16.5234661,48.2715631],[16.5251406,48.2674722],[16.526802,48.2634129],[16.5284776,48.2593185],[16.5327522,48.256728],[16.5363328,48.2545581],[16.5401574,48.2522401],[16.5442196,48.249778],[16.5486703,48.2470804],[16.5526966,48.2446399],[16.55285,48.2409122],[16.5530055,48.2371348],[16.5531693,48.2331549],[16.553333,48.2291774],[16.5534626,48.2260286],[16.5535892,48.2229511],[16.5507816,48.2191854],[16.5481197,48.215615],[16.5453771,48.211936],[16.5426436,48.2082691],[16.5398839,48.2045666],[16.5337125,48.2037663],[16.5275104,48.202962],[16.5213108,48.202158],[16.515398,48.2013998],[16.5092352,48.2006015],[16.5068743,48.1973955],[16.5045059,48.1942063],[16.502108,48.1909698],[16.499594,48.1875714],[16.4971158,48.1842199],[16.4946921,48.1809442],[16.4922656,48.1776469],[16.4887344,48.1741137],[16.4853402,48.1707116],[16.4828944,48.1682682],[16.4793623,48.1647017],[16.4743939,48.1645376],[16.469418,48.1643711],[16.4643743,48.1641882],[16.4594296,48.1640179],[16.4540965,48.1638217],[16.448091,48.1632963],[16.4418426,48.1627496],[16.4368763,48.1623157],[16.4329917,48.1602152],[16.4305077,48.1577182],[16.4274645,48.1546098],[16.424567,48.1516694],[16.4253082,48.147636],[16.425979,48.1439743],[16.4267171,48.1399689]]},"properties":{"voltage":"220000","name":"Wien S\u00fcdost - Bisamberg;Bisamberg - UrW Kledering"}},{"type":"Feature","geometry":{"type":"LineString","coordinates":[[15.8857646,48.3274805],[15.8861488,48.3268494]]},"properties":{"voltage":"380000","name":""}},{"type":"Feature","geometry":{"type":"LineString","coordinates":[[15.8860019,48.3274661],[15.8861488,48.3268494]]},"properties":{"voltage":"380000","name":""}},{"type":"Feature","geometry":{"type":"LineString","coordinates":[[16.3748633,48.3585999],[16.3768137,48.3594472]]},"properties":{"voltage":"380000","name":"Bisamberg - Wien-S\u00fcdost"}},{"type":"Feature","geometry":{"type":"LineString","coordinates":[[17.1293607,48.8397588],[17.1268838,48.8398559],[17.1247782,48.8399171],[17.1232092,48.8405635],[17.1209103,48.8400867],[17.1195637,48.8411684],[17.117831,48.8426013],[17.1175335,48.8443657],[17.1179119,48.8451212],[17.1188883,48.8462162]]},"properties":{"voltage":"110000","name":""}},{"type":"Feature","geometry":{"type":"LineString","coordinates":[[17.1177073,48.8451757],[17.1185447,48.8463264]]},"properties":{"voltage":"110000","name":""}},{"type":"Feature","geometry":{"type":"LineString","coordinates":[[17.1187418,48.846248],[17.1177073,48.8451757]]},"properties":{"voltage":"110000","name":""}},{"type":"Feature","geometry":{"type":"LineString","coordinates":[[16.3373996,48.2061526],[16.3365797,48.2061872],[16.3364764,48.206203],[16.3262565,48.2077626]]},"properties":{"voltage":"","name":""}},{"type":"Feature","geometry":{"type":"LineString","coordinates":[[16.7090663,48.9131208],[16.7099356,48.9128814]]},"properties":{"voltage":"110000","name":""}},{"type":"Feature","geometry":{"type":"LineString","coordinates":[[16.6898885,48.9191089],[16.6903403,48.9183172],[16.6930385,48.9175687],[16.6961185,48.9166746],[16.6991297,48.9158423],[16.702416,48.9149339],[16.7055926,48.9141695],[16.7090663,48.9131208]]},"properties":{"voltage":"110000","name":""}},{"type":"Feature","geometry":{"type":"LineString","coordinates":[[16.0410901,48.3123973],[16.0413993,48.3125909]]},"properties":{"voltage":"110000","name":"Pottenbrunn - Tulln-West"}},{"type":"Feature","geometry":{"type":"LineString","coordinates":[[16.0422739,48.3139487],[16.0419117,48.3170156],[16.0382533,48.3185705],[16.0345759,48.3201307],[16.0311675,48.3215698],[16.0273195,48.3231806],[16.0272419,48.325784],[16.0271793,48.3278841],[16.0271072,48.3303002],[16.0270255,48.3330399],[16.0269187,48.33662],[16.0268283,48.3396507],[16.026779,48.3417938],[16.0288163,48.3435068],[16.0316826,48.3458923],[16.0343828,48.3481227],[16.0371461,48.3504217],[16.039932,48.3527496],[16.0427904,48.3550613],[16.045585,48.3574258],[16.0484697,48.3598165],[16.0511999,48.3620991],[16.0537626,48.3642119],[16.0581154,48.3648205],[16.0624842,48.3654404],[16.0668591,48.3660644],[16.0711887,48.3666762],[16.0750803,48.3672387],[16.0792768,48.3678302],[16.0828759,48.3683331],[16.0866709,48.3688737],[16.0911038,48.369494],[16.094956,48.370055],[16.0982971,48.3705079],[16.1015349,48.3709708],[16.1056111,48.3715474],[16.1097821,48.3721407],[16.113146,48.372619],[16.1161185,48.3730247],[16.1199283,48.3735724],[16.1240095,48.3741576],[16.1283846,48.3747659],[16.1328631,48.3753975],[16.1373081,48.3759955],[16.141738,48.3766204],[16.1459712,48.3772179],[16.1501237,48.3777996],[16.1542014,48.3783803],[16.1563468,48.38017],[16.1591424,48.3825019],[16.1620123,48.3848956],[16.1645325,48.3869976],[16.1668831,48.3889579],[16.1695358,48.3911703],[16.1720975,48.3933066],[16.176534,48.3939877],[16.1808274,48.394616],[16.1852736,48.3952666],[16.1897539,48.3959239],[16.1941983,48.3952772],[16.1978924,48.394741],[16.2012877,48.3942491],[16.205324,48.393661],[16.2054751,48.3935778]]},"properties":{"voltage":"110000","name":"Stockerau - D\u00fcrnrohr;Stockerau - Tulln"}},{"type":"Feature","geometry":{"type":"LineString","coordinates":[[16.0410901,48.3123973],[16.0414697,48.3124204]]},"properties":{"voltage":"110000","name":"Tulln-West - Neulengbach"}},{"type":"Feature","geometry":{"type":"LineString","coordinates":[[16.0422739,48.3139487],[16.0416879,48.3137021]]},"properties":{"voltage":"110000","name":"Tulln-West - Stockerau"}},{"type":"Feature","geometry":{"type":"LineString","coordinates":[[16.0422739,48.3139487],[16.0417533,48.3135245]]},"properties":{"voltage":"110000","name":"Tulln-West - Stockerau"}},{"type":"Feature","geometry":{"type":"LineString","coordinates":[[16.0407089,48.3134868],[16.0411173,48.3133263]]},"properties":{"voltage":"110000","name":""}},{"type":"Feature","geometry":{"type":"LineString","coordinates":[[16.0407089,48.3134868],[16.0410508,48.3134996]]},"properties":{"voltage":"110000","name":""}},{"type":"Feature","geometry":{"type":"LineString","coordinates":[[16.1572926,48.8473119],[16.1547757,48.8479339],[16.1523841,48.848571],[16.1499922,48.8491408],[16.1476874,48.8496998],[16.1452616,48.8503443],[16.1427903,48.8509213],[16.1403189,48.8515583],[16.1377914,48.8521535],[16.1352588,48.8528476],[16.1327223,48.8534883],[16.1301394,48.8541408],[16.127599,48.8547683],[16.1250735,48.8554202],[16.1226076,48.8560231],[16.1205956,48.8565985],[16.1183833,48.8572671],[16.1161985,48.8579116],[16.1139313,48.8585901],[16.1115634,48.8592928],[16.1090398,48.8600416],[16.1065743,48.8607784],[16.1044993,48.8613906],[16.1024365,48.8619929],[16.1003629,48.8626186],[16.0982472,48.8632498],[16.0960981,48.8633854],[16.0928104,48.8638086],[16.0890434,48.864342],[16.0867008,48.8638742],[16.0794758,48.86387],[16.0792067,48.8640024]]},"properties":{"voltage":"110000","name":""}},{"type":"Feature","geometry":{"type":"LineString","coordinates":[[16.5244019,48.9643907],[16.5244736,48.964197]]},"properties":{"voltage":"110000","name":""}},{"type":"Feature","geometry":{"type":"LineString","coordinates":[[16.5243559,48.9645146],[16.5244019,48.9643907]]},"properties":{"voltage":"110000","name":""}},{"type":"Feature","geometry":{"type":"LineString","coordinates":[[16.5242184,48.9644927],[16.5242643,48.9643687]]},"properties":{"voltage":"110000","name":""}},{"type":"Feature","geometry":{"type":"LineString","coordinates":[[16.5241975,48.964358],[16.5242643,48.9643687],[16.5244019,48.9643907],[16.5244713,48.9644017]]},"properties":{"voltage":"110000","name":""}},{"type":"Feature","geometry":{"type":"LineString","coordinates":[[15.8809587,48.3303229],[15.880366,48.3291434]]},"properties":{"voltage":"380000","name":"Slav\u011btice - D\u00fcrnrohr"}},{"type":"Feature","geometry":{"type":"LineString","coordinates":[[15.8856623,48.3316988],[15.8856167,48.3304819]]},"properties":{"voltage":"220000","name":""}},{"type":"Feature","geometry":{"type":"LineString","coordinates":[[15.887051,48.3304255],[15.8872043,48.3314919]]},"properties":{"voltage":"220000","name":""}},{"type":"Feature","geometry":{"type":"LineString","coordinates":[[15.8860232,48.3315508],[15.8858207,48.3304747]]},"properties":{"voltage":"220000","name":""}},{"type":"Feature","geometry":{"type":"LineString","coordinates":[[15.8809587,48.3303229],[15.8806061,48.3291358]]},"properties":{"voltage":"380000","name":"Slav\u011btice - D\u00fcrnrohr"}},{"type":"Feature","geometry":{"type":"LineString","coordinates":[[16.419647,48.1266043],[16.4198835,48.1264014],[16.4198801,48.1261572]]},"properties":{"voltage":"110000","name":""}},{"type":"Feature","geometry":{"type":"LineString","coordinates":[[15.8855266,48.3274953],[15.8861488,48.3268494]]},"properties":{"voltage":"380000","name":""}},{"type":"Feature","geometry":{"type":"LineString","coordinates":[[15.8856623,48.3316988],[15.8854265,48.3304914]]},"properties":{"voltage":"220000","name":""}},{"type":"Feature","geometry":{"type":"LineString","coordinates":[[16.4196482,48.1263345],[16.4196829,48.1261587]]},"properties":{"voltage":"110000","name":""}},{"type":"Feature","geometry":{"type":"LineString","coordinates":[[15.8860232,48.3315508],[15.8860055,48.3304604]]},"properties":{"voltage":"220000","name":""}},{"type":"Feature","geometry":{"type":"LineString","coordinates":[[15.8838271,48.3275887],[15.8831158,48.326592]]},"properties":{"voltage":"380000","name":""}},{"type":"Feature","geometry":{"type":"LineString","coordinates":[[16.4196342,48.1251789],[16.4197647,48.1251566]]},"properties":{"voltage":"110000","name":""}},{"type":"Feature","geometry":{"type":"LineString","coordinates":[[16.4194459,48.1259457],[16.4196388,48.1259059]]},"properties":{"voltage":"110000","name":""}},{"type":"Feature","geometry":{"type":"LineString","coordinates":[[15.8872922,48.3291624],[15.8873111,48.3284717],[15.8875413,48.3278205]]},"properties":{"voltage":"220000","name":""}},{"type":"Feature","geometry":{"type":"LineString","coordinates":[[15.8865639,48.3299614],[15.886553,48.3298363],[15.8865308,48.3296843],[15.8864934,48.3292878],[15.8863961,48.3290361]]},"properties":{"voltage":"220000","name":""}},{"type":"Feature","geometry":{"type":"LineString","coordinates":[[15.8858207,48.3304747],[15.8858138,48.3303932],[15.8857825,48.3299968],[15.8857728,48.3298726],[15.885761,48.3297187]]},"properties":{"voltage":"220000","name":""}},{"type":"Feature","geometry":{"type":"LineString","coordinates":[[15.8850647,48.3281154],[15.8850815,48.3282636],[15.8850964,48.328411],[15.8851084,48.3285179],[15.8851366,48.3288094]]},"properties":{"voltage":"380000","name":""}},{"type":"Feature","geometry":{"type":"LineString","coordinates":[[15.8842002,48.3305422],[15.8841921,48.3304681],[15.884149,48.3300702],[15.8841358,48.3299489],[15.8841188,48.3297923]]},"properties":{"voltage":"220000","name":""}},{"type":"Feature","geometry":{"type":"LineString","coordinates":[[15.8854265,48.3304914],[15.885418,48.3304115],[15.8853761,48.3300153],[15.8853629,48.3298917],[15.8853466,48.3297373]]},"properties":{"voltage":"220000","name":""}},{"type":"Feature","geometry":{"type":"LineString","coordinates":[[15.8860055,48.3304604],[15.8859979,48.3303847],[15.8859588,48.3299888],[15.8859464,48.3298645],[15.8859314,48.3297111]]},"properties":{"voltage":"220000","name":""}},{"type":"Feature","geometry":{"type":"LineString","coordinates":[[15.8868346,48.3304306],[15.8868253,48.3303465],[15.886781,48.3299514],[15.8867669,48.3298263],[15.8867499,48.3296744]]},"properties":{"voltage":"220000","name":""}},{"type":"Feature","geometry":{"type":"LineString","coordinates":[[15.8835793,48.3275852],[15.883593,48.3277214],[15.8836398,48.3281759],[15.8836581,48.3283602],[15.8836701,48.3284793]]},"properties":{"voltage":"380000","name":""}},{"type":"Feature","geometry":{"type":"LineString","coordinates":[[15.8856167,48.3304819],[15.8856074,48.3304027],[15.8855596,48.330007],[15.8855444,48.3298833],[15.8855257,48.3297292]]},"properties":{"voltage":"220000","name":""}},{"type":"Feature","geometry":{"type":"LineString","coordinates":[[15.8855266,48.3274953],[15.8855384,48.3276299],[15.8855835,48.3280937],[15.8855977,48.3282403],[15.8856119,48.3283863]]},"properties":{"voltage":"380000","name":""}},{"type":"Feature","geometry":{"type":"LineString","coordinates":[[15.8871944,48.3299327],[15.8871812,48.329807],[15.8871653,48.3296558],[15.8871473,48.3294848],[15.8871237,48.3292609],[15.8871146,48.3291743]]},"properties":{"voltage":"220000","name":""}},{"type":"Feature","geometry":{"type":"LineString","coordinates":[[15.8839979,48.3305568],[15.8839906,48.3304774],[15.8839681,48.330231],[15.8839543,48.3300797],[15.8839431,48.329958],[15.8839288,48.3298008]]},"properties":{"voltage":"220000","name":""}},{"type":"Feature","geometry":{"type":"LineString","coordinates":[[15.8872922,48.3291624],[15.8873027,48.3292533],[15.8873296,48.3294856],[15.8873484,48.3296476],[15.8873658,48.3297984],[15.8873804,48.3299242]]},"properties":{"voltage":"220000","name":""}},{"type":"Feature","geometry":{"type":"LineString","coordinates":[[15.8842995,48.3275774],[15.8843122,48.3276877],[15.8843647,48.3281453],[15.8843819,48.3282952],[15.884399,48.3284444]]},"properties":{"voltage":"380000","name":""}},{"type":"Feature","geometry":{"type":"LineString","coordinates":[[15.0449847,48.1309132],[15.0483412,48.1308008],[15.0519066,48.1306709],[15.0555359,48.130545],[15.0590292,48.1304314],[15.0627985,48.1303069],[15.0668779,48.130155],[15.0712117,48.1299945],[15.0759264,48.1298327],[15.0804642,48.1296773],[15.0826981,48.1282209],[15.0852431,48.1266297],[15.0879895,48.1248775],[15.0906157,48.1232014],[15.0929422,48.1217166],[15.0954198,48.1201496],[15.0982452,48.1183415],[15.1008057,48.1166856],[15.1037097,48.114853],[15.1078802,48.1148846],[15.1120176,48.1149158],[15.1162065,48.1149219],[15.1200122,48.1149292],[15.1241777,48.1149487],[15.1287296,48.1150479],[15.1332762,48.115076],[15.1362506,48.1151775],[15.1397292,48.1152852],[15.1429235,48.1153691],[15.1464924,48.1154874],[15.148107,48.1171856],[15.1498456,48.1188189],[15.1516901,48.1206422],[15.1532518,48.1221694],[15.1548367,48.1237336],[15.1564117,48.1252841],[15.1578798,48.1267361],[15.1597359,48.1285372],[15.1616074,48.1303892],[15.1635198,48.1322753],[15.1654108,48.134131],[15.1655375,48.1365062],[15.1656229,48.1391482],[15.1657403,48.1413515],[15.1658219,48.1432773],[15.1657399,48.1455979],[15.1655666,48.1475993],[15.1653918,48.1501699],[15.1681073,48.151782],[15.1704926,48.1532154],[15.1725184,48.1544153],[15.1722021,48.156935],[15.1716954,48.1594919],[15.1713763,48.162263],[15.1709969,48.1646812],[15.1706147,48.1671173],[15.1703288,48.1691555],[15.1719934,48.1716397],[15.1737081,48.1741946],[15.1753722,48.1766826],[15.1769971,48.1790787],[15.1787009,48.1816137],[15.180571,48.1843708]]},"properties":{"voltage":"110000","name":"Amstetten - Erlauf"}},{"type":"Feature","geometry":{"type":"LineString","coordinates":[[14.90632,48.1037218],[14.9106409,48.1032645],[14.9146611,48.1040941],[14.918849,48.1049537],[14.9230275,48.1058206],[14.926576,48.1065529],[14.9305344,48.1073697],[14.9340245,48.1080899],[14.938256,48.1088921],[14.9420196,48.1096055],[14.9459611,48.1103527],[14.949797,48.1110799],[14.9529821,48.1116836],[14.9566833,48.1123852],[14.9598922,48.1129935],[14.9628016,48.1135775],[14.9664429,48.114616],[14.9701698,48.1157108],[14.9738772,48.1167997],[14.9778091,48.1179546],[14.9814564,48.1190258],[14.9853755,48.1201769],[14.9895369,48.1213991],[14.9936135,48.1225964],[14.9974094,48.1237112],[15.0016979,48.1238141],[15.0060608,48.1239461],[15.0104993,48.1240907],[15.0150791,48.1242189],[15.0196784,48.124358],[15.0238326,48.1254591],[15.0280228,48.126547],[15.0322033,48.1276574],[15.0364039,48.1287303],[15.0406547,48.1298279],[15.0443415,48.1308081],[15.0449847,48.1309132]]},"properties":{"voltage":"110000","name":"Amstetten - Erlauf"}},{"type":"Feature","geometry":{"type":"LineString","coordinates":[[16.7381403,48.3252164],[16.7335207,48.3256261],[16.7269251,48.3262221],[16.7151094,48.3271516],[16.706662,48.328005],[16.6968237,48.3303414],[16.6967186,48.3304054],[16.6932143,48.3313975],[16.6928078,48.3317001],[16.6920508,48.3370481],[16.687192,48.3425236],[16.6839365,48.3471872]]},"properties":{"voltage":"","name":""}},{"type":"Feature","geometry":{"type":"LineString","coordinates":[[16.3770121,48.3597296],[16.3772215,48.3597085],[16.3774278,48.3596878],[16.3775759,48.3596729],[16.3782393,48.3596062]]},"properties":{"voltage":"380000","name":""}},{"type":"Feature","geometry":{"type":"LineString","coordinates":[[16.3770505,48.3598938],[16.3772595,48.3598723],[16.3774661,48.3598512],[16.3776143,48.359836],[16.3782839,48.3597674]]},"properties":{"voltage":"380000","name":""}},{"type":"Feature","geometry":{"type":"LineString","coordinates":[[16.6916854,48.0309091],[16.6933122,48.0310752]]},"properties":{"voltage":"380000","name":""}},{"type":"Feature","geometry":{"type":"LineString","coordinates":[[16.6945651,48.032236],[16.6945652,48.0325681],[16.6945652,48.0326719],[16.6945652,48.0328117],[16.6945653,48.0329352]]},"properties":{"voltage":"380000","name":""}},{"type":"Feature","geometry":{"type":"LineString","coordinates":[[16.6933122,48.0310752],[16.6941954,48.032151],[16.6941893,48.0329256],[16.6946918,48.0334662]]},"properties":{"voltage":"380000","name":""}},{"type":"Feature","geometry":{"type":"LineString","coordinates":[[16.6933122,48.0310752],[16.6939492,48.0321537],[16.6939611,48.0329317],[16.6946918,48.0334662]]},"properties":{"voltage":"380000","name":""}},{"type":"Feature","geometry":{"type":"LineString","coordinates":[[16.6916854,48.0309091],[16.6876851,48.030812],[16.6832987,48.0307077],[16.6796373,48.0306186],[16.6759605,48.0305286],[16.6720421,48.0304393],[16.6681375,48.030346],[16.6637572,48.0302436],[16.6593419,48.0301435],[16.6543146,48.0297699],[16.6493454,48.0293976],[16.6454625,48.0291464],[16.64062,48.0287985],[16.6362606,48.0284856],[16.6317594,48.0281593],[16.6276202,48.0278816],[16.6235713,48.0275842],[16.6195248,48.0272939],[16.6149862,48.0269476],[16.6108935,48.0266591],[16.6065428,48.0268564],[16.602241,48.0270681],[16.5976662,48.0273028],[16.593725,48.0274765],[16.5905216,48.0276288],[16.5859794,48.0278449],[16.5820553,48.0280234],[16.5774824,48.0282366],[16.57388,48.0283952],[16.5707156,48.0285435],[16.5660121,48.0287658],[16.5617188,48.0289578],[16.5575139,48.0291546],[16.5528449,48.0297296],[16.5489917,48.0302041],[16.5442064,48.0307934],[16.5401785,48.0312894],[16.5368827,48.0316952],[16.5330649,48.0321654],[16.5290479,48.03266],[16.5246803,48.0331979],[16.5207561,48.0336811],[16.5164099,48.0342163],[16.5125237,48.0346948],[16.5084809,48.0351926],[16.5046268,48.0356672],[16.502685,48.0374605],[16.5006584,48.0393309],[16.4986757,48.04116],[16.4960613,48.0435671],[16.4933986,48.0459771],[16.4907592,48.0484248],[16.4884432,48.0505785],[16.4855694,48.0531813],[16.4832043,48.0553455],[16.4803951,48.0580099],[16.4779575,48.0602013],[16.4755514,48.0624137],[16.4730673,48.0646752],[16.470607,48.0669111],[16.4681184,48.0692107],[16.4653187,48.0717587],[16.4627868,48.0740821],[16.4609625,48.0757884],[16.4594622,48.078098],[16.4578996,48.0804786],[16.4561998,48.0831785],[16.4542431,48.0861743],[16.4524469,48.0889913],[16.4506874,48.0917144],[16.4476607,48.093862],[16.4444228,48.0961473],[16.4410349,48.0985301],[16.4383481,48.1004567],[16.4360465,48.1001585],[16.4335743,48.1020555],[16.4303091,48.1045059],[16.4272682,48.1067837],[16.4249483,48.1085178],[16.4242459,48.1113654],[16.4237367,48.1133648],[16.4230238,48.1162751],[16.4223621,48.1189709]]},"properties":{"voltage":"380000","name":""}},{"type":"Feature","geometry":{"type":"LineString","coordinates":[[15.6174629,48.1108777],[15.6138355,48.1107471],[15.6132991,48.1108773]]},"properties":{"voltage":"110000","name":""}},{"type":"Feature","geometry":{"type":"LineString","coordinates":[[16.0504479,48.6971234],[16.0507015,48.6969216]]},"properties":{"voltage":"110000","name":"Hollabrunn - Peigarten"}},{"type":"Feature","geometry":{"type":"LineString","coordinates":[[17.1605762,48.9990083],[17.1601422,48.9989856],[17.1570637,48.9988245],[17.1537179,48.9986629],[17.150405,48.998503],[17.1471257,48.9983396],[17.1438917,48.9981657],[17.1407229,48.9980175],[17.1378692,48.9978652],[17.1343658,48.9976972],[17.1309302,48.9975321],[17.127468,48.9973431],[17.124323,48.9971901],[17.1210193,48.997019],[17.1177263,48.99686],[17.1142916,48.9966679],[17.1112136,48.996914],[17.1077057,48.9971661],[17.1041063,48.9974391],[17.1005435,48.9976732],[17.0979366,48.9978772],[17.0946665,48.9980993],[17.0916159,48.9983393],[17.088259,48.9985704],[17.0850941,48.9988194],[17.0816456,48.9990445],[17.0781743,48.9993025],[17.074634,48.9995596],[17.0710666,48.9998116],[17.0676044,49.0000816],[17.0647597,49.0002857],[17.0617774,49.00048],[17.0585194,49.0007443],[17.0551949,49.0009437],[17.0522196,49.0011771],[17.0492832,49.0013596],[17.0463079,49.0016269],[17.0437466,49.0017966],[17.0410883,49.0019791],[17.0384946,49.002692],[17.0360174,49.0034133],[17.0328028,49.0043001],[17.0299633,49.0051105],[17.0266873,49.006027],[17.0237286,49.0068447],[17.0212864,49.0071237],[17.0181796,49.0074874],[17.0149942,49.0078523],[17.0127397,49.0081099],[17.0103551,49.008383],[17.0070796,49.0087451],[17.0041695,49.0090877],[17.0014822,49.0094044],[16.9986776,49.0097119],[16.9963295,49.0100068],[16.9932141,49.0103588],[16.9900413,49.0107158],[16.9867331,49.0110941],[16.9836488,49.0117684],[16.9804674,49.0124889],[16.9774042,49.0131784],[16.9746732,49.0138102],[16.9717377,49.0144556],[16.9689671,49.0150715],[16.9663995,49.0156406],[16.9639084,49.0161981],[16.9604747,49.0169651],[16.9583451,49.0174405],[16.9558456,49.0180052],[16.9523829,49.018783],[16.9495766,49.0194082],[16.9464188,49.0201103],[16.9431534,49.02084],[16.9399085,49.0215678],[16.9367629,49.0222702],[16.9334156,49.0230237],[16.930332,49.0237095],[16.9270318,49.024448],[16.9240824,49.0251266],[16.9207967,49.0258773],[16.9174398,49.0266195],[16.9144386,49.0272768],[16.9117868,49.0278791],[16.9093966,49.0283843],[16.9061158,49.0291136],[16.9043551,49.0294968],[16.9029321,49.0298191],[16.9006643,49.0303811],[16.8979568,49.0310708],[16.8950755,49.0317905],[16.8924777,49.0324561],[16.8891639,49.0332643],[16.8863247,49.0339741],[16.8839533,49.0345403],[16.8813005,49.0351934],[16.8792589,49.0357139],[16.8762619,49.0364635],[16.8734103,49.0371711],[16.8708439,49.0378089],[16.8678589,49.0385424],[16.8650646,49.0392362],[16.8623966,49.0398891],[16.8594989,49.0406184],[16.8563199,49.0410615],[16.8531118,49.0415278],[16.8503467,49.0419221],[16.8473909,49.042344],[16.8445769,49.042746],[16.8416103,49.0431707],[16.8383793,49.0436439],[16.835466,49.0451878],[16.8333713,49.046276],[16.8306399,49.0477254],[16.8282605,49.0489769],[16.8255758,49.0504067],[16.8230101,49.0517826],[16.8208148,49.0529335],[16.8183451,49.0542613],[16.8159348,49.0555262],[16.8139682,49.0565572],[16.8115579,49.0578579],[16.8088778,49.0592665],[16.8065362,49.0604982],[16.804007,49.0618198],[16.8012446,49.0632882],[16.7984776,49.0647746],[16.7957517,49.0662069],[16.7930808,49.0676393],[16.7908535,49.0688138],[16.7882465,49.0701952],[16.7856076,49.0715914],[16.782987,49.0729756],[16.7803663,49.074386],[16.7780651,49.0755798],[16.7756027,49.0768804],[16.7731142,49.0781887],[16.7706124,49.0795218],[16.7681396,49.0808225],[16.7657183,49.0820903],[16.763379,49.0833414],[16.7607355,49.0847372],[16.7582264,49.0860675],[16.756197,49.087132],[16.7537135,49.0884439],[16.7510837,49.0898426],[16.7483541,49.0912595],[16.7457,49.0926783],[16.7427253,49.0942329],[16.7408688,49.0952266],[16.7390224,49.0961794],[16.7354848,49.0956597],[16.7319526,49.0951197],[16.7281392,49.0945214],[16.7256349,49.0941484],[16.7220578,49.0936007],[16.7185845,49.0930596],[16.7161331,49.0926792],[16.7143951,49.0924127],[16.7116903,49.0943716],[16.7090167,49.0962807],[16.7074526,49.0974157],[16.7069038,49.09782],[16.7057375,49.0986405],[16.7043883,49.0996167],[16.7019868,49.1013355],[16.6994944,49.1031262],[16.6967665,49.1050861]]},"properties":{"voltage":"110000","name":""}},{"type":"Feature","geometry":{"type":"LineString","coordinates":[[15.4040212,48.0284366],[15.4043924,48.0292615],[15.4046543,48.0298068],[15.4048729,48.0303697],[15.4048188,48.0308666],[15.4047253,48.0314639],[15.4046663,48.0318703],[15.4047991,48.0322422],[15.4049586,48.0326038],[15.4053897,48.033634],[15.4056002,48.0341378],[15.4058281,48.0346939],[15.4060918,48.0354173],[15.40635,48.0360326],[15.4076369,48.0373513]]},"properties":{"voltage":"20000","name":""}},{"type":"Feature","geometry":{"type":"LineString","coordinates":[[16.2317651,48.2009033],[16.2278425,48.2016833],[16.2239761,48.2024528],[16.2203128,48.2031818],[16.2164657,48.2039473],[16.2122486,48.2047848],[16.2091907,48.2025853],[16.2062233,48.2004804],[16.2047478,48.1976665],[16.2032901,48.1947927],[16.2019091,48.1921745],[16.1983307,48.1902726],[16.1950533,48.1885219],[16.1919723,48.1868761],[16.1883435,48.1849376],[16.1852866,48.1833046],[16.1822224,48.1816675],[16.1790845,48.1799911],[16.1751405,48.1793663],[16.1713162,48.178763],[16.1673347,48.1781335],[16.1635453,48.1775344],[16.1602795,48.1770121],[16.1568317,48.1764758],[16.1531579,48.1759073],[16.1496411,48.1753527],[16.145729,48.1741898],[16.1415517,48.172935],[16.1377186,48.1717755],[16.1339289,48.1706412],[16.1321173,48.1677491],[16.1306101,48.1653591]]},"properties":{"voltage":"110000","name":"Auhof \u2013 Tulln;Auhof \u2013 Wr. Neustadt"}},{"type":"Feature","geometry":{"type":"LineString","coordinates":[[17.1929596,48.2203985],[17.1955379,48.2214206],[17.1965083,48.2226266],[17.1978843,48.2242813],[17.1979929,48.2271037],[17.1981007,48.2298341],[17.1994284,48.2309765],[17.2012773,48.2325052],[17.2030203,48.2339521],[17.2050129,48.2356058],[17.2071825,48.2373876],[17.2092881,48.2391281],[17.2113022,48.2407866],[17.2132352,48.2420595],[17.2149051,48.2431429],[17.216743,48.2443565],[17.2185745,48.2456627],[17.2214243,48.2476928],[17.2245664,48.2499323],[17.2271942,48.2518155],[17.2300311,48.2532289],[17.2338992,48.2551638],[17.2374993,48.2569682],[17.2410854,48.2587677],[17.2445045,48.2604879],[17.2470234,48.2617438],[17.2509296,48.2621788],[17.2555126,48.2626706],[17.2594761,48.2631114],[17.2634235,48.2635536],[17.2670021,48.2639433],[17.27001,48.2656229],[17.2734649,48.2675447],[17.2768183,48.2694169],[17.2803863,48.2714303],[17.2839365,48.2734101]]},"properties":{"voltage":"110000","name":""}},{"type":"Feature","geometry":{"type":"LineString","coordinates":[[16.3319875,48.3585135],[16.3234813,48.3576074]]},"properties":{"voltage":"110000","name":"Bisamberg - Korneuburg"}},{"type":"Feature","geometry":{"type":"LineString","coordinates":[[17.1291075,48.8409955],[17.1293607,48.8397588],[17.131906,48.8395419],[17.1359236,48.8392053],[17.1390488,48.8389401],[17.1421771,48.8386932],[17.1454289,48.8384133],[17.1486258,48.8381183],[17.1510543,48.8367004],[17.1535058,48.8352765],[17.1559938,48.8338285],[17.1584818,48.8324045],[17.1608555,48.8309834],[17.1633663,48.8295082],[17.1658452,48.828066],[17.1671715,48.8272862],[17.1691652,48.8260937],[17.1704748,48.8260987],[17.1711104,48.8253133]]},"properties":{"voltage":"110000","name":""}},{"type":"Feature","geometry":{"type":"LineString","coordinates":[[15.633744,48.4755272],[15.6365759,48.4764547],[15.6401422,48.477603],[15.6436005,48.4786901],[15.6470646,48.479788],[15.6506172,48.4809272],[15.654843,48.4813538],[15.6598653,48.4818475],[15.6640065,48.4822644],[15.6738952,48.4832905],[15.6784745,48.4837835],[15.6826473,48.4841955],[15.6866013,48.4835181],[15.6916179,48.4811253],[15.6923498,48.4807766]]},"properties":{"voltage":"110000","name":""}},{"type":"Feature","geometry":{"type":"LineString","coordinates":[[16.0412121,48.0009751],[16.0400833,48.0032935]]},"properties":{"voltage":"110000","name":""}},{"type":"Feature","geometry":{"type":"LineString","coordinates":[[16.0400833,48.0032935],[16.0398907,48.0038216]]},"properties":{"voltage":"110000","name":""}},{"type":"Feature","geometry":{"type":"LineString","coordinates":[[16.0400833,48.0032935],[16.0397331,48.0037861]]},"properties":{"voltage":"110000","name":""}},{"type":"Feature","geometry":{"type":"LineString","coordinates":[[16.311885,48.2047866],[16.3126481,48.2043442],[16.3133348,48.2042768],[16.3130869,48.2026022],[16.3161638,48.2010677],[16.3172423,48.2006193],[16.3190781,48.2001543],[16.3192027,48.2001247],[16.3193245,48.2001146],[16.3226142,48.1998463],[16.322722,48.2003491],[16.3261404,48.2001468],[16.3315748,48.201083],[16.3316297,48.2006104],[16.3317038,48.2004345],[16.332601,48.2006803],[16.3328183,48.2005981],[16.3329484,48.2006339]]},"properties":{"voltage":"110000","name":""}},{"type":"Feature","geometry":{"type":"LineString","coordinates":[[16.3818542,48.2458749],[16.3904233,48.2374235],[16.3933264,48.234856],[16.3940665,48.2343156],[16.3945643,48.2339582],[16.3990764,48.2302433],[16.4002827,48.2292839],[16.4011548,48.2285455],[16.4064256,48.2244878],[16.4081922,48.223229],[16.4080374,48.2231416]]},"properties":{"voltage":"110000","name":""}},{"type":"Feature","geometry":{"type":"LineString","coordinates":[[16.4958014,48.2181871],[16.4963438,48.218087],[16.4959469,48.216798],[16.5043821,48.2155882],[16.5103959,48.2146939],[16.5123069,48.2146825],[16.5181599,48.2144948],[16.5245632,48.2146353],[16.5244518,48.2137965],[16.5246472,48.2137789]]},"properties":{"voltage":"110000","name":""}},{"type":"Feature","geometry":{"type":"LineString","coordinates":[[16.4545325,48.2490097],[16.4544354,48.2488001],[16.4528978,48.2491182],[16.4524337,48.2486985],[16.4522142,48.2483859],[16.4516397,48.2475678],[16.4518431,48.2469376],[16.452123,48.2465305],[16.4528039,48.2459121],[16.4523372,48.2457799],[16.4511257,48.2438113],[16.4498465,48.2413642],[16.448912,48.2394763],[16.4517066,48.238947],[16.4502366,48.2366488],[16.4500867,48.2363391],[16.4497382,48.2345737],[16.4497487,48.2339299],[16.4498293,48.2333869],[16.4504621,48.2319658],[16.4495019,48.2311329]]},"properties":{"voltage":"110000","name":""}},{"type":"Feature","geometry":{"type":"LineString","coordinates":[[16.4687326,48.2155058],[16.4614038,48.2180492],[16.4596897,48.2194204],[16.4593652,48.2196798],[16.4581886,48.2199498],[16.4583269,48.221113],[16.4584422,48.2213989],[16.4587319,48.2216241],[16.4559243,48.223651],[16.4568674,48.2244839],[16.4581794,48.226254],[16.4584772,48.2265734]]},"properties":{"voltage":"110000","name":"Stadlau-Donaustadt"}},{"type":"Feature","geometry":{"type":"LineString","coordinates":[[15.6880769,48.5068681],[15.6879995,48.5075601],[15.6881461,48.5081911],[15.6884115,48.5093994],[15.6885167,48.5103017],[15.6885302,48.510417],[15.6886463,48.5108362],[15.6886962,48.5112426],[15.6887981,48.5120722]]},"properties":{"voltage":"","name":""}},{"type":"Feature","geometry":{"type":"LineString","coordinates":[[15.6887981,48.5120722],[15.6888885,48.5127103],[15.6890049,48.5135315],[15.6891846,48.5147991],[15.6894986,48.5170149]]},"properties":{"voltage":"","name":""}},{"type":"Feature","geometry":{"type":"LineString","coordinates":[[15.6901084,48.5215526],[15.689698,48.5184986],[15.6896525,48.5181603],[15.6896219,48.5179325],[15.6894986,48.5170149]]},"properties":{"voltage":"","name":""}},{"type":"Feature","geometry":{"type":"LineString","coordinates":[[17.030004,48.3053252],[17.0311895,48.3060788]]},"properties":{"voltage":"400000","name":""}},{"type":"Feature","geometry":{"type":"LineString","coordinates":[[17.0318403,48.3037458],[17.0338532,48.3050887]]},"properties":{"voltage":"110000","name":""}},{"type":"Feature","geometry":{"type":"LineString","coordinates":[[17.033692,48.3051957],[17.0316791,48.3038528]]},"properties":{"voltage":"110000","name":""}},{"type":"Feature","geometry":{"type":"LineString","coordinates":[[17.0315653,48.3039282],[17.0335782,48.3052711]]},"properties":{"voltage":"110000","name":""}},{"type":"Feature","geometry":{"type":"LineString","coordinates":[[17.0314266,48.3059345],[17.0302329,48.3051666]]},"properties":{"voltage":"400000","name":""}},{"type":"Feature","geometry":{"type":"LineString","coordinates":[[15.0669023,48.2062976],[15.0675862,48.2062815],[15.0682702,48.2062516],[15.0706225,48.2062462],[15.0717222,48.2062605]]},"properties":{"voltage":"low","name":""}},{"type":"Feature","geometry":{"type":"LineString","coordinates":[[16.0280796,48.2944744],[16.028234,48.2939125]]},"properties":{"voltage":"110000","name":""}},{"type":"Feature","geometry":{"type":"LineString","coordinates":[[16.0282152,48.2944736],[16.028234,48.2939125]]},"properties":{"voltage":"110000","name":""}},{"type":"Feature","geometry":{"type":"LineString","coordinates":[[16.0288093,48.2944513],[16.028234,48.2939125]]},"properties":{"voltage":"110000","name":""}},{"type":"Feature","geometry":{"type":"LineString","coordinates":[[16.0289121,48.2944471],[16.028234,48.2939125]]},"properties":{"voltage":"110000","name":""}},{"type":"Feature","geometry":{"type":"LineString","coordinates":[[16.0286192,48.2953589],[16.028304,48.2947063]]},"properties":{"voltage":"110000","name":"Tullnerfeld \u2013 Absdorf"}},{"type":"Feature","geometry":{"type":"LineString","coordinates":[[16.0286192,48.2953589],[16.0290235,48.2946742]]},"properties":{"voltage":"110000","name":"Tullnerfeld \u2013 Absdorf"}},{"type":"Feature","geometry":{"type":"LineString","coordinates":[[16.028234,48.2939125],[16.0246391,48.2918761],[16.0222815,48.2895511],[16.0198522,48.2869648],[16.0175497,48.2845135],[16.0150292,48.28183],[16.0128923,48.2795546],[16.0106103,48.2771248],[16.0083198,48.2746858],[16.0073386,48.2724115],[16.0062924,48.2699799],[16.0050457,48.2670738],[16.0038567,48.2643063],[16.0027025,48.2616335],[16.0016978,48.2592995],[16.0005178,48.256556],[15.9996121,48.2544477],[15.9984764,48.2518072],[15.99718,48.2487736],[15.9955627,48.2450348],[15.9944534,48.2424442],[15.9931104,48.2393353],[15.9919433,48.2366117],[15.9906145,48.2335273],[15.9888563,48.2318707],[15.9862652,48.2294552],[15.9843279,48.2276384],[15.9815587,48.2250249],[15.9797572,48.223307],[15.9770662,48.2208108]]},"properties":{"voltage":"110000","name":""}},{"type":"Feature","geometry":{"type":"LineString","coordinates":[[16.5694349,48.4744145],[16.5703262,48.4743468]]},"properties":{"voltage":"110000","name":""}},{"type":"Feature","geometry":{"type":"LineString","coordinates":[[16.569495,48.4744972],[16.5703262,48.4743468]]},"properties":{"voltage":"110000","name":""}},{"type":"Feature","geometry":{"type":"LineString","coordinates":[[16.5699885,48.4738271],[16.5701295,48.474044],[16.5703262,48.4743468]]},"properties":{"voltage":"110000","name":"Bisamberg - Mistelbach"}},{"type":"Feature","geometry":{"type":"LineString","coordinates":[[16.5690395,48.4739006],[16.5699885,48.4738271]]},"properties":{"voltage":"110000","name":""}},{"type":"Feature","geometry":{"type":"LineString","coordinates":[[16.5689797,48.473821],[16.5699885,48.4738271]]},"properties":{"voltage":"110000","name":""}},{"type":"Feature","geometry":{"type":"LineString","coordinates":[[16.5703262,48.4743468],[16.5718777,48.4767341],[16.5738111,48.4797057],[16.5757586,48.4826989],[16.5776998,48.4856498],[16.5794289,48.4882782],[16.5809536,48.4905719],[16.5843768,48.4928633],[16.5871488,48.4949895],[16.5902301,48.4968808],[16.5937257,48.4992398],[16.5969172,48.5014073],[16.5996863,48.5033464],[16.6024113,48.5058261],[16.6053345,48.5084741],[16.6079763,48.5109238],[16.610446,48.5131809],[16.6134382,48.5159001],[16.6148948,48.5186487],[16.6165012,48.5216524],[16.616883,48.5234171],[16.6175389,48.5263244],[16.6179621,48.5282389],[16.6184539,48.5304646],[16.6189323,48.5326947],[16.6194006,48.5347933]]},"properties":{"voltage":"110000","name":"Bisamberg - Mistelbach;Gaweinstal - Neusiedl an der Zaya"}},{"type":"Feature","geometry":{"type":"LineString","coordinates":[[16.6294425,48.6554446],[16.6282177,48.6554905]]},"properties":{"voltage":"110000","name":""}},{"type":"Feature","geometry":{"type":"LineString","coordinates":[[16.6282177,48.6554905],[16.6283514,48.6555159],[16.6296063,48.655754],[16.6310334,48.6554387]]},"properties":{"voltage":"110000","name":""}},{"type":"Feature","geometry":{"type":"LineString","coordinates":[[16.7489941,48.6260413],[16.7489692,48.6267475]]},"properties":{"voltage":"110000","name":""}},{"type":"Feature","geometry":{"type":"LineString","coordinates":[[16.7492443,48.6260382],[16.7489692,48.6267475]]},"properties":{"voltage":"110000","name":""}},{"type":"Feature","geometry":{"type":"LineString","coordinates":[[16.7990877,48.606832],[16.7996165,48.6091395],[16.8001098,48.6112512],[16.8007834,48.6141342],[16.7974483,48.6162308],[16.7941803,48.6182851],[16.7906168,48.6205251],[16.787436,48.6225245],[16.7845177,48.6228449],[16.7808845,48.6232437],[16.7762282,48.6237549],[16.7725334,48.6241606],[16.7686753,48.6245841],[16.7645777,48.625034],[16.76109,48.6254169],[16.7579995,48.6257562],[16.7534734,48.6262531],[16.7491746,48.6267249],[16.7489692,48.6267475]]},"properties":{"voltage":"110000","name":"Poysdorf - Hauskirchen - Neusiedl an der Zaya"}},{"type":"Feature","geometry":{"type":"LineString","coordinates":[[17.039909,48.2006608],[17.0372386,48.2013014]]},"properties":{"voltage":"110000","name":""}},{"type":"Feature","geometry":{"type":"LineString","coordinates":[[17.039909,48.2006608],[17.0393434,48.2024351]]},"properties":{"voltage":"110000","name":""}},{"type":"Feature","geometry":{"type":"LineString","coordinates":[[17.0616779,48.1735726],[17.0613742,48.1734461],[17.0596455,48.1748151],[17.0576268,48.1763899],[17.0554306,48.1780992],[17.0533959,48.1796887],[17.0514404,48.1811631],[17.0495011,48.1827035],[17.047328,48.184381],[17.0457978,48.1855867],[17.0439347,48.187034],[17.0434643,48.1886691],[17.0428385,48.1907571],[17.0422746,48.1927027],[17.0417419,48.194465],[17.0410323,48.1968679],[17.0403696,48.1990833],[17.039909,48.2006608]]},"properties":{"voltage":"110000","name":""}},{"type":"Feature","geometry":{"type":"LineString","coordinates":[[17.0841524,48.1161279],[17.0824176,48.1172363]]},"properties":{"voltage":"110000","name":""}},{"type":"Feature","geometry":{"type":"LineString","coordinates":[[17.0824176,48.1172363],[17.0841463,48.1171144]]},"properties":{"voltage":"110000","name":""}},{"type":"Feature","geometry":{"type":"LineString","coordinates":[[15.3592573,48.3930751],[15.3591032,48.3943203]]},"properties":{"voltage":"","name":""}},{"type":"Feature","geometry":{"type":"LineString","coordinates":[[15.3591127,48.3943535],[15.3595973,48.394549],[15.3603691,48.3947794],[15.3610889,48.394966],[15.3623233,48.3950404]]},"properties":{"voltage":"","name":""}},{"type":"Feature","geometry":{"type":"LineString","coordinates":[[16.3846707,48.282752],[16.3834074,48.2824504],[16.3822111,48.2819506],[16.383011,48.2805065],[16.3828932,48.2793659],[16.3835691,48.2767169],[16.3845884,48.2747747],[16.385157,48.2728252],[16.3848131,48.2702116],[16.3841523,48.2693258],[16.3831936,48.2680406],[16.382603,48.2671621],[16.3850063,48.2662409],[16.3871468,48.2621654],[16.3887681,48.2601213],[16.3892554,48.2593413],[16.3892876,48.2581842]]},"properties":{"voltage":"400000","name":"400kV-Nordeinspeisung"}},{"type":"Feature","geometry":{"type":"LineString","coordinates":[[16.3960305,48.297414],[16.3958323,48.2973076]]},"properties":{"voltage":"400000","name":"400kV-Nordeinspeisung"}},{"type":"Feature","geometry":{"type":"LineString","coordinates":[[16.3960305,48.297414],[16.3960874,48.2972451]]},"properties":{"voltage":"400000","name":"400kV-Nordeinspeisung"}},{"type":"Feature","geometry":{"type":"LineString","coordinates":[[16.3958323,48.2973076],[16.3956621,48.2970327],[16.3957995,48.2969951]]},"properties":{"voltage":"400000","name":"400kV-Nordeinspeisung"}},{"type":"Feature","geometry":{"type":"LineString","coordinates":[[16.3957995,48.2969951],[16.3959373,48.2969575],[16.3960874,48.2972451]]},"properties":{"voltage":"400000","name":"400kV-Nordeinspeisung"}},{"type":"Feature","geometry":{"type":"LineString","coordinates":[[16.4247834,48.1543786],[16.4245135,48.154196],[16.42311,48.1513457],[16.4242901,48.1486148],[16.4248749,48.1458732],[16.4253845,48.143296],[16.4250669,48.1403328]]},"properties":{"voltage":"380000","name":"Wien S\u00fcdost - Wien Simmering"}},{"type":"Feature","geometry":{"type":"LineString","coordinates":[[15.3528544,48.3619379],[15.3534257,48.3618399],[15.3541057,48.361724],[15.3548191,48.3615947],[15.3556734,48.3614398],[15.3565425,48.3612821],[15.3573807,48.3611217],[15.3582323,48.3609925]]},"properties":{"voltage":"","name":""}},{"type":"Feature","geometry":{"type":"LineString","coordinates":[[15.389331,48.1973886],[15.3892884,48.1970211],[15.3891012,48.1949219],[15.3889081,48.1927472],[15.3887532,48.1907195],[15.3876666,48.1891254]]},"properties":{"voltage":"110000","name":""}},{"type":"Feature","geometry":{"type":"LineString","coordinates":[[16.7485204,48.2660213],[16.7507037,48.2646679],[16.753917,48.2631091],[16.7567414,48.2617378],[16.7601344,48.2600932],[16.762771,48.2588093],[16.7617196,48.2565288],[16.7607543,48.2541663]]},"properties":{"voltage":"110000","name":"Deutsch-Altenburg - Untersiebenbrunn"}},{"type":"Feature","geometry":{"type":"LineString","coordinates":[[16.4163729,48.1245684],[16.4166305,48.1271553],[16.4168238,48.1288656]]},"properties":{"voltage":"380000","name":"Wien S\u00fcdost - Wien Simmering"}},{"type":"Feature","geometry":{"type":"LineString","coordinates":[[16.5243361,48.964175],[16.5242643,48.9643687]]},"properties":{"voltage":"110000","name":""}},{"type":"Feature","geometry":{"type":"LineString","coordinates":[[15.0946299,48.8482198],[15.0962768,48.8495841],[15.0963398,48.8497377],[15.0964189,48.8498912],[15.0963171,48.8501056]]},"properties":{"voltage":"","name":"N\u00d6GIG"}},{"type":"Feature","geometry":{"type":"LineString","coordinates":[[15.0963398,48.8497377],[15.096545,48.849623],[15.0967515,48.8501189],[15.096899,48.8503395],[15.0974301,48.8509008]]},"properties":{"voltage":"","name":"N\u00d6GIG"}},{"type":"Feature","geometry":{"type":"LineString","coordinates":[[16.8642322,48.0955053],[16.8638132,48.095825]]},"properties":{"voltage":"110000","name":""}},{"type":"Feature","geometry":{"type":"LineString","coordinates":[[16.1716699,48.8412797],[16.1708708,48.8420659],[16.1687248,48.8430573],[16.166474,48.8440934],[16.164197,48.8451555],[16.1622399,48.84604],[16.1597756,48.8466787],[16.1572926,48.8473119]]},"properties":{"voltage":"110000","name":""}},{"type":"Feature","geometry":{"type":"LineString","coordinates":[[16.8023437,48.5940755],[16.8026007,48.595708],[16.8027026,48.5963554],[16.8030615,48.5985693],[16.801725,48.6006107],[16.8000241,48.6032165]]},"properties":{"voltage":"110000","name":"G\u00e4nserndorf- Neusiedl an der Zaya"}},{"type":"Feature","geometry":{"type":"LineString","coordinates":[[16.8016025,48.5940352],[16.8019508,48.5966338],[16.8022295,48.5986214],[16.8009393,48.6008274],[16.799505,48.6032584]]},"properties":{"voltage":"110000","name":"Mistelbach- Neusiedl an der Zaya"}},{"type":"Feature","geometry":{"type":"LineString","coordinates":[[17.0342093,48.202039],[17.0333672,48.2022011],[17.032966,48.2022298]]},"properties":{"voltage":"110000","name":""}},{"type":"Feature","geometry":{"type":"LineString","coordinates":[[17.1925592,48.2202322],[17.1929465,48.2199112]]},"properties":{"voltage":"110000","name":""}},{"type":"Feature","geometry":{"type":"LineString","coordinates":[[17.1929596,48.2203985],[17.1925592,48.2202322]]},"properties":{"voltage":"110000","name":""}},{"type":"Feature","geometry":{"type":"LineString","coordinates":[[17.1621912,48.1821598],[17.1603542,48.1814656],[17.1580556,48.180764]]},"properties":{"voltage":"110000","name":""}},{"type":"Feature","geometry":{"type":"LineString","coordinates":[[17.146736,48.1891175],[17.1462585,48.1888548],[17.144444,48.1887135],[17.1410242,48.1883952],[17.1371994,48.1880697],[17.134831,48.1878542],[17.1314514,48.1875538],[17.1275156,48.1872132],[17.1242451,48.186929],[17.121196,48.1866499],[17.1192983,48.1846202],[17.118094,48.183329],[17.1172142,48.1823946],[17.1162392,48.1813529],[17.1167062,48.179934]]},"properties":{"voltage":"110000","name":""}},{"type":"Feature","geometry":{"type":"LineString","coordinates":[[17.1779612,48.1616604],[17.1769201,48.1636774],[17.1792633,48.164767]]},"properties":{"voltage":"110000","name":""}},{"type":"Feature","geometry":{"type":"LineString","coordinates":[[17.1792633,48.164767],[17.1783859,48.1666963],[17.1769381,48.1685358],[17.1753671,48.1705293],[17.1738986,48.1723625],[17.1716731,48.1742734],[17.1695093,48.176133],[17.1677837,48.1776275],[17.1657946,48.1793373],[17.1647645,48.1807367],[17.163697,48.1822622],[17.1621912,48.1821598]]},"properties":{"voltage":"110000","name":""}},{"type":"Feature","geometry":{"type":"LineString","coordinates":[[17.1891472,48.4548215],[17.1867093,48.4536434],[17.183371,48.4520332],[17.1813213,48.4500854],[17.1791797,48.4480423],[17.1770906,48.4460637],[17.1748003,48.4438846],[17.1731074,48.4422971],[17.1712972,48.4405613],[17.1689081,48.4382665],[17.1665373,48.4360523],[17.1648824,48.4344267],[17.1632715,48.4329091],[17.1620661,48.4317445],[17.1624473,48.4289936],[17.1628047,48.4264165],[17.1631424,48.4239517],[17.1635249,48.4211929],[17.1637789,48.4193408],[17.1641241,48.4168386],[17.1644518,48.4144834],[17.1647561,48.412249],[17.165132,48.4095448],[17.1684798,48.4082783],[17.1698266,48.4066103],[17.1707073,48.4055227],[17.1721638,48.4037343],[17.1709375,48.4015149],[17.1679927,48.4015175],[17.1630603,48.4012925],[17.1604387,48.3998458],[17.1582002,48.3986242],[17.1551987,48.3969573],[17.1528844,48.3956917],[17.1513172,48.393653],[17.149397,48.3911699],[17.1480527,48.3894371],[17.146144,48.3869588],[17.1446009,48.384953],[17.1426813,48.3824663],[17.1409925,48.3802843],[17.1393334,48.3781437],[17.1378597,48.3762343],[17.1366076,48.3746241],[17.1350527,48.3725987],[17.1338044,48.3709627],[17.132389,48.369127],[17.1294034,48.3676608],[17.1266855,48.3662945],[17.1237312,48.3648414],[17.1209045,48.3634518],[17.1182901,48.3621442],[17.116052,48.3610436],[17.1129661,48.3595297],[17.110327,48.3582114],[17.1074765,48.3568074],[17.1045219,48.3553659],[17.1023517,48.3542756],[17.1000082,48.3554996],[17.0977939,48.3566775],[17.0961083,48.3575203],[17.0929952,48.3564298],[17.0901308,48.3554101],[17.0870366,48.3543066],[17.0847419,48.3535057],[17.0818017,48.35245],[17.0786634,48.3513367],[17.0755126,48.3502164],[17.0723987,48.3491085],[17.0692604,48.3479924],[17.0661979,48.3469076],[17.0630796,48.3457887],[17.0600037,48.3447064],[17.0569611,48.3436357],[17.0544049,48.3436803],[17.0515792,48.3437463],[17.0487455,48.3438148],[17.0454209,48.3438853],[17.0425629,48.3439584],[17.0399089,48.3440048],[17.0372737,48.3440734],[17.0346183,48.3441456],[17.0318245,48.3441866],[17.0287335,48.3434254],[17.0249864,48.3423886],[17.0225161,48.3418422],[17.0183804,48.3413056],[17.0148567,48.3408852],[17.0113101,48.3404356],[17.00899,48.3383032],[17.010374,48.3358498],[17.0117674,48.3334685],[17.0130562,48.3311941],[17.0142509,48.329158],[17.014793,48.3271933],[17.0150377,48.326378],[17.0120012,48.325173],[17.0094551,48.3241428],[17.0108733,48.3209686],[17.0097991,48.319903],[17.0079218,48.318033],[17.0057223,48.3157936],[17.0038418,48.3153306],[17.0038843,48.3123411],[17.0039071,48.3094502],[17.0039339,48.3067618],[17.0039601,48.3039885],[17.0040004,48.3013347],[17.0040101,48.298572],[17.0040803,48.295952],[17.0040997,48.2933292],[17.0041189,48.2909783],[17.0080407,48.2899975],[17.0112015,48.2892025],[17.015341,48.2901411],[17.0190106,48.2909612],[17.0236776,48.2920234],[17.0270525,48.292773],[17.0308623,48.2936502],[17.0312055,48.2956525],[17.0316104,48.29805],[17.0320826,48.300737],[17.0325976,48.3036313]]},"properties":{"voltage":"110000","name":""}},{"type":"Feature","geometry":{"type":"LineString","coordinates":[[17.1902676,48.4539874],[17.1891472,48.4548215]]},"properties":{"voltage":"110000","name":""}},{"type":"Feature","geometry":{"type":"LineString","coordinates":[[17.1899341,48.4563976],[17.1898822,48.4555771],[17.1902676,48.4539874]]},"properties":{"voltage":"110000","name":""}},{"type":"Feature","geometry":{"type":"LineString","coordinates":[[17.0975675,48.1142433],[17.0971492,48.1137332]]},"properties":{"voltage":"110000","name":""}},{"type":"Feature","geometry":{"type":"LineString","coordinates":[[16.7606547,48.4690286],[16.7602612,48.4686869]]},"properties":{"voltage":"110000","name":""}},{"type":"Feature","geometry":{"type":"LineString","coordinates":[[16.7601059,48.4688309],[16.7606547,48.4690286]]},"properties":{"voltage":"110000","name":""}},{"type":"Feature","geometry":{"type":"LineString","coordinates":[[16.7606547,48.4690286],[16.7629135,48.4706153],[16.7638821,48.4734478],[16.7648585,48.4762971],[16.7656088,48.4785109],[16.7665893,48.4814036],[16.7676031,48.4843941],[16.7686288,48.4874197],[16.769443,48.4898089],[16.7703399,48.4924666],[16.7712241,48.4950744],[16.7720846,48.4976122],[16.7730303,48.5004012],[16.7739636,48.5031532],[16.7747149,48.5053687],[16.7754165,48.5074376],[16.7762539,48.5099064],[16.7770801,48.5123425],[16.7778871,48.5147217],[16.7786889,48.5170853],[16.7795618,48.5196586],[16.7805684,48.5226258],[16.7815475,48.5255118],[16.7824728,48.5282389],[16.7833112,48.5307098],[16.7840942,48.5330176],[16.7851594,48.5361565],[16.7861349,48.5390312],[16.7870276,48.5416617],[16.7880766,48.5447525],[16.7890725,48.5475998],[16.7901566,48.5506992],[16.7910775,48.5533319],[16.7921592,48.5564242],[16.7932066,48.5594181],[16.7942368,48.5623628],[16.795187,48.5650785],[16.7960677,48.5675956],[16.7971078,48.570568],[16.7981409,48.5735204],[16.7992195,48.5766023],[16.7995796,48.5792375],[16.7999324,48.5818182],[16.8003248,48.5846891],[16.8006797,48.5872851],[16.8009479,48.5892473],[16.8011779,48.59093],[16.8012757,48.5916452],[16.8023437,48.5940755]]},"properties":{"voltage":"110000","name":"G\u00e4nserndorf - Neusiedl an der Zaya"}},{"type":"Feature","geometry":{"type":"LineString","coordinates":[[16.7608411,48.4680065],[16.7620312,48.4677982]]},"properties":{"voltage":"110000","name":""}},{"type":"Feature","geometry":{"type":"LineString","coordinates":[[15.9409476,48.3311515],[15.9415617,48.3301021]]},"properties":{"voltage":"110000","name":""}},{"type":"Feature","geometry":{"type":"LineString","coordinates":[[15.7140493,48.2857431],[15.71198,48.2884317],[15.7099836,48.2910362],[15.7080194,48.2935714],[15.7062502,48.2958846],[15.7044545,48.2982081],[15.7023285,48.3009519],[15.7002714,48.3036599],[15.6987415,48.3056679],[15.6970375,48.3078448],[15.6983717,48.3104092],[15.6999049,48.3133109],[15.7014355,48.3162279],[15.7029475,48.3191131],[15.7043156,48.3217018],[15.7058073,48.3245461],[15.7071864,48.3271688],[15.7086128,48.3298868],[15.7094002,48.3322269]]},"properties":{"voltage":"110000","name":"Pottenbrunn - Thei\u00df"}},{"type":"Feature","geometry":{"type":"LineString","coordinates":[[16.5137062,48.3418681],[16.5162755,48.34348]]},"properties":{"voltage":"380000","name":"Bisamberg - Neusiedl an der Zaya"}},{"type":"Feature","geometry":{"type":"LineString","coordinates":[[16.5166899,48.3377993],[16.5171469,48.3410768]]},"properties":{"voltage":"380000","name":"Sarasdorf - Neusiedl an der Zaya;Bisamberg - Sarasdorf"}},{"type":"Feature","geometry":{"type":"LineString","coordinates":[[16.5162755,48.34348],[16.5182198,48.3461948],[16.5198138,48.3484206],[16.5211871,48.350338],[16.5250772,48.3515621],[16.5290433,48.3528102],[16.5331554,48.352603],[16.5372278,48.3521766],[16.541214,48.3517592],[16.5459758,48.3512606],[16.5489362,48.3509506],[16.5535858,48.3504638],[16.5581704,48.3499837],[16.5626973,48.3495097],[16.5675454,48.349002],[16.5719723,48.3485385],[16.5767229,48.348041],[16.5814213,48.347549],[16.5860059,48.3470689],[16.5907773,48.3465693],[16.5958596,48.3460371],[16.5992692,48.3467682],[16.604168,48.3478186],[16.608832,48.3488186],[16.6127003,48.3496481],[16.6167294,48.3505119],[16.6205662,48.3513346],[16.6251672,48.3523211],[16.6284211,48.3530187],[16.6327588,48.3524986],[16.637105,48.3519776],[16.641122,48.3514959],[16.6451532,48.3510126],[16.6494163,48.3505014],[16.6526554,48.3501131],[16.6561533,48.3496937],[16.6611651,48.3490927],[16.6660076,48.3485121],[16.6695961,48.3503864],[16.6730273,48.3502775],[16.6766347,48.350163],[16.68184,48.3500971],[16.687087,48.3500307],[16.6911297,48.3499795],[16.6950947,48.3499293],[16.6981381,48.3498907],[16.7020763,48.3498409],[16.7059877,48.3497913],[16.7110175,48.3509552],[16.7140985,48.3528485],[16.7174212,48.3548903],[16.7205939,48.3568398],[16.7222824,48.3596647],[16.7241607,48.362807],[16.726077,48.3660126],[16.7279409,48.3691304],[16.732743,48.3701856],[16.7377029,48.3712755],[16.7422237,48.3717473],[16.7469104,48.3722363],[16.7506001,48.3726213],[16.7531323,48.3728856],[16.7549108,48.3760719],[16.7564612,48.3788494],[16.757831,48.3813032],[16.7617626,48.3831491],[16.7647574,48.3845551],[16.7663321,48.3864007],[16.7648688,48.3886893],[16.7635605,48.3907355],[16.7650234,48.393439],[16.7663125,48.395821],[16.7670179,48.3990568],[16.7675057,48.4012941],[16.7682123,48.4045352],[16.7687583,48.4070394],[16.7692313,48.4092081],[16.769909,48.4123163],[16.7704739,48.4149067],[16.7709932,48.4172877],[16.771737,48.4206979],[16.7704632,48.4237739],[16.7693171,48.4265416],[16.7684338,48.4286745],[16.7675894,48.4307135],[16.7672555,48.4332528],[16.766828,48.4365036],[16.7664153,48.4396412],[16.7660092,48.4427296],[16.7657306,48.4448478],[16.765462,48.4468897],[16.7651782,48.4490467],[16.7649044,48.4511286],[16.7646093,48.4533718],[16.7642892,48.4558046],[16.7638819,48.4589004],[16.763518,48.4616664],[16.7631718,48.4642977],[16.7627237,48.4677028],[16.7634174,48.4705321],[16.7646245,48.4741037],[16.765911,48.4779101],[16.7670159,48.481179],[16.7678396,48.4836158],[16.7717965,48.485783],[16.7757134,48.4879281],[16.7762995,48.489758],[16.7768431,48.4914551],[16.7775403,48.4936314],[16.7781236,48.4954523],[16.7791558,48.4986741],[16.7801485,48.5017727],[16.7812679,48.5052663],[16.7822767,48.5084145],[16.7830434,48.5108073],[16.7823032,48.5131994],[16.7812904,48.5164728],[16.7802777,48.5197454],[16.7813001,48.5227531],[16.782222,48.5254649],[16.7831617,48.528229],[16.7839965,48.5306844],[16.7847925,48.5330253],[16.7859726,48.5364959],[16.7868232,48.5389975],[16.7877942,48.5418526],[16.7887829,48.5447599],[16.7897732,48.5475837],[16.7908383,48.5506209],[16.7918408,48.5534792],[16.7927573,48.5560921],[16.793888,48.5593155],[16.7949372,48.5623066],[16.7958767,48.5649846],[16.7967524,48.5674809],[16.7977813,48.5704135],[16.7988572,48.57348],[16.7998441,48.5762925],[16.8002447,48.5793673],[16.8007476,48.5832271],[16.8015469,48.5869009],[16.8020037,48.5890005],[16.802629,48.5919948],[16.8033597,48.5954941],[16.80373,48.5982561],[16.8035027,48.6006528],[16.80328,48.6030006],[16.8015892,48.6052185]]},"properties":{"voltage":"380000","name":"Bisamberg - Neusiedl an der Zaya;Sarasdorf - Neusiedl an der Zaya"}},{"type":"Feature","geometry":{"type":"LineString","coordinates":[[16.4611721,48.0055057],[16.4609057,48.005317],[16.4606237,48.0055057]]},"properties":{"voltage":"","name":""}},{"type":"Feature","geometry":{"type":"LineString","coordinates":[[16.4610859,48.0060141],[16.4609057,48.0061504],[16.4607177,48.0060194]]},"properties":{"voltage":"","name":""}},{"type":"Feature","geometry":{"type":"LineString","coordinates":[[16.4213996,48.1250225],[16.4213974,48.1249395],[16.4213954,48.1248634],[16.4213928,48.1247661],[16.4213888,48.124613]]},"properties":{"voltage":"110000","name":""}},{"type":"Feature","geometry":{"type":"LineString","coordinates":[[16.4206955,48.1250258],[16.4206939,48.1249444],[16.4206925,48.1248683],[16.4206904,48.1247616],[16.4206888,48.1246748]]},"properties":{"voltage":"110000","name":""}},{"type":"Feature","geometry":{"type":"LineString","coordinates":[[16.4201295,48.1246614],[16.4201306,48.1247625],[16.4201318,48.1248722],[16.4201327,48.1249483],[16.4201336,48.1250284]]},"properties":{"voltage":"110000","name":""}},{"type":"Feature","geometry":{"type":"LineString","coordinates":[[16.4216597,48.1244931],[16.4216664,48.1247572],[16.4216691,48.1248615],[16.421671,48.1249376],[16.4216731,48.1250213]]},"properties":{"voltage":"110000","name":""}},{"type":"Feature","geometry":{"type":"LineString","coordinates":[[16.4216597,48.1244931],[16.421645,48.1245208],[16.4215323,48.1245199],[16.4214237,48.1245602],[16.4209637,48.1245629],[16.4209664,48.1246095]]},"properties":{"voltage":"110000","name":""}},{"type":"Feature","geometry":{"type":"LineString","coordinates":[[16.4197675,48.1257874],[16.4197406,48.1257687],[16.4198332,48.1256917],[16.4198211,48.1246918],[16.4198653,48.1246632],[16.4201295,48.1246614]]},"properties":{"voltage":"110000","name":""}},{"type":"Feature","geometry":{"type":"LineString","coordinates":[[16.4186305,48.1226694],[16.4186516,48.1231144],[16.4186811,48.1241117],[16.4187267,48.1241439],[16.4193732,48.1241422],[16.4194027,48.1241654],[16.4194134,48.1245504],[16.4204085,48.1245468],[16.4204085,48.1246148]]},"properties":{"voltage":"110000","name":""}},{"type":"Feature","geometry":{"type":"LineString","coordinates":[[16.4185,48.1211454],[16.4187844,48.1216006],[16.4187871,48.1219721],[16.4186195,48.1220581],[16.4186309,48.1226471],[16.4186305,48.1226694],[16.4186704,48.1231153],[16.4186919,48.1241046],[16.4187281,48.1241323],[16.4193772,48.1241305],[16.4194161,48.1241583],[16.4194255,48.1245396],[16.4205506,48.1245298],[16.4205547,48.1246121]]},"properties":{"voltage":"110000","name":""}},{"type":"Feature","geometry":{"type":"LineString","coordinates":[[16.4206888,48.1246748],[16.419868,48.1246775],[16.4198385,48.1246999],[16.4198519,48.1256917],[16.4197581,48.1257687],[16.4197675,48.1257874]]},"properties":{"voltage":"110000","name":""}},{"type":"Feature","geometry":{"type":"LineString","coordinates":[[16.4208296,48.1250252],[16.4208289,48.1249434],[16.4208282,48.1248674],[16.4208274,48.1247697],[16.4208229,48.1245557]]},"properties":{"voltage":"110000","name":""}},{"type":"Feature","geometry":{"type":"LineString","coordinates":[[16.4211072,48.1250239],[16.4211072,48.1249415],[16.4211072,48.1248654],[16.4211072,48.1247491],[16.4211877,48.1247482],[16.4212655,48.1247473],[16.421266,48.1248643],[16.4212664,48.1249404],[16.4212668,48.1250232]]},"properties":{"voltage":"110000","name":""}},{"type":"Feature","geometry":{"type":"LineString","coordinates":[[16.4213888,48.124613],[16.4214411,48.1246121],[16.4214599,48.1246229],[16.4214666,48.1250114],[16.4214344,48.12504],[16.42124,48.1251117],[16.4198855,48.125117],[16.419856,48.1251349],[16.419868,48.1256908],[16.4197788,48.1257669],[16.4197675,48.1257874]]},"properties":{"voltage":"110000","name":""}},{"type":"Feature","geometry":{"type":"LineString","coordinates":[[16.4215243,48.1245575],[16.4215279,48.1247679],[16.4215296,48.1248625],[16.4215309,48.1249386],[16.4215323,48.1250219]]},"properties":{"voltage":"110000","name":""}},{"type":"Feature","geometry":{"type":"LineString","coordinates":[[16.4218019,48.1245575],[16.4218031,48.124767],[16.4218037,48.1248606],[16.4218041,48.1249367],[16.4218046,48.1250207]]},"properties":{"voltage":"110000","name":""}},{"type":"Feature","geometry":{"type":"LineString","coordinates":[[16.421873,48.1248601],[16.4218037,48.1248606],[16.4216691,48.1248615],[16.4215296,48.1248625],[16.4213954,48.1248634],[16.421266,48.1248643],[16.4211072,48.1248654],[16.4209697,48.1248664],[16.4208282,48.1248674],[16.4206925,48.1248683],[16.420558,48.1248692],[16.4204143,48.1248702],[16.4201318,48.1248722],[16.4199364,48.1248735]]},"properties":{"voltage":"110000","name":""}},{"type":"Feature","geometry":{"type":"LineString","coordinates":[[16.421873,48.1249362],[16.4218041,48.1249367],[16.421671,48.1249376],[16.4215309,48.1249386],[16.4213974,48.1249395],[16.4212664,48.1249404],[16.4211072,48.1249415],[16.4209707,48.1249425],[16.4208289,48.1249434],[16.4206939,48.1249444],[16.420559,48.1249453],[16.420416,48.1249463],[16.4201327,48.1249483],[16.4199364,48.1249496]]},"properties":{"voltage":"110000","name":""}},{"type":"Feature","geometry":{"type":"LineString","coordinates":[[16.4218716,48.1250204],[16.4218046,48.1250207],[16.4216731,48.1250213],[16.4215323,48.1250219],[16.4213996,48.1250225],[16.4212668,48.1250232],[16.4211072,48.1250239],[16.4209718,48.1250245],[16.4208296,48.1250252],[16.4206955,48.1250258],[16.42056,48.1250264],[16.4204179,48.1250271],[16.4201336,48.1250284],[16.4199378,48.1250293]]},"properties":{"voltage":"110000","name":""}},{"type":"Feature","geometry":{"type":"LineString","coordinates":[[16.4223719,48.1251721],[16.4218783,48.1251698]]},"properties":{"voltage":"110000","name":""}},{"type":"Feature","geometry":{"type":"LineString","coordinates":[[16.4223772,48.1254265],[16.421881,48.1254277]]},"properties":{"voltage":"110000","name":""}},{"type":"Feature","geometry":{"type":"LineString","coordinates":[[16.4218864,48.1259343],[16.4223826,48.1259377]]},"properties":{"voltage":"110000","name":""}},{"type":"Feature","geometry":{"type":"LineString","coordinates":[[16.4218783,48.1251698],[16.421822,48.1251698],[16.421826,48.1251054],[16.4219923,48.1250311],[16.4220071,48.1250159],[16.4219722,48.1245647],[16.421928,48.1245548],[16.4218019,48.1245575]]},"properties":{"voltage":"110000","name":""}},{"type":"Feature","geometry":{"type":"LineString","coordinates":[[16.421881,48.1254277],[16.4218998,48.1253919],[16.4218998,48.1253489],[16.4220567,48.1251591],[16.4220527,48.1245692],[16.4220272,48.1245459],[16.4219937,48.1245378],[16.4217335,48.1245387],[16.4216906,48.124554],[16.4215243,48.1245575]]},"properties":{"voltage":"110000","name":""}},{"type":"Feature","geometry":{"type":"LineString","coordinates":[[16.4208229,48.1245557],[16.4214143,48.124554],[16.421527,48.1245128],[16.4219789,48.1245119],[16.4220379,48.124536],[16.4220728,48.1245674],[16.4220822,48.1256407],[16.4219025,48.1258493],[16.4219038,48.1258896],[16.4218864,48.1259343]]},"properties":{"voltage":"110000","name":""}},{"type":"Feature","geometry":{"type":"LineString","coordinates":[[16.4236289,48.1251645],[16.4233578,48.125167],[16.4230424,48.1251699],[16.4226606,48.1251734],[16.4223719,48.1251721]]},"properties":{"voltage":"220000","name":""}},{"type":"Feature","geometry":{"type":"LineString","coordinates":[[16.4236326,48.125417],[16.4233588,48.1254195],[16.4230478,48.1254223],[16.4226631,48.1254259],[16.4223772,48.1254265]]},"properties":{"voltage":"220000","name":""}},{"type":"Feature","geometry":{"type":"LineString","coordinates":[[16.4223826,48.1259377],[16.4226682,48.1259397],[16.4230531,48.1259376],[16.4233608,48.1259359],[16.4236404,48.1259344]]},"properties":{"voltage":"220000","name":""}},{"type":"Feature","geometry":{"type":"LineString","coordinates":[[16.4243379,48.1260507],[16.4243374,48.1257991],[16.4243371,48.1256725],[16.4243369,48.1255566],[16.4243363,48.1252966],[16.4243358,48.1250455],[16.4243355,48.1249082],[16.4243353,48.1247909]]},"properties":{"voltage":"220000","name":""}},{"type":"Feature","geometry":{"type":"LineString","coordinates":[[16.4226657,48.1256873],[16.4233598,48.1256819],[16.4236366,48.1256792],[16.4243371,48.1256725],[16.4244774,48.1256712]]},"properties":{"voltage":"220000","name":""}},{"type":"Feature","geometry":{"type":"LineString","coordinates":[[16.4233593,48.1255566],[16.4236347,48.1255566],[16.4239302,48.1255566],[16.4243369,48.1255566],[16.4244774,48.1255566]]},"properties":{"voltage":"220000","name":""}},{"type":"Feature","geometry":{"type":"LineString","coordinates":[[16.4244761,48.1260494],[16.4252227,48.1259046]]},"properties":{"voltage":"220000","name":""}},{"type":"Feature","geometry":{"type":"LineString","coordinates":[[16.424474,48.125798],[16.4252227,48.1259046]]},"properties":{"voltage":"220000","name":""}},{"type":"Feature","geometry":{"type":"LineString","coordinates":[[16.4255454,48.1251528],[16.4244837,48.1252963]]},"properties":{"voltage":"220000","name":""}},{"type":"Feature","geometry":{"type":"LineString","coordinates":[[16.4255454,48.1251528],[16.4244818,48.1250451]]},"properties":{"voltage":"220000","name":""}},{"type":"Feature","geometry":{"type":"LineString","coordinates":[[16.424472,48.1249067],[16.4243355,48.1249082],[16.4239276,48.1249128],[16.4236252,48.1249162],[16.4233568,48.1249192]]},"properties":{"voltage":"220000","name":""}},{"type":"Feature","geometry":{"type":"LineString","coordinates":[[16.424472,48.1247903],[16.4243353,48.1247909],[16.4239249,48.1247929],[16.4236234,48.1247944],[16.4233563,48.1247957]]},"properties":{"voltage":"220000","name":""}},{"type":"Feature","geometry":{"type":"LineString","coordinates":[[16.4225489,48.1234833],[16.422389,48.1234769]]},"properties":{"voltage":"220000","name":""}},{"type":"Feature","geometry":{"type":"LineString","coordinates":[[16.4225543,48.1242209],[16.4223836,48.1242109]]},"properties":{"voltage":"220000","name":""}},{"type":"Feature","geometry":{"type":"LineString","coordinates":[[16.4236151,48.1242388],[16.4233541,48.1242423],[16.4229431,48.1242478],[16.4228115,48.1242495],[16.4226723,48.1242514],[16.4225543,48.1242209]]},"properties":{"voltage":"220000","name":""}},{"type":"Feature","geometry":{"type":"LineString","coordinates":[[16.4236041,48.1235012],[16.4233511,48.1235026],[16.4229324,48.1235051],[16.4228093,48.1235058],[16.422675,48.1235066],[16.4225489,48.1234833]]},"properties":{"voltage":"220000","name":""}},{"type":"Feature","geometry":{"type":"LineString","coordinates":[[16.423603,48.1234296],[16.4236041,48.1235012],[16.4236151,48.1242388],[16.4236234,48.1247944],[16.4236252,48.1249162],[16.4236271,48.1250474],[16.4236289,48.1251645],[16.4236309,48.1252981],[16.4236326,48.125417],[16.4236347,48.1255566],[16.4236366,48.1256792],[16.4236384,48.1258049],[16.4236404,48.1259344],[16.4236422,48.1260571],[16.4236432,48.1261259]]},"properties":{"voltage":"220000","name":""}},{"type":"Feature","geometry":{"type":"LineString","coordinates":[[16.4233616,48.1261277],[16.4233613,48.1260597],[16.4233608,48.1259359],[16.4233603,48.1258072],[16.4233598,48.1256819],[16.4233593,48.1255566],[16.4233588,48.1254195],[16.4233583,48.1252988],[16.4233578,48.125167],[16.4233573,48.1250481],[16.4233568,48.1249192],[16.4233563,48.1247957],[16.4233541,48.1242423],[16.4233511,48.1235026],[16.4233509,48.1234331]]},"properties":{"voltage":"220000","name":""}},{"type":"Feature","geometry":{"type":"LineString","coordinates":[[16.4226696,48.1260811],[16.4226682,48.1259397],[16.4226657,48.1256873],[16.4226631,48.1254259],[16.4226606,48.1251734],[16.4226589,48.1249926]]},"properties":{"voltage":"220000","name":""}},{"type":"Feature","geometry":{"type":"LineString","coordinates":[[16.4228117,48.1243301],[16.4228115,48.1242495],[16.4228093,48.1235058],[16.4228091,48.1234314]]},"properties":{"voltage":"220000","name":""}},{"type":"Feature","geometry":{"type":"LineString","coordinates":[[16.4226589,48.1249926],[16.4227393,48.1246345],[16.4228117,48.1243301]]},"properties":{"voltage":"220000","name":""}},{"type":"Feature","geometry":{"type":"LineString","coordinates":[[16.4223836,48.1242109],[16.4220232,48.1241833]]},"properties":{"voltage":"380000","name":""}},{"type":"Feature","geometry":{"type":"LineString","coordinates":[[16.4220178,48.1234551],[16.422389,48.1234769]]},"properties":{"voltage":"380000","name":""}},{"type":"Feature","geometry":{"type":"LineString","coordinates":[[16.4220232,48.1241833],[16.4217805,48.124185],[16.4213473,48.1241879],[16.4204219,48.1241941],[16.420419,48.1240371],[16.4204138,48.1237522]]},"properties":{"voltage":"380000","name":""}},{"type":"Feature","geometry":{"type":"LineString","coordinates":[[16.4208993,48.1240352],[16.4208967,48.1237505],[16.420894,48.1234439],[16.4213473,48.1234421],[16.4217684,48.1234404],[16.4220178,48.1234551]]},"properties":{"voltage":"380000","name":""}},{"type":"Feature","geometry":{"type":"LineString","coordinates":[[16.4194017,48.1223734],[16.4194369,48.1231227]]},"properties":{"voltage":"380000","name":""}},{"type":"Feature","geometry":{"type":"LineString","coordinates":[[16.4194017,48.1223734],[16.4196801,48.1231223]]},"properties":{"voltage":"380000","name":""}},{"type":"Feature","geometry":{"type":"LineString","coordinates":[[16.419921,48.12312],[16.4200385,48.1226537]]},"properties":{"voltage":"380000","name":""}},{"type":"Feature","geometry":{"type":"LineString","coordinates":[[16.4201653,48.1231232],[16.4200385,48.1226537]]},"properties":{"voltage":"380000","name":""}},{"type":"Feature","geometry":{"type":"LineString","coordinates":[[16.4191935,48.1232853],[16.4191995,48.1236301],[16.4192043,48.1238999],[16.4192068,48.124042]]},"properties":{"voltage":"380000","name":""}},{"type":"Feature","geometry":{"type":"LineString","coordinates":[[16.4189548,48.1232862],[16.4189547,48.1236355],[16.4189547,48.1237575],[16.4189547,48.1239008],[16.4189547,48.124043]]},"properties":{"voltage":"380000","name":""}},{"type":"Feature","geometry":{"type":"LineString","coordinates":[[16.4187133,48.1240439],[16.4187113,48.1239017],[16.4187093,48.1237584],[16.4187025,48.1232872]]},"properties":{"voltage":"380000","name":""}},{"type":"Feature","geometry":{"type":"LineString","coordinates":[[16.416973,48.1226225],[16.4174995,48.1231336]]},"properties":{"voltage":"380000","name":""}},{"type":"Feature","geometry":{"type":"LineString","coordinates":[[16.417259,48.1231337],[16.4172944,48.1230831],[16.4189051,48.1230733],[16.4189064,48.1229873],[16.4189655,48.1229399],[16.4192981,48.1229399],[16.419396,48.1229757],[16.4204299,48.1229802],[16.4205399,48.12305],[16.4207733,48.1231153],[16.4215739,48.1231153],[16.4217979,48.1231189],[16.421936,48.1231467],[16.4220084,48.1231762],[16.422274,48.1231064],[16.4224496,48.1231091],[16.4225744,48.1231529],[16.4228801,48.1233302],[16.4237478,48.1233302],[16.4237492,48.1244268],[16.4238015,48.1245235],[16.4238766,48.1245674],[16.4240322,48.1245924],[16.4245002,48.1245915],[16.4244975,48.1247912],[16.424472,48.1247903]]},"properties":{"voltage":"220000","name":""}},{"type":"Feature","geometry":{"type":"LineString","coordinates":[[16.4170192,48.1231378],[16.4170732,48.1230742],[16.418893,48.1230661],[16.4188957,48.1229837],[16.4189628,48.1229309],[16.4193074,48.12293],[16.4194013,48.1229658],[16.4204353,48.122973],[16.420552,48.1230446],[16.4207786,48.1231064],[16.4215833,48.1231055],[16.4218059,48.1231109],[16.4219481,48.1231386],[16.4220111,48.1231655],[16.4222713,48.1230974],[16.4224537,48.1231001],[16.4225864,48.1231476],[16.4228868,48.123323],[16.4237612,48.1233212],[16.4237706,48.1244241],[16.4238189,48.124519],[16.4238846,48.1245557],[16.4240415,48.1245817],[16.424519,48.1245826],[16.4245176,48.1249067],[16.424472,48.1249067]]},"properties":{"voltage":"220000","name":""}},{"type":"Feature","geometry":{"type":"LineString","coordinates":[[16.416973,48.1226225],[16.4167676,48.1231364]]},"properties":{"voltage":"380000","name":""}},{"type":"Feature","geometry":{"type":"LineString","coordinates":[[16.4164518,48.1242195],[16.4158173,48.1246355]]},"properties":{"voltage":"380000","name":""}},{"type":"Feature","geometry":{"type":"LineString","coordinates":[[16.416214,48.1242219],[16.4158173,48.1246355]]},"properties":{"voltage":"380000","name":""}},{"type":"Feature","geometry":{"type":"LineString","coordinates":[[16.4160848,48.1232971],[16.4162001,48.1232966],[16.4164495,48.1232957],[16.4167692,48.1232945],[16.41702,48.1232935],[16.4172605,48.1232926],[16.4175007,48.1232917],[16.4187025,48.1232872],[16.4189548,48.1232862],[16.4191935,48.1232853],[16.419438,48.1232844],[16.4196818,48.1232835],[16.4199219,48.1232826],[16.420166,48.1232816],[16.4217657,48.1232756],[16.4217684,48.1234404],[16.4217805,48.124185],[16.4217818,48.1242603]]},"properties":{"voltage":"380000","name":""}},{"type":"Feature","geometry":{"type":"LineString","coordinates":[[16.4160901,48.123768],[16.4162072,48.1237675],[16.4164507,48.1237666],[16.4167739,48.1237655],[16.4170222,48.1237646],[16.4175042,48.1237628],[16.4187093,48.1237584],[16.4189547,48.1237575],[16.419441,48.1237558],[16.4196867,48.1237549],[16.4199242,48.123754],[16.4201684,48.1237531],[16.4204138,48.1237522],[16.4208967,48.1237505],[16.4210173,48.1237501]]},"properties":{"voltage":"380000","name":""}},{"type":"Feature","geometry":{"type":"LineString","coordinates":[[16.4160874,48.1239112],[16.4162093,48.1239107],[16.4164511,48.1239099],[16.4167753,48.1239087],[16.4170228,48.1239078],[16.4172663,48.1239069],[16.4175053,48.123906],[16.4187113,48.1239017],[16.4189547,48.1239008],[16.4192043,48.1238999],[16.4194419,48.123899],[16.4196882,48.1238981],[16.419925,48.1238973],[16.4201691,48.1238964],[16.42102,48.1238933]]},"properties":{"voltage":"380000","name":""}},{"type":"Feature","geometry":{"type":"LineString","coordinates":[[16.4160901,48.1240544],[16.4162114,48.1240539],[16.4164514,48.124053],[16.4167767,48.1240517],[16.4170235,48.1240507],[16.4172676,48.1240497],[16.4175063,48.1240488],[16.4187133,48.1240439],[16.4189547,48.124043],[16.4192068,48.124042],[16.4194429,48.124041],[16.4196896,48.12404],[16.4199257,48.1240391],[16.4201698,48.1240381],[16.420419,48.1240371],[16.4208993,48.1240352],[16.4210147,48.1240347]]},"properties":{"voltage":"380000","name":""}},{"type":"Feature","geometry":{"type":"LineString","coordinates":[[16.4197647,48.1251566],[16.4197675,48.1257874]]},"properties":{"voltage":"110000","name":""}},{"type":"Feature","geometry":{"type":"LineString","coordinates":[[16.4195557,48.1252312],[16.4196588,48.1257882]]},"properties":{"voltage":"110000","name":""}},{"type":"Feature","geometry":{"type":"LineString","coordinates":[[16.4187844,48.1216006],[16.4186339,48.1211434]]},"properties":{"voltage":"110000","name":""}},{"type":"Feature","geometry":{"type":"LineString","coordinates":[[16.4187844,48.1216006],[16.4187543,48.1211438]]},"properties":{"voltage":"110000","name":""}},{"type":"Feature","geometry":{"type":"LineString","coordinates":[[16.4183765,48.121145],[16.4187844,48.1216006]]},"properties":{"voltage":"110000","name":""}},{"type":"Feature","geometry":{"type":"LineString","coordinates":[[16.4216597,48.1244931],[16.4216597,48.1244125],[16.4215176,48.1244125],[16.4215149,48.1242406],[16.4215136,48.123093],[16.4207813,48.123093],[16.42056,48.1230285],[16.4204071,48.1228307],[16.4202905,48.1226776],[16.4201376,48.1225683],[16.4198801,48.1225021],[16.4195086,48.1225048],[16.4188045,48.1225039],[16.4187348,48.122503],[16.4186999,48.1225272],[16.4186986,48.1226686],[16.4186305,48.1226694]]},"properties":{"voltage":"110000","name":""}},{"type":"Feature","geometry":{"type":"LineString","coordinates":[[16.4209664,48.1246095],[16.4209683,48.1247554],[16.4209697,48.1248664],[16.4209707,48.1249425],[16.4209718,48.1250245]]},"properties":{"voltage":"110000","name":""}},{"type":"Feature","geometry":{"type":"LineString","coordinates":[[16.4205547,48.1246121],[16.4205566,48.1247625],[16.420558,48.1248692],[16.420559,48.1249453],[16.42056,48.1250264]]},"properties":{"voltage":"110000","name":""}},{"type":"Feature","geometry":{"type":"LineString","coordinates":[[16.4204085,48.1246148],[16.4204118,48.1247625],[16.4204143,48.1248702],[16.420416,48.1249463],[16.4204179,48.1250271]]},"properties":{"voltage":"110000","name":""}},{"type":"Feature","geometry":{"type":"LineString","coordinates":[[16.416973,48.1226225],[16.4170192,48.1231378]]},"properties":{"voltage":"220000","name":""}},{"type":"Feature","geometry":{"type":"LineString","coordinates":[[16.416973,48.1226225],[16.417259,48.1231337]]},"properties":{"voltage":"220000","name":""}},{"type":"Feature","geometry":{"type":"LineString","coordinates":[[16.4223836,48.1242109],[16.4224175,48.1241663],[16.4224738,48.1241404],[16.4224751,48.1239756],[16.4223351,48.1239789]]},"properties":{"voltage":"","name":""}},{"type":"Feature","geometry":{"type":"LineString","coordinates":[[16.422389,48.1234769],[16.4224121,48.1234287],[16.4224711,48.1234027],[16.4224671,48.1232362],[16.4223353,48.1232378]]},"properties":{"voltage":"","name":""}},{"type":"Feature","geometry":{"type":"LineString","coordinates":[[16.6973721,48.0312528],[16.6973729,48.0311734],[16.6973739,48.0310723],[16.6973747,48.0309924]]},"properties":{"voltage":"110000","name":""}},{"type":"Feature","geometry":{"type":"LineString","coordinates":[[16.6976416,48.0312523],[16.6976416,48.0311723],[16.6976416,48.0310678],[16.6976416,48.0310265]]},"properties":{"voltage":"110000","name":""}},{"type":"Feature","geometry":{"type":"LineString","coordinates":[[16.6967753,48.0312539],[16.6967753,48.0311758],[16.6967753,48.0310696],[16.6967753,48.0310382]]},"properties":{"voltage":"110000","name":""}},{"type":"Feature","geometry":{"type":"LineString","coordinates":[[16.6965803,48.0313565],[16.6963327,48.0313548],[16.6963354,48.0312489],[16.696393,48.0312494],[16.6964495,48.0312499]]},"properties":{"voltage":"110000","name":""}},{"type":"Feature","geometry":{"type":"LineString","coordinates":[[16.6956621,48.0315879],[16.6956675,48.0313879],[16.6958043,48.0313888],[16.6958053,48.0314624],[16.6958059,48.0315059]]},"properties":{"voltage":"110000","name":""}},{"type":"Feature","geometry":{"type":"LineString","coordinates":[[16.6962321,48.0315044],[16.6962341,48.0315868],[16.6962359,48.0316587],[16.6962428,48.0319413]]},"properties":{"voltage":"110000","name":""}},{"type":"Feature","geometry":{"type":"LineString","coordinates":[[16.6955397,48.0319463],[16.6955356,48.0316597],[16.6955345,48.0315882],[16.6955334,48.0315069]]},"properties":{"voltage":"110000","name":""}},{"type":"Feature","geometry":{"type":"LineString","coordinates":[[16.6969844,48.0301038],[16.6960913,48.0313628]]},"properties":{"voltage":"110000","name":"Sarasdorf - Bruck an der Leitha"}},{"type":"Feature","geometry":{"type":"LineString","coordinates":[[16.6959562,48.0313633],[16.6969844,48.0301038]]},"properties":{"voltage":"110000","name":"Sarasdorf - Bruck an der Leitha"}},{"type":"Feature","geometry":{"type":"LineString","coordinates":[[16.6941436,48.0300449],[16.6953966,48.0313718]]},"properties":{"voltage":"110000","name":"Wasenbruck - Sarasdorf"}},{"type":"Feature","geometry":{"type":"LineString","coordinates":[[16.6941436,48.0300449],[16.6952703,48.0313697]]},"properties":{"voltage":"110000","name":"Wasenbruck - Sarasdorf"}},{"type":"Feature","geometry":{"type":"LineString","coordinates":[[16.6979755,48.0311709],[16.6976416,48.0311723],[16.6973729,48.0311734],[16.6967753,48.0311758],[16.696448,48.0311772],[16.6964495,48.0312499],[16.6964547,48.0315036],[16.6962321,48.0315044],[16.6960896,48.0315049],[16.6959568,48.0315054],[16.6958059,48.0315059],[16.6955334,48.0315069],[16.6953974,48.0315074],[16.6952713,48.0315078],[16.6951914,48.0315081]]},"properties":{"voltage":"110000","name":""}},{"type":"Feature","geometry":{"type":"LineString","coordinates":[[16.6951941,48.0315888],[16.6952719,48.0315887],[16.6953979,48.0315884],[16.6955345,48.0315882],[16.6956621,48.0315879],[16.6959572,48.0315873],[16.6960886,48.0315871],[16.6962341,48.0315868],[16.6965821,48.0315861],[16.6965803,48.0313565],[16.6965795,48.0312543],[16.6967753,48.0312539],[16.6973721,48.0312528],[16.6976416,48.0312523],[16.6979782,48.0312516]]},"properties":{"voltage":"110000","name":""}},{"type":"Feature","geometry":{"type":"LineString","coordinates":[[16.7679427,48.0349429],[16.7672029,48.034297]]},"properties":{"voltage":"110000","name":"Bruck an der Leitha - Deutsch Altenburg"}},{"type":"Feature","geometry":{"type":"LineString","coordinates":[[16.7673933,48.0341998],[16.7679427,48.0349429]]},"properties":{"voltage":"110000","name":"Bruck an der Leitha - Deutsch Altenburg"}},{"type":"Feature","geometry":{"type":"LineString","coordinates":[[16.6967753,48.0310382],[16.6970448,48.0303637],[16.7007717,48.0304481],[16.7040038,48.0305144],[16.7073351,48.0305844],[16.7103177,48.0306471],[16.7144644,48.030744],[16.7186594,48.030961],[16.7227766,48.0311745],[16.7270628,48.0313933],[16.7309949,48.0315942],[16.7348921,48.0318023],[16.7383844,48.0320121],[16.7421958,48.0322417],[16.74568,48.0324516],[16.7490703,48.0326524],[16.7530829,48.0328946],[16.7562345,48.0330865],[16.7606413,48.0333502],[16.7649677,48.0336084],[16.7668637,48.0347902],[16.7679427,48.0349429]]},"properties":{"voltage":"110000","name":""}},{"type":"Feature","geometry":{"type":"LineString","coordinates":[[16.6959572,48.0315873],[16.6959568,48.0315054],[16.6959566,48.0314624],[16.6959562,48.0313633]]},"properties":{"voltage":"110000","name":""}},{"type":"Feature","geometry":{"type":"LineString","coordinates":[[16.6960913,48.0313628],[16.6960901,48.0314606],[16.6960896,48.0315049],[16.6960886,48.0315871]]},"properties":{"voltage":"110000","name":""}},{"type":"Feature","geometry":{"type":"LineString","coordinates":[[16.6952703,48.0313697],[16.695271,48.0314642],[16.6952713,48.0315078],[16.6952719,48.0315887]]},"properties":{"voltage":"110000","name":""}},{"type":"Feature","geometry":{"type":"LineString","coordinates":[[16.6953966,48.0313718],[16.6953972,48.0314615],[16.6953974,48.0315074],[16.6953979,48.0315884]]},"properties":{"voltage":"110000","name":""}},{"type":"Feature","geometry":{"type":"LineString","coordinates":[[16.6957869,48.0328071],[16.6957855,48.0322489],[16.6960309,48.0322489],[16.6960317,48.0325664],[16.6960319,48.0326675]]},"properties":{"voltage":"380000","name":""}},{"type":"Feature","geometry":{"type":"LineString","coordinates":[[16.6946918,48.0334662],[16.6950452,48.0329268]]},"properties":{"voltage":"380000","name":""}},{"type":"Feature","geometry":{"type":"LineString","coordinates":[[16.6945653,48.0329352],[16.6946918,48.0334662]]},"properties":{"voltage":"380000","name":""}},{"type":"Feature","geometry":{"type":"LineString","coordinates":[[16.6954187,48.0309966],[16.6948096,48.0321469]]},"properties":{"voltage":"380000","name":""}},{"type":"Feature","geometry":{"type":"LineString","coordinates":[[16.6954187,48.0309966],[16.6952881,48.0321456]]},"properties":{"voltage":"380000","name":""}},{"type":"Feature","geometry":{"type":"LineString","coordinates":[[16.6955454,48.032808],[16.6955445,48.032669],[16.6955438,48.0325663],[16.6955397,48.0319463],[16.6955445,48.032669]]},"properties":{"voltage":"380000","name":""}},{"type":"Feature","geometry":{"type":"LineString","coordinates":[[16.6962428,48.0319413],[16.6962689,48.0325637],[16.6962704,48.0326668],[16.6962723,48.0328054]]},"properties":{"voltage":"380000","name":""}},{"type":"Feature","geometry":{"type":"LineString","coordinates":[[16.69686,48.0314115],[16.6965057,48.0321454]]},"properties":{"voltage":"380000","name":""}},{"type":"Feature","geometry":{"type":"LineString","coordinates":[[16.69686,48.0314115],[16.6967525,48.032142]]},"properties":{"voltage":"380000","name":""}},{"type":"Feature","geometry":{"type":"LineString","coordinates":[[16.6944471,48.0322363],[16.6945651,48.032236],[16.6948115,48.0322352],[16.6950519,48.0322345],[16.69529,48.0322338],[16.6965067,48.0322302],[16.6967529,48.0322295],[16.6968718,48.0322292]]},"properties":{"voltage":"380000","name":""}},{"type":"Feature","geometry":{"type":"LineString","coordinates":[[16.6944551,48.0326722],[16.6945652,48.0326719],[16.6948209,48.0326711],[16.6950477,48.0326704],[16.6952996,48.0326697],[16.6955445,48.032669],[16.6960319,48.0326675],[16.6962704,48.0326668],[16.696512,48.0326661],[16.6967546,48.0326654],[16.6968825,48.032665]]},"properties":{"voltage":"380000","name":""}},{"type":"Feature","geometry":{"type":"LineString","coordinates":[[16.6944525,48.0328121],[16.6945652,48.0328117],[16.6948239,48.0328107],[16.6950463,48.0328099],[16.6953027,48.0328089],[16.6955454,48.032808],[16.6957869,48.0328071],[16.6962723,48.0328054],[16.6965137,48.0328045],[16.6967551,48.0328036],[16.6968799,48.0328031]]},"properties":{"voltage":"380000","name":""}},{"type":"Feature","geometry":{"type":"LineString","coordinates":[[16.3768137,48.3594472],[16.3769381,48.3594133],[16.3771482,48.3593924],[16.3773537,48.3593719],[16.377504,48.359357],[16.3781701,48.3592907]]},"properties":{"voltage":"380000","name":""}},{"type":"Feature","geometry":{"type":"LineString","coordinates":[[16.3760877,48.3574343],[16.3761212,48.3574432],[16.3761936,48.3575216],[16.3762848,48.357887],[16.376372,48.3579796],[16.3764001,48.3581044],[16.3763599,48.358214],[16.3770479,48.3609827],[16.3770667,48.3610156],[16.377123,48.3610352],[16.3788705,48.3608561],[16.3789268,48.3608267],[16.3789402,48.3607937],[16.3789051,48.3606421]]},"properties":{"voltage":"110000","name":""}},{"type":"Feature","geometry":{"type":"LineString","coordinates":[[16.3801955,48.3567427],[16.3801137,48.3565663]]},"properties":{"voltage":"220000","name":""}},{"type":"Feature","geometry":{"type":"LineString","coordinates":[[16.3804261,48.3567178],[16.3803953,48.3565378]]},"properties":{"voltage":"220000","name":""}},{"type":"Feature","geometry":{"type":"LineString","coordinates":[[16.3804633,48.3570761],[16.3804246,48.3569312],[16.3804258,48.3567659],[16.3804261,48.3567178]]},"properties":{"voltage":"220000","name":""}},{"type":"Feature","geometry":{"type":"LineString","coordinates":[[16.3802786,48.3570953],[16.3802443,48.3569498],[16.3802062,48.3567882],[16.3801955,48.3567427]]},"properties":{"voltage":"220000","name":""}},{"type":"Feature","geometry":{"type":"LineString","coordinates":[[16.3788772,48.3568791],[16.3789576,48.3567]]},"properties":{"voltage":"220000","name":""}},{"type":"Feature","geometry":{"type":"LineString","coordinates":[[16.3789211,48.3572367],[16.3788841,48.3570905],[16.3788787,48.3569272],[16.3788772,48.3568791]]},"properties":{"voltage":"220000","name":""}},{"type":"Feature","geometry":{"type":"LineString","coordinates":[[16.3783817,48.3573156],[16.3783397,48.3571467],[16.3782947,48.3569654],[16.378279,48.3569022],[16.378271,48.3567552]]},"properties":{"voltage":"220000","name":""}},{"type":"Feature","geometry":{"type":"LineString","coordinates":[[16.378798,48.3575517],[16.3786411,48.3568853],[16.3784493,48.3569031],[16.3782947,48.3569654]]},"properties":{"voltage":"220000","name":""}},{"type":"Feature","geometry":{"type":"LineString","coordinates":[[16.3786119,48.3575708],[16.3785674,48.3573772],[16.3785245,48.3573549],[16.3781033,48.3574004],[16.377528,48.357592],[16.3771753,48.357633],[16.3770398,48.3577203]]},"properties":{"voltage":"220000","name":""}},{"type":"Feature","geometry":{"type":"LineString","coordinates":[[16.3780749,48.3568476],[16.377387,48.3562361]]},"properties":{"voltage":"220000","name":""}},{"type":"Feature","geometry":{"type":"LineString","coordinates":[[16.377882,48.356869],[16.377387,48.3562361]]},"properties":{"voltage":"220000","name":""}},{"type":"Feature","geometry":{"type":"LineString","coordinates":[[16.3795009,48.3570267],[16.3795345,48.3571728],[16.3795782,48.3573624],[16.3796028,48.3574693],[16.3796201,48.3575448]]},"properties":{"voltage":"220000","name":""}},{"type":"Feature","geometry":{"type":"LineString","coordinates":[[16.3796835,48.3570078],[16.3797171,48.3571538],[16.3797609,48.3573443],[16.3797854,48.3574506],[16.3798025,48.3575252]]},"properties":{"voltage":"220000","name":""}},{"type":"Feature","geometry":{"type":"LineString","coordinates":[[16.3806859,48.3572372],[16.3813589,48.3572434]]},"properties":{"voltage":"220000","name":""}},{"type":"Feature","geometry":{"type":"LineString","coordinates":[[16.3807276,48.3574065],[16.3813589,48.3572434]]},"properties":{"voltage":"220000","name":""}},{"type":"Feature","geometry":{"type":"LineString","coordinates":[[16.3778257,48.3571999],[16.377967,48.3571853],[16.3781507,48.3571663],[16.3783397,48.3571467],[16.3788841,48.3570905],[16.3790743,48.3570708],[16.379314,48.357046],[16.3795009,48.3570267],[16.3796835,48.3570078],[16.3802443,48.3569498],[16.3804246,48.3569312],[16.3805321,48.3569201]]},"properties":{"voltage":"220000","name":""}},{"type":"Feature","geometry":{"type":"LineString","coordinates":[[16.3775334,48.3576374],[16.3778566,48.3573674]]},"properties":{"voltage":"220000","name":""}},{"type":"Feature","geometry":{"type":"LineString","coordinates":[[16.37857,48.3575751],[16.3786119,48.3575708],[16.378798,48.3575517],[16.3791732,48.3575133],[16.3794119,48.3574889],[16.3796028,48.3574693],[16.3797854,48.3574506],[16.3798843,48.3574405]]},"properties":{"voltage":"220000","name":""}},{"type":"Feature","geometry":{"type":"LineString","coordinates":[[16.3778566,48.3573674],[16.3780119,48.3573521],[16.3781907,48.3573345],[16.3783817,48.3573156],[16.3784708,48.3573068],[16.3785553,48.3572747],[16.3789211,48.3572367],[16.3791071,48.3572173],[16.3793464,48.3571924],[16.3795345,48.3571728],[16.3797171,48.3571538],[16.3802786,48.3570953],[16.3804633,48.3570761],[16.380567,48.3570653]]},"properties":{"voltage":"220000","name":""}},{"type":"Feature","geometry":{"type":"LineString","coordinates":[[16.3774851,48.3574485],[16.3778257,48.3571999]]},"properties":{"voltage":"220000","name":""}},{"type":"Feature","geometry":{"type":"LineString","coordinates":[[16.3756523,48.3578315],[16.3764568,48.357427]]},"properties":{"voltage":"220000","name":"Ybbsfeld - Bisamberg"}},{"type":"Feature","geometry":{"type":"LineString","coordinates":[[16.3756523,48.3578315],[16.3765765,48.3575238]]},"properties":{"voltage":"220000","name":"Ybbsfeld - Bisamberg"}},{"type":"Feature","geometry":{"type":"LineString","coordinates":[[16.3762504,48.3580237],[16.3767122,48.3576153]]},"properties":{"voltage":"220000","name":"D\u00fcrnrohr - Bisamberg"}},{"type":"Feature","geometry":{"type":"LineString","coordinates":[[16.3762504,48.3580237],[16.3768466,48.3577058]]},"properties":{"voltage":"220000","name":"D\u00fcrnrohr - Bisamberg"}},{"type":"Feature","geometry":{"type":"LineString","coordinates":[[16.3764008,48.3572831],[16.3765182,48.3572098],[16.3766861,48.357105],[16.3768071,48.3570294]]},"properties":{"voltage":"220000","name":""}},{"type":"Feature","geometry":{"type":"LineString","coordinates":[[16.3767421,48.3569842],[16.3768071,48.3570294],[16.3769393,48.3571214],[16.3770658,48.3572094],[16.3771975,48.357301],[16.3773312,48.357394],[16.3774301,48.3574628],[16.3774851,48.3574485]]},"properties":{"voltage":"220000","name":""}},{"type":"Feature","geometry":{"type":"LineString","coordinates":[[16.3764873,48.3569655],[16.3765517,48.3570127],[16.3766861,48.357105],[16.3768201,48.3571969],[16.3769483,48.3572849],[16.3770813,48.3573762],[16.3772156,48.3574684],[16.3774087,48.3576009],[16.3775334,48.3576374]]},"properties":{"voltage":"220000","name":""}},{"type":"Feature","geometry":{"type":"LineString","coordinates":[[16.3770398,48.3577203],[16.377001,48.3576954],[16.3764008,48.3572831],[16.376325,48.3572311],[16.376321,48.357158],[16.3765517,48.3570127]]},"properties":{"voltage":"220000","name":""}},{"type":"Feature","geometry":{"type":"LineString","coordinates":[[16.3786452,48.3602475],[16.3787712,48.3602359]]},"properties":{"voltage":"","name":""}},{"type":"Feature","geometry":{"type":"LineString","coordinates":[[16.3787712,48.3602359],[16.3787886,48.3603117],[16.3787524,48.3603437],[16.378786,48.3604988],[16.3787082,48.3605371]]},"properties":{"voltage":"","name":""}},{"type":"Feature","geometry":{"type":"LineString","coordinates":[[16.3789051,48.3606421],[16.3788772,48.3605211],[16.3788126,48.3605283],[16.3787082,48.3605371]]},"properties":{"voltage":"110000","name":""}},{"type":"Feature","geometry":{"type":"LineString","coordinates":[[16.3754252,48.3563168],[16.37568,48.3566269],[16.3759656,48.3570047],[16.3760877,48.3574343]]},"properties":{"voltage":"110000","name":""}},{"type":"Feature","geometry":{"type":"LineString","coordinates":[[16.3781653,48.3581812],[16.378279,48.3581712]]},"properties":{"voltage":"110000","name":""}},{"type":"Feature","geometry":{"type":"LineString","coordinates":[[16.3780698,48.3577649],[16.3781717,48.3577577]]},"properties":{"voltage":"110000","name":""}},{"type":"Feature","geometry":{"type":"LineString","coordinates":[[16.3781165,48.3579709],[16.3782227,48.3579618]]},"properties":{"voltage":"110000","name":""}},{"type":"Feature","geometry":{"type":"LineString","coordinates":[[16.3767883,48.3587729],[16.3769992,48.3587505],[16.3772028,48.3587288],[16.3773508,48.358713],[16.3778351,48.3586613],[16.3778754,48.3588226],[16.3772405,48.3588897],[16.3770365,48.3589113],[16.3768259,48.3589335]]},"properties":{"voltage":"380000","name":""}},{"type":"Feature","geometry":{"type":"LineString","coordinates":[[16.3781701,48.3592907],[16.3797861,48.3599908]]},"properties":{"voltage":"380000","name":"Bisamberg - Wien-S\u00fcdost"}},{"type":"Feature","geometry":{"type":"LineString","coordinates":[[16.3784748,48.3605719],[16.3787082,48.3605371]]},"properties":{"voltage":"380000","name":"Bisamberg - Wien-S\u00fcdost"}},{"type":"Feature","geometry":{"type":"LineString","coordinates":[[16.3772385,48.3606974],[16.377446,48.360676],[16.3776546,48.3606545],[16.3777959,48.3606399],[16.3783067,48.3605873],[16.3784748,48.3605719]]},"properties":{"voltage":"380000","name":""}},{"type":"Feature","geometry":{"type":"LineString","coordinates":[[16.3771641,48.3603794],[16.3773722,48.3603579],[16.3775799,48.3603364],[16.3777238,48.3603215],[16.3782187,48.3602707],[16.3782562,48.3604346],[16.3776178,48.3604977],[16.3774094,48.3605183],[16.3772014,48.3605388]]},"properties":{"voltage":"380000","name":""}},{"type":"Feature","geometry":{"type":"LineString","coordinates":[[16.3782839,48.3597674],[16.3797861,48.3599908]]},"properties":{"voltage":"380000","name":"Bisamberg - Sarasdorf"}},{"type":"Feature","geometry":{"type":"LineString","coordinates":[[16.3782393,48.3596062],[16.3797861,48.3599908]]},"properties":{"voltage":"380000","name":"Bisamberg - Sarasdorf"}},{"type":"Feature","geometry":{"type":"LineString","coordinates":[[16.3786475,48.3586748],[16.3781246,48.3591206]]},"properties":{"voltage":"400000","name":""}},{"type":"Feature","geometry":{"type":"LineString","coordinates":[[16.3786475,48.3586748],[16.3780906,48.3589745]]},"properties":{"voltage":"400000","name":""}},{"type":"Feature","geometry":{"type":"LineString","coordinates":[[16.3778235,48.3585001],[16.3773105,48.3585526],[16.377165,48.3585675],[16.3769616,48.3585883],[16.3767502,48.3586099],[16.3766177,48.3586512]]},"properties":{"voltage":"380000","name":""}},{"type":"Feature","geometry":{"type":"LineString","coordinates":[[16.3777857,48.358337],[16.3772747,48.3583913],[16.376713,48.358451],[16.3765752,48.3584847]]},"properties":{"voltage":"380000","name":""}},{"type":"Feature","geometry":{"type":"LineString","coordinates":[[16.3779089,48.3581721],[16.3781653,48.3581812]]},"properties":{"voltage":"380000","name":""}},{"type":"Feature","geometry":{"type":"LineString","coordinates":[[16.3766757,48.3582915],[16.376888,48.3582709],[16.3770908,48.3582513],[16.3772394,48.3582369],[16.3779089,48.3581721]]},"properties":{"voltage":"380000","name":""}},{"type":"Feature","geometry":{"type":"LineString","coordinates":[[16.37787,48.3580055],[16.3781165,48.3579709]]},"properties":{"voltage":"380000","name":""}},{"type":"Feature","geometry":{"type":"LineString","coordinates":[[16.3778351,48.3578486],[16.3780698,48.3577649]]},"properties":{"voltage":"380000","name":""}},{"type":"Feature","geometry":{"type":"LineString","coordinates":[[16.376638,48.3581302],[16.3768503,48.3581087],[16.3770525,48.3580882],[16.3772034,48.358073],[16.37787,48.3580055]]},"properties":{"voltage":"380000","name":""}},{"type":"Feature","geometry":{"type":"LineString","coordinates":[[16.3766007,48.3579709],[16.3768135,48.3579498],[16.3770154,48.3579298],[16.3771658,48.3579149],[16.3778351,48.3578486]]},"properties":{"voltage":"380000","name":""}},{"type":"Feature","geometry":{"type":"LineString","coordinates":[[16.3783273,48.3606761],[16.3783067,48.3605873],[16.3778235,48.3585001],[16.3777857,48.358337],[16.3776568,48.35778]]},"properties":{"voltage":"380000","name":""}},{"type":"Feature","geometry":{"type":"LineString","coordinates":[[16.3769969,48.3578513],[16.3770154,48.3579298],[16.3770525,48.3580882],[16.3770908,48.3582513],[16.377165,48.3585675],[16.3772028,48.3587288],[16.3772405,48.3588897],[16.377279,48.3590535],[16.3773145,48.3592049],[16.3773537,48.3593719],[16.3774278,48.3596878],[16.3774661,48.3598512],[16.3775799,48.3603364],[16.3776178,48.3604977],[16.3776546,48.3606545],[16.3776755,48.3607438]]},"properties":{"voltage":"380000","name":""}},{"type":"Feature","geometry":{"type":"LineString","coordinates":[[16.3774663,48.3607634],[16.377446,48.360676],[16.3774094,48.3605183],[16.3773722,48.3603579],[16.3772595,48.3598723],[16.3772215,48.3597085],[16.3771482,48.3593924],[16.3771096,48.3592263],[16.3770742,48.3590734],[16.3770365,48.3589113],[16.3769992,48.3587505],[16.3769616,48.3585883],[16.376888,48.3582709],[16.3768503,48.3581087],[16.3768135,48.3579498],[16.3767931,48.357862]]},"properties":{"voltage":"380000","name":""}},{"type":"Feature","geometry":{"type":"LineString","coordinates":[[16.3765825,48.3578932],[16.3766007,48.3579709],[16.376638,48.3581302],[16.3766757,48.3582915],[16.376713,48.358451],[16.3767502,48.3586099],[16.3767883,48.3587729],[16.3768259,48.3589335],[16.3768634,48.3590939],[16.3768995,48.3592481],[16.3769381,48.3594133],[16.3770121,48.3597296],[16.3770505,48.3598938],[16.3771641,48.3603794],[16.3772014,48.3605388],[16.3772385,48.3606974],[16.3772598,48.3607884]]},"properties":{"voltage":"380000","name":""}},{"type":"Feature","geometry":{"type":"LineString","coordinates":[[16.3784002,48.3575152],[16.3784842,48.3575064]]},"properties":{"voltage":"","name":""}},{"type":"Feature","geometry":{"type":"LineString","coordinates":[[16.3784545,48.3577345],[16.3785513,48.3577239]]},"properties":{"voltage":"","name":""}},{"type":"Feature","geometry":{"type":"LineString","coordinates":[[16.3785513,48.3577239],[16.3785674,48.3578076],[16.3785191,48.3578495],[16.3784614,48.3578558],[16.3784735,48.3579128],[16.3784473,48.3579164],[16.3785023,48.3581596],[16.3784701,48.358185],[16.3782582,48.3582078],[16.3781653,48.3581812]]},"properties":{"voltage":"","name":""}},{"type":"Feature","geometry":{"type":"LineString","coordinates":[[16.3784842,48.3575064],[16.3785499,48.3578076],[16.3785177,48.3578371],[16.378444,48.3578469],[16.3784574,48.3579048],[16.3783608,48.3579173],[16.3782817,48.3579912],[16.3781165,48.3579709]]},"properties":{"voltage":"","name":""}},{"type":"Feature","geometry":{"type":"LineString","coordinates":[[16.3780564,48.3575252],[16.3780417,48.3574699]]},"properties":{"voltage":"","name":""}},{"type":"Feature","geometry":{"type":"LineString","coordinates":[[16.3780417,48.3574699],[16.3782227,48.3574548],[16.3782589,48.3576054],[16.378208,48.3576481],[16.3782321,48.3577693],[16.3780698,48.3577649]]},"properties":{"voltage":"","name":""}},{"type":"Feature","geometry":{"type":"LineString","coordinates":[[16.3783434,48.3562981],[16.378364,48.3563869],[16.3783836,48.3564718],[16.3784024,48.356552]]},"properties":{"voltage":"110000","name":""}},{"type":"Feature","geometry":{"type":"LineString","coordinates":[[16.3784185,48.3556859],[16.3784344,48.355749],[16.3784726,48.3559004],[16.3784914,48.355975],[16.3785671,48.356275],[16.3785891,48.3563622],[16.3786071,48.3564315],[16.3786317,48.3565324]]},"properties":{"voltage":"110000","name":""}},{"type":"Feature","geometry":{"type":"LineString","coordinates":[[16.3784024,48.356552],[16.3787243,48.3579066],[16.3786183,48.3580224],[16.3782991,48.3580589],[16.3782683,48.3580438],[16.3782442,48.3579574],[16.3782227,48.3579618]]},"properties":{"voltage":"110000","name":""}},{"type":"Feature","geometry":{"type":"LineString","coordinates":[[16.3771901,48.3558097],[16.377178,48.3557571],[16.3777627,48.3556965],[16.3777962,48.3557108],[16.3778445,48.3557687],[16.3779478,48.3558231],[16.3780792,48.3563925],[16.3780913,48.3564495],[16.3781315,48.3564825],[16.3781798,48.3564905],[16.3783836,48.3564718]]},"properties":{"voltage":"110000","name":""}},{"type":"Feature","geometry":{"type":"LineString","coordinates":[[16.3790604,48.356224],[16.3790813,48.3563083],[16.3790998,48.3563824],[16.379132,48.3565119]]},"properties":{"voltage":"110000","name":""}},{"type":"Feature","geometry":{"type":"LineString","coordinates":[[16.3777617,48.3560544],[16.377743,48.3559771],[16.3777005,48.3557993],[16.3776838,48.3557297]]},"properties":{"voltage":"110000","name":""}},{"type":"Feature","geometry":{"type":"LineString","coordinates":[[16.3772537,48.3561098],[16.3772369,48.3560303],[16.3772046,48.3558781],[16.3771901,48.3558097]]},"properties":{"voltage":"110000","name":""}},{"type":"Feature","geometry":{"type":"LineString","coordinates":[[16.3771281,48.3561234],[16.3771092,48.3560438],[16.3770734,48.355893],[16.3770573,48.3558257]]},"properties":{"voltage":"110000","name":""}},{"type":"Feature","geometry":{"type":"LineString","coordinates":[[16.376952,48.3552243],[16.3774428,48.3557873]]},"properties":{"voltage":"110000","name":"Bisamberg - Stockerau"}},{"type":"Feature","geometry":{"type":"LineString","coordinates":[[16.376952,48.3552243],[16.3775701,48.3557719]]},"properties":{"voltage":"110000","name":"Bisamberg - Korneuburg"}},{"type":"Feature","geometry":{"type":"LineString","coordinates":[[16.3780861,48.3552733],[16.3784185,48.3556859]]},"properties":{"voltage":"110000","name":""}},{"type":"Feature","geometry":{"type":"LineString","coordinates":[[16.3780861,48.3552733],[16.3782907,48.3556973]]},"properties":{"voltage":"110000","name":""}},{"type":"Feature","geometry":{"type":"LineString","coordinates":[[16.3781462,48.3557148],[16.3781613,48.3557768],[16.3781793,48.3558506],[16.3781985,48.3559292],[16.3782169,48.3560049]]},"properties":{"voltage":"110000","name":""}},{"type":"Feature","geometry":{"type":"LineString","coordinates":[[16.3785446,48.3556716],[16.3785599,48.355733],[16.3785784,48.3558074],[16.3785983,48.3558872],[16.3786168,48.3559613],[16.3786672,48.3561639],[16.3786917,48.3562621],[16.3787133,48.3563486]]},"properties":{"voltage":"110000","name":""}},{"type":"Feature","geometry":{"type":"LineString","coordinates":[[16.3786773,48.3556573],[16.3786919,48.3557216],[16.3787082,48.3557933],[16.3787265,48.3558737],[16.3787432,48.3559475]]},"properties":{"voltage":"110000","name":""}},{"type":"Feature","geometry":{"type":"LineString","coordinates":[[16.3789576,48.3567],[16.3788611,48.3564397]]},"properties":{"voltage":"110000","name":""}},{"type":"Feature","geometry":{"type":"LineString","coordinates":[[16.3788611,48.3564397],[16.3788525,48.356404],[16.378836,48.3563352],[16.3788154,48.3562493]]},"properties":{"voltage":"110000","name":""}},{"type":"Feature","geometry":{"type":"LineString","coordinates":[[16.3801137,48.3565663],[16.3800627,48.3563168]]},"properties":{"voltage":"110000","name":""}},{"type":"Feature","geometry":{"type":"LineString","coordinates":[[16.3803953,48.3565378],[16.3803041,48.35629]]},"properties":{"voltage":"110000","name":""}},{"type":"Feature","geometry":{"type":"LineString","coordinates":[[16.3800627,48.3563168],[16.3800547,48.3562835],[16.3800356,48.3562037],[16.3800168,48.3561251]]},"properties":{"voltage":"110000","name":""}},{"type":"Feature","geometry":{"type":"LineString","coordinates":[[16.3803041,48.35629],[16.3802955,48.3562544],[16.3802768,48.3561773],[16.3802582,48.3561002]]},"properties":{"voltage":"110000","name":""}},{"type":"Feature","geometry":{"type":"LineString","coordinates":[[16.3789387,48.3556733],[16.3788956,48.356071]]},"properties":{"voltage":"110000","name":""}},{"type":"Feature","geometry":{"type":"LineString","coordinates":[[16.3789387,48.3556733],[16.379135,48.3560508]]},"properties":{"voltage":"110000","name":""}},{"type":"Feature","geometry":{"type":"LineString","coordinates":[[16.3796169,48.3559935],[16.379651,48.3555268]]},"properties":{"voltage":"110000","name":""}},{"type":"Feature","geometry":{"type":"LineString","coordinates":[[16.3798601,48.3559727],[16.379651,48.3555268]]},"properties":{"voltage":"110000","name":""}},{"type":"Feature","geometry":{"type":"LineString","coordinates":[[16.3801132,48.3554714],[16.3800924,48.3559501]]},"properties":{"voltage":"110000","name":""}},{"type":"Feature","geometry":{"type":"LineString","coordinates":[[16.3801132,48.3554714],[16.3803368,48.3559229]]},"properties":{"voltage":"110000","name":""}},{"type":"Feature","geometry":{"type":"LineString","coordinates":[[16.3793561,48.3562782],[16.3792983,48.3560414],[16.3794605,48.3560245],[16.3794746,48.356086],[16.3794957,48.356179]]},"properties":{"voltage":"110000","name":""}},{"type":"Feature","geometry":{"type":"LineString","coordinates":[[16.3804476,48.3560806],[16.3803748,48.3560881],[16.3802582,48.3561002],[16.380129,48.3561135],[16.3800168,48.3561251],[16.3798987,48.3561373],[16.379658,48.3561622],[16.3794957,48.356179],[16.3791743,48.3562122],[16.3790604,48.356224],[16.3789324,48.3562372],[16.3788154,48.3562493],[16.3786917,48.3562621],[16.3785671,48.356275],[16.3784523,48.3562868],[16.3783434,48.3562981],[16.378275,48.3563052]]},"properties":{"voltage":"110000","name":""}},{"type":"Feature","geometry":{"type":"LineString","coordinates":[[16.3782965,48.3563943],[16.378364,48.3563869],[16.3784764,48.3563746],[16.3785891,48.3563622],[16.3787133,48.3563486],[16.378836,48.3563352],[16.3789512,48.3563225],[16.3790813,48.3563083],[16.3791947,48.3562959],[16.3793561,48.3562782],[16.3796776,48.3562429],[16.3799173,48.3562167],[16.3800356,48.3562037],[16.3801464,48.3561916],[16.3802768,48.3561773],[16.3803923,48.3561646],[16.3804758,48.3561555]]},"properties":{"voltage":"110000","name":""}},{"type":"Feature","geometry":{"type":"LineString","coordinates":[[16.3757053,48.3560915],[16.3757112,48.3560137],[16.3757234,48.3558524],[16.3757296,48.3557714]]},"properties":{"voltage":"110000","name":""}},{"type":"Feature","geometry":{"type":"LineString","coordinates":[[16.3755699,48.356087],[16.375576,48.3560096],[16.3755884,48.3558517],[16.3756062,48.3556261]]},"properties":{"voltage":"110000","name":""}},{"type":"Feature","geometry":{"type":"LineString","coordinates":[[16.3757296,48.3557714],[16.3762701,48.3557847],[16.3763331,48.3558293],[16.3763009,48.3563774],[16.3761681,48.3567409],[16.3761547,48.3568639],[16.3762245,48.3571705],[16.3763157,48.3572382],[16.3763787,48.3574904],[16.3768253,48.3577987],[16.3776125,48.3577159],[16.3778096,48.3576169],[16.3781369,48.3575849],[16.3781731,48.3576009],[16.3782053,48.3577546],[16.3781717,48.3577577]]},"properties":{"voltage":"110000","name":""}},{"type":"Feature","geometry":{"type":"LineString","coordinates":[[16.3758864,48.3560975],[16.3758999,48.3558391],[16.3759846,48.3558419],[16.3760635,48.3558444],[16.3760529,48.3560243]]},"properties":{"voltage":"110000","name":""}},{"type":"Feature","geometry":{"type":"LineString","coordinates":[[16.375445,48.3560055],[16.3754401,48.3560827],[16.3754305,48.3562329],[16.3754252,48.3563168]]},"properties":{"voltage":"110000","name":""}},{"type":"Feature","geometry":{"type":"LineString","coordinates":[[16.3748181,48.355634],[16.3738587,48.3555983]]},"properties":{"voltage":"110000","name":"Bisamberg - Eibesbrunn"}},{"type":"Feature","geometry":{"type":"LineString","coordinates":[[16.3748048,48.3557277],[16.3738587,48.3555983]]},"properties":{"voltage":"110000","name":"Bisamberg - Sch\u00f6nkirchen"}},{"type":"Feature","geometry":{"type":"LineString","coordinates":[[16.3787712,48.3557865],[16.3787082,48.3557933],[16.3785784,48.3558074],[16.3781793,48.3558506],[16.3778163,48.3558899]]},"properties":{"voltage":"110000","name":""}},{"type":"Feature","geometry":{"type":"LineString","coordinates":[[16.3787846,48.3558676],[16.3787265,48.3558737],[16.3785983,48.3558872],[16.3784726,48.3559004],[16.3783499,48.3559133],[16.3781985,48.3559292],[16.3779372,48.3559567],[16.377743,48.3559771],[16.3776215,48.3559899],[16.3774942,48.3560033],[16.3772369,48.3560303],[16.3771092,48.3560438],[16.377013,48.3560539],[16.3760529,48.3560243],[16.3757112,48.3560137],[16.375576,48.3560096],[16.375445,48.3560055],[16.3750437,48.3559932],[16.3749077,48.355989],[16.3748445,48.355987]]},"properties":{"voltage":"110000","name":""}},{"type":"Feature","geometry":{"type":"LineString","coordinates":[[16.3748351,48.3560628],[16.3749022,48.356065],[16.3750375,48.3560695],[16.3754401,48.3560827],[16.3755699,48.356087],[16.3757053,48.3560915],[16.3758864,48.3560975],[16.3770224,48.356135],[16.3771281,48.3561234],[16.3772537,48.3561098],[16.3775128,48.3560815],[16.3776399,48.3560677],[16.3777617,48.3560544],[16.3779608,48.3560328],[16.3782169,48.3560049],[16.3783704,48.3559881],[16.3784914,48.355975],[16.3786168,48.3559613],[16.3787432,48.3559475],[16.3788061,48.3559407]]},"properties":{"voltage":"110000","name":""}},{"type":"Feature","geometry":{"type":"LineString","coordinates":[[16.378271,48.3567552],[16.3784024,48.356552]]},"properties":{"voltage":"110000","name":""}},{"type":"Feature","geometry":{"type":"LineString","coordinates":[[16.293086,48.0477789],[16.2924205,48.0480046]]},"properties":{"voltage":"20000","name":""}},{"type":"Feature","geometry":{"type":"LineString","coordinates":[[16.9710275,48.7688503],[16.9748988,48.7689046],[16.9764617,48.7665761],[16.9780854,48.7642597],[16.9797138,48.7619063],[16.9813094,48.759528],[16.9830267,48.7570263],[16.9843297,48.7551317],[16.9856513,48.7533736],[16.9875812,48.7510352],[16.9892164,48.7489875],[16.991112,48.7465943],[16.9929808,48.7442107],[16.9947885,48.7419379],[16.9955432,48.7409601],[16.9965594,48.7396435],[16.9984199,48.7372908],[17.0002638,48.7349905],[17.0019217,48.7328951],[17.0035688,48.7308032],[17.0055004,48.7283794],[17.0073901,48.7259812],[17.0092618,48.7236342],[17.0111143,48.7212583],[17.0122595,48.7198247],[17.0136118,48.7182799],[17.0143247,48.7172767],[17.0160808,48.7148819],[17.017813,48.7125297],[17.019576,48.7101312],[17.0212781,48.7077999],[17.0229982,48.7054265],[17.0247663,48.7030359],[17.0265493,48.7006161],[17.0283814,48.6981158],[17.0301019,48.6957388],[17.0319414,48.693254],[17.0296991,48.6910976],[17.027308,48.6887971],[17.0257272,48.6872916],[17.0233748,48.6850234],[17.0210358,48.6827556],[17.0191432,48.6809202],[17.0168677,48.6787608],[17.0148364,48.6767839],[17.0125533,48.6745954],[17.0103582,48.6724752],[17.0080452,48.6702537],[17.0059648,48.6682431],[17.0037578,48.6661228],[17.0015488,48.6639913],[16.9991423,48.6617271],[16.9969103,48.6595158],[16.9974575,48.6568635],[16.9979925,48.6542754],[16.9984556,48.6520123],[16.9988997,48.6497993],[17.0006525,48.6478441],[17.0023969,48.6458978],[17.0041146,48.643958],[17.005814,48.6420382],[17.0057513,48.6392781],[17.0056963,48.6367076],[17.0056443,48.6341858],[17.0071929,48.6319487],[17.0086388,48.6298599],[17.0103171,48.627441],[17.0119968,48.6250205],[17.0136443,48.622635],[17.0153236,48.6202077],[17.0167427,48.6181557],[17.0183593,48.6158157],[17.0199646,48.6135014],[17.0213149,48.6115465],[17.0230386,48.6090708],[17.0245176,48.6069378],[17.0248099,48.6045238]]},"properties":{"voltage":"110000","name":""}},{"type":"Feature","geometry":{"type":"LineString","coordinates":[[17.1707055,48.8251081],[17.1710461,48.8251531],[17.1720434,48.8244245],[17.1738286,48.8233514],[17.1763835,48.8218737],[17.178938,48.8203547],[17.1814996,48.8188756],[17.1840313,48.8173713],[17.1865248,48.8159062],[17.1888755,48.8145259],[17.1913822,48.8130523],[17.1940616,48.8114756],[17.1965071,48.8100362],[17.1989207,48.8086248],[17.2014346,48.8071467],[17.2039469,48.8056611],[17.206631,48.8040449],[17.2093792,48.8024854],[17.2119703,48.8009553],[17.2142452,48.7996182],[17.2167365,48.7981578],[17.2191904,48.7967116],[17.2214222,48.7954063],[17.2243011,48.7937153],[17.2267119,48.7922912],[17.2296325,48.7905735],[17.231583,48.7894347],[17.2339794,48.7880152],[17.2365541,48.7865011],[17.2388155,48.7851738],[17.2410024,48.7838906],[17.2431814,48.7826037],[17.2460674,48.7809151],[17.2483688,48.7795512],[17.2497918,48.7787196],[17.2518812,48.7775159],[17.2545416,48.7760146],[17.2563374,48.7749761],[17.2589271,48.7735019],[17.2615623,48.7719861],[17.2644765,48.7703438],[17.2672971,48.7687146],[17.2700639,48.767128],[17.2721828,48.7659196],[17.2747684,48.7639412],[17.2764395,48.7626541],[17.2785085,48.7610811],[17.2806305,48.7594529],[17.2828443,48.7577583],[17.2847503,48.7563019],[17.2873091,48.7543383],[17.289357,48.7527922],[17.2919531,48.7507936],[17.2943017,48.7489953],[17.2969221,48.7469933],[17.2993788,48.7451209],[17.3017354,48.7433114],[17.3043358,48.7413206],[17.3066183,48.7395765],[17.3090448,48.7377105],[17.3115951,48.7358679],[17.3140894,48.734054],[17.3168134,48.7320777],[17.3187353,48.7306836],[17.3212643,48.7288491],[17.3237426,48.7270745],[17.3258552,48.72552],[17.3282678,48.7237665],[17.330899,48.7218759],[17.3335075,48.7199709],[17.3359109,48.7182244],[17.3381263,48.7166326],[17.3401916,48.7153193],[17.3429999,48.7135478],[17.3456135,48.7118983],[17.3484151,48.7101187],[17.3511053,48.7084143],[17.353805,48.7067142],[17.3565233,48.7049831],[17.359286,48.7032395],[17.3620299,48.7015048],[17.3647577,48.699784],[17.3674426,48.6980687],[17.3699237,48.696501],[17.3728124,48.6946784],[17.375044,48.6947155],[17.3781124,48.6947793],[17.3812506,48.6948341],[17.3848877,48.6948926],[17.3879293,48.6949475],[17.3891162,48.6926025],[17.3901622,48.6905389],[17.3913706,48.688154],[17.3924698,48.6860146]]},"properties":{"voltage":"110000","name":""}},{"type":"Feature","geometry":{"type":"LineString","coordinates":[[15.7413213,48.3531978],[15.7422894,48.3530928],[15.743899,48.3532653],[15.7452174,48.3534418],[15.7466134,48.3536027],[15.7476313,48.3544809],[15.7486546,48.3553525],[15.7499085,48.356167],[15.7513784,48.3571054],[15.7533713,48.357207],[15.7549484,48.3572952],[15.7567897,48.3569423],[15.7572068,48.3568693]]},"properties":{"voltage":"20000","name":""}},{"type":"Feature","geometry":{"type":"LineString","coordinates":[[17.0357912,48.3050334],[17.0353264,48.3051814],[17.0344546,48.3046033],[17.0338243,48.3049013]]},"properties":{"voltage":"110000","name":""}},{"type":"Feature","geometry":{"type":"LineString","coordinates":[[17.0299473,48.3059886],[17.0292578,48.3066454],[17.0309061,48.3082369],[17.0329335,48.3088559],[17.0358676,48.3076695],[17.0357912,48.3050334]]},"properties":{"voltage":"400000","name":"498"}},{"type":"Feature","geometry":{"type":"LineString","coordinates":[[17.0971492,48.1137332],[17.0964068,48.1129004],[17.0943655,48.1103848]]},"properties":{"voltage":"110000","name":""}},{"type":"Feature","geometry":{"type":"LineString","coordinates":[[16.6696938,48.9927283],[16.669661,48.9927161],[16.6696568,48.9927145],[16.6696373,48.9926926],[16.6696345,48.9926267],[16.6696582,48.9925572],[16.6696902,48.9925014],[16.6697358,48.9924555],[16.6698082,48.9924168],[16.6698923,48.992339],[16.6700445,48.9922239],[16.6701603,48.9921823],[16.6702906,48.992174],[16.6703949,48.9921863],[16.6705406,48.9922034],[16.6710305,48.9921232],[16.6715191,48.9919829],[16.6719533,48.9919178],[16.67197,48.9919105],[16.6719742,48.9918958],[16.6719658,48.9918245],[16.6719812,48.9918172],[16.672642,48.9917513],[16.6726643,48.991744],[16.672681,48.9917257],[16.672674,48.9916448]]},"properties":{"voltage":"22000","name":""}},{"type":"Feature","geometry":{"type":"LineString","coordinates":[[16.678358,48.989773],[16.6784392,48.989817]]},"properties":{"voltage":"22000","name":""}},{"type":"Feature","geometry":{"type":"LineString","coordinates":[[16.7192525,48.9400438],[16.7220304,48.9406449],[16.7219981,48.9407235]]},"properties":{"voltage":"22000","name":""}},{"type":"Feature","geometry":{"type":"LineString","coordinates":[[16.7090663,48.9131208],[16.7098429,48.9127281]]},"properties":{"voltage":"110000","name":""}},{"type":"Feature","geometry":{"type":"LineString","coordinates":[[16.5238285,48.9652786],[16.5243559,48.9645146]]},"properties":{"voltage":"110000","name":""}},{"type":"Feature","geometry":{"type":"LineString","coordinates":[[16.5238285,48.9652786],[16.5242184,48.9644927]]},"properties":{"voltage":"110000","name":""}},{"type":"Feature","geometry":{"type":"LineString","coordinates":[[17.0943655,48.1103848],[17.0915835,48.1120169],[17.0890181,48.1130805],[17.08646,48.1146922],[17.0841524,48.1161279]]},"properties":{"voltage":"110000","name":""}},{"type":"Feature","geometry":{"type":"LineString","coordinates":[[16.5252146,48.9634703],[16.5259702,48.9637266],[16.5270534,48.964094],[16.5280236,48.9644231]]},"properties":{"voltage":"22000","name":""}},{"type":"Feature","geometry":{"type":"LineString","coordinates":[[16.5248746,48.9634159],[16.5234887,48.9630772],[16.5223153,48.9627919],[16.5212194,48.9625097],[16.520103,48.962292],[16.5193674,48.9628762],[16.5192116,48.9633965],[16.5189637,48.9642124],[16.5187807,48.9648054],[16.5185694,48.9655033],[16.5183582,48.966199],[16.5181502,48.9668859],[16.5179173,48.9676635],[16.5176595,48.9684945],[16.5173838,48.9690344],[16.5170719,48.9701997],[16.5169112,48.9707328],[16.5167224,48.971343],[16.5165995,48.9720072],[16.5165033,48.9723155],[16.5164382,48.9725337]]},"properties":{"voltage":"22000","name":""}},{"type":"Feature","geometry":{"type":"LineString","coordinates":[[16.5030822,48.9817904],[16.5031104,48.9818181],[16.5030179,48.982248],[16.5029225,48.9823898],[16.5029034,48.9824405],[16.5028542,48.9826581],[16.5028361,48.9827076],[16.502602,48.9836537],[16.502603,48.9836662],[16.5026096,48.9836748],[16.5026447,48.983685],[16.5026492,48.9836952],[16.502599,48.9839629],[16.5025659,48.9840691],[16.5025719,48.984078],[16.5055356,48.9847099],[16.5055547,48.9847073],[16.5055677,48.9846987],[16.5055798,48.9846816],[16.5055909,48.984673],[16.5056109,48.9846757],[16.505768,48.9847036]]},"properties":{"voltage":"22000","name":""}},{"type":"Feature","geometry":{"type":"LineString","coordinates":[[17.0335896,48.3291755],[17.0330599,48.3302134]]},"properties":{"voltage":"22000","name":""}},{"type":"Feature","geometry":{"type":"LineString","coordinates":[[16.2819193,48.7157221],[16.2829196,48.7144725],[16.2820495,48.7157401]]},"properties":{"voltage":"110000","name":""}},{"type":"Feature","geometry":{"type":"LineString","coordinates":[[16.2816493,48.7156848],[16.2826042,48.7144005],[16.2817854,48.7157036]]},"properties":{"voltage":"110000","name":""}},{"type":"Feature","geometry":{"type":"LineString","coordinates":[[16.8018057,48.6065962],[16.8029359,48.6084552],[16.8028889,48.6098525],[16.8028192,48.6119218],[16.8027571,48.6137689],[16.8008971,48.6159541],[16.7991362,48.6180227],[16.7971972,48.6189653],[16.7952064,48.619933],[16.7921001,48.621443],[16.7899837,48.6224717],[16.7874876,48.625058],[16.7864497,48.6275173],[16.7854722,48.6298333],[16.7842233,48.6327922],[16.7808231,48.6349721],[16.7774092,48.6371606],[16.7750832,48.6386516],[16.7740335,48.6410553],[16.7729525,48.6435306],[16.7718978,48.6459456],[16.7731553,48.6485174],[16.7744077,48.6510785],[16.7754238,48.6531561],[16.7743378,48.6556659],[16.7735213,48.6575528],[16.7722066,48.6605909],[16.7709643,48.6634616],[16.7693264,48.667246],[16.7688637,48.6697341],[16.7684849,48.6717704],[16.7687456,48.6761219],[16.7724805,48.6784267],[16.7755012,48.6802906],[16.7778757,48.6817558],[16.7803601,48.6832888],[16.782961,48.6847888],[16.7858825,48.6864738],[16.7882298,48.6878276],[16.7906215,48.6892069],[16.7927708,48.6904464],[16.7956843,48.6921265],[16.7967066,48.6957186],[16.7978452,48.699719],[16.7999067,48.7019156],[16.8015908,48.7037101],[16.8042217,48.7065131],[16.8059119,48.7083138],[16.8074091,48.7099089]]},"properties":{"voltage":"220000","name":""}},{"type":"Feature","geometry":{"type":"LineString","coordinates":[[16.5178975,48.9059682],[16.5178912,48.905973],[16.5178806,48.9059725],[16.5178533,48.905968],[16.5178326,48.9059743],[16.5175567,48.9061226],[16.5174859,48.9061477],[16.5169123,48.9064322],[16.5161937,48.9067841],[16.5155918,48.9070869],[16.5148417,48.9074632],[16.514792,48.9074872],[16.5141716,48.9077922],[16.5141405,48.9078047],[16.5138107,48.9078789],[16.5137305,48.9079015],[16.51341,48.9079685],[16.5126838,48.9081233],[16.5125284,48.9081469],[16.5125126,48.9081408],[16.5124286,48.9080455],[16.5123381,48.9079674]]},"properties":{"voltage":"400","name":""}},{"type":"Feature","geometry":{"type":"LineString","coordinates":[[16.5269352,48.9052002],[16.5269047,48.9051787],[16.5268646,48.9051855],[16.526125,48.9054152],[16.5248449,48.9058187],[16.5227764,48.9064767],[16.5219009,48.9067512],[16.5213927,48.9069096],[16.5212139,48.9069647],[16.5210078,48.9070278],[16.5208737,48.9070629],[16.5207145,48.9070945],[16.5207145,48.9071196]]},"properties":{"voltage":"22000","name":""}},{"type":"Feature","geometry":{"type":"LineString","coordinates":[[16.1417846,48.4825059],[16.1424176,48.4820632],[16.1431096,48.4815654]]},"properties":{"voltage":"","name":""}},{"type":"Feature","geometry":{"type":"LineString","coordinates":[[16.760756,48.3873522],[16.7626426,48.3863115]]},"properties":{"voltage":"110000","name":""}},{"type":"Feature","geometry":{"type":"LineString","coordinates":[[16.3797861,48.3599908],[16.3829647,48.3595491],[16.3866861,48.3590321],[16.3902405,48.3585382],[16.3945051,48.3579457],[16.3985248,48.357385],[16.4018445,48.3569259],[16.4056217,48.3562038],[16.4093875,48.3554838],[16.4133905,48.3547185],[16.4175796,48.3539176],[16.4214258,48.3531823],[16.4253696,48.3524282],[16.4298354,48.3515744],[16.4339649,48.3507848],[16.4377124,48.3500735],[16.4411034,48.349427],[16.4448765,48.3489791],[16.449555,48.348413],[16.4543452,48.3478444],[16.458711,48.3473247],[16.4624303,48.3468776],[16.4664018,48.3463989],[16.4703355,48.3459274],[16.4742103,48.34546],[16.4784831,48.3449526],[16.4825308,48.3444758],[16.4865172,48.3439941],[16.4905633,48.3435095],[16.4946033,48.343023],[16.4982154,48.3425849],[16.5025115,48.3420671],[16.5063153,48.3416171],[16.5105837,48.3411521]]},"properties":{"voltage":"380000","name":"Bisamberg - Sarasdorf;Bisamberg - Wien-S\u00fcdost;Bisamberg - Neusiedl an der Zaya"}},{"type":"Feature","geometry":{"type":"LineString","coordinates":[[16.5105837,48.3411521],[16.5137062,48.3418681]]},"properties":{"voltage":"380000","name":"Bisamberg - Neusiedl an der Zaya;Bisamberg - Sarasdorf"}},{"type":"Feature","geometry":{"type":"LineString","coordinates":[[16.5171469,48.3410768],[16.5162755,48.34348]]},"properties":{"voltage":"380000","name":"Sarasdorf - Neusiedl an der Zaya"}},{"type":"Feature","geometry":{"type":"LineString","coordinates":[[16.5105837,48.3411521],[16.5142928,48.3409498],[16.5166899,48.3377993]]},"properties":{"voltage":"380000","name":"Bisamberg - Wien-S\u00fcdost"}},{"type":"Feature","geometry":{"type":"LineString","coordinates":[[16.5137062,48.3418681],[16.5171469,48.3410768]]},"properties":{"voltage":"380000","name":"Bisamberg - Sarasdorf"}},{"type":"Feature","geometry":{"type":"LineString","coordinates":[[16.958843,48.0310824],[16.9597225,48.0294628]]},"properties":{"voltage":"20000","name":""}},{"type":"Feature","geometry":{"type":"LineString","coordinates":[[15.0443415,48.1308081],[15.0438099,48.1333922],[15.0431875,48.1363867],[15.0425568,48.1393957],[15.0419729,48.142157],[15.0449774,48.1436955],[15.0485658,48.1455563]]},"properties":{"voltage":"110000","name":""}},{"type":"Feature","geometry":{"type":"LineString","coordinates":[[16.8703965,48.317164],[16.6932143,48.3512971]]},"properties":{"voltage":"110000","name":""}},{"type":"Feature","geometry":{"type":"LineString","coordinates":[[16.0960511,48.1246232],[16.0967275,48.1248637]]},"properties":{"voltage":"20000","name":""}},{"type":"Feature","geometry":{"type":"LineString","coordinates":[[15.6541503,48.272323],[15.6532865,48.2722424]]},"properties":{"voltage":"110000","name":""}},{"type":"Feature","geometry":{"type":"LineString","coordinates":[[15.6541503,48.272323],[15.653297,48.2723729]]},"properties":{"voltage":"110000","name":""}},{"type":"Feature","geometry":{"type":"LineString","coordinates":[[16.4196482,48.1263345],[16.4168238,48.1288656]]},"properties":{"voltage":"110000","name":""}},{"type":"Feature","geometry":{"type":"LineString","coordinates":[[16.4168238,48.1288656],[16.417484,48.1303796],[16.4185101,48.1329679],[16.4191918,48.1350941],[16.4198116,48.1372728],[16.4225116,48.138845],[16.4250669,48.1403328]]},"properties":{"voltage":"380000;110000","name":"Wien S\u00fcdost - Wien Simmering;Wien S\u00fcdost - Wien Kaiserebersdorf"}},{"type":"Feature","geometry":{"type":"LineString","coordinates":[[16.5070055,48.1359566],[16.5068978,48.1358781]]},"properties":{"voltage":"110000","name":""}},{"type":"Feature","geometry":{"type":"LineString","coordinates":[[16.5070055,48.1359566],[16.5068035,48.1358978]]},"properties":{"voltage":"110000","name":""}},{"type":"Feature","geometry":{"type":"LineString","coordinates":[[16.8667589,48.0977021],[16.8697257,48.0997094],[16.8721556,48.1013561],[16.8751436,48.1033752],[16.8782169,48.1054572],[16.8807807,48.1071886],[16.8832849,48.1088753],[16.8857755,48.1105647],[16.8886605,48.1125165],[16.8913675,48.1143321],[16.8942025,48.1145005],[16.8984871,48.1157725],[16.9026191,48.1169646],[16.9069502,48.1182488],[16.9108571,48.1193996],[16.9149611,48.1206078],[16.9183414,48.1215896]]},"properties":{"voltage":"110000","name":"Bruck an der Leitha - Deutsch Altenburg"}},{"type":"Feature","geometry":{"type":"LineString","coordinates":[[15.8852852,48.3275148],[15.8852956,48.3276413],[15.8853383,48.3281039],[15.8853573,48.3282513],[15.885367,48.328398]]},"properties":{"voltage":"380000","name":""}},{"type":"Feature","geometry":{"type":"LineString","coordinates":[[15.8860846,48.3283637],[15.8860715,48.328219],[15.8860574,48.3280694],[15.8860132,48.3276044],[15.8860019,48.3274661]]},"properties":{"voltage":"380000","name":""}},{"type":"Feature","geometry":{"type":"LineString","coordinates":[[15.045035,48.1474636],[15.0427462,48.1488832],[15.0405767,48.1502392],[15.0361691,48.1509267],[15.0320045,48.1515763],[15.027945,48.1522094],[15.0236518,48.1528791],[15.0192931,48.1535589],[15.0162711,48.1528262],[15.0120607,48.1518054],[15.0080776,48.1508397],[15.0061181,48.1503646],[15.0052237,48.1501477]]},"properties":{"voltage":"220000","name":""}},{"type":"Feature","geometry":{"type":"LineString","coordinates":[[16.7485204,48.2660213],[16.7481897,48.2656617]]},"properties":{"voltage":"110000","name":"Deutsch-Altenburg - Untersiebenbrunn"}},{"type":"Feature","geometry":{"type":"LineString","coordinates":[[16.7485204,48.2660213],[16.7479586,48.2657508]]},"properties":{"voltage":"110000","name":"Deutsch-Altenburg - Untersiebenbrunn"}},{"type":"Feature","geometry":{"type":"LineString","coordinates":[[16.7130327,48.3437793],[16.7127778,48.3438568],[16.7096653,48.3434559],[16.7081624,48.3406692],[16.7066758,48.3378838],[16.7052244,48.3351749],[16.7040859,48.3330516],[16.7061292,48.3306953],[16.7081839,48.3283416],[16.7103413,48.3258335],[16.7125635,48.3232875],[16.7147341,48.3207469],[16.7167454,48.3184431],[16.7187199,48.3161317],[16.7207996,48.3138055],[16.7225277,48.3118036],[16.7247913,48.3091638],[16.7246722,48.3067841],[16.7245573,48.3045001],[16.7244449,48.3023586],[16.7243152,48.2997435],[16.7242063,48.2971279],[16.7240405,48.2945921],[16.7238424,48.2921954],[16.7238287,48.2896644],[16.7236686,48.2870042],[16.7235469,48.2847203],[16.7261161,48.2825651],[16.7290473,48.2801508],[16.7316842,48.2778784],[16.7343347,48.2756146],[16.7372704,48.2735486],[16.7397872,48.2712728],[16.7424495,48.2690937],[16.7451387,48.2668926],[16.7478491,48.2647552]]},"properties":{"voltage":"110000","name":"Untersiebenbrunn - G\u00e4nserndorf"}},{"type":"Feature","geometry":{"type":"LineString","coordinates":[[16.7478491,48.2647552],[16.7482324,48.2649791]]},"properties":{"voltage":"110000","name":"Untersiebenbrunn - G\u00e4nserndorf"}},{"type":"Feature","geometry":{"type":"LineString","coordinates":[[16.7478491,48.2647552],[16.7478757,48.2651137]]},"properties":{"voltage":"110000","name":"Untersiebenbrunn - G\u00e4nserndorf"}},{"type":"Feature","geometry":{"type":"LineString","coordinates":[[16.3607212,48.0176412],[16.3603023,48.0171035]]},"properties":{"voltage":"","name":""}},{"type":"Feature","geometry":{"type":"LineString","coordinates":[[15.2530227,48.2246392],[15.2568958,48.2198591],[15.2587751,48.2175255],[15.2623451,48.2173183],[15.2650653,48.2171714]]},"properties":{"voltage":"110000;110000;20000;20000","name":"Bergern - Erlauf;Bergern - Am Schuss"}},{"type":"Feature","geometry":{"type":"LineString","coordinates":[[15.8308159,48.662824],[15.8317106,48.6630892]]},"properties":{"voltage":"110000","name":"Horn - Eggenburg"}},{"type":"Feature","geometry":{"type":"LineString","coordinates":[[15.8308159,48.662824],[15.8316896,48.6625697]]},"properties":{"voltage":"110000","name":"Horn - Eggenburg"}},{"type":"Feature","geometry":{"type":"LineString","coordinates":[[15.331575,48.5923958],[15.3324441,48.5939655]]},"properties":{"voltage":"110000","name":"Ottenstein - Zwettl"}},{"type":"Feature","geometry":{"type":"LineString","coordinates":[[16.4641701,48.1465148],[16.4658797,48.1467582],[16.4709036,48.1501182],[16.470826,48.1505012],[16.470826,48.1506336],[16.4710298,48.1512671],[16.4716172,48.152772],[16.4716977,48.1531102],[16.4717594,48.1544916],[16.4718318,48.1547636],[16.47199,48.1550034],[16.4727679,48.1556368],[16.473307,48.1561378],[16.4736047,48.1565762],[16.47497,48.1559249]]},"properties":{"voltage":"110000","name":""}},{"type":"Feature","geometry":{"type":"LineString","coordinates":[[16.5897788,48.0638728],[16.5892985,48.0640692],[16.5891076,48.0651399],[16.5889664,48.0651343],[16.5889632,48.0651614]]},"properties":{"voltage":"20000","name":""}},{"type":"Feature","geometry":{"type":"LineString","coordinates":[[16.588948,48.0651607],[16.5889523,48.0651237],[16.5890889,48.0651294],[16.5892845,48.0640731],[16.5865542,48.0653399],[16.5863978,48.0654444],[16.586029,48.0656574],[16.5859407,48.0656601],[16.5848898,48.064817],[16.5832998,48.0657348],[16.5823694,48.0661328],[16.5793863,48.0654124],[16.5789909,48.0654887],[16.5780034,48.0649053],[16.5772575,48.0651404],[16.5768464,48.0652565],[16.5765531,48.0655357]]},"properties":{"voltage":"20000","name":""}},{"type":"Feature","geometry":{"type":"LineString","coordinates":[[16.8915653,47.998786],[16.8941544,48.0020623],[16.8860876,48.0058998],[16.885263,48.0062921],[16.88202,48.0078347],[16.8820604,48.0078804],[16.8837209,48.0099849],[16.8855673,48.0122661],[16.8609956,48.0206125]]},"properties":{"voltage":"110000","name":"Parndorf-Walzwerk - Bruckneudorf"}},{"type":"Feature","geometry":{"type":"LineString","coordinates":[[16.3076457,48.0818095],[16.3077468,48.0817985],[16.3078318,48.0817893],[16.3079132,48.0817804],[16.3079925,48.0817718],[16.3080685,48.0817635],[16.3081486,48.0817548],[16.3082255,48.0817464],[16.30831,48.0817372],[16.3083884,48.0817287],[16.3084663,48.0817202],[16.3085468,48.0817114],[16.3086273,48.0817027],[16.3087228,48.0816923]]},"properties":{"voltage":"110000","name":""}},{"type":"Feature","geometry":{"type":"LineString","coordinates":[[16.3076194,48.0817012],[16.3077192,48.0816904],[16.307805,48.0816812],[16.3078872,48.0816723],[16.3079654,48.0816639],[16.3080423,48.0816556],[16.3081228,48.081647],[16.3081995,48.0816387],[16.3082835,48.0816296],[16.3083614,48.0816213],[16.3084418,48.0816126],[16.3085218,48.081604],[16.3086028,48.0815952],[16.3087007,48.0815847]]},"properties":{"voltage":"110000","name":""}},{"type":"Feature","geometry":{"type":"LineString","coordinates":[[16.3084939,48.0814843],[16.3085218,48.081604],[16.3085468,48.0817114],[16.3085646,48.0817876]]},"properties":{"voltage":"110000","name":""}},{"type":"Feature","geometry":{"type":"LineString","coordinates":[[16.3084199,48.0815165],[16.3084418,48.0816126],[16.3084663,48.0817202],[16.308495,48.0818459],[16.3084782,48.0818859],[16.3084864,48.0819306]]},"properties":{"voltage":"110000","name":""}},{"type":"Feature","geometry":{"type":"LineString","coordinates":[[16.3085807,48.081498],[16.3086028,48.0815952],[16.3086273,48.0817027],[16.3086748,48.0819115]]},"properties":{"voltage":"110000","name":""}},{"type":"Feature","geometry":{"type":"LineString","coordinates":[[16.3080938,48.0815261],[16.3081228,48.081647],[16.3081486,48.0817548],[16.3081668,48.0818306]]},"properties":{"voltage":"110000","name":""}},{"type":"Feature","geometry":{"type":"LineString","coordinates":[[16.3077749,48.0815601],[16.307805,48.0816812],[16.3078318,48.0817893],[16.3078505,48.0818648]]},"properties":{"voltage":"110000","name":""}},{"type":"Feature","geometry":{"type":"LineString","coordinates":[[16.3076961,48.0816001],[16.3077192,48.0816904],[16.3077468,48.0817985],[16.3077982,48.0820001]]},"properties":{"voltage":"110000","name":""}},{"type":"Feature","geometry":{"type":"LineString","coordinates":[[16.3078651,48.0815806],[16.3078872,48.0816723],[16.3079132,48.0817804],[16.3079621,48.0819835]]},"properties":{"voltage":"110000","name":""}},{"type":"Feature","geometry":{"type":"LineString","coordinates":[[16.3084939,48.0814843],[16.3083349,48.0811748]]},"properties":{"voltage":"110000","name":"Wien S\u00fcdost - Wiener Neudorf"}},{"type":"Feature","geometry":{"type":"LineString","coordinates":[[16.3080938,48.0815261],[16.3083349,48.0811748]]},"properties":{"voltage":"110000","name":"Wien S\u00fcdost - Wiener Neudorf"}},{"type":"Feature","geometry":{"type":"LineString","coordinates":[[16.3077895,48.0812316],[16.3079422,48.0815717]]},"properties":{"voltage":"110000","name":"Wiener Neudorf - Traiskirchen"}},{"type":"Feature","geometry":{"type":"LineString","coordinates":[[16.3079422,48.0815717],[16.3079654,48.0816639],[16.3079925,48.0817718],[16.3080115,48.0818474]]},"properties":{"voltage":"110000","name":""}},{"type":"Feature","geometry":{"type":"LineString","coordinates":[[16.3077895,48.0812316],[16.3077749,48.0815601]]},"properties":{"voltage":"110000","name":"Wiener Neudorf - Traiskirchen"}},{"type":"Feature","geometry":{"type":"LineString","coordinates":[[16.3080198,48.0815627],[16.3080423,48.0816556],[16.3080685,48.0817635],[16.3080868,48.0818393]]},"properties":{"voltage":"110000","name":""}},{"type":"Feature","geometry":{"type":"LineString","coordinates":[[16.3082438,48.0818223],[16.3082255,48.0817464],[16.3081995,48.0816387],[16.3081768,48.0815446]]},"properties":{"voltage":"110000","name":""}},{"type":"Feature","geometry":{"type":"LineString","coordinates":[[16.3083018,48.0813737],[16.3083375,48.081526],[16.3083614,48.0816213],[16.3083884,48.0817287],[16.3084074,48.0818046]]},"properties":{"voltage":"110000","name":""}},{"type":"Feature","geometry":{"type":"LineString","coordinates":[[16.3082601,48.081535],[16.3082835,48.0816296],[16.30831,48.0817372],[16.3083288,48.0818131]]},"properties":{"voltage":"110000","name":""}},{"type":"Feature","geometry":{"type":"LineString","coordinates":[[16.3078268,48.0814227],[16.3083018,48.0813737],[16.308379,48.0813657]]},"properties":{"voltage":"110000","name":""}},{"type":"Feature","geometry":{"type":"LineString","coordinates":[[16.6158231,48.0641799],[16.6151465,48.0648809]]},"properties":{"voltage":"110000","name":""}},{"type":"Feature","geometry":{"type":"LineString","coordinates":[[16.6153434,48.0648875],[16.61533,48.0650352],[16.6153142,48.0652096]]},"properties":{"voltage":"110000","name":""}},{"type":"Feature","geometry":{"type":"LineString","coordinates":[[16.6151465,48.0648809],[16.6151404,48.0650278],[16.6151261,48.0652064]]},"properties":{"voltage":"110000","name":""}},{"type":"Feature","geometry":{"type":"LineString","coordinates":[[16.6158231,48.0641799],[16.6153434,48.0648875]]},"properties":{"voltage":"110000","name":""}},{"type":"Feature","geometry":{"type":"LineString","coordinates":[[16.6150794,48.0650253],[16.6151404,48.0650278],[16.61533,48.0650352],[16.6153722,48.0650367]]},"properties":{"voltage":"110000","name":""}},{"type":"Feature","geometry":{"type":"LineString","coordinates":[[15.6886221,48.2240067],[15.6886665,48.2240376],[15.6887512,48.2240967],[15.6889171,48.2242124],[15.6894202,48.2245635],[15.6895897,48.2246818],[15.6901788,48.2250928],[15.6902617,48.2251507],[15.6903026,48.2251792]]},"properties":{"voltage":"110000","name":""}},{"type":"Feature","geometry":{"type":"LineString","coordinates":[[15.6897242,48.2249313],[15.6895301,48.2250519]]},"properties":{"voltage":"110000","name":""}},{"type":"Feature","geometry":{"type":"LineString","coordinates":[[15.6892952,48.2249875],[15.6887146,48.2252833]]},"properties":{"voltage":"110000","name":"Bergern - Pottenbrunn;St. P\u00f6lten - Pottenbrunn"}},{"type":"Feature","geometry":{"type":"LineString","coordinates":[[15.6894202,48.2245635],[15.6896285,48.2244263]]},"properties":{"voltage":"110000","name":""}},{"type":"Feature","geometry":{"type":"LineString","coordinates":[[15.6887387,48.2239909],[15.6886665,48.2240376],[15.6885506,48.2241126],[15.6884788,48.224159],[15.6881822,48.2243288]]},"properties":{"voltage":"110000","name":""}},{"type":"Feature","geometry":{"type":"LineString","coordinates":[[15.6898834,48.225391],[15.6899532,48.2253467],[15.6900725,48.2252709],[15.6901449,48.2252248],[15.6902617,48.2251507],[15.6903347,48.2251044],[15.6905253,48.2249832]]},"properties":{"voltage":"110000","name":""}},{"type":"Feature","geometry":{"type":"LineString","coordinates":[[15.688728,48.2243329],[15.6888003,48.2242868],[15.6889171,48.2242124],[15.6889898,48.224166],[15.6891283,48.2240778]]},"properties":{"voltage":"","name":""}},{"type":"Feature","geometry":{"type":"LineString","coordinates":[[15.6884327,48.2241268],[15.6884788,48.224159],[15.6885632,48.2242179],[15.688728,48.2243329],[15.6888141,48.224393],[15.6889817,48.2245099],[15.689067,48.2245694],[15.6891486,48.2246264],[15.6894007,48.2248022],[15.6899901,48.2252134],[15.6900725,48.2252709],[15.6901571,48.2253299],[15.6904189,48.2251629],[15.6903347,48.2251044],[15.6902515,48.2250463],[15.6899957,48.2248679],[15.6898323,48.2247539],[15.6896625,48.2246354],[15.6893263,48.2244008],[15.6889898,48.224166],[15.6888242,48.2240505],[15.6887387,48.2239909],[15.6886923,48.2239585]]},"properties":{"voltage":"110000","name":""}},{"type":"Feature","geometry":{"type":"LineString","coordinates":[[15.6898027,48.2253332],[15.6898706,48.2252898],[15.6899901,48.2252134],[15.6900623,48.2251672],[15.6901788,48.2250928],[15.6902515,48.2250463],[15.6904411,48.2249252]]},"properties":{"voltage":"110000","name":""}},{"type":"Feature","geometry":{"type":"LineString","coordinates":[[15.6902478,48.2255546],[15.6899532,48.2253467],[15.6898706,48.2252898]]},"properties":{"voltage":"110000","name":""}},{"type":"Feature","geometry":{"type":"LineString","coordinates":[[15.6876946,48.2245696],[15.6882642,48.224386]]},"properties":{"voltage":"110000","name":"Pottenbrunn - Traisen"}},{"type":"Feature","geometry":{"type":"LineString","coordinates":[[15.6887512,48.2240967],[15.6888242,48.2240505],[15.688959,48.2239654]]},"properties":{"voltage":"110000","name":""}},{"type":"Feature","geometry":{"type":"LineString","coordinates":[[15.6898323,48.2247539],[15.6894506,48.2249953]]},"properties":{"voltage":"110000","name":""}},{"type":"Feature","geometry":{"type":"LineString","coordinates":[[15.6891486,48.2246264],[15.6895453,48.224373]]},"properties":{"voltage":"110000","name":""}},{"type":"Feature","geometry":{"type":"LineString","coordinates":[[15.6898915,48.225048],[15.6896993,48.225169]]},"properties":{"voltage":"110000","name":""}},{"type":"Feature","geometry":{"type":"LineString","coordinates":[[15.6888882,48.2253995],[15.6895301,48.2250519]]},"properties":{"voltage":"110000","name":"Pottenbrunn - Stratzdorf"}},{"type":"Feature","geometry":{"type":"LineString","coordinates":[[15.6899957,48.2248679],[15.6896187,48.2251116]]},"properties":{"voltage":"110000","name":""}},{"type":"Feature","geometry":{"type":"LineString","coordinates":[[15.6895557,48.2248138],[15.6892952,48.2249875]]},"properties":{"voltage":"110000","name":""}},{"type":"Feature","geometry":{"type":"LineString","coordinates":[[15.6888856,48.2243463],[15.6888141,48.224393],[15.6887159,48.2244569],[15.6886004,48.2245057]]},"properties":{"voltage":"110000","name":""}},{"type":"Feature","geometry":{"type":"LineString","coordinates":[[15.6911487,48.2261705],[15.6902478,48.2255546]]},"properties":{"voltage":"380000","name":""}},{"type":"Feature","geometry":{"type":"LineString","coordinates":[[15.6888882,48.2253995],[15.6894506,48.2249953]]},"properties":{"voltage":"110000","name":"Pottenbrunn - Stratzdorf"}},{"type":"Feature","geometry":{"type":"LineString","coordinates":[[15.6893037,48.224638],[15.6890273,48.2248127]]},"properties":{"voltage":"110000","name":""}},{"type":"Feature","geometry":{"type":"LineString","coordinates":[[15.6896625,48.2246354],[15.6895897,48.2246818],[15.689473,48.2247561],[15.6894007,48.2248022],[15.6892092,48.224924]]},"properties":{"voltage":"110000","name":""}},{"type":"Feature","geometry":{"type":"LineString","coordinates":[[15.6885038,48.2240799],[15.6885506,48.2241126],[15.6886344,48.224171],[15.6888003,48.2242868],[15.6888856,48.2243463],[15.6893037,48.224638],[15.689473,48.2247561],[15.6895557,48.2248138],[15.6897242,48.2249313],[15.6898915,48.225048],[15.6900623,48.2251672],[15.6901449,48.2252248],[15.6901859,48.2252535]]},"properties":{"voltage":"110000","name":""}},{"type":"Feature","geometry":{"type":"LineString","coordinates":[[15.6886344,48.224171],[15.6885632,48.2242179],[15.6882642,48.224386]]},"properties":{"voltage":"110000","name":""}},{"type":"Feature","geometry":{"type":"LineString","coordinates":[[15.6889817,48.2245099],[15.6893789,48.224258]]},"properties":{"voltage":"110000","name":""}},{"type":"Feature","geometry":{"type":"LineString","coordinates":[[15.6896993,48.225169],[15.6890517,48.2255138]]},"properties":{"voltage":"110000","name":"Pottenbrunn - Thei\u00df"}},{"type":"Feature","geometry":{"type":"LineString","coordinates":[[15.6890517,48.2255138],[15.6878436,48.2268651],[15.6882791,48.2284763],[15.6915476,48.2295056],[15.6951504,48.230646],[15.6987865,48.2317869],[15.7025058,48.2329626],[15.7050329,48.2347725],[15.7075242,48.2365657],[15.7101658,48.2384719],[15.7127637,48.2403329],[15.7153762,48.2422168],[15.7182471,48.2442834],[15.7211349,48.2463609],[15.723592,48.2481337],[15.7259944,48.2498638],[15.7285338,48.2516936],[15.727763,48.2543986],[15.7269086,48.2574281],[15.7260885,48.2604001],[15.7252435,48.2634027],[15.7244487,48.2662256],[15.7237689,48.2686338],[15.7231548,48.2708092],[15.7223554,48.2736437],[15.7215361,48.2765311],[15.7207543,48.2793093],[15.7185062,48.2814777],[15.7163484,48.2835445],[15.7140493,48.2857431]]},"properties":{"voltage":"110000","name":"Pottenbrunn - Thei\u00df"}},{"type":"Feature","geometry":{"type":"LineString","coordinates":[[15.6893263,48.2244008],[15.689067,48.2245694],[15.6888516,48.2246988]]},"properties":{"voltage":"110000","name":""}},{"type":"Feature","geometry":{"type":"LineString","coordinates":[[15.6876946,48.2245696],[15.6881822,48.2243288]]},"properties":{"voltage":"110000","name":"Pottenbrunn - Traisen"}},{"type":"Feature","geometry":{"type":"LineString","coordinates":[[15.6887146,48.2252833],[15.6857333,48.226737],[15.6828138,48.228163],[15.680075,48.2295015],[15.6770626,48.2309715],[15.6743479,48.2322907],[15.6711779,48.2338419],[15.6682587,48.2352582],[15.6660094,48.2363595],[15.6634754,48.2375939],[15.6608326,48.2388909],[15.657688,48.2387656],[15.653767,48.2386171],[15.6496923,48.2384584],[15.6463561,48.2383303],[15.6426967,48.2381856],[15.6387867,48.2380329],[15.63506,48.2378914],[15.630843,48.237726],[15.62667,48.2375655],[15.6227133,48.2374142],[15.6187088,48.2372577],[15.614961,48.23711],[15.6106496,48.2369463],[15.6089101,48.2343563],[15.6072968,48.2319555],[15.6057743,48.2296885],[15.6040954,48.2271892],[15.6022055,48.2243786],[15.600529,48.2218851],[15.5992338,48.2199549],[15.5976605,48.2176037],[15.5951451,48.2153047],[15.592906,48.2132457],[15.5904409,48.2109889],[15.5878813,48.2086393],[15.5852591,48.2062358],[15.5823463,48.2035647],[15.5800118,48.2014979]]},"properties":{"voltage":"110000","name":"Bergern - Pottenbrunn;St. P\u00f6lten - Pottenbrunn"}},{"type":"Feature","geometry":{"type":"LineString","coordinates":[[15.7374734,48.2682331],[15.7374492,48.268367],[15.7373787,48.2687573]]},"properties":{"voltage":"380000","name":""}},{"type":"Feature","geometry":{"type":"LineString","coordinates":[[15.7361624,48.2690833],[15.7362797,48.2690929],[15.736522,48.2691128],[15.7367661,48.2691328],[15.7370635,48.2691571],[15.7371779,48.2691665]]},"properties":{"voltage":"380000","name":""}},{"type":"Feature","geometry":{"type":"LineString","coordinates":[[15.7371381,48.2687371],[15.7370944,48.2689829],[15.7370635,48.2691571]]},"properties":{"voltage":"380000","name":""}},{"type":"Feature","geometry":{"type":"LineString","coordinates":[[15.7381803,48.2688247],[15.7381279,48.2691001],[15.7380812,48.2693455]]},"properties":{"voltage":"380000","name":""}},{"type":"Feature","geometry":{"type":"LineString","coordinates":[[15.7368415,48.2687121],[15.7367968,48.2689618],[15.7367661,48.2691328]]},"properties":{"voltage":"380000","name":""}},{"type":"Feature","geometry":{"type":"LineString","coordinates":[[15.7362419,48.2686616],[15.7363602,48.2686716],[15.7366035,48.2686921],[15.7368415,48.2687121],[15.7371381,48.2687371],[15.7373787,48.2687573],[15.7381803,48.2688247],[15.7383012,48.2688349]]},"properties":{"voltage":"380000","name":""}},{"type":"Feature","geometry":{"type":"LineString","coordinates":[[15.7363602,48.2686716],[15.736312,48.2689236],[15.7362797,48.2690929],[15.7362613,48.2691888]]},"properties":{"voltage":"380000","name":""}},{"type":"Feature","geometry":{"type":"LineString","coordinates":[[15.7366035,48.2686921],[15.736555,48.2689424],[15.736522,48.2691128],[15.7365037,48.2692071]]},"properties":{"voltage":"380000","name":""}},{"type":"Feature","geometry":{"type":"LineString","coordinates":[[15.7069287,48.3944731],[15.7068792,48.3942513],[15.706848,48.3941112]]},"properties":{"voltage":"110000","name":""}},{"type":"Feature","geometry":{"type":"LineString","coordinates":[[15.7052648,48.3944744],[15.7052895,48.3945997]]},"properties":{"voltage":"110000","name":""}},{"type":"Feature","geometry":{"type":"LineString","coordinates":[[15.7070406,48.394232],[15.7068792,48.3942513]]},"properties":{"voltage":"110000","name":""}},{"type":"Feature","geometry":{"type":"LineString","coordinates":[[15.7060058,48.3937037],[15.7061943,48.3936816]]},"properties":{"voltage":"110000","name":""}},{"type":"Feature","geometry":{"type":"LineString","coordinates":[[15.7059852,48.3936141],[15.7061779,48.3935926]]},"properties":{"voltage":"110000","name":""}},{"type":"Feature","geometry":{"type":"LineString","coordinates":[[15.7059647,48.3935249],[15.7061569,48.3935063]]},"properties":{"voltage":"110000","name":""}},{"type":"Feature","geometry":{"type":"LineString","coordinates":[[15.7053803,48.3942441],[15.7054051,48.3943654],[15.7054242,48.3944579]]},"properties":{"voltage":"110000","name":""}},{"type":"Feature","geometry":{"type":"LineString","coordinates":[[15.7058101,48.3934817],[15.7059306,48.3940015],[15.705957,48.3941154],[15.7057129,48.3943349],[15.7055242,48.3943536],[15.7054051,48.3943654],[15.7049078,48.3944148]]},"properties":{"voltage":"110000","name":""}},{"type":"Feature","geometry":{"type":"LineString","coordinates":[[15.7059515,48.3934676],[15.7059647,48.3935249],[15.7059852,48.3936141],[15.7060058,48.3937037],[15.706071,48.3939875],[15.7061063,48.3941412],[15.7057973,48.3944234],[15.7052648,48.3944744],[15.7049301,48.3945065]]},"properties":{"voltage":"110000","name":""}},{"type":"Feature","geometry":{"type":"LineString","coordinates":[[15.7080084,48.3934267],[15.7078227,48.3934438],[15.707254,48.3934962]]},"properties":{"voltage":"110000","name":""}},{"type":"Feature","geometry":{"type":"LineString","coordinates":[[15.7049232,48.3933441],[15.7050375,48.393846],[15.7052789,48.3938215],[15.7053803,48.3942441]]},"properties":{"voltage":"380000","name":""}},{"type":"Feature","geometry":{"type":"LineString","coordinates":[[15.7079613,48.3932136],[15.7077889,48.3932317],[15.7076217,48.3932493]]},"properties":{"voltage":"110000","name":""}},{"type":"Feature","geometry":{"type":"LineString","coordinates":[[15.7055242,48.3943536],[15.7055714,48.3945719]]},"properties":{"voltage":"110000","name":""}},{"type":"Feature","geometry":{"type":"LineString","coordinates":[[15.7073422,48.3944887],[15.7072257,48.3944901],[15.7071354,48.3945008],[15.7069287,48.3944731]]},"properties":{"voltage":"110000","name":""}},{"type":"Feature","geometry":{"type":"LineString","coordinates":[[15.6888976,48.4094852],[15.6890022,48.4095058]]},"properties":{"voltage":"110000","name":""}},{"type":"Feature","geometry":{"type":"LineString","coordinates":[[15.6882829,48.4091541],[15.6885432,48.4092053],[15.6886203,48.4092205],[15.6887255,48.4092412],[15.6888015,48.4092562],[15.6889065,48.4092769],[15.6889839,48.4092921]]},"properties":{"voltage":"110000","name":""}},{"type":"Feature","geometry":{"type":"LineString","coordinates":[[15.6882484,48.4092313],[15.6885087,48.4092825],[15.6885858,48.4092977],[15.688691,48.4093184],[15.688767,48.4093334],[15.688872,48.409354],[15.6889494,48.4093693]]},"properties":{"voltage":"110000","name":""}},{"type":"Feature","geometry":{"type":"LineString","coordinates":[[15.6900104,48.4091278],[15.6899849,48.4091847],[15.6898599,48.4094646],[15.6898254,48.4095418],[15.6897564,48.4096963]]},"properties":{"voltage":"110000","name":""}},{"type":"Feature","geometry":{"type":"LineString","coordinates":[[15.6898136,48.4092799],[15.6897906,48.4093311],[15.6897414,48.4094413],[15.689707,48.4095185],[15.6896379,48.409673]]},"properties":{"voltage":"110000","name":""}},{"type":"Feature","geometry":{"type":"LineString","coordinates":[[15.6897105,48.4092596],[15.6896384,48.409421],[15.6896039,48.4094982],[15.6895532,48.4096116],[15.6895349,48.4096527]]},"properties":{"voltage":"110000","name":""}},{"type":"Feature","geometry":{"type":"LineString","coordinates":[[15.6894252,48.4096311],[15.6894943,48.4094766],[15.6895288,48.4093994],[15.6895784,48.4092884],[15.6896009,48.409238],[15.6896769,48.4090607]]},"properties":{"voltage":"110000","name":""}},{"type":"Feature","geometry":{"type":"LineString","coordinates":[[15.6895222,48.4092225],[15.6894501,48.4093839],[15.6894156,48.4094611],[15.6893651,48.4095743],[15.6893466,48.4096157]]},"properties":{"voltage":"110000","name":""}},{"type":"Feature","geometry":{"type":"LineString","coordinates":[[15.6894185,48.4092021],[15.6893464,48.4093635],[15.689312,48.4094407],[15.6892429,48.4095953]]},"properties":{"voltage":"110000","name":""}},{"type":"Feature","geometry":{"type":"LineString","coordinates":[[15.6894173,48.4090082],[15.6893407,48.4091868],[15.6893186,48.4092361],[15.6892685,48.4093482],[15.6892341,48.4094254],[15.689165,48.4095799]]},"properties":{"voltage":"110000","name":""}},{"type":"Feature","geometry":{"type":"LineString","coordinates":[[15.6892365,48.4091663],[15.6891643,48.4093277],[15.6891299,48.4094049],[15.6890608,48.4095594]]},"properties":{"voltage":"110000","name":""}},{"type":"Feature","geometry":{"type":"LineString","coordinates":[[15.6891605,48.4091513],[15.6890884,48.4093127],[15.6890539,48.4093899],[15.6890022,48.4095058],[15.6889849,48.4095445]]},"properties":{"voltage":"110000","name":""}},{"type":"Feature","geometry":{"type":"LineString","coordinates":[[15.689056,48.4091307],[15.6889839,48.4092921],[15.6889494,48.4093693],[15.6888976,48.4094852],[15.6888803,48.4095239]]},"properties":{"voltage":"110000","name":""}},{"type":"Feature","geometry":{"type":"LineString","coordinates":[[15.6889786,48.4091155],[15.6889572,48.4091633],[15.6889065,48.4092769],[15.688872,48.409354],[15.6888029,48.4095086]]},"properties":{"voltage":"110000","name":""}},{"type":"Feature","geometry":{"type":"LineString","coordinates":[[15.6888736,48.4090948],[15.6888015,48.4092562],[15.688767,48.4093334],[15.6887168,48.4094457],[15.688698,48.409488]]},"properties":{"voltage":"110000","name":""}},{"type":"Feature","geometry":{"type":"LineString","coordinates":[[15.6887975,48.4090799],[15.6887765,48.4091269],[15.6887255,48.4092412],[15.688691,48.4093184],[15.6886219,48.409473]]},"properties":{"voltage":"110000","name":""}},{"type":"Feature","geometry":{"type":"LineString","coordinates":[[15.6886924,48.4090591],[15.6886203,48.4092205],[15.6885858,48.4092977],[15.6885357,48.4094098],[15.6885167,48.4094523]]},"properties":{"voltage":"110000","name":""}},{"type":"Feature","geometry":{"type":"LineString","coordinates":[[15.6886153,48.409044],[15.6885946,48.4090903],[15.6885432,48.4092053],[15.6885087,48.4092825],[15.6884396,48.4094371]]},"properties":{"voltage":"110000","name":""}},{"type":"Feature","geometry":{"type":"LineString","coordinates":[[15.6885103,48.4090226],[15.6884379,48.4091847],[15.6884038,48.409261],[15.6883535,48.4093736],[15.6883343,48.4094164]]},"properties":{"voltage":"110000","name":""}},{"type":"Feature","geometry":{"type":"LineString","coordinates":[[15.6884327,48.409008],[15.6884123,48.4090536],[15.6883608,48.4091691],[15.6883266,48.4092454],[15.6882571,48.4094012]]},"properties":{"voltage":"110000","name":""}},{"type":"Feature","geometry":{"type":"LineString","coordinates":[[15.688355,48.4089927],[15.6882829,48.4091541],[15.6882484,48.4092313],[15.6881986,48.4093429],[15.6881794,48.4093859]]},"properties":{"voltage":"110000","name":""}},{"type":"Feature","geometry":{"type":"LineString","coordinates":[[15.6890539,48.4093899],[15.6891299,48.4094049],[15.6892341,48.4094254],[15.689312,48.4094407],[15.6894156,48.4094611],[15.6894943,48.4094766],[15.6896039,48.4094982],[15.689707,48.4095185],[15.6898254,48.4095418]]},"properties":{"voltage":"110000","name":""}},{"type":"Feature","geometry":{"type":"LineString","coordinates":[[15.6890884,48.4093127],[15.6891643,48.4093277],[15.6892685,48.4093482],[15.6893464,48.4093635],[15.6894501,48.4093839],[15.6895288,48.4093994],[15.6896384,48.409421],[15.6897414,48.4094413],[15.6898599,48.4094646]]},"properties":{"voltage":"110000","name":""}},{"type":"Feature","geometry":{"type":"LineString","coordinates":[[15.6517699,48.4077167],[15.6501721,48.4063067]]},"properties":{"voltage":"110000;0","name":"Stratzdorf - Krems"}},{"type":"Feature","geometry":{"type":"LineString","coordinates":[[15.6512181,48.408096],[15.6511976,48.4081037],[15.6508465,48.4082359]]},"properties":{"voltage":"110000","name":""}},{"type":"Feature","geometry":{"type":"LineString","coordinates":[[15.6511441,48.4080058],[15.6511253,48.4080131],[15.6507768,48.4081487]]},"properties":{"voltage":"110000","name":""}},{"type":"Feature","geometry":{"type":"LineString","coordinates":[[15.8552778,48.3731209],[15.8550977,48.3731809],[15.8550033,48.373212]]},"properties":{"voltage":"220000","name":""}},{"type":"Feature","geometry":{"type":"LineString","coordinates":[[15.8552778,48.3731209],[15.8565079,48.3722945]]},"properties":{"voltage":"220000","name":""}},{"type":"Feature","geometry":{"type":"LineString","coordinates":[[15.855187,48.3729999],[15.8565079,48.3722945]]},"properties":{"voltage":"220000","name":""}},{"type":"Feature","geometry":{"type":"LineString","coordinates":[[15.8553708,48.3732432],[15.8565079,48.3722945]]},"properties":{"voltage":"220000","name":""}},{"type":"Feature","geometry":{"type":"LineString","coordinates":[[15.855187,48.3729999],[15.855003,48.3730604],[15.8549086,48.3730915]]},"properties":{"voltage":"220000","name":""}},{"type":"Feature","geometry":{"type":"LineString","coordinates":[[15.8553708,48.3732432],[15.8551814,48.3733063],[15.8550901,48.3733348]]},"properties":{"voltage":"220000","name":""}},{"type":"Feature","geometry":{"type":"LineString","coordinates":[[15.8866737,48.3275382],[15.8884102,48.3274564]]},"properties":{"voltage":"110000","name":""}},{"type":"Feature","geometry":{"type":"LineString","coordinates":[[15.8866868,48.3276406],[15.8884206,48.3275589]]},"properties":{"voltage":"110000","name":""}},{"type":"Feature","geometry":{"type":"LineString","coordinates":[[15.8875413,48.3278205],[15.8875383,48.3277811],[15.8875329,48.3277298],[15.8874906,48.3273254]]},"properties":{"voltage":"110000","name":""}},{"type":"Feature","geometry":{"type":"LineString","coordinates":[[15.8868134,48.3278562],[15.8868095,48.3278151],[15.8867627,48.3273593]]},"properties":{"voltage":"110000","name":""}},{"type":"Feature","geometry":{"type":"LineString","coordinates":[[15.887106,48.3273433],[15.8871481,48.327745],[15.8871527,48.3277991]]},"properties":{"voltage":"110000","name":""}},{"type":"Feature","geometry":{"type":"LineString","coordinates":[[15.8872187,48.3273381],[15.8872629,48.3277419],[15.8872686,48.3277937]]},"properties":{"voltage":"110000","name":""}},{"type":"Feature","geometry":{"type":"LineString","coordinates":[[15.8873005,48.3273343],[15.8873473,48.32779]]},"properties":{"voltage":"110000","name":""}},{"type":"Feature","geometry":{"type":"LineString","coordinates":[[15.8874109,48.3273291],[15.8874562,48.3277849]]},"properties":{"voltage":"110000","name":""}},{"type":"Feature","geometry":{"type":"LineString","coordinates":[[15.8875989,48.3273204],[15.8876461,48.3277761]]},"properties":{"voltage":"110000","name":""}},{"type":"Feature","geometry":{"type":"LineString","coordinates":[[15.887711,48.3273151],[15.8877615,48.3277707]]},"properties":{"voltage":"110000","name":""}},{"type":"Feature","geometry":{"type":"LineString","coordinates":[[15.8878197,48.3273101],[15.8878595,48.3277135],[15.8878657,48.3277658]]},"properties":{"voltage":"110000","name":""}},{"type":"Feature","geometry":{"type":"LineString","coordinates":[[15.8879361,48.3273047],[15.8879752,48.3277077],[15.8879806,48.3277605]]},"properties":{"voltage":"110000","name":""}},{"type":"Feature","geometry":{"type":"LineString","coordinates":[[15.88805,48.3272994],[15.8880886,48.327702],[15.8880931,48.3277552]]},"properties":{"voltage":"110000","name":""}},{"type":"Feature","geometry":{"type":"LineString","coordinates":[[15.8881651,48.327294],[15.8882056,48.3276962],[15.8882098,48.3277498]]},"properties":{"voltage":"110000","name":""}},{"type":"Feature","geometry":{"type":"LineString","coordinates":[[15.8882787,48.3272887],[15.8883196,48.3276904],[15.8883251,48.3277444]]},"properties":{"voltage":"110000","name":""}},{"type":"Feature","geometry":{"type":"LineString","coordinates":[[15.8883926,48.3272834],[15.8884102,48.3274564],[15.8884206,48.3275589],[15.888439,48.3277391]]},"properties":{"voltage":"110000","name":""}},{"type":"Feature","geometry":{"type":"LineString","coordinates":[[15.8884628,48.3286401],[15.8879806,48.3277605]]},"properties":{"voltage":"110000","name":""}},{"type":"Feature","geometry":{"type":"LineString","coordinates":[[15.8884628,48.3286401],[15.8882098,48.3277498]]},"properties":{"voltage":"110000","name":""}},{"type":"Feature","geometry":{"type":"LineString","coordinates":[[15.8884628,48.3286401],[15.8880931,48.3277552]]},"properties":{"voltage":"110000","name":""}},{"type":"Feature","geometry":{"type":"LineString","coordinates":[[15.8877556,48.3286749],[15.8878657,48.3277658]]},"properties":{"voltage":"110000","name":"D\u00fcrnrohr - Stratzdorf"}},{"type":"Feature","geometry":{"type":"LineString","coordinates":[[15.8877556,48.3286749],[15.8877615,48.3277707]]},"properties":{"voltage":"110000","name":"D\u00fcrnrohr - Stratzdorf"}},{"type":"Feature","geometry":{"type":"LineString","coordinates":[[15.8875989,48.3273204],[15.8876194,48.3270181]]},"properties":{"voltage":"110000","name":""}},{"type":"Feature","geometry":{"type":"LineString","coordinates":[[15.887711,48.3273151],[15.8876194,48.3270181]]},"properties":{"voltage":"110000","name":""}},{"type":"Feature","geometry":{"type":"LineString","coordinates":[[15.8883251,48.3277444],[15.8888322,48.3286122]]},"properties":{"voltage":"110000","name":"D\u00fcrnrohr - Tulln-West"}},{"type":"Feature","geometry":{"type":"LineString","coordinates":[[15.888439,48.3277391],[15.8888322,48.3286122]]},"properties":{"voltage":"110000","name":"D\u00fcrnrohr - Tulln-West"}},{"type":"Feature","geometry":{"type":"LineString","coordinates":[[15.9251796,48.3272918],[15.9253284,48.3274473],[15.9248608,48.3276487]]},"properties":{"voltage":"380000","name":""}},{"type":"Feature","geometry":{"type":"LineString","coordinates":[[15.9255101,48.3271434],[15.9258923,48.327551],[15.925957,48.3276189]]},"properties":{"voltage":"110000","name":""}},{"type":"Feature","geometry":{"type":"LineString","coordinates":[[15.9258241,48.3275778],[15.9258923,48.327551],[15.9260845,48.3274754],[15.92623,48.3274182],[15.9263429,48.3273738],[15.9263912,48.3273548]]},"properties":{"voltage":"110000","name":""}},{"type":"Feature","geometry":{"type":"LineString","coordinates":[[15.9258861,48.3276468],[15.925957,48.3276189],[15.9261487,48.3275435],[15.9262937,48.3274865],[15.9264055,48.3274425],[15.9264532,48.3274238]]},"properties":{"voltage":"110000","name":""}},{"type":"Feature","geometry":{"type":"LineString","coordinates":[[15.9258861,48.3276468],[15.9242761,48.3283527]]},"properties":{"voltage":"110000","name":""}},{"type":"Feature","geometry":{"type":"LineString","coordinates":[[15.9258241,48.3275778],[15.9242761,48.3283527]]},"properties":{"voltage":"110000","name":""}},{"type":"Feature","geometry":{"type":"LineString","coordinates":[[15.926185,48.3275821],[15.9261487,48.3275435],[15.9260845,48.3274754],[15.9258753,48.3272533]]},"properties":{"voltage":"110000","name":""}},{"type":"Feature","geometry":{"type":"LineString","coordinates":[[15.9262937,48.3274865],[15.92623,48.3274182],[15.9260249,48.3271936]]},"properties":{"voltage":"110000","name":""}},{"type":"Feature","geometry":{"type":"LineString","coordinates":[[15.9264055,48.3274425],[15.9263429,48.3273738],[15.9261355,48.3271465]]},"properties":{"voltage":"110000","name":""}},{"type":"Feature","geometry":{"type":"LineString","coordinates":[[15.4427207,48.5901416],[15.4428216,48.5898367],[15.4428372,48.5897893]]},"properties":{"voltage":"110000","name":"Ottenstein - Krumau"}},{"type":"Feature","geometry":{"type":"LineString","coordinates":[[15.4431027,48.5885159],[15.4427243,48.5897221],[15.4427193,48.5897485]]},"properties":{"voltage":"110000","name":"Krumau - Horn"}},{"type":"Feature","geometry":{"type":"LineString","coordinates":[[15.4429882,48.5898648],[15.4429906,48.5898483],[15.4429926,48.589834],[15.443007,48.5897359],[15.443013,48.5896952]]},"properties":{"voltage":"110000","name":""}},{"type":"Feature","geometry":{"type":"LineString","coordinates":[[15.4427207,48.5901416],[15.4427123,48.5898293],[15.4427109,48.5897793]]},"properties":{"voltage":"110000","name":"Ottenstein - Krumau"}},{"type":"Feature","geometry":{"type":"LineString","coordinates":[[15.4431027,48.5885159],[15.4428449,48.589728],[15.4428423,48.5897553]]},"properties":{"voltage":"110000","name":"Krumau - Horn"}},{"type":"Feature","geometry":{"type":"LineString","coordinates":[[16.7994728,48.6051255],[16.7994807,48.6051763],[16.7994944,48.6052645],[16.7995085,48.6053556],[16.7995222,48.6054431],[16.7995498,48.6056212],[16.799578,48.6058023],[16.7996253,48.6061066],[16.7996531,48.6062855],[16.7996811,48.6064655],[16.7996898,48.6065217]]},"properties":{"voltage":"110000","name":""}},{"type":"Feature","geometry":{"type":"LineString","coordinates":[[16.7993544,48.6051344],[16.7993622,48.6051844],[16.7993759,48.6052725],[16.79939,48.6053637],[16.7994036,48.6054511],[16.7994314,48.6056296],[16.7994595,48.6058104],[16.7995068,48.6061146],[16.7995346,48.6062934],[16.7995626,48.6064733],[16.7995715,48.6065306]]},"properties":{"voltage":"110000","name":""}},{"type":"Feature","geometry":{"type":"LineString","coordinates":[[16.7991384,48.605152],[16.7991457,48.6051991],[16.7991594,48.6052869],[16.7991736,48.6053784],[16.7991872,48.6054656],[16.7992151,48.6056451],[16.799243,48.6058251],[16.7992903,48.6061292],[16.7993181,48.6063078],[16.7993461,48.6064876],[16.7993555,48.6065482]]},"properties":{"voltage":"110000","name":""}},{"type":"Feature","geometry":{"type":"LineString","coordinates":[[16.8000241,48.6032165],[16.7998563,48.6050477]]},"properties":{"voltage":"110000","name":"G\u00e4nserndorf- Neusiedl an der Zaya"}},{"type":"Feature","geometry":{"type":"LineString","coordinates":[[16.799505,48.6032584],[16.7986866,48.6052208]]},"properties":{"voltage":"110000","name":"Mistelbach- Neusiedl an der Zaya"}},{"type":"Feature","geometry":{"type":"LineString","coordinates":[[16.8000241,48.6032165],[16.7997218,48.6050544]]},"properties":{"voltage":"110000","name":"G\u00e4nserndorf- Neusiedl an der Zaya"}},{"type":"Feature","geometry":{"type":"LineString","coordinates":[[16.7997218,48.6050544],[16.799738,48.6051588],[16.7994807,48.6051763],[16.7993622,48.6051844],[16.7991457,48.6051991]]},"properties":{"voltage":"110000","name":""}},{"type":"Feature","geometry":{"type":"LineString","coordinates":[[16.7998563,48.6050477],[16.7999001,48.605329],[16.7995085,48.6053556],[16.79939,48.6053637],[16.7991736,48.6053784]]},"properties":{"voltage":"110000","name":""}},{"type":"Feature","geometry":{"type":"LineString","coordinates":[[16.7986866,48.6052208],[16.7987013,48.6053175],[16.7991594,48.6052869],[16.7993759,48.6052725],[16.7994944,48.6052645]]},"properties":{"voltage":"110000","name":""}},{"type":"Feature","geometry":{"type":"LineString","coordinates":[[16.7985495,48.6052068],[16.7985953,48.6055054],[16.7991872,48.6054656],[16.7994036,48.6054511],[16.7995222,48.6054431]]},"properties":{"voltage":"110000","name":""}},{"type":"Feature","geometry":{"type":"LineString","coordinates":[[16.799505,48.6032584],[16.7985495,48.6052068]]},"properties":{"voltage":"110000","name":"Mistelbach- Neusiedl an der Zaya"}},{"type":"Feature","geometry":{"type":"LineString","coordinates":[[16.7996811,48.6064655],[16.7995626,48.6064733],[16.7993461,48.6064876],[16.7990912,48.6065045],[16.7991057,48.6066]]},"properties":{"voltage":"110000","name":""}},{"type":"Feature","geometry":{"type":"LineString","coordinates":[[16.7996531,48.6062855],[16.7995346,48.6062934],[16.7993181,48.6063078],[16.7989264,48.6063339],[16.7989684,48.6066101]]},"properties":{"voltage":"110000","name":""}},{"type":"Feature","geometry":{"type":"LineString","coordinates":[[16.7991057,48.6066],[16.7990877,48.606832]]},"properties":{"voltage":"110000","name":"Poysdorf - Neusiedl an der Zaya"}},{"type":"Feature","geometry":{"type":"LineString","coordinates":[[16.7989684,48.6066101],[16.7990877,48.606832]]},"properties":{"voltage":"110000","name":"Poysdorf - Neusiedl an der Zaya"}},{"type":"Feature","geometry":{"type":"LineString","coordinates":[[16.799578,48.6058023],[16.7994595,48.6058104],[16.799243,48.6058251],[16.7989963,48.6058419]]},"properties":{"voltage":"110000","name":""}},{"type":"Feature","geometry":{"type":"LineString","coordinates":[[16.7995498,48.6056212],[16.7994314,48.6056296],[16.7992151,48.6056451],[16.798966,48.6056628]]},"properties":{"voltage":"110000","name":""}},{"type":"Feature","geometry":{"type":"LineString","coordinates":[[16.7996253,48.6061066],[16.7995068,48.6061146],[16.7992903,48.6061292],[16.7990407,48.6061461]]},"properties":{"voltage":"110000","name":""}},{"type":"Feature","geometry":{"type":"LineString","coordinates":[[16.7467959,48.5873425],[16.7467948,48.587402],[16.7467939,48.5874535],[16.7467933,48.5874843],[16.7467928,48.5875152]]},"properties":{"voltage":"110000","name":""}},{"type":"Feature","geometry":{"type":"LineString","coordinates":[[16.7467399,48.587453],[16.7467939,48.5874535],[16.7469109,48.5874544],[16.7469578,48.5874548]]},"properties":{"voltage":"110000","name":""}},{"type":"Feature","geometry":{"type":"LineString","coordinates":[[16.7469109,48.5874544],[16.7469105,48.5874849],[16.7469102,48.5875154]]},"properties":{"voltage":"110000","name":""}},{"type":"Feature","geometry":{"type":"LineString","coordinates":[[16.7492443,48.6260382],[16.7492443,48.6259807],[16.7492443,48.6259015],[16.7492443,48.6258264],[16.7492443,48.6257113]]},"properties":{"voltage":"110000","name":""}},{"type":"Feature","geometry":{"type":"LineString","coordinates":[[16.7489941,48.6260413],[16.7489936,48.6259838],[16.7489929,48.6259044],[16.7489923,48.6258233],[16.7489914,48.6257115]]},"properties":{"voltage":"110000","name":""}},{"type":"Feature","geometry":{"type":"LineString","coordinates":[[16.7493079,48.6259008],[16.7492443,48.6259015],[16.7489929,48.6259044],[16.7489284,48.6259052]]},"properties":{"voltage":"110000","name":""}},{"type":"Feature","geometry":{"type":"LineString","coordinates":[[16.7609408,48.467492],[16.7609105,48.4675451],[16.760815,48.4677129],[16.7607671,48.467797],[16.7607183,48.4678829],[16.7606715,48.4679651],[16.7604807,48.4683004],[16.7602043,48.4685442],[16.7601233,48.4686156],[16.7600422,48.4686872],[16.7599613,48.4687585],[16.7599145,48.4687997]]},"properties":{"voltage":"110000","name":""}},{"type":"Feature","geometry":{"type":"LineString","coordinates":[[16.7608248,48.4674655],[16.7607951,48.4675179],[16.7606997,48.4676859],[16.7606534,48.4677684],[16.7606031,48.4678574],[16.7605583,48.4679365],[16.7603726,48.4682647],[16.7601072,48.4684974],[16.7600288,48.4685661],[16.7599448,48.4686397],[16.7598653,48.4687094],[16.7598181,48.4687508]]},"properties":{"voltage":"110000","name":""}},{"type":"Feature","geometry":{"type":"LineString","coordinates":[[16.7601059,48.4688309],[16.7600336,48.4687947],[16.7599613,48.4687585],[16.7598653,48.4687094]]},"properties":{"voltage":"110000","name":""}},{"type":"Feature","geometry":{"type":"LineString","coordinates":[[16.7602612,48.4686869],[16.7602014,48.468656],[16.7601233,48.4686156],[16.7600288,48.4685661]]},"properties":{"voltage":"110000","name":""}},{"type":"Feature","geometry":{"type":"LineString","coordinates":[[16.7602043,48.4685442],[16.7601072,48.4684974],[16.7600149,48.4684512],[16.7598946,48.468391]]},"properties":{"voltage":"110000","name":""}},{"type":"Feature","geometry":{"type":"LineString","coordinates":[[16.7600422,48.4686872],[16.7599448,48.4686397],[16.7598468,48.4685923],[16.7597305,48.468536]]},"properties":{"voltage":"110000","name":""}},{"type":"Feature","geometry":{"type":"LineString","coordinates":[[16.7608411,48.4680065],[16.7607702,48.4679892],[16.7606715,48.4679651],[16.7605583,48.4679365]]},"properties":{"voltage":"110000","name":""}},{"type":"Feature","geometry":{"type":"LineString","coordinates":[[16.7609351,48.467839],[16.7608679,48.4678222],[16.7607671,48.467797],[16.7606534,48.4677684]]},"properties":{"voltage":"110000","name":""}},{"type":"Feature","geometry":{"type":"LineString","coordinates":[[16.7607183,48.4678829],[16.7606031,48.4678574],[16.7604922,48.4678323],[16.7603528,48.4678007]]},"properties":{"voltage":"110000","name":""}},{"type":"Feature","geometry":{"type":"LineString","coordinates":[[16.760815,48.4677129],[16.7606997,48.4676859],[16.7605794,48.467658],[16.7604591,48.4676301]]},"properties":{"voltage":"110000","name":""}},{"type":"Feature","geometry":{"type":"LineString","coordinates":[[16.7609105,48.4675451],[16.7607951,48.4675179],[16.7606799,48.4675009],[16.7605325,48.467469]]},"properties":{"voltage":"110000","name":""}},{"type":"Feature","geometry":{"type":"LineString","coordinates":[[16.6224603,48.5432843],[16.622544,48.5432565],[16.6226632,48.5432171],[16.622754,48.5431871]]},"properties":{"voltage":"110000","name":""}},{"type":"Feature","geometry":{"type":"LineString","coordinates":[[16.6225433,48.5433902],[16.6226279,48.5433613],[16.6227453,48.5433212],[16.6228333,48.5432911]]},"properties":{"voltage":"110000","name":""}},{"type":"Feature","geometry":{"type":"LineString","coordinates":[[16.6226522,48.5433917],[16.6226279,48.5433613],[16.622544,48.5432565],[16.6225175,48.5432235]]},"properties":{"voltage":"110000","name":""}},{"type":"Feature","geometry":{"type":"LineString","coordinates":[[16.5755788,48.5606441],[16.575559,48.5607215],[16.5755412,48.5607914],[16.5755233,48.5608612],[16.5755058,48.5609298]]},"properties":{"voltage":"110000","name":""}},{"type":"Feature","geometry":{"type":"LineString","coordinates":[[16.5757814,48.5608884],[16.5756524,48.5608748],[16.5755233,48.5608612]]},"properties":{"voltage":"110000","name":""}},{"type":"Feature","geometry":{"type":"LineString","coordinates":[[16.575818,48.5607512],[16.5756885,48.5607363],[16.575559,48.5607215]]},"properties":{"voltage":"110000","name":""}},{"type":"Feature","geometry":{"type":"LineString","coordinates":[[16.5692838,48.474608],[16.5692575,48.474573],[16.5691972,48.4744927],[16.5688103,48.4739773],[16.5687493,48.473896],[16.5686892,48.473816],[16.5686291,48.473736],[16.5685689,48.4736557],[16.5685331,48.473608]]},"properties":{"voltage":"110000","name":""}},{"type":"Feature","geometry":{"type":"LineString","coordinates":[[16.5691771,48.4746437],[16.5691501,48.4746078],[16.5690902,48.4745279],[16.5687029,48.4740123],[16.5686416,48.4739306],[16.5685818,48.473851],[16.5685217,48.473771],[16.5684604,48.4736893],[16.5684269,48.4736429]]},"properties":{"voltage":"110000","name":""}},{"type":"Feature","geometry":{"type":"LineString","coordinates":[[16.5690902,48.4745279],[16.5691972,48.4744927],[16.5693379,48.4744464],[16.5694349,48.4744145]]},"properties":{"voltage":"110000","name":""}},{"type":"Feature","geometry":{"type":"LineString","coordinates":[[16.5691501,48.4746078],[16.5692575,48.474573],[16.569398,48.4745282],[16.569495,48.4744972]]},"properties":{"voltage":"110000","name":""}},{"type":"Feature","geometry":{"type":"LineString","coordinates":[[16.5690395,48.4739006],[16.568949,48.4739309],[16.5688103,48.4739773],[16.5687029,48.4740123]]},"properties":{"voltage":"110000","name":""}},{"type":"Feature","geometry":{"type":"LineString","coordinates":[[16.5689797,48.473821],[16.5688918,48.4738496],[16.5687493,48.473896],[16.5686416,48.4739306]]},"properties":{"voltage":"110000","name":""}},{"type":"Feature","geometry":{"type":"LineString","coordinates":[[16.5685217,48.473771],[16.5686291,48.473736],[16.5687698,48.4736901],[16.5688854,48.4736525]]},"properties":{"voltage":"110000","name":""}},{"type":"Feature","geometry":{"type":"LineString","coordinates":[[16.5685689,48.4736557],[16.5684604,48.4736893],[16.5683011,48.4737406],[16.5681975,48.473774]]},"properties":{"voltage":"110000","name":""}},{"type":"Feature","geometry":{"type":"LineString","coordinates":[[16.56832,48.4739359],[16.5684223,48.4739027],[16.5685818,48.473851],[16.5686892,48.473816]]},"properties":{"voltage":"110000","name":""}},{"type":"Feature","geometry":{"type":"LineString","coordinates":[[16.9191951,48.1216592],[16.9191906,48.1216769],[16.9191711,48.121753],[16.9191403,48.1218734],[16.91912,48.1219526],[16.9190988,48.1220353],[16.9190787,48.1221138],[16.9190574,48.1221951],[16.9190363,48.1222777],[16.9191657,48.1222924],[16.9191876,48.122207],[16.9192081,48.1221275],[16.9192281,48.1220494],[16.9192487,48.1219687],[16.919269,48.1218894],[16.9193004,48.121767],[16.91932,48.1216904],[16.9193238,48.1216754]]},"properties":{"voltage":"110000","name":""}},{"type":"Feature","geometry":{"type":"LineString","coordinates":[[16.8655933,48.096113],[16.8656275,48.0960545],[16.8656738,48.0959751]]},"properties":{"voltage":"110000","name":""}},{"type":"Feature","geometry":{"type":"LineString","coordinates":[[16.9180337,48.1219436],[16.9186897,48.1220727]]},"properties":{"voltage":"110000","name":"Deutsch-Altenburg - Untersiebenbrunn"}},{"type":"Feature","geometry":{"type":"LineString","coordinates":[[16.8642322,48.0955053],[16.8644227,48.0953942]]},"properties":{"voltage":"110000","name":""}},{"type":"Feature","geometry":{"type":"LineString","coordinates":[[16.9191403,48.1218734],[16.919269,48.1218894],[16.9193705,48.1219019],[16.9195164,48.1219199]]},"properties":{"voltage":"110000","name":""}},{"type":"Feature","geometry":{"type":"LineString","coordinates":[[16.9180337,48.1219436],[16.9187107,48.1219931]]},"properties":{"voltage":"110000","name":"Deutsch-Altenburg - Untersiebenbrunn"}},{"type":"Feature","geometry":{"type":"LineString","coordinates":[[16.9188,48.1216365],[16.9190487,48.1216622],[16.9191906,48.1216769],[16.91932,48.1216904]]},"properties":{"voltage":"110000","name":""}},{"type":"Feature","geometry":{"type":"LineString","coordinates":[[16.8649222,48.0960606],[16.8650272,48.0960002],[16.8651442,48.0959329]]},"properties":{"voltage":"110000","name":""}},{"type":"Feature","geometry":{"type":"LineString","coordinates":[[16.9187107,48.1219931],[16.9189608,48.1220203],[16.9190988,48.1220353],[16.9192281,48.1220494]]},"properties":{"voltage":"110000","name":""}},{"type":"Feature","geometry":{"type":"LineString","coordinates":[[16.8648721,48.0957298],[16.8649417,48.0956888],[16.8650664,48.0956155]]},"properties":{"voltage":"110000","name":""}},{"type":"Feature","geometry":{"type":"LineString","coordinates":[[16.9191876,48.122207],[16.9190574,48.1221951],[16.9189208,48.1221831],[16.9187617,48.1221692],[16.918753,48.1222136]]},"properties":{"voltage":"110000","name":""}},{"type":"Feature","geometry":{"type":"LineString","coordinates":[[16.8643244,48.095577],[16.8638132,48.095825]]},"properties":{"voltage":"110000","name":""}},{"type":"Feature","geometry":{"type":"LineString","coordinates":[[16.8654139,48.0960632],[16.8654474,48.0960051],[16.8654944,48.0959235]]},"properties":{"voltage":"110000","name":""}},{"type":"Feature","geometry":{"type":"LineString","coordinates":[[16.8650516,48.0958638],[16.8651246,48.0958198],[16.8652473,48.0957459]]},"properties":{"voltage":"110000","name":""}},{"type":"Feature","geometry":{"type":"LineString","coordinates":[[16.9183414,48.1215896],[16.9188,48.1216365]]},"properties":{"voltage":"110000","name":"Bruck an der Leitha - Deutsch Altenburg"}},{"type":"Feature","geometry":{"type":"LineString","coordinates":[[16.9192487,48.1219687],[16.91912,48.1219526],[16.9189818,48.1219348],[16.9188148,48.1219132],[16.9188344,48.121846]]},"properties":{"voltage":"110000","name":""}},{"type":"Feature","geometry":{"type":"LineString","coordinates":[[16.8643798,48.0953622],[16.8644227,48.0953942],[16.8645154,48.0954634],[16.8648721,48.0957298],[16.8650516,48.0958638],[16.8651442,48.0959329],[16.8652624,48.0960212],[16.8654139,48.0960632],[16.8655933,48.096113],[16.8656414,48.0961263]]},"properties":{"voltage":"110000","name":""}},{"type":"Feature","geometry":{"type":"LineString","coordinates":[[16.9183414,48.1215896],[16.9187854,48.1217113]]},"properties":{"voltage":"110000","name":"Bruck an der Leitha - Deutsch Altenburg"}},{"type":"Feature","geometry":{"type":"LineString","coordinates":[[16.9186897,48.1220727],[16.9189414,48.1220993],[16.9190787,48.1221138],[16.9192081,48.1221275]]},"properties":{"voltage":"110000","name":""}},{"type":"Feature","geometry":{"type":"LineString","coordinates":[[16.9187854,48.1217113],[16.9190301,48.1217378],[16.9191711,48.121753],[16.9193004,48.121767]]},"properties":{"voltage":"110000","name":""}},{"type":"Feature","geometry":{"type":"LineString","coordinates":[[16.8643244,48.095577],[16.8645154,48.0954634]]},"properties":{"voltage":"110000","name":""}},{"type":"Feature","geometry":{"type":"LineString","coordinates":[[16.9740249,48.0101863],[16.9741066,48.009136]]},"properties":{"voltage":"20000","name":""}},{"type":"Feature","geometry":{"type":"LineString","coordinates":[[16.937237,48.0262582],[16.9366738,48.0233426]]},"properties":{"voltage":"20000","name":""}},{"type":"Feature","geometry":{"type":"LineString","coordinates":[[16.2904809,48.0017994],[16.2905478,48.002498],[16.2889436,48.0034948]]},"properties":{"voltage":"20000","name":""}},{"type":"Feature","geometry":{"type":"LineString","coordinates":[[16.2889002,48.0034849],[16.288581,48.0032443]]},"properties":{"voltage":"20000","name":""}},{"type":"Feature","geometry":{"type":"LineString","coordinates":[[16.2866794,48.0043179],[16.2869861,48.004687],[16.288329,48.0055663],[16.2885697,48.0057239],[16.2885766,48.0058353]]},"properties":{"voltage":"20000","name":""}},{"type":"Feature","geometry":{"type":"LineString","coordinates":[[16.288329,48.0055663],[16.2864196,48.0064589],[16.2849645,48.0069066],[16.2841556,48.0070276]]},"properties":{"voltage":"20000","name":""}},{"type":"Feature","geometry":{"type":"LineString","coordinates":[[16.280244,48.0123537],[16.2813461,48.0119031],[16.2814082,48.0118777],[16.2836311,48.0110029],[16.2846142,48.0106612],[16.2846021,48.0106454]]},"properties":{"voltage":"20000","name":""}},{"type":"Feature","geometry":{"type":"LineString","coordinates":[[16.2726081,48.006175],[16.2725789,48.0061715],[16.2725701,48.0062052],[16.2722333,48.0066665],[16.2729358,48.0068108],[16.2733579,48.006786],[16.2749261,48.0064645],[16.2763218,48.0064727],[16.2772307,48.00712],[16.2774002,48.0073158],[16.2799051,48.0083011],[16.2820834,48.0097028],[16.2836311,48.0110029]]},"properties":{"voltage":"20000","name":""}},{"type":"Feature","geometry":{"type":"LineString","coordinates":[[15.880366,48.3291434],[15.8803552,48.3290103],[15.8803224,48.3286075],[15.8803109,48.3284649],[15.8802991,48.3283191]]},"properties":{"voltage":"380000","name":""}},{"type":"Feature","geometry":{"type":"LineString","coordinates":[[15.8807231,48.3289967],[15.8805959,48.3290014],[15.8803552,48.3290103],[15.8801232,48.3290188],[15.8798824,48.3290277],[15.8797466,48.3290327]]},"properties":{"voltage":"380000","name":""}},{"type":"Feature","geometry":{"type":"LineString","coordinates":[[15.8806061,48.3291358],[15.8805959,48.3290014],[15.8805653,48.3286005],[15.8805545,48.3284568],[15.8805434,48.3283105]]},"properties":{"voltage":"380000","name":""}},{"type":"Feature","geometry":{"type":"LineString","coordinates":[[15.8798824,48.3290277],[15.8798494,48.3286213],[15.8798379,48.3284806],[15.8798262,48.3283356]]},"properties":{"voltage":"380000","name":""}},{"type":"Feature","geometry":{"type":"LineString","coordinates":[[15.8801232,48.3290188],[15.8800924,48.3286142],[15.8800816,48.3284725],[15.8800705,48.3283271]]},"properties":{"voltage":"380000","name":""}},{"type":"Feature","geometry":{"type":"LineString","coordinates":[[15.7685782,48.0335268],[15.7686768,48.033398]]},"properties":{"voltage":"110000","name":""}},{"type":"Feature","geometry":{"type":"LineString","coordinates":[[15.7686481,48.0335517],[15.7687501,48.0334244]]},"properties":{"voltage":"110000","name":""}},{"type":"Feature","geometry":{"type":"LineString","coordinates":[[15.857168,48.0296825],[15.8571988,48.0303715]]},"properties":{"voltage":"20000","name":""}},{"type":"Feature","geometry":{"type":"LineString","coordinates":[[16.0396376,48.003818],[16.0397094,48.0038349],[16.0398661,48.0038717],[16.039938,48.0038886]]},"properties":{"voltage":"110000","name":""}},{"type":"Feature","geometry":{"type":"LineString","coordinates":[[16.0397331,48.0037861],[16.0397094,48.0038349],[16.0396184,48.00402]]},"properties":{"voltage":"110000","name":""}},{"type":"Feature","geometry":{"type":"LineString","coordinates":[[16.0398907,48.0038216],[16.0398661,48.0038717],[16.0397759,48.0040556]]},"properties":{"voltage":"110000","name":""}},{"type":"Feature","geometry":{"type":"LineString","coordinates":[[16.3017051,48.0356646],[16.3018784,48.0359958],[16.3021504,48.0365158],[16.3024939,48.0371725],[16.3027306,48.0376679],[16.3029794,48.0381538],[16.3031799,48.03855],[16.3032375,48.0388755]]},"properties":{"voltage":"400","name":""}},{"type":"Feature","geometry":{"type":"LineString","coordinates":[[16.7488015,48.2650973],[16.7488579,48.2651631],[16.7490026,48.2653318]]},"properties":{"voltage":"110000","name":""}},{"type":"Feature","geometry":{"type":"LineString","coordinates":[[16.8706517,48.3171269],[16.870652,48.3170239],[16.8706522,48.31697],[16.8706524,48.3168488]]},"properties":{"voltage":"110000","name":""}},{"type":"Feature","geometry":{"type":"LineString","coordinates":[[16.7481897,48.2656617],[16.7480441,48.2654847],[16.7479898,48.2654185]]},"properties":{"voltage":"110000","name":""}},{"type":"Feature","geometry":{"type":"LineString","coordinates":[[16.7487375,48.2652107],[16.7484696,48.264903]]},"properties":{"voltage":"110000","name":""}},{"type":"Feature","geometry":{"type":"LineString","coordinates":[[16.747696,48.2655347],[16.7477578,48.2655102],[16.7479898,48.2654185],[16.7481027,48.2653738],[16.7482236,48.265326],[16.7484549,48.2652344],[16.7485692,48.2651892],[16.7488015,48.2650973],[16.7490872,48.2649843]]},"properties":{"voltage":"110000","name":""}},{"type":"Feature","geometry":{"type":"LineString","coordinates":[[16.7485692,48.2651892],[16.7486266,48.2652545],[16.7487736,48.2654219]]},"properties":{"voltage":"110000","name":""}},{"type":"Feature","geometry":{"type":"LineString","coordinates":[[16.7482324,48.2649791],[16.7484549,48.2652344],[16.7485119,48.2652998]]},"properties":{"voltage":"110000","name":""}},{"type":"Feature","geometry":{"type":"LineString","coordinates":[[16.8701453,48.3169694],[16.8703991,48.3169697],[16.8706522,48.31697]]},"properties":{"voltage":"110000","name":""}},{"type":"Feature","geometry":{"type":"LineString","coordinates":[[16.8703965,48.317164],[16.8706517,48.3171269]]},"properties":{"voltage":"110000","name":""}},{"type":"Feature","geometry":{"type":"LineString","coordinates":[[16.870145,48.3170233],[16.870652,48.3170239]]},"properties":{"voltage":"110000","name":""}},{"type":"Feature","geometry":{"type":"LineString","coordinates":[[16.8701447,48.3171263],[16.870145,48.3170233],[16.8701453,48.3169694],[16.8701456,48.3168482]]},"properties":{"voltage":"110000","name":""}},{"type":"Feature","geometry":{"type":"LineString","coordinates":[[16.7478757,48.2651137],[16.7481027,48.2653738],[16.7481595,48.2654391]]},"properties":{"voltage":"110000","name":""}},{"type":"Feature","geometry":{"type":"LineString","coordinates":[[16.8703991,48.3169697],[16.8703987,48.3168484]]},"properties":{"voltage":"110000","name":""}},{"type":"Feature","geometry":{"type":"LineString","coordinates":[[16.7477482,48.2656016],[16.7478128,48.2655761],[16.7480441,48.2654847],[16.7481595,48.2654391],[16.74828,48.2653915],[16.7485119,48.2652998],[16.7486266,48.2652545],[16.7487375,48.2652107],[16.7488579,48.2651631],[16.7490426,48.2650901]]},"properties":{"voltage":"110000","name":""}},{"type":"Feature","geometry":{"type":"LineString","coordinates":[[16.7482236,48.265326],[16.74828,48.2653915],[16.7484271,48.2655624]]},"properties":{"voltage":"110000","name":""}},{"type":"Feature","geometry":{"type":"LineString","coordinates":[[16.8703965,48.317164],[16.8701447,48.3171263]]},"properties":{"voltage":"110000","name":""}},{"type":"Feature","geometry":{"type":"LineString","coordinates":[[16.7479586,48.2657508],[16.7478128,48.2655761],[16.7477578,48.2655102]]},"properties":{"voltage":"110000","name":""}},{"type":"Feature","geometry":{"type":"LineString","coordinates":[[16.799185,48.2229351],[16.7994295,48.222968],[16.7996858,48.2230025]]},"properties":{"voltage":"110000","name":""}},{"type":"Feature","geometry":{"type":"LineString","coordinates":[[16.6934724,48.3513151],[16.6934388,48.3514768],[16.6933994,48.3516669]]},"properties":{"voltage":"110000","name":""}},{"type":"Feature","geometry":{"type":"LineString","coordinates":[[16.6252634,48.3382083],[16.6252949,48.3383796],[16.6253295,48.3385692]]},"properties":{"voltage":"110000","name":""}},{"type":"Feature","geometry":{"type":"LineString","coordinates":[[16.6254809,48.3381797],[16.6255152,48.3383602],[16.6255506,48.3385469]]},"properties":{"voltage":"110000","name":""}},{"type":"Feature","geometry":{"type":"LineString","coordinates":[[16.6929741,48.3512659],[16.6929373,48.3514306],[16.6928952,48.3516164]]},"properties":{"voltage":"110000","name":""}},{"type":"Feature","geometry":{"type":"LineString","coordinates":[[16.7991453,48.2230588],[16.7993929,48.2230921],[16.7996461,48.2231262]]},"properties":{"voltage":"110000","name":""}},{"type":"Feature","geometry":{"type":"LineString","coordinates":[[16.7987433,48.2229372],[16.799185,48.2229351]]},"properties":{"voltage":"110000","name":""}},{"type":"Feature","geometry":{"type":"LineString","coordinates":[[16.7987433,48.2229372],[16.7991453,48.2230588]]},"properties":{"voltage":"110000","name":""}},{"type":"Feature","geometry":{"type":"LineString","coordinates":[[16.6928738,48.3514247],[16.6929373,48.3514306],[16.6931808,48.351453],[16.6934388,48.3514768],[16.6934993,48.3514824]]},"properties":{"voltage":"110000","name":""}},{"type":"Feature","geometry":{"type":"LineString","coordinates":[[16.6931402,48.3516416],[16.6931808,48.351453],[16.6932143,48.3512971]]},"properties":{"voltage":"110000","name":""}},{"type":"Feature","geometry":{"type":"LineString","coordinates":[[16.625234,48.3383849],[16.6252949,48.3383796],[16.6255152,48.3383602],[16.6255669,48.3383557]]},"properties":{"voltage":"110000","name":""}},{"type":"Feature","geometry":{"type":"LineString","coordinates":[[16.7993929,48.2230921],[16.7994295,48.222968]]},"properties":{"voltage":"110000","name":""}},{"type":"Feature","geometry":{"type":"LineString","coordinates":[[16.7623128,48.3862259],[16.7623538,48.3861651],[16.7624389,48.3860388]]},"properties":{"voltage":"110000","name":""}},{"type":"Feature","geometry":{"type":"LineString","coordinates":[[16.7623713,48.3860181],[16.7627569,48.3861356],[16.7628681,48.3861695]]},"properties":{"voltage":"110000","name":""}},{"type":"Feature","geometry":{"type":"LineString","coordinates":[[16.7626426,48.3863115],[16.7626783,48.3862565],[16.7627569,48.3861356]]},"properties":{"voltage":"110000","name":""}},{"type":"Feature","geometry":{"type":"LineString","coordinates":[[16.7668735,48.0342419],[16.7669526,48.0342016],[16.7670449,48.0341546],[16.7671433,48.0341045],[16.7672391,48.0340556],[16.7673287,48.03401],[16.7674667,48.0339397],[16.7678201,48.0337597],[16.7677887,48.0337321]]},"properties":{"voltage":"110000","name":""}},{"type":"Feature","geometry":{"type":"LineString","coordinates":[[16.7668101,48.034189],[16.7668927,48.0341467],[16.7669825,48.0341007],[16.7670819,48.0340499],[16.7671781,48.0340006],[16.7672674,48.0339549],[16.7674051,48.0338844],[16.7677568,48.0337043],[16.7677887,48.0337321]]},"properties":{"voltage":"110000","name":""}},{"type":"Feature","geometry":{"type":"LineString","coordinates":[[16.7666866,48.0339742],[16.7668406,48.0341052],[16.7668927,48.0341467],[16.7669526,48.0342016]]},"properties":{"voltage":"110000","name":""}},{"type":"Feature","geometry":{"type":"LineString","coordinates":[[16.7669825,48.0341007],[16.7670449,48.0341546],[16.7671103,48.0342136],[16.7672029,48.034297]]},"properties":{"voltage":"110000","name":""}},{"type":"Feature","geometry":{"type":"LineString","coordinates":[[16.7671781,48.0340006],[16.7672391,48.0340556],[16.7673042,48.0341164],[16.7673933,48.0341998]]},"properties":{"voltage":"110000","name":""}},{"type":"Feature","geometry":{"type":"LineString","coordinates":[[16.7672124,48.03372],[16.7674051,48.0338844],[16.7674667,48.0339397]]},"properties":{"voltage":"110000","name":""}},{"type":"Feature","geometry":{"type":"LineString","coordinates":[[16.7671433,48.0341045],[16.7670819,48.0340499],[16.7670298,48.0340058],[16.7669346,48.033923]]},"properties":{"voltage":"110000","name":""}},{"type":"Feature","geometry":{"type":"LineString","coordinates":[[16.7673287,48.03401],[16.7672674,48.0339549],[16.7672113,48.0339066],[16.7670653,48.0338551]]},"properties":{"voltage":"110000","name":""}},{"type":"Feature","geometry":{"type":"LineString","coordinates":[[16.7860832,48.0479502],[16.785984,48.0479929],[16.7856497,48.0481366],[16.785531,48.0481876],[16.7854248,48.0482333]]},"properties":{"voltage":"110000","name":""}},{"type":"Feature","geometry":{"type":"LineString","coordinates":[[16.7859595,48.0478357],[16.7858724,48.0478732],[16.7857347,48.0479323],[16.7855352,48.0480179],[16.7854226,48.0480664],[16.7853115,48.0481141]]},"properties":{"voltage":"110000","name":""}},{"type":"Feature","geometry":{"type":"LineString","coordinates":[[16.7856816,48.04817],[16.7856497,48.0481366],[16.7855352,48.0480179],[16.7855088,48.0479905]]},"properties":{"voltage":"110000","name":""}},{"type":"Feature","geometry":{"type":"LineString","coordinates":[[16.7857347,48.0479323],[16.7856381,48.0478273],[16.785784,48.0477711],[16.7858789,48.0477345]]},"properties":{"voltage":"110000","name":""}},{"type":"Feature","geometry":{"type":"LineString","coordinates":[[16.8377766,48.0811],[16.8378994,48.0810261],[16.8379748,48.0809806]]},"properties":{"voltage":"110000","name":""}},{"type":"Feature","geometry":{"type":"LineString","coordinates":[[16.8379723,48.0810796],[16.8380514,48.081035]]},"properties":{"voltage":"110000","name":""}},{"type":"Feature","geometry":{"type":"LineString","coordinates":[[16.8380093,48.0811071],[16.8379723,48.0810796],[16.8379459,48.0810603],[16.8378994,48.0810261],[16.837866,48.0810007]]},"properties":{"voltage":"110000","name":""}},{"type":"Feature","geometry":{"type":"LineString","coordinates":[[16.8608017,48.0209132],[16.8607278,48.020785],[16.8606765,48.0206961],[16.8606523,48.0206542]]},"properties":{"voltage":"110000","name":""}},{"type":"Feature","geometry":{"type":"LineString","coordinates":[[16.8609956,48.0206125],[16.8609091,48.0206352],[16.8606765,48.0206961]]},"properties":{"voltage":"110000","name":""}},{"type":"Feature","geometry":{"type":"LineString","coordinates":[[16.8607278,48.020785],[16.8606404,48.0208064],[16.8604496,48.0208532]]},"properties":{"voltage":"110000","name":""}},{"type":"Feature","geometry":{"type":"LineString","coordinates":[[16.4760928,48.1558178],[16.477152,48.1557106]]},"properties":{"voltage":"110000","name":"Simmering-Kaiserebersdorf"}},{"type":"Feature","geometry":{"type":"LineString","coordinates":[[16.4762932,48.155995],[16.477152,48.1557106]]},"properties":{"voltage":"110000","name":"Simmering-Kaiserebersdorf"}},{"type":"Feature","geometry":{"type":"LineString","coordinates":[[16.4754608,48.1557184],[16.4755149,48.155768],[16.4755817,48.1558294],[16.4756342,48.1558777],[16.4757045,48.1559423],[16.4757479,48.1559822],[16.4759418,48.1561603],[16.4759977,48.1562117],[16.4760682,48.1562765],[16.476122,48.1563259]]},"properties":{"voltage":"110000","name":""}},{"type":"Feature","geometry":{"type":"LineString","coordinates":[[16.4756027,48.1556523],[16.4756555,48.155701],[16.4757241,48.1557643],[16.4758459,48.1558769],[16.4758881,48.1559158],[16.4760819,48.1560948],[16.4761359,48.1561447],[16.4762064,48.1562098],[16.476262,48.1562612]]},"properties":{"voltage":"110000","name":""}},{"type":"Feature","geometry":{"type":"LineString","coordinates":[[16.4751861,48.155849],[16.4753234,48.1557837],[16.4754608,48.1557184],[16.4756027,48.1556523]]},"properties":{"voltage":"110000","name":""}},{"type":"Feature","geometry":{"type":"LineString","coordinates":[[16.4753081,48.1559546],[16.4754449,48.155892],[16.4755817,48.1558294],[16.4757241,48.1557643]]},"properties":{"voltage":"110000","name":""}},{"type":"Feature","geometry":{"type":"LineString","coordinates":[[16.4758781,48.1555949],[16.4757793,48.155642],[16.4756555,48.155701],[16.4755149,48.155768]]},"properties":{"voltage":"110000","name":""}},{"type":"Feature","geometry":{"type":"LineString","coordinates":[[16.4759937,48.1557032],[16.4758973,48.15575],[16.4756342,48.1558777]]},"properties":{"voltage":"110000","name":""}},{"type":"Feature","geometry":{"type":"LineString","coordinates":[[16.4764219,48.1561045],[16.4763276,48.1561506],[16.4762064,48.1562098],[16.4760682,48.1562765]]},"properties":{"voltage":"110000","name":""}},{"type":"Feature","geometry":{"type":"LineString","coordinates":[[16.4757265,48.1563371],[16.4758621,48.1562744],[16.4759977,48.1562117],[16.4761359,48.1561447]]},"properties":{"voltage":"110000","name":""}},{"type":"Feature","geometry":{"type":"LineString","coordinates":[[16.4758895,48.1564334],[16.4759732,48.1563947],[16.476122,48.1563259],[16.476262,48.1562612]]},"properties":{"voltage":"110000","name":""}},{"type":"Feature","geometry":{"type":"LineString","coordinates":[[16.4754766,48.1560491],[16.4755629,48.1560086],[16.4757045,48.1559423],[16.4758459,48.1558769]]},"properties":{"voltage":"110000","name":""}},{"type":"Feature","geometry":{"type":"LineString","coordinates":[[16.4760928,48.1558178],[16.4760065,48.1558591],[16.4758881,48.1559158],[16.4757479,48.1559822]]},"properties":{"voltage":"110000","name":""}},{"type":"Feature","geometry":{"type":"LineString","coordinates":[[16.4762932,48.155995],[16.4762067,48.1560358],[16.4760819,48.1560948],[16.4759418,48.1561603]]},"properties":{"voltage":"110000","name":""}},{"type":"Feature","geometry":{"type":"LineString","coordinates":[[16.4261542,48.1507924],[16.4264228,48.1514819]]},"properties":{"voltage":"110000","name":"Simmering \u2013 Kledering"}},{"type":"Feature","geometry":{"type":"LineString","coordinates":[[15.2386378,48.1698743],[15.2385607,48.1698067],[15.2389518,48.1692174],[15.2388721,48.1691675],[15.2390411,48.1686942],[15.2390556,48.1684493],[15.2391744,48.1684415],[15.239197,48.1684247]]},"properties":{"voltage":"","name":"Stromversorgung Hochbeh\u00e4lter"}},{"type":"Feature","geometry":{"type":"LineString","coordinates":[[16.4271666,48.1608052],[16.4271849,48.1608291],[16.4274712,48.1610959],[16.427984,48.161532],[16.4281986,48.1617134],[16.4285117,48.16199],[16.4286659,48.1621562],[16.4288611,48.1623967],[16.4289029,48.1624644],[16.4289243,48.162524],[16.4289391,48.1625574],[16.4289606,48.1625909],[16.4291524,48.1628029],[16.4294257,48.1631235],[16.4297009,48.1634801],[16.4300892,48.1640488],[16.4305764,48.1646887],[16.4310133,48.1652845],[16.4310806,48.1653918],[16.4312575,48.1657003],[16.4313247,48.1658577],[16.4313785,48.1660016],[16.4314254,48.1661597],[16.4314566,48.1663089],[16.4315477,48.1669853],[16.4316781,48.167996],[16.4317761,48.1687658],[16.4318612,48.1693608],[16.4318855,48.1694771],[16.4319121,48.1695784],[16.4319488,48.1696873],[16.4319923,48.1697826],[16.432123,48.1700168],[16.4321873,48.1701064],[16.4322565,48.1701862],[16.4323119,48.1702476],[16.432329,48.1702533],[16.4323547,48.1702496],[16.432627,48.1701635],[16.4331049,48.1699989],[16.433603,48.1698423],[16.4340532,48.169697],[16.4342739,48.1696284],[16.4343797,48.1696038],[16.4344985,48.1695827],[16.4345679,48.1695734],[16.4347799,48.1695592],[16.4352502,48.1695279],[16.435488,48.1695149],[16.4356265,48.1695084],[16.4357015,48.1695063],[16.4357509,48.1695105],[16.4357821,48.1695213],[16.4358082,48.1695386],[16.4358278,48.1695607],[16.4359208,48.1696979],[16.4360835,48.16993],[16.4362967,48.1702299],[16.4365457,48.1705938],[16.4367379,48.1708736],[16.4368143,48.1709847],[16.4368423,48.1710298],[16.436866,48.1710783],[16.4369036,48.171179],[16.4369419,48.1713081],[16.4370209,48.1715814],[16.4370741,48.1717513],[16.4371455,48.1719855],[16.4371602,48.1720205],[16.4371911,48.1720712],[16.4374194,48.1724267],[16.4375897,48.172692],[16.4377343,48.1729163],[16.4378805,48.1731422],[16.4380459,48.1734027],[16.4381924,48.1736289],[16.4383167,48.1738229],[16.4384329,48.1740029],[16.4386082,48.1742914],[16.4387433,48.1745403],[16.4388739,48.1747933],[16.438974,48.1749929],[16.4390679,48.1751768],[16.4391856,48.1754122],[16.4392521,48.1755334],[16.4393574,48.1757021],[16.4394251,48.1758196],[16.4394787,48.1759317],[16.4395074,48.1760047],[16.4395311,48.1760619],[16.4395699,48.1761329],[16.4397869,48.1764673],[16.4402071,48.1771445],[16.4405835,48.1777337],[16.4408722,48.1781776],[16.4409458,48.1782664],[16.4410193,48.1783686],[16.4410191,48.1783861],[16.4410053,48.1784054],[16.4409771,48.1784256],[16.4409218,48.178449],[16.4393799,48.1788765],[16.4379625,48.1792667],[16.4365271,48.1796896],[16.4356406,48.1799385],[16.4353062,48.1800452],[16.4350004,48.1801373],[16.4344665,48.1802892],[16.4338063,48.1804505],[16.4331464,48.1806226],[16.4330205,48.1806575],[16.4329637,48.1806783],[16.4329235,48.1806968],[16.4328865,48.1807215],[16.4328248,48.1807584],[16.4327823,48.1807766],[16.4327438,48.1807889],[16.4316024,48.1810966],[16.4319597,48.1816696],[16.4313002,48.1818782],[16.4314142,48.1820512]]},"properties":{"voltage":"380000","name":"Wien S\u00fcdost - Wien Simmering"}},{"type":"Feature","geometry":{"type":"LineString","coordinates":[[16.3337917,48.3000694],[16.333785,48.3000851],[16.3335071,48.3000262],[16.3334176,48.3001652],[16.334042,48.3011024],[16.3337604,48.301975],[16.3336935,48.3023619],[16.3342812,48.3032929],[16.3352249,48.3041152],[16.333813,48.3083986],[16.3247905,48.3159674],[16.3231428,48.3173694],[16.323266,48.3175536],[16.3256867,48.3195249],[16.3269592,48.3209936],[16.3242345,48.3232345],[16.3239294,48.3231694]]},"properties":{"voltage":"110000","name":""}},{"type":"Feature","geometry":{"type":"LineString","coordinates":[[16.3239294,48.3231694],[16.3238649,48.3232029]]},"properties":{"voltage":"110000","name":""}},{"type":"Feature","geometry":{"type":"LineString","coordinates":[[16.3239294,48.3231694],[16.3238199,48.3233094]]},"properties":{"voltage":"110000","name":""}},{"type":"Feature","geometry":{"type":"LineString","coordinates":[[16.3337917,48.3000694],[16.3337349,48.3000531],[16.3336612,48.3000318]]},"properties":{"voltage":"110000","name":""}},{"type":"Feature","geometry":{"type":"LineString","coordinates":[[16.3337917,48.3000694],[16.333881,48.2999363],[16.3337524,48.299897]]},"properties":{"voltage":"110000","name":""}},{"type":"Feature","geometry":{"type":"LineString","coordinates":[[16.4765006,48.1562391],[16.4767805,48.156527],[16.4771867,48.1564732],[16.4776884,48.1564456],[16.4789638,48.1565628],[16.4791448,48.1559875],[16.4797363,48.1548728],[16.4808172,48.1539172],[16.481638,48.1533768],[16.482912,48.1528221],[16.484406,48.152373],[16.4869997,48.1519059],[16.4876568,48.1519542],[16.4883247,48.1522406],[16.489006,48.1523783],[16.4897302,48.1523569],[16.4906475,48.1521547],[16.4912724,48.1519757],[16.4919269,48.1514747],[16.4922971,48.150741],[16.4925975,48.1502954],[16.4936221,48.1496207],[16.4948237,48.1491519],[16.4935282,48.1488351],[16.4974877,48.1475536],[16.5024428,48.1463063],[16.5039602,48.1458761],[16.5104556,48.1444201],[16.5070653,48.1376545],[16.507017,48.1359867]]},"properties":{"voltage":"110000","name":""}},{"type":"Feature","geometry":{"type":"LineString","coordinates":[[15.0650309,48.189566],[15.0641549,48.1880709]]},"properties":{"voltage":"220000","name":"Ybbsfeld - Ybbs-Persenbeug"}},{"type":"Feature","geometry":{"type":"LineString","coordinates":[[15.0658837,48.1889355],[15.0641549,48.1880709]]},"properties":{"voltage":"220000","name":"Ybbsfeld - Ybbs-Persenbeug"}},{"type":"Feature","geometry":{"type":"LineString","coordinates":[[15.0651425,48.1899006],[15.0652122,48.1898497],[15.0653391,48.1897573],[15.0654823,48.189653],[15.0656404,48.1895378],[15.0657718,48.189442],[15.065909,48.189342],[15.0660672,48.1892267],[15.0661947,48.1891338],[15.0663328,48.1890332],[15.0664221,48.1889681]]},"properties":{"voltage":"220000","name":""}},{"type":"Feature","geometry":{"type":"LineString","coordinates":[[15.0653391,48.1897573],[15.0650309,48.189566]]},"properties":{"voltage":"220000","name":""}},{"type":"Feature","geometry":{"type":"LineString","coordinates":[[15.0657718,48.189442],[15.0654625,48.1892569]]},"properties":{"voltage":"220000","name":""}},{"type":"Feature","geometry":{"type":"LineString","coordinates":[[15.0661947,48.1891338],[15.0658837,48.1889355]]},"properties":{"voltage":"220000","name":""}},{"type":"Feature","geometry":{"type":"LineString","coordinates":[[15.0641549,48.1880709],[15.0654625,48.1892569]]},"properties":{"voltage":"220000","name":"Ybbsfeld - Ybbs-Persenbeug"}},{"type":"Feature","geometry":{"type":"LineString","coordinates":[[15.0663328,48.1890332],[15.0661228,48.1889051]]},"properties":{"voltage":"220000","name":""}},{"type":"Feature","geometry":{"type":"LineString","coordinates":[[15.0660672,48.1892267],[15.065855,48.1890983]]},"properties":{"voltage":"220000","name":""}},{"type":"Feature","geometry":{"type":"LineString","coordinates":[[15.065909,48.189342],[15.0656993,48.1892151]]},"properties":{"voltage":"220000","name":""}},{"type":"Feature","geometry":{"type":"LineString","coordinates":[[15.0656404,48.1895378],[15.0654321,48.1894121]]},"properties":{"voltage":"220000","name":""}},{"type":"Feature","geometry":{"type":"LineString","coordinates":[[15.0654823,48.189653],[15.0652799,48.1895289]]},"properties":{"voltage":"220000","name":""}},{"type":"Feature","geometry":{"type":"LineString","coordinates":[[15.0652122,48.1898497],[15.0650021,48.1897236]]},"properties":{"voltage":"220000","name":""}},{"type":"Feature","geometry":{"type":"LineString","coordinates":[[15.0459945,48.1467402],[15.0460722,48.1467707],[15.0462378,48.1468357],[15.0464038,48.1469009],[15.0465616,48.1469629],[15.0469167,48.1471023],[15.0470811,48.1471668],[15.0472499,48.1472331],[15.0474102,48.147296],[15.0474917,48.147328]]},"properties":{"voltage":"220000","name":""}},{"type":"Feature","geometry":{"type":"LineString","coordinates":[[15.0461073,48.1463628],[15.0461896,48.1463954],[15.0463474,48.1464578],[15.0465114,48.1465227],[15.0466726,48.1465865],[15.0468331,48.14665],[15.0470025,48.146717],[15.0471928,48.1467923],[15.0473549,48.1468564],[15.0475182,48.146921],[15.0476852,48.1469871],[15.0478407,48.1470486],[15.0479237,48.1470815]]},"properties":{"voltage":"220000","name":""}},{"type":"Feature","geometry":{"type":"LineString","coordinates":[[15.0462098,48.146249],[15.0462903,48.1462808],[15.0464481,48.1463433],[15.046611,48.1464077],[15.0467731,48.1464719],[15.0469341,48.1465356],[15.0470986,48.1466007],[15.0472946,48.1466782],[15.0474554,48.1467419],[15.0476178,48.1468061],[15.0477857,48.1468725],[15.0479422,48.1469345],[15.0480262,48.1469677]]},"properties":{"voltage":"220000","name":""}},{"type":"Feature","geometry":{"type":"LineString","coordinates":[[15.0467707,48.1468886],[15.0468416,48.1469164],[15.0470201,48.1469863],[15.0470743,48.1470076]]},"properties":{"voltage":"220000","name":""}},{"type":"Feature","geometry":{"type":"LineString","coordinates":[[15.0459447,48.1469181],[15.0460722,48.1467707],[15.0461739,48.1466551],[15.0463474,48.1464578],[15.0464481,48.1463433]]},"properties":{"voltage":"220000","name":""}},{"type":"Feature","geometry":{"type":"LineString","coordinates":[[15.0461098,48.1469825],[15.0462378,48.1468357],[15.0463393,48.1467196],[15.0465114,48.1465227],[15.046611,48.1464077]]},"properties":{"voltage":"220000","name":""}},{"type":"Feature","geometry":{"type":"LineString","coordinates":[[15.0462768,48.1470477],[15.0464038,48.1469009],[15.0465032,48.1467846],[15.0466726,48.1465865],[15.0467731,48.1464719]]},"properties":{"voltage":"220000","name":""}},{"type":"Feature","geometry":{"type":"LineString","coordinates":[[15.0464348,48.1471093],[15.0465616,48.1469629],[15.0466623,48.1468468],[15.0468331,48.14665],[15.0469341,48.1465356]]},"properties":{"voltage":"220000","name":""}},{"type":"Feature","geometry":{"type":"LineString","coordinates":[[15.0469544,48.147312],[15.0470811,48.1471668],[15.0471811,48.1470534],[15.0473549,48.1468564],[15.0474554,48.1467419]]},"properties":{"voltage":"220000","name":""}},{"type":"Feature","geometry":{"type":"LineString","coordinates":[[15.0471268,48.1473793],[15.0472499,48.1472331],[15.0473486,48.1471183],[15.0475182,48.146921],[15.0476178,48.1468061]]},"properties":{"voltage":"220000","name":""}},{"type":"Feature","geometry":{"type":"LineString","coordinates":[[15.0472822,48.1474399],[15.0474102,48.147296],[15.0475118,48.1471818],[15.0476852,48.1469871],[15.0477857,48.1468725]]},"properties":{"voltage":"220000","name":""}},{"type":"Feature","geometry":{"type":"LineString","coordinates":[[15.0478407,48.1470486],[15.0479422,48.1469345],[15.0483244,48.1465051],[15.0485173,48.1462883],[15.048562,48.1462381]]},"properties":{"voltage":"220000","name":""}},{"type":"Feature","geometry":{"type":"LineString","coordinates":[[15.0461896,48.1463954],[15.0462903,48.1462808],[15.0466139,48.1459129],[15.0467674,48.1457383]]},"properties":{"voltage":"220000","name":""}},{"type":"Feature","geometry":{"type":"LineString","coordinates":[[15.0470986,48.1466007],[15.0470025,48.146717],[15.0468416,48.1469164]]},"properties":{"voltage":"220000","name":""}},{"type":"Feature","geometry":{"type":"LineString","coordinates":[[15.0472946,48.1466782],[15.0471928,48.1467923],[15.0470201,48.1469863],[15.0469167,48.1471023]]},"properties":{"voltage":"220000","name":""}},{"type":"Feature","geometry":{"type":"LineString","coordinates":[[15.0485658,48.1455563],[15.0487026,48.1460801]]},"properties":{"voltage":"110000","name":""}},{"type":"Feature","geometry":{"type":"LineString","coordinates":[[15.0491304,48.1462265],[15.0492943,48.1455398]]},"properties":{"voltage":"110000","name":""}},{"type":"Feature","geometry":{"type":"LineString","coordinates":[[15.048562,48.1462381],[15.048638,48.1461526],[15.0487026,48.1460801]]},"properties":{"voltage":"110000","name":""}},{"type":"Feature","geometry":{"type":"LineString","coordinates":[[15.0491304,48.1462265],[15.0490747,48.1464944],[15.0488821,48.1467172]]},"properties":{"voltage":"110000","name":""}},{"type":"Feature","geometry":{"type":"LineString","coordinates":[[15.180548,48.1853653],[15.1814547,48.1851048]]},"properties":{"voltage":"110000","name":""}},{"type":"Feature","geometry":{"type":"LineString","coordinates":[[15.1805867,48.1854285],[15.1806485,48.1854109],[15.1808709,48.1853477],[15.1810919,48.1852849],[15.1812019,48.1852536],[15.181317,48.1852209],[15.1814327,48.185188],[15.1814963,48.1851699]]},"properties":{"voltage":"110000","name":""}},{"type":"Feature","geometry":{"type":"LineString","coordinates":[[15.1809662,48.1850871],[15.1810919,48.1852849]]},"properties":{"voltage":"110000","name":""}},{"type":"Feature","geometry":{"type":"LineString","coordinates":[[15.181078,48.1850552],[15.1812019,48.1852536]]},"properties":{"voltage":"110000","name":""}},{"type":"Feature","geometry":{"type":"LineString","coordinates":[[15.180571,48.1843708],[15.181078,48.1850552]]},"properties":{"voltage":"110000","name":"Amstetten - Erlauf"}},{"type":"Feature","geometry":{"type":"LineString","coordinates":[[15.180571,48.1843708],[15.1809662,48.1850871]]},"properties":{"voltage":"110000","name":"Amstetten - Erlauf"}},{"type":"Feature","geometry":{"type":"LineString","coordinates":[[15.1810919,48.1852849],[15.1811912,48.1854399]]},"properties":{"voltage":"110000","name":""}},{"type":"Feature","geometry":{"type":"LineString","coordinates":[[15.1812019,48.1852536],[15.1813035,48.1854079]]},"properties":{"voltage":"110000","name":""}},{"type":"Feature","geometry":{"type":"LineString","coordinates":[[15.1814153,48.1853761],[15.181317,48.1852209]]},"properties":{"voltage":"110000","name":""}},{"type":"Feature","geometry":{"type":"LineString","coordinates":[[15.1815291,48.1853437],[15.1814327,48.185188]]},"properties":{"voltage":"110000","name":""}},{"type":"Feature","geometry":{"type":"LineString","coordinates":[[15.1812332,48.1862491],[15.1811912,48.1854399]]},"properties":{"voltage":"110000","name":""}},{"type":"Feature","geometry":{"type":"LineString","coordinates":[[15.1812332,48.1862491],[15.1813035,48.1854079]]},"properties":{"voltage":"110000","name":""}},{"type":"Feature","geometry":{"type":"LineString","coordinates":[[15.181608,48.1861419],[15.1814153,48.1853761]]},"properties":{"voltage":"110000","name":"Bergern - Erlauf"}},{"type":"Feature","geometry":{"type":"LineString","coordinates":[[15.181608,48.1861419],[15.1815291,48.1853437]]},"properties":{"voltage":"110000","name":"Bergern - Erlauf"}},{"type":"Feature","geometry":{"type":"LineString","coordinates":[[15.1808709,48.1853477],[15.1809199,48.1854275],[15.1811264,48.1856146]]},"properties":{"voltage":"110000","name":""}},{"type":"Feature","geometry":{"type":"LineString","coordinates":[[15.1806485,48.1854109],[15.1806986,48.1854934],[15.1809093,48.1856805]]},"properties":{"voltage":"110000","name":""}},{"type":"Feature","geometry":{"type":"LineString","coordinates":[[15.2688371,48.2178439],[15.2689894,48.2178588],[15.2690952,48.217869],[15.2692919,48.2178895],[15.2693917,48.2178991],[15.2694933,48.2179089],[15.2695859,48.2179179],[15.2701404,48.2179718],[15.2702327,48.2179808],[15.2703349,48.2179908],[15.2704449,48.2180015],[15.2705488,48.2180116],[15.270598,48.2180164]]},"properties":{"voltage":"110000","name":""}},{"type":"Feature","geometry":{"type":"LineString","coordinates":[[15.2688518,48.2177827],[15.269002,48.2177972],[15.2691082,48.2178079],[15.2693054,48.2178272],[15.2694043,48.2178369],[15.2695074,48.217847],[15.2695994,48.217856],[15.2701525,48.2179101],[15.2702451,48.2179192],[15.270347,48.2179292],[15.2704569,48.21794],[15.2705625,48.2179503],[15.2706126,48.2179552]]},"properties":{"voltage":"110000","name":""}},{"type":"Feature","geometry":{"type":"LineString","coordinates":[[15.2692919,48.2178895],[15.2693054,48.2178272],[15.2693328,48.2177011],[15.269343,48.2176538]]},"properties":{"voltage":"110000","name":""}},{"type":"Feature","geometry":{"type":"LineString","coordinates":[[15.2693917,48.2178991],[15.2694043,48.2178369],[15.2694297,48.2177115],[15.2694394,48.2176631]]},"properties":{"voltage":"110000","name":""}},{"type":"Feature","geometry":{"type":"LineString","coordinates":[[15.2694933,48.2179089],[15.2695074,48.217847],[15.2695357,48.2177218],[15.2695468,48.2176735]]},"properties":{"voltage":"110000","name":""}},{"type":"Feature","geometry":{"type":"LineString","coordinates":[[15.2695859,48.2179179],[15.2695994,48.217856],[15.2696267,48.2177303],[15.2696371,48.2176822]]},"properties":{"voltage":"110000","name":""}},{"type":"Feature","geometry":{"type":"LineString","coordinates":[[15.2690952,48.217869],[15.2691082,48.2178079],[15.2691351,48.2176798],[15.2691591,48.2175483]]},"properties":{"voltage":"110000","name":""}},{"type":"Feature","geometry":{"type":"LineString","coordinates":[[15.2689894,48.2178588],[15.269002,48.2177972],[15.2690273,48.2176734],[15.2690459,48.217576]]},"properties":{"voltage":"110000","name":""}},{"type":"Feature","geometry":{"type":"LineString","coordinates":[[15.2704449,48.2180015],[15.2704569,48.21794],[15.2704675,48.2178844],[15.270492,48.2177558]]},"properties":{"voltage":"110000","name":""}},{"type":"Feature","geometry":{"type":"LineString","coordinates":[[15.2705625,48.2179503],[15.2705488,48.2180116],[15.2705358,48.2180751],[15.2705074,48.2182149]]},"properties":{"voltage":"110000","name":""}},{"type":"Feature","geometry":{"type":"LineString","coordinates":[[15.2701013,48.2181668],[15.270128,48.2180333],[15.2701404,48.2179718],[15.2701525,48.2179101]]},"properties":{"voltage":"110000","name":""}},{"type":"Feature","geometry":{"type":"LineString","coordinates":[[15.2701935,48.218177],[15.2702203,48.218043],[15.2702327,48.2179808],[15.2702451,48.2179192]]},"properties":{"voltage":"110000","name":""}},{"type":"Feature","geometry":{"type":"LineString","coordinates":[[15.2702962,48.2181886],[15.2703224,48.2180549],[15.2703349,48.2179908],[15.270347,48.2179292]]},"properties":{"voltage":"110000","name":""}},{"type":"Feature","geometry":{"type":"LineString","coordinates":[[15.2710777,48.2179037],[15.2711508,48.2179102]]},"properties":{"voltage":"110000","name":""}},{"type":"Feature","geometry":{"type":"LineString","coordinates":[[15.271011,48.2182268],[15.2710812,48.2182323]]},"properties":{"voltage":"110000","name":""}},{"type":"Feature","geometry":{"type":"LineString","coordinates":[[15.2711508,48.2179102],[15.2711602,48.2178649],[15.2713516,48.2178818]]},"properties":{"voltage":"","name":""}},{"type":"Feature","geometry":{"type":"LineString","coordinates":[[15.2710812,48.2182323],[15.2710718,48.2182722],[15.271262,48.2182921]]},"properties":{"voltage":"","name":""}},{"type":"Feature","geometry":{"type":"LineString","coordinates":[[15.1891708,48.8868764],[15.1886643,48.8870893],[15.1879308,48.8873212],[15.187232,48.8875858],[15.18654,48.8878292],[15.1859634,48.8882533],[15.1854242,48.888629],[15.1849924,48.8889261],[15.1844493,48.8893168],[15.1838002,48.8897833],[15.1832865,48.8901527],[15.1826709,48.8905945],[15.1820447,48.8910363],[15.1817738,48.8912373],[15.1815015,48.8914251],[15.1809221,48.8918501],[15.1803508,48.8922619],[15.179868,48.8926023],[15.1792914,48.893014],[15.1787697,48.8933879],[15.1782118,48.893775],[15.1777062,48.8941417],[15.1772355,48.8944715],[15.1766789,48.894863],[15.1761948,48.8952148],[15.1758152,48.8954952],[15.1754183,48.8957755],[15.1746136,48.8960189],[15.173817,48.8962481],[15.1730579,48.896502],[15.1722613,48.8966837],[15.1711857,48.8972488]]},"properties":{"voltage":"","name":""}},{"type":"Feature","geometry":{"type":"LineString","coordinates":[[16.2476181,48.0009969],[16.2478455,48.0012443],[16.2494838,48.0004426],[16.2508173,47.9998083],[16.2512048,47.9996774],[16.2534901,47.9990582],[16.2546073,47.9990758],[16.2546393,47.9989978],[16.2552487,47.9990645],[16.2561424,47.9993756],[16.258561,48.0002174],[16.2589277,48.0002526],[16.2594737,48.0001802],[16.2594985,48.0002908],[16.2595133,48.0003271],[16.2595006,48.0002907],[16.2596191,48.0002542],[16.2596601,48.0003184]]},"properties":{"voltage":"20000","name":""}},{"type":"Feature","geometry":{"type":"LineString","coordinates":[[16.2512048,47.9996774],[16.2511834,47.9997388],[16.2518579,48.0006874],[16.2518685,48.0006839]]},"properties":{"voltage":"20000","name":""}},{"type":"Feature","geometry":{"type":"LineString","coordinates":[[16.2596191,48.0002542],[16.2595403,48.0000843]]},"properties":{"voltage":"20000","name":""}},{"type":"Feature","geometry":{"type":"LineString","coordinates":[[16.2596191,48.0002542],[16.259699,48.0002387],[16.260237,48.0001681],[16.2606265,48.0002143],[16.2606323,48.0000901],[16.2607118,48.0001062],[16.2616953,48.0001685],[16.2627103,48.0000612],[16.2633243,48.0000777],[16.2657432,48.0002986],[16.267147,48.0005587],[16.2676527,48.0027921],[16.2676595,48.0028218]]},"properties":{"voltage":"20000","name":""}},{"type":"Feature","geometry":{"type":"LineString","coordinates":[[16.2676527,48.0027921],[16.2690204,48.0026164],[16.2703427,48.0026438],[16.2705515,48.0031724],[16.2707603,48.0040572],[16.2706784,48.0049775],[16.270439,48.0053416],[16.2704499,48.0053441],[16.2704387,48.0053421],[16.2703921,48.0056059],[16.2705123,48.0059029],[16.2706927,48.0062125],[16.270829,48.0063308],[16.2715119,48.0064613],[16.2722333,48.0066665]]},"properties":{"voltage":"20000","name":""}},{"type":"Feature","geometry":{"type":"LineString","coordinates":[[16.2706927,48.0062125],[16.2705033,48.0062505],[16.2706707,48.0065292],[16.2700511,48.0067082],[16.2696693,48.0067569],[16.2689289,48.0067647],[16.2689405,48.0066687]]},"properties":{"voltage":"20000","name":""}},{"type":"Feature","geometry":{"type":"LineString","coordinates":[[16.26168,48.0035081],[16.2624487,48.0034283],[16.2629841,48.0035814],[16.2630667,48.0034601]]},"properties":{"voltage":"20000","name":""}},{"type":"Feature","geometry":{"type":"LineString","coordinates":[[16.2641966,48.0055968],[16.2647991,48.0055837],[16.2650313,48.0058631]]},"properties":{"voltage":"20000","name":""}},{"type":"Feature","geometry":{"type":"LineString","coordinates":[[16.2647991,48.0055837],[16.2655219,48.0055831],[16.2657143,48.0057798]]},"properties":{"voltage":"20000","name":""}},{"type":"Feature","geometry":{"type":"LineString","coordinates":[[16.2667266,48.011067],[16.2701994,48.014026]]},"properties":{"voltage":"20000","name":""}},{"type":"Feature","geometry":{"type":"LineString","coordinates":[[16.2836311,48.0110029],[16.284558,48.0115517],[16.285736,48.0120873],[16.2858641,48.012173],[16.2867539,48.0133872],[16.2868535,48.0134729],[16.2869994,48.0135325],[16.2877397,48.0136682],[16.2876712,48.0138018]]},"properties":{"voltage":"20000","name":""}},{"type":"Feature","geometry":{"type":"LineString","coordinates":[[16.2877397,48.0136682],[16.2880655,48.0137343],[16.2876137,48.0153013],[16.2890295,48.0169259],[16.2871233,48.0208694],[16.2872702,48.020913],[16.2868677,48.0217098],[16.2846158,48.0250821],[16.2850998,48.0255046]]},"properties":{"voltage":"20000","name":""}},{"type":"Feature","geometry":{"type":"LineString","coordinates":[[16.2857452,48.0162121],[16.2848292,48.0136687],[16.2845159,48.0135723],[16.2842465,48.0131322],[16.2840961,48.0130023],[16.2818343,48.0121975],[16.2814834,48.0120047],[16.2813461,48.0119031]]},"properties":{"voltage":"20000","name":""}},{"type":"Feature","geometry":{"type":"LineString","coordinates":[[16.3155761,48.0214768],[16.3168666,48.0211059],[16.3171829,48.0210873],[16.3232616,48.0193012],[16.324933,48.0188594],[16.3259595,48.0185615],[16.3259791,48.0185881]]},"properties":{"voltage":"20000","name":""}},{"type":"Feature","geometry":{"type":"LineString","coordinates":[[16.3154372,48.0200571],[16.3161042,48.0205765],[16.3168666,48.0211059],[16.3183811,48.0217715],[16.3196701,48.0221713]]},"properties":{"voltage":"20000","name":""}},{"type":"Feature","geometry":{"type":"LineString","coordinates":[[16.3101323,48.0365235],[16.310274,48.0367286],[16.3103344,48.0369326],[16.3078591,48.0374361],[16.3075954,48.0375105],[16.3071664,48.037162],[16.3070203,48.0371259],[16.3051138,48.037553],[16.3051285,48.037586]]},"properties":{"voltage":"20000","name":""}},{"type":"Feature","geometry":{"type":"LineString","coordinates":[[16.3075954,48.0375105],[16.3075187,48.0375349],[16.3076446,48.0377463],[16.3077063,48.0377308],[16.3077294,48.0377744],[16.307707,48.0377307],[16.3082531,48.0376132],[16.3082963,48.0376483],[16.3086542,48.0383559],[16.308935,48.0388551],[16.3092528,48.0387932],[16.3096138,48.0395936],[16.3096634,48.0398339],[16.3095511,48.0398443],[16.309553,48.039858]]},"properties":{"voltage":"20000","name":""}},{"type":"Feature","geometry":{"type":"LineString","coordinates":[[16.3067683,48.0305394],[16.3064997,48.0299146],[16.3062092,48.0294704],[16.3057692,48.0291207],[16.3053629,48.0285024],[16.3052197,48.0283436],[16.305105,48.0274374],[16.3041044,48.0277339],[16.3036162,48.0263265],[16.3027239,48.0267093],[16.3018104,48.026924],[16.3015791,48.0269795],[16.3015285,48.02671],[16.3014719,48.0267251]]},"properties":{"voltage":"20000","name":""}},{"type":"Feature","geometry":{"type":"LineString","coordinates":[[16.3018104,48.026924],[16.3017815,48.0268485]]},"properties":{"voltage":"20000","name":""}},{"type":"Feature","geometry":{"type":"LineString","coordinates":[[16.305105,48.0274374],[16.3058222,48.0272408],[16.3058111,48.0272208]]},"properties":{"voltage":"20000","name":""}},{"type":"Feature","geometry":{"type":"LineString","coordinates":[[16.3058222,48.0272408],[16.307266,48.0268512],[16.3079582,48.028988],[16.3085653,48.0302028],[16.3085969,48.0301968]]},"properties":{"voltage":"20000","name":""}},{"type":"Feature","geometry":{"type":"LineString","coordinates":[[16.308606,48.0240496],[16.308285,48.0236293],[16.3076218,48.0241248],[16.3074212,48.0240783],[16.3068429,48.0245847]]},"properties":{"voltage":"20000","name":""}},{"type":"Feature","geometry":{"type":"LineString","coordinates":[[16.4296604,48.1395033],[16.4310731,48.1390172]]},"properties":{"voltage":"220000","name":"Wien S\u00fcdost - UrW Klerdering;Wien S\u00fcdost - UrW Klerdering"}},{"type":"Feature","geometry":{"type":"LineString","coordinates":[[16.4296604,48.1395033],[16.4310751,48.1391435]]},"properties":{"voltage":"220000","name":"Wien S\u00fcdost - UrW Kledering;Wien S\u00fcdost - UrW Kledering"}},{"type":"Feature","geometry":{"type":"LineString","coordinates":[[16.4310731,48.1390172],[16.4317786,48.1390075]]},"properties":{"voltage":"220000","name":""}},{"type":"Feature","geometry":{"type":"LineString","coordinates":[[16.431782,48.1391309],[16.4310751,48.1391435]]},"properties":{"voltage":"220000","name":""}},{"type":"Feature","geometry":{"type":"LineString","coordinates":[[16.4317733,48.1388135],[16.4317751,48.1388801],[16.4317786,48.1390075],[16.431782,48.1391309],[16.4317856,48.1392595],[16.4317875,48.1393304]]},"properties":{"voltage":"220000","name":""}},{"type":"Feature","geometry":{"type":"LineString","coordinates":[[16.4317751,48.1388801],[16.4320501,48.1388786],[16.4321583,48.1389139]]},"properties":{"voltage":"220000","name":""}},{"type":"Feature","geometry":{"type":"LineString","coordinates":[[16.4317856,48.1392595],[16.4320595,48.139256],[16.4325316,48.1393437]]},"properties":{"voltage":"220000","name":""}},{"type":"Feature","geometry":{"type":"LineString","coordinates":[[16.4325316,48.1393437],[16.4324588,48.1393438]]},"properties":{"voltage":"220000","name":""}},{"type":"Feature","geometry":{"type":"LineString","coordinates":[[16.4321583,48.1389139],[16.432161,48.1389973],[16.4324458,48.1389893],[16.4324421,48.1389324]]},"properties":{"voltage":"110000","name":""}},{"type":"Feature","geometry":{"type":"LineString","coordinates":[[16.4338285,48.1388738],[16.4337026,48.1388748],[16.4335148,48.1388763],[16.4333241,48.1388779],[16.4332445,48.1388785]]},"properties":{"voltage":"110000","name":""}},{"type":"Feature","geometry":{"type":"LineString","coordinates":[[16.4338468,48.139472],[16.4337214,48.139473],[16.4335376,48.1394745],[16.4333431,48.139476],[16.4332628,48.1394767]]},"properties":{"voltage":"110000","name":""}},{"type":"Feature","geometry":{"type":"LineString","coordinates":[[16.4333241,48.1388779],[16.4333268,48.139043],[16.433249,48.1390448]]},"properties":{"voltage":"110000","name":""}},{"type":"Feature","geometry":{"type":"LineString","coordinates":[[16.4335148,48.1388763],[16.4335263,48.1391774],[16.4335376,48.1394745]]},"properties":{"voltage":"110000","name":""}},{"type":"Feature","geometry":{"type":"LineString","coordinates":[[16.4332536,48.1391791],[16.4335263,48.1391774]]},"properties":{"voltage":"110000","name":""}},{"type":"Feature","geometry":{"type":"LineString","coordinates":[[16.4332638,48.1393134],[16.433339,48.1393114],[16.4333431,48.139476]]},"properties":{"voltage":"110000","name":""}},{"type":"Feature","geometry":{"type":"LineString","coordinates":[[16.4337026,48.1388748],[16.4337088,48.1391762]]},"properties":{"voltage":"110000","name":""}},{"type":"Feature","geometry":{"type":"LineString","coordinates":[[16.4337214,48.139473],[16.4337088,48.1391762]]},"properties":{"voltage":"110000","name":""}},{"type":"Feature","geometry":{"type":"LineString","coordinates":[[14.9914635,48.5722064],[14.9918779,48.5722928],[14.9917761,48.5748804],[14.9949984,48.5763141],[14.9981273,48.5776983],[14.9978751,48.5798734],[14.9975295,48.5827775],[14.9980619,48.5845816],[14.9985382,48.5862374],[15.0005557,48.5887396],[15.0025544,48.5912046],[15.0045438,48.5936509],[15.00757,48.597246],[15.0091017,48.5999638],[15.0106709,48.6025086],[15.0104477,48.6046154],[15.0102173,48.6067896],[15.0099422,48.6093863],[15.0098376,48.6112487],[15.0123693,48.6140013],[15.011864,48.616244],[15.0126527,48.6180466],[15.0140731,48.6202259],[15.0149635,48.6217595],[15.0145815,48.6239224],[15.0130937,48.6258375],[15.0110787,48.6284931],[15.0094088,48.6305864],[15.0080593,48.6323213],[15.0077759,48.6353023],[15.0075417,48.6381975],[15.0083736,48.6413084],[15.0092671,48.6443662],[15.0108816,48.6467846],[15.0123296,48.6488609],[15.0135682,48.6506481],[15.0154415,48.6533023],[15.0142954,48.6550894],[15.0124529,48.657955],[15.0109617,48.6602914],[15.0125145,48.6623712],[15.0138702,48.6642108],[15.0154723,48.6664044],[15.0171361,48.6687363],[15.0190771,48.6714384],[15.0204451,48.6733835],[15.0222814,48.675947],[15.0236556,48.6778838],[15.0261944,48.6796781],[15.0287023,48.6814845],[15.0311179,48.6832706],[15.0338662,48.6852925],[15.036405,48.6871272],[15.0389869,48.6888968],[15.0371013,48.6905727],[15.0374895,48.6931313],[15.0379455,48.6957588],[15.0385247,48.698671],[15.0390547,48.7015423],[15.0395538,48.7040962],[15.0400036,48.7064019],[15.0405151,48.709163],[15.041045,48.7118832],[15.0415133,48.714335],[15.0418902,48.7165454],[15.0397195,48.7189242],[15.0374243,48.7214471],[15.035565,48.7234443],[15.0332006,48.7260055],[15.0314016,48.7279927],[15.0293597,48.7301527],[15.0291622,48.7321637],[15.0288932,48.7343192],[15.0286596,48.7369195],[15.0283906,48.7395337],[15.0261185,48.7422131],[15.0239171,48.744869],[15.021652,48.7476042],[15.0182969,48.7483929],[15.015508,48.7490463],[15.012396,48.74978],[15.0122396,48.7499557],[15.0104997,48.7519109],[15.0085767,48.7541003],[15.0065741,48.756311],[15.0049969,48.7580842],[15.0012478,48.7589196],[14.9970776,48.7598347],[14.9935655,48.7606145],[14.990093,48.7613913]]},"properties":{"voltage":"110000","name":"Gro\u00df Gerungs - Gm\u00fcnd"}},{"type":"Feature","geometry":{"type":"LineString","coordinates":[[16.8074091,48.7099089],[16.8069026,48.7106059],[16.805503,48.7125497]]},"properties":{"voltage":"220000","name":""}},{"type":"Feature","geometry":{"type":"LineString","coordinates":[[16.754598,48.2487454],[16.7546674,48.2488043],[16.7551767,48.2488293],[16.7552826,48.2488345]]},"properties":{"voltage":"110000","name":""}},{"type":"Feature","geometry":{"type":"LineString","coordinates":[[16.754598,48.2487454],[16.7546543,48.2486788],[16.7549402,48.2486952],[16.7550271,48.2487002],[16.7552844,48.2487125],[16.7553653,48.2487164]]},"properties":{"voltage":"110000","name":""}},{"type":"Feature","geometry":{"type":"LineString","coordinates":[[16.7540632,48.2487332],[16.754598,48.2487454]]},"properties":{"voltage":"110000","name":"G\u00f6tzendorf - Untersiebenbrunn;Angern - Untersiebenbrunn"}},{"type":"Feature","geometry":{"type":"LineString","coordinates":[[16.81345,48.3779128],[16.8156493,48.3769811],[16.8157707,48.375613],[16.8161201,48.3727223],[16.8164422,48.3697885],[16.8167119,48.3672703],[16.8169921,48.3644841],[16.8173488,48.3614359],[16.8176614,48.3585216],[16.8179675,48.3555953],[16.8182723,48.3529738],[16.8167896,48.350456],[16.8152657,48.347822],[16.8137631,48.3452192],[16.812199,48.3425361],[16.8107332,48.3400197],[16.8092245,48.3374172],[16.8077642,48.3349023],[16.8060573,48.3319704],[16.8046997,48.3296058],[16.8027164,48.3271425],[16.8014031,48.3255034],[16.7992965,48.3228558],[16.7973092,48.3203794],[16.7954704,48.3180599],[16.7936348,48.3157663],[16.7916155,48.3132432],[16.7894783,48.3105675],[16.787561,48.3081646],[16.7859737,48.306183],[16.7840586,48.3037809],[16.7824938,48.3016774],[16.7810028,48.2996703],[16.7796336,48.29783],[16.7779276,48.295537],[16.7758964,48.2928015],[16.7742513,48.290586],[16.7734336,48.2882841],[16.7724257,48.2854464],[16.7714002,48.2825593],[16.770383,48.2796951],[16.7694875,48.2771736],[16.7684347,48.274209],[16.7674301,48.27138],[16.7663963,48.2684688],[16.7653643,48.265562],[16.7643727,48.2627692],[16.7634383,48.2601372],[16.7615073,48.257818],[16.759497,48.2554218],[16.7577315,48.2532538],[16.7558031,48.2508785],[16.7540632,48.2487332]]},"properties":{"voltage":"110000","name":"Angern - Untersiebenbrunn;Angern - Parndorf"}},{"type":"Feature","geometry":{"type":"LineString","coordinates":[[16.0794253,48.8631142],[16.0800809,48.8623322],[16.0805498,48.8617875],[16.0801325,48.8603832],[16.0795071,48.8594832],[16.0787315,48.8584176],[16.0778691,48.8572327],[16.0774435,48.856648],[16.0763134,48.8557293],[16.0750885,48.8541701],[16.074526,48.8534542],[16.0740915,48.8530398],[16.0734169,48.8522171],[16.0728946,48.851585],[16.0722529,48.8508265],[16.0716246,48.8500097],[16.0708989,48.8490732],[16.0703409,48.8482605],[16.0701936,48.8474346]]},"properties":{"voltage":"22000","name":""}},{"type":"Feature","geometry":{"type":"LineString","coordinates":[[16.079631,48.8630124],[16.0804674,48.8621294],[16.0810092,48.8615574],[16.0805831,48.860278],[16.0798961,48.8595639],[16.0794007,48.8588034],[16.0790119,48.8582067],[16.078508,48.8574331],[16.0784386,48.8565774],[16.0784099,48.8562225]]},"properties":{"voltage":"22000","name":""}},{"type":"Feature","geometry":{"type":"LineString","coordinates":[[16.3920393,48.8351098],[16.3915555,48.8341094],[16.3909947,48.8329233],[16.3904902,48.8318566],[16.3899912,48.8303072],[16.3899411,48.8286009],[16.3899537,48.8271524],[16.3899359,48.8259785],[16.3904301,48.8250863]]},"properties":{"voltage":"22000","name":""}},{"type":"Feature","geometry":{"type":"LineString","coordinates":[[16.1694125,48.8385868],[16.1693753,48.8387941],[16.1700778,48.8388862],[16.1710157,48.8384634],[16.1724296,48.8379416],[16.1731941,48.8375525],[16.1741117,48.8371182],[16.1751001,48.8367505],[16.1767037,48.8360205],[16.1780586,48.8355582],[16.1791994,48.8351713]]},"properties":{"voltage":"22000","name":""}},{"type":"Feature","geometry":{"type":"LineString","coordinates":[[16.1688019,48.8387835],[16.1688533,48.8386021]]},"properties":{"voltage":"22000","name":""}},{"type":"Feature","geometry":{"type":"LineString","coordinates":[[16.5776731,48.9059027],[16.5767363,48.9064239],[16.5754882,48.9067098],[16.5742889,48.906733]]},"properties":{"voltage":"22000","name":""}},{"type":"Feature","geometry":{"type":"LineString","coordinates":[[16.2362964,48.1999123],[16.2362684,48.1998428],[16.2363207,48.1998322]]},"properties":{"voltage":"110000","name":""}},{"type":"Feature","geometry":{"type":"LineString","coordinates":[[16.2362684,48.1998428],[16.2362176,48.1997126],[16.2362424,48.1997084],[16.2362724,48.1997033]]},"properties":{"voltage":"110000","name":""}},{"type":"Feature","geometry":{"type":"LineString","coordinates":[[16.2362176,48.1997126],[16.2361283,48.1995023],[16.2361361,48.1994756],[16.2361732,48.1994651]]},"properties":{"voltage":"110000","name":""}},{"type":"Feature","geometry":{"type":"LineString","coordinates":[[16.236438,48.2002],[16.2365933,48.2005713],[16.2365648,48.2005766]]},"properties":{"voltage":"","name":""}},{"type":"Feature","geometry":{"type":"LineString","coordinates":[[16.2365933,48.2005713],[16.2366477,48.2006943],[16.2366176,48.2006993]]},"properties":{"voltage":"","name":""}},{"type":"Feature","geometry":{"type":"LineString","coordinates":[[16.2366477,48.2006943],[16.2367175,48.2008703]]},"properties":{"voltage":"","name":""}},{"type":"Feature","geometry":{"type":"LineString","coordinates":[[17.1711104,48.8253133],[17.1706304,48.8252291]]},"properties":{"voltage":"110000","name":""}},{"type":"Feature","geometry":{"type":"LineString","coordinates":[[17.0182357,48.4175348],[17.0172706,48.4175402]]},"properties":{"voltage":"110000","name":""}},{"type":"Feature","geometry":{"type":"LineString","coordinates":[[15.2185951,48.204649],[15.2185194,48.2045485],[15.2184342,48.2046454]]},"properties":{"voltage":"110000","name":""}},{"type":"Feature","geometry":{"type":"LineString","coordinates":[[15.2196105,48.1990113],[15.2190042,48.2020479],[15.2185194,48.2045485]]},"properties":{"voltage":"110000","name":""}},{"type":"Feature","geometry":{"type":"LineString","coordinates":[[16.9083179,48.7815686],[16.9071146,48.7813674]]},"properties":{"voltage":"110000","name":""}},{"type":"Feature","geometry":{"type":"LineString","coordinates":[[16.9070686,48.7815283],[16.9083179,48.7815686]]},"properties":{"voltage":"110000","name":""}},{"type":"Feature","geometry":{"type":"LineString","coordinates":[[16.9077636,48.7812779],[16.907143,48.7812553]]},"properties":{"voltage":"110000","name":""}},{"type":"Feature","geometry":{"type":"LineString","coordinates":[[16.9071678,48.7811724],[16.9077636,48.7812779]]},"properties":{"voltage":"110000","name":""}},{"type":"Feature","geometry":{"type":"LineString","coordinates":[[16.8251939,48.0160459],[16.8357418,48.0097935]]},"properties":{"voltage":"20000","name":""}},{"type":"Feature","geometry":{"type":"LineString","coordinates":[[16.8010099,48.7220946],[16.8020139,48.7227489]]},"properties":{"voltage":"22000","name":""}},{"type":"Feature","geometry":{"type":"LineString","coordinates":[[16.858035,48.7352895],[16.8586895,48.735117],[16.8595947,48.735699],[16.8596269,48.7357242]]},"properties":{"voltage":"22000","name":""}},{"type":"Feature","geometry":{"type":"LineString","coordinates":[[16.7421241,48.8291404],[16.7424748,48.8294829],[16.7429452,48.8299423],[16.7437319,48.8303062],[16.7442827,48.8306662],[16.7447807,48.8310921],[16.7452412,48.8315703],[16.7453631,48.8316219]]},"properties":{"voltage":"22000","name":""}},{"type":"Feature","geometry":{"type":"LineString","coordinates":[[16.9859791,48.2304405],[16.9856518,48.2307514]]},"properties":{"voltage":"110000","name":""}},{"type":"Feature","geometry":{"type":"LineString","coordinates":[[17.1900053,48.2190975],[17.1904381,48.2193206]]},"properties":{"voltage":"110000","name":""}},{"type":"Feature","geometry":{"type":"LineString","coordinates":[[17.1466786,48.1952957],[17.1471847,48.1948777]]},"properties":{"voltage":"110000","name":""}},{"type":"Feature","geometry":{"type":"LineString","coordinates":[[17.1571259,48.1801864],[17.1580556,48.180764]]},"properties":{"voltage":"110000","name":""}},{"type":"Feature","geometry":{"type":"LineString","coordinates":[[17.1570763,48.1802483],[17.1580556,48.180764]]},"properties":{"voltage":"110000","name":""}},{"type":"Feature","geometry":{"type":"LineString","coordinates":[[17.1570267,48.1803102],[17.1580556,48.180764]]},"properties":{"voltage":"110000","name":""}},{"type":"Feature","geometry":{"type":"LineString","coordinates":[[17.1580556,48.180764],[17.1569771,48.180372]]},"properties":{"voltage":"110000","name":""}},{"type":"Feature","geometry":{"type":"LineString","coordinates":[[17.0336832,48.3040369],[17.0330934,48.3045204]]},"properties":{"voltage":"110000","name":""}},{"type":"Feature","geometry":{"type":"LineString","coordinates":[[17.0336832,48.3040369],[17.0329869,48.304448]]},"properties":{"voltage":"110000","name":""}},{"type":"Feature","geometry":{"type":"LineString","coordinates":[[16.9856518,48.2307514],[16.9858287,48.2303893]]},"properties":{"voltage":"110000","name":""}},{"type":"Feature","geometry":{"type":"LineString","coordinates":[[17.0613947,48.173764],[17.0616724,48.1738802]]},"properties":{"voltage":"110000","name":""}},{"type":"Feature","geometry":{"type":"LineString","coordinates":[[17.0615664,48.1739312],[17.0613947,48.173764]]},"properties":{"voltage":"110000","name":""}},{"type":"Feature","geometry":{"type":"LineString","coordinates":[[17.0619357,48.1737383],[17.0616779,48.1735726]]},"properties":{"voltage":"110000","name":""}},{"type":"Feature","geometry":{"type":"LineString","coordinates":[[17.0343828,48.3042019],[17.033595,48.3048147]]},"properties":{"voltage":"110000","name":""}},{"type":"Feature","geometry":{"type":"LineString","coordinates":[[17.0343828,48.3042019],[17.0335173,48.3047522]]},"properties":{"voltage":"110000","name":""}},{"type":"Feature","geometry":{"type":"LineString","coordinates":[[17.034021,48.3041116],[17.0333911,48.3046836]]},"properties":{"voltage":"110000","name":""}},{"type":"Feature","geometry":{"type":"LineString","coordinates":[[17.034021,48.3041116],[17.0332945,48.304621]]},"properties":{"voltage":"110000","name":""}},{"type":"Feature","geometry":{"type":"LineString","coordinates":[[17.146736,48.1891175],[17.1472107,48.1891874]]},"properties":{"voltage":"110000","name":""}},{"type":"Feature","geometry":{"type":"LineString","coordinates":[[17.1472328,48.1890902],[17.146736,48.1891175]]},"properties":{"voltage":"110000","name":""}},{"type":"Feature","geometry":{"type":"LineString","coordinates":[[17.1482474,48.1892768],[17.1478035,48.1892893]]},"properties":{"voltage":"110000","name":""}},{"type":"Feature","geometry":{"type":"LineString","coordinates":[[17.1482474,48.1892768],[17.1478169,48.1892034]]},"properties":{"voltage":"110000","name":""}},{"type":"Feature","geometry":{"type":"LineString","coordinates":[[17.1621912,48.1821598],[17.1634609,48.1826011],[17.1619977,48.184503],[17.1606137,48.186387],[17.158134,48.1874769],[17.1552701,48.1887521],[17.1543293,48.1895646],[17.151238,48.1892937],[17.149003,48.1890973],[17.1482474,48.1892768]]},"properties":{"voltage":"110000","name":""}},{"type":"Feature","geometry":{"type":"LineString","coordinates":[[17.1194538,48.1642898],[17.1194485,48.1641886]]},"properties":{"voltage":"110000","name":""}},{"type":"Feature","geometry":{"type":"LineString","coordinates":[[17.1194538,48.1642898],[17.1193371,48.164223]]},"properties":{"voltage":"110000","name":""}},{"type":"Feature","geometry":{"type":"LineString","coordinates":[[17.1167062,48.179934],[17.1175021,48.177881],[17.1182401,48.1760431],[17.1192607,48.173586],[17.1199353,48.1719373],[17.1206849,48.1700979],[17.1230466,48.1686972],[17.1220032,48.1673958],[17.1205791,48.1656486],[17.1194538,48.1642898]]},"properties":{"voltage":"110000","name":""}},{"type":"Feature","geometry":{"type":"LineString","coordinates":[[17.0974525,48.114289],[17.0971492,48.1137332]]},"properties":{"voltage":"110000","name":""}},{"type":"Feature","geometry":{"type":"LineString","coordinates":[[17.0883608,48.1177011],[17.088901,48.1177013]]},"properties":{"voltage":"110000","name":""}},{"type":"Feature","geometry":{"type":"LineString","coordinates":[[17.0883608,48.1177011],[17.0889045,48.1177991]]},"properties":{"voltage":"110000","name":""}},{"type":"Feature","geometry":{"type":"LineString","coordinates":[[17.0824176,48.1172363],[17.0801415,48.1177516],[17.0774551,48.1183661],[17.074681,48.1190111],[17.0743973,48.1206637],[17.0740183,48.1226228],[17.0736481,48.1245011],[17.0731487,48.1270767],[17.0726291,48.1297498],[17.0722211,48.1318143],[17.0711042,48.1339614],[17.0699139,48.1362158],[17.0688545,48.1382258],[17.067951,48.1399459],[17.0660438,48.1414823],[17.0612804,48.1453604],[17.0583986,48.1476697],[17.0568612,48.1478832]]},"properties":{"voltage":"110000","name":""}},{"type":"Feature","geometry":{"type":"LineString","coordinates":[[17.0615489,48.1731505],[17.0621522,48.1736378]]},"properties":{"voltage":"110000","name":""}},{"type":"Feature","geometry":{"type":"LineString","coordinates":[[17.1481777,48.1894501],[17.1477567,48.1894507]]},"properties":{"voltage":"110000","name":""}},{"type":"Feature","geometry":{"type":"LineString","coordinates":[[17.1477803,48.1893714],[17.1481777,48.1894501]]},"properties":{"voltage":"110000","name":""}},{"type":"Feature","geometry":{"type":"LineString","coordinates":[[17.1774388,48.1596173],[17.1776886,48.1596393]]},"properties":{"voltage":"110000","name":""}},{"type":"Feature","geometry":{"type":"LineString","coordinates":[[17.1774388,48.1596173],[17.1776955,48.1603173],[17.1779612,48.1616604]]},"properties":{"voltage":"110000","name":""}},{"type":"Feature","geometry":{"type":"LineString","coordinates":[[17.0568571,48.1486781],[17.056837,48.1485349]]},"properties":{"voltage":"110000","name":""}},{"type":"Feature","geometry":{"type":"LineString","coordinates":[[17.0566962,48.1486857],[17.0566811,48.1485433]]},"properties":{"voltage":"110000","name":""}},{"type":"Feature","geometry":{"type":"LineString","coordinates":[[17.0568612,48.1478832],[17.056837,48.1485349]]},"properties":{"voltage":"110000","name":""}},{"type":"Feature","geometry":{"type":"LineString","coordinates":[[17.0566811,48.1485433],[17.0568612,48.1478832]]},"properties":{"voltage":"110000","name":""}},{"type":"Feature","geometry":{"type":"LineString","coordinates":[[17.1904381,48.2193206],[17.189939,48.2191708]]},"properties":{"voltage":"110000","name":""}},{"type":"Feature","geometry":{"type":"LineString","coordinates":[[17.1471847,48.1948777],[17.1466081,48.1952231]]},"properties":{"voltage":"110000","name":""}},{"type":"Feature","geometry":{"type":"LineString","coordinates":[[17.1463491,48.1895704],[17.1471078,48.1896219]]},"properties":{"voltage":"110000","name":""}},{"type":"Feature","geometry":{"type":"LineString","coordinates":[[17.1471451,48.1894575],[17.1463345,48.1894066]]},"properties":{"voltage":"110000","name":""}},{"type":"Feature","geometry":{"type":"LineString","coordinates":[[17.0325976,48.3036313],[17.0321328,48.3038918]]},"properties":{"voltage":"110000","name":""}},{"type":"Feature","geometry":{"type":"LineString","coordinates":[[17.0325976,48.3036313],[17.0322418,48.303945]]},"properties":{"voltage":"110000","name":""}},{"type":"Feature","geometry":{"type":"LineString","coordinates":[[16.240232,48.3578553],[16.2404268,48.357019]]},"properties":{"voltage":"220000","name":""}},{"type":"Feature","geometry":{"type":"LineString","coordinates":[[16.2402271,48.3578666],[16.2406514,48.3570269]]},"properties":{"voltage":"220000","name":""}},{"type":"Feature","geometry":{"type":"LineString","coordinates":[[16.2402381,48.3566428],[16.2404775,48.3566576],[16.2407013,48.3566715],[16.241367,48.3567127]]},"properties":{"voltage":"220000","name":""}},{"type":"Feature","geometry":{"type":"LineString","coordinates":[[16.2413466,48.3568565],[16.2406811,48.3568153],[16.2404573,48.3568014],[16.2402179,48.3567866]]},"properties":{"voltage":"220000","name":""}},{"type":"Feature","geometry":{"type":"LineString","coordinates":[[16.2407013,48.3566715],[16.2406811,48.3568153],[16.2406514,48.3570269]]},"properties":{"voltage":"220000","name":""}},{"type":"Feature","geometry":{"type":"LineString","coordinates":[[16.2404775,48.3566576],[16.2404573,48.3568014],[16.2404268,48.357019]]},"properties":{"voltage":"220000","name":""}},{"type":"Feature","geometry":{"type":"LineString","coordinates":[[16.238473,48.1300745],[16.2385059,48.1300891],[16.2386419,48.1301387],[16.2388445,48.1301725],[16.2390533,48.1302055],[16.2392319,48.1302297],[16.2395538,48.1302163],[16.2402496,48.1302859],[16.2406572,48.1303394],[16.2410249,48.1303148],[16.2413577,48.1305818]]},"properties":{"voltage":"","name":""}},{"type":"Feature","geometry":{"type":"LineString","coordinates":[[16.2413577,48.1305818],[16.2417645,48.1305995],[16.2421691,48.1306385],[16.2426298,48.1306965],[16.2430338,48.1307493],[16.2434332,48.1308308],[16.2438206,48.1308932],[16.2441906,48.1309704],[16.2446103,48.1310339],[16.245202,48.1310603],[16.2456216,48.1310888],[16.2460116,48.1311001],[16.2465312,48.1311255],[16.246901,48.1311184],[16.2474446,48.131091],[16.2478586,48.1310457],[16.248305,48.1309683],[16.2486328,48.1308827],[16.2489695,48.1308069],[16.2494218,48.1306811],[16.2497761,48.1305838],[16.2502769,48.1304483],[16.2506702,48.1303241],[16.2511379,48.1301718],[16.2514516,48.1300928],[16.2517869,48.1299855],[16.2521579,48.1299385],[16.2525585,48.1299082],[16.2525956,48.1299787]]},"properties":{"voltage":"","name":""}},{"type":"Feature","geometry":{"type":"LineString","coordinates":[[16.9954979,48.3319562],[16.9948137,48.3320546]]},"properties":{"voltage":"110000","name":""}},{"type":"Feature","geometry":{"type":"LineString","coordinates":[[16.9954979,48.3319562],[16.9947925,48.3319762]]},"properties":{"voltage":"110000","name":""}},{"type":"Feature","geometry":{"type":"LineString","coordinates":[[16.9954979,48.3319562],[16.9963072,48.3305218],[16.9973668,48.3286411],[16.9987923,48.3261295],[17.0000863,48.3238396],[17.0014978,48.3213476],[17.0027137,48.3192218],[17.0034658,48.3178889],[17.0034934,48.3154942],[17.0035408,48.3123395],[17.0035438,48.3095539],[17.0036057,48.3067704],[17.0036138,48.3039851],[17.0036645,48.3013341],[17.0036698,48.2985613],[17.0037334,48.2959399],[17.0037632,48.2933355],[17.0037929,48.2907853],[17.0079126,48.2897733],[17.0111261,48.2889383],[17.0154557,48.2899212],[17.0191143,48.2907429],[17.0237749,48.291802],[17.0271668,48.292569],[17.0311726,48.2934786],[17.031542,48.2956142],[17.0319628,48.2980099],[17.0324195,48.3006958],[17.032944,48.3036559]]},"properties":{"voltage":"110000","name":""}},{"type":"Feature","geometry":{"type":"LineString","coordinates":[[17.0172706,48.4175402],[17.0182246,48.4174314]]},"properties":{"voltage":"110000","name":""}},{"type":"Feature","geometry":{"type":"LineString","coordinates":[[17.0172706,48.4175402],[17.013879,48.4182515],[17.0104697,48.4189852],[17.0072239,48.4196564],[17.0040097,48.4203374],[17.0005072,48.4210773]]},"properties":{"voltage":"110000","name":""}},{"type":"Feature","geometry":{"type":"LineString","coordinates":[[17.0005072,48.4210773],[17.000107,48.4234342],[16.9997967,48.425307],[16.9994556,48.427374],[16.9990067,48.4299566],[16.9985842,48.4323595],[16.9982002,48.4346768],[16.9978059,48.4369637],[16.9974617,48.4389235],[16.997144,48.4408952],[16.9966777,48.4434928],[16.9963219,48.4456045],[16.9972653,48.4474043],[16.9983975,48.4495714],[16.9996813,48.4519769],[17.0007718,48.4540501],[17.001944,48.4562739],[17.003307,48.4588411],[17.0045429,48.4612575],[17.0058695,48.4637943],[17.0071508,48.4662526],[17.0080206,48.468377],[17.0089281,48.4705775],[17.0098418,48.4728589],[17.0108249,48.4752749],[17.0119273,48.4779785],[17.0129353,48.4804693],[17.0138638,48.4827488],[17.0145854,48.4845053],[17.0153203,48.4863134],[17.0153229,48.4886813],[17.0152812,48.490978],[17.0152608,48.4936016],[17.0152304,48.4962732],[17.0152071,48.4981784],[17.0151969,48.5009742],[17.0151513,48.5035721],[17.0151392,48.5056135],[17.0151083,48.5072715],[17.0150869,48.509268],[17.0141755,48.5113385],[17.0131409,48.5135893],[17.0121553,48.515757],[17.0110422,48.518215],[17.0100336,48.5204492],[17.008836,48.52309],[17.0076357,48.5257679],[17.0066003,48.528023],[17.0081169,48.5298296],[17.0099634,48.5320913],[17.0113264,48.5337548],[17.0126206,48.5353302],[17.0140448,48.5370529],[17.0157838,48.5391564],[17.0169114,48.5405153],[17.0180108,48.5418604],[17.0197599,48.5439623],[17.0215228,48.5461043],[17.0235036,48.5484925],[17.025467,48.5508815],[17.0272856,48.5530668],[17.0287858,48.5548663],[17.0306477,48.5571438],[17.0303621,48.5594742],[17.0300616,48.5618831],[17.0298659,48.5635677],[17.0295466,48.5661538],[17.029265,48.568369],[17.0289365,48.5710437],[17.0286052,48.5738318],[17.0282928,48.5762875],[17.0279508,48.5789497],[17.0276504,48.5815546],[17.0273795,48.5837655],[17.0270657,48.5862602],[17.0267196,48.5890262],[17.0263951,48.5916182],[17.0260759,48.5941267],[17.0257969,48.5965694],[17.0254643,48.5991149],[17.0251398,48.6017435],[17.0248099,48.6045238]]},"properties":{"voltage":"110000","name":""}},{"type":"Feature","geometry":{"type":"LineString","coordinates":[[16.9710275,48.7688503],[16.9705703,48.7688939]]},"properties":{"voltage":"110000","name":""}},{"type":"Feature","geometry":{"type":"LineString","coordinates":[[16.9706085,48.7689698],[16.9710275,48.7688503]]},"properties":{"voltage":"110000","name":""}},{"type":"Feature","geometry":{"type":"LineString","coordinates":[[17.032944,48.3036559],[17.0323223,48.3040262]]},"properties":{"voltage":"110000","name":""}},{"type":"Feature","geometry":{"type":"LineString","coordinates":[[17.032944,48.3036559],[17.0324421,48.3040888]]},"properties":{"voltage":"110000","name":""}},{"type":"Feature","geometry":{"type":"LineString","coordinates":[[16.4156498,48.025703],[16.4158361,48.0255793],[16.4182676,48.0255106]]},"properties":{"voltage":"20000","name":""}},{"type":"Feature","geometry":{"type":"LineString","coordinates":[[16.2360476,48.2003679],[16.2362999,48.2009823]]},"properties":{"voltage":"110000","name":""}},{"type":"Feature","geometry":{"type":"LineString","coordinates":[[16.2361644,48.2003464],[16.2364155,48.2009586]]},"properties":{"voltage":"110000","name":""}},{"type":"Feature","geometry":{"type":"LineString","coordinates":[[16.2370522,48.2002167],[16.2373695,48.2009812]]},"properties":{"voltage":"110000","name":""}},{"type":"Feature","geometry":{"type":"LineString","coordinates":[[16.237216,48.2001866],[16.2375333,48.200951]]},"properties":{"voltage":"110000","name":""}},{"type":"Feature","geometry":{"type":"LineString","coordinates":[[16.2366176,48.2006993],[16.2365033,48.2007208],[16.2360993,48.2007967]]},"properties":{"voltage":"110000","name":""}},{"type":"Feature","geometry":{"type":"LineString","coordinates":[[16.2365648,48.2005766],[16.2364515,48.2005992],[16.2364018,48.2006092],[16.2360485,48.2006743]]},"properties":{"voltage":"110000","name":""}},{"type":"Feature","geometry":{"type":"LineString","coordinates":[[16.2363737,48.2005414],[16.2360205,48.2006068],[16.2359653,48.2006181],[16.2357976,48.2006526]]},"properties":{"voltage":"110000","name":""}},{"type":"Feature","geometry":{"type":"LineString","coordinates":[[16.2363517,48.2004885],[16.2359986,48.2005539]]},"properties":{"voltage":"110000","name":""}},{"type":"Feature","geometry":{"type":"LineString","coordinates":[[16.2363015,48.2003674],[16.2359484,48.2004331]]},"properties":{"voltage":"110000","name":""}},{"type":"Feature","geometry":{"type":"LineString","coordinates":[[16.2364761,48.2007881],[16.2360704,48.2008615],[16.2359575,48.2008819],[16.2359832,48.2009484],[16.2365029,48.2008549]]},"properties":{"voltage":"110000","name":""}},{"type":"Feature","geometry":{"type":"LineString","coordinates":[[16.2367175,48.2008703],[16.2365898,48.2008946],[16.2365253,48.2009069],[16.2361723,48.2009724]]},"properties":{"voltage":"110000","name":""}},{"type":"Feature","geometry":{"type":"LineString","coordinates":[[16.236426,48.2006653],[16.2360728,48.2007306],[16.2360139,48.2007372],[16.2358386,48.2007569]]},"properties":{"voltage":"110000","name":""}},{"type":"Feature","geometry":{"type":"LineString","coordinates":[[16.2374542,48.2001733],[16.2373983,48.2001595],[16.2369155,48.2002519]]},"properties":{"voltage":"110000","name":""}},{"type":"Feature","geometry":{"type":"LineString","coordinates":[[16.2374961,48.2002664],[16.2374499,48.2002626],[16.2374415,48.2002642],[16.2369566,48.2003569]]},"properties":{"voltage":"110000","name":""}},{"type":"Feature","geometry":{"type":"LineString","coordinates":[[16.2373789,48.200218],[16.2369363,48.2003027]]},"properties":{"voltage":"110000","name":""}},{"type":"Feature","geometry":{"type":"LineString","coordinates":[[16.237422,48.2003247],[16.236981,48.200409]]},"properties":{"voltage":"110000","name":""}},{"type":"Feature","geometry":{"type":"LineString","coordinates":[[16.2375217,48.2003623],[16.2374848,48.2003693],[16.2370044,48.2004612]]},"properties":{"voltage":"110000","name":""}},{"type":"Feature","geometry":{"type":"LineString","coordinates":[[16.2374655,48.2004277],[16.2370247,48.200512],[16.2369582,48.2005142],[16.2369057,48.2005159],[16.2368242,48.2005283]]},"properties":{"voltage":"110000","name":""}},{"type":"Feature","geometry":{"type":"LineString","coordinates":[[16.2375782,48.2004644],[16.2375268,48.2004742],[16.2370481,48.2005655]]},"properties":{"voltage":"110000","name":""}},{"type":"Feature","geometry":{"type":"LineString","coordinates":[[16.2375085,48.2005327],[16.2370674,48.200617],[16.2370082,48.2006276],[16.2368787,48.2006508]]},"properties":{"voltage":"110000","name":""}},{"type":"Feature","geometry":{"type":"LineString","coordinates":[[16.2371152,48.2007349],[16.2376157,48.2006392],[16.2375933,48.2005801],[16.2370918,48.2006759]]},"properties":{"voltage":"110000","name":""}},{"type":"Feature","geometry":{"type":"LineString","coordinates":[[16.2375779,48.20071],[16.2371396,48.2007938],[16.2370801,48.2008041],[16.2369553,48.2008256]]},"properties":{"voltage":"110000","name":""}},{"type":"Feature","geometry":{"type":"LineString","coordinates":[[16.2376772,48.2007484],[16.2376389,48.2007557],[16.2371599,48.2008473]]},"properties":{"voltage":"110000","name":""}},{"type":"Feature","geometry":{"type":"LineString","coordinates":[[16.2376205,48.2008136],[16.2371821,48.2008986],[16.2371313,48.2009072],[16.2370805,48.2009158]]},"properties":{"voltage":"110000","name":""}},{"type":"Feature","geometry":{"type":"LineString","coordinates":[[16.237722,48.2008527],[16.2376845,48.2008599],[16.2372046,48.2009516]]},"properties":{"voltage":"110000","name":""}},{"type":"Feature","geometry":{"type":"LineString","coordinates":[[16.237665,48.2009185],[16.237226,48.2010024],[16.2371662,48.2010124],[16.2371219,48.2010197]]},"properties":{"voltage":"110000","name":""}},{"type":"Feature","geometry":{"type":"LineString","coordinates":[[16.2371026,48.200971],[16.2370098,48.200987],[16.2369625,48.2010531],[16.2368575,48.2010702],[16.2366514,48.2012819],[16.2362762,48.2013455],[16.2362015,48.2013737],[16.2359604,48.2014173],[16.2358287,48.2014184],[16.2357301,48.2014358],[16.2355036,48.2013285],[16.2353935,48.2013034],[16.2353243,48.2010021]]},"properties":{"voltage":"110000","name":""}},{"type":"Feature","geometry":{"type":"LineString","coordinates":[[16.2371026,48.200971],[16.2371219,48.2010197]]},"properties":{"voltage":"110000","name":""}},{"type":"Feature","geometry":{"type":"LineString","coordinates":[[16.2375782,48.2004644],[16.2376032,48.2004974],[16.2376769,48.2006887],[16.2373645,48.2007566],[16.2373497,48.2008035],[16.2371304,48.2008513],[16.2370781,48.2008741],[16.2365512,48.2009711]]},"properties":{"voltage":"110000","name":""}},{"type":"Feature","geometry":{"type":"LineString","coordinates":[[16.2377003,48.2000619],[16.2374542,48.2001733],[16.2373709,48.2002056]]},"properties":{"voltage":"110000","name":""}},{"type":"Feature","geometry":{"type":"LineString","coordinates":[[16.2377003,48.2000619],[16.2374961,48.2002664],[16.2374241,48.2003311]]},"properties":{"voltage":"110000","name":""}},{"type":"Feature","geometry":{"type":"LineString","coordinates":[[16.2369363,48.2003027],[16.2363015,48.2003674]]},"properties":{"voltage":"110000","name":""}},{"type":"Feature","geometry":{"type":"LineString","coordinates":[[16.236981,48.200409],[16.2363517,48.2004885]]},"properties":{"voltage":"110000","name":""}},{"type":"Feature","geometry":{"type":"LineString","coordinates":[[16.0418943,48.3124312],[16.041872,48.3124888],[16.0418055,48.3126606],[16.0417646,48.3127664],[16.0417273,48.3128628],[16.0416648,48.3130243],[16.04163,48.3131141],[16.0415623,48.313289],[16.0415207,48.3133965],[16.0414887,48.3134794],[16.0414537,48.313568],[16.0414194,48.3136562],[16.0414011,48.3137036]]},"properties":{"voltage":"110000","name":""}},{"type":"Feature","geometry":{"type":"LineString","coordinates":[[16.0417617,48.3124085],[16.0417391,48.3124671],[16.0416734,48.3126373],[16.0416316,48.3127455],[16.0415951,48.3128401],[16.0415324,48.3130025],[16.0414988,48.3130894],[16.0414306,48.3132659],[16.0413894,48.3133726],[16.0413574,48.3134571],[16.0413232,48.3135457],[16.0412892,48.3136339],[16.0412701,48.3136833]]},"properties":{"voltage":"110000","name":""}},{"type":"Feature","geometry":{"type":"LineString","coordinates":[[16.041872,48.3124888],[16.0417391,48.3124671],[16.0414697,48.3124204]]},"properties":{"voltage":"110000","name":""}},{"type":"Feature","geometry":{"type":"LineString","coordinates":[[16.0418055,48.3126606],[16.0416734,48.3126373],[16.0413993,48.3125909]]},"properties":{"voltage":"110000","name":""}},{"type":"Feature","geometry":{"type":"LineString","coordinates":[[16.0420311,48.3128127],[16.0417646,48.3127664],[16.0416316,48.3127455]]},"properties":{"voltage":"110000","name":""}},{"type":"Feature","geometry":{"type":"LineString","coordinates":[[16.0417273,48.3128628],[16.0415951,48.3128401],[16.0414264,48.3128116],[16.0413633,48.3129738],[16.0415324,48.3130025],[16.0416648,48.3130243]]},"properties":{"voltage":"110000","name":""}},{"type":"Feature","geometry":{"type":"LineString","coordinates":[[16.0418914,48.313158],[16.04163,48.3131141],[16.0414988,48.3130894]]},"properties":{"voltage":"110000","name":""}},{"type":"Feature","geometry":{"type":"LineString","coordinates":[[16.0418226,48.3133318],[16.0415623,48.313289],[16.0414306,48.3132659]]},"properties":{"voltage":"110000","name":""}},{"type":"Feature","geometry":{"type":"LineString","coordinates":[[16.0415207,48.3133965],[16.0413894,48.3133726],[16.0411173,48.3133263]]},"properties":{"voltage":"110000","name":""}},{"type":"Feature","geometry":{"type":"LineString","coordinates":[[16.0414537,48.313568],[16.0413232,48.3135457],[16.0410508,48.3134996]]},"properties":{"voltage":"110000","name":""}},{"type":"Feature","geometry":{"type":"LineString","coordinates":[[16.0417533,48.3135245],[16.0414887,48.3134794],[16.0413574,48.3134571]]},"properties":{"voltage":"110000","name":""}},{"type":"Feature","geometry":{"type":"LineString","coordinates":[[16.0416879,48.3137021],[16.0414194,48.3136562],[16.0412892,48.3136339]]},"properties":{"voltage":"110000","name":""}},{"type":"Feature","geometry":{"type":"LineString","coordinates":[[16.81345,48.3779128],[16.8133553,48.3782667]]},"properties":{"voltage":"110000","name":""}},{"type":"Feature","geometry":{"type":"LineString","coordinates":[[16.8129593,48.378058],[16.81345,48.3779128]]},"properties":{"voltage":"110000","name":""}},{"type":"Feature","geometry":{"type":"LineString","coordinates":[[16.2919425,48.0330041],[16.2918777,48.0329366]]},"properties":{"voltage":"","name":""}},{"type":"Feature","geometry":{"type":"LineString","coordinates":[[16.4637151,48.0274589],[16.4632367,48.0278157]]},"properties":{"voltage":"110000","name":""}},{"type":"Feature","geometry":{"type":"LineString","coordinates":[[16.4631808,48.027756],[16.4637151,48.0274589]]},"properties":{"voltage":"110000","name":""}},{"type":"Feature","geometry":{"type":"LineString","coordinates":[[16.2675045,48.1008802],[16.2672498,48.1003046],[16.2663389,48.0999748],[16.2656469,48.09963],[16.2648731,48.0993479],[16.2642253,48.099175],[16.2640885,48.0991267],[16.2637962,48.0992682],[16.2634247,48.0992861],[16.262962,48.0992341],[16.2617818,48.0989798],[16.2606567,48.0987523],[16.2597351,48.0986285]]},"properties":{"voltage":"20000","name":""}},{"type":"Feature","geometry":{"type":"LineString","coordinates":[[16.9830193,48.9490317],[16.982364,48.9496342]]},"properties":{"voltage":"22000","name":""}},{"type":"Feature","geometry":{"type":"LineString","coordinates":[[16.9823733,48.9496531],[16.9830646,48.9499726]]},"properties":{"voltage":"22000","name":""}},{"type":"Feature","geometry":{"type":"LineString","coordinates":[[16.8661123,48.9806104],[16.8661382,48.9799535],[16.8661625,48.979382],[16.8655365,48.9786671],[16.864896,48.9778963],[16.8640892,48.9769531],[16.863835,48.9766493],[16.8635726,48.9756618],[16.8635137,48.9743298],[16.8632294,48.972958],[16.8629548,48.971629],[16.8627249,48.970692],[16.8626993,48.9695726]]},"properties":{"voltage":"22000","name":""}},{"type":"Feature","geometry":{"type":"LineString","coordinates":[[16.8190854,48.9941008],[16.8199655,48.9932009],[16.8212186,48.9923232],[16.822852,48.9918899],[16.8245796,48.9918693],[16.8262589,48.9919992],[16.8278307,48.9921228],[16.8293048,48.9919026],[16.8305485,48.9912749],[16.8320186,48.9909322],[16.8330037,48.9909053],[16.833914,48.9908736],[16.8354134,48.9908324],[16.8371277,48.9905631],[16.8389337,48.9902747],[16.839308,48.9897614],[16.8402689,48.989641],[16.8415148,48.9899531],[16.8425023,48.9902177],[16.8439776,48.9899816],[16.8452524,48.9897756],[16.847638,48.9893653],[16.8481353,48.9885715],[16.8486351,48.9877872],[16.8497869,48.9874006],[16.8506706,48.9871027],[16.8520685,48.9866321],[16.8531526,48.9861711],[16.8539325,48.9858446],[16.8551736,48.985298],[16.8562625,48.9848337],[16.8571655,48.9844408],[16.858281,48.9839686],[16.8594472,48.9834615],[16.8604927,48.9830083],[16.8619776,48.9823713],[16.8636201,48.9816585]]},"properties":{"voltage":"22000","name":""}},{"type":"Feature","geometry":{"type":"LineString","coordinates":[[16.7128529,48.9109692],[16.716696,48.9101703]]},"properties":{"voltage":"22000","name":""}},{"type":"Feature","geometry":{"type":"LineString","coordinates":[[16.712973,48.911034],[16.7134105,48.9109458],[16.7161501,48.910657],[16.7169796,48.9105342],[16.7188065,48.9101844],[16.7189863,48.9102801]]},"properties":{"voltage":"22000","name":""}},{"type":"Feature","geometry":{"type":"LineString","coordinates":[[16.5280236,48.9644231],[16.5293025,48.9640257],[16.5303729,48.9636931],[16.5312329,48.9634142],[16.5316607,48.9632755],[16.5329707,48.9629097],[16.5340856,48.9630272],[16.535534,48.9631799],[16.5365686,48.963593],[16.5375945,48.9640027],[16.5385408,48.9643835],[16.5393505,48.9647092],[16.5404588,48.965168],[16.5413966,48.9655562],[16.5422514,48.96591],[16.543248,48.9663369],[16.5441054,48.9667041],[16.5446531,48.9670145]]},"properties":{"voltage":"22000","name":""}},{"type":"Feature","geometry":{"type":"LineString","coordinates":[[16.9048386,48.7804712],[16.9045853,48.7800042],[16.9042839,48.7793127],[16.9039914,48.7786416],[16.9036538,48.7778669],[16.9033033,48.7770254],[16.903125,48.7765971],[16.9029103,48.7760969],[16.9025526,48.7752637],[16.9021104,48.7742519],[16.9018241,48.7735966],[16.9013551,48.7725234],[16.9007712,48.7711872],[16.9002312,48.7699702],[16.8996972,48.7692094],[16.8991768,48.7684681],[16.8986436,48.7677085],[16.8980785,48.7669034],[16.8975366,48.7661314],[16.8969773,48.7653335],[16.8964219,48.7645412],[16.8958495,48.7637245],[16.8952899,48.7629386]]},"properties":{"voltage":"22000","name":""}},{"type":"Feature","geometry":{"type":"LineString","coordinates":[[16.8952899,48.7629386],[16.8950422,48.7625907]]},"properties":{"voltage":"22000","name":""}},{"type":"Feature","geometry":{"type":"LineString","coordinates":[[16.0621698,48.7539941],[16.0641399,48.7535961]]},"properties":{"voltage":"20000","name":""}},{"type":"Feature","geometry":{"type":"LineString","coordinates":[[16.0501847,48.6969591],[16.0501744,48.6970019],[16.0501499,48.6971037],[16.0500336,48.6975866],[16.0500108,48.6976797],[16.0499672,48.6978602],[16.0498442,48.6978473],[16.0498881,48.6976654],[16.0499102,48.6975739],[16.0499516,48.6974021],[16.0499756,48.6973027],[16.0500265,48.697092],[16.050051,48.6969902],[16.050061,48.6969489]]},"properties":{"voltage":"110000","name":""}},{"type":"Feature","geometry":{"type":"LineString","coordinates":[[16.0506259,48.6973972],[16.0503211,48.6973418]]},"properties":{"voltage":"110000","name":"Pernhofen - Peigarten"}},{"type":"Feature","geometry":{"type":"LineString","coordinates":[[16.0480514,48.6971811],[16.0444755,48.6973767],[16.0406862,48.6975747],[16.0367574,48.6969049],[16.032305,48.6961458],[16.0279472,48.6954028],[16.0241213,48.6947505],[16.0202433,48.6940893],[16.0159879,48.6933638],[16.0116773,48.6926288],[16.00793,48.6919899],[16.0037908,48.6912841],[16.0001917,48.6903194],[15.9966138,48.6893427],[15.9930222,48.6883578],[15.9892662,48.6873378],[15.9849548,48.6861637],[15.981044,48.6851166],[15.9774586,48.6841378],[15.9739076,48.6831621],[15.9699767,48.6821662],[15.9662759,48.6812174],[15.9628707,48.680328],[15.9588041,48.6792777],[15.9549318,48.6782746],[15.9514631,48.6773794],[15.9474102,48.6763589],[15.9434415,48.6753339],[15.9393453,48.6742759],[15.9350696,48.6731565],[15.9307535,48.6720309],[15.9264981,48.6709088],[15.9222684,48.6697974],[15.9180413,48.6686907],[15.9137281,48.6675757],[15.9101891,48.666649],[15.9065647,48.6656889],[15.9026308,48.6646843],[15.8991506,48.6637689],[15.895031,48.6626853],[15.8912345,48.661688],[15.8870822,48.661855],[15.8824524,48.6620417],[15.8781005,48.6622019],[15.8736938,48.6623732],[15.8700223,48.66252],[15.8661756,48.6626637],[15.8617004,48.6628342],[15.857326,48.6628921],[15.8527025,48.6629451],[15.8479404,48.6630046],[15.8430867,48.6630441],[15.8382577,48.6630994],[15.8336536,48.6633366]]},"properties":{"voltage":"110000","name":"Peigarten - Eggenburg"}},{"type":"Feature","geometry":{"type":"LineString","coordinates":[[16.0497009,48.6975522],[16.0480514,48.6971811]]},"properties":{"voltage":"110000","name":"Peigarten - Eggenburg"}},{"type":"Feature","geometry":{"type":"LineString","coordinates":[[16.0496797,48.697641],[16.0498881,48.6976654],[16.0500108,48.6976797]]},"properties":{"voltage":"110000","name":""}},{"type":"Feature","geometry":{"type":"LineString","coordinates":[[16.0499756,48.6973027],[16.0503211,48.6973418]]},"properties":{"voltage":"110000","name":""}},{"type":"Feature","geometry":{"type":"LineString","coordinates":[[16.0506259,48.6973972],[16.0502969,48.697431]]},"properties":{"voltage":"110000","name":"Pernhofen - Peigarten"}},{"type":"Feature","geometry":{"type":"LineString","coordinates":[[16.0497009,48.6975522],[16.0499102,48.6975739],[16.0500336,48.6975866]]},"properties":{"voltage":"110000","name":""}},{"type":"Feature","geometry":{"type":"LineString","coordinates":[[16.0504205,48.6970374],[16.0507015,48.6969216]]},"properties":{"voltage":"110000","name":"Hollabrunn - Peigarten"}},{"type":"Feature","geometry":{"type":"LineString","coordinates":[[16.0500265,48.697092],[16.0501499,48.6971037],[16.0504479,48.6971234]]},"properties":{"voltage":"110000","name":""}},{"type":"Feature","geometry":{"type":"LineString","coordinates":[[16.0507015,48.6969216],[16.0508008,48.6960003],[16.0497358,48.69403],[16.0482936,48.6913903],[16.0469372,48.6888956],[16.0456006,48.6864369],[16.0441945,48.6838505],[16.042744,48.6811822],[16.0413255,48.6785725],[16.0399694,48.6760776],[16.0385513,48.6731296],[16.03723,48.6703828],[16.0359556,48.6677332],[16.034703,48.6651289],[16.0333771,48.6623721],[16.0319578,48.6594208],[16.0306864,48.6567771],[16.0309217,48.6538258],[16.0311598,48.6508397],[16.0313913,48.6479355],[16.0316198,48.6450699],[16.0318644,48.6420017],[16.0320807,48.6392881],[16.0323241,48.6362338],[16.0325651,48.6332097],[16.0327972,48.6302973],[16.0330288,48.6273917],[16.0332687,48.6243816],[16.0335099,48.6213544],[16.0337554,48.6182733],[16.0340081,48.6151006],[16.0342456,48.6121199],[16.0357985,48.6094377],[16.0374393,48.6066034],[16.0391058,48.6037248],[16.040752,48.6008809],[16.0423536,48.5981139],[16.0438271,48.5955682],[16.0454621,48.5927433],[16.0469701,48.5901376],[16.0473684,48.5876762],[16.0477622,48.5853264],[16.0482386,48.5825437],[16.0487038,48.5797674],[16.0491059,48.577328],[16.0495383,48.5747255],[16.0499817,48.5720885],[16.0504811,48.5691328],[16.0509753,48.566103],[16.0514963,48.5630497],[16.0519807,48.5601371],[16.0557022,48.5586108],[16.0591094,48.5572238],[16.0631228,48.5577007],[16.0664843,48.5580964],[16.0705017,48.5585667]]},"properties":{"voltage":"110000","name":"Hollabrunn - Peigarten"}},{"type":"Feature","geometry":{"type":"LineString","coordinates":[[16.050051,48.6969902],[16.0501744,48.6970019],[16.0504205,48.6970374]]},"properties":{"voltage":"110000","name":""}},{"type":"Feature","geometry":{"type":"LineString","coordinates":[[16.0499516,48.6974021],[16.0502969,48.697431]]},"properties":{"voltage":"110000","name":""}},{"type":"Feature","geometry":{"type":"LineString","coordinates":[[16.2813622,48.7203335],[16.2814403,48.7202229]]},"properties":{"voltage":"110000","name":""}},{"type":"Feature","geometry":{"type":"LineString","coordinates":[[16.2816493,48.7156848],[16.2816051,48.7158449],[16.2815842,48.7159218]]},"properties":{"voltage":"110000","name":""}},{"type":"Feature","geometry":{"type":"LineString","coordinates":[[16.2813209,48.7203911],[16.2812418,48.7205017]]},"properties":{"voltage":"110000","name":""}},{"type":"Feature","geometry":{"type":"LineString","coordinates":[[16.2815264,48.7203795],[16.2816021,48.7202681]]},"properties":{"voltage":"110000","name":""}},{"type":"Feature","geometry":{"type":"LineString","coordinates":[[16.308485,48.7167273],[16.3081302,48.7171794]]},"properties":{"voltage":"20000","name":""}},{"type":"Feature","geometry":{"type":"LineString","coordinates":[[16.2820495,48.7157401],[16.2820054,48.7159009],[16.2819844,48.7159776]]},"properties":{"voltage":"110000","name":""}},{"type":"Feature","geometry":{"type":"LineString","coordinates":[[16.2814832,48.7204363],[16.2814041,48.7205469]]},"properties":{"voltage":"110000","name":""}},{"type":"Feature","geometry":{"type":"LineString","coordinates":[[16.2827074,48.7159985],[16.2826539,48.715991],[16.2825182,48.7159721],[16.2823857,48.7159536],[16.2822546,48.7159353],[16.2820054,48.7159009],[16.2818716,48.7158821],[16.2817396,48.7158637],[16.2816051,48.7158449],[16.2814176,48.7158187],[16.2813931,48.7158952],[16.2815842,48.7159218],[16.2817176,48.7159404],[16.2818488,48.7159587],[16.2819844,48.7159776],[16.2822305,48.7160119],[16.2823603,48.71603],[16.282493,48.7160485],[16.2826269,48.7160672],[16.2826864,48.7160755]]},"properties":{"voltage":"110000","name":""}},{"type":"Feature","geometry":{"type":"LineString","coordinates":[[16.2824435,48.7157803],[16.2823857,48.7159536],[16.2823603,48.71603]]},"properties":{"voltage":"110000","name":""}},{"type":"Feature","geometry":{"type":"LineString","coordinates":[[16.2817854,48.7157036],[16.2817396,48.7158637],[16.2817176,48.7159404]]},"properties":{"voltage":"110000","name":""}},{"type":"Feature","geometry":{"type":"LineString","coordinates":[[16.2819193,48.7157221],[16.2818716,48.7158821],[16.2818488,48.7159587]]},"properties":{"voltage":"110000","name":""}},{"type":"Feature","geometry":{"type":"LineString","coordinates":[[16.2825761,48.7157968],[16.2825182,48.7159721],[16.282493,48.7160485]]},"properties":{"voltage":"110000","name":""}},{"type":"Feature","geometry":{"type":"LineString","coordinates":[[16.2823092,48.7157615],[16.2822546,48.7159353],[16.2822305,48.7160119]]},"properties":{"voltage":"110000","name":""}},{"type":"Feature","geometry":{"type":"LineString","coordinates":[[16.2827152,48.7158214],[16.2826539,48.715991],[16.2826269,48.7160672]]},"properties":{"voltage":"110000","name":""}},{"type":"Feature","geometry":{"type":"LineString","coordinates":[[16.4317751,48.1388801],[16.4315277,48.1388805],[16.4315235,48.1387041],[16.4319398,48.1386906],[16.4321488,48.1386509]]},"properties":{"voltage":"220000","name":""}},{"type":"Feature","geometry":{"type":"LineString","coordinates":[[16.4321488,48.1386509],[16.4321503,48.1387134],[16.43243,48.1387078],[16.4324283,48.138645]]},"properties":{"voltage":"110000","name":""}},{"type":"Feature","geometry":{"type":"LineString","coordinates":[[17.1164599,48.8437646],[17.1150512,48.8435456],[17.113647,48.8433273],[17.1122365,48.843108],[17.1110319,48.8434405],[17.109889,48.8437559],[17.1088509,48.8440614],[17.1075273,48.8439195],[17.1061728,48.8437744],[17.1048165,48.843629],[17.1034343,48.8434809],[17.1020366,48.8433333],[17.10113,48.8432376],[17.0997357,48.8430934],[17.0983729,48.8429524],[17.0970505,48.8428072]]},"properties":{"voltage":"22000","name":""}},{"type":"Feature","geometry":{"type":"LineString","coordinates":[[17.1182616,48.8440786],[17.1191054,48.8449871],[17.1194874,48.8454183]]},"properties":{"voltage":"22000","name":""}},{"type":"Feature","geometry":{"type":"LineString","coordinates":[[17.1184804,48.8440466],[17.119281,48.8449155],[17.1196774,48.845348]]},"properties":{"voltage":"22000","name":""}},{"type":"Feature","geometry":{"type":"LineString","coordinates":[[17.1195891,48.8453797],[17.1191917,48.8449472],[17.1183681,48.8440579]]},"properties":{"voltage":"22000","name":""}},{"type":"Feature","geometry":{"type":"LineString","coordinates":[[17.1197731,48.845314],[17.1193676,48.8448777],[17.1185931,48.8440445]]},"properties":{"voltage":"22000","name":""}},{"type":"Feature","geometry":{"type":"LineString","coordinates":[[17.119386,48.8425321],[17.1204935,48.8416307],[17.1212773,48.840989],[17.121724,48.8406234],[17.1229694,48.8396037],[17.1246262,48.8395158],[17.1250902,48.8394912],[17.1262009,48.839429],[17.1279046,48.8393336],[17.1294191,48.8392513],[17.1303313,48.8395746],[17.1317122,48.8400641],[17.1330476,48.8405388],[17.1346843,48.8411206],[17.1361693,48.8416485],[17.1375312,48.8421326]]},"properties":{"voltage":"22000","name":""}},{"type":"Feature","geometry":{"type":"LineString","coordinates":[[17.1197395,48.8428083],[17.1209208,48.8418475],[17.1221531,48.8408498],[17.1234157,48.8398275],[17.1249177,48.8397353]]},"properties":{"voltage":"22000","name":""}},{"type":"Feature","geometry":{"type":"LineString","coordinates":[[17.150286,48.8626586],[17.1508989,48.8620798],[17.1518826,48.8618302],[17.1533635,48.8614545],[17.1549934,48.8610445],[17.1562626,48.8607253],[17.1574181,48.8619978],[17.1580009,48.8626395],[17.1588421,48.8635657],[17.1596572,48.8644586],[17.1600956,48.8649414]]},"properties":{"voltage":"22000","name":""}},{"type":"Feature","geometry":{"type":"LineString","coordinates":[[17.1196861,48.8783479],[17.1217981,48.878075],[17.1237462,48.8778233],[17.1252334,48.8776358],[17.1266917,48.877452],[17.1281533,48.8772636],[17.1295178,48.8770877],[17.1308651,48.8769141],[17.1322391,48.8767433],[17.1336997,48.8765619],[17.1351192,48.8763931],[17.136667,48.8767193],[17.1381521,48.8770275],[17.1397966,48.8773879],[17.1412328,48.877689]]},"properties":{"voltage":"22000","name":""}},{"type":"Feature","geometry":{"type":"LineString","coordinates":[[17.1411588,48.8775637],[17.1398233,48.8772837],[17.1381948,48.8769423],[17.1366815,48.8766187],[17.1351382,48.8762887],[17.1336612,48.8764689],[17.1322149,48.8766454],[17.1308438,48.8768126],[17.1295006,48.8769828],[17.128115,48.8771584],[17.1266513,48.8773439],[17.1251802,48.8775353],[17.1237302,48.877724],[17.1217683,48.8779792],[17.1196995,48.8782484]]},"properties":{"voltage":"22000","name":""}},{"type":"Feature","geometry":{"type":"LineString","coordinates":[[17.1237527,48.8780235],[17.1196215,48.8785533],[17.118482,48.8781877]]},"properties":{"voltage":"110000","name":""}},{"type":"Feature","geometry":{"type":"LineString","coordinates":[[17.1568326,48.8792362],[17.1550371,48.8796462]]},"properties":{"voltage":"110000","name":""}},{"type":"Feature","geometry":{"type":"LineString","coordinates":[[17.1609331,48.8808417],[17.1602304,48.8817765],[17.1595099,48.8827349],[17.1589175,48.8835397],[17.1581843,48.8845359],[17.1574942,48.8854733],[17.156781,48.886423],[17.1560518,48.887394],[17.1553294,48.8883561],[17.1546294,48.8892881],[17.1539561,48.8901845],[17.1533681,48.8909676],[17.1527597,48.8917776],[17.1521073,48.8926497],[17.1513843,48.8936163],[17.1507169,48.8945084],[17.1500376,48.8954164],[17.1493382,48.8963514],[17.1486827,48.8972435],[17.1480645,48.8980863],[17.1474175,48.8989605],[17.1467264,48.8998681],[17.1460405,48.9007715],[17.1453321,48.9017044],[17.1446263,48.9026487],[17.1439821,48.9035106],[17.1432757,48.9044426],[17.1425981,48.9053434],[17.1419188,48.9062219],[17.1413431,48.906963],[17.1406163,48.9079107],[17.1398776,48.9088907],[17.1392849,48.9096786],[17.1386006,48.910605],[17.1379485,48.9114856],[17.1373524,48.9122702],[17.1367105,48.9131262],[17.1360227,48.9140057],[17.135425,48.914826],[17.1348408,48.915596],[17.1343466,48.91626],[17.1340099,48.9171009],[17.1336741,48.9179395],[17.1333447,48.9187751],[17.1329507,48.9197741],[17.1325602,48.9207489],[17.1321677,48.9217284],[17.1317976,48.9226519],[17.1313737,48.9236952],[17.1309609,48.9247109],[17.1305359,48.9257539],[17.1302233,48.9265366],[17.1296601,48.9279467],[17.1291808,48.9291468],[17.128713,48.9303013],[17.1282162,48.9315276],[17.1283144,48.9327825],[17.1284132,48.9340455],[17.1285024,48.9353387],[17.1285875,48.9365712],[17.1286679,48.9377357],[17.1287451,48.9388986],[17.128819,48.9400113],[17.128911,48.9413613],[17.1289906,48.9425288],[17.1291103,48.9442997],[17.1291926,48.945518],[17.1292813,48.9467515],[17.1293489,48.9476928],[17.1294126,48.9486367],[17.1294615,48.9493598],[17.1295136,48.9501319],[17.1296041,48.9513802],[17.1296936,48.9526154],[17.1297736,48.9537443],[17.1298457,48.9547608],[17.1299195,48.9558013],[17.1299889,48.9568421],[17.1300825,48.9582456],[17.1305542,48.9592481],[17.1310253,48.9602492],[17.1314857,48.9612277],[17.1319552,48.9622255],[17.1324633,48.9633054],[17.1330206,48.9644845],[17.1335011,48.9655011],[17.1340036,48.9665642],[17.1344839,48.9675743],[17.1349879,48.9686342],[17.135481,48.9696712],[17.1359463,48.9706401],[17.1364465,48.9716817],[17.1369516,48.9727334],[17.1369926,48.9739452],[17.137032,48.9751096],[17.1370756,48.9763973],[17.1371228,48.977708],[17.137169,48.9789899],[17.1372112,48.98033],[17.1372394,48.9812274],[17.1372692,48.9821719],[17.1373036,48.9830972],[17.1373499,48.9843408],[17.1373949,48.9855477],[17.1374321,48.9866393],[17.1374752,48.9878985],[17.1375171,48.9891271],[17.13755,48.9900037],[17.1376003,48.9913457],[17.1376533,48.9925481],[17.1376962,48.9935214]]},"properties":{"voltage":"22000","name":""}},{"type":"Feature","geometry":{"type":"LineString","coordinates":[[15.4062116,48.3022786],[15.4057435,48.301422]]},"properties":{"voltage":"20000","name":""}},{"type":"Feature","geometry":{"type":"LineString","coordinates":[[16.8923237,48.9759696],[16.8906991,48.9756991],[16.8892395,48.975456],[16.8878178,48.9760063],[16.8863234,48.9765847],[16.8846612,48.977228],[16.883027,48.9778613],[16.8814991,48.9784533],[16.8798105,48.9791837],[16.8784443,48.9797746],[16.8776536,48.9801307],[16.8765612,48.9806226],[16.875645,48.9813826],[16.8747915,48.9823134],[16.8739557,48.9832249],[16.8734661,48.9838279],[16.8723015,48.9843105],[16.8710237,48.9838004],[16.8694663,48.9831786],[16.8678868,48.9825481]]},"properties":{"voltage":"22000","name":""}},{"type":"Feature","geometry":{"type":"LineString","coordinates":[[16.8677857,48.9825841],[16.8694118,48.9832531],[16.8709994,48.9839062],[16.8723463,48.9844624],[16.8736036,48.984899],[16.8750628,48.985212],[16.8765319,48.9855271],[16.8784676,48.9859423],[16.8800477,48.9867417],[16.8809197,48.9880692],[16.8813958,48.9894718],[16.8817136,48.9904078],[16.8820267,48.9912094]]},"properties":{"voltage":"22000","name":""}},{"type":"Feature","geometry":{"type":"LineString","coordinates":[[16.3843859,48.284021],[16.3846707,48.282752]]},"properties":{"voltage":"400000","name":"400kV-Nordeinspeisung - Marchfeldd\u00fcker"}},{"type":"Feature","geometry":{"type":"LineString","coordinates":[[16.3957995,48.2969951],[16.3953325,48.2962907],[16.3925909,48.2949891],[16.3923034,48.2943173],[16.3925296,48.2938439],[16.3921221,48.2926796],[16.391113,48.2902299],[16.3905774,48.2890837],[16.3895976,48.2870953],[16.3893683,48.2861782],[16.3892173,48.2855794],[16.3890131,48.285268],[16.3889745,48.2852092],[16.3879424,48.2849603],[16.386643,48.2846661],[16.3852136,48.2843686],[16.3843859,48.284021]]},"properties":{"voltage":"400000","name":"400kV-Nordeinspeisung"}},{"type":"Feature","geometry":{"type":"LineString","coordinates":[[16.3778737,48.2061322],[16.3778184,48.2060778],[16.3789931,48.2055499],[16.3792808,48.2055655],[16.3807507,48.2070036],[16.3812034,48.2069157],[16.3813884,48.2071034],[16.3809491,48.2072875],[16.3811727,48.2075902],[16.3814466,48.2078505],[16.3816346,48.2079507],[16.3823974,48.208724],[16.3825503,48.2089578],[16.3830413,48.2107393],[16.3833758,48.2108965],[16.3835157,48.2111596],[16.3835851,48.211427],[16.3832496,48.2114594],[16.3831697,48.2115047],[16.38314,48.2115848],[16.3833011,48.2123032],[16.3832658,48.2125495],[16.3831342,48.2131449],[16.3813212,48.2128846],[16.3812384,48.2129893],[16.3811202,48.2130659],[16.3808626,48.2129061],[16.3800249,48.2126019],[16.3796773,48.2126134],[16.3788724,48.2126766],[16.377957,48.2128849],[16.3775822,48.2129869],[16.3770109,48.2132063],[16.3763884,48.2134953],[16.3761235,48.2136921],[16.3760294,48.2138242],[16.3759539,48.2140286],[16.3758878,48.2144939],[16.3758426,48.2145711],[16.3756798,48.2148335],[16.3751837,48.2155174],[16.3748121,48.2159517],[16.3743848,48.2164397],[16.3738712,48.2169805],[16.3731523,48.2177741],[16.3728381,48.2182072],[16.3724668,48.218493],[16.3708748,48.2194596],[16.369798,48.2203085],[16.3696363,48.2205131],[16.3695954,48.2206618],[16.3695911,48.2208162],[16.3697595,48.2219084],[16.3697096,48.2223673],[16.3714768,48.2231811],[16.3716104,48.2233001]]},"properties":{"voltage":"110000","name":""}},{"type":"Feature","geometry":{"type":"LineString","coordinates":[[16.367702,48.2097096],[16.3672748,48.2093754],[16.3678533,48.2090079],[16.3686136,48.2095918],[16.3698668,48.2101185],[16.3705293,48.2102639],[16.3716802,48.2097134],[16.3736893,48.2087557],[16.374362,48.2085627],[16.3748928,48.2083968],[16.3759211,48.2081265],[16.3764742,48.2079383],[16.3773278,48.2075866],[16.3794923,48.2066153],[16.381832,48.2089072],[16.3819302,48.2091071],[16.3849474,48.2080546],[16.3855485,48.207714],[16.3864915,48.2073931],[16.3869085,48.2074025],[16.3875906,48.2071271],[16.3886608,48.2069],[16.3899805,48.2069162],[16.389559,48.2063587],[16.3891555,48.2059723],[16.3903552,48.2053327]]},"properties":{"voltage":"110000","name":""}},{"type":"Feature","geometry":{"type":"LineString","coordinates":[[16.3677276,48.2097297],[16.3680277,48.209956],[16.3685899,48.2096142],[16.3693708,48.209925],[16.3698426,48.2101359],[16.3705335,48.210287],[16.3729374,48.2091375],[16.3735164,48.2096187],[16.3752043,48.2087814],[16.3758401,48.2085347],[16.3774486,48.2080203],[16.3784276,48.2077667],[16.3786088,48.2082773],[16.3798781,48.207759],[16.3805115,48.2084747],[16.3809943,48.2091758],[16.38105,48.2092362],[16.3842764,48.2081134],[16.3864764,48.2073736],[16.3873358,48.2070632],[16.3885366,48.206807],[16.3888511,48.2067907],[16.3898866,48.2067724],[16.3896752,48.2064871],[16.3896152,48.2064183]]},"properties":{"voltage":"110000","name":""}},{"type":"Feature","geometry":{"type":"LineString","coordinates":[[16.3537267,48.1967059],[16.3539736,48.1966817],[16.3540743,48.1970816],[16.3541146,48.1975766],[16.3541519,48.1976377],[16.3553567,48.1980414],[16.3568666,48.1993428],[16.3572534,48.1992248],[16.3594139,48.2001569],[16.3611229,48.2008942],[16.3610504,48.2009875]]},"properties":{"voltage":"110000","name":""}},{"type":"Feature","geometry":{"type":"LineString","coordinates":[[16.3523994,48.2006269],[16.3506967,48.2001267],[16.3510353,48.1993892],[16.3513648,48.1989424],[16.3512192,48.1986232],[16.3525557,48.1970302],[16.3528264,48.1971437],[16.3531883,48.1967753],[16.3536134,48.1967316]]},"properties":{"voltage":"110000","name":""}},{"type":"Feature","geometry":{"type":"LineString","coordinates":[[16.3497483,48.2078735],[16.3497305,48.2079638],[16.3508909,48.2080724],[16.3513518,48.2063438],[16.3515269,48.2062163],[16.3515051,48.2042766],[16.351348,48.2040521],[16.3517591,48.2021605],[16.3523994,48.2006269],[16.3529485,48.199409],[16.3530063,48.1992971],[16.354416,48.198046],[16.3539945,48.1975174],[16.3539851,48.1972475],[16.3538672,48.196729],[16.3537312,48.1967376]]},"properties":{"voltage":"110000","name":""}},{"type":"Feature","geometry":{"type":"LineString","coordinates":[[16.4317047,48.1823846],[16.4317898,48.1825126],[16.4319147,48.1824762],[16.4321779,48.1828633],[16.4302422,48.1834276],[16.4280234,48.1840207],[16.4285051,48.1847054],[16.4286615,48.1849297],[16.4286895,48.1849787],[16.4287032,48.1850121],[16.4286367,48.1850858],[16.4285411,48.1850702],[16.4284394,48.1850608],[16.4283565,48.1850605],[16.4282962,48.1850626],[16.4279085,48.1851068],[16.4272781,48.1852037],[16.4271161,48.1852344],[16.4263812,48.1853917],[16.4247201,48.1857517],[16.4236083,48.1860045],[16.4225734,48.1862293],[16.421949,48.1864179],[16.4213268,48.186666],[16.4209455,48.186867],[16.4204702,48.1871309],[16.4198243,48.1855463],[16.4181809,48.1858175],[16.4176096,48.1859426],[16.4158789,48.1864572],[16.4150129,48.1855718],[16.4127742,48.1859775],[16.4136128,48.1876209],[16.4047259,48.1932398],[16.3988368,48.1956207],[16.3977958,48.1957814],[16.3968614,48.1962505],[16.3960607,48.1967726],[16.3960171,48.1968674],[16.3956986,48.196824],[16.3938808,48.1967029],[16.3922486,48.1966519],[16.3869164,48.1966439],[16.3871115,48.1973541],[16.387243,48.1982722],[16.3854378,48.1983759],[16.3792822,48.1981247],[16.3781422,48.1985144],[16.3774616,48.19808],[16.3772055,48.1982235],[16.3770604,48.198326],[16.3748914,48.1978547],[16.3720114,48.1968888],[16.371436,48.1978458],[16.3708346,48.1977689],[16.3696678,48.1978958],[16.3661689,48.1985108],[16.3655452,48.198729],[16.3650477,48.1990642],[16.3637964,48.1984054],[16.3634142,48.1987274],[16.362648,48.1983778],[16.3614144,48.1996025],[16.3605262,48.1996321],[16.356433,48.1982024],[16.3541532,48.1976177],[16.3538447,48.1975366],[16.3529405,48.1971394],[16.3527693,48.1970703],[16.3523174,48.1968898],[16.3516917,48.1971147],[16.3511572,48.1969257],[16.350164,48.1981628],[16.3499333,48.1984473],[16.3496365,48.1989431],[16.3494393,48.1993779],[16.3470768,48.1991027],[16.3452709,48.1986188],[16.3434696,48.1983021],[16.339413,48.1976625],[16.3391567,48.1983109],[16.3385025,48.1999713],[16.3380732,48.2011571],[16.337992,48.2015217],[16.3378353,48.2021681],[16.337761,48.2027282],[16.3359798,48.2026575],[16.334066,48.2025774],[16.3327266,48.2026839],[16.3313442,48.2028817],[16.3256263,48.2039537],[16.3174649,48.2052397],[16.3167526,48.2053605],[16.3137291,48.2056366],[16.3136266,48.2053263],[16.3127151,48.2053953],[16.3115725,48.2050324]]},"properties":{"voltage":"380000","name":"Wien Kendlerstra\u00dfe - Wien Simmering"}},{"type":"Feature","geometry":{"type":"LineString","coordinates":[[16.3721515,48.223739],[16.3726585,48.2243382],[16.3731214,48.2247072],[16.3733292,48.2245607],[16.3737059,48.2248026],[16.3744518,48.2244454],[16.3768219,48.226546],[16.3814628,48.2262612],[16.3822564,48.2265893],[16.3832333,48.2253246],[16.3880081,48.2278367],[16.3881958,48.2281097],[16.3881786,48.2282046],[16.3879672,48.2293685],[16.3868786,48.2305118],[16.3925931,48.2335324]]},"properties":{"voltage":"110000","name":""}},{"type":"Feature","geometry":{"type":"LineString","coordinates":[[16.3493181,48.2222841],[16.3500171,48.2220999],[16.3511595,48.221865],[16.3517947,48.2231187],[16.3518298,48.2231879],[16.3526137,48.2246807],[16.3540421,48.2245024],[16.3543395,48.2248021],[16.3559499,48.2250235],[16.3574459,48.2249341],[16.3586644,48.2249986],[16.3597603,48.2252206],[16.360499,48.2253702],[16.3621996,48.2259884],[16.3625771,48.2261063],[16.3661619,48.227739],[16.3653578,48.2284755],[16.3663928,48.2289071],[16.3654699,48.2299997],[16.3706285,48.2315812],[16.3703023,48.2329031],[16.3701942,48.2339116],[16.3702811,48.2353123],[16.3704251,48.2360906],[16.3830276,48.2420287],[16.3805649,48.2443164],[16.3815703,48.2447792],[16.3816993,48.2455439],[16.3818542,48.2458749],[16.3818659,48.2460357],[16.3828511,48.2465087],[16.3905692,48.2499951],[16.3854527,48.2555576],[16.3880951,48.2563669],[16.3900155,48.2565207],[16.3905728,48.2567729],[16.3899683,48.2574618]]},"properties":{"voltage":"110000","name":""}},{"type":"Feature","geometry":{"type":"LineString","coordinates":[[16.3628201,48.2442948],[16.3637766,48.244284],[16.3647358,48.2452331],[16.3661792,48.245051],[16.3669729,48.2449151],[16.3696487,48.2477105],[16.3701816,48.2484211],[16.3702795,48.2485702],[16.3709044,48.2495223],[16.3718335,48.2507381],[16.372729,48.2515237],[16.3741614,48.2524917],[16.3750054,48.2529143],[16.375326,48.2525447]]},"properties":{"voltage":"110000","name":""}},{"type":"Feature","geometry":{"type":"LineString","coordinates":[[16.3621996,48.2259884],[16.3619821,48.2267014],[16.3624048,48.2274508],[16.3626266,48.2279569],[16.3626636,48.2282915],[16.362658,48.2286777],[16.3626316,48.2287663],[16.3616653,48.2305188],[16.3606361,48.2325202],[16.360352,48.234137],[16.3605343,48.2354517],[16.3605611,48.2363482],[16.3607573,48.2368148],[16.3615049,48.2376126],[16.3624116,48.2389884],[16.3655918,48.2433076],[16.3636632,48.2438333],[16.3637514,48.2442228],[16.3628217,48.2442368]]},"properties":{"voltage":"110000","name":""}},{"type":"Feature","geometry":{"type":"LineString","coordinates":[[15.103934,48.8549638],[15.1038701,48.8549212],[15.1035735,48.8547219]]},"properties":{"voltage":"110000","name":""}},{"type":"Feature","geometry":{"type":"LineString","coordinates":[[15.1037738,48.8550688],[15.103707,48.8550245],[15.1034118,48.8548265]]},"properties":{"voltage":"110000","name":""}},{"type":"Feature","geometry":{"type":"LineString","coordinates":[[15.2756141,48.8071731],[15.2756654,48.8071382],[15.2757289,48.8070949],[15.2758604,48.8070053],[15.2759059,48.8069743]]},"properties":{"voltage":"110000","name":""}},{"type":"Feature","geometry":{"type":"LineString","coordinates":[[15.2754331,48.8070512],[15.275486,48.8070168],[15.2755508,48.8069746],[15.2756854,48.8068869],[15.2757312,48.8068571]]},"properties":{"voltage":"110000","name":""}},{"type":"Feature","geometry":{"type":"LineString","coordinates":[[15.2753482,48.806994],[15.2754014,48.8069595],[15.2754635,48.8069193],[15.2756468,48.8068004]]},"properties":{"voltage":"110000","name":""}},{"type":"Feature","geometry":{"type":"LineString","coordinates":[[15.27527,48.8069413],[15.2753237,48.8069069],[15.2753881,48.8068656],[15.2755702,48.806749]]},"properties":{"voltage":"110000","name":""}},{"type":"Feature","geometry":{"type":"LineString","coordinates":[[15.2758235,48.806919],[15.2756466,48.8070358],[15.2755795,48.8070801],[15.2755272,48.8071146]]},"properties":{"voltage":"110000","name":""}},{"type":"Feature","geometry":{"type":"LineString","coordinates":[[15.2760687,48.807411],[15.2762725,48.8072798],[15.2763155,48.8072521]]},"properties":{"voltage":"110000","name":""}},{"type":"Feature","geometry":{"type":"LineString","coordinates":[[15.276215,48.80751],[15.2760687,48.807411],[15.2756654,48.8071382],[15.2755795,48.8070801],[15.275486,48.8070168],[15.2754014,48.8069595],[15.2753237,48.8069069],[15.2753057,48.8068948]]},"properties":{"voltage":"110000","name":""}},{"type":"Feature","geometry":{"type":"LineString","coordinates":[[15.2763155,48.8072521],[15.2765508,48.8069999]]},"properties":{"voltage":"110000;20000","name":"Eggenburg - Waidhofen an der Thaya;Waidhofen an der Thaya - Japons"}},{"type":"Feature","geometry":{"type":"LineString","coordinates":[[15.2762219,48.8071888],[15.2765508,48.8069999]]},"properties":{"voltage":"110000;20000","name":"Eggenburg - Waidhofen an der Thaya;Waidhofen an der Thaya - Japons"}},{"type":"Feature","geometry":{"type":"LineString","coordinates":[[15.2756468,48.8068004],[15.2758746,48.8065946]]},"properties":{"voltage":"110000","name":"Horn - Waidhofen an der Thaya"}},{"type":"Feature","geometry":{"type":"LineString","coordinates":[[15.2758746,48.8065946],[15.2755702,48.806749]]},"properties":{"voltage":"110000","name":"Horn - Waidhofen an der Thaya"}},{"type":"Feature","geometry":{"type":"LineString","coordinates":[[15.1795605,48.5987258],[15.1797277,48.5986745],[15.1798379,48.5986407]]},"properties":{"voltage":"110000","name":""}},{"type":"Feature","geometry":{"type":"LineString","coordinates":[[15.1797723,48.5988395],[15.1798306,48.5988218],[15.1799404,48.5987883]]},"properties":{"voltage":"110000","name":""}},{"type":"Feature","geometry":{"type":"LineString","coordinates":[[15.1798353,48.5989312],[15.1796675,48.598979],[15.1795401,48.5989806]]},"properties":{"voltage":"110000","name":""}},{"type":"Feature","geometry":{"type":"LineString","coordinates":[[15.1797741,48.59904],[15.1797205,48.5990548],[15.1795717,48.5990673]]},"properties":{"voltage":"110000","name":""}},{"type":"Feature","geometry":{"type":"LineString","coordinates":[[15.1799374,48.5990796],[15.1799935,48.5990606],[15.1800565,48.5990406],[15.1800001,48.5989648]]},"properties":{"voltage":"110000","name":""}},{"type":"Feature","geometry":{"type":"LineString","coordinates":[[15.1798731,48.5991856],[15.1800437,48.599135],[15.1801061,48.5991164],[15.1801591,48.5992051]]},"properties":{"voltage":"110000","name":""}},{"type":"Feature","geometry":{"type":"LineString","coordinates":[[15.1782813,48.5989419],[15.1795717,48.5990673]]},"properties":{"voltage":"110000","name":"Zwettl - Gro\u00df Gerungs"}},{"type":"Feature","geometry":{"type":"LineString","coordinates":[[15.1782813,48.5989419],[15.1795401,48.5989806]]},"properties":{"voltage":"110000","name":"Zwettl - Gro\u00df Gerungs"}},{"type":"Feature","geometry":{"type":"LineString","coordinates":[[15.1814488,48.5987423],[15.1798925,48.5987193]]},"properties":{"voltage":"110000","name":"Ottenstein - Zwettl"}},{"type":"Feature","geometry":{"type":"LineString","coordinates":[[15.1814488,48.5987423],[15.1799404,48.5987883]]},"properties":{"voltage":"110000","name":"Ottenstein - Zwettl"}},{"type":"Feature","geometry":{"type":"LineString","coordinates":[[15.1800115,48.5991874],[15.1799374,48.5990796],[15.1798353,48.5989312],[15.1797723,48.5988395],[15.1795428,48.5985058]]},"properties":{"voltage":"110000","name":""}},{"type":"Feature","geometry":{"type":"LineString","coordinates":[[15.1798975,48.5992215],[15.1798731,48.5991856],[15.1797741,48.59904],[15.1795605,48.5987258],[15.1794342,48.59854]]},"properties":{"voltage":"110000","name":""}},{"type":"Feature","geometry":{"type":"LineString","coordinates":[[15.241186,48.4738095],[15.2412578,48.4737593],[15.2412985,48.4737292]]},"properties":{"voltage":"110000","name":""}},{"type":"Feature","geometry":{"type":"LineString","coordinates":[[15.2414605,48.4736097],[15.2415398,48.4736522],[15.2416333,48.4737024]]},"properties":{"voltage":"110000","name":""}},{"type":"Feature","geometry":{"type":"LineString","coordinates":[[15.2413342,48.4737028],[15.2414204,48.4737487],[15.2415079,48.4737953]]},"properties":{"voltage":"110000","name":""}},{"type":"Feature","geometry":{"type":"LineString","coordinates":[[15.2416299,48.4734645],[15.2415602,48.4735361],[15.241514,48.4735702]]},"properties":{"voltage":"110000","name":""}},{"type":"Feature","geometry":{"type":"LineString","coordinates":[[15.2412985,48.4737292],[15.2413342,48.4737028],[15.2414605,48.4736097],[15.241514,48.4735702]]},"properties":{"voltage":"110000","name":""}},{"type":"Feature","geometry":{"type":"LineString","coordinates":[[15.4429906,48.5898483],[15.4428948,48.5898418],[15.4428216,48.5898367],[15.4427123,48.5898293]]},"properties":{"voltage":"110000","name":""}},{"type":"Feature","geometry":{"type":"LineString","coordinates":[[15.4427243,48.5897221],[15.4428449,48.589728],[15.4429085,48.5897311],[15.443007,48.5897359],[15.4431339,48.5897421],[15.4432824,48.5897493]]},"properties":{"voltage":"110000","name":""}},{"type":"Feature","geometry":{"type":"LineString","coordinates":[[15.5425983,48.7774498],[15.5426294,48.7774802]]},"properties":{"voltage":"110000","name":""}},{"type":"Feature","geometry":{"type":"LineString","coordinates":[[15.5428262,48.7774368],[15.5426542,48.7774245],[15.5425983,48.7774498],[15.5425175,48.7774863],[15.5423927,48.7775456]]},"properties":{"voltage":"110000","name":""}},{"type":"Feature","geometry":{"type":"LineString","coordinates":[[15.5390717,48.7779194],[15.5428462,48.7773567]]},"properties":{"voltage":"110000;20000","name":"Eggenburg - Waidhofen an der Thaya;Waidhofen an der Thaya - Japons"}},{"type":"Feature","geometry":{"type":"LineString","coordinates":[[15.5390717,48.7779194],[15.5428262,48.7774368],[15.5428826,48.7774295]]},"properties":{"voltage":"110000;20000","name":"Eggenburg - Waidhofen an der Thaya;Waidhofen an der Thaya - Japons"}},{"type":"Feature","geometry":{"type":"LineString","coordinates":[[15.5428826,48.7774295],[15.5458701,48.7763492]]},"properties":{"voltage":"110000","name":"Eggenburg - Waidhofen an der Thaya"}},{"type":"Feature","geometry":{"type":"LineString","coordinates":[[15.5428462,48.7773567],[15.5458701,48.7763492]]},"properties":{"voltage":"110000","name":"Eggenburg - Waidhofen an der Thaya"}},{"type":"Feature","geometry":{"type":"LineString","coordinates":[[15.6330159,48.6476927],[15.6327463,48.6477125],[15.6326424,48.6477201]]},"properties":{"voltage":"110000","name":""}},{"type":"Feature","geometry":{"type":"LineString","coordinates":[[15.6330594,48.6479457],[15.6327921,48.6479634],[15.632688,48.6479702]]},"properties":{"voltage":"110000","name":""}},{"type":"Feature","geometry":{"type":"LineString","coordinates":[[15.6327615,48.6477954],[15.6326576,48.6478036],[15.6324639,48.6478189]]},"properties":{"voltage":"110000","name":""}},{"type":"Feature","geometry":{"type":"LineString","coordinates":[[15.6327774,48.6478828],[15.6326735,48.6478906],[15.632478,48.6479053]]},"properties":{"voltage":"110000","name":""}},{"type":"Feature","geometry":{"type":"LineString","coordinates":[[15.6325934,48.6474515],[15.6326975,48.6474446],[15.6328859,48.6474318]]},"properties":{"voltage":"110000","name":""}},{"type":"Feature","geometry":{"type":"LineString","coordinates":[[15.6325782,48.6473679],[15.6326821,48.6473604],[15.6328731,48.6473482]]},"properties":{"voltage":"110000","name":""}},{"type":"Feature","geometry":{"type":"LineString","coordinates":[[15.6327131,48.6475304],[15.6326093,48.6475387],[15.632408,48.6475547]]},"properties":{"voltage":"110000","name":""}},{"type":"Feature","geometry":{"type":"LineString","coordinates":[[15.6327289,48.6476169],[15.6326249,48.6476241],[15.6324181,48.6476384]]},"properties":{"voltage":"110000","name":""}},{"type":"Feature","geometry":{"type":"LineString","coordinates":[[15.6325672,48.6473079],[15.6325686,48.6473153],[15.6325782,48.6473679],[15.6325934,48.6474515],[15.6326093,48.6475387],[15.6326249,48.6476241],[15.6326424,48.6477201],[15.6326576,48.6478036],[15.6326735,48.6478906],[15.632688,48.6479702],[15.6326948,48.6480073],[15.6327088,48.6480843],[15.6327612,48.6480801],[15.6328126,48.648076],[15.6327989,48.6480004],[15.6327921,48.6479634],[15.6327774,48.6478828],[15.6327615,48.6477954],[15.6327463,48.6477125],[15.6327289,48.6476169],[15.6327131,48.6475304],[15.6326975,48.6474446],[15.6326821,48.6473604],[15.6326724,48.6473073],[15.6326712,48.6473006]]},"properties":{"voltage":"110000","name":""}},{"type":"Feature","geometry":{"type":"LineString","coordinates":[[15.6328724,48.6473436],[15.6342138,48.6473898]]},"properties":{"voltage":"110000","name":"Horn - Eggenburg"}},{"type":"Feature","geometry":{"type":"LineString","coordinates":[[15.6328864,48.6474349],[15.6342138,48.6473898]]},"properties":{"voltage":"110000","name":"Horn - Eggenburg"}},{"type":"Feature","geometry":{"type":"LineString","coordinates":[[15.8323492,48.6633011],[15.8321308,48.6633075],[15.8320082,48.6633111],[15.8319251,48.6633135],[15.8317407,48.6633189]]},"properties":{"voltage":"110000","name":""}},{"type":"Feature","geometry":{"type":"LineString","coordinates":[[15.8323003,48.6623754],[15.8320821,48.6623818],[15.8319592,48.6623854],[15.8318756,48.6623879],[15.8316934,48.6623933]]},"properties":{"voltage":"110000","name":""}},{"type":"Feature","geometry":{"type":"LineString","coordinates":[[15.8319635,48.662467],[15.8320864,48.6624652],[15.8323049,48.662462],[15.8324703,48.6624595],[15.8325762,48.6624579]]},"properties":{"voltage":"110000","name":""}},{"type":"Feature","geometry":{"type":"LineString","coordinates":[[15.8323096,48.6625522],[15.8320914,48.6625583],[15.8319685,48.6625618],[15.8317776,48.6625672],[15.8316896,48.6625697]]},"properties":{"voltage":"110000","name":""}},{"type":"Feature","geometry":{"type":"LineString","coordinates":[[15.8319731,48.6626481],[15.832096,48.6626464],[15.8323145,48.6626434],[15.832481,48.662641],[15.832589,48.6626395]]},"properties":{"voltage":"110000","name":""}},{"type":"Feature","geometry":{"type":"LineString","coordinates":[[15.8319912,48.6629899],[15.8321139,48.6629874],[15.8323324,48.662983],[15.8324971,48.6629797],[15.8326071,48.6629775]]},"properties":{"voltage":"110000","name":""}},{"type":"Feature","geometry":{"type":"LineString","coordinates":[[15.8317106,48.6630892],[15.8318078,48.6630869],[15.8319961,48.6630825],[15.8321188,48.6630797],[15.8323372,48.6630746]]},"properties":{"voltage":"110000","name":""}},{"type":"Feature","geometry":{"type":"LineString","coordinates":[[15.8320031,48.6632158],[15.8321258,48.6632135],[15.8323443,48.6632094],[15.8325085,48.6632063],[15.8326178,48.6632042]]},"properties":{"voltage":"110000","name":""}},{"type":"Feature","geometry":{"type":"LineString","coordinates":[[15.8328505,48.6635346],[15.8328438,48.6633769],[15.8325253,48.6633842],[15.8323538,48.6633882],[15.8321353,48.6633932],[15.8320127,48.663396]]},"properties":{"voltage":"110000","name":""}},{"type":"Feature","geometry":{"type":"LineString","coordinates":[[15.8326332,48.6635408],[15.8326312,48.6634726],[15.832528,48.6634749],[15.8323585,48.6634788],[15.8321401,48.6634837],[15.8320175,48.6634865]]},"properties":{"voltage":"110000","name":""}},{"type":"Feature","geometry":{"type":"LineString","coordinates":[[15.8324255,48.6646113],[15.8328505,48.6635346]]},"properties":{"voltage":"110000","name":"Eggenburg - Waidhofen an der Thaya"}},{"type":"Feature","geometry":{"type":"LineString","coordinates":[[15.8324255,48.6646113],[15.8326332,48.6635408]]},"properties":{"voltage":"110000","name":"Eggenburg - Waidhofen an der Thaya"}},{"type":"Feature","geometry":{"type":"LineString","coordinates":[[15.8326178,48.6632042],[15.8336536,48.6633366]]},"properties":{"voltage":"110000","name":"Peigarten - Eggenburg"}},{"type":"Feature","geometry":{"type":"LineString","coordinates":[[15.8326071,48.6629775],[15.8336536,48.6633366]]},"properties":{"voltage":"110000","name":"Peigarten - Eggenburg"}},{"type":"Feature","geometry":{"type":"LineString","coordinates":[[15.831985,48.6628734],[15.8324582,48.6628623],[15.8324566,48.6628198],[15.8324542,48.662756],[15.8319793,48.6627657]]},"properties":{"voltage":"110000","name":""}},{"type":"Feature","geometry":{"type":"LineString","coordinates":[[15.832589,48.6626395],[15.8342142,48.662447]]},"properties":{"voltage":"110000","name":"D\u00fcrnrohr - Eggenburg"}},{"type":"Feature","geometry":{"type":"LineString","coordinates":[[15.8325762,48.6624579],[15.8342142,48.662447]]},"properties":{"voltage":"110000","name":"D\u00fcrnrohr - Eggenburg"}},{"type":"Feature","geometry":{"type":"LineString","coordinates":[[15.8323606,48.6635187],[15.8323585,48.6634788],[15.8323538,48.6633882],[15.8323492,48.6633011],[15.8323443,48.6632094],[15.8323372,48.6630746],[15.8323324,48.662983],[15.8323145,48.6626434],[15.8323096,48.6625522],[15.8323049,48.662462],[15.8323003,48.6623754],[15.8322973,48.662318]]},"properties":{"voltage":"110000","name":""}},{"type":"Feature","geometry":{"type":"LineString","coordinates":[[15.8321424,48.663528],[15.8321401,48.6634837],[15.8321353,48.6633932],[15.8321308,48.6633075],[15.8321258,48.6632135],[15.8321188,48.6630797],[15.8321139,48.6629874],[15.832096,48.6626464],[15.8320914,48.6625583],[15.8320864,48.6624652],[15.8320821,48.6623818],[15.832079,48.662324]]},"properties":{"voltage":"110000","name":""}},{"type":"Feature","geometry":{"type":"LineString","coordinates":[[15.8320197,48.663528],[15.8320175,48.6634865],[15.8320127,48.663396],[15.8320082,48.6633111],[15.8320031,48.6632158],[15.8319961,48.6630825],[15.8319912,48.6629899],[15.831985,48.6628734],[15.8319793,48.6627657],[15.8319731,48.6626481],[15.8319685,48.6625618],[15.8319635,48.662467],[15.8319592,48.6623854],[15.831956,48.6623251]]},"properties":{"voltage":"110000","name":""}},{"type":"Feature","geometry":{"type":"LineString","coordinates":[[15.6328731,48.6473482],[15.6328724,48.6473436]]},"properties":{"voltage":"110000","name":""}},{"type":"Feature","geometry":{"type":"LineString","coordinates":[[15.6328859,48.6474318],[15.6328864,48.6474349]]},"properties":{"voltage":"110000","name":""}},{"type":"Feature","geometry":{"type":"LineString","coordinates":[[15.632478,48.6479053],[15.6324793,48.6479132]]},"properties":{"voltage":"110000","name":""}},{"type":"Feature","geometry":{"type":"LineString","coordinates":[[15.6324639,48.6478189],[15.6324642,48.6478205]]},"properties":{"voltage":"110000","name":""}},{"type":"Feature","geometry":{"type":"LineString","coordinates":[[15.6324198,48.6476529],[15.6324181,48.6476384]]},"properties":{"voltage":"110000","name":""}},{"type":"Feature","geometry":{"type":"LineString","coordinates":[[15.632408,48.6475547],[15.6324079,48.6475539]]},"properties":{"voltage":"110000","name":""}},{"type":"Feature","geometry":{"type":"LineString","coordinates":[[16.4079829,48.2231072],[16.4072571,48.2226994]]},"properties":{"voltage":"110000","name":""}},{"type":"Feature","geometry":{"type":"LineString","coordinates":[[16.375326,48.2525447],[16.3777107,48.2499144],[16.3768474,48.2495256],[16.3803051,48.2459137],[16.3811893,48.2462935],[16.3814766,48.2460028],[16.3818659,48.2460357]]},"properties":{"voltage":"110000","name":""}},{"type":"Feature","geometry":{"type":"LineString","coordinates":[[16.375326,48.2525447],[16.3760483,48.2528315],[16.3802831,48.2545103],[16.3816889,48.254774],[16.3827452,48.2550405],[16.3847457,48.2558248],[16.3850907,48.2559933],[16.3853569,48.2556996],[16.3879779,48.2564576],[16.3899541,48.2566003],[16.3903926,48.2567927],[16.3898461,48.2574203]]},"properties":{"voltage":"110000","name":""}},{"type":"Feature","geometry":{"type":"LineString","coordinates":[[16.4072571,48.2226994],[16.4064022,48.2222188],[16.4093312,48.2200064],[16.406252,48.2181871],[16.4056995,48.2161998],[16.4050853,48.2155555],[16.4043182,48.2149031],[16.4042913,48.2146708],[16.4031916,48.2137021],[16.4030951,48.2129872],[16.4023092,48.2119416],[16.4068846,48.2094989],[16.4078319,48.2089907]]},"properties":{"voltage":"110000","name":""}},{"type":"Feature","geometry":{"type":"LineString","coordinates":[[16.4078319,48.2089907],[16.407877,48.2086618]]},"properties":{"voltage":"110000","name":""}},{"type":"Feature","geometry":{"type":"LineString","coordinates":[[16.3831342,48.2131449],[16.3874577,48.2138417],[16.3887002,48.2139878],[16.3896342,48.2140144],[16.3904939,48.2139807],[16.39121,48.2139397],[16.3917372,48.2141134],[16.3936658,48.2143669],[16.3953825,48.2146449],[16.3959164,48.2143209],[16.396962,48.2143574],[16.3972961,48.2142055],[16.4018098,48.2117646],[16.4022475,48.2115281],[16.4033219,48.2109136],[16.4066202,48.2092419],[16.4074727,48.2087082],[16.407877,48.2086618]]},"properties":{"voltage":"110000","name":""}},{"type":"Feature","geometry":{"type":"LineString","coordinates":[[16.4078319,48.2089907],[16.4100098,48.2108818],[16.4080142,48.2119113],[16.4084008,48.2122829],[16.4079821,48.212637],[16.4042913,48.2146708]]},"properties":{"voltage":"110000","name":""}},{"type":"Feature","geometry":{"type":"LineString","coordinates":[[16.407877,48.2086618],[16.409989,48.2074874],[16.4120184,48.2064276],[16.4137379,48.2055172],[16.4160013,48.2043184],[16.4165082,48.2041196],[16.4171342,48.203794],[16.4306225,48.1967064],[16.4326216,48.1956451],[16.4335647,48.1951293],[16.4355884,48.1940465],[16.438307,48.1926165],[16.4384852,48.1923847],[16.4387174,48.1918226],[16.4389439,48.1914171],[16.4390096,48.191199],[16.4391494,48.1910001],[16.4392054,48.1909227],[16.4389436,48.19083],[16.4386283,48.1906351],[16.4384101,48.1904779],[16.4382586,48.1903434],[16.4377666,48.1898347],[16.4376323,48.1896684],[16.4374928,48.1895396],[16.4370326,48.1890825],[16.436383,48.1884642],[16.4361461,48.1882382],[16.4355817,48.1876173],[16.4353866,48.1874448],[16.4352263,48.187325],[16.4350466,48.187198],[16.4345129,48.1869646],[16.4335017,48.1866168],[16.4330558,48.1867295],[16.4330238,48.1866781],[16.4317035,48.1869919],[16.4309186,48.1857685]]},"properties":{"voltage":"110000","name":""}},{"type":"Feature","geometry":{"type":"LineString","coordinates":[[16.3908488,48.2057364],[16.3903552,48.2053327],[16.3901942,48.2052534],[16.3897357,48.2048833],[16.3896832,48.2047634],[16.3909368,48.2040914],[16.3919606,48.2037276],[16.3921466,48.2039463],[16.3921518,48.2042096],[16.3927686,48.204697],[16.3938555,48.204007],[16.3948507,48.2034035],[16.3956101,48.2030457],[16.3949956,48.2024597],[16.3955359,48.2022504],[16.3961536,48.2018443],[16.3966294,48.2015297],[16.3983316,48.2002657],[16.399629,48.1989474],[16.4010734,48.1979464],[16.4036009,48.1969441],[16.4048545,48.1966009],[16.4066692,48.1962291],[16.40889,48.1945484],[16.4087858,48.1944792],[16.4080746,48.1940583],[16.407833,48.1938973],[16.4092291,48.192854],[16.4090241,48.1927103],[16.4116976,48.1910732],[16.4128225,48.1918156],[16.4131872,48.1916059],[16.4145672,48.1907628],[16.4206312,48.1872925],[16.4213906,48.1868771],[16.4216995,48.1867337],[16.4220492,48.1866024],[16.4226448,48.1863999],[16.4250767,48.1858709],[16.4275294,48.1853561],[16.4283287,48.1852526],[16.4285132,48.185263],[16.4288067,48.1853438],[16.4294321,48.1857976],[16.4299779,48.1860763],[16.4309186,48.1857685]]},"properties":{"voltage":"110000","name":""}},{"type":"Feature","geometry":{"type":"LineString","coordinates":[[16.3778406,48.2061462],[16.3776967,48.2060038],[16.3785006,48.2056338],[16.3763206,48.203504],[16.3798144,48.2019533],[16.3803289,48.2017249],[16.3808041,48.201399],[16.3819681,48.2016789],[16.382829,48.2021024],[16.3839325,48.2026764],[16.3843915,48.2028676],[16.3842543,48.203373],[16.3853045,48.2035717],[16.3856912,48.2037654],[16.3862251,48.2036199],[16.3873998,48.2049222],[16.3876152,48.2051083],[16.3879909,48.2056306],[16.3893791,48.2048954],[16.389501,48.204996],[16.3897357,48.2048833]]},"properties":{"voltage":"110000","name":""}},{"type":"Feature","geometry":{"type":"LineString","coordinates":[[16.4495019,48.2311329],[16.4504601,48.2306213],[16.4518404,48.229911],[16.4538856,48.2291321],[16.4556015,48.228603],[16.4562348,48.2284745],[16.4576451,48.2279885],[16.4582422,48.2278809],[16.4590458,48.2275843],[16.4589216,48.2274198]]},"properties":{"voltage":"110000","name":""}},{"type":"Feature","geometry":{"type":"LineString","coordinates":[[16.3900897,48.2577442],[16.3905886,48.2579193],[16.3933452,48.2547792],[16.3940567,48.2539529],[16.394274,48.2533993],[16.3943517,48.2532707],[16.3945261,48.2531885],[16.3978869,48.2521206],[16.3983726,48.2519097],[16.3999214,48.2511046],[16.4010655,48.2508185],[16.4017574,48.2507863],[16.4023584,48.2507688],[16.4040493,48.2504174],[16.4053894,48.2501561],[16.4083713,48.2495421],[16.4100768,48.2491553],[16.4106501,48.2489943],[16.4128087,48.24815],[16.4207516,48.2448167],[16.4226253,48.2439914],[16.4237323,48.2434459],[16.4242819,48.2430489],[16.4247056,48.2426318],[16.4249601,48.242364],[16.4253547,48.2418483],[16.4257107,48.2414864],[16.4276634,48.2398879],[16.4285377,48.24037],[16.4288049,48.2402037],[16.4298261,48.2394658],[16.4302342,48.2391339],[16.4308593,48.2388874],[16.4339168,48.2376114],[16.4358929,48.2367946],[16.4369407,48.2363615],[16.4451232,48.2329778],[16.4465691,48.2323683],[16.4495019,48.2311329]]},"properties":{"voltage":"110000","name":""}},{"type":"Feature","geometry":{"type":"LineString","coordinates":[[16.3731214,48.2247072],[16.3735827,48.22511],[16.3740065,48.2264216],[16.3767692,48.2290554],[16.3766136,48.2293163],[16.3792797,48.230231],[16.3757446,48.2349764],[16.375868,48.2351407],[16.3781049,48.2362091],[16.3792529,48.2355016],[16.3817313,48.2367522],[16.3816186,48.2374132],[16.3816195,48.2378733],[16.3863853,48.2401377],[16.3852405,48.2412193],[16.3851032,48.2413745],[16.3865807,48.2419748],[16.3862302,48.2423326],[16.3865039,48.2424615]]},"properties":{"voltage":"110000","name":""}},{"type":"Feature","geometry":{"type":"LineString","coordinates":[[16.4035659,48.2229051],[16.4021744,48.2239938],[16.4023937,48.224122],[16.4020128,48.2244213],[16.4017647,48.2243016],[16.4004236,48.2254434],[16.4015287,48.2260491],[16.3925931,48.2335324],[16.387159,48.2381904],[16.3854807,48.2397499],[16.3830276,48.2420287],[16.3839628,48.2424688],[16.3815703,48.2447792]]},"properties":{"voltage":"110000","name":""}},{"type":"Feature","geometry":{"type":"LineString","coordinates":[[16.4050853,48.2155555],[16.401074,48.217684],[16.4010593,48.2196168],[16.4002278,48.2211465],[16.4035659,48.2229051],[16.4055602,48.2239557],[16.4072571,48.2226994]]},"properties":{"voltage":"110000","name":""}},{"type":"Feature","geometry":{"type":"LineString","coordinates":[[16.4100098,48.2108818],[16.4108954,48.2103941],[16.4107452,48.2102779]]},"properties":{"voltage":"110000","name":""}},{"type":"Feature","geometry":{"type":"LineString","coordinates":[[16.4330046,48.18665],[16.4330238,48.1866781]]},"properties":{"voltage":"110000","name":""}},{"type":"Feature","geometry":{"type":"LineString","coordinates":[[16.4269525,48.179374],[16.4249402,48.1763758],[16.4236674,48.1767158],[16.421974,48.1744586],[16.4204651,48.1744983],[16.4180473,48.1745326],[16.4165001,48.1743324],[16.4163519,48.1742688]]},"properties":{"voltage":"110000","name":""}},{"type":"Feature","geometry":{"type":"LineString","coordinates":[[16.4269525,48.179374],[16.4252713,48.1798504],[16.4248162,48.1799793],[16.4206352,48.1792096],[16.4188638,48.1789419],[16.4176592,48.1789097],[16.4151543,48.1782838],[16.4128476,48.1777832]]},"properties":{"voltage":"110000","name":""}},{"type":"Feature","geometry":{"type":"LineString","coordinates":[[16.4309186,48.1857685],[16.431075,48.1856075],[16.4294981,48.1831667],[16.4300415,48.1830097]]},"properties":{"voltage":"110000","name":""}},{"type":"Feature","geometry":{"type":"LineString","coordinates":[[16.4300038,48.1829435],[16.429456,48.183104],[16.4269525,48.179374]]},"properties":{"voltage":"110000","name":""}},{"type":"Feature","geometry":{"type":"LineString","coordinates":[[16.4322606,48.1854991],[16.4322449,48.1850211],[16.4308958,48.1828773]]},"properties":{"voltage":"110000","name":""}},{"type":"Feature","geometry":{"type":"LineString","coordinates":[[16.4643344,48.1995916],[16.4644879,48.199693],[16.4648024,48.1994785],[16.4649537,48.1995767]]},"properties":{"voltage":"110000","name":""}},{"type":"Feature","geometry":{"type":"LineString","coordinates":[[16.463663,48.1996634],[16.4637744,48.1997404],[16.4638221,48.1997431],[16.4641667,48.1995178],[16.4642157,48.1995147],[16.4643344,48.1995916]]},"properties":{"voltage":"110000","name":""}},{"type":"Feature","geometry":{"type":"LineString","coordinates":[[16.4651129,48.1994853],[16.4651021,48.1994778],[16.4650739,48.1994966],[16.4650441,48.1995164],[16.4650159,48.1995352],[16.464974,48.199563],[16.4649537,48.1995767],[16.4648809,48.1996255],[16.4648165,48.1997105],[16.4645469,48.1998973],[16.4644437,48.1999304],[16.4643095,48.1999259],[16.4641882,48.1998723],[16.464105,48.1998137]]},"properties":{"voltage":"110000","name":""}},{"type":"Feature","geometry":{"type":"LineString","coordinates":[[16.4650441,48.1995164],[16.4650549,48.1995239],[16.4650733,48.1995371],[16.4650606,48.1995455],[16.4651236,48.1995916],[16.4650406,48.1996249]]},"properties":{"voltage":"110000","name":""}},{"type":"Feature","geometry":{"type":"LineString","coordinates":[[16.4650159,48.1995352],[16.4650264,48.1995429],[16.4650525,48.1995616],[16.4650406,48.1996249]]},"properties":{"voltage":"110000","name":""}},{"type":"Feature","geometry":{"type":"LineString","coordinates":[[16.4651129,48.1994853],[16.4652416,48.1995715],[16.4652517,48.199618]]},"properties":{"voltage":"110000","name":""}},{"type":"Feature","geometry":{"type":"LineString","coordinates":[[16.4650739,48.1994966],[16.4650848,48.199504],[16.4652161,48.1995898],[16.4652517,48.199618]]},"properties":{"voltage":"110000","name":""}},{"type":"Feature","geometry":{"type":"LineString","coordinates":[[16.4310072,48.1826199],[16.430959,48.1826315],[16.4310372,48.1827545]]},"properties":{"voltage":"","name":""}},{"type":"Feature","geometry":{"type":"LineString","coordinates":[[16.4315067,48.1824827],[16.4314163,48.1825104],[16.4315308,48.1826903]]},"properties":{"voltage":"","name":""}},{"type":"Feature","geometry":{"type":"LineString","coordinates":[[16.4314434,48.1824316],[16.4315417,48.1825801],[16.4316188,48.1825587],[16.4316762,48.1826484]]},"properties":{"voltage":"","name":""}},{"type":"Feature","geometry":{"type":"LineString","coordinates":[[16.4312911,48.182317],[16.431191,48.1823463],[16.43143,48.1827194]]},"properties":{"voltage":"","name":""}},{"type":"Feature","geometry":{"type":"LineString","coordinates":[[16.4312692,48.1821299],[16.4310589,48.1821921],[16.4314083,48.1827256]]},"properties":{"voltage":"","name":""}},{"type":"Feature","geometry":{"type":"LineString","coordinates":[[16.4585669,48.2265426],[16.4582907,48.2261995],[16.4617091,48.224628],[16.4626211,48.2242849],[16.4637154,48.2239552],[16.4624602,48.2220601],[16.4621946,48.2215937],[16.461921,48.2209933],[16.4617844,48.2204015],[16.462049,48.2203302],[16.4623287,48.2202427],[16.4629228,48.2200113],[16.4634351,48.219762],[16.4637637,48.2196494],[16.4640802,48.2196083],[16.4648795,48.2194689],[16.470374,48.2187317],[16.4686326,48.2155568],[16.4687326,48.2155058]]},"properties":{"voltage":"110000","name":"Stadlau-Donaustadt"}},{"type":"Feature","geometry":{"type":"LineString","coordinates":[[16.458983,48.2274025],[16.4590933,48.2275551],[16.4599657,48.2271823],[16.4647441,48.2254821],[16.4691737,48.2239632],[16.4774778,48.2210665],[16.4794385,48.2203749],[16.4808118,48.2198915],[16.4812933,48.2197503],[16.4829791,48.2186513],[16.4838038,48.2177506],[16.4885715,48.2170661],[16.4897396,48.2168382],[16.4902076,48.2168471],[16.4909573,48.216974],[16.4919028,48.2171724],[16.4925975,48.2171465],[16.494703,48.2168748],[16.4958885,48.2167122],[16.4962956,48.2180142],[16.4957719,48.2181183]]},"properties":{"voltage":"110000","name":""}},{"type":"Feature","geometry":{"type":"LineString","coordinates":[[16.4544923,48.2490176],[16.4544109,48.2488368],[16.4527931,48.2491799],[16.4534627,48.2497397],[16.4463133,48.2507371],[16.4445296,48.2510064],[16.4442238,48.251106],[16.4462703,48.2538322],[16.4454094,48.2540697],[16.4442024,48.2542733],[16.4432314,48.2543251],[16.4427835,48.2543983],[16.4420271,48.2546448],[16.4415094,48.2549877],[16.4412197,48.255327],[16.4384383,48.2594753],[16.4368263,48.2617521],[16.4359626,48.2628573],[16.4357936,48.263227],[16.4355254,48.2635876],[16.4352974,48.2638251],[16.4346537,48.264509],[16.4340153,48.2650696],[16.433605,48.2654107],[16.4333931,48.2655339],[16.4328191,48.2658017],[16.432009,48.2661981],[16.431767,48.2663043],[16.4315671,48.2663632],[16.4313774,48.2664034],[16.4310562,48.2664355],[16.4299558,48.2664364],[16.4291538,48.2666721],[16.4288883,48.2667899],[16.4279267,48.2673452],[16.4266554,48.2679951],[16.4253089,48.2687039],[16.4222351,48.2703081],[16.421134,48.2708651],[16.4206807,48.2710864],[16.4197715,48.2715578],[16.4200826,48.2718746]]},"properties":{"voltage":"110000","name":""}},{"type":"Feature","geometry":{"type":"LineString","coordinates":[[16.3622153,48.2442906],[16.3615233,48.2443035],[16.3616574,48.2455968],[16.3618317,48.2468185],[16.3621509,48.2480009],[16.3630119,48.2503103],[16.3649994,48.2499674],[16.3702795,48.2485702]]},"properties":{"voltage":"110000","name":""}},{"type":"Feature","geometry":{"type":"LineString","coordinates":[[16.3108543,48.2051366],[16.3110167,48.2049755]]},"properties":{"voltage":"110000","name":""}},{"type":"Feature","geometry":{"type":"LineString","coordinates":[[16.3112129,48.2049451],[16.3113646,48.2050628]]},"properties":{"voltage":"110000","name":""}},{"type":"Feature","geometry":{"type":"LineString","coordinates":[[16.3114083,48.2049165],[16.3115725,48.2050324]]},"properties":{"voltage":"110000","name":""}},{"type":"Feature","geometry":{"type":"LineString","coordinates":[[16.3212911,48.2150476],[16.3212633,48.2151866],[16.3203892,48.2150995],[16.3204727,48.2144415],[16.319164,48.2141485],[16.314878,48.2141111],[16.3144223,48.2121381],[16.3140562,48.2110054],[16.3117897,48.2113494],[16.3099095,48.205693],[16.3102596,48.2056425]]},"properties":{"voltage":"110000","name":""}},{"type":"Feature","geometry":{"type":"LineString","coordinates":[[16.3344484,48.2271399],[16.3346455,48.2270912],[16.3334902,48.2254307],[16.3326359,48.2258395],[16.3315938,48.2241946],[16.3298772,48.2250327],[16.3291141,48.223974],[16.3280962,48.2220485],[16.3266009,48.2195162],[16.3233809,48.2208976],[16.3214014,48.2152091],[16.3214249,48.2150595]]},"properties":{"voltage":"110000","name":""}},{"type":"Feature","geometry":{"type":"LineString","coordinates":[[16.3486175,48.2225267],[16.3474098,48.2230164],[16.3436222,48.2220297],[16.3426244,48.2221629],[16.3414924,48.2202923],[16.3404124,48.2175525],[16.3401152,48.2167944],[16.337885,48.2171992],[16.3376167,48.2172108],[16.3371715,48.2171501],[16.3372238,48.2170571],[16.3372117,48.2160366],[16.3370991,48.2149482],[16.3370427,48.2147043],[16.3367772,48.2140108],[16.3333936,48.213614],[16.3337168,48.2124245],[16.3335116,48.2112878],[16.3332863,48.2103583],[16.3325031,48.2080677],[16.3267001,48.2089865],[16.3262817,48.2076919],[16.3158828,48.2092921],[16.3150828,48.2069076],[16.3141467,48.2070437],[16.3135888,48.2053795],[16.3127359,48.2054456],[16.3113646,48.2050628]]},"properties":{"voltage":"110000","name":""}},{"type":"Feature","geometry":{"type":"LineString","coordinates":[[16.3486713,48.2225869],[16.3475067,48.2230626],[16.3472164,48.2229898],[16.3467691,48.2236901],[16.3440889,48.222992],[16.3418587,48.2231091],[16.3391161,48.2236872],[16.3351692,48.2256858],[16.3358156,48.226799],[16.3347387,48.2272323],[16.3346616,48.2271146],[16.3344635,48.227164]]},"properties":{"voltage":"110000","name":""}},{"type":"Feature","geometry":{"type":"LineString","coordinates":[[16.3394815,48.1863383],[16.3395338,48.1862694],[16.3398168,48.1863593],[16.3393468,48.187257],[16.3392556,48.187375],[16.3391308,48.1876003],[16.3391711,48.1876839],[16.3391684,48.187776],[16.3388948,48.1880317],[16.3385562,48.1886254],[16.3381539,48.1888722],[16.3376918,48.1892736],[16.3375604,48.1894288],[16.3372285,48.1901346],[16.336682,48.189806],[16.336273,48.1903595],[16.3355441,48.1914252],[16.3346583,48.1914931],[16.3334137,48.1929137],[16.3320699,48.1934484],[16.3302138,48.1939865],[16.3305706,48.1946052],[16.3290524,48.1971342],[16.3330463,48.1982552],[16.3323542,48.1993708],[16.3333916,48.199668],[16.3329658,48.2003362],[16.3331066,48.2003742]]},"properties":{"voltage":"110000","name":""}},{"type":"Feature","geometry":{"type":"LineString","coordinates":[[16.3393769,48.1863079],[16.3394286,48.1862337],[16.3399704,48.1848732],[16.3398772,48.1846363],[16.3409843,48.183211],[16.3414697,48.1825833]]},"properties":{"voltage":"110000","name":""}},{"type":"Feature","geometry":{"type":"LineString","coordinates":[[16.353712,48.1966367],[16.3539635,48.1966086],[16.3539132,48.1963779],[16.353877,48.1962952],[16.3533593,48.1956498],[16.3533358,48.1956122],[16.353254,48.1954379],[16.3532379,48.1953615],[16.3532279,48.1952967],[16.352851,48.1946892],[16.352843,48.1946347],[16.3528503,48.1946038],[16.3530495,48.1944228],[16.3529006,48.1933071],[16.3529315,48.193143],[16.3539313,48.1930018],[16.3541291,48.1929817],[16.3548238,48.1928565],[16.3546434,48.1924189],[16.3542706,48.1917435],[16.3539755,48.1912911],[16.3537288,48.1909504],[16.3537019,48.1907806],[16.3538964,48.1903246],[16.3536175,48.1902406],[16.3534176,48.190161],[16.35325,48.1900582],[16.3525701,48.1895629],[16.3529657,48.1891015],[16.3517654,48.1887627],[16.3521275,48.1879106],[16.3511968,48.1877175],[16.352267,48.1862994],[16.3522857,48.1861107],[16.3530824,48.1850771],[16.3497443,48.1824652],[16.3494721,48.1822497],[16.3493688,48.1821907],[16.3478842,48.1816265],[16.3474296,48.181453],[16.3442995,48.1805857],[16.3432608,48.1803022],[16.3414697,48.1825833]]},"properties":{"voltage":"110000","name":""}},{"type":"Feature","geometry":{"type":"LineString","coordinates":[[16.3300442,48.1656954],[16.3298658,48.1659495],[16.3293086,48.1660541],[16.3290803,48.1661796],[16.3289063,48.166466],[16.3287742,48.1669048],[16.3287091,48.1673296],[16.3296466,48.1689624],[16.3298424,48.1689316],[16.3299215,48.1688327],[16.3312961,48.1686713],[16.3321082,48.1715799],[16.3334754,48.1714932],[16.3337658,48.1728642],[16.3374853,48.1727542],[16.3375899,48.1743668],[16.3425493,48.174119],[16.3418104,48.175744],[16.3413423,48.1767277],[16.3410607,48.1771919],[16.341058,48.177732],[16.3408005,48.178206],[16.3401836,48.1795027],[16.3397169,48.1803942],[16.3394997,48.1807367],[16.3410164,48.1812464],[16.3408171,48.1814979],[16.3406245,48.1817408],[16.3402976,48.1821532],[16.3414697,48.1825833]]},"properties":{"voltage":"110000","name":""}},{"type":"Feature","geometry":{"type":"LineString","coordinates":[[16.3206866,48.1961041],[16.320521,48.1959222],[16.3219231,48.1936567],[16.3176403,48.1923881],[16.3167894,48.1922003],[16.3171273,48.1919017],[16.3172775,48.1916335],[16.3166901,48.1905016],[16.3166445,48.1902379],[16.3194716,48.1900564],[16.3204131,48.1900501],[16.3208368,48.1870362],[16.320456,48.1862601],[16.3204077,48.185914],[16.3195105,48.1841266],[16.3194622,48.1837904],[16.3217984,48.1833487],[16.3246255,48.1827845],[16.3246348,48.1817275],[16.3242432,48.1794052],[16.3238691,48.17758],[16.3233326,48.1748694],[16.3258445,48.1742711],[16.3256608,48.1732157],[16.3265848,48.1732041],[16.3274726,48.1724573],[16.3278253,48.1722749],[16.3255347,48.1680792],[16.3292523,48.1660304],[16.3298437,48.1659003],[16.3300033,48.1656856]]},"properties":{"voltage":"110000","name":""}},{"type":"Feature","geometry":{"type":"LineString","coordinates":[[16.3206866,48.1961041],[16.3222074,48.1965335],[16.3252122,48.1973349],[16.3253202,48.1975123],[16.3332166,48.1997301],[16.3328096,48.2003876],[16.3330583,48.2004537]]},"properties":{"voltage":"110000","name":""}},{"type":"Feature","geometry":{"type":"LineString","coordinates":[[16.3107216,48.1957307],[16.3117817,48.1956569],[16.3131925,48.1953168],[16.3138785,48.1965558],[16.3206866,48.1961041]]},"properties":{"voltage":"110000","name":""}},{"type":"Feature","geometry":{"type":"LineString","coordinates":[[16.3104859,48.1952247],[16.310631,48.1952142],[16.3107216,48.1957307]]},"properties":{"voltage":"110000","name":""}},{"type":"Feature","geometry":{"type":"LineString","coordinates":[[16.312117,48.2050995],[16.3125864,48.205019],[16.3126658,48.2043815],[16.3126951,48.2041882],[16.312699,48.2040879],[16.3126922,48.2040243],[16.3126594,48.2039629],[16.312606,48.2038847],[16.3113248,48.2027989],[16.3112372,48.2027514],[16.3095437,48.201237],[16.3096866,48.2011132],[16.3090968,48.1983848],[16.3101804,48.1983142],[16.3097821,48.195787],[16.3107216,48.1957307]]},"properties":{"voltage":"110000","name":""}},{"type":"Feature","geometry":{"type":"LineString","coordinates":[[16.3102495,48.2056045],[16.3098961,48.2056559],[16.3091773,48.2035344],[16.3088903,48.2028024],[16.3086703,48.2023304],[16.3082787,48.2017521],[16.3076068,48.2006705],[16.3027051,48.2008618],[16.3025133,48.1982302],[16.3024449,48.1979673],[16.3021727,48.197338],[16.3015611,48.1965639],[16.3012969,48.1963502],[16.3007954,48.196141],[16.3004185,48.1959122],[16.2986322,48.1960266],[16.2972173,48.1959685],[16.2917322,48.1955984],[16.2917523,48.1943656],[16.2905239,48.1946517],[16.2901698,48.1947214],[16.2898949,48.1947411],[16.2877142,48.1948099],[16.2861264,48.194463],[16.2859252,48.1937961],[16.281167,48.1940715],[16.2750891,48.1948171],[16.2753117,48.195087],[16.2726241,48.1958755],[16.2723023,48.195382],[16.2672354,48.1968018],[16.2671658,48.1968213],[16.2671068,48.1967355],[16.2610799,48.1982588],[16.2603155,48.1979495],[16.2590481,48.1980773],[16.2587424,48.1975785],[16.2584916,48.1976768],[16.2579149,48.1972468],[16.2518236,48.2002325],[16.2511826,48.200456],[16.2506823,48.2006008],[16.2503363,48.2006687],[16.2499313,48.2007286],[16.2496577,48.2007509],[16.2492996,48.2007608],[16.2489282,48.2007635],[16.2485071,48.2007384],[16.2480296,48.200675],[16.2471029,48.2005087],[16.2462325,48.2003371],[16.2455888,48.2002361],[16.2449116,48.2001503],[16.2443791,48.2001288],[16.2434041,48.2001985],[16.2427859,48.2002915],[16.2412423,48.2005793],[16.2403719,48.2007313],[16.2381219,48.2011443],[16.2379351,48.2006651]]},"properties":{"voltage":"110000","name":""}},{"type":"Feature","geometry":{"type":"LineString","coordinates":[[16.35945,48.1966635],[16.35911,48.1973385],[16.3574463,48.1970162],[16.3555768,48.1965353],[16.3550028,48.1968195],[16.3545696,48.1965916],[16.353718,48.1966671]]},"properties":{"voltage":"110000","name":""}},{"type":"Feature","geometry":{"type":"LineString","coordinates":[[16.4001618,48.1856807],[16.3998988,48.1858119],[16.3986933,48.184791],[16.398637,48.1846506]]},"properties":{"voltage":"110000","name":""}},{"type":"Feature","geometry":{"type":"LineString","coordinates":[[16.398637,48.1846506],[16.3978994,48.1847329],[16.3957697,48.1858425],[16.3949355,48.1864881],[16.3945842,48.1867134],[16.3941872,48.1869262],[16.3937741,48.187139],[16.3932431,48.1873911],[16.3929078,48.1875109],[16.3925135,48.1876254],[16.3922372,48.187688],[16.3917571,48.1877738],[16.3898769,48.1879705],[16.39029,48.188312],[16.3904616,48.188827],[16.3867146,48.1890041],[16.3864485,48.1884772],[16.3843256,48.1885731],[16.3838026,48.1885818],[16.3832796,48.1885729],[16.3825132,48.1885609],[16.3818611,48.1885469],[16.3816225,48.1885313],[16.3810363,48.1884426],[16.3798964,48.1904846],[16.3790569,48.1919634],[16.3784561,48.1928574],[16.374819,48.1918758],[16.3713482,48.1910461],[16.3696557,48.1905508],[16.3691005,48.1911766],[16.3680598,48.190785],[16.367231,48.1917077],[16.3665202,48.1913841],[16.3624567,48.1944666],[16.3620222,48.194168],[16.3608339,48.1948993],[16.35945,48.1966635]]},"properties":{"voltage":"110000","name":""}},{"type":"Feature","geometry":{"type":"LineString","coordinates":[[16.378271,48.1977778],[16.3768601,48.1987164]]},"properties":{"voltage":"110000","name":""}},{"type":"Feature","geometry":{"type":"LineString","coordinates":[[16.4016887,48.1870563],[16.3995999,48.1889182],[16.3990045,48.1893832],[16.3982105,48.1898534],[16.3977706,48.1897533],[16.3864933,48.1943607],[16.3863511,48.1938721],[16.3837836,48.1941922],[16.3840619,48.195319],[16.3826698,48.1959095],[16.3816184,48.1964208],[16.3809156,48.196757],[16.3802505,48.197043],[16.378271,48.1977778]]},"properties":{"voltage":"110000","name":""}},{"type":"Feature","geometry":{"type":"LineString","coordinates":[[16.4016887,48.1870563],[16.4008927,48.1866597],[16.4000779,48.1859674],[16.4003308,48.1858425]]},"properties":{"voltage":"110000","name":""}},{"type":"Feature","geometry":{"type":"LineString","coordinates":[[16.4128476,48.1777832],[16.4036261,48.1857453],[16.4032879,48.1856342],[16.4016887,48.1870563]]},"properties":{"voltage":"110000","name":""}},{"type":"Feature","geometry":{"type":"LineString","coordinates":[[16.398637,48.1846506],[16.3982025,48.1835847],[16.3982829,48.1830411],[16.3974099,48.1826134],[16.3974032,48.1826101],[16.3977291,48.1823034],[16.394957,48.1808396],[16.3960902,48.1797978]]},"properties":{"voltage":"110000","name":""}},{"type":"Feature","geometry":{"type":"LineString","coordinates":[[16.3768601,48.1987164],[16.3748699,48.1985037],[16.3681295,48.196065],[16.3682529,48.1952605],[16.3679941,48.1952131],[16.3672149,48.1951523],[16.3668166,48.1948314],[16.365957,48.1951228],[16.3636503,48.195332],[16.3627276,48.1952766],[16.3620222,48.1956949],[16.3608956,48.1970055],[16.35945,48.1966635]]},"properties":{"voltage":"110000","name":""}},{"type":"Feature","geometry":{"type":"LineString","coordinates":[[16.3299325,48.1654018],[16.3291037,48.16465],[16.3264628,48.1612809],[16.3251222,48.1615192],[16.3241534,48.1616915]]},"properties":{"voltage":"110000","name":""}},{"type":"Feature","geometry":{"type":"LineString","coordinates":[[16.3537663,48.1683672],[16.3535772,48.1680362],[16.3498235,48.1696704],[16.3454515,48.1629045],[16.3418399,48.1578707],[16.339851,48.1583655],[16.3386645,48.1587553],[16.3382018,48.1590234],[16.3375336,48.1595911],[16.3365036,48.1601743],[16.3326379,48.1641799]]},"properties":{"voltage":"110000","name":""}},{"type":"Feature","geometry":{"type":"LineString","coordinates":[[16.3337396,48.1652249],[16.3325796,48.1653537],[16.3317648,48.1654754],[16.3313195,48.1655734],[16.3313028,48.1653483]]},"properties":{"voltage":"110000","name":""}},{"type":"Feature","geometry":{"type":"LineString","coordinates":[[16.3337396,48.1652249],[16.3334754,48.1648421],[16.3326379,48.1641799]]},"properties":{"voltage":"110000","name":""}},{"type":"Feature","geometry":{"type":"LineString","coordinates":[[16.3538347,48.168454],[16.3540513,48.1688332],[16.3516152,48.1702974],[16.3514864,48.1704396],[16.350942,48.1707714],[16.3501239,48.1708734],[16.3495378,48.1710165],[16.3490657,48.1713214],[16.3475557,48.1717454],[16.3455145,48.1716068],[16.3447407,48.1716175],[16.3434358,48.1717114],[16.3414764,48.1720253],[16.3376771,48.1725959],[16.3375993,48.1712079],[16.3374478,48.170902],[16.3367692,48.1698546],[16.3357419,48.1680962],[16.3342962,48.16603],[16.3337396,48.1652249]]},"properties":{"voltage":"110000","name":""}},{"type":"Feature","geometry":{"type":"LineString","coordinates":[[16.3590456,48.1676405],[16.3584924,48.167445],[16.3581437,48.1674271],[16.3563426,48.1676373],[16.3549076,48.1682393],[16.3539739,48.1684224]]},"properties":{"voltage":"110000","name":""}},{"type":"Feature","geometry":{"type":"LineString","coordinates":[[16.3823218,48.1653564],[16.38225,48.165529],[16.3809981,48.1653081],[16.3802183,48.1672769],[16.3794082,48.1671355],[16.3792594,48.1673305],[16.3788222,48.1675595],[16.3786197,48.1686937],[16.3762915,48.1684933],[16.3746285,48.1684325],[16.3707246,48.168979],[16.3702673,48.1690085],[16.3685708,48.1692598],[16.3683374,48.1693672],[16.3642859,48.1699664],[16.3638099,48.1670228],[16.3637562,48.1668815],[16.3629073,48.1670139],[16.3619538,48.1671176],[16.361758,48.1672044],[16.3591844,48.1674897],[16.3590456,48.1676405]]},"properties":{"voltage":"110000","name":""}},{"type":"Feature","geometry":{"type":"LineString","coordinates":[[16.3903221,48.1758826],[16.3897026,48.1737237],[16.3886726,48.1708939],[16.3868272,48.1683538],[16.3863739,48.1676239],[16.3860226,48.1664826],[16.3835549,48.1657223],[16.3830815,48.1656346],[16.3831345,48.1655152]]},"properties":{"voltage":"110000","name":""}},{"type":"Feature","geometry":{"type":"LineString","coordinates":[[16.3775573,48.1804918],[16.3756974,48.1801537],[16.3760997,48.1791253],[16.3749772,48.1790904],[16.3749625,48.1781318],[16.3747841,48.1754507],[16.3746795,48.1748497],[16.3733934,48.1749445],[16.3719302,48.1715298],[16.3630776,48.1728839],[16.3620436,48.1682876],[16.361192,48.1683949],[16.3590456,48.1676405]]},"properties":{"voltage":"110000","name":""}},{"type":"Feature","geometry":{"type":"LineString","coordinates":[[16.3775573,48.1804918],[16.3772326,48.1820148],[16.3773771,48.182091]]},"properties":{"voltage":"110000","name":""}},{"type":"Feature","geometry":{"type":"LineString","coordinates":[[16.3903221,48.1758826],[16.388509,48.1762672],[16.3882542,48.1757288],[16.3847136,48.1763852],[16.3828468,48.1766374],[16.3789871,48.1769039],[16.3791025,48.1778358],[16.3781087,48.1779046],[16.3775573,48.1804918]]},"properties":{"voltage":"110000","name":""}},{"type":"Feature","geometry":{"type":"LineString","coordinates":[[16.4163519,48.1742688],[16.4133826,48.1722894],[16.4120065,48.1736871],[16.4112072,48.1733186],[16.4107445,48.1737273],[16.4100672,48.1736736],[16.4086591,48.1730181],[16.4079483,48.1728553],[16.4072402,48.1746038],[16.4064932,48.1745966],[16.4024565,48.1725038],[16.4005206,48.172904],[16.3987698,48.1735797],[16.3975789,48.174297],[16.3973334,48.1746565],[16.3973951,48.1751243],[16.3969083,48.1752146],[16.3963504,48.1752808],[16.3960782,48.1753434],[16.3957255,48.1753693],[16.3947438,48.1753317],[16.3944045,48.1753317],[16.3942006,48.175355],[16.3908908,48.1758647],[16.3903221,48.1758826]]},"properties":{"voltage":"110000","name":""}},{"type":"Feature","geometry":{"type":"LineString","coordinates":[[16.4163519,48.1742688],[16.4127836,48.1776238],[16.4128476,48.1777832]]},"properties":{"voltage":"110000","name":""}},{"type":"Feature","geometry":{"type":"LineString","coordinates":[[16.3406011,48.1361893],[16.3406695,48.1362973]]},"properties":{"voltage":"380000","name":""}},{"type":"Feature","geometry":{"type":"LineString","coordinates":[[16.3407391,48.136407],[16.3406695,48.1362973]]},"properties":{"voltage":"380000","name":""}},{"type":"Feature","geometry":{"type":"LineString","coordinates":[[16.331626,48.1649235],[16.3326379,48.1641799]]},"properties":{"voltage":"110000","name":""}},{"type":"Feature","geometry":{"type":"LineString","coordinates":[[16.3241534,48.1616915],[16.3229886,48.1620628],[16.3225588,48.1624421],[16.3216469,48.1627118],[16.320574,48.1627104],[16.3190947,48.1631443],[16.3174519,48.1638027],[16.3159056,48.1642678],[16.3154114,48.1645406],[16.3148481,48.1651458],[16.3142433,48.1656458],[16.3134983,48.1659504],[16.3114163,48.1666181],[16.3098733,48.1647687],[16.3078509,48.1628831],[16.3061249,48.1633348],[16.3053578,48.1635701],[16.3057186,48.1640996],[16.3044298,48.1645487],[16.3048187,48.165089],[16.3034856,48.1655639],[16.3007994,48.166309],[16.2963469,48.1687616],[16.2958427,48.1688931],[16.2965454,48.1704154],[16.2913862,48.1708268],[16.2909839,48.1708206],[16.2904796,48.1707938],[16.2900572,48.1707455],[16.2898466,48.1707039],[16.2895046,48.1706225],[16.2893846,48.170834],[16.289394,48.1710612],[16.2891861,48.1710665]]},"properties":{"voltage":"110000","name":""}},{"type":"Feature","geometry":{"type":"LineString","coordinates":[[16.2803093,48.1675863],[16.2733225,48.1666539],[16.2723076,48.1666606],[16.2722902,48.1662062],[16.2709719,48.1661006],[16.2678042,48.1657097],[16.2673335,48.1656927],[16.2667917,48.1656972],[16.2661037,48.1657509],[16.2652481,48.1658019],[16.2651099,48.1657983],[16.2640411,48.1657285],[16.2634832,48.1656847],[16.2631559,48.1656838],[16.2626651,48.1657133],[16.2613736,48.1657983],[16.2608291,48.1658636],[16.2599359,48.1659995],[16.2593982,48.1660988],[16.2590119,48.1661981],[16.2581214,48.1664611],[16.2573838,48.1667554],[16.2569319,48.1669575],[16.2567656,48.1673466],[16.2541138,48.1703117]]},"properties":{"voltage":"110000","name":""}},{"type":"Feature","geometry":{"type":"LineString","coordinates":[[16.2887194,48.1709825],[16.2885075,48.1709778],[16.2885417,48.1703282],[16.2864,48.1699047],[16.2860721,48.1697679],[16.285547,48.1693998],[16.2852694,48.1691829],[16.2849033,48.1688833],[16.28445,48.1684548],[16.2842931,48.1682903],[16.2840021,48.1679727],[16.2833007,48.1679951],[16.2803093,48.1675863]]},"properties":{"voltage":"110000","name":""}},{"type":"Feature","geometry":{"type":"LineString","coordinates":[[16.2891807,48.1709869],[16.2893262,48.1709816],[16.2893115,48.1705183],[16.2898922,48.1676516],[16.2899069,48.1669745],[16.2898989,48.1669271],[16.2898828,48.1668645],[16.2898479,48.1667921],[16.2897795,48.1667089],[16.2876358,48.1647907],[16.2851594,48.1669177],[16.2838183,48.1657151],[16.2833248,48.165199],[16.2805206,48.1662384],[16.2805957,48.1665729],[16.2803093,48.1675863]]},"properties":{"voltage":"110000","name":""}},{"type":"Feature","geometry":{"type":"LineString","coordinates":[[16.2978597,48.1377968],[16.2980139,48.1377995],[16.297904,48.1404969],[16.2978423,48.1411385],[16.298207,48.1411734],[16.303723,48.1410285],[16.3038169,48.1411529],[16.3041884,48.1412549],[16.3072327,48.1426124],[16.308787,48.1441409],[16.3089493,48.1478303],[16.309078,48.148045],[16.3100383,48.1486687],[16.3101718,48.14932],[16.3112533,48.1497908],[16.3134152,48.1503992],[16.3158962,48.1510219],[16.3166258,48.1510989],[16.3172024,48.1511848],[16.3181359,48.1514281],[16.3203192,48.1520974],[16.3202602,48.1523461],[16.3202012,48.1526951],[16.319764,48.1542143],[16.3193603,48.1556762],[16.3192879,48.1560528],[16.3212888,48.1563373],[16.3212231,48.1569081],[16.3211936,48.1572857],[16.3220344,48.158361],[16.3229974,48.159897],[16.323173,48.1602021],[16.3232897,48.1604221],[16.3241534,48.1616915]]},"properties":{"voltage":"110000","name":""}},{"type":"Feature","geometry":{"type":"LineString","coordinates":[[16.4792266,48.1749946],[16.4802018,48.1743727],[16.4795317,48.1740023],[16.4798528,48.1736749],[16.4800622,48.1733812],[16.4801694,48.1731594],[16.4802003,48.1728929],[16.4801654,48.1726219],[16.4800528,48.1723607],[16.4778929,48.1700219],[16.4766477,48.1704816],[16.4759919,48.1697062],[16.4758833,48.169453],[16.4758243,48.1691767],[16.4758337,48.168886],[16.4758873,48.1686731],[16.4758565,48.1683511],[16.4739937,48.1646739],[16.4735618,48.1641873],[16.4720571,48.1627918],[16.4714026,48.1621138],[16.4711371,48.1617864],[16.4708528,48.1612443],[16.4707106,48.160856],[16.4706087,48.1602155],[16.4728054,48.1587913],[16.4737442,48.1588378],[16.47394,48.1579504],[16.4740366,48.1576462],[16.4742511,48.1573062],[16.476643,48.1565257],[16.4763949,48.1562792]]},"properties":{"voltage":"110000","name":""}},{"type":"Feature","geometry":{"type":"LineString","coordinates":[[15.0175153,48.4890124],[15.017258,48.4895817]]},"properties":{"voltage":"20000","name":""}},{"type":"Feature","geometry":{"type":"LineString","coordinates":[[16.3669867,48.1994442],[16.3669838,48.1994354],[16.366821,48.1994608]]},"properties":{"voltage":"","name":""}},{"type":"Feature","geometry":{"type":"LineString","coordinates":[[16.3669627,48.1998543],[16.366821,48.1994608]]},"properties":{"voltage":"","name":""}},{"type":"Feature","geometry":{"type":"LineString","coordinates":[[16.366821,48.1994608],[16.3667693,48.1993347],[16.3667484,48.1993388],[16.3666494,48.1991063]]},"properties":{"voltage":"","name":""}},{"type":"Feature","geometry":{"type":"LineString","coordinates":[[16.2366553,48.1993789],[16.2379672,48.2001107],[16.2390124,48.2008324],[16.2400791,48.2006663],[16.2410957,48.2006281],[16.2430265,48.2002768],[16.2437024,48.2002218],[16.246575,48.198277],[16.2524824,48.1941294],[16.2594013,48.1894047],[16.261665,48.1878633],[16.2638376,48.1863647],[16.2655757,48.1851916],[16.2683008,48.1833282],[16.2704037,48.1818617],[16.2723349,48.1805812],[16.2747649,48.1788928],[16.2782947,48.1766214],[16.280183,48.1755411],[16.2821249,48.1745323],[16.2842439,48.1736486],[16.285188,48.1733481],[16.2869664,48.1728753]]},"properties":{"voltage":"55000","name":"Auhof - Meidling"}},{"type":"Feature","geometry":{"type":"LineString","coordinates":[[16.2869664,48.1728753],[16.2886197,48.1725655],[16.2893736,48.1724148],[16.2934292,48.1715881],[16.2947901,48.1713079],[16.2968191,48.1709179],[16.3006311,48.170182],[16.3015654,48.1699847],[16.3025247,48.1697914],[16.3035461,48.1695991],[16.305416,48.169399],[16.3074545,48.1694849],[16.3086561,48.1698355],[16.3099543,48.1701789],[16.3116746,48.1706422],[16.313491,48.1709866],[16.3143377,48.17113],[16.3150637,48.1712564],[16.3159377,48.1713306],[16.3167341,48.1713476],[16.3173592,48.1713176],[16.3178915,48.1712639],[16.3185615,48.1711565],[16.3188001,48.1711102],[16.319411,48.1709567],[16.3202441,48.1706848],[16.320588,48.1705335],[16.3217011,48.1702852],[16.3220805,48.1704933],[16.3235111,48.1712787],[16.3247927,48.1718222],[16.3258442,48.1721406],[16.3267883,48.1725055],[16.3273623,48.1726915],[16.329669,48.1735003],[16.3305917,48.173697],[16.3309726,48.1737757],[16.3316968,48.1738687],[16.3324842,48.1739806],[16.3334314,48.1740548],[16.3335986,48.1740991],[16.3342477,48.1742362],[16.3347566,48.1743405],[16.335197,48.1744084],[16.3359996,48.1745746],[16.3370526,48.1747471],[16.3385829,48.1749948],[16.3406702,48.1752049]]},"properties":{"voltage":"55000","name":"H\u00fctteldorf - Meidling;Auhof - Meidling"}},{"type":"Feature","geometry":{"type":"LineString","coordinates":[[16.2869664,48.1728753],[16.2868167,48.172905],[16.284893,48.1732861],[16.2841585,48.1734166],[16.2838606,48.1734867],[16.2834187,48.1736119],[16.2831544,48.1737134],[16.2828175,48.1738523],[16.2824639,48.1740659],[16.2821692,48.1742329],[16.2818606,48.1744572],[16.2816613,48.1746307],[16.2814178,48.1748641],[16.2812628,48.1750718],[16.2811846,48.1751687],[16.2810615,48.1753518],[16.2809189,48.1756005],[16.2808207,48.1758307],[16.2807487,48.1760628],[16.2806823,48.1763503],[16.2806512,48.1765953],[16.2806512,48.1768389],[16.2806692,48.1771065],[16.2806899,48.1773265],[16.2807238,48.1776518],[16.2807404,48.1779005],[16.2807577,48.1780772],[16.2807847,48.1783185],[16.2807985,48.1784989],[16.2808401,48.1790124],[16.2808795,48.1792467],[16.2808947,48.1795226],[16.2809224,48.1799572],[16.2809556,48.1802151],[16.2809701,48.1804781],[16.2809944,48.1807364],[16.2810262,48.1809768],[16.2810386,48.1811853],[16.281067,48.1814524],[16.2810864,48.1817357],[16.281103,48.1818921],[16.2811369,48.1821666],[16.2811514,48.1823866],[16.2811812,48.1826727],[16.2812061,48.1829471],[16.2812344,48.1832152],[16.2812504,48.1834818],[16.2812773,48.1837927],[16.2812995,48.1840142],[16.2813147,48.1842753],[16.2813534,48.1845092],[16.2813673,48.1848385],[16.281388,48.1850826],[16.2814116,48.1853824],[16.2814379,48.1856334],[16.2814545,48.185876],[16.2814711,48.1861122],[16.2814863,48.1863193],[16.2815057,48.1867714],[16.2815451,48.1870777],[16.2815977,48.1875187],[16.2816482,48.1879984],[16.2817485,48.1883314],[16.2818482,48.1886073],[16.2819471,48.1888194],[16.2821173,48.1891013],[16.282264,48.1893121],[16.2825532,48.1895907],[16.2825843,48.1896128],[16.2830147,48.1899795],[16.2833572,48.1902401],[16.2836,48.1904329],[16.2838152,48.190629],[16.2840193,48.1908887],[16.2841279,48.1911105],[16.2842054,48.1913379],[16.2842303,48.1915372],[16.284231,48.1916649],[16.2842151,48.1918517],[16.2840954,48.192123],[16.2839453,48.1923688],[16.2837412,48.1925976],[16.2835654,48.1927341],[16.2832928,48.1929167],[16.2830071,48.1930676],[16.2826459,48.1931939],[16.282064,48.1932986],[16.2818627,48.1933143],[16.2812086,48.1936023],[16.2807091,48.1936449],[16.2798336,48.1936793],[16.2786224,48.1937032],[16.2781183,48.1937188],[16.2772396,48.1937937],[16.276336,48.1939331],[16.2755197,48.1940861],[16.2745146,48.1942827],[16.2735017,48.1945126],[16.2724279,48.1947894],[16.2717084,48.1950318],[16.2717084,48.1950963]]},"properties":{"voltage":"55000","name":"H\u00fctteldorf - Meidling"}},{"type":"Feature","geometry":{"type":"LineString","coordinates":[[16.427118,48.1516937],[16.4250746,48.151402],[16.4246938,48.1515428],[16.4240849,48.1523314],[16.423346,48.1529225],[16.4228672,48.1533601],[16.4218078,48.1542819],[16.4212121,48.1548503],[16.420607,48.1553823],[16.4199095,48.1559922],[16.4187784,48.1569718],[16.4174532,48.1581161],[16.4166785,48.1587902],[16.4157661,48.1595773],[16.4151101,48.1601419],[16.413553,48.1614761],[16.4123692,48.1625059],[16.4108442,48.1638261],[16.41006,48.1645013],[16.4092532,48.1652066],[16.4087272,48.1655625],[16.408124,48.166078],[16.4074397,48.1666865],[16.4068759,48.1670251],[16.4059559,48.1677549],[16.4050278,48.168415],[16.4042258,48.1689446],[16.403153,48.1696565],[16.4023859,48.170313],[16.4012942,48.1710589],[16.400393,48.1716886],[16.3991457,48.1725204],[16.3982687,48.1731375],[16.3974399,48.1736866],[16.3964689,48.1743073],[16.3954148,48.174978],[16.3949722,48.1752803],[16.394079,48.1758133],[16.3935533,48.1760208],[16.392628,48.1764644],[16.3911447,48.1770993],[16.3899243,48.177686],[16.3892673,48.178092],[16.3885002,48.1787198],[16.3878055,48.1793476],[16.3867996,48.1803187],[16.3864027,48.1807301],[16.3858153,48.1813739],[16.3854505,48.1817477],[16.3850562,48.1820535],[16.3844366,48.1824398],[16.3838734,48.1827528],[16.383353,48.1830496],[16.3828702,48.1832911],[16.3820468,48.1836183],[16.3813896,48.1838186],[16.3808907,48.183951],[16.379791,48.1841495],[16.3783265,48.1843605],[16.3774468,48.1844857],[16.3759447,48.1847074],[16.3748079,48.1848097],[16.3742796,48.1848115],[16.3738558,48.1847918],[16.3732683,48.1847134],[16.3727051,48.1845704],[16.3717042,48.1842319],[16.3712188,48.1840513],[16.3707896,48.1837955],[16.370457,48.1835952],[16.3701781,48.1834665],[16.3698857,48.1833413],[16.369588,48.183234],[16.3691025,48.1830784],[16.3687136,48.1829675],[16.3679223,48.1826975],[16.3673296,48.18249],[16.3669943,48.1823666],[16.3658409,48.1819589],[16.3652079,48.1817443],[16.3638887,48.1813065],[16.3629714,48.181024],[16.3618073,48.1807164],[16.361008,48.1805321],[16.3598547,48.1802871],[16.3590152,48.1800582],[16.3583603,48.1798362],[16.3577729,48.179652],[16.3569199,48.1793426],[16.3560777,48.1789885],[16.3551654,48.1785846],[16.3537036,48.177955],[16.3525637,48.1774578],[16.3518448,48.177152],[16.351362,48.1769838],[16.3510402,48.1768837],[16.3494737,48.1764848],[16.3481809,48.1761968],[16.3472529,48.1760001],[16.3464294,48.1759053],[16.3452466,48.1758445],[16.3440798,48.175798],[16.3426904,48.1757354],[16.3416122,48.1756585],[16.3415612,48.1752203]]},"properties":{"voltage":"55000","name":"Simmering - Meidling"}},{"type":"Feature","geometry":{"type":"LineString","coordinates":[[16.2719253,48.1950524],[16.2724308,48.1947995],[16.2731511,48.1946121],[16.2735209,48.1945151],[16.2741271,48.1943799],[16.27452,48.1942898],[16.2751015,48.194177],[16.275685,48.1940693],[16.2762287,48.1939728],[16.2763833,48.1939423],[16.2768307,48.1938677],[16.2772829,48.1938055],[16.2780716,48.1937329],[16.2781874,48.1937238],[16.2784665,48.1937154],[16.2787057,48.1937141],[16.279227,48.193705],[16.2797201,48.1936914],[16.2804339,48.19367],[16.2807899,48.1936544],[16.2810262,48.1936246],[16.2812129,48.1936097],[16.2815971,48.1935857],[16.282237,48.1935611],[16.2828371,48.1935384],[16.2835752,48.1935209],[16.284611,48.1934956],[16.2854814,48.1934664],[16.2859677,48.1934658],[16.2866445,48.193447],[16.2875266,48.1934269],[16.2881345,48.1934236],[16.2887608,48.1934424],[16.2896166,48.1934865],[16.2905639,48.1935533],[16.2909354,48.1935915],[16.291726,48.1936985],[16.2922794,48.193777],[16.2928843,48.1938275],[16.2940387,48.1938645],[16.2948206,48.193845],[16.2955179,48.193821],[16.2962473,48.1937614],[16.2968814,48.1936907],[16.2972461,48.1936369],[16.2978413,48.1935241],[16.2982099,48.1934522],[16.2986816,48.1933504],[16.2993283,48.1932142],[16.2997242,48.1931338],[16.30058,48.1930003],[16.3015924,48.1928959],[16.302139,48.1928739],[16.3028129,48.1928466],[16.303519,48.1928363],[16.3041346,48.1928466],[16.304653,48.1928596],[16.3055691,48.1928064],[16.3058502,48.1927578],[16.3059902,48.192728],[16.3064959,48.1926872],[16.3068276,48.1926904],[16.3070425,48.1927085],[16.3074052,48.1927682],[16.3076348,48.1928311],[16.3079362,48.1929406],[16.3081045,48.1930197],[16.3084283,48.1932246],[16.308548,48.1933238],[16.3087561,48.1935189],[16.308938,48.1937374],[16.3090955,48.1939844],[16.3092083,48.1942133],[16.3092336,48.1942911],[16.3092735,48.1944428],[16.3093017,48.194682],[16.3092735,48.1949095],[16.3092482,48.1949951],[16.3091928,48.1951864],[16.3090799,48.195386],[16.3089273,48.1955864],[16.3087434,48.1957756],[16.3084303,48.196046],[16.3081638,48.196267],[16.3078993,48.1964933],[16.3075813,48.1967604],[16.3072146,48.1970352],[16.3069559,48.1972446],[16.3067245,48.197454],[16.3065523,48.1976602],[16.3063899,48.1978981],[16.3062878,48.1981288],[16.3062256,48.1984134],[16.306245,48.1986481],[16.3062917,48.1988698],[16.3063627,48.1990915],[16.3064434,48.199332],[16.3065104,48.1995352],[16.3065319,48.1996004],[16.3066642,48.199977],[16.3067429,48.2002103],[16.3068713,48.2005571],[16.3069705,48.200878],[16.3070862,48.2012157],[16.3072924,48.2018023],[16.3075025,48.2023721],[16.3075686,48.2025711],[16.3077038,48.2029587],[16.307873,48.2034455],[16.3081346,48.2040905],[16.3082611,48.2043633],[16.3084215,48.2046693],[16.3086442,48.2051586],[16.3087571,48.2054626],[16.3088602,48.2057465],[16.3089788,48.2061043],[16.3091616,48.2066319],[16.3093056,48.2070752],[16.3094797,48.2075937],[16.3096304,48.2080468],[16.3098142,48.208575],[16.3099474,48.2089651],[16.3100603,48.2092847],[16.3102042,48.209715],[16.3103238,48.2100488],[16.3104454,48.2103061],[16.3105932,48.210566],[16.3107741,48.2109237],[16.3109151,48.2112724],[16.3110435,48.211669],[16.3112234,48.2122056],[16.3112934,48.2124616],[16.3112993,48.2126171],[16.3112575,48.2128653],[16.3112108,48.2129872],[16.3111077,48.213192],[16.3108898,48.2135607],[16.3107459,48.2138018],[16.3106088,48.2140351],[16.310495,48.2142353],[16.3103938,48.2144401],[16.3103228,48.2146488],[16.3102713,48.214919],[16.310245,48.2151892],[16.3102694,48.2154387],[16.3103472,48.2157731],[16.3104483,48.2160803],[16.3105232,48.2163045],[16.3106516,48.2166797],[16.3107683,48.217016],[16.3109064,48.217443],[16.3110221,48.2177612],[16.31113,48.2181351],[16.3112895,48.2186049],[16.3113907,48.2189075],[16.3115794,48.2194674],[16.3116815,48.2197492],[16.3117525,48.2199547],[16.3117756,48.2201327],[16.3116639,48.2201486],[16.3120326,48.220611],[16.3123107,48.2209499],[16.3125616,48.2212694],[16.3128028,48.2215772],[16.3132725,48.2221512],[16.3135293,48.2224519],[16.3138784,48.2227998],[16.3142937,48.2230901],[16.3149803,48.2233681],[16.3154073,48.2235151],[16.3158896,48.2237108],[16.3164138,48.2238514],[16.3167941,48.2239447],[16.3173611,48.2240899],[16.317789,48.2241968],[16.3184348,48.2243607],[16.3189463,48.2244805],[16.3192711,48.2245726],[16.3194773,48.2246425],[16.3197525,48.2247572],[16.3199402,48.2248479],[16.3200783,48.2249283],[16.3204761,48.2252114],[16.320941,48.2255528],[16.3213135,48.2258055],[16.3217248,48.2260388],[16.3219592,48.2261353],[16.3222315,48.2262422],[16.3227071,48.2263394],[16.3229804,48.2263783],[16.323455,48.2264016],[16.3237915,48.2264119],[16.3244032,48.2264333],[16.3247533,48.2264443],[16.325262,48.2264696],[16.3255576,48.2264981],[16.3258853,48.2265564],[16.3263774,48.2266912],[16.3265525,48.2267709],[16.3268394,48.2269134],[16.3269717,48.2270009],[16.3273014,48.2272263],[16.3277079,48.2274985],[16.3280317,48.2277032],[16.3283215,48.2279014],[16.3285102,48.2280563],[16.3287436,48.2282753],[16.3289362,48.2285188],[16.3290655,48.2287488],[16.3291531,48.2289963],[16.3291871,48.2292289],[16.3291881,48.229444],[16.3291628,48.2297174],[16.3291005,48.2301378],[16.329049,48.2305486],[16.3289829,48.2311705],[16.3290004,48.2314018],[16.3291103,48.2318501],[16.3292172,48.2321176],[16.3293553,48.2323411],[16.3295557,48.2325847],[16.3298222,48.2328626],[16.3301071,48.233134],[16.3303386,48.2333582],[16.3306012,48.2335959],[16.3308229,48.2338207],[16.3310369,48.2340144],[16.33128,48.234256],[16.3315786,48.2345359],[16.3317954,48.234736],[16.3321271,48.2350541],[16.3323469,48.2352672],[16.3325161,48.2354311],[16.3326999,48.2356105],[16.3329352,48.2358347],[16.3331988,48.2360808],[16.3335635,48.2364371],[16.3338611,48.2367202],[16.3343785,48.2372099],[16.3352343,48.238026],[16.3363411,48.2390877],[16.3366922,48.2394012],[16.3370812,48.2396713],[16.3373836,48.2398228],[16.3377337,48.2399576],[16.3381179,48.2400606],[16.3385789,48.2401402],[16.3386878,48.2401493],[16.3390486,48.2401623],[16.3394055,48.2401538],[16.3399852,48.2401344],[16.3405872,48.2401111],[16.3410491,48.240102],[16.3412631,48.2400929],[16.3413662,48.2401007],[16.3415475,48.2401196],[16.3417929,48.2401562],[16.3420343,48.2402143],[16.3422408,48.240275],[16.3424433,48.2403491],[16.3426539,48.2404304],[16.342792,48.2405037],[16.3429825,48.2406091],[16.3432601,48.2407931],[16.3433593,48.240869],[16.3434639,48.2409806],[16.3436195,48.2411539],[16.343704,48.24127],[16.343763,48.2413861],[16.3438797,48.2416326],[16.3439427,48.2418952],[16.3439615,48.2420917],[16.3439427,48.2422748],[16.3439199,48.2424311],[16.343822,48.2430036],[16.3438046,48.2433368],[16.3438274,48.2435975],[16.3439011,48.2439432],[16.3441385,48.2443469],[16.3443128,48.2445335],[16.3445489,48.2447595],[16.3448225,48.2449613],[16.3449981,48.2450721],[16.3452731,48.2452123],[16.3454581,48.2453025],[16.3457103,48.2453847],[16.3459678,48.2454641],[16.3464345,48.2455642],[16.3468676,48.2456035],[16.3471922,48.2456204],[16.3474161,48.2456186],[16.3478842,48.2455802],[16.3481698,48.2455267],[16.348481,48.2454597],[16.3488873,48.2453686],[16.3494493,48.2452391],[16.3499039,48.2451382],[16.3501292,48.2451051],[16.3506361,48.245031],[16.3513121,48.2449497],[16.3517439,48.2449354],[16.3520658,48.2449345],[16.3527712,48.2449354],[16.3535088,48.2449452],[16.3541485,48.2449158],[16.3548566,48.2447747],[16.3553635,48.2445916],[16.3559308,48.2443692],[16.3563895,48.2441888],[16.3569045,48.2440253],[16.3571995,48.2439512],[16.3574945,48.2439146],[16.3578714,48.2438851],[16.3581597,48.2438905],[16.3585272,48.243911],[16.3588906,48.2439351],[16.3594606,48.2439271],[16.359765,48.2439021],[16.3604249,48.2437833],[16.3609519,48.2436886],[16.3612724,48.2436538],[16.3615085,48.2436386],[16.3617512,48.243644],[16.3619698,48.2436645],[16.3622461,48.2437145],[16.3625143,48.2437788],[16.3626927,48.2438413],[16.3629099,48.2439262],[16.3630789,48.2440092],[16.3633122,48.2441494],[16.3635187,48.2443111],[16.3636984,48.2444995],[16.3638849,48.2447577],[16.3640203,48.2450783],[16.3640565,48.2453676],[16.3640485,48.2457329],[16.3640552,48.2460741],[16.3641061,48.2463197],[16.3642523,48.2467046],[16.3644817,48.2470815],[16.3647405,48.2475173],[16.3648733,48.2477361],[16.3648317,48.2481808],[16.3651119,48.2486506],[16.3653305,48.2490748],[16.3656015,48.2495275],[16.3657074,48.249632],[16.3658804,48.2498918],[16.3660252,48.2501106],[16.3662183,48.2503687],[16.3665295,48.2507554],[16.3667816,48.2510733],[16.3670002,48.2513885],[16.3671598,48.2516305],[16.3672724,48.2518663],[16.3676775,48.2525485],[16.3679215,48.2529566],[16.368053,48.2531879],[16.3681777,48.2534111],[16.3683467,48.2537192],[16.3685492,48.2540701],[16.3686994,48.2542808],[16.3688174,48.2544692],[16.3690588,48.2546237],[16.3691674,48.2547478],[16.3694638,48.2550113],[16.3698012,48.2552327]]},"properties":{"voltage":"55000","name":"H\u00fctteldorf - Floridsdorf"}},{"type":"Feature","geometry":{"type":"LineString","coordinates":[[16.3951513,48.2471156],[16.3954316,48.2474244],[16.3957521,48.247779],[16.3961491,48.2482978],[16.3963489,48.2485443],[16.3966064,48.2489864],[16.396766,48.2493195],[16.3969793,48.2497821],[16.3971,48.2500857],[16.3972019,48.2503357],[16.3973413,48.2506947],[16.3975385,48.2511921],[16.3976552,48.2514922],[16.3978912,48.2520771],[16.3979622,48.2522547],[16.3980414,48.2524699],[16.3982197,48.2529664],[16.3983404,48.2532397],[16.3984879,48.253596],[16.3985979,48.2539228],[16.3987159,48.2543219],[16.3988259,48.2547425],[16.3989265,48.2550631],[16.3990271,48.2553131],[16.3991437,48.255547],[16.3993986,48.2559631],[16.3997204,48.2564096],[16.3999498,48.2566962],[16.4003052,48.2570784],[16.40067,48.2573968],[16.4010414,48.2576695],[16.4014652,48.2579481],[16.4016463,48.2580829],[16.4018153,48.2582249],[16.4021747,48.2585159],[16.4024214,48.2587115],[16.4028439,48.25909],[16.4028855,48.2591642],[16.4030652,48.2593141],[16.4032503,48.2594659],[16.4036888,48.259865],[16.4040469,48.2601641],[16.4045176,48.260632],[16.4048046,48.2609311],[16.4050715,48.2611293],[16.4053169,48.2615623],[16.4053679,48.2616971],[16.4054001,48.2619159],[16.4052849,48.2619858]]},"properties":{"voltage":"55000","name":"H\u00fctteldorf - Floridsdorf"}},{"type":"Feature","geometry":{"type":"LineString","coordinates":[[16.3864047,48.2425558],[16.3874225,48.2430152],[16.3883251,48.243443],[16.3890506,48.2437815],[16.3898164,48.2441396],[16.3904883,48.2444495],[16.3912929,48.2448228],[16.3918428,48.2450854],[16.3923189,48.2452998],[16.3929546,48.2456106],[16.3933261,48.2458097],[16.3935594,48.2459437],[16.3938464,48.2461179],[16.3941093,48.2462893],[16.3943708,48.2464724],[16.3945961,48.2466439],[16.3946136,48.246658]]},"properties":{"voltage":"55000","name":"H\u00fctteldorf - Floridsdorf"}},{"type":"Feature","geometry":{"type":"LineString","coordinates":[[16.3712179,48.2555857],[16.3717477,48.2555702],[16.3721916,48.2554943],[16.3727147,48.2553541],[16.3732886,48.2551595],[16.3739029,48.2547559],[16.3745614,48.2542165],[16.3747558,48.2539746],[16.3750133,48.2536049],[16.3752426,48.2532932],[16.3755283,48.2529137],[16.3758944,48.2526012],[16.3762257,48.2522619],[16.3766199,48.2518395],[16.3769096,48.2515198],[16.3772892,48.2511144],[16.3776325,48.2507366],[16.3779745,48.2503982],[16.378244,48.2500883],[16.3785592,48.2497436],[16.3789401,48.2493426],[16.3793974,48.248822],[16.3796428,48.2485451],[16.379962,48.2481594],[16.3802141,48.2478584],[16.3805279,48.2475074],[16.3808766,48.2471038],[16.3811328,48.2468376],[16.3814747,48.246484],[16.3817711,48.2461767],[16.3818086,48.2461437],[16.3821855,48.2457766],[16.3828681,48.2450916],[16.3831953,48.2447549],[16.3836352,48.2443539],[16.3839544,48.2440645],[16.3845284,48.2435733],[16.3852365,48.2429838],[16.3854766,48.2427713],[16.385604,48.2426507],[16.3858052,48.2424721],[16.3858964,48.2423801],[16.3861096,48.2424105],[16.3864047,48.2425558]]},"properties":{"voltage":"55000","name":"H\u00fctteldorf - Floridsdorf"}},{"type":"Feature","geometry":{"type":"LineString","coordinates":[[16.3698012,48.2552327],[16.370019,48.2553282],[16.3702256,48.2554041],[16.3704965,48.2554854],[16.3707821,48.2555417],[16.3710155,48.2555711],[16.3712179,48.2555857]]},"properties":{"voltage":"55000","name":"H\u00fctteldorf - Floridsdorf"}},{"type":"Feature","geometry":{"type":"LineString","coordinates":[[16.2358624,48.1999025],[16.235893,48.1999454],[16.2362684,48.1998428]]},"properties":{"voltage":"110000","name":""}},{"type":"Feature","geometry":{"type":"LineString","coordinates":[[16.2357159,48.1995254],[16.2357546,48.1995744],[16.2361283,48.1995023]]},"properties":{"voltage":"110000","name":""}},{"type":"Feature","geometry":{"type":"LineString","coordinates":[[16.2358624,48.1999025],[16.235852,48.1998362],[16.2362176,48.1997126]]},"properties":{"voltage":"110000","name":""}},{"type":"Feature","geometry":{"type":"LineString","coordinates":[[16.2360209,48.1999438],[16.2358167,48.1994577]]},"properties":{"voltage":"110000","name":""}},{"type":"Feature","geometry":{"type":"LineString","coordinates":[[16.2361099,48.1999382],[16.2359057,48.1994521]]},"properties":{"voltage":"110000","name":""}},{"type":"Feature","geometry":{"type":"LineString","coordinates":[[16.2366707,48.1997536],[16.2364877,48.1993127]]},"properties":{"voltage":"55000","name":""}},{"type":"Feature","geometry":{"type":"LineString","coordinates":[[16.2362724,48.1997033],[16.2364806,48.1995688],[16.2366105,48.1995358]]},"properties":{"voltage":"55000","name":""}},{"type":"Feature","geometry":{"type":"LineString","coordinates":[[16.2363207,48.1998322],[16.2365107,48.1997063],[16.2366572,48.1996734]]},"properties":{"voltage":"55000","name":""}},{"type":"Feature","geometry":{"type":"LineString","coordinates":[[16.2361732,48.1994651],[16.2363722,48.199363],[16.2365262,48.1993381]]},"properties":{"voltage":"55000","name":""}},{"type":"Feature","geometry":{"type":"LineString","coordinates":[[16.2362724,48.1997033],[16.2362061,48.1995307],[16.2363496,48.1994775],[16.2365563,48.1994174]]},"properties":{"voltage":"55000","name":""}},{"type":"Feature","geometry":{"type":"LineString","coordinates":[[15.3042826,48.2225566],[15.3043107,48.2224765],[15.3035208,48.2223937],[15.3031359,48.2222014],[15.3018047,48.2220518],[15.3017045,48.221985],[15.300662,48.2218808],[15.2984528,48.2216644],[15.2959669,48.2215415],[15.2940303,48.2215228],[15.2924947,48.2215629],[15.2912236,48.2216377],[15.2900088,48.2217179],[15.2883889,48.2218568],[15.2864403,48.2220304],[15.2851573,48.2221373],[15.2836417,48.2222441],[15.2809834,48.222391],[15.2788383,48.2224525],[15.2764209,48.2224536],[15.2743895,48.2224181],[15.2714776,48.2223102],[15.2703007,48.2222273],[15.2702252,48.2220823],[15.2706923,48.2186823],[15.2706188,48.2186068],[15.2687279,48.2184258],[15.2684747,48.2182671],[15.2685641,48.2177636],[15.2687837,48.2178057]]},"properties":{"voltage":"110000","name":"KW Melk - Bergern"}},{"type":"Feature","geometry":{"type":"LineString","coordinates":[[16.3430772,48.2183882],[16.3452149,48.2180185],[16.3452276,48.2180508]]},"properties":{"voltage":"","name":""}},{"type":"Feature","geometry":{"type":"LineString","coordinates":[[16.3452396,48.2180489],[16.3452271,48.2180162],[16.3463153,48.217827],[16.3463179,48.2175565],[16.3468167,48.2175354],[16.3468191,48.2175629]]},"properties":{"voltage":"","name":""}},{"type":"Feature","geometry":{"type":"LineString","coordinates":[[16.3468277,48.2175626],[16.346825,48.2175357],[16.3472767,48.2175107],[16.3477362,48.2174903],[16.3479584,48.2174903],[16.3480831,48.2174977],[16.3482603,48.217515],[16.3486053,48.2175742],[16.3489783,48.2176473],[16.3493354,48.2177301],[16.3497361,48.2178436],[16.3500709,48.2179606],[16.350203,48.2180161],[16.3504266,48.2181446],[16.3505386,48.2182235],[16.350758,48.2184176],[16.3508109,48.2184633],[16.3509069,48.2185209],[16.3512185,48.21871],[16.3514996,48.2188803],[16.3515618,48.2189184]]},"properties":{"voltage":"","name":""}},{"type":"Feature","geometry":{"type":"LineString","coordinates":[[16.5053785,48.1686169],[16.5054002,48.1686339],[16.5093301,48.1663669],[16.50966,48.1661819],[16.5099201,48.1663612],[16.5102803,48.1664018],[16.5124572,48.1670694],[16.5126052,48.1670658],[16.5132404,48.1670052]]},"properties":{"voltage":"","name":""}},{"type":"Feature","geometry":{"type":"LineString","coordinates":[[16.9711035,48.7690025],[16.9706495,48.769047]]},"properties":{"voltage":"110000","name":""}},{"type":"Feature","geometry":{"type":"LineString","coordinates":[[16.9711035,48.7690025],[16.9706897,48.7691236]]},"properties":{"voltage":"110000","name":""}},{"type":"Feature","geometry":{"type":"LineString","coordinates":[[16.9706897,48.7691236],[16.9704691,48.7691713],[16.9701718,48.7692356]]},"properties":{"voltage":"110000","name":""}},{"type":"Feature","geometry":{"type":"LineString","coordinates":[[16.9706495,48.769047],[16.9704319,48.769094],[16.9701326,48.7691588]]},"properties":{"voltage":"110000","name":""}},{"type":"Feature","geometry":{"type":"LineString","coordinates":[[16.9706085,48.7689698],[16.9703944,48.7690163]]},"properties":{"voltage":"110000","name":""}},{"type":"Feature","geometry":{"type":"LineString","coordinates":[[16.9705703,48.7688939],[16.9703573,48.7689393]]},"properties":{"voltage":"110000","name":""}},{"type":"Feature","geometry":{"type":"LineString","coordinates":[[16.970339,48.7689013],[16.9703573,48.7689393],[16.9703944,48.7690163],[16.9704319,48.769094],[16.9704691,48.7691713],[16.9704885,48.7692115]]},"properties":{"voltage":"110000","name":""}},{"type":"Feature","geometry":{"type":"LineString","coordinates":[[16.9070686,48.7815283],[16.9068608,48.7815026],[16.906738,48.7814874],[16.9063948,48.7814448]]},"properties":{"voltage":"110000","name":""}},{"type":"Feature","geometry":{"type":"LineString","coordinates":[[16.9071146,48.7813674],[16.9069079,48.781342],[16.9067846,48.7813269],[16.9064391,48.7812845]]},"properties":{"voltage":"110000","name":""}},{"type":"Feature","geometry":{"type":"LineString","coordinates":[[16.9071678,48.7811724],[16.9069656,48.7811455],[16.9068421,48.7811291]]},"properties":{"voltage":"110000","name":""}},{"type":"Feature","geometry":{"type":"LineString","coordinates":[[16.9068542,48.7810876],[16.9068421,48.7811291],[16.9067846,48.7813269],[16.906738,48.7814874],[16.9067036,48.7816057]]},"properties":{"voltage":"110000","name":""}},{"type":"Feature","geometry":{"type":"LineString","coordinates":[[16.9069793,48.7810988],[16.9069656,48.7811455],[16.9069079,48.781342],[16.9068608,48.7815026],[16.9068256,48.7816225]]},"properties":{"voltage":"110000","name":""}},{"type":"Feature","geometry":{"type":"LineString","coordinates":[[16.9149312,48.7770446],[16.9174328,48.7781642],[16.9199561,48.7792942],[16.9234112,48.7806039],[16.9256836,48.781459],[16.9275073,48.7821495],[16.9293915,48.782868]]},"properties":{"voltage":"110000","name":""}},{"type":"Feature","geometry":{"type":"LineString","coordinates":[[16.9149312,48.7770446],[16.9140714,48.7771235]]},"properties":{"voltage":"110000","name":""}},{"type":"Feature","geometry":{"type":"LineString","coordinates":[[16.9149312,48.7770446],[16.9140935,48.7772579]]},"properties":{"voltage":"110000","name":""}},{"type":"Feature","geometry":{"type":"LineString","coordinates":[[16.9139238,48.7773091],[16.9139172,48.7772706],[16.9138939,48.7771359],[16.9138883,48.7771037]]},"properties":{"voltage":"110000","name":""}},{"type":"Feature","geometry":{"type":"LineString","coordinates":[[16.9140935,48.7772579],[16.9139172,48.7772706]]},"properties":{"voltage":"110000","name":""}},{"type":"Feature","geometry":{"type":"LineString","coordinates":[[16.9140714,48.7771235],[16.9138939,48.7771359]]},"properties":{"voltage":"110000","name":""}},{"type":"Feature","geometry":{"type":"LineString","coordinates":[[16.9139172,48.7772706],[16.913755,48.7772813]]},"properties":{"voltage":"110000","name":""}},{"type":"Feature","geometry":{"type":"LineString","coordinates":[[16.9138939,48.7771359],[16.9137323,48.7771461]]},"properties":{"voltage":"110000","name":""}},{"type":"Feature","geometry":{"type":"LineString","coordinates":[[17.066149,48.6272891],[17.0667511,48.6267501]]},"properties":{"voltage":"110000","name":""}},{"type":"Feature","geometry":{"type":"LineString","coordinates":[[17.0665365,48.6265303],[17.0658928,48.6271508]]},"properties":{"voltage":"110000","name":""}},{"type":"Feature","geometry":{"type":"LineString","coordinates":[[17.0667511,48.6267501],[17.0660418,48.6272316]]},"properties":{"voltage":"110000","name":""}},{"type":"Feature","geometry":{"type":"LineString","coordinates":[[17.0665365,48.6265303],[17.0657868,48.627093]]},"properties":{"voltage":"110000","name":""}},{"type":"Feature","geometry":{"type":"LineString","coordinates":[[17.0659887,48.6272031],[17.0660418,48.6272316],[17.0661966,48.6273148]]},"properties":{"voltage":"","name":""}},{"type":"Feature","geometry":{"type":"LineString","coordinates":[[17.0657359,48.6270657],[17.0657868,48.627093],[17.0659438,48.6271774]]},"properties":{"voltage":"","name":""}},{"type":"Feature","geometry":{"type":"LineString","coordinates":[[17.0248099,48.6045238],[17.0262055,48.6061283],[17.0279937,48.6082137],[17.0300791,48.6106575],[17.0313926,48.6122003],[17.033122,48.6141828],[17.0347917,48.6161121],[17.0365276,48.6181495],[17.0402889,48.619123],[17.0441902,48.6200627],[17.0480633,48.6210255],[17.0519874,48.6219909],[17.0557612,48.622928],[17.0594667,48.6238525],[17.0632473,48.6247975],[17.0662782,48.6255323],[17.0665365,48.6265303]]},"properties":{"voltage":"110000","name":""}},{"type":"Feature","geometry":{"type":"LineString","coordinates":[[16.6046251,48.8579897],[16.6046263,48.8586838]]},"properties":{"voltage":"110000","name":""}},{"type":"Feature","geometry":{"type":"LineString","coordinates":[[16.6046251,48.8579897],[16.6044218,48.8586664]]},"properties":{"voltage":"110000","name":""}},{"type":"Feature","geometry":{"type":"LineString","coordinates":[[16.6043436,48.85878],[16.6043967,48.8587839],[16.6045072,48.8587922],[16.6046063,48.8587996],[16.6046722,48.8588045]]},"properties":{"voltage":"110000","name":""}},{"type":"Feature","geometry":{"type":"LineString","coordinates":[[16.6044218,48.8586664],[16.6043967,48.8587839],[16.604378,48.8588982],[16.6043728,48.8589286]]},"properties":{"voltage":"110000","name":""}},{"type":"Feature","geometry":{"type":"LineString","coordinates":[[16.6046263,48.8586838],[16.6046063,48.8587996],[16.6045882,48.8589126],[16.6045825,48.8589433]]},"properties":{"voltage":"110000","name":""}},{"type":"Feature","geometry":{"type":"LineString","coordinates":[[16.6237483,48.815399],[16.6234131,48.8153605]]},"properties":{"voltage":"110000","name":""}},{"type":"Feature","geometry":{"type":"LineString","coordinates":[[16.6237483,48.815399],[16.6238049,48.8151828],[16.6234856,48.8150738]]},"properties":{"voltage":"110000","name":""}},{"type":"Feature","geometry":{"type":"LineString","coordinates":[[16.6232237,48.8153744],[16.6232326,48.8153373],[16.6232517,48.8152587],[16.6232679,48.8151916],[16.6232818,48.8151342],[16.623301,48.8150552],[16.6233122,48.8150089]]},"properties":{"voltage":"110000","name":""}},{"type":"Feature","geometry":{"type":"LineString","coordinates":[[16.6230797,48.8151145],[16.6222039,48.8149177]]},"properties":{"voltage":"110000","name":""}},{"type":"Feature","geometry":{"type":"LineString","coordinates":[[16.6222039,48.8149177],[16.6231008,48.8150349]]},"properties":{"voltage":"110000","name":""}},{"type":"Feature","geometry":{"type":"LineString","coordinates":[[16.6231008,48.8150349],[16.623301,48.8150552],[16.6234856,48.8150738]]},"properties":{"voltage":"110000","name":""}},{"type":"Feature","geometry":{"type":"LineString","coordinates":[[16.6230797,48.8151145],[16.6232818,48.8151342],[16.6234643,48.8151519]]},"properties":{"voltage":"110000","name":""}},{"type":"Feature","geometry":{"type":"LineString","coordinates":[[16.6230515,48.8152369],[16.6232517,48.8152587],[16.6234341,48.8152787]]},"properties":{"voltage":"110000","name":""}},{"type":"Feature","geometry":{"type":"LineString","coordinates":[[16.6234131,48.8153605],[16.6232326,48.8153373],[16.6230328,48.8153117]]},"properties":{"voltage":"110000","name":""}},{"type":"Feature","geometry":{"type":"LineString","coordinates":[[15.6262981,48.4068286],[15.6295896,48.406571],[15.6334823,48.4060417],[15.6370075,48.4048571],[15.6405457,48.4036472],[15.6440961,48.4027785],[15.6480067,48.4023881],[15.650571,48.4023556],[15.6531171,48.4026091],[15.6560749,48.4032341],[15.6588708,48.4012694],[15.6619225,48.3994857],[15.6655945,48.3983472],[15.6694088,48.397429],[15.6730058,48.3961784],[15.6768988,48.3963234],[15.6811712,48.3964859]]},"properties":{"voltage":"110000","name":""}},{"type":"Feature","geometry":{"type":"LineString","coordinates":[[15.6930757,48.4806221],[15.6930033,48.4807497],[15.692917,48.4809018],[15.6928371,48.4810428]]},"properties":{"voltage":"110000","name":""}},{"type":"Feature","geometry":{"type":"LineString","coordinates":[[15.6923498,48.4807766],[15.692853,48.4808863]]},"properties":{"voltage":"110000","name":""}},{"type":"Feature","geometry":{"type":"LineString","coordinates":[[15.69319,48.4809308],[15.693065,48.4808992],[15.692917,48.4809018],[15.692853,48.4808863]]},"properties":{"voltage":"110000","name":""}},{"type":"Feature","geometry":{"type":"LineString","coordinates":[[15.6923498,48.4807766],[15.692943,48.4807359]]},"properties":{"voltage":"110000","name":""}},{"type":"Feature","geometry":{"type":"LineString","coordinates":[[15.6932341,48.4808556],[15.6931074,48.4808215],[15.6930033,48.4807497],[15.692943,48.4807359]]},"properties":{"voltage":"110000","name":""}},{"type":"Feature","geometry":{"type":"LineString","coordinates":[[15.7045731,48.4575485],[15.7044947,48.4575825],[15.704312,48.4573697],[15.7042338,48.4574017]]},"properties":{"voltage":"20000","name":""}},{"type":"Feature","geometry":{"type":"LineString","coordinates":[[15.7790528,48.215496],[15.779174,48.2155342]]},"properties":{"voltage":"20000","name":""}},{"type":"Feature","geometry":{"type":"LineString","coordinates":[[16.722405,48.5692563],[16.7263127,48.568568],[16.7297231,48.567908]]},"properties":{"voltage":"","name":""}},{"type":"Feature","geometry":{"type":"LineString","coordinates":[[16.394688,48.2465731],[16.3938805,48.2473306],[16.3946446,48.2476934],[16.3916877,48.2505938],[16.3929697,48.2525147],[16.3916501,48.2529505],[16.3933452,48.2547792]]},"properties":{"voltage":"110000","name":""}},{"type":"Feature","geometry":{"type":"LineString","coordinates":[[16.3865039,48.2424615],[16.3897822,48.2439928],[16.3908757,48.2445119],[16.3930421,48.2455362],[16.3934562,48.2457562],[16.3939352,48.2460388],[16.3942378,48.2462395],[16.3946935,48.2465679],[16.394688,48.2465731]]},"properties":{"voltage":"110000","name":""}},{"type":"Feature","geometry":{"type":"LineString","coordinates":[[16.3264007,48.1934063],[16.3264292,48.1934146]]},"properties":{"voltage":"","name":""}},{"type":"Feature","geometry":{"type":"LineString","coordinates":[[16.3261261,48.19378],[16.3261545,48.1937886]]},"properties":{"voltage":"","name":""}},{"type":"Feature","geometry":{"type":"LineString","coordinates":[[16.3261545,48.1937886],[16.3264007,48.1934063]]},"properties":{"voltage":"","name":""}},{"type":"Feature","geometry":{"type":"LineString","coordinates":[[16.3261208,48.1937783],[16.3261261,48.19378]]},"properties":{"voltage":"","name":""}},{"type":"Feature","geometry":{"type":"LineString","coordinates":[[16.3264292,48.1934146],[16.3264842,48.1934307],[16.3264898,48.1934226]]},"properties":{"voltage":"","name":""}},{"type":"Feature","geometry":{"type":"LineString","coordinates":[[15.982413,48.8132698],[15.9823743,48.8131526]]},"properties":{"voltage":"22000","name":""}},{"type":"Feature","geometry":{"type":"LineString","coordinates":[[16.8017784,48.6061331],[16.8018057,48.6065962]]},"properties":{"voltage":"220000","name":""}},{"type":"Feature","geometry":{"type":"LineString","coordinates":[[16.8015584,48.606142],[16.8018057,48.6065962]]},"properties":{"voltage":"220000","name":""}},{"type":"Feature","geometry":{"type":"LineString","coordinates":[[16.3946136,48.246658],[16.3948362,48.2468377],[16.3950145,48.2469904],[16.3951513,48.2471156]]},"properties":{"voltage":"55000","name":"H\u00fctteldorf - Floridsdorf"}},{"type":"Feature","geometry":{"type":"LineString","coordinates":[[16.0385667,48.1801673],[16.038008,48.1809932]]},"properties":{"voltage":"110000","name":""}},{"type":"Feature","geometry":{"type":"LineString","coordinates":[[16.038008,48.1809932],[16.0363187,48.1819106],[16.0327127,48.1838533],[16.0294064,48.1856345],[16.0265358,48.1871822],[16.023044,48.1890711],[16.0197959,48.1908285],[16.0163342,48.1927167],[16.0128638,48.1945879],[16.0094074,48.1964512],[16.0074522,48.1986462],[16.0056756,48.2006369],[16.0040062,48.2025299],[16.0021991,48.2045562],[15.9996377,48.2068252],[15.9969533,48.2091973],[15.9934506,48.2107971],[15.9895444,48.2125804],[15.9859956,48.2141928],[15.9826475,48.2157226],[15.9796472,48.2170906],[15.9770476,48.2182682],[15.9770662,48.2208108]]},"properties":{"voltage":"110000","name":"Auhof \u2013 Tullnerfeld"}},{"type":"Feature","geometry":{"type":"LineString","coordinates":[[16.038008,48.1809932],[16.0380945,48.1801696]]},"properties":{"voltage":"110000","name":""}},{"type":"Feature","geometry":{"type":"LineString","coordinates":[[16.2370805,48.2009158],[16.2371026,48.200971]]},"properties":{"voltage":"110000","name":""}},{"type":"Feature","geometry":{"type":"LineString","coordinates":[[16.4269268,48.1603761],[16.4271666,48.1608052]]},"properties":{"voltage":"380000","name":"Wien S\u00fcdost - Wien Simmering"}},{"type":"Feature","geometry":{"type":"LineString","coordinates":[[16.4245135,48.154196],[16.4246142,48.154308],[16.424784,48.1545332],[16.4249882,48.1547389],[16.4250058,48.154748],[16.4250243,48.1547518],[16.4250449,48.1547515],[16.4250806,48.1547443],[16.4251253,48.1547381],[16.4251756,48.1547349],[16.4252773,48.1547358],[16.4253756,48.154743],[16.4254617,48.1547539],[16.4258773,48.1548072],[16.4260426,48.15483],[16.4261147,48.1548361],[16.4262198,48.1548353],[16.4262428,48.1548377],[16.4262615,48.1548473],[16.4262785,48.1548664],[16.4262822,48.1548826],[16.4262781,48.154901],[16.4262635,48.1549213],[16.4262466,48.1549371],[16.4258597,48.1553111],[16.4256598,48.1555413],[16.4250381,48.1563017],[16.4243847,48.1571027],[16.4243423,48.157158],[16.4243086,48.1572175],[16.4242687,48.1573217],[16.4242617,48.1573867],[16.4242583,48.1574508],[16.4242637,48.1575036],[16.4242737,48.157553],[16.4242925,48.1576099],[16.4243077,48.15765],[16.4243301,48.1576975],[16.4244002,48.1578172],[16.4247749,48.1581664],[16.4252025,48.158589],[16.4256415,48.159032],[16.4260742,48.1594352],[16.4262184,48.1595884],[16.4263327,48.1597188],[16.426377,48.1597683],[16.4264237,48.1598068],[16.4264515,48.1598244],[16.4264801,48.1598391],[16.4265091,48.1598573],[16.4265361,48.1598797],[16.4265942,48.1599384],[16.4266362,48.1599836],[16.4266653,48.1600175],[16.4267035,48.1600662],[16.42687,48.1602951],[16.4269268,48.1603761]]},"properties":{"voltage":"380000","name":"Wien S\u00fcdost - Wien Simmering"}},{"type":"Feature","geometry":{"type":"LineString","coordinates":[[16.4902909,48.2750142],[16.4904324,48.2750374]]},"properties":{"voltage":"","name":""}},{"type":"Feature","geometry":{"type":"LineString","coordinates":[[15.9332387,48.8811345],[15.9340015,48.8811238],[15.9346668,48.8811313],[15.9357586,48.8811408],[15.9367841,48.8813393],[15.9377999,48.8814758],[15.938884,48.881668],[15.9398849,48.8818423],[15.9410426,48.8820323],[15.942148,48.8822147],[15.9432747,48.882397],[15.9445001,48.8826019],[15.9456887,48.8828025],[15.9464439,48.88292],[15.9472075,48.8830362]]},"properties":{"voltage":"","name":""}},{"type":"Feature","geometry":{"type":"LineString","coordinates":[[16.3227838,48.1249008],[16.3227859,48.1249008],[16.3227878,48.1249006]]},"properties":{"voltage":"","name":""}},{"type":"Feature","geometry":{"type":"LineString","coordinates":[[16.3226802,48.1249085],[16.3226823,48.1249085],[16.3226842,48.1249084]]},"properties":{"voltage":"","name":""}},{"type":"Feature","geometry":{"type":"LineString","coordinates":[[16.3225889,48.1249159],[16.322591,48.1249158],[16.3225929,48.1249157]]},"properties":{"voltage":"","name":""}}]}