{"type":"FeatureCollection","features":[{"type":"Feature","geometry":{"type":"Point","coordinates":[16.8818556,48.5627863]},"properties":{"voltage":"","name":""}},{"type":"Feature","geometry":{"type":"Point","coordinates":[16.7387012,48.3867988]},"properties":{"voltage":"","name":""}},{"type":"Feature","geometry":{"type":"Point","coordinates":[16.7287916,48.3500534]},"properties":{"voltage":"","name":""}},{"type":"Feature","geometry":{"type":"Point","coordinates":[16.7175629,48.3549296]},"properties":{"voltage":"","name":""}},{"type":"Feature","geometry":{"type":"Point","coordinates":[16.5809878,48.3113789]},"properties":{"voltage":"","name":""}},{"type":"Feature","geometry":{"type":"Point","coordinates":[15.3614462,48.4293427]},"properties":{"voltage":"","name":""}},{"type":"Feature","geometry":{"type":"Point","coordinates":[16.5113894,48.411792]},"properties":{"voltage":"","name":""}},{"type":"Feature","geometry":{"type":"Point","coordinates":[16.4073817,48.3494465]},"properties":{"voltage":"","name":""}},{"type":"Feature","geometry":{"type":"Point","coordinates":[16.4711076,48.4176868]},"properties":{"voltage":"","name":"TST Schleinbach Kirche"}},{"type":"Feature","geometry":{"type":"Point","coordinates":[16.4904117,48.420497]},"properties":{"voltage":"","name":""}},{"type":"Feature","geometry":{"type":"Point","coordinates":[16.5317963,48.364158]},"properties":{"voltage":"","name":""}},{"type":"Feature","geometry":{"type":"Point","coordinates":[16.4918093,48.3299009]},"properties":{"voltage":"","name":""}},{"type":"Feature","geometry":{"type":"Point","coordinates":[16.3830026,48.3666028]},"properties":{"voltage":"","name":""}},{"type":"Feature","geometry":{"type":"Point","coordinates":[16.4748343,48.344765]},"properties":{"voltage":"","name":""}},{"type":"Feature","geometry":{"type":"Point","coordinates":[16.4125048,48.3508072]},"properties":{"voltage":"","name":""}},{"type":"Feature","geometry":{"type":"Point","coordinates":[16.4723592,48.4218436]},"properties":{"voltage":"","name":""}},{"type":"Feature","geometry":{"type":"Point","coordinates":[16.4036276,48.4570618]},"properties":{"voltage":"","name":"TST Weinsteig 1"}},{"type":"Feature","geometry":{"type":"Point","coordinates":[16.4633309,48.4819276]},"properties":{"voltage":"","name":""}},{"type":"Feature","geometry":{"type":"Point","coordinates":[16.4868996,48.4275078]},"properties":{"voltage":"","name":""}},{"type":"Feature","geometry":{"type":"Point","coordinates":[15.7266423,48.4561509]},"properties":{"voltage":"20000;400","name":"TST Hadersdorf Dr. Koch Hof"}},{"type":"Feature","geometry":{"type":"Point","coordinates":[16.5124765,48.3801841]},"properties":{"voltage":"","name":""}},{"type":"Feature","geometry":{"type":"Point","coordinates":[16.4742812,48.3841648]},"properties":{"voltage":"","name":"TST M\u00fcnichsthal Hauptstra\u00dfe"}},{"type":"Feature","geometry":{"type":"Point","coordinates":[16.4620943,48.3915728]},"properties":{"voltage":"","name":""}},{"type":"Feature","geometry":{"type":"Point","coordinates":[16.4407922,48.3980613]},"properties":{"voltage":"","name":""}},{"type":"Feature","geometry":{"type":"Point","coordinates":[16.3799413,48.2909849]},"properties":{"voltage":"","name":""}},{"type":"Feature","geometry":{"type":"Point","coordinates":[16.5246702,48.3745714]},"properties":{"voltage":"","name":""}},{"type":"Feature","geometry":{"type":"Point","coordinates":[16.3501977,48.3430184]},"properties":{"voltage":"","name":""}},{"type":"Feature","geometry":{"type":"Point","coordinates":[15.6103114,48.3566451]},"properties":{"voltage":"","name":""}},{"type":"Feature","geometry":{"type":"Point","coordinates":[16.494313,48.4177545]},"properties":{"voltage":"","name":""}},{"type":"Feature","geometry":{"type":"Point","coordinates":[16.4919986,48.4196368]},"properties":{"voltage":"","name":""}},{"type":"Feature","geometry":{"type":"Point","coordinates":[16.5102214,48.388473]},"properties":{"voltage":"","name":""}},{"type":"Feature","geometry":{"type":"Point","coordinates":[15.5908911,48.4363504]},"properties":{"voltage":"","name":""}},{"type":"Feature","geometry":{"type":"Point","coordinates":[15.5947207,48.4384256]},"properties":{"voltage":"","name":""}},{"type":"Feature","geometry":{"type":"Point","coordinates":[16.630591,48.3718881]},"properties":{"voltage":"","name":""}},{"type":"Feature","geometry":{"type":"Point","coordinates":[16.6123166,48.3605921]},"properties":{"voltage":"","name":""}},{"type":"Feature","geometry":{"type":"Point","coordinates":[16.4307105,48.3858095]},"properties":{"voltage":"","name":"TST Manhartsbrunn Mittelstra\u00dfe"}},{"type":"Feature","geometry":{"type":"Point","coordinates":[16.4264959,48.387397]},"properties":{"voltage":"","name":"TST Manhartsbrunn Seebarnerstra\u00dfe"}},{"type":"Feature","geometry":{"type":"Point","coordinates":[16.3888635,48.3790786]},"properties":{"voltage":"","name":""}},{"type":"Feature","geometry":{"type":"Point","coordinates":[16.3638464,48.3363176]},"properties":{"voltage":"","name":""}},{"type":"Feature","geometry":{"type":"Point","coordinates":[16.419664,48.2951477]},"properties":{"voltage":"","name":""}},{"type":"Feature","geometry":{"type":"Point","coordinates":[16.4443516,48.3233413]},"properties":{"voltage":"","name":""}},{"type":"Feature","geometry":{"type":"Point","coordinates":[16.465262,48.3385218]},"properties":{"voltage":"","name":""}},{"type":"Feature","geometry":{"type":"Point","coordinates":[16.3693351,48.3892765]},"properties":{"voltage":"","name":""}},{"type":"Feature","geometry":{"type":"Point","coordinates":[16.5458604,48.3622236]},"properties":{"voltage":"","name":""}},{"type":"Feature","geometry":{"type":"Point","coordinates":[16.4106292,48.340006]},"properties":{"voltage":"","name":""}},{"type":"Feature","geometry":{"type":"Point","coordinates":[15.6946224,48.3977862]},"properties":{"voltage":"","name":"TST Thei\u00df Ost"}},{"type":"Feature","geometry":{"type":"Point","coordinates":[15.6817597,48.4714669]},"properties":{"voltage":"","name":"TST Langenlois Siedlung Wienerstra\u00dfe"}},{"type":"Feature","geometry":{"type":"Point","coordinates":[16.5084072,48.3787111]},"properties":{"voltage":"","name":""}},{"type":"Feature","geometry":{"type":"Point","coordinates":[16.5101417,48.3818174]},"properties":{"voltage":"","name":""}},{"type":"Feature","geometry":{"type":"Point","coordinates":[16.4991231,48.3153889]},"properties":{"voltage":"","name":""}},{"type":"Feature","geometry":{"type":"Point","coordinates":[16.4933991,48.4013731]},"properties":{"voltage":"","name":""}},{"type":"Feature","geometry":{"type":"Point","coordinates":[15.8150453,48.1944931]},"properties":{"voltage":"","name":""}},{"type":"Feature","geometry":{"type":"Point","coordinates":[16.2875831,48.0885892]},"properties":{"voltage":"","name":""}},{"type":"Feature","geometry":{"type":"Point","coordinates":[16.4917209,48.4077278]},"properties":{"voltage":"","name":""}},{"type":"Feature","geometry":{"type":"Point","coordinates":[16.3702367,48.3457542]},"properties":{"voltage":"","name":""}},{"type":"Feature","geometry":{"type":"Point","coordinates":[16.4681998,48.3601653]},"properties":{"voltage":"","name":"TST Seyringer Weg"}},{"type":"Feature","geometry":{"type":"Point","coordinates":[16.5239243,48.3678349]},"properties":{"voltage":"","name":"TST Obersdorf Kellergasse"}},{"type":"Feature","geometry":{"type":"Point","coordinates":[16.5217622,48.377382]},"properties":{"voltage":"","name":""}},{"type":"Feature","geometry":{"type":"Point","coordinates":[16.4825467,48.3612657]},"properties":{"voltage":"","name":""}},{"type":"Feature","geometry":{"type":"Point","coordinates":[15.6979032,48.4265306]},"properties":{"voltage":"","name":""}},{"type":"Feature","geometry":{"type":"Point","coordinates":[16.3747853,48.3662326]},"properties":{"voltage":"","name":"TST Stetten 1"}},{"type":"Feature","geometry":{"type":"Point","coordinates":[15.349553,48.4582124]},"properties":{"voltage":"","name":""}},{"type":"Feature","geometry":{"type":"Point","coordinates":[16.4966501,48.3473371]},"properties":{"voltage":"","name":""}},{"type":"Feature","geometry":{"type":"Point","coordinates":[16.4931154,48.3460912]},"properties":{"voltage":"","name":"TST Eibesbrunn S1 Ost T9"}},{"type":"Feature","geometry":{"type":"Point","coordinates":[16.510881,48.3668009]},"properties":{"voltage":"","name":""}},{"type":"Feature","geometry":{"type":"Point","coordinates":[16.5032278,48.3685982]},"properties":{"voltage":"","name":"TST Eco Plus S\u00fcd"}},{"type":"Feature","geometry":{"type":"Point","coordinates":[16.4285977,48.3900927]},"properties":{"voltage":"","name":"TST Manhartsbrunn Sender"}},{"type":"Feature","geometry":{"type":"Point","coordinates":[16.3741361,48.3478798]},"properties":{"voltage":"","name":""}},{"type":"Feature","geometry":{"type":"Point","coordinates":[16.5153285,48.4193777]},"properties":{"voltage":"","name":"TST Kronberg Gemeinde"}},{"type":"Feature","geometry":{"type":"Point","coordinates":[16.6010555,48.7531308]},"properties":{"voltage":"","name":""}},{"type":"Feature","geometry":{"type":"Point","coordinates":[16.4130013,48.2331389]},"properties":{"voltage":"","name":""}},{"type":"Feature","geometry":{"type":"Point","coordinates":[16.3664974,48.3635924]},"properties":{"voltage":"","name":""}},{"type":"Feature","geometry":{"type":"Point","coordinates":[16.3273612,48.3560178]},"properties":{"voltage":"","name":"TST Korneuburg Karl-Bodingbauer-Stra\u00dfe"}},{"type":"Feature","geometry":{"type":"Point","coordinates":[16.4015724,48.3972803]},"properties":{"voltage":"","name":"TST Kleinr\u00f6tz West"}},{"type":"Feature","geometry":{"type":"Point","coordinates":[16.4814977,48.2876321]},"properties":{"voltage":"","name":""}},{"type":"Feature","geometry":{"type":"Point","coordinates":[16.3533556,48.319334]},"properties":{"voltage":"","name":""}},{"type":"Feature","geometry":{"type":"Point","coordinates":[16.3450695,48.3422291]},"properties":{"voltage":"","name":""}},{"type":"Feature","geometry":{"type":"Point","coordinates":[16.4604278,48.3379613]},"properties":{"voltage":"","name":""}},{"type":"Feature","geometry":{"type":"Point","coordinates":[16.4619374,48.3617209]},"properties":{"voltage":"","name":""}},{"type":"Feature","geometry":{"type":"Point","coordinates":[16.3303649,48.3424505]},"properties":{"voltage":"","name":"TST Korneuburg Bahnpark"}},{"type":"Feature","geometry":{"type":"Point","coordinates":[15.7176061,48.8444351]},"properties":{"voltage":"","name":"TST Langau Novak"}},{"type":"Feature","geometry":{"type":"Point","coordinates":[15.7247039,48.6852969]},"properties":{"voltage":"","name":""}},{"type":"Feature","geometry":{"type":"Point","coordinates":[15.8134481,48.6038209]},"properties":{"voltage":"","name":""}},{"type":"Feature","geometry":{"type":"Point","coordinates":[16.3089359,48.3602728]},"properties":{"voltage":"","name":""}},{"type":"Feature","geometry":{"type":"Point","coordinates":[15.676455,48.7980991]},"properties":{"voltage":"","name":""}},{"type":"Feature","geometry":{"type":"Point","coordinates":[15.6695273,48.7972591]},"properties":{"voltage":"","name":"TST Geras Stra\u00dfenmeisterei"}},{"type":"Feature","geometry":{"type":"Point","coordinates":[15.678406,48.4790787]},"properties":{"voltage":"","name":""}},{"type":"Feature","geometry":{"type":"Point","coordinates":[16.3390573,48.3513343]},"properties":{"voltage":"","name":""}},{"type":"Feature","geometry":{"type":"Point","coordinates":[16.3232994,48.3569757]},"properties":{"voltage":"","name":""}},{"type":"Feature","geometry":{"type":"Point","coordinates":[16.9058335,48.281612]},"properties":{"voltage":"","name":""}},{"type":"Feature","geometry":{"type":"Point","coordinates":[16.6022379,48.5013671]},"properties":{"voltage":"","name":""}},{"type":"Feature","geometry":{"type":"Point","coordinates":[16.4956372,48.3954092]},"properties":{"voltage":"","name":"TST Ulrichskirchen Parksiedlung"}},{"type":"Feature","geometry":{"type":"Point","coordinates":[16.3304649,48.355576]},"properties":{"voltage":"","name":"TST Korneuburg Frauental"}},{"type":"Feature","geometry":{"type":"Point","coordinates":[16.3311451,48.3540883]},"properties":{"voltage":"","name":""}},{"type":"Feature","geometry":{"type":"Point","coordinates":[16.075538,48.5174178]},"properties":{"voltage":"","name":""}},{"type":"Feature","geometry":{"type":"Point","coordinates":[15.7642738,48.1646478]},"properties":{"voltage":"","name":""}},{"type":"Feature","geometry":{"type":"Point","coordinates":[16.3980667,48.3390199]},"properties":{"voltage":"","name":""}},{"type":"Feature","geometry":{"type":"Point","coordinates":[15.1843432,48.5944499]},"properties":{"voltage":"","name":""}},{"type":"Feature","geometry":{"type":"Point","coordinates":[16.5087509,48.3810984]},"properties":{"voltage":"","name":""}},{"type":"Feature","geometry":{"type":"Point","coordinates":[16.4524879,48.2656294]},"properties":{"voltage":"","name":""}},{"type":"Feature","geometry":{"type":"Point","coordinates":[16.4006282,48.3235369]},"properties":{"voltage":"","name":""}},{"type":"Feature","geometry":{"type":"Point","coordinates":[16.6065478,48.4473055]},"properties":{"voltage":"","name":""}},{"type":"Feature","geometry":{"type":"Point","coordinates":[15.4881526,48.5205751]},"properties":{"voltage":"","name":""}},{"type":"Feature","geometry":{"type":"Point","coordinates":[16.75996,48.4678026]},"properties":{"voltage":"","name":""}},{"type":"Feature","geometry":{"type":"Point","coordinates":[17.0213601,48.2015063]},"properties":{"voltage":"","name":""}},{"type":"Feature","geometry":{"type":"Point","coordinates":[16.2913897,48.1440465]},"properties":{"voltage":"","name":""}},{"type":"Feature","geometry":{"type":"Point","coordinates":[15.5294166,48.512284]},"properties":{"voltage":"","name":""}},{"type":"Feature","geometry":{"type":"Point","coordinates":[17.0394772,48.1972682]},"properties":{"voltage":"","name":""}},{"type":"Feature","geometry":{"type":"Point","coordinates":[16.3053841,48.0966102]},"properties":{"voltage":"","name":""}},{"type":"Feature","geometry":{"type":"Point","coordinates":[16.2764906,48.0838021]},"properties":{"voltage":"","name":""}},{"type":"Feature","geometry":{"type":"Point","coordinates":[16.4793953,48.4179546]},"properties":{"voltage":"","name":""}},{"type":"Feature","geometry":{"type":"Point","coordinates":[15.9832079,48.4681583]},"properties":{"voltage":"","name":""}},{"type":"Feature","geometry":{"type":"Point","coordinates":[15.9921882,48.4643978]},"properties":{"voltage":"","name":""}},{"type":"Feature","geometry":{"type":"Point","coordinates":[15.2185088,48.4524316]},"properties":{"voltage":"","name":""}},{"type":"Feature","geometry":{"type":"Point","coordinates":[15.2130868,48.4516978]},"properties":{"voltage":"","name":""}},{"type":"Feature","geometry":{"type":"Point","coordinates":[15.2149342,48.4267166]},"properties":{"voltage":"","name":"TST Ottenschlag West"}},{"type":"Feature","geometry":{"type":"Point","coordinates":[16.4549553,48.3694352]},"properties":{"voltage":"","name":""}},{"type":"Feature","geometry":{"type":"Point","coordinates":[16.2853456,48.2285224]},"properties":{"voltage":"","name":""}},{"type":"Feature","geometry":{"type":"Point","coordinates":[16.4973364,48.361446]},"properties":{"voltage":"","name":""}},{"type":"Feature","geometry":{"type":"Point","coordinates":[15.9453183,48.5126521]},"properties":{"voltage":"","name":"Glaubendorf 1"}},{"type":"Feature","geometry":{"type":"Point","coordinates":[15.4106633,48.496656]},"properties":{"voltage":"","name":""}},{"type":"Feature","geometry":{"type":"Point","coordinates":[16.4796705,48.1641385]},"properties":{"voltage":"","name":""}},{"type":"Feature","geometry":{"type":"Point","coordinates":[16.4913013,48.2677142]},"properties":{"voltage":"","name":""}},{"type":"Feature","geometry":{"type":"Point","coordinates":[16.5021221,48.2683699]},"properties":{"voltage":"","name":""}},{"type":"Feature","geometry":{"type":"Point","coordinates":[16.5152517,48.3296865]},"properties":{"voltage":"","name":""}},{"type":"Feature","geometry":{"type":"Point","coordinates":[16.5063128,48.338891]},"properties":{"voltage":"","name":""}},{"type":"Feature","geometry":{"type":"Point","coordinates":[16.5160474,48.3248566]},"properties":{"voltage":"","name":"TST Kapellerfeld S1 Ost T7"}},{"type":"Feature","geometry":{"type":"Point","coordinates":[16.5036659,48.3910726]},"properties":{"voltage":"","name":""}},{"type":"Feature","geometry":{"type":"Point","coordinates":[16.5414886,48.4162136]},"properties":{"voltage":"","name":""}},{"type":"Feature","geometry":{"type":"Point","coordinates":[16.2154172,48.4533251]},"properties":{"voltage":"","name":"TST Senning 2"}},{"type":"Feature","geometry":{"type":"Point","coordinates":[16.2173404,48.4286313]},"properties":{"voltage":"","name":"TST Hatzenbach"}},{"type":"Feature","geometry":{"type":"Point","coordinates":[15.6477381,48.267869]},"properties":{"voltage":"","name":""}},{"type":"Feature","geometry":{"type":"Point","coordinates":[16.1802405,48.3905561]},"properties":{"voltage":"","name":"Stockerau P.-MAX"}},{"type":"Feature","geometry":{"type":"Point","coordinates":[17.0508506,48.1982488]},"properties":{"voltage":"","name":""}},{"type":"Feature","geometry":{"type":"Point","coordinates":[16.2198378,48.2162529]},"properties":{"voltage":"","name":""}},{"type":"Feature","geometry":{"type":"Point","coordinates":[16.2035305,48.3804559]},"properties":{"voltage":"","name":""}},{"type":"Feature","geometry":{"type":"Point","coordinates":[15.6033636,48.5666169]},"properties":{"voltage":"","name":""}},{"type":"Feature","geometry":{"type":"Point","coordinates":[15.4663354,48.5940988]},"properties":{"voltage":"","name":""}},{"type":"Feature","geometry":{"type":"Point","coordinates":[15.7323412,48.4709488]},"properties":{"voltage":"","name":""}},{"type":"Feature","geometry":{"type":"Point","coordinates":[16.2382335,48.3512821]},"properties":{"voltage":"","name":"TST Greifenstein Jarosch"}},{"type":"Feature","geometry":{"type":"Point","coordinates":[16.4053398,48.3340947]},"properties":{"voltage":"","name":""}},{"type":"Feature","geometry":{"type":"Point","coordinates":[16.007277,48.1834738]},"properties":{"voltage":"","name":""}},{"type":"Feature","geometry":{"type":"Point","coordinates":[15.9761457,48.4738676]},"properties":{"voltage":"","name":""}},{"type":"Feature","geometry":{"type":"Point","coordinates":[15.688221,48.4329485]},"properties":{"voltage":"","name":""}},{"type":"Feature","geometry":{"type":"Point","coordinates":[16.0588367,48.2833046]},"properties":{"voltage":"","name":""}},{"type":"Feature","geometry":{"type":"Point","coordinates":[16.2261579,48.3916477]},"properties":{"voltage":"","name":"TST Stockerau Adlerstra\u00dfe"}},{"type":"Feature","geometry":{"type":"Point","coordinates":[16.2664227,48.3811048]},"properties":{"voltage":"","name":"TST Spillern Marienhof"}},{"type":"Feature","geometry":{"type":"Point","coordinates":[16.3204641,48.3538107]},"properties":{"voltage":"","name":"TST Korneuburg Stockerauerstra\u00dfe Gymnasium"}},{"type":"Feature","geometry":{"type":"Point","coordinates":[15.985132,48.1858816]},"properties":{"voltage":"","name":""}},{"type":"Feature","geometry":{"type":"Point","coordinates":[15.6956216,48.7875874]},"properties":{"voltage":"","name":"Goggitsch Kopetzky"}},{"type":"Feature","geometry":{"type":"Point","coordinates":[16.4191944,48.2456208]},"properties":{"voltage":"","name":""}},{"type":"Feature","geometry":{"type":"Point","coordinates":[16.3219506,48.3466938]},"properties":{"voltage":"","name":""}},{"type":"Feature","geometry":{"type":"Point","coordinates":[15.6184324,48.1712393]},"properties":{"voltage":"","name":""}},{"type":"Feature","geometry":{"type":"Point","coordinates":[16.452892,48.3641403]},"properties":{"voltage":"","name":""}},{"type":"Feature","geometry":{"type":"Point","coordinates":[16.4648613,48.3605475]},"properties":{"voltage":"","name":""}},{"type":"Feature","geometry":{"type":"Point","coordinates":[15.6957361,48.3567411]},"properties":{"voltage":"","name":""}},{"type":"Feature","geometry":{"type":"Point","coordinates":[15.9726896,48.783818]},"properties":{"voltage":"","name":""}},{"type":"Feature","geometry":{"type":"Point","coordinates":[16.3025223,48.3919962]},"properties":{"voltage":"","name":"Oberrohrbach Leobendorferstra\u00dfe"}},{"type":"Feature","geometry":{"type":"Point","coordinates":[16.6231394,48.3710407]},"properties":{"voltage":"","name":"Trafo Bo 202"}},{"type":"Feature","geometry":{"type":"Point","coordinates":[16.4749316,48.3054435]},"properties":{"voltage":"","name":""}},{"type":"Feature","geometry":{"type":"Point","coordinates":[16.5149805,48.3156339]},"properties":{"voltage":"","name":""}},{"type":"Feature","geometry":{"type":"Point","coordinates":[16.2050015,48.3232726]},"properties":{"voltage":"","name":"TST St.Andr\u00e4 Friedhof"}},{"type":"Feature","geometry":{"type":"Point","coordinates":[16.1985284,48.3206503]},"properties":{"voltage":"","name":"TST St.Andr\u00e4 Siedlung"}},{"type":"Feature","geometry":{"type":"Point","coordinates":[16.4057322,48.3322591]},"properties":{"voltage":"","name":""}},{"type":"Feature","geometry":{"type":"Point","coordinates":[16.2309061,48.3404757]},"properties":{"voltage":"","name":"TST Altenberg 1"}},{"type":"Feature","geometry":{"type":"Point","coordinates":[16.2291459,48.3382556]},"properties":{"voltage":"","name":"TST Altenberg 2"}},{"type":"Feature","geometry":{"type":"Point","coordinates":[16.205075,48.3255507]},"properties":{"voltage":"","name":"TST St.Andr\u00e4 Grasweg"}},{"type":"Feature","geometry":{"type":"Point","coordinates":[16.213011,48.3331869]},"properties":{"voltage":"","name":"TST W\u00f6rdern Korngasse"}},{"type":"Feature","geometry":{"type":"Point","coordinates":[16.2140945,48.3258285]},"properties":{"voltage":"","name":"TST W\u00f6rdern Webergasse"}},{"type":"Feature","geometry":{"type":"Point","coordinates":[16.06029,48.3288772]},"properties":{"voltage":"","name":"TST Tulln Heisselgarten"}},{"type":"Feature","geometry":{"type":"Point","coordinates":[16.0518806,48.3302209]},"properties":{"voltage":"","name":"TST Tulln Jasomirgottgasse"}},{"type":"Feature","geometry":{"type":"Point","coordinates":[16.2052756,48.3318541]},"properties":{"voltage":"","name":"TST W\u00f6rdern-Aufhof"}},{"type":"Feature","geometry":{"type":"Point","coordinates":[15.9314627,48.4268862]},"properties":{"voltage":"","name":"K\u00dcH Unterstockstall"}},{"type":"Feature","geometry":{"type":"Point","coordinates":[15.7358045,48.3544894]},"properties":{"voltage":"","name":""}},{"type":"Feature","geometry":{"type":"Point","coordinates":[15.7378308,48.3608619]},"properties":{"voltage":"","name":""}},{"type":"Feature","geometry":{"type":"Point","coordinates":[16.6612236,48.3228953]},"properties":{"voltage":"","name":"TST Silberwald Lindengasse"}},{"type":"Feature","geometry":{"type":"Point","coordinates":[16.4481303,48.3328557]},"properties":{"voltage":"","name":""}},{"type":"Feature","geometry":{"type":"Point","coordinates":[16.2155884,48.3310405]},"properties":{"voltage":"","name":"TST W\u00f6rdern Dr. Kleinstra\u00dfe"}},{"type":"Feature","geometry":{"type":"Point","coordinates":[15.1989077,48.0404362]},"properties":{"voltage":"","name":""}},{"type":"Feature","geometry":{"type":"Point","coordinates":[16.2203156,48.325976]},"properties":{"voltage":"","name":"TST W\u00f6rdern Waldgasse"}},{"type":"Feature","geometry":{"type":"Point","coordinates":[15.5100696,48.1646025]},"properties":{"voltage":"","name":""}},{"type":"Feature","geometry":{"type":"Point","coordinates":[16.0556486,48.3280412]},"properties":{"voltage":"","name":"TST Tulln Rochusgasse"}},{"type":"Feature","geometry":{"type":"Point","coordinates":[16.0687692,48.3216601]},"properties":{"voltage":"","name":""}},{"type":"Feature","geometry":{"type":"Point","coordinates":[16.0621776,48.3246428]},"properties":{"voltage":"","name":""}},{"type":"Feature","geometry":{"type":"Point","coordinates":[16.0694671,48.332982]},"properties":{"voltage":"","name":"Camping Tulln"}},{"type":"Feature","geometry":{"type":"Point","coordinates":[16.2104954,48.3351127]},"properties":{"voltage":"","name":"TST W\u00f6rdern Bahnsiedlung"}},{"type":"Feature","geometry":{"type":"Point","coordinates":[16.2002479,48.331751]},"properties":{"voltage":"","name":"TST W\u00f6rdern Barth"}},{"type":"Feature","geometry":{"type":"Point","coordinates":[16.1995958,48.5252683]},"properties":{"voltage":"","name":""}},{"type":"Feature","geometry":{"type":"Point","coordinates":[16.4499509,48.2778249]},"properties":{"voltage":"","name":""}},{"type":"Feature","geometry":{"type":"Point","coordinates":[15.0541877,48.6216655]},"properties":{"voltage":"","name":""}},{"type":"Feature","geometry":{"type":"Point","coordinates":[16.4099564,48.2585612]},"properties":{"voltage":"","name":""}},{"type":"Feature","geometry":{"type":"Point","coordinates":[15.0502222,48.4244629]},"properties":{"voltage":"","name":""}},{"type":"Feature","geometry":{"type":"Point","coordinates":[15.0526778,48.4384289]},"properties":{"voltage":"","name":""}},{"type":"Feature","geometry":{"type":"Point","coordinates":[15.0461284,48.4040609]},"properties":{"voltage":"","name":""}},{"type":"Feature","geometry":{"type":"Point","coordinates":[15.2056115,48.4125194]},"properties":{"voltage":"","name":""}},{"type":"Feature","geometry":{"type":"Point","coordinates":[16.63776,48.8068366]},"properties":{"voltage":"22000;400","name":""}},{"type":"Feature","geometry":{"type":"Point","coordinates":[17.1019028,48.1171169]},"properties":{"voltage":"","name":"TS-811"}},{"type":"Feature","geometry":{"type":"Point","coordinates":[17.1020637,48.1170506]},"properties":{"voltage":"","name":"TS-812"}},{"type":"Feature","geometry":{"type":"Point","coordinates":[16.2102287,48.3267275]},"properties":{"voltage":"","name":"TST W\u00f6rdern-Hauptstra\u00dfe"}},{"type":"Feature","geometry":{"type":"Point","coordinates":[17.1725711,48.1580275]},"properties":{"voltage":"","name":""}},{"type":"Feature","geometry":{"type":"Point","coordinates":[15.1053552,48.5224264]},"properties":{"voltage":"","name":""}},{"type":"Feature","geometry":{"type":"Point","coordinates":[15.9149343,48.2851707]},"properties":{"voltage":"","name":""}},{"type":"Feature","geometry":{"type":"Point","coordinates":[16.1176765,48.665867]},"properties":{"voltage":"","name":""}},{"type":"Feature","geometry":{"type":"Point","coordinates":[15.7163384,48.1957719]},"properties":{"voltage":"","name":""}},{"type":"Feature","geometry":{"type":"Point","coordinates":[16.3494243,48.2750073]},"properties":{"voltage":"","name":""}},{"type":"Feature","geometry":{"type":"Point","coordinates":[15.743895,48.3494125]},"properties":{"voltage":"","name":""}},{"type":"Feature","geometry":{"type":"Point","coordinates":[15.9929562,48.4518875]},"properties":{"voltage":"","name":""}},{"type":"Feature","geometry":{"type":"Point","coordinates":[15.3784532,48.4658369]},"properties":{"voltage":"","name":""}},{"type":"Feature","geometry":{"type":"Point","coordinates":[15.0838657,48.9445119]},"properties":{"voltage":"","name":""}},{"type":"Feature","geometry":{"type":"Point","coordinates":[15.6000469,48.516439]},"properties":{"voltage":"","name":""}},{"type":"Feature","geometry":{"type":"Point","coordinates":[15.5616666,48.5134829]},"properties":{"voltage":"","name":""}},{"type":"Feature","geometry":{"type":"Point","coordinates":[17.1012081,48.1310733]},"properties":{"voltage":"","name":""}},{"type":"Feature","geometry":{"type":"Point","coordinates":[16.0615226,48.3960588]},"properties":{"voltage":"","name":""}},{"type":"Feature","geometry":{"type":"Point","coordinates":[15.9969977,48.2936981]},"properties":{"voltage":"","name":""}},{"type":"Feature","geometry":{"type":"Point","coordinates":[15.975454,48.3300318]},"properties":{"voltage":"","name":"TST Langensch\u00f6nbichl Hauptstra\u00dfe"}},{"type":"Feature","geometry":{"type":"Point","coordinates":[15.0462377,48.7471573]},"properties":{"voltage":"","name":""}},{"type":"Feature","geometry":{"type":"Point","coordinates":[15.8921318,48.303434]},"properties":{"voltage":"","name":""}},{"type":"Feature","geometry":{"type":"Point","coordinates":[16.2206563,48.3427087]},"properties":{"voltage":"","name":"TST Altenberg Gelsenweg"}},{"type":"Feature","geometry":{"type":"Point","coordinates":[16.2288451,48.3422399]},"properties":{"voltage":"","name":"TST Altenberg Gemeindeweg"}},{"type":"Feature","geometry":{"type":"Point","coordinates":[15.5998851,48.4108299]},"properties":{"voltage":"","name":"TST Krems Dachsberggasse"}},{"type":"Feature","geometry":{"type":"Point","coordinates":[15.4522263,48.0481326]},"properties":{"voltage":"","name":""}},{"type":"Feature","geometry":{"type":"Point","coordinates":[15.5519566,48.0053368]},"properties":{"voltage":"","name":""}},{"type":"Feature","geometry":{"type":"Point","coordinates":[16.1893939,48.3240439]},"properties":{"voltage":"","name":""}},{"type":"Feature","geometry":{"type":"Point","coordinates":[16.1762497,48.3303516]},"properties":{"voltage":"","name":"TST Zeiselmauer Nord"}},{"type":"Feature","geometry":{"type":"Point","coordinates":[16.1963823,48.294746]},"properties":{"voltage":"","name":"TST Unterkirchbach"}},{"type":"Feature","geometry":{"type":"Point","coordinates":[16.2080097,48.2771472]},"properties":{"voltage":"","name":""}},{"type":"Feature","geometry":{"type":"Point","coordinates":[16.1570504,48.3052055]},"properties":{"voltage":"","name":""}},{"type":"Feature","geometry":{"type":"Point","coordinates":[16.1387524,48.3019074]},"properties":{"voltage":"","name":"TST"}},{"type":"Feature","geometry":{"type":"Point","coordinates":[15.4214057,48.5048472]},"properties":{"voltage":"","name":""}},{"type":"Feature","geometry":{"type":"Point","coordinates":[16.2390576,48.3446671]},"properties":{"voltage":"","name":"TST Altenberg Bahnweg"}},{"type":"Feature","geometry":{"type":"Point","coordinates":[16.2166102,48.3008851]},"properties":{"voltage":"","name":""}},{"type":"Feature","geometry":{"type":"Point","coordinates":[16.2932197,48.2057198]},"properties":{"voltage":"","name":""}},{"type":"Feature","geometry":{"type":"Point","coordinates":[15.4807966,48.6024521]},"properties":{"voltage":"","name":""}},{"type":"Feature","geometry":{"type":"Point","coordinates":[16.0036689,48.3071367]},"properties":{"voltage":"","name":""}},{"type":"Feature","geometry":{"type":"Point","coordinates":[17.0756212,48.1637901]},"properties":{"voltage":"","name":"TS-1840"}},{"type":"Feature","geometry":{"type":"Point","coordinates":[16.29775,48.1539928]},"properties":{"voltage":"","name":""}},{"type":"Feature","geometry":{"type":"Point","coordinates":[16.4241662,48.2255079]},"properties":{"voltage":"","name":""}},{"type":"Feature","geometry":{"type":"Point","coordinates":[15.943497,48.2621708]},"properties":{"voltage":"","name":""}},{"type":"Feature","geometry":{"type":"Point","coordinates":[15.8935003,48.1923114]},"properties":{"voltage":"","name":""}},{"type":"Feature","geometry":{"type":"Point","coordinates":[16.5221581,48.5707435]},"properties":{"voltage":"","name":""}},{"type":"Feature","geometry":{"type":"Point","coordinates":[16.4799318,48.3571201]},"properties":{"voltage":"","name":"TST Gro\u00dfebersdorf Entw\u00e4sserung"}},{"type":"Feature","geometry":{"type":"Point","coordinates":[16.4704176,48.3664349]},"properties":{"voltage":"","name":"TST Gro\u00df Ebersdorf M\u00fcnichsthalerstra\u00dfe"}},{"type":"Feature","geometry":{"type":"Point","coordinates":[15.8140939,48.1886425]},"properties":{"voltage":"","name":""}},{"type":"Feature","geometry":{"type":"Point","coordinates":[15.799961,48.1919449]},"properties":{"voltage":"","name":""}},{"type":"Feature","geometry":{"type":"Point","coordinates":[15.8124924,48.1795775]},"properties":{"voltage":"","name":""}},{"type":"Feature","geometry":{"type":"Point","coordinates":[15.8350241,48.1451406]},"properties":{"voltage":"","name":""}},{"type":"Feature","geometry":{"type":"Point","coordinates":[15.7185099,48.2984718]},"properties":{"voltage":"","name":""}},{"type":"Feature","geometry":{"type":"Point","coordinates":[16.2165096,48.3006799]},"properties":{"voltage":"","name":"TST Hintersdorf"}},{"type":"Feature","geometry":{"type":"Point","coordinates":[16.1967739,48.3235829]},"properties":{"voltage":"","name":"TST St.Andr\u00e4 Rosengasse"}},{"type":"Feature","geometry":{"type":"Point","coordinates":[15.4426869,48.6250969]},"properties":{"voltage":"","name":""}},{"type":"Feature","geometry":{"type":"Point","coordinates":[16.064941,48.5714497]},"properties":{"voltage":"","name":"TST Hollabrunn Gerichtsbergkellergasse"}},{"type":"Feature","geometry":{"type":"Point","coordinates":[16.7357631,48.941125]},"properties":{"voltage":"22000;400","name":"Policie"}},{"type":"Feature","geometry":{"type":"Point","coordinates":[15.9711427,48.4153592]},"properties":{"voltage":"","name":""}},{"type":"Feature","geometry":{"type":"Point","coordinates":[16.2263071,48.4033021]},"properties":{"voltage":"","name":""}},{"type":"Feature","geometry":{"type":"Point","coordinates":[16.4321895,48.2883988]},"properties":{"voltage":"","name":""}},{"type":"Feature","geometry":{"type":"Point","coordinates":[15.1270309,48.5061476]},"properties":{"voltage":"","name":""}},{"type":"Feature","geometry":{"type":"Point","coordinates":[17.0979003,48.123246]},"properties":{"voltage":"","name":""}},{"type":"Feature","geometry":{"type":"Point","coordinates":[17.1024647,48.127158]},"properties":{"voltage":"","name":""}},{"type":"Feature","geometry":{"type":"Point","coordinates":[17.1040016,48.1273577]},"properties":{"voltage":"","name":""}},{"type":"Feature","geometry":{"type":"Point","coordinates":[17.1029703,48.1286735]},"properties":{"voltage":"","name":""}},{"type":"Feature","geometry":{"type":"Point","coordinates":[17.0980941,48.127329]},"properties":{"voltage":"","name":""}},{"type":"Feature","geometry":{"type":"Point","coordinates":[17.0957914,48.1286395]},"properties":{"voltage":"","name":""}},{"type":"Feature","geometry":{"type":"Point","coordinates":[17.097555,48.1297271]},"properties":{"voltage":"","name":""}},{"type":"Feature","geometry":{"type":"Point","coordinates":[17.0957002,48.129796]},"properties":{"voltage":"","name":""}},{"type":"Feature","geometry":{"type":"Point","coordinates":[17.0999901,48.1227454]},"properties":{"voltage":"","name":""}},{"type":"Feature","geometry":{"type":"Point","coordinates":[17.1029971,48.1325388]},"properties":{"voltage":"","name":""}},{"type":"Feature","geometry":{"type":"Point","coordinates":[16.2037705,48.3334213]},"properties":{"voltage":"","name":"TST W\u00f6rdern GEWOG"}},{"type":"Feature","geometry":{"type":"Point","coordinates":[15.9230174,48.3426433]},"properties":{"voltage":"","name":""}},{"type":"Feature","geometry":{"type":"Point","coordinates":[16.1139272,48.3777981]},"properties":{"voltage":"","name":"TST Schmida Kirche"}},{"type":"Feature","geometry":{"type":"Point","coordinates":[16.0920203,48.3286905]},"properties":{"voltage":"","name":"TST"}},{"type":"Feature","geometry":{"type":"Point","coordinates":[15.0575125,48.5885818]},"properties":{"voltage":"","name":""}},{"type":"Feature","geometry":{"type":"Point","coordinates":[15.0570496,48.5823431]},"properties":{"voltage":"","name":""}},{"type":"Feature","geometry":{"type":"Point","coordinates":[15.0550863,48.5656948]},"properties":{"voltage":"","name":""}},{"type":"Feature","geometry":{"type":"Point","coordinates":[16.6067282,48.3529175]},"properties":{"voltage":"","name":"Trafo Bo 123"}},{"type":"Feature","geometry":{"type":"Point","coordinates":[16.5417927,48.8005869]},"properties":{"voltage":"","name":""}},{"type":"Feature","geometry":{"type":"Point","coordinates":[16.4861748,48.3046634]},"properties":{"voltage":"","name":""}},{"type":"Feature","geometry":{"type":"Point","coordinates":[16.4836223,48.787715]},"properties":{"voltage":"","name":""}},{"type":"Feature","geometry":{"type":"Point","coordinates":[16.7345231,48.3730859]},"properties":{"voltage":"","name":""}},{"type":"Feature","geometry":{"type":"Point","coordinates":[16.7468112,48.3933293]},"properties":{"voltage":"","name":""}},{"type":"Feature","geometry":{"type":"Point","coordinates":[16.3473842,48.1747881]},"properties":{"voltage":"","name":""}},{"type":"Feature","geometry":{"type":"Point","coordinates":[16.7244863,48.3476158]},"properties":{"voltage":"","name":""}},{"type":"Feature","geometry":{"type":"Point","coordinates":[16.7280627,48.3468045]},"properties":{"voltage":"","name":""}},{"type":"Feature","geometry":{"type":"Point","coordinates":[16.4133709,48.2369235]},"properties":{"voltage":"","name":""}},{"type":"Feature","geometry":{"type":"Point","coordinates":[17.1712761,48.1715951]},"properties":{"voltage":"420000","name":""}},{"type":"Feature","geometry":{"type":"Point","coordinates":[15.2201637,48.0699964]},"properties":{"voltage":"","name":"TST Oberndorf S\u00e4gewerk Postl"}},{"type":"Feature","geometry":{"type":"Point","coordinates":[16.240055,48.1310649]},"properties":{"voltage":"","name":""}},{"type":"Feature","geometry":{"type":"Point","coordinates":[16.2980111,48.196155]},"properties":{"voltage":"","name":""}},{"type":"Feature","geometry":{"type":"Point","coordinates":[16.368287,48.2831014]},"properties":{"voltage":"","name":""}},{"type":"Feature","geometry":{"type":"Point","coordinates":[16.3798287,48.2854362]},"properties":{"voltage":"","name":""}},{"type":"Feature","geometry":{"type":"Point","coordinates":[15.1360729,48.1386062]},"properties":{"voltage":"","name":""}},{"type":"Feature","geometry":{"type":"Point","coordinates":[15.2722838,48.2180865]},"properties":{"voltage":"110000;15000","name":"Unterwerk Bergern"}},{"type":"Feature","geometry":{"type":"Point","coordinates":[16.2362061,48.1996084]},"properties":{"voltage":"110000;55000;15000","name":"Unterwerk Auhof"}},{"type":"Feature","geometry":{"type":"Point","coordinates":[15.5942381,48.0892669]},"properties":{"voltage":"","name":"TST G\u00f6blasbruck-Siedlung"}},{"type":"Feature","geometry":{"type":"Point","coordinates":[15.5948829,48.0912918]},"properties":{"voltage":"","name":"TST G\u00f6blasbruck/ Lilienfelder Stra\u00dfe Schlosserei"}},{"type":"Feature","geometry":{"type":"Point","coordinates":[15.5938409,48.0763346]},"properties":{"voltage":"","name":""}},{"type":"Feature","geometry":{"type":"Point","coordinates":[15.5995459,48.1030923]},"properties":{"voltage":"","name":""}},{"type":"Feature","geometry":{"type":"Point","coordinates":[16.4055612,48.0865117]},"properties":{"voltage":"20000;400","name":""}},{"type":"Feature","geometry":{"type":"Point","coordinates":[16.357522,48.0675784]},"properties":{"voltage":"20000;400","name":""}},{"type":"Feature","geometry":{"type":"Point","coordinates":[16.3753142,48.0931348]},"properties":{"voltage":"20000;400","name":""}},{"type":"Feature","geometry":{"type":"Point","coordinates":[16.3940306,48.0830163]},"properties":{"voltage":"20000;400","name":""}},{"type":"Feature","geometry":{"type":"Point","coordinates":[15.6152561,48.0550642]},"properties":{"voltage":"","name":"TST Scheibm\u00fchl Bahnhof"}},{"type":"Feature","geometry":{"type":"Point","coordinates":[15.5936712,48.0840916]},"properties":{"voltage":"","name":""}},{"type":"Feature","geometry":{"type":"Point","coordinates":[15.6034781,48.0894885]},"properties":{"voltage":"","name":""}},{"type":"Feature","geometry":{"type":"Point","coordinates":[16.2865002,48.1049958]},"properties":{"voltage":"20000;400","name":""}},{"type":"Feature","geometry":{"type":"Point","coordinates":[16.4140617,48.1875849]},"properties":{"voltage":"20000;400","name":""}},{"type":"Feature","geometry":{"type":"Point","coordinates":[16.3200198,48.1550148]},"properties":{"voltage":"","name":""}},{"type":"Feature","geometry":{"type":"Point","coordinates":[16.4029768,48.2167416]},"properties":{"voltage":"","name":""}},{"type":"Feature","geometry":{"type":"Point","coordinates":[17.134099,48.1427758]},"properties":{"voltage":"","name":"TS-1720"}},{"type":"Feature","geometry":{"type":"Point","coordinates":[15.0261669,48.4394873]},"properties":{"voltage":"","name":""}},{"type":"Feature","geometry":{"type":"Point","coordinates":[16.4696129,48.2975173]},"properties":{"voltage":"","name":""}},{"type":"Feature","geometry":{"type":"Point","coordinates":[15.0564599,48.4655743]},"properties":{"voltage":"","name":""}},{"type":"Feature","geometry":{"type":"Point","coordinates":[16.4243968,48.1661329]},"properties":{"voltage":"","name":"Unterwerk Niernberger"}},{"type":"Feature","geometry":{"type":"Point","coordinates":[16.2930876,48.143875]},"properties":{"voltage":"","name":""}},{"type":"Feature","geometry":{"type":"Point","coordinates":[16.363154,48.2506233]},"properties":{"voltage":"","name":""}},{"type":"Feature","geometry":{"type":"Point","coordinates":[16.2775283,48.1391636]},"properties":{"voltage":"","name":""}},{"type":"Feature","geometry":{"type":"Point","coordinates":[16.2496627,48.5162732]},"properties":{"voltage":"","name":""}},{"type":"Feature","geometry":{"type":"Point","coordinates":[15.7248251,48.0338834]},"properties":{"voltage":"20000;400","name":""}},{"type":"Feature","geometry":{"type":"Point","coordinates":[16.2588504,48.1317286]},"properties":{"voltage":"","name":""}},{"type":"Feature","geometry":{"type":"Point","coordinates":[16.5502346,48.5411434]},"properties":{"voltage":"","name":"TST Paasdorf Kirschenallee"}},{"type":"Feature","geometry":{"type":"Point","coordinates":[16.5203786,48.3830022]},"properties":{"voltage":"","name":""}},{"type":"Feature","geometry":{"type":"Point","coordinates":[16.6080645,48.1168439]},"properties":{"voltage":"20000","name":""}},{"type":"Feature","geometry":{"type":"Point","coordinates":[16.6153843,48.1133331]},"properties":{"voltage":"20000","name":""}},{"type":"Feature","geometry":{"type":"Point","coordinates":[16.045291,48.8564365]},"properties":{"voltage":"","name":"Znojmo Hradn\u00ed"}},{"type":"Feature","geometry":{"type":"Point","coordinates":[16.2560454,48.1230201]},"properties":{"voltage":"","name":""}},{"type":"Feature","geometry":{"type":"Point","coordinates":[16.2916892,48.1239137]},"properties":{"voltage":"","name":""}},{"type":"Feature","geometry":{"type":"Point","coordinates":[16.4315078,48.0811215]},"properties":{"voltage":"","name":""}},{"type":"Feature","geometry":{"type":"Point","coordinates":[16.407041,48.25429]},"properties":{"voltage":"","name":"Unterwerk Floridsdorf"}},{"type":"Feature","geometry":{"type":"Point","coordinates":[15.613765,48.1486772]},"properties":{"voltage":"","name":""}},{"type":"Feature","geometry":{"type":"Point","coordinates":[16.3419653,48.2174525]},"properties":{"voltage":"","name":""}},{"type":"Feature","geometry":{"type":"Point","coordinates":[17.1674872,48.1520457]},"properties":{"voltage":"22000;400","name":"Ts-1929"}},{"type":"Feature","geometry":{"type":"Point","coordinates":[16.3025878,48.1858845]},"properties":{"voltage":"","name":""}},{"type":"Feature","geometry":{"type":"Point","coordinates":[15.6744299,48.4744537]},"properties":{"voltage":"","name":"TST Langenlois Walterstra\u00dfe"}},{"type":"Feature","geometry":{"type":"Point","coordinates":[16.0563884,48.706542]},"properties":{"voltage":"20000;400","name":"TST Jetzelsdorf West"}},{"type":"Feature","geometry":{"type":"Point","coordinates":[16.7332339,48.3538873]},"properties":{"voltage":"","name":""}},{"type":"Feature","geometry":{"type":"Point","coordinates":[16.9700438,48.1515314]},"properties":{"voltage":"","name":"TST Hainburg Thebnerstra\u00dfe"}},{"type":"Feature","geometry":{"type":"Point","coordinates":[16.9960655,48.2282946]},"properties":{"voltage":"","name":""}},{"type":"Feature","geometry":{"type":"Point","coordinates":[15.1544056,48.214176]},"properties":{"voltage":"20000;400","name":"TST Marbach Pumpwerk"}},{"type":"Feature","geometry":{"type":"Point","coordinates":[15.1764894,48.2173505]},"properties":{"voltage":"20000;400","name":"TST Kummnussbaum Pumpwerk"}},{"type":"Feature","geometry":{"type":"Point","coordinates":[15.6677506,48.398107]},"properties":{"voltage":"20000;400","name":""}},{"type":"Feature","geometry":{"type":"Point","coordinates":[15.7967077,48.3228503]},"properties":{"voltage":"","name":"TST Thallern"}},{"type":"Feature","geometry":{"type":"Point","coordinates":[16.407534,48.2215246]},"properties":{"voltage":"","name":""}},{"type":"Feature","geometry":{"type":"Point","coordinates":[16.4058123,48.2227408]},"properties":{"voltage":"","name":""}},{"type":"Feature","geometry":{"type":"Point","coordinates":[16.3570662,48.2291045]},"properties":{"voltage":"","name":""}},{"type":"Feature","geometry":{"type":"Point","coordinates":[16.369506,48.2508315]},"properties":{"voltage":"","name":""}},{"type":"Feature","geometry":{"type":"Point","coordinates":[16.3909971,48.2064888]},"properties":{"voltage":"","name":""}},{"type":"Feature","geometry":{"type":"Point","coordinates":[16.3556523,48.2371763]},"properties":{"voltage":"","name":""}},{"type":"Feature","geometry":{"type":"Point","coordinates":[16.36164,48.2479629]},"properties":{"voltage":"","name":""}},{"type":"Feature","geometry":{"type":"Point","coordinates":[16.338048,48.2299018]},"properties":{"voltage":"","name":""}},{"type":"Feature","geometry":{"type":"Point","coordinates":[16.4138921,48.2126977]},"properties":{"voltage":"","name":""}},{"type":"Feature","geometry":{"type":"Point","coordinates":[15.620372,48.1827381]},"properties":{"voltage":"","name":""}},{"type":"Feature","geometry":{"type":"Point","coordinates":[15.61536,48.1881951]},"properties":{"voltage":"","name":""}},{"type":"Feature","geometry":{"type":"Point","coordinates":[17.140888,48.1581842]},"properties":{"voltage":"420000","name":""}},{"type":"Feature","geometry":{"type":"Point","coordinates":[16.3842525,48.2248857]},"properties":{"voltage":"","name":""}},{"type":"Feature","geometry":{"type":"Point","coordinates":[16.3820549,48.2271225]},"properties":{"voltage":"","name":""}},{"type":"Feature","geometry":{"type":"Point","coordinates":[16.3989783,48.2146983]},"properties":{"voltage":"","name":""}},{"type":"Feature","geometry":{"type":"Point","coordinates":[16.401987,48.213605]},"properties":{"voltage":"","name":""}},{"type":"Feature","geometry":{"type":"Point","coordinates":[16.3838657,48.2110775]},"properties":{"voltage":"","name":""}},{"type":"Feature","geometry":{"type":"Point","coordinates":[16.3649723,48.2265698]},"properties":{"voltage":"","name":""}},{"type":"Feature","geometry":{"type":"Point","coordinates":[16.3658347,48.2198039]},"properties":{"voltage":"","name":"Netztransformatorstation"}},{"type":"Feature","geometry":{"type":"Point","coordinates":[16.3514586,48.1920491]},"properties":{"voltage":"","name":""}},{"type":"Feature","geometry":{"type":"Point","coordinates":[16.3655275,48.2267399]},"properties":{"voltage":"","name":""}},{"type":"Feature","geometry":{"type":"Point","coordinates":[16.4020463,48.2155245]},"properties":{"voltage":"","name":""}},{"type":"Feature","geometry":{"type":"Point","coordinates":[16.403988,48.2146159]},"properties":{"voltage":"","name":""}},{"type":"Feature","geometry":{"type":"Point","coordinates":[16.4094401,48.2759838]},"properties":{"voltage":"","name":""}},{"type":"Feature","geometry":{"type":"Point","coordinates":[16.3932374,48.2211571]},"properties":{"voltage":"","name":""}},{"type":"Feature","geometry":{"type":"Point","coordinates":[16.3941947,48.2217247]},"properties":{"voltage":"","name":""}},{"type":"Feature","geometry":{"type":"Point","coordinates":[16.347681,48.2626577]},"properties":{"voltage":"","name":""}},{"type":"Feature","geometry":{"type":"Point","coordinates":[16.3674603,48.2604081]},"properties":{"voltage":"","name":""}},{"type":"Feature","geometry":{"type":"Point","coordinates":[16.3613659,48.2600698]},"properties":{"voltage":"","name":""}},{"type":"Feature","geometry":{"type":"Point","coordinates":[16.2092909,48.3841921]},"properties":{"voltage":"20000;400","name":"TST Stockerau Hauptstra\u00dfe 8"}},{"type":"Feature","geometry":{"type":"Point","coordinates":[16.3448741,48.2039871]},"properties":{"voltage":"","name":""}},{"type":"Feature","geometry":{"type":"Point","coordinates":[16.3437664,48.2002759]},"properties":{"voltage":"","name":""}},{"type":"Feature","geometry":{"type":"Point","coordinates":[16.9297979,48.1383463]},"properties":{"voltage":"","name":"TST Hainburg Carnuntumstra\u00dfe West"}},{"type":"Feature","geometry":{"type":"Point","coordinates":[16.9250261,48.1374755]},"properties":{"voltage":"","name":"TST Hainburg Pfaffenbergweg"}},{"type":"Feature","geometry":{"type":"Point","coordinates":[16.3311909,48.178494]},"properties":{"voltage":"","name":""}},{"type":"Feature","geometry":{"type":"Point","coordinates":[16.3314087,48.179342]},"properties":{"voltage":"","name":""}},{"type":"Feature","geometry":{"type":"Point","coordinates":[16.286315,48.1451813]},"properties":{"voltage":"","name":""}},{"type":"Feature","geometry":{"type":"Point","coordinates":[16.2857919,48.1348264]},"properties":{"voltage":"","name":""}},{"type":"Feature","geometry":{"type":"Point","coordinates":[16.2236832,48.125158]},"properties":{"voltage":"","name":""}},{"type":"Feature","geometry":{"type":"Point","coordinates":[16.2982414,48.1341446]},"properties":{"voltage":"20000;400","name":""}},{"type":"Feature","geometry":{"type":"Point","coordinates":[16.2875477,48.1334747]},"properties":{"voltage":"20000;400","name":""}},{"type":"Feature","geometry":{"type":"Point","coordinates":[16.3445844,48.2403678]},"properties":{"voltage":"","name":""}},{"type":"Feature","geometry":{"type":"Point","coordinates":[16.8589176,48.1122015]},"properties":{"voltage":"","name":""}},{"type":"Feature","geometry":{"type":"Point","coordinates":[16.2945235,48.1404336]},"properties":{"voltage":"","name":""}},{"type":"Feature","geometry":{"type":"Point","coordinates":[16.3127256,48.1387181]},"properties":{"voltage":"","name":""}},{"type":"Feature","geometry":{"type":"Point","coordinates":[16.3121041,48.1375203]},"properties":{"voltage":"","name":""}},{"type":"Feature","geometry":{"type":"Point","coordinates":[16.3017859,48.1373155]},"properties":{"voltage":"","name":""}},{"type":"Feature","geometry":{"type":"Point","coordinates":[16.3008768,48.1368615]},"properties":{"voltage":"","name":""}},{"type":"Feature","geometry":{"type":"Point","coordinates":[16.3673903,48.2120288]},"properties":{"voltage":"","name":""}},{"type":"Feature","geometry":{"type":"Point","coordinates":[16.3539395,48.228985]},"properties":{"voltage":"","name":""}},{"type":"Feature","geometry":{"type":"Point","coordinates":[16.3464354,48.2162141]},"properties":{"voltage":"","name":""}},{"type":"Feature","geometry":{"type":"Point","coordinates":[16.3578812,48.2380112]},"properties":{"voltage":"","name":""}},{"type":"Feature","geometry":{"type":"Point","coordinates":[16.3540895,48.230273]},"properties":{"voltage":"","name":""}},{"type":"Feature","geometry":{"type":"Point","coordinates":[16.3705291,48.2055466]},"properties":{"voltage":"","name":""}},{"type":"Feature","geometry":{"type":"Point","coordinates":[16.3700423,48.2053471]},"properties":{"voltage":"","name":""}},{"type":"Feature","geometry":{"type":"Point","coordinates":[16.3469831,48.2106725]},"properties":{"voltage":"","name":""}},{"type":"Feature","geometry":{"type":"Point","coordinates":[16.3690511,48.1947178]},"properties":{"voltage":"","name":""}},{"type":"Feature","geometry":{"type":"Point","coordinates":[16.3879948,48.1691363]},"properties":{"voltage":"","name":""}},{"type":"Feature","geometry":{"type":"Point","coordinates":[16.3614213,48.2236947]},"properties":{"voltage":"","name":""}},{"type":"Feature","geometry":{"type":"Point","coordinates":[16.3539736,48.2167801]},"properties":{"voltage":"","name":""}},{"type":"Feature","geometry":{"type":"Point","coordinates":[16.3594404,48.2285496]},"properties":{"voltage":"","name":""}},{"type":"Feature","geometry":{"type":"Point","coordinates":[16.3580851,48.2279218]},"properties":{"voltage":"","name":""}},{"type":"Feature","geometry":{"type":"Point","coordinates":[16.3858378,48.1994395]},"properties":{"voltage":"","name":""}},{"type":"Feature","geometry":{"type":"Point","coordinates":[16.3775179,48.1988852]},"properties":{"voltage":"","name":""}},{"type":"Feature","geometry":{"type":"Point","coordinates":[16.3736902,48.2173198]},"properties":{"voltage":"","name":""}},{"type":"Feature","geometry":{"type":"Point","coordinates":[16.3733112,48.2213353]},"properties":{"voltage":"","name":""}},{"type":"Feature","geometry":{"type":"Point","coordinates":[16.3451955,48.230583]},"properties":{"voltage":"","name":""}},{"type":"Feature","geometry":{"type":"Point","coordinates":[16.3626588,48.227284]},"properties":{"voltage":"","name":""}},{"type":"Feature","geometry":{"type":"Point","coordinates":[16.3684955,48.243894]},"properties":{"voltage":"","name":""}},{"type":"Feature","geometry":{"type":"Point","coordinates":[16.364264,48.2418509]},"properties":{"voltage":"","name":""}},{"type":"Feature","geometry":{"type":"Point","coordinates":[16.370564,48.2260857]},"properties":{"voltage":"","name":""}},{"type":"Feature","geometry":{"type":"Point","coordinates":[16.3768074,48.2231038]},"properties":{"voltage":"","name":""}},{"type":"Feature","geometry":{"type":"Point","coordinates":[15.2168165,48.0710757]},"properties":{"voltage":"","name":"TST Oberndorf Feuerwehrhaus"}},{"type":"Feature","geometry":{"type":"Point","coordinates":[16.3422988,48.1888712]},"properties":{"voltage":"","name":""}},{"type":"Feature","geometry":{"type":"Point","coordinates":[16.3470618,48.1793678]},"properties":{"voltage":"","name":""}},{"type":"Feature","geometry":{"type":"Point","coordinates":[16.4342612,48.276627]},"properties":{"voltage":"","name":""}},{"type":"Feature","geometry":{"type":"Point","coordinates":[16.3670278,48.1994569]},"properties":{"voltage":"","name":""}},{"type":"Feature","geometry":{"type":"Point","coordinates":[16.4220876,48.2705704]},"properties":{"voltage":"","name":""}},{"type":"Feature","geometry":{"type":"Point","coordinates":[16.4336028,48.2597262]},"properties":{"voltage":"","name":""}},{"type":"Feature","geometry":{"type":"Point","coordinates":[16.397633,48.1821128]},"properties":{"voltage":"","name":""}},{"type":"Feature","geometry":{"type":"Point","coordinates":[16.3942194,48.1783622]},"properties":{"voltage":"","name":""}},{"type":"Feature","geometry":{"type":"Point","coordinates":[16.3468232,48.217564]},"properties":{"voltage":"","name":""}},{"type":"Feature","geometry":{"type":"Point","coordinates":[16.505372,48.1686187]},"properties":{"voltage":"","name":""}},{"type":"Feature","geometry":{"type":"Point","coordinates":[16.3959276,48.2324076]},"properties":{"voltage":"","name":""}},{"type":"Feature","geometry":{"type":"Point","coordinates":[16.429256,48.2085794]},"properties":{"voltage":"","name":""}},{"type":"Feature","geometry":{"type":"Point","coordinates":[16.3857843,48.2079487]},"properties":{"voltage":"","name":""}},{"type":"Feature","geometry":{"type":"Point","coordinates":[16.3904655,48.2216151]},"properties":{"voltage":"","name":""}},{"type":"Feature","geometry":{"type":"Point","coordinates":[16.3918199,48.2275544]},"properties":{"voltage":"","name":""}},{"type":"Feature","geometry":{"type":"Point","coordinates":[16.406223,48.2241921]},"properties":{"voltage":"","name":""}},{"type":"Feature","geometry":{"type":"Point","coordinates":[16.3960996,48.2302642]},"properties":{"voltage":"","name":""}},{"type":"Feature","geometry":{"type":"Point","coordinates":[16.3614468,48.2422002]},"properties":{"voltage":"","name":""}},{"type":"Feature","geometry":{"type":"Point","coordinates":[16.3602909,48.2403263]},"properties":{"voltage":"","name":""}},{"type":"Feature","geometry":{"type":"Point","coordinates":[16.3594029,48.2392118]},"properties":{"voltage":"","name":""}},{"type":"Feature","geometry":{"type":"Point","coordinates":[16.3965103,48.2177069]},"properties":{"voltage":"","name":""}},{"type":"Feature","geometry":{"type":"Point","coordinates":[16.3980919,48.2225065]},"properties":{"voltage":"","name":""}},{"type":"Feature","geometry":{"type":"Point","coordinates":[16.3861598,48.2392476]},"properties":{"voltage":"","name":""}},{"type":"Feature","geometry":{"type":"Point","coordinates":[16.3842285,48.2405242]},"properties":{"voltage":"","name":""}},{"type":"Feature","geometry":{"type":"Point","coordinates":[16.3871908,48.2383138]},"properties":{"voltage":"","name":""}},{"type":"Feature","geometry":{"type":"Point","coordinates":[16.3058323,48.1935061]},"properties":{"voltage":"","name":""}},{"type":"Feature","geometry":{"type":"Point","coordinates":[16.3015467,48.1937357]},"properties":{"voltage":"","name":""}},{"type":"Feature","geometry":{"type":"Point","coordinates":[16.2964142,48.1944657]},"properties":{"voltage":"","name":""}},{"type":"Feature","geometry":{"type":"Point","coordinates":[16.3289837,48.2294781]},"properties":{"voltage":"","name":""}},{"type":"Feature","geometry":{"type":"Point","coordinates":[16.4238732,48.2257021]},"properties":{"voltage":"","name":""}},{"type":"Feature","geometry":{"type":"Point","coordinates":[16.3736056,48.2085073]},"properties":{"voltage":"","name":""}},{"type":"Feature","geometry":{"type":"Point","coordinates":[16.3688781,48.2533062]},"properties":{"voltage":"","name":""}},{"type":"Feature","geometry":{"type":"Point","coordinates":[15.6017757,48.099604]},"properties":{"voltage":"","name":"TST Wilhelmsburg Turnhalle"}},{"type":"Feature","geometry":{"type":"Point","coordinates":[16.4115933,48.2126151]},"properties":{"voltage":"","name":""}},{"type":"Feature","geometry":{"type":"Point","coordinates":[16.3676863,48.2597224]},"properties":{"voltage":"","name":""}},{"type":"Feature","geometry":{"type":"Point","coordinates":[16.3685381,48.2495235]},"properties":{"voltage":"","name":""}},{"type":"Feature","geometry":{"type":"Point","coordinates":[16.4176505,48.1887503]},"properties":{"voltage":"","name":""}},{"type":"Feature","geometry":{"type":"Point","coordinates":[16.4122488,48.1924049]},"properties":{"voltage":"","name":""}},{"type":"Feature","geometry":{"type":"Point","coordinates":[16.3683403,48.2542269]},"properties":{"voltage":"","name":""}},{"type":"Feature","geometry":{"type":"Point","coordinates":[16.3821608,48.1460856]},"properties":{"voltage":"","name":""}},{"type":"Feature","geometry":{"type":"Point","coordinates":[15.8116208,48.3061921]},"properties":{"voltage":"","name":"TST"}},{"type":"Feature","geometry":{"type":"Point","coordinates":[15.8333373,48.3199985]},"properties":{"voltage":"","name":"TST Baumgarten"}},{"type":"Feature","geometry":{"type":"Point","coordinates":[16.3597731,48.2449403]},"properties":{"voltage":"","name":""}},{"type":"Feature","geometry":{"type":"Point","coordinates":[16.4159764,48.2043142]},"properties":{"voltage":"","name":""}},{"type":"Feature","geometry":{"type":"Point","coordinates":[16.4157477,48.204996]},"properties":{"voltage":"","name":""}},{"type":"Feature","geometry":{"type":"Point","coordinates":[16.3205547,48.1757858]},"properties":{"voltage":"","name":""}},{"type":"Feature","geometry":{"type":"Point","coordinates":[16.3218402,48.1831959]},"properties":{"voltage":"","name":""}},{"type":"Feature","geometry":{"type":"Point","coordinates":[16.4171535,48.2037957]},"properties":{"voltage":"","name":""}},{"type":"Feature","geometry":{"type":"Point","coordinates":[16.4174517,48.2036346]},"properties":{"voltage":"","name":""}},{"type":"Feature","geometry":{"type":"Point","coordinates":[16.4027197,48.2161125]},"properties":{"voltage":"","name":""}},{"type":"Feature","geometry":{"type":"Point","coordinates":[16.3474776,48.2057026]},"properties":{"voltage":"","name":""}},{"type":"Feature","geometry":{"type":"Point","coordinates":[16.399008,48.2097038]},"properties":{"voltage":"","name":""}},{"type":"Feature","geometry":{"type":"Point","coordinates":[16.4207351,48.1912037]},"properties":{"voltage":"","name":""}},{"type":"Feature","geometry":{"type":"Point","coordinates":[16.4199378,48.1874244]},"properties":{"voltage":"","name":""}},{"type":"Feature","geometry":{"type":"Point","coordinates":[16.4202467,48.1861295]},"properties":{"voltage":"","name":""}},{"type":"Feature","geometry":{"type":"Point","coordinates":[16.320074,48.1689274]},"properties":{"voltage":"","name":""}},{"type":"Feature","geometry":{"type":"Point","coordinates":[16.3182767,48.1668118]},"properties":{"voltage":"","name":""}},{"type":"Feature","geometry":{"type":"Point","coordinates":[16.2843497,48.1740185]},"properties":{"voltage":"","name":""}},{"type":"Feature","geometry":{"type":"Point","coordinates":[16.2795393,48.1769646]},"properties":{"voltage":"","name":""}},{"type":"Feature","geometry":{"type":"Point","coordinates":[16.3007626,48.1865523]},"properties":{"voltage":"","name":""}},{"type":"Feature","geometry":{"type":"Point","coordinates":[16.3656229,48.1946459]},"properties":{"voltage":"","name":""}},{"type":"Feature","geometry":{"type":"Point","coordinates":[16.4059513,48.1821164]},"properties":{"voltage":"","name":""}},{"type":"Feature","geometry":{"type":"Point","coordinates":[16.3925308,48.208715]},"properties":{"voltage":"","name":""}},{"type":"Feature","geometry":{"type":"Point","coordinates":[16.3858917,48.2401828]},"properties":{"voltage":"","name":""}},{"type":"Feature","geometry":{"type":"Point","coordinates":[16.3857542,48.2417528]},"properties":{"voltage":"","name":""}},{"type":"Feature","geometry":{"type":"Point","coordinates":[16.3856796,48.241855]},"properties":{"voltage":"","name":""}},{"type":"Feature","geometry":{"type":"Point","coordinates":[16.4034786,48.2223464]},"properties":{"voltage":"","name":""}},{"type":"Feature","geometry":{"type":"Point","coordinates":[16.4096577,48.2184032]},"properties":{"voltage":"","name":""}},{"type":"Feature","geometry":{"type":"Point","coordinates":[16.2935025,48.2034575]},"properties":{"voltage":"","name":""}},{"type":"Feature","geometry":{"type":"Point","coordinates":[16.3679002,48.2477475]},"properties":{"voltage":"","name":""}},{"type":"Feature","geometry":{"type":"Point","coordinates":[16.3675737,48.2562289]},"properties":{"voltage":"","name":""}},{"type":"Feature","geometry":{"type":"Point","coordinates":[16.337667,48.2404266]},"properties":{"voltage":"","name":""}},{"type":"Feature","geometry":{"type":"Point","coordinates":[16.3434992,48.1999053]},"properties":{"voltage":"","name":""}},{"type":"Feature","geometry":{"type":"Point","coordinates":[16.392199,48.2335191]},"properties":{"voltage":"","name":""}},{"type":"Feature","geometry":{"type":"Point","coordinates":[16.1303776,48.2659993]},"properties":{"voltage":"","name":""}},{"type":"Feature","geometry":{"type":"Point","coordinates":[17.0967749,48.1406999]},"properties":{"voltage":"","name":"TS-1041"}},{"type":"Feature","geometry":{"type":"Point","coordinates":[16.376046,48.2096099]},"properties":{"voltage":"","name":""}},{"type":"Feature","geometry":{"type":"Point","coordinates":[16.4206587,48.255293]},"properties":{"voltage":"","name":""}},{"type":"Feature","geometry":{"type":"Point","coordinates":[15.1137251,48.994531]},"properties":{"voltage":"","name":""}},{"type":"Feature","geometry":{"type":"Point","coordinates":[15.6215984,48.2059128]},"properties":{"voltage":"","name":"TST St. P\u00f6lten Heitzlerstr."}},{"type":"Feature","geometry":{"type":"Point","coordinates":[16.4384909,48.1923769]},"properties":{"voltage":"","name":""}},{"type":"Feature","geometry":{"type":"Point","coordinates":[16.4391404,48.1909822]},"properties":{"voltage":"","name":""}},{"type":"Feature","geometry":{"type":"Point","coordinates":[16.4379025,48.1933496]},"properties":{"voltage":"","name":""}},{"type":"Feature","geometry":{"type":"Point","coordinates":[15.1635574,48.9128659]},"properties":{"voltage":"","name":""}},{"type":"Feature","geometry":{"type":"Point","coordinates":[15.1510495,48.9178416]},"properties":{"voltage":"","name":""}},{"type":"Feature","geometry":{"type":"Point","coordinates":[16.3862667,48.2187618]},"properties":{"voltage":"","name":""}},{"type":"Feature","geometry":{"type":"Point","coordinates":[16.3906787,48.2198746]},"properties":{"voltage":"","name":""}},{"type":"Feature","geometry":{"type":"Polygon","coordinates":[[[16.7681459,48.033103],[16.7678103,48.0332983],[16.7673219,48.0335761],[16.7668203,48.0338223],[16.7664529,48.03396],[16.7670624,48.0344824],[16.7675061,48.0342555],[16.7681191,48.033942],[16.7685087,48.0337427],[16.7681459,48.033103]]]},"properties":{"voltage":"110000","name":"Umspannwerk Bruck an der Leitha"}},{"type":"Feature","geometry":{"type":"Polygon","coordinates":[[[16.420312,48.2746668],[16.4202319,48.2746875],[16.420256,48.2747302],[16.4203422,48.2747085],[16.4203278,48.2746851],[16.420312,48.2746668]]]},"properties":{"voltage":"","name":""}},{"type":"Feature","geometry":{"type":"Polygon","coordinates":[[[16.37468,48.3555401],[16.3746361,48.3561728],[16.3752936,48.3561923],[16.3752896,48.3563589],[16.3757417,48.3563756],[16.3762755,48.3562963],[16.3761365,48.3567418],[16.3761282,48.356801],[16.3761227,48.356853],[16.3762338,48.3573255],[16.3759348,48.3573603],[16.375967,48.3574931],[16.3761091,48.3574744],[16.3761614,48.3575269],[16.3762602,48.3579021],[16.3763404,48.3579842],[16.3763738,48.3581063],[16.3763393,48.3582098],[16.3765801,48.359232],[16.3768078,48.3601462],[16.3770461,48.3610844],[16.3792429,48.360842],[16.3788454,48.3592385],[16.3788412,48.3592215],[16.3792621,48.359163],[16.3793667,48.3590819],[16.3794138,48.3590763],[16.3794713,48.3590695],[16.3794167,48.358852],[16.3798235,48.3588155],[16.3798155,48.3587794],[16.3798084,48.3587473],[16.3799337,48.3587356],[16.3799041,48.3585963],[16.3799189,48.3585792],[16.3799383,48.358557],[16.3798534,48.3581624],[16.3805252,48.3580874],[16.3805129,48.3580348],[16.3810196,48.3579822],[16.3809369,48.3575932],[16.3809928,48.3575882],[16.3818704,48.3575096],[16.3816548,48.3571476],[16.3817625,48.3571196],[16.3817074,48.357026],[16.3816368,48.3569061],[16.3815291,48.3569342],[16.381347,48.356625],[16.3812402,48.356369],[16.3810953,48.3558954],[16.3810321,48.3559003],[16.3809669,48.3559053],[16.3809664,48.3558953],[16.3808956,48.3558937],[16.3808547,48.3558849],[16.3808177,48.3558609],[16.3808157,48.3558593],[16.3807926,48.3558408],[16.3807635,48.3557974],[16.3807376,48.3557586],[16.3800324,48.3558318],[16.3800091,48.3557324],[16.3790892,48.3558263],[16.3789038,48.3558419],[16.3788836,48.3557522],[16.3788589,48.3556579],[16.3788276,48.3555506],[16.3780645,48.3556297],[16.3780068,48.3556618],[16.3780309,48.3557794],[16.3779882,48.3557845],[16.3779411,48.3557901],[16.377874,48.3557625],[16.3778459,48.3556475],[16.3770417,48.3557313],[16.3770239,48.3556476],[16.3770159,48.3556099],[16.3766217,48.3555994],[16.3765563,48.3556053],[16.3764539,48.355616],[16.37634,48.3556269],[16.3761766,48.3556212],[16.3761796,48.3555799],[16.3758098,48.355568],[16.375809,48.35558],[16.37468,48.3555401]]]},"properties":{"voltage":"380000;220000;110000","name":"Umspannwerk Bisamberg"}},{"type":"Feature","geometry":{"type":"Polygon","coordinates":[[[16.433877,48.1385666],[16.4330134,48.1385097],[16.4329693,48.1385081],[16.4329302,48.1384879],[16.4324724,48.1384534],[16.4320719,48.1384218],[16.4320709,48.1384698],[16.4321165,48.139507],[16.4321175,48.1395343],[16.4321178,48.1395616],[16.4321182,48.1395804],[16.4321199,48.1396057],[16.4321281,48.1398623],[16.4332548,48.1398434],[16.4339008,48.1395326],[16.433877,48.1385666]]]},"properties":{"voltage":"110000","name":"Umrichterwerk Kledering"}},{"type":"Feature","geometry":{"type":"Polygon","coordinates":[[[16.4626106,48.0282607],[16.4634795,48.0277991],[16.4632,48.0267623],[16.4617603,48.0275402],[16.4626106,48.0282607]]]},"properties":{"voltage":"110000","name":"Umspannwerk Moosbrunn"}},{"type":"Feature","geometry":{"type":"Polygon","coordinates":[[[16.307415,48.0812172],[16.3079027,48.081162],[16.3080735,48.0811427],[16.3086491,48.0810776],[16.3089343,48.082271],[16.308994,48.0825264],[16.307671,48.0822814],[16.307415,48.0812172]]]},"properties":{"voltage":"110000","name":"Umspannwerk Wr. Neudorf"}},{"type":"Feature","geometry":{"type":"Polygon","coordinates":[[[16.2377688,48.1999957],[16.2381249,48.1999345],[16.2382694,48.2002768],[16.2385513,48.2009442],[16.2368358,48.2012671],[16.235323,48.201547],[16.2352966,48.2013396],[16.2352271,48.2007554],[16.2351975,48.2005167],[16.2352505,48.2004626],[16.2353741,48.2004394],[16.2374945,48.2000465],[16.2377688,48.1999957]]]},"properties":{"voltage":"110000","name":"Umspannwerk Wien West"}},{"type":"Feature","geometry":{"type":"Polygon","coordinates":[[[16.323755,48.3233565],[16.3239865,48.3233875],[16.3240584,48.3231507],[16.3238269,48.3231197],[16.323755,48.3233565]]]},"properties":{"voltage":"110000","name":"Schaltanlage Kritzendorf"}},{"type":"Feature","geometry":{"type":"Polygon","coordinates":[[[16.3776998,48.2061491],[16.3780671,48.2065056],[16.3782896,48.2064036],[16.3779239,48.2060463],[16.3778659,48.2060729],[16.3778068,48.2061],[16.3776998,48.2061491]]]},"properties":{"voltage":"110000","name":"Umspannwerk Zedlitzhalle"}},{"type":"Feature","geometry":{"type":"Polygon","coordinates":[[[16.3888659,48.2581272],[16.3891421,48.2578208],[16.3887755,48.2576773],[16.3890207,48.2574043],[16.3896553,48.2566979],[16.3905215,48.2570302],[16.3906573,48.2568744],[16.391243,48.2570946],[16.3907153,48.2577114],[16.3899703,48.258582],[16.389489,48.2583838],[16.3888659,48.2581272]]]},"properties":{"voltage":"380000;110000","name":"Umspannwerk Wien Nord"}},{"type":"Feature","geometry":{"type":"Polygon","coordinates":[[[16.3099955,48.2058324],[16.3123458,48.2054731],[16.3125108,48.2054479],[16.3125567,48.2046959],[16.3125679,48.2045696],[16.312571,48.2045348],[16.312585,48.204378],[16.3115771,48.2045935],[16.3114408,48.2046226],[16.3106766,48.204786],[16.3106557,48.2047902],[16.3097131,48.2049904],[16.3097555,48.2051175],[16.3099955,48.2058324]]]},"properties":{"voltage":"380000","name":"Umspannwerk Kendlerstra\u00dfe"}},{"type":"Feature","geometry":{"type":"Polygon","coordinates":[[[16.4195044,48.1270877],[16.4200061,48.1270845],[16.4201584,48.1270835],[16.4204004,48.1270819],[16.4208811,48.1270788],[16.4210457,48.1269639],[16.421086,48.1269633],[16.4212269,48.126961],[16.4212315,48.1270889],[16.4213519,48.1270867],[16.4214298,48.1270702],[16.4214823,48.1270415],[16.4215173,48.1269826],[16.4215117,48.1268501],[16.4214892,48.1268321],[16.4214164,48.1268329],[16.4213922,48.1268744],[16.421387,48.1265789],[16.4215427,48.1265789],[16.4215758,48.1265777],[16.4215776,48.126553],[16.422938,48.1265506],[16.4246241,48.1265464],[16.4245931,48.1232295],[16.4228687,48.1232351],[16.4226868,48.1230956],[16.4226832,48.1230117],[16.4209027,48.1230197],[16.4205735,48.1227884],[16.4205732,48.1225471],[16.4204698,48.1225482],[16.4204247,48.1225478],[16.420431,48.122075],[16.4203835,48.1220749],[16.4203288,48.1220749],[16.4205342,48.1208774],[16.4182768,48.1208864],[16.418277,48.1206312],[16.4165718,48.1205807],[16.4164602,48.12066],[16.4164688,48.1223835],[16.4164913,48.1224142],[16.4165585,48.1224387],[16.4166631,48.1224756],[16.4165617,48.1225576],[16.4165153,48.1225952],[16.4165189,48.1229704],[16.4165195,48.1230278],[16.416074,48.123029],[16.4145307,48.1230333],[16.4145384,48.1239433],[16.4145829,48.1241018],[16.4146443,48.1241651],[16.414768,48.1242044],[16.4152176,48.124204],[16.4156323,48.1242324],[16.4170021,48.1242273],[16.4170085,48.1244434],[16.4182034,48.1246277],[16.4183506,48.1246904],[16.418595,48.1247946],[16.4189263,48.1249482],[16.4190074,48.1249858],[16.4191113,48.1249803],[16.4191934,48.1249798],[16.4194916,48.124978],[16.4195003,48.1264142],[16.4195044,48.1270877]]]},"properties":{"voltage":"380000;220000;110000","name":"Umspannwerk Wien S\u00fcdost"}},{"type":"Feature","geometry":{"type":"Polygon","coordinates":[[[15.687124,48.2240815],[15.6873292,48.2242242],[15.6876963,48.2244795],[15.687932,48.224329],[15.6884915,48.2247179],[15.6884295,48.2247575],[15.688378,48.2247216],[15.6882058,48.2248316],[15.689572,48.2257814],[15.6897761,48.2256511],[15.6902061,48.2259501],[15.6908765,48.2264305],[15.6911044,48.2262952],[15.691343,48.2261429],[15.6905175,48.2255619],[15.6908768,48.2251813],[15.6888316,48.2237594],[15.6883218,48.2240848],[15.6877459,48.2236845],[15.687124,48.2240815]]]},"properties":{"voltage":"380000;110000","name":"Umspannwerk Pottenbrunn"}},{"type":"Feature","geometry":{"type":"Polygon","coordinates":[[[16.4263264,48.1515473],[16.4267044,48.150961],[16.427192,48.1507321],[16.4275616,48.1508467],[16.4273678,48.1511732],[16.427683,48.1512628],[16.4272696,48.1519062],[16.426899,48.1518329],[16.4268225,48.1518107],[16.426411,48.1516911],[16.4263264,48.1515473]]]},"properties":{"voltage":"110000;55000;15000","name":"Unterwerk Simmering"}},{"type":"Feature","geometry":{"type":"Polygon","coordinates":[[[16.5821132,48.0259702],[16.5843404,48.0259047],[16.5843426,48.0259507],[16.5843578,48.0262302],[16.5843627,48.0263697],[16.5825456,48.0264207],[16.5821293,48.0261844],[16.5821179,48.0260322],[16.5821132,48.0259702]]]},"properties":{"voltage":"110000","name":"Unterwerk G\u00f6tzendorf"}},{"type":"Feature","geometry":{"type":"Polygon","coordinates":[[[16.5037381,48.3605248],[16.5036529,48.361039],[16.504674,48.3611088],[16.5049607,48.3611877],[16.5053979,48.3611976],[16.5054727,48.3608019],[16.5048628,48.3605931],[16.5037381,48.3605248]]]},"properties":{"voltage":"110000","name":"Umspannwerk Eibesbrunn"}},{"type":"Feature","geometry":{"type":"Polygon","coordinates":[[[16.4746742,48.1559127],[16.4757701,48.155385],[16.4761069,48.1557038],[16.4767332,48.1562793],[16.4768527,48.1563891],[16.4769055,48.1564721],[16.4768493,48.1564829],[16.4768264,48.1564872],[16.4765763,48.1565517],[16.4762077,48.1566709],[16.4761905,48.1566766],[16.4761732,48.1566822],[16.4760797,48.1567129],[16.4760368,48.1567272],[16.4758996,48.1567708],[16.4758615,48.1567829],[16.4758234,48.1567949],[16.4757128,48.1568301],[16.4756853,48.1568388],[16.4756557,48.156812],[16.4756448,48.1568022],[16.4751706,48.1563778],[16.4749368,48.1561687],[16.4749137,48.1561484],[16.4746742,48.1559127]]]},"properties":{"voltage":"110000","name":"Umspannwerk Kaiserebersdorf"}},{"type":"Feature","geometry":{"type":"Polygon","coordinates":[[[16.6146822,48.0648122],[16.6147294,48.0648146],[16.6149638,48.0648263],[16.6150239,48.0648295],[16.6154717,48.0648518],[16.6154207,48.0653107],[16.6146312,48.0652715],[16.6146822,48.0648122]]]},"properties":{"voltage":"110000","name":"Umspannwerk Enzersdorf"}},{"type":"Feature","geometry":{"type":"Polygon","coordinates":[[[15.7359614,48.2692116],[15.7361435,48.2682866],[15.7363334,48.2683032],[15.7363577,48.2681802],[15.7372108,48.2682546],[15.7372311,48.2681513],[15.7387636,48.2682849],[15.738537,48.2694363],[15.7359614,48.2692116]]]},"properties":{"voltage":"380000","name":"Schaltwerk Etzersdorf"}},{"type":"Feature","geometry":{"type":"Polygon","coordinates":[[[15.0452237,48.1467496],[15.0479563,48.147829],[15.0490138,48.1482468],[15.050135,48.1469831],[15.0501675,48.1469465],[15.0504181,48.1466641],[15.0465878,48.1451472],[15.0452237,48.1467496]]]},"properties":{"voltage":"220000;110000","name":"Umspannwerk Ybbsfeld"}},{"type":"Feature","geometry":{"type":"Polygon","coordinates":[[[15.2707398,48.2176691],[15.2698634,48.217583],[15.2697611,48.217573],[15.2683125,48.2174347],[15.2680998,48.2183998],[15.2705264,48.2186339],[15.2705293,48.2186208],[15.2705359,48.2185911],[15.2705432,48.2185581],[15.2706373,48.2181326],[15.2706405,48.2181182],[15.2706438,48.2181033],[15.2706906,48.2178917],[15.2706939,48.2178768],[15.2706973,48.2178612],[15.2707398,48.2176691]]]},"properties":{"voltage":"110000","name":"Umspannwerk Bergern"}},{"type":"Feature","geometry":{"type":"Polygon","coordinates":[[[17.0440743,48.1562135],[17.0440541,48.1559971],[17.0442251,48.15599],[17.0442454,48.1562064],[17.0440743,48.1562135]]]},"properties":{"voltage":"","name":""}},{"type":"Feature","geometry":{"type":"Polygon","coordinates":[[[16.0382561,48.3238913],[16.0383913,48.3239118],[16.038409,48.323853],[16.0382689,48.3238343],[16.0382561,48.3238913]]]},"properties":{"voltage":"","name":""}},{"type":"Feature","geometry":{"type":"Polygon","coordinates":[[[16.0398693,48.3235914],[16.0400193,48.3236024],[16.0400253,48.3235664],[16.0399883,48.3235634],[16.0399953,48.3235244],[16.0399313,48.3235184],[16.0399243,48.3235584],[16.0398763,48.3235544],[16.0398693,48.3235914]]]},"properties":{"voltage":"","name":""}},{"type":"Feature","geometry":{"type":"Polygon","coordinates":[[[17.0501769,48.1722566],[17.0508608,48.1722533],[17.0508529,48.1721317],[17.050851,48.171977],[17.0501933,48.1719342],[17.0501769,48.1722566]]]},"properties":{"voltage":"","name":""}},{"type":"Feature","geometry":{"type":"Polygon","coordinates":[[[16.4078243,48.2230717],[16.4084718,48.2225867],[16.4085741,48.2226473],[16.4086401,48.2225979],[16.4087909,48.2226873],[16.4080774,48.2232217],[16.4078243,48.2230717]]]},"properties":{"voltage":"110000","name":"Umspannwerk Handelskai"}},{"type":"Feature","geometry":{"type":"Polygon","coordinates":[[[16.4105657,48.3018574],[16.4106723,48.3018469],[16.410656,48.3017735],[16.4105494,48.301784],[16.4105657,48.3018574]]]},"properties":{"voltage":"","name":""}},{"type":"Feature","geometry":{"type":"Polygon","coordinates":[[[16.4132397,48.2975287],[16.4131942,48.2975101],[16.4132183,48.2974702],[16.4132619,48.2974916],[16.4132397,48.2975287]]]},"properties":{"voltage":"","name":""}},{"type":"Feature","geometry":{"type":"Polygon","coordinates":[[[16.4064304,48.3015422],[16.406415,48.3015041],[16.4064763,48.3014931],[16.4064917,48.3015312],[16.4064304,48.3015422]]]},"properties":{"voltage":"","name":""}},{"type":"Feature","geometry":{"type":"Polygon","coordinates":[[[16.4206179,48.2980826],[16.4205577,48.297978],[16.4206044,48.2979662],[16.4206646,48.2980707],[16.4206206,48.2980819],[16.4206179,48.2980826]]]},"properties":{"voltage":"","name":""}},{"type":"Feature","geometry":{"type":"Polygon","coordinates":[[[16.4162511,48.2177671],[16.4162926,48.2177372],[16.4162202,48.217692],[16.416178,48.2177229],[16.4162511,48.2177671]]]},"properties":{"voltage":"","name":""}},{"type":"Feature","geometry":{"type":"Polygon","coordinates":[[[16.4192439,48.2994265],[16.4191643,48.2994715],[16.4191535,48.2994636],[16.4192315,48.2994202],[16.4192439,48.2994265]]]},"properties":{"voltage":"","name":""}},{"type":"Feature","geometry":{"type":"Polygon","coordinates":[[[16.2843875,48.010722],[16.2839859,48.0103087],[16.2835822,48.0098932],[16.2847745,48.0094003],[16.2849754,48.0094359],[16.2851341,48.0094641],[16.2854746,48.009886],[16.2858171,48.0103104],[16.2858351,48.0103327],[16.2849207,48.0105442],[16.2846407,48.0106376],[16.2845733,48.01066],[16.2843875,48.010722]]]},"properties":{"voltage":"110000","name":"Umspannwerk Traiskirchen"}},{"type":"Feature","geometry":{"type":"Polygon","coordinates":[[[16.2405613,48.3562919],[16.2415783,48.35635],[16.2415615,48.3564801],[16.2415498,48.356571],[16.2414999,48.3569568],[16.2414972,48.3569773],[16.2414951,48.3569939],[16.2414764,48.3571383],[16.2407868,48.3570989],[16.2403213,48.3570723],[16.2400025,48.3570541],[16.2400797,48.3564569],[16.2401044,48.3562658],[16.2405613,48.3562919]]]},"properties":{"voltage":"220000","name":"Umspannwerk Greifenstein"}},{"type":"Feature","geometry":{"type":"Polygon","coordinates":[[[16.2061488,48.3940184],[16.2052191,48.3935096],[16.2060149,48.3928683],[16.2064256,48.393093],[16.206612,48.393195],[16.2064817,48.3933001],[16.2063036,48.3932026],[16.2062031,48.3932836],[16.2063314,48.3933538],[16.2061632,48.3934893],[16.2065457,48.3936986],[16.206315,48.3938845],[16.2061488,48.3940184]]]},"properties":{"voltage":"110000","name":"Umspannwerk Stockerau"}},{"type":"Feature","geometry":{"type":"Polygon","coordinates":[[[16.4688047,48.2156467],[16.4691074,48.2155389],[16.4689043,48.2152964],[16.4687252,48.2153622],[16.4686072,48.2154056],[16.4686222,48.2154239],[16.4687736,48.2156087],[16.4687876,48.2156258],[16.4688047,48.2156467]]]},"properties":{"voltage":"110000","name":""}},{"type":"Feature","geometry":{"type":"Polygon","coordinates":[[[17.0341858,48.3049276],[17.033653,48.304552],[17.0321043,48.3036129],[17.0318719,48.303472],[17.0311877,48.3039535],[17.0311311,48.3039933],[17.0292675,48.3052977],[17.0285651,48.3057893],[17.0289243,48.3060179],[17.029588,48.3064402],[17.0298316,48.3065957],[17.0309013,48.3072787],[17.0309548,48.3072911],[17.0310151,48.3072939],[17.0310725,48.3072893],[17.0342292,48.3051143],[17.0342576,48.3050283],[17.0341858,48.3049276]]]},"properties":{"voltage":"400000;110000","name":"ESt Stupava"}},{"type":"Feature","geometry":{"type":"Polygon","coordinates":[[[17.1481204,48.1890139],[17.1485097,48.1890504],[17.1484515,48.1892796],[17.1482679,48.1900026],[17.1468069,48.1898455],[17.1470222,48.1888974],[17.1481204,48.1890139]]]},"properties":{"voltage":"","name":"\u017dab\u00ed majer"}},{"type":"Feature","geometry":{"type":"Polygon","coordinates":[[[15.3667631,48.4358226],[15.3667965,48.4358749],[15.3667407,48.4358906],[15.3667073,48.4358383],[15.3667631,48.4358226]]]},"properties":{"voltage":"","name":""}},{"type":"Feature","geometry":{"type":"Polygon","coordinates":[[[16.4306381,48.3272106],[16.4298242,48.3274138],[16.4297313,48.3276378],[16.4298026,48.3279706],[16.4309283,48.3276557],[16.4306381,48.3272106]]]},"properties":{"voltage":"110000","name":"Umspannwerk Gerasdorf"}},{"type":"Feature","geometry":{"type":"Polygon","coordinates":[[[16.3333808,48.2004963],[16.3334502,48.2003831],[16.3330438,48.2002733],[16.3327717,48.2006978],[16.3331868,48.2008134],[16.3331978,48.2007932],[16.3333023,48.2006279],[16.3331059,48.2005684],[16.3331998,48.2004217],[16.3333101,48.2004532],[16.3332958,48.2004738],[16.3333808,48.2004963]]]},"properties":{"voltage":"110000","name":"Umspannwerk Schmelz"}},{"type":"Feature","geometry":{"type":"Polygon","coordinates":[[[15.9055677,48.2059956],[15.9065111,48.2064745],[15.906451,48.2059806],[15.9063867,48.2056372],[15.9061085,48.2055036],[15.9055677,48.2059956]]]},"properties":{"voltage":"110000","name":"Umspannwerk Neulengbach"}},{"type":"Feature","geometry":{"type":"Polygon","coordinates":[[[16.3388065,48.3306457],[16.3400992,48.3313627],[16.3406963,48.3308869],[16.3394037,48.3301699],[16.3388065,48.3306457]]]},"properties":{"voltage":"110000","name":""}},{"type":"Feature","geometry":{"type":"Polygon","coordinates":[[[15.6267288,48.4123794],[15.6267322,48.4123575],[15.626734,48.4123462],[15.626786,48.4123497],[15.6267854,48.4123535],[15.6267808,48.412383],[15.6267288,48.4123794]]]},"properties":{"voltage":"","name":""}},{"type":"Feature","geometry":{"type":"Polygon","coordinates":[[[15.7064947,48.3943399],[15.7063381,48.3944821],[15.7062662,48.3944472],[15.7061261,48.3945755],[15.704907,48.3946971],[15.7048257,48.3943343],[15.7049386,48.3943221],[15.7049043,48.394171],[15.7048984,48.3941449],[15.704893,48.3941211],[15.7047676,48.3935686],[15.7047639,48.3935522],[15.7047602,48.393536],[15.7047048,48.3932872],[15.7061984,48.3932658],[15.7063239,48.3937979],[15.7064021,48.3937907],[15.7064166,48.3938598],[15.7064375,48.3938576],[15.7065422,48.3942921],[15.7064947,48.3943399]]]},"properties":{"voltage":"380000;110000","name":"Umspannwerk Thei\u00df"}},{"type":"Feature","geometry":{"type":"Polygon","coordinates":[[[15.6903802,48.4092496],[15.690349,48.4093223],[15.6903893,48.4093299],[15.6903439,48.4094358],[15.6903196,48.4094923],[15.6902819,48.4094851],[15.6902584,48.4095398],[15.6900952,48.409509],[15.6900571,48.4095866],[15.6900408,48.4096207],[15.6899197,48.4098735],[15.6879923,48.4094833],[15.688501,48.4086312],[15.6899297,48.4089109],[15.6904801,48.4089911],[15.690408,48.4091776],[15.6903802,48.4092496]]]},"properties":{"voltage":"110000;20000","name":"Umspannwerk Stratzdorf"}},{"type":"Feature","geometry":{"type":"Polygon","coordinates":[[[16.3535959,48.1912994],[16.3536567,48.1912775],[16.3536952,48.1912637],[16.3537225,48.1912539],[16.3537846,48.1912314],[16.3540032,48.1915007],[16.3538075,48.1915668],[16.3535959,48.1912994]]]},"properties":{"voltage":"","name":"U-Bahn Unterwerk Pilgramgasse"}},{"type":"Feature","geometry":{"type":"Polygon","coordinates":[[[16.4025392,48.8449065],[16.4024622,48.8454494],[16.4025883,48.8455464],[16.4032742,48.8455808],[16.4032817,48.8455303],[16.4032889,48.8454817],[16.4033462,48.8454634],[16.4034231,48.8449312],[16.4025392,48.8449065]]]},"properties":{"voltage":"110000;22000","name":"Hru\u0161ovany nad Jevi\u0161ovkou"}},{"type":"Feature","geometry":{"type":"Polygon","coordinates":[[[15.6327392,48.4066935],[15.6328215,48.4066641],[15.6328509,48.4067002],[15.6329045,48.4067662],[15.6328222,48.4067956],[15.6327392,48.4066935]]]},"properties":{"voltage":"","name":""}},{"type":"Feature","geometry":{"type":"Polygon","coordinates":[[[16.3673801,48.3733312],[16.3673824,48.3733817],[16.3674532,48.3733803],[16.3674509,48.3733298],[16.3673801,48.3733312]]]},"properties":{"voltage":"","name":"TST Tresdorf Pumpe"}},{"type":"Feature","geometry":{"type":"Polygon","coordinates":[[[17.0918494,48.1530428],[17.0917795,48.1529932],[17.0917053,48.1530398],[17.0917752,48.1530893],[17.0918494,48.1530428]]]},"properties":{"voltage":"","name":""}},{"type":"Feature","geometry":{"type":"Polygon","coordinates":[[[17.0931924,48.1516927],[17.0930785,48.1516929],[17.0930787,48.1516354],[17.0931943,48.1516364],[17.0931924,48.1516927]]]},"properties":{"voltage":"","name":""}},{"type":"Feature","geometry":{"type":"Polygon","coordinates":[[[17.0768182,48.1606395],[17.0768176,48.1606154],[17.076775,48.1606159],[17.0767757,48.16064],[17.0768182,48.1606395]]]},"properties":{"voltage":"","name":"TS-214"}},{"type":"Feature","geometry":{"type":"Polygon","coordinates":[[[17.0303629,48.151641],[17.0303448,48.1515766],[17.0303411,48.1515628],[17.030255,48.1515737],[17.0302761,48.1516509],[17.0303629,48.151641]]]},"properties":{"voltage":"","name":"TS-1116"}},{"type":"Feature","geometry":{"type":"Polygon","coordinates":[[[15.8829151,48.3307139],[15.8851408,48.3306117],[15.886986,48.330527],[15.8876822,48.330495],[15.8875022,48.3288425],[15.8866301,48.3288817],[15.8865522,48.3280609],[15.8871924,48.3280311],[15.8871866,48.3279735],[15.8871809,48.3279163],[15.8884419,48.3278653],[15.8885653,48.3277629],[15.8884902,48.3271259],[15.888306,48.3271366],[15.8882981,48.3270828],[15.8878385,48.3270993],[15.8878361,48.3271423],[15.8877648,48.3271461],[15.8873941,48.3271657],[15.8871263,48.3271798],[15.8863922,48.3272603],[15.8848247,48.3274749],[15.882741,48.327458],[15.8826629,48.3274997],[15.8827743,48.3290409],[15.8828671,48.3290377],[15.8828797,48.3291985],[15.8829211,48.3297284],[15.8828282,48.3297316],[15.8828318,48.3297728],[15.8829151,48.3307139]]]},"properties":{"voltage":"380000;220000;110000","name":"Umspannwerk D\u00fcrnrohr"}},{"type":"Feature","geometry":{"type":"Polygon","coordinates":[[[15.866005,48.5265392],[15.8659602,48.5265734],[15.8659321,48.5265578],[15.865904,48.5265423],[15.8659485,48.5265049],[15.8659777,48.5265226],[15.866005,48.5265392]]]},"properties":{"voltage":"","name":""}},{"type":"Feature","geometry":{"type":"Polygon","coordinates":[[[17.134168,48.1700698],[17.1340796,48.1699791],[17.1340094,48.1700082],[17.1340985,48.1701002],[17.134168,48.1700698]]]},"properties":{"voltage":"","name":"T895"}},{"type":"Feature","geometry":{"type":"Polygon","coordinates":[[[17.1274813,48.1799445],[17.1275079,48.1800697],[17.1278369,48.1800386],[17.127833,48.1800201],[17.1279054,48.1800132],[17.1278792,48.1798902],[17.1278022,48.1798975],[17.1278056,48.1799138],[17.1274813,48.1799445]]]},"properties":{"voltage":"","name":"Meniare\u0148 Ra\u010dianska (4)"}},{"type":"Feature","geometry":{"type":"Polygon","coordinates":[[[17.1228804,48.1585926],[17.1229815,48.1585995],[17.1229912,48.1585302],[17.1230389,48.1585334],[17.1230472,48.1584887],[17.1230344,48.1584873],[17.1230248,48.1584862],[17.1230329,48.158455],[17.123008,48.1584522],[17.1230095,48.1584422],[17.1229041,48.1584361],[17.1228804,48.1585926]]]},"properties":{"voltage":"","name":""}},{"type":"Feature","geometry":{"type":"Polygon","coordinates":[[[17.1375983,48.1657022],[17.1376873,48.1656636],[17.1376372,48.1656122],[17.1375482,48.1656508],[17.1375983,48.1657022]]]},"properties":{"voltage":"","name":""}},{"type":"Feature","geometry":{"type":"Polygon","coordinates":[[[17.1284166,48.1809253],[17.1283971,48.1808653],[17.1282787,48.1808821],[17.1282983,48.1809422],[17.1284166,48.1809253]]]},"properties":{"voltage":"","name":"TS-986"}},{"type":"Feature","geometry":{"type":"Polygon","coordinates":[[[17.1195632,48.1641825],[17.1191443,48.163675],[17.1191085,48.1636883],[17.1191115,48.1636909],[17.1188485,48.1637883],[17.1192703,48.1642926],[17.1195632,48.1641825]]]},"properties":{"voltage":"","name":"Pionierska"}},{"type":"Feature","geometry":{"type":"Polygon","coordinates":[[[17.1284535,48.1775032],[17.1284461,48.177462],[17.1283316,48.1774713],[17.1283383,48.1775113],[17.1284535,48.1775032]]]},"properties":{"voltage":"","name":"TS-996"}},{"type":"Feature","geometry":{"type":"Polygon","coordinates":[[[17.1770825,48.1887149],[17.1770717,48.1887234],[17.1774553,48.1888808],[17.1774663,48.1888705],[17.1775538,48.1887725],[17.1771726,48.1886158],[17.1770825,48.1887149]]]},"properties":{"voltage":"","name":"TS-562; Meniare\u0148 DPB 15: Zlat\u00e9 piesky"}},{"type":"Feature","geometry":{"type":"Polygon","coordinates":[[[17.1604923,48.1778612],[17.1605617,48.1777664],[17.160569,48.177768],[17.1605933,48.1777347],[17.1605296,48.1777145],[17.1605675,48.177665],[17.160414,48.1776141],[17.1603233,48.1777333],[17.160312,48.1777292],[17.1602986,48.1777453],[17.1603107,48.1777495],[17.1602816,48.1777916],[17.1604923,48.1778612]]]},"properties":{"voltage":"","name":"Meniare\u0148 DPB 3: Trn\u00e1vka"}},{"type":"Feature","geometry":{"type":"Polygon","coordinates":[[[17.1557598,48.1621336],[17.1557662,48.1620912],[17.1557035,48.162087],[17.1556971,48.1621294],[17.1557598,48.1621336]]]},"properties":{"voltage":"22000;420","name":"TS-11"}},{"type":"Feature","geometry":{"type":"Polygon","coordinates":[[[17.1537049,48.158056],[17.1538018,48.1580631],[17.1538105,48.1580111],[17.1537136,48.158004],[17.1537049,48.158056]]]},"properties":{"voltage":"22000;420","name":"TS-2"}},{"type":"Feature","geometry":{"type":"Polygon","coordinates":[[[17.1713085,48.163785],[17.1713122,48.1637604],[17.1712695,48.1637576],[17.171265,48.163781],[17.1713085,48.163785]]]},"properties":{"voltage":"","name":"Ts-1248"}},{"type":"Feature","geometry":{"type":"Polygon","coordinates":[[[17.165599,48.1542425],[17.1655943,48.1542694],[17.1657304,48.1542797],[17.1657337,48.1542516],[17.165599,48.1542425]]]},"properties":{"voltage":"","name":"Ts-1253"}},{"type":"Feature","geometry":{"type":"Polygon","coordinates":[[[17.1600666,48.1601451],[17.1601252,48.160149],[17.1601303,48.1601087],[17.1600727,48.1601048],[17.1600666,48.1601451]]]},"properties":{"voltage":"22000;420","name":"TS-5"}},{"type":"Feature","geometry":{"type":"Polygon","coordinates":[[[17.1726393,48.1518715],[17.1726489,48.1518123],[17.1725496,48.1518044],[17.17254,48.1518637],[17.1726393,48.1518715]]]},"properties":{"voltage":"","name":"TS-35"}},{"type":"Feature","geometry":{"type":"Polygon","coordinates":[[[17.1754431,48.1574855],[17.1755393,48.1574919],[17.1755489,48.1574338],[17.1754527,48.1574274],[17.1754431,48.1574855]]]},"properties":{"voltage":"","name":"TS-42"}},{"type":"Feature","geometry":{"type":"Polygon","coordinates":[[[17.1600921,48.1585288],[17.1601015,48.1584663],[17.1600889,48.1584654],[17.1600886,48.158471],[17.1599947,48.1584636],[17.1599861,48.1585149],[17.1600856,48.1585227],[17.1600853,48.1585284],[17.1600921,48.1585288]]]},"properties":{"voltage":"22000;420","name":"TS-4"}},{"type":"Feature","geometry":{"type":"Polygon","coordinates":[[[17.152384,48.162436],[17.1523942,48.162379],[17.1522975,48.1623713],[17.1522864,48.1624282],[17.152384,48.162436]]]},"properties":{"voltage":"22000;420","name":"TS-10"}},{"type":"Feature","geometry":{"type":"Polygon","coordinates":[[[17.1572055,48.1583196],[17.1573017,48.1583261],[17.1573096,48.1582736],[17.1572127,48.1582659],[17.1572055,48.1583196]]]},"properties":{"voltage":"22000;420","name":"TS-3"}},{"type":"Feature","geometry":{"type":"Polygon","coordinates":[[[17.1495573,48.1622205],[17.1495671,48.1621668],[17.1494702,48.1621592],[17.1494613,48.162214],[17.1495573,48.1622205]]]},"properties":{"voltage":"22000;420","name":"TS-9"}},{"type":"Feature","geometry":{"type":"Polygon","coordinates":[[[17.1728349,48.1553238],[17.1729319,48.1553293],[17.172941,48.1552745],[17.1728433,48.1552679],[17.1728349,48.1553238]]]},"properties":{"voltage":"","name":"TS-40"}},{"type":"Feature","geometry":{"type":"Polygon","coordinates":[[[17.1567879,48.1543816],[17.1567807,48.154454],[17.1568718,48.1544587],[17.1568745,48.1544358],[17.1568812,48.1543885],[17.1567879,48.1543816]]]},"properties":{"voltage":"","name":"TS-1020"}},{"type":"Feature","geometry":{"type":"Polygon","coordinates":[[[17.1544855,48.1596514],[17.1545864,48.1596593],[17.1545934,48.1596079],[17.1544941,48.1596],[17.1544855,48.1596514]]]},"properties":{"voltage":"22000;420","name":"TS-7"}},{"type":"Feature","geometry":{"type":"Polygon","coordinates":[[[17.1511736,48.1603206],[17.1511692,48.1603441],[17.1512687,48.1603508],[17.1512721,48.1603283],[17.1512763,48.1603286],[17.1512766,48.1602982],[17.1511813,48.1602918],[17.1511736,48.1603206]]]},"properties":{"voltage":"22000;420","name":"TS-8"}},{"type":"Feature","geometry":{"type":"Polygon","coordinates":[[[17.1714995,48.1539874],[17.1715093,48.1539146],[17.1713948,48.1539078],[17.171385,48.1539806],[17.1714995,48.1539874]]]},"properties":{"voltage":"","name":"TS-953"}},{"type":"Feature","geometry":{"type":"Polygon","coordinates":[[[17.1512009,48.1578695],[17.1512985,48.1578773],[17.1513062,48.1578259],[17.1512095,48.1578183],[17.1512009,48.1578695]]]},"properties":{"voltage":"22000;420","name":"TS-1"}},{"type":"Feature","geometry":{"type":"Polygon","coordinates":[[[17.1577723,48.1608423],[17.1577729,48.1608384],[17.1577814,48.1607819],[17.1576693,48.1607743],[17.1576599,48.1608308],[17.1576593,48.1608347],[17.1577723,48.1608423]]]},"properties":{"voltage":"22000;420","name":"TS-6"}},{"type":"Feature","geometry":{"type":"Polygon","coordinates":[[[17.1698366,48.1566437],[17.1698431,48.1565845],[17.1697437,48.1565785],[17.1697352,48.156635],[17.1698366,48.1566437]]]},"properties":{"voltage":"","name":"Ts-44"}},{"type":"Feature","geometry":{"type":"Polygon","coordinates":[[[17.0890322,48.7249494],[17.0891697,48.7248659],[17.0891081,48.7248222],[17.0889914,48.7248926],[17.0889716,48.7249046],[17.0890322,48.7249494]]]},"properties":{"voltage":"","name":""}},{"type":"Feature","geometry":{"type":"Polygon","coordinates":[[[17.1489546,48.6380996],[17.1489753,48.6381202],[17.1490065,48.6381065],[17.1489859,48.6380859],[17.1489546,48.6380996]]]},"properties":{"voltage":"","name":""}},{"type":"Feature","geometry":{"type":"Polygon","coordinates":[[[17.1599062,48.6277789],[17.159954,48.6278736],[17.1600719,48.6278478],[17.1601331,48.6278344],[17.1602229,48.6278148],[17.1601759,48.6277201],[17.1599062,48.6277789]]]},"properties":{"voltage":"","name":""}},{"type":"Feature","geometry":{"type":"Polygon","coordinates":[[[17.1413704,48.1435567],[17.1413775,48.1435872],[17.1414224,48.1435825],[17.1414153,48.143552],[17.1413704,48.1435567]]]},"properties":{"voltage":"","name":"TS-189"}},{"type":"Feature","geometry":{"type":"Polygon","coordinates":[[[17.141703,48.143016],[17.1415298,48.1430338],[17.1415428,48.1430933],[17.1417159,48.1430757],[17.141715,48.1430701],[17.141703,48.143016]]]},"properties":{"voltage":"","name":"TS-191"}},{"type":"Feature","geometry":{"type":"Polygon","coordinates":[[[16.3596026,48.1747902],[16.3596993,48.1747813],[16.3596855,48.1747146],[16.3595888,48.1747235],[16.3596026,48.1747902]]]},"properties":{"voltage":"","name":""}},{"type":"Feature","geometry":{"type":"Polygon","coordinates":[[[17.198274,48.1416942],[17.1983302,48.1416686],[17.1982819,48.1416189],[17.1982649,48.1416264],[17.1982243,48.1416422],[17.198274,48.1416942]]]},"properties":{"voltage":"","name":""}},{"type":"Feature","geometry":{"type":"Polygon","coordinates":[[[16.3433744,48.188302],[16.3435185,48.1883104],[16.3435235,48.1882723],[16.3433794,48.1882639],[16.3433744,48.188302]]]},"properties":{"voltage":"","name":""}},{"type":"Feature","geometry":{"type":"Polygon","coordinates":[[[17.0613975,48.150206],[17.061422,48.1501415],[17.0613384,48.1501274],[17.0613139,48.1501918],[17.0613975,48.150206]]]},"properties":{"voltage":"","name":"TS-207"}},{"type":"Feature","geometry":{"type":"Polygon","coordinates":[[[17.069142,48.1705017],[17.069004,48.1703873],[17.0688553,48.170466],[17.0689959,48.1705814],[17.069142,48.1705017]]]},"properties":{"voltage":"","name":"TS-197"}},{"type":"Feature","geometry":{"type":"Polygon","coordinates":[[[17.052583,48.1623533],[17.0524846,48.1623228],[17.0524376,48.1623874],[17.0525358,48.162419],[17.052583,48.1623533]]]},"properties":{"voltage":"","name":""}},{"type":"Feature","geometry":{"type":"Polygon","coordinates":[[[17.062495,48.1613175],[17.0625418,48.1612042],[17.0623554,48.1611685],[17.0623095,48.1612819],[17.062495,48.1613175]]]},"properties":{"voltage":"","name":""}},{"type":"Feature","geometry":{"type":"Polygon","coordinates":[[[17.0512997,48.1549771],[17.0513755,48.1548737],[17.0512823,48.1548425],[17.0512056,48.1549469],[17.0512997,48.1549771]]]},"properties":{"voltage":"","name":"TS-1089"}},{"type":"Feature","geometry":{"type":"Polygon","coordinates":[[[17.0681582,48.1503507],[17.0681746,48.1503371],[17.0681505,48.150323],[17.0681333,48.1503366],[17.0681582,48.1503507]]]},"properties":{"voltage":"","name":""}},{"type":"Feature","geometry":{"type":"Polygon","coordinates":[[[17.0659008,48.1757362],[17.0658368,48.1756968],[17.0657788,48.1757381],[17.0658422,48.1757774],[17.0659008,48.1757362]]]},"properties":{"voltage":"","name":"TS-500"}},{"type":"Feature","geometry":{"type":"Polygon","coordinates":[[[17.0482622,48.1513306],[17.048276,48.1514452],[17.048544,48.1514309],[17.0485303,48.1513163],[17.0482622,48.1513306]]]},"properties":{"voltage":"","name":"TS-1077"}},{"type":"Feature","geometry":{"type":"Polygon","coordinates":[[[17.0530568,48.1603448],[17.053073,48.1603222],[17.0530125,48.1603034],[17.0529963,48.160326],[17.0530568,48.1603448]]]},"properties":{"voltage":"","name":""}},{"type":"Feature","geometry":{"type":"Polygon","coordinates":[[[17.0668464,48.1729295],[17.0668721,48.1729165],[17.0668525,48.1728994],[17.0668269,48.1729134],[17.0668464,48.1729295]]]},"properties":{"voltage":"","name":"TS-1577"}},{"type":"Feature","geometry":{"type":"Polygon","coordinates":[[[15.0649909,48.1903018],[15.0645799,48.1900497],[15.0648418,48.1898501],[15.0647069,48.1897261],[15.0661219,48.1887075],[15.0666951,48.1890572],[15.0649909,48.1903018]]]},"properties":{"voltage":"220000","name":"Umspannwerk Ybbs Persenbeug"}},{"type":"Feature","geometry":{"type":"Polygon","coordinates":[[[15.6926835,48.4810973],[15.6928512,48.4811377],[15.6931908,48.4812195],[15.6935764,48.4805157],[15.6930691,48.4803935],[15.6929685,48.4805771],[15.6926835,48.4810973]]]},"properties":{"voltage":"110000","name":"Umspannwerk Langenlois"}},{"type":"Feature","geometry":{"type":"Polygon","coordinates":[[[16.0577974,48.856692],[16.0577998,48.8566855],[16.057816,48.8566839],[16.0578203,48.8566903],[16.0578396,48.856678],[16.0578426,48.856674],[16.0578446,48.8566698],[16.0578456,48.8566655],[16.0578455,48.8566611],[16.0578444,48.8566568],[16.0578423,48.8566526],[16.0578392,48.8566487],[16.0578352,48.8566452],[16.0578305,48.8566421],[16.0578251,48.8566396],[16.0578191,48.8566377],[16.0578127,48.8566364],[16.0578062,48.8566357],[16.0577995,48.8566358],[16.0577929,48.8566365],[16.0577866,48.856638],[16.0577808,48.85664],[16.0577705,48.8566456],[16.0577662,48.856649],[16.0577629,48.8566529],[16.0577606,48.856657],[16.0577593,48.8566614],[16.057759,48.8566658],[16.0577599,48.8566702],[16.0577617,48.8566744],[16.0577646,48.8566784],[16.0577685,48.8566821],[16.0577731,48.8566852],[16.0577785,48.8566879],[16.0577844,48.8566899],[16.0577908,48.8566913],[16.0577974,48.856692]]]},"properties":{"voltage":"","name":""}},{"type":"Feature","geometry":{"type":"Polygon","coordinates":[[[16.0471617,48.8553426],[16.0471505,48.8553187],[16.0471391,48.855315],[16.0470977,48.855323],[16.0470926,48.8553298],[16.0471045,48.8553541],[16.0471155,48.8553592],[16.0471567,48.8553512],[16.0471617,48.8553426]]]},"properties":{"voltage":"","name":""}},{"type":"Feature","geometry":{"type":"Polygon","coordinates":[[[16.0263512,48.927304],[16.0263531,48.9272793],[16.0263156,48.9272785],[16.0263148,48.9272923],[16.026314,48.927303],[16.0263512,48.927304]]]},"properties":{"voltage":"","name":""}},{"type":"Feature","geometry":{"type":"Polygon","coordinates":[[[15.9008178,48.9038199],[15.9007921,48.9038376],[15.9008197,48.9038539],[15.9008445,48.9038363],[15.900829,48.9038268],[15.9008178,48.9038199]]]},"properties":{"voltage":"","name":""}},{"type":"Feature","geometry":{"type":"Polygon","coordinates":[[[15.9198942,48.1551396],[15.9199103,48.155109],[15.9199563,48.1551197],[15.9199403,48.1551503],[15.9198942,48.1551396]]]},"properties":{"voltage":"","name":""}},{"type":"Feature","geometry":{"type":"Polygon","coordinates":[[[15.9071023,48.1548545],[15.9071496,48.1548463],[15.9071608,48.1548754],[15.9071136,48.1548835],[15.9071023,48.1548545]]]},"properties":{"voltage":"","name":""}},{"type":"Feature","geometry":{"type":"Polygon","coordinates":[[[16.015664,48.7919423],[16.0156758,48.791915],[16.0156345,48.7919073],[16.0156225,48.7919345],[16.015664,48.7919423]]]},"properties":{"voltage":"","name":""}},{"type":"Feature","geometry":{"type":"Polygon","coordinates":[[[15.9482096,48.9205781],[15.9482302,48.9205587],[15.9482154,48.9205523],[15.9481998,48.9205456],[15.9481797,48.9205655],[15.9482096,48.9205781]]]},"properties":{"voltage":"","name":""}},{"type":"Feature","geometry":{"type":"Polygon","coordinates":[[[16.2611674,48.1699343],[16.2611978,48.1699343],[16.2611978,48.1699188],[16.2611676,48.1699187],[16.2611674,48.1699343]]]},"properties":{"voltage":"","name":""}},{"type":"Feature","geometry":{"type":"Polygon","coordinates":[[[16.1171797,48.0290218],[16.1172104,48.0290324],[16.1172252,48.0290119],[16.1171936,48.0290013],[16.117186,48.0290125],[16.1171797,48.0290218]]]},"properties":{"voltage":"","name":""}},{"type":"Feature","geometry":{"type":"Polygon","coordinates":[[[16.9186964,48.1215125],[16.9184689,48.1224078],[16.9187611,48.1224375],[16.9188018,48.1224416],[16.9188289,48.1224447],[16.919177,48.122485],[16.9197007,48.1223954],[16.9197221,48.1223112],[16.9198065,48.1219873],[16.919836,48.1218714],[16.9194978,48.1216054],[16.9186964,48.1215125]]]},"properties":{"voltage":"110000","name":"Umspannwerk Deutsch-Altenburg"}},{"type":"Feature","geometry":{"type":"Polygon","coordinates":[[[15.6263133,48.4161113],[15.6263922,48.4161181],[15.6263995,48.4160804],[15.6263206,48.4160736],[15.6263133,48.4161113]]]},"properties":{"voltage":"","name":""}},{"type":"Feature","geometry":{"type":"Polygon","coordinates":[[[15.650499,48.4081344],[15.6507351,48.4084056],[15.6509965,48.408305],[15.6512266,48.4082163],[15.6513614,48.4081643],[15.6512007,48.4078622],[15.6511861,48.4078679],[15.650499,48.4081344]]]},"properties":{"voltage":"110000","name":"Umspannwerk H\u00fctte Krems"}},{"type":"Feature","geometry":{"type":"Polygon","coordinates":[[[16.0700715,48.5591191],[16.0703212,48.5598415],[16.0704816,48.5598161],[16.0705348,48.5598086],[16.0719953,48.5596026],[16.0717808,48.5588893],[16.0700715,48.5591191]]]},"properties":{"voltage":"110000","name":"Umspannwerk Hollabrunn"}},{"type":"Feature","geometry":{"type":"Polygon","coordinates":[[[15.3888914,48.4789663],[15.3888928,48.4790244],[15.3889811,48.4790242],[15.3889821,48.4789656],[15.388944,48.478966],[15.3888914,48.4789663]]]},"properties":{"voltage":"","name":""}},{"type":"Feature","geometry":{"type":"Polygon","coordinates":[[[16.4684264,48.219476],[16.4684911,48.2194655],[16.4684762,48.2194314],[16.4684139,48.2194405],[16.4684264,48.219476]]]},"properties":{"voltage":"","name":""}},{"type":"Feature","geometry":{"type":"Polygon","coordinates":[[[15.6064544,48.1988478],[15.6062446,48.1993627],[15.6064046,48.1999807],[15.6069986,48.2000483],[15.6074726,48.1999691],[15.6077711,48.1990082],[15.6075434,48.1989771],[15.6075079,48.1989723],[15.6074425,48.1989632],[15.6074462,48.1989511],[15.6073956,48.1989444],[15.6074018,48.1989237],[15.6071296,48.1988874],[15.607125,48.198903],[15.6069807,48.1988837],[15.6069367,48.1988779],[15.6069316,48.1988951],[15.6065443,48.1988434],[15.6065388,48.1988617],[15.6064544,48.1988478]]]},"properties":{"voltage":"110000","name":"Umspannwerk St. P\u00f6lten West"}},{"type":"Feature","geometry":{"type":"Polygon","coordinates":[[[16.6228678,48.8154595],[16.6230668,48.8146777],[16.6231022,48.8145193],[16.6236904,48.814544],[16.6242902,48.8146245],[16.6245512,48.814736],[16.6244707,48.8151621],[16.6240912,48.8155967],[16.6228678,48.8154595]]]},"properties":{"voltage":"110000;22000","name":"Mikulov"}},{"type":"Feature","geometry":{"type":"Polygon","coordinates":[[[15.4956745,48.5202836],[15.4957604,48.5202817],[15.4957584,48.5202415],[15.4956725,48.5202434],[15.4956745,48.5202836]]]},"properties":{"voltage":"","name":""}},{"type":"Feature","geometry":{"type":"Polygon","coordinates":[[[16.7120078,48.5993316],[16.7120357,48.5993261],[16.7120265,48.5992983],[16.7119959,48.5993037],[16.7120078,48.5993316]]]},"properties":{"voltage":"","name":""}},{"type":"Feature","geometry":{"type":"Polygon","coordinates":[[[15.17953,48.5984697],[15.1797691,48.5983809],[15.1804519,48.5994126],[15.1803543,48.5994282],[15.1801251,48.5994665],[15.1800558,48.5994781],[15.1798737,48.5995085],[15.1798798,48.5995216],[15.1798853,48.5995334],[15.1799036,48.5995725],[15.1799111,48.5995886],[15.1798036,48.59961],[15.1796202,48.5996445],[15.1793819,48.5997084],[15.1789985,48.5998324],[15.1786042,48.5993096],[15.178597,48.5992939],[15.1786011,48.5992783],[15.1787285,48.5992338],[15.1787846,48.5992177],[15.1788555,48.5991974],[15.1788504,48.5991883],[15.1792979,48.5990796],[15.1792923,48.5990662],[15.1791946,48.5988346],[15.1792028,48.5987423],[15.1792397,48.5985535],[15.17953,48.5984697]]]},"properties":{"voltage":"110000","name":"Umspannwerk Zwettl"}},{"type":"Feature","geometry":{"type":"Polygon","coordinates":[[[16.7601251,48.4674272],[16.7602765,48.4674608],[16.760347,48.4673451],[16.7607216,48.4673841],[16.7612207,48.4675036],[16.7607856,48.4682438],[16.7605901,48.4684835],[16.7601384,48.4688961],[16.760011,48.4688987],[16.7594933,48.468648],[16.759429,48.4685537],[16.7596596,48.4681429],[16.760026,48.4675639],[16.7600512,48.4675712],[16.7601251,48.4674272]]]},"properties":{"voltage":"110000","name":"Umspannwerk Spannberg"}},{"type":"Feature","geometry":{"type":"Polygon","coordinates":[[[16.0351406,48.8582857],[16.0351332,48.8582684],[16.0351308,48.8582628],[16.0351657,48.8582575],[16.0351735,48.8582808],[16.0351644,48.8582821],[16.0351574,48.8582832],[16.0351406,48.8582857]]]},"properties":{"voltage":"","name":""}},{"type":"Feature","geometry":{"type":"Polygon","coordinates":[[[15.6322119,48.6473063],[15.6322314,48.64741],[15.6322342,48.6474277],[15.6323454,48.6475276],[15.6324463,48.6481715],[15.6330228,48.648132],[15.633172,48.6480393],[15.6330255,48.6472419],[15.6328614,48.6472547],[15.6328351,48.6472568],[15.6327897,48.6472603],[15.6327645,48.6472623],[15.6327363,48.6472645],[15.6325316,48.6472804],[15.6325022,48.6472827],[15.6324617,48.6472859],[15.6324536,48.6472866],[15.6324334,48.6472882],[15.6324253,48.6472889],[15.6324178,48.6472895],[15.6324107,48.64729],[15.6324026,48.6472907],[15.6322119,48.6473063]]]},"properties":{"voltage":"110000","name":"Umspannwerk Horn"}},{"type":"Feature","geometry":{"type":"Polygon","coordinates":[[[15.2751534,48.8070083],[15.2753104,48.8067221],[15.2753339,48.8067063],[15.2754574,48.806623],[15.2754,48.8065837],[15.2753828,48.806595],[15.2756007,48.8062669],[15.275647,48.806281],[15.2758844,48.8065],[15.2761968,48.8067363],[15.2764469,48.8068854],[15.2768653,48.8071346],[15.2769773,48.8072013],[15.2769035,48.8072497],[15.2764572,48.8075424],[15.2763096,48.8075425],[15.2762076,48.8076088],[15.2755316,48.8071601],[15.2754433,48.8072102],[15.2751534,48.8070083]]]},"properties":{"voltage":"110000","name":"Umspannwerk Waidhofen an der Thaya"}},{"type":"Feature","geometry":{"type":"Polygon","coordinates":[[[15.2849271,48.8122812],[15.2849103,48.81232],[15.2848423,48.8123073],[15.2848591,48.8122684],[15.2849271,48.8122812]]]},"properties":{"voltage":"","name":""}},{"type":"Feature","geometry":{"type":"Polygon","coordinates":[[[15.35028,48.4308522],[15.3503122,48.4308691],[15.3503314,48.430853],[15.3502992,48.4308361],[15.35028,48.4308522]]]},"properties":{"voltage":"","name":""}},{"type":"Feature","geometry":{"type":"Polygon","coordinates":[[[16.0698656,48.1779916],[16.0698446,48.1781456],[16.0699512,48.1781521],[16.0699722,48.1779981],[16.0698656,48.1779916]]]},"properties":{"voltage":"110000;20000","name":""}},{"type":"Feature","geometry":{"type":"Polygon","coordinates":[[[15.9847072,48.7990184],[15.9847409,48.7990118],[15.9847324,48.7989897],[15.9846986,48.7989958],[15.9847072,48.7990184]]]},"properties":{"voltage":"","name":""}},{"type":"Feature","geometry":{"type":"Polygon","coordinates":[[[16.2941542,48.373527],[16.2941334,48.3735046],[16.2941707,48.3734893],[16.2941915,48.3735116],[16.2941542,48.373527]]]},"properties":{"voltage":"","name":""}},{"type":"Feature","geometry":{"type":"Polygon","coordinates":[[[16.3202392,48.1742847],[16.3202921,48.1742811],[16.3202804,48.1742053],[16.3202275,48.1742089],[16.3202392,48.1742847]]]},"properties":{"voltage":"","name":""}},{"type":"Feature","geometry":{"type":"Polygon","coordinates":[[[16.3255229,48.174139],[16.325682,48.1741005],[16.3256622,48.1740641],[16.3255031,48.1741026],[16.3255229,48.174139]]]},"properties":{"voltage":"","name":""}},{"type":"Feature","geometry":{"type":"Polygon","coordinates":[[[15.6864194,48.2197723],[15.6866322,48.2199718],[15.6874299,48.2201998],[15.6875266,48.2201716],[15.6876212,48.2200111],[15.6877741,48.2199782],[15.6877876,48.2199466],[15.6877962,48.2199264],[15.6862143,48.2194388],[15.6857615,48.2193083],[15.6856693,48.2194992],[15.6857287,48.2195408],[15.686048,48.2196479],[15.6860794,48.2196584],[15.6861605,48.2196856],[15.6864194,48.2197723]]]},"properties":{"voltage":"110000","name":"Unterwerk Wagram"}},{"type":"Feature","geometry":{"type":"Polygon","coordinates":[[[15.6147887,48.0448009],[15.6151633,48.0454331],[15.6166451,48.0450432],[15.6166247,48.0449504],[15.6158215,48.044536],[15.6148437,48.0447868],[15.6147887,48.0448009]]]},"properties":{"voltage":"110000","name":"Umspannwerk Traisen"}},{"type":"Feature","geometry":{"type":"Polygon","coordinates":[[[16.1177479,48.8196109],[16.1177818,48.8196046],[16.1177774,48.8195944],[16.117772,48.8195821],[16.1177376,48.8195887],[16.1177479,48.8196109]]]},"properties":{"voltage":"","name":""}},{"type":"Feature","geometry":{"type":"Polygon","coordinates":[[[16.324927,48.7652769],[16.3249364,48.765301],[16.3249428,48.7653176],[16.3250633,48.7652931],[16.3250454,48.7652551],[16.324927,48.7652769]]]},"properties":{"voltage":"","name":""}},{"type":"Feature","geometry":{"type":"Polygon","coordinates":[[[15.6526816,48.2721795],[15.6526904,48.2722775],[15.6527168,48.2724677],[15.6533544,48.2724474],[15.6533328,48.2721575],[15.6528593,48.2721731],[15.6527607,48.2721763],[15.6526816,48.2721795]]]},"properties":{"voltage":"110000","name":"Umspannwerk Zagging"}},{"type":"Feature","geometry":{"type":"Polygon","coordinates":[[[15.9692198,48.6917281],[15.9687404,48.6925058],[15.9690859,48.6926002],[15.969235,48.6926409],[15.9699304,48.6915439],[15.9695412,48.6914385],[15.969488,48.6915136],[15.9693451,48.6917391],[15.9693318,48.6917597],[15.9692198,48.6917281]]]},"properties":{"voltage":"110000","name":"Unterwerk Zellerndorf"}},{"type":"Feature","geometry":{"type":"Polygon","coordinates":[[[15.2409858,48.473873],[15.2415341,48.4741719],[15.2417205,48.4740144],[15.2417419,48.4739878],[15.2417466,48.4739646],[15.2417446,48.4739446],[15.2417198,48.4739109],[15.2416601,48.4738731],[15.2418371,48.4738162],[15.2420599,48.4736495],[15.2419992,48.4736131],[15.2416458,48.4734013],[15.2414693,48.4735297],[15.2410517,48.4738262],[15.2409858,48.473873]]]},"properties":{"voltage":"110000","name":"Umspannwerk Sallingberg"}},{"type":"Feature","geometry":{"type":"Polygon","coordinates":[[[15.2566278,48.3017323],[15.2565531,48.3021853],[15.256828,48.3022053],[15.2569026,48.3017523],[15.2566278,48.3017323]]]},"properties":{"voltage":"110000","name":"Umspannwerk Am Schuss"}},{"type":"Feature","geometry":{"type":"Polygon","coordinates":[[[15.8715608,48.877487],[15.8715478,48.8774623],[15.8715114,48.8774705],[15.8715192,48.8774851],[15.8715246,48.8774952],[15.8715608,48.877487]]]},"properties":{"voltage":"","name":""}},{"type":"Feature","geometry":{"type":"Polygon","coordinates":[[[15.3896374,48.0893011],[15.39094,48.0896334],[15.3912013,48.0892747],[15.3907912,48.0892044],[15.3897497,48.0890019],[15.3896374,48.0893011]]]},"properties":{"voltage":"110000","name":"Umspannwerk Kilb"}},{"type":"Feature","geometry":{"type":"Polygon","coordinates":[[[15.7682808,48.033177],[15.7681396,48.0330536],[15.7678468,48.0328337],[15.7675599,48.0330376],[15.7676705,48.0331175],[15.7678468,48.0332494],[15.7678847,48.0333504],[15.7689354,48.0337303],[15.769133,48.033481],[15.7682808,48.033177]]]},"properties":{"voltage":"110000","name":"Umspannwerk Hainfeld"}},{"type":"Feature","geometry":{"type":"Polygon","coordinates":[[[16.22565,48.8729857],[16.2256586,48.8729783],[16.2256701,48.8729682],[16.225641,48.8729538],[16.2256209,48.8729713],[16.22565,48.8729857]]]},"properties":{"voltage":"","name":""}},{"type":"Feature","geometry":{"type":"Polygon","coordinates":[[[16.064138,48.857015],[16.0642005,48.8570136],[16.0641978,48.8569593],[16.0641228,48.8569611],[16.0641241,48.8569908],[16.0641373,48.8569904],[16.064138,48.857015]]]},"properties":{"voltage":"22000;400","name":""}},{"type":"Feature","geometry":{"type":"Polygon","coordinates":[[[15.2809926,48.8562539],[15.2810256,48.8562541],[15.281026,48.8562315],[15.280993,48.8562313],[15.2809926,48.8562539]]]},"properties":{"voltage":"","name":""}},{"type":"Feature","geometry":{"type":"Polygon","coordinates":[[[16.0607308,48.864375],[16.0607167,48.8643854],[16.0607048,48.8643942],[16.0607337,48.8644113],[16.0607595,48.8643924],[16.0607308,48.864375]]]},"properties":{"voltage":"","name":""}},{"type":"Feature","geometry":{"type":"Polygon","coordinates":[[[16.0588077,48.8328399],[16.0588488,48.8328509],[16.0588642,48.8328235],[16.0588453,48.8328182],[16.0588239,48.8328124],[16.0588077,48.8328399]]]},"properties":{"voltage":"","name":""}},{"type":"Feature","geometry":{"type":"Polygon","coordinates":[[[16.2752653,48.1437525],[16.2754587,48.1437193],[16.2754413,48.1436741],[16.2752479,48.1437073],[16.2752653,48.1437525]]]},"properties":{"voltage":"","name":""}},{"type":"Feature","geometry":{"type":"Polygon","coordinates":[[[16.4156748,48.2158108],[16.4156332,48.2157831],[16.4156796,48.2157501],[16.4157231,48.2157783],[16.4156748,48.2158108]]]},"properties":{"voltage":"","name":""}},{"type":"Feature","geometry":{"type":"Polygon","coordinates":[[[15.6060477,48.4068122],[15.6061103,48.4064639],[15.6071723,48.4065438],[15.6072123,48.4065765],[15.6072029,48.4066602],[15.6068476,48.4066352],[15.6068363,48.4067146],[15.6068287,48.4067612],[15.6065881,48.406744],[15.6065701,48.4068554],[15.6060477,48.4068122]]]},"properties":{"voltage":"110000","name":"Umspannwerk Krems"}},{"type":"Feature","geometry":{"type":"Polygon","coordinates":[[[15.1816652,48.1856629],[15.1818328,48.1851303],[15.1816999,48.1850319],[15.1816681,48.1850083],[15.1816424,48.1849893],[15.1816198,48.1849725],[15.1813028,48.1849651],[15.1812869,48.1849385],[15.1811615,48.1849372],[15.1810777,48.1849403],[15.1809899,48.1849533],[15.1809208,48.184968],[15.1808759,48.184981],[15.1808403,48.184998],[15.1808202,48.1850172],[15.1807766,48.1850324],[15.1807587,48.1850053],[15.1807183,48.1849443],[15.1804674,48.185037],[15.1803294,48.1850882],[15.1804695,48.1853075],[15.1803605,48.185338],[15.1804937,48.1854893],[15.1805607,48.1855906],[15.1805858,48.1856277],[15.1806219,48.1856825],[15.180645,48.1856757],[15.1807011,48.1857609],[15.1806806,48.1857669],[15.1807071,48.1858071],[15.1806854,48.1858134],[15.1806867,48.1859428],[15.1807267,48.1859314],[15.1807868,48.1859137],[15.180922,48.1858755],[15.1809625,48.1858639],[15.1809881,48.1858566],[15.181015,48.1858489],[15.1816652,48.1856629]]]},"properties":{"voltage":"110000","name":"Umspannwerk Erlauf"}},{"type":"Feature","geometry":{"type":"Polygon","coordinates":[[[15.8316767,48.6636247],[15.8330155,48.6635922],[15.8330068,48.6633625],[15.8327837,48.6632233],[15.83273,48.6622018],[15.8319978,48.6621087],[15.8316853,48.6621162],[15.8316123,48.6621715],[15.8316142,48.6622112],[15.8316167,48.6622648],[15.8316046,48.6622719],[15.8316209,48.6626838],[15.8316507,48.6626831],[15.8316662,48.6629591],[15.8316324,48.6629604],[15.8316755,48.6636058],[15.8316767,48.6636247]]]},"properties":{"voltage":"110000","name":"Umspannwerk Eggenburg"}},{"type":"Feature","geometry":{"type":"Polygon","coordinates":[[[15.3917047,48.7302846],[15.3918499,48.7303148],[15.3919898,48.7303358],[15.3920875,48.7303451],[15.392172,48.7303457],[15.3922338,48.7303331],[15.3922937,48.7303111],[15.392352,48.7302793],[15.3924137,48.7302372],[15.3924271,48.7300745],[15.3924296,48.7300389],[15.3917456,48.7300024],[15.3917398,48.73005],[15.39172,48.7301872],[15.3917047,48.7302846]]]},"properties":{"voltage":"110000","name":"Unterwerk G\u00f6pfritz"}},{"type":"Feature","geometry":{"type":"Polygon","coordinates":[[[16.9052015,48.7817009],[16.9072095,48.7819537],[16.9074684,48.7810819],[16.9065264,48.7809583],[16.9064946,48.7810464],[16.9064223,48.781036],[16.9058106,48.78095],[16.9057489,48.781046],[16.9054085,48.7810031],[16.9052015,48.7817009]]]},"properties":{"voltage":"110000;22000","name":"B\u0159eclav"}},{"type":"Feature","geometry":{"type":"Polygon","coordinates":[[[15.8847923,48.3539218],[15.8849709,48.3538168],[15.8850422,48.3538183],[15.885258,48.3539868],[15.8850417,48.3541151],[15.8847923,48.3539218]]]},"properties":{"voltage":"220000","name":"Umspannwerk Zwentendorf"}},{"type":"Feature","geometry":{"type":"Polygon","coordinates":[[[16.2820316,48.7199812],[16.2815905,48.7206179],[16.2815498,48.7206061],[16.2814428,48.7207636],[16.2809528,48.7206125],[16.281318,48.7200918],[16.2816366,48.7198604],[16.2820316,48.7199812]]]},"properties":{"voltage":"110000","name":"Umspannwerk Pernhofen"}},{"type":"Feature","geometry":{"type":"Polygon","coordinates":[[[16.3824736,48.7150751],[16.3840796,48.7150697],[16.3840733,48.7145431],[16.3840341,48.7145449],[16.3835946,48.7146384],[16.3824632,48.7146459],[16.3824736,48.7150751]]]},"properties":{"voltage":"110000","name":"Umspannwerk Laa an der Thaya"}},{"type":"Feature","geometry":{"type":"Polygon","coordinates":[[[16.8508122,48.8304638],[16.8508978,48.8304615],[16.8508943,48.8303959],[16.8508088,48.8303978],[16.8508122,48.8304638]]]},"properties":{"voltage":"","name":""}},{"type":"Feature","geometry":{"type":"Polygon","coordinates":[[[16.3496833,48.2077442],[16.3498646,48.2077592],[16.3498253,48.2079353],[16.3496456,48.2079174],[16.3496656,48.2078138],[16.3496833,48.2077442]]]},"properties":{"voltage":"110000","name":"Umspannwerk Josefstadt"}},{"type":"Feature","geometry":{"type":"Polygon","coordinates":[[[15.3094956,48.4809014],[15.3095344,48.4809077],[15.3095441,48.4808811],[15.3095053,48.4808749],[15.3094956,48.4809014]]]},"properties":{"voltage":"","name":""}},{"type":"Feature","geometry":{"type":"Polygon","coordinates":[[[16.713788,48.3446],[16.7140425,48.3441827],[16.7132126,48.3434492],[16.7127595,48.3436757],[16.713788,48.3446]]]},"properties":{"voltage":"110000","name":"Umspannwerk G\u00e4nserndorf"}},{"type":"Feature","geometry":{"type":"Polygon","coordinates":[[[16.8213213,48.382333],[16.8215032,48.3821768],[16.8213285,48.3820813],[16.8214147,48.3820065],[16.8229687,48.3828304],[16.8227273,48.38306],[16.8213213,48.382333]]]},"properties":{"voltage":"15000","name":""}},{"type":"Feature","geometry":{"type":"Polygon","coordinates":[[[16.7984795,48.6057534],[16.7979911,48.6057855],[16.7976635,48.605811],[16.7978807,48.6065333],[16.7981136,48.6069712],[16.7988379,48.6068976],[16.8004641,48.6067911],[16.8010837,48.6067716],[16.8015423,48.6068532],[16.8018427,48.6069046],[16.8023862,48.6068758],[16.802524,48.6067805],[16.8021941,48.6045813],[16.8018339,48.6046041],[16.801741,48.6045821],[16.8015381,48.6045868],[16.800035,48.6046921],[16.7999182,48.6047276],[16.7997466,48.6047792],[16.7986011,48.6048059],[16.7985986,48.6048653],[16.7985973,48.6048987],[16.7985731,48.6049324],[16.798498,48.604975],[16.7983666,48.6051408],[16.7984795,48.6057534]]]},"properties":{"voltage":"380000;220000;110000","name":"Umspannwerk Neusiedl an der Zaya"}},{"type":"Feature","geometry":{"type":"Polygon","coordinates":[[[16.6225669,48.5435337],[16.6230896,48.5433542],[16.6228497,48.543048],[16.6227887,48.5430692],[16.6226982,48.5431],[16.6226594,48.5430505],[16.6225114,48.5431014],[16.6225508,48.5431518],[16.6223277,48.5432284],[16.6225669,48.5435337]]]},"properties":{"voltage":"110000","name":"Umspannwerk Kettlasbrunn"}},{"type":"Feature","geometry":{"type":"Polygon","coordinates":[[[15.103178,48.8549075],[15.1033884,48.8547689],[15.1035944,48.8546332],[15.1036509,48.854596],[15.10404,48.8548549],[15.1040412,48.8549422],[15.1039958,48.8549718],[15.1036617,48.8551897],[15.1036286,48.8552113],[15.1035427,48.8551536],[15.1034865,48.8551158],[15.1034599,48.855098],[15.1034337,48.8550804],[15.1034131,48.8550666],[15.1032504,48.8549543],[15.103178,48.8549075]]]},"properties":{"voltage":"110000","name":"Umspannwerk Heidenreichstein"}},{"type":"Feature","geometry":{"type":"Polygon","coordinates":[[[17.1901133,48.2190421],[17.1897061,48.2188745],[17.189778,48.218797],[17.1896327,48.2187371],[17.1893914,48.2189905],[17.1899484,48.2192184],[17.1901133,48.2190421]]]},"properties":{"voltage":"","name":"BEZ BA"}},{"type":"Feature","geometry":{"type":"Polygon","coordinates":[[[17.1784609,48.1597765],[17.1778069,48.1598123],[17.177698,48.1598183],[17.1773017,48.159795],[17.177302,48.1597878],[17.1773066,48.1597593],[17.1773109,48.159733],[17.1773149,48.1597084],[17.1773195,48.1596805],[17.1773239,48.1596536],[17.1773283,48.1596263],[17.1773327,48.1595994],[17.177337,48.1595732],[17.1773414,48.1595463],[17.1773457,48.1595195],[17.1773501,48.1594927],[17.1773545,48.1594659],[17.1773589,48.1594385],[17.1773632,48.1594123],[17.1773722,48.1593569],[17.1773768,48.159329],[17.1773814,48.159301],[17.1773825,48.1592937],[17.1774257,48.1590031],[17.1779665,48.1590363],[17.1783167,48.1592097],[17.1783341,48.1592549],[17.1783683,48.1592731],[17.1783974,48.1592882],[17.1786026,48.1593835],[17.1786039,48.1594385],[17.1785728,48.1595426],[17.1784609,48.1597765]]]},"properties":{"voltage":"110000;20000","name":"Ostredky"}},{"type":"Feature","geometry":{"type":"Polygon","coordinates":[[[15.4183345,48.4714857],[15.418348,48.4714965],[15.4183595,48.4715056],[15.418386,48.471491],[15.4183611,48.4714711],[15.4183345,48.4714857]]]},"properties":{"voltage":"","name":""}},{"type":"Feature","geometry":{"type":"Polygon","coordinates":[[[16.7250482,48.9413449],[16.7250077,48.9412627],[16.724939,48.941277],[16.72498,48.9413595],[16.7250482,48.9413449]]]},"properties":{"voltage":"22000;400","name":"V\u011btrn\u00e1"}},{"type":"Feature","geometry":{"type":"Polygon","coordinates":[[[17.0327669,48.2023075],[17.0327251,48.2020684],[17.0333645,48.2020187],[17.0334064,48.2022577],[17.0327669,48.2023075]]]},"properties":{"voltage":"","name":"Podvornice"}},{"type":"Feature","geometry":{"type":"Polygon","coordinates":[[[15.2709921,48.2176214],[15.2709843,48.2176569],[15.2709761,48.2176948],[15.270971,48.2177178],[15.2709086,48.2180037],[15.2709586,48.2180085],[15.2709523,48.2180373],[15.2709469,48.2180621],[15.2709384,48.2181008],[15.2709352,48.2181156],[15.2708865,48.2181109],[15.2708305,48.2183674],[15.271237,48.2184068],[15.2714835,48.2184307],[15.2727782,48.2185562],[15.2729411,48.2178104],[15.2718448,48.2177041],[15.2709921,48.2176214]]]},"properties":{"voltage":"110000","name":"Umformerwerk/Unterwerk Bergern"}},{"type":"Feature","geometry":{"type":"Polygon","coordinates":[[[16.5586901,48.5644253],[16.5596194,48.564802],[16.5597112,48.5646853],[16.559421,48.5645833],[16.5595632,48.5644031],[16.5587905,48.5641073],[16.5586901,48.5644253]]]},"properties":{"voltage":"110000","name":"Unterwerk Mistelbach"}},{"type":"Feature","geometry":{"type":"Polygon","coordinates":[[[16.3103981,48.0907898],[16.3104667,48.0908145],[16.3105258,48.0907413],[16.3104572,48.0907165],[16.3103981,48.0907898]]]},"properties":{"voltage":"20000","name":""}},{"type":"Feature","geometry":{"type":"Polygon","coordinates":[[[15.817331,48.3194397],[15.8173394,48.3194216],[15.8173812,48.3194302],[15.8173727,48.3194483],[15.817331,48.3194397]]]},"properties":{"voltage":"","name":"TST Reidling Bachgasse"}},{"type":"Feature","geometry":{"type":"Polygon","coordinates":[[[16.499065,48.2393919],[16.4991197,48.2393826],[16.4991017,48.2393397],[16.4990449,48.2393513],[16.499065,48.2393919]]]},"properties":{"voltage":"","name":""}},{"type":"Feature","geometry":{"type":"Polygon","coordinates":[[[15.8137295,48.3237697],[15.8137507,48.3237618],[15.8137307,48.3237381],[15.8137095,48.323746],[15.8137295,48.3237697]]]},"properties":{"voltage":"","name":"TST Reidling Dr. Franz Rabl Stra\u00dfe"}},{"type":"Feature","geometry":{"type":"Polygon","coordinates":[[[15.8216497,48.3302783],[15.8216647,48.3303223],[15.821731,48.3303123],[15.8217161,48.3302684],[15.8216497,48.3302783]]]},"properties":{"voltage":"","name":"TST Reidling Bauhofstra\u00dfe"}},{"type":"Feature","geometry":{"type":"Polygon","coordinates":[[[15.8202813,48.3310591],[15.8203092,48.3310893],[15.82035,48.3310726],[15.8203222,48.3310425],[15.8202813,48.3310591]]]},"properties":{"voltage":"","name":"TST Sitzenberg Bahnhof"}},{"type":"Feature","geometry":{"type":"Polygon","coordinates":[[[15.8032647,48.3216102],[15.8032512,48.3216365],[15.8032853,48.3216443],[15.8032989,48.321618],[15.8032647,48.3216102]]]},"properties":{"voltage":"","name":"TST Sitzenberg Ahrenbergerstra\u00dfe"}},{"type":"Feature","geometry":{"type":"Polygon","coordinates":[[[15.8063429,48.3236902],[15.8063544,48.3236466],[15.8064185,48.3236541],[15.806407,48.3236977],[15.8063429,48.3236902]]]},"properties":{"voltage":"","name":"TST Sitzenberg Ort"}},{"type":"Feature","geometry":{"type":"Polygon","coordinates":[[[15.622392,48.4155365],[15.6223535,48.4155931],[15.6224594,48.4156248],[15.6224979,48.4155683],[15.622392,48.4155365]]]},"properties":{"voltage":"","name":""}},{"type":"Feature","geometry":{"type":"Polygon","coordinates":[[[15.1299686,48.0563564],[15.130021,48.0563564],[15.130021,48.0563034],[15.1299686,48.0563034],[15.1299686,48.0563564]]]},"properties":{"voltage":"","name":"TST Burgstall Augasse"}},{"type":"Feature","geometry":{"type":"Polygon","coordinates":[[[16.355352,48.2538368],[16.3554311,48.2538427],[16.3554486,48.2537383],[16.3553695,48.2537325],[16.355352,48.2538368]]]},"properties":{"voltage":"","name":""}},{"type":"Feature","geometry":{"type":"Polygon","coordinates":[[[15.3686626,48.4526849],[15.3687126,48.4526915],[15.3687203,48.4526661],[15.3686703,48.4526595],[15.3686626,48.4526849]]]},"properties":{"voltage":"","name":""}},{"type":"Feature","geometry":{"type":"Polygon","coordinates":[[[15.8846261,48.1279163],[15.8846258,48.1278971],[15.8846585,48.1278969],[15.8846587,48.1279161],[15.8846261,48.1279163]]]},"properties":{"voltage":"","name":""}},{"type":"Feature","geometry":{"type":"Polygon","coordinates":[[[16.3898314,48.2360261],[16.3899007,48.2360621],[16.3899601,48.2360114],[16.3898908,48.2359754],[16.3898314,48.2360261]]]},"properties":{"voltage":"","name":""}},{"type":"Feature","geometry":{"type":"Polygon","coordinates":[[[17.0572852,48.148796],[17.0572606,48.1486147],[17.057251,48.1485384],[17.0572245,48.1484688],[17.0571991,48.1484196],[17.0571643,48.1483822],[17.0571229,48.14835],[17.057072,48.1483228],[17.0570131,48.148295],[17.0569542,48.1482763],[17.0568871,48.1482627],[17.0567591,48.148255],[17.0567504,48.1482553],[17.0567144,48.1482564],[17.0566683,48.1482578],[17.0564971,48.1483231],[17.0564418,48.1483487],[17.0564116,48.1483691],[17.0563755,48.1484119],[17.0563463,48.1484539],[17.0563265,48.1485001],[17.0563204,48.1485573],[17.0563274,48.1486335],[17.0563351,48.1486329],[17.0563596,48.1488595],[17.056383,48.1490712],[17.0563865,48.1491031],[17.0563993,48.149235],[17.0564376,48.1492331],[17.0564496,48.1493536],[17.0564979,48.1493524],[17.0565593,48.1493488],[17.05677,48.1493339],[17.0569239,48.1493216],[17.0569945,48.1492915],[17.0570974,48.1490703],[17.0571655,48.149067],[17.057212,48.14906],[17.0572466,48.1490546],[17.0572304,48.1489393],[17.0573039,48.1489342],[17.0572952,48.1488697],[17.0572852,48.148796]]]},"properties":{"voltage":"","name":"Karlova Ves"}},{"type":"Feature","geometry":{"type":"Polygon","coordinates":[[[15.9635053,48.5192513],[15.9635561,48.5192276],[15.9635008,48.5191762],[15.9634501,48.5192019],[15.9635053,48.5192513]]]},"properties":{"voltage":"","name":""}},{"type":"Feature","geometry":{"type":"Polygon","coordinates":[[[15.8797967,48.4281231],[15.8811177,48.4280767],[15.8810633,48.4275971],[15.8797889,48.4276384],[15.8797967,48.4281231]]]},"properties":{"voltage":"110000","name":"Umspannwerk Kirchberg"}},{"type":"Feature","geometry":{"type":"Polygon","coordinates":[[[15.8551823,48.3295525],[15.8552114,48.3295304],[15.8552398,48.329547],[15.8552107,48.3295691],[15.8551823,48.3295525]]]},"properties":{"voltage":"20000;400;230","name":"TST Neubaumgarten"}},{"type":"Feature","geometry":{"type":"Polygon","coordinates":[[[16.6990278,48.033395],[16.6990122,48.030127],[16.6971454,48.0307637],[16.6967699,48.0308732],[16.6938624,48.0315108],[16.6936344,48.0308418],[16.691781,48.0308328],[16.6918022,48.0308922],[16.692249,48.0321251],[16.6924046,48.0326157],[16.692587,48.0331618],[16.6926205,48.0332836],[16.6969657,48.033282],[16.6969657,48.0334147],[16.6990278,48.033395]]]},"properties":{"voltage":"380000;110000","name":"Umspannwerk Sarasdorf"}},{"type":"Feature","geometry":{"type":"Polygon","coordinates":[[[15.9926578,48.3987032],[15.9928282,48.3986574],[15.993126,48.3986343],[15.9944725,48.3985701],[15.9944574,48.3984342],[15.994423,48.3981517],[15.9932471,48.3982087],[15.993074,48.3982198],[15.9929082,48.398317],[15.9929142,48.3984672],[15.9928356,48.3985106],[15.9927359,48.3984259],[15.9922402,48.3986836],[15.9923825,48.3987997],[15.9924682,48.3987869],[15.9926578,48.3987032]]]},"properties":{"voltage":"110000","name":"Unterwerk Absdorf"}},{"type":"Feature","geometry":{"type":"Polygon","coordinates":[[[16.367873,48.2094868],[16.3677996,48.2095272],[16.3678122,48.2095366],[16.3678183,48.2095417],[16.3677311,48.2095942],[16.3679243,48.2097291],[16.3678116,48.2098012],[16.3678291,48.209814],[16.3677571,48.2098596],[16.3677009,48.2098199],[16.3676489,48.2098525],[16.3676142,48.2098353],[16.3674816,48.2097485],[16.3675372,48.2097133],[16.3675207,48.2097022],[16.3676031,48.2096516],[16.3676398,48.2096289],[16.3675562,48.2095674],[16.3675599,48.2095653],[16.3677173,48.2094742],[16.3678009,48.2094285],[16.367873,48.2094868]]]},"properties":{"voltage":"110000","name":"Umspannwerk Neubad"}},{"type":"Feature","geometry":{"type":"Polygon","coordinates":[[[15.1472133,48.222425],[15.1471924,48.2224552],[15.1472337,48.2224679],[15.1472547,48.2224377],[15.1472133,48.222425]]]},"properties":{"voltage":"","name":""}},{"type":"Feature","geometry":{"type":"Polygon","coordinates":[[[17.076222,48.1389964],[17.0761849,48.1389295],[17.0761017,48.1389487],[17.0761382,48.1390144],[17.076222,48.1389964]]]},"properties":{"voltage":"","name":""}},{"type":"Feature","geometry":{"type":"Polygon","coordinates":[[[16.4549869,48.209301],[16.4549857,48.2092639],[16.4549228,48.2092646],[16.454923,48.2093018],[16.4549869,48.209301]]]},"properties":{"voltage":"","name":""}},{"type":"Feature","geometry":{"type":"Polygon","coordinates":[[[17.0507017,48.1526821],[17.0506917,48.1525695],[17.0508893,48.1525617],[17.0509532,48.1525592],[17.0509632,48.1526718],[17.0507017,48.1526821]]]},"properties":{"voltage":"","name":"TS-1082"}},{"type":"Feature","geometry":{"type":"Polygon","coordinates":[[[16.3207765,48.1079693],[16.3207734,48.1079076],[16.3208224,48.1079065],[16.3208254,48.1079682],[16.3207765,48.1079693]]]},"properties":{"voltage":"","name":""}},{"type":"Feature","geometry":{"type":"Polygon","coordinates":[[[15.4435793,48.589661],[15.4434157,48.5896503],[15.4433735,48.5896475],[15.4428238,48.5896116],[15.4427269,48.5896641],[15.4422986,48.5896909],[15.4422454,48.5898513],[15.4422135,48.5899475],[15.4427663,48.5900664],[15.4431102,48.5900902],[15.4431978,48.5900963],[15.4434652,48.5900898],[15.4436509,48.5899087],[15.4436535,48.5898978],[15.4436585,48.5898783],[15.4436813,48.5897899],[15.4435793,48.589661]]]},"properties":{"voltage":"110000;20000","name":"Umspannwerk Krumau"}},{"type":"Feature","geometry":{"type":"Polygon","coordinates":[[[15.4008916,48.8859609],[15.4008781,48.8859302],[15.4009238,48.8859216],[15.4009373,48.8859522],[15.4008916,48.8859609]]]},"properties":{"voltage":"","name":""}},{"type":"Feature","geometry":{"type":"Polygon","coordinates":[[[15.9372675,48.622835],[15.937368,48.6228468],[15.937387,48.6227762],[15.9372865,48.6227644],[15.9372675,48.622835]]]},"properties":{"voltage":"","name":""}},{"type":"Feature","geometry":{"type":"Polygon","coordinates":[[[15.8738544,48.9262313],[15.8737634,48.9261563],[15.8737501,48.9261634],[15.8736592,48.9262118],[15.8737171,48.926258],[15.8737263,48.9262531],[15.8737603,48.926281],[15.8738544,48.9262313]]]},"properties":{"voltage":"","name":""}},{"type":"Feature","geometry":{"type":"Polygon","coordinates":[[[15.87152,48.9201993],[15.8714941,48.9201793],[15.8714746,48.9201903],[15.8714641,48.9201963],[15.8714899,48.9202158],[15.87152,48.9201993]]]},"properties":{"voltage":"","name":""}},{"type":"Feature","geometry":{"type":"Polygon","coordinates":[[[16.0788319,48.8645185],[16.0795427,48.8640422],[16.0794312,48.8639789],[16.0797833,48.8637502],[16.0791002,48.8633067],[16.0785692,48.8634303],[16.0778121,48.8639504],[16.0788319,48.8645185]]]},"properties":{"voltage":"110000;22000","name":"Znojmo"}},{"type":"Feature","geometry":{"type":"Polygon","coordinates":[[[15.8185817,48.9059005],[15.8188645,48.9057579],[15.8187049,48.9056211],[15.8184221,48.9057637],[15.8185817,48.9059005]]]},"properties":{"voltage":"110000","name":"Vranov"}},{"type":"Feature","geometry":{"type":"Polygon","coordinates":[[[16.9701689,48.7693853],[16.9709221,48.7692161],[16.9706806,48.768736],[16.9699063,48.7689091],[16.9701689,48.7693853]]]},"properties":{"voltage":"110000;22000","name":"Tvrdonice"}},{"type":"Feature","geometry":{"type":"Polygon","coordinates":[[[17.1184339,48.8466445],[17.1181975,48.8463868],[17.1182667,48.8462884],[17.1204329,48.845497],[17.1206762,48.8457819],[17.1206296,48.8458325],[17.1204804,48.8458847],[17.1205126,48.8459388],[17.1194013,48.8463488],[17.1188602,48.8464939],[17.1184339,48.8466445]]]},"properties":{"voltage":"110000;22000","name":"Hodon\u00edn"}},{"type":"Feature","geometry":{"type":"Polygon","coordinates":[[[16.3553236,48.1809094],[16.3554634,48.1809029],[16.3554607,48.1808619],[16.3553192,48.1808684],[16.3553236,48.1809094]]]},"properties":{"voltage":"","name":""}},{"type":"Feature","geometry":{"type":"Polygon","coordinates":[[[16.3313521,48.1642248],[16.3301414,48.1650337],[16.3296478,48.1653877],[16.3295519,48.1654957],[16.3298237,48.165895],[16.3315898,48.1654926],[16.331773,48.1654525],[16.3316549,48.1652454],[16.3320432,48.1651442],[16.3313521,48.1642248]]]},"properties":{"voltage":"380000;110000","name":"Umspannwerk S\u00fcd"}},{"type":"Feature","geometry":{"type":"Polygon","coordinates":[[[15.8550671,48.3734484],[15.8554636,48.3733312],[15.8551802,48.372912],[15.8547797,48.373035],[15.8550671,48.3734484]]]},"properties":{"voltage":"220000","name":""}},{"type":"Feature","geometry":{"type":"Polygon","coordinates":[[[17.0261264,48.0396813],[17.0273278,48.0390466],[17.0268512,48.0386426],[17.025657,48.0392083],[17.0256398,48.0392584],[17.0260246,48.0396464],[17.0261264,48.0396813]]]},"properties":{"voltage":"110000","name":"Umspannwerk Pama"}},{"type":"Feature","geometry":{"type":"Polygon","coordinates":[[[15.7112774,48.2848012],[15.7123609,48.2846963],[15.7123056,48.2844432],[15.7122764,48.2843097],[15.711485,48.2843864],[15.7111929,48.2844147],[15.7112774,48.2848012]]]},"properties":{"voltage":"110000","name":"Umspannwerk Herzogenburg"}},{"type":"Feature","geometry":{"type":"Polygon","coordinates":[[[16.3957673,48.2976361],[16.3966349,48.2973881],[16.3962755,48.2968316],[16.3954307,48.2964109],[16.395232,48.2965906],[16.3954432,48.2969177],[16.3953252,48.2969515],[16.3957673,48.2976361]]]},"properties":{"voltage":"400000","name":"Kabel\u00fcberf\u00fchrungsstation 400kV-1GW-Nordeinspeisung"}},{"type":"Feature","geometry":{"type":"Polygon","coordinates":[[[15.6233692,48.4125424],[15.6233887,48.4125141],[15.6234558,48.4125345],[15.6234364,48.4125627],[15.6233692,48.4125424]]]},"properties":{"voltage":"","name":""}},{"type":"Feature","geometry":{"type":"Polygon","coordinates":[[[16.7563366,48.6129083],[16.7562879,48.6129517],[16.7563362,48.6129754],[16.7563849,48.6129319],[16.7563366,48.6129083]]]},"properties":{"voltage":"","name":""}},{"type":"Feature","geometry":{"type":"Polygon","coordinates":[[[17.1577889,48.2009334],[17.157757,48.2009165],[17.1577235,48.2008988],[17.1577509,48.2008757],[17.1578174,48.2009098],[17.1577889,48.2009334]]]},"properties":{"voltage":"","name":""}},{"type":"Feature","geometry":{"type":"Polygon","coordinates":[[[15.943484,48.5091437],[15.9434442,48.509161],[15.9434173,48.509132],[15.943455,48.5091135],[15.943484,48.5091437]]]},"properties":{"voltage":"","name":""}},{"type":"Feature","geometry":{"type":"Polygon","coordinates":[[[16.3128849,48.1641271],[16.3129898,48.1640863],[16.3129515,48.1640426],[16.3128466,48.1640835],[16.3128849,48.1641271]]]},"properties":{"voltage":"20000;400","name":""}},{"type":"Feature","geometry":{"type":"Polygon","coordinates":[[[15.8780539,48.3288945],[15.8780838,48.3292803],[15.878085,48.3292959],[15.8780861,48.3293104],[15.8781274,48.3298677],[15.8781288,48.3298872],[15.8781312,48.3299172],[15.8782493,48.3314177],[15.8796004,48.3313575],[15.8818728,48.331288],[15.8817618,48.3298254],[15.8817599,48.3298034],[15.8817539,48.3297647],[15.8814205,48.3297665],[15.8814176,48.3297337],[15.8814109,48.3296582],[15.8811104,48.3296601],[15.8810962,48.3294466],[15.8810808,48.3292151],[15.8810549,48.3288266],[15.8816375,48.3288098],[15.8815315,48.3276263],[15.8802176,48.3276747],[15.8785556,48.3277379],[15.8786486,48.3287852],[15.8781138,48.3288453],[15.8780539,48.3288945]]]},"properties":{"voltage":"380000","name":"Umspannwerk D\u00fcrnrohr"}},{"type":"Feature","geometry":{"type":"Polygon","coordinates":[[[16.0694989,48.1778906],[16.0695148,48.177786],[16.069536,48.1776463],[16.069186,48.1776226],[16.0691489,48.1778669],[16.0694989,48.1778906]]]},"properties":{"voltage":"110000","name":""}},{"type":"Feature","geometry":{"type":"Polygon","coordinates":[[[16.8656553,48.0962291],[16.8658966,48.0958877],[16.8658627,48.095862],[16.8657977,48.0958891],[16.8657165,48.0958024],[16.8656772,48.0958237],[16.8654018,48.0956197],[16.8654992,48.095561],[16.8652969,48.0954114],[16.8652717,48.095395],[16.8649828,48.0953953],[16.8646345,48.0951424],[16.8645937,48.0951677],[16.8645497,48.0951951],[16.864453,48.0951224],[16.8639643,48.0954107],[16.8638869,48.0954564],[16.8648573,48.0961851],[16.8656553,48.0962291]]]},"properties":{"voltage":"110000","name":"Umspannwerk Petronell"}},{"type":"Feature","geometry":{"type":"Polygon","coordinates":[[[16.4382434,48.1808811],[16.4384209,48.1807779],[16.4380525,48.1804961],[16.437875,48.1805994],[16.4382434,48.1808811]]]},"properties":{"voltage":"110000","name":""}},{"type":"Feature","geometry":{"type":"Polygon","coordinates":[[[15.8452011,48.937491],[15.8452126,48.9374616],[15.8451669,48.9374545],[15.8451569,48.9374834],[15.8452011,48.937491]]]},"properties":{"voltage":"","name":""}},{"type":"Feature","geometry":{"type":"Polygon","coordinates":[[[16.4093982,48.3326729],[16.4094594,48.3326609],[16.4094392,48.3326152],[16.4093849,48.3326259],[16.4093779,48.3326273],[16.4093982,48.3326729]]]},"properties":{"voltage":"","name":""}},{"type":"Feature","geometry":{"type":"Polygon","coordinates":[[[16.6252282,48.338619],[16.6256436,48.338581],[16.6259127,48.3384779],[16.6258789,48.338322],[16.6259265,48.3383176],[16.6259018,48.3381912],[16.6256558,48.3382137],[16.6256348,48.3381126],[16.6253535,48.3381384],[16.6251412,48.3381992],[16.6252282,48.338619]]]},"properties":{"voltage":"110000","name":"Umspannwerk Bockflie\u00df"}},{"type":"Feature","geometry":{"type":"Polygon","coordinates":[[[16.3115955,48.0880028],[16.3116238,48.0879667],[16.3116797,48.0879863],[16.3116513,48.0880224],[16.3115955,48.0880028]]]},"properties":{"voltage":"20000;400","name":""}},{"type":"Feature","geometry":{"type":"Polygon","coordinates":[[[16.4381337,48.240412],[16.4381885,48.2404041],[16.4381722,48.2403538],[16.4381189,48.2403617],[16.4381337,48.240412]]]},"properties":{"voltage":"","name":""}},{"type":"Feature","geometry":{"type":"Polygon","coordinates":[[[16.4400008,48.2438736],[16.4400725,48.2438518],[16.4400472,48.2438149],[16.4399755,48.2438367],[16.4400008,48.2438736]]]},"properties":{"voltage":"","name":""}},{"type":"Feature","geometry":{"type":"Polygon","coordinates":[[[15.6878151,48.4588919],[15.6878329,48.4588735],[15.6877974,48.4588584],[15.6877796,48.4588768],[15.6878151,48.4588919]]]},"properties":{"voltage":"","name":""}},{"type":"Feature","geometry":{"type":"Polygon","coordinates":[[[15.6961921,48.4651251],[15.6962263,48.4651386],[15.6962553,48.4651063],[15.6962211,48.4650928],[15.6961921,48.4651251]]]},"properties":{"voltage":"","name":""}},{"type":"Feature","geometry":{"type":"Polygon","coordinates":[[[15.8089106,48.7793826],[15.8089945,48.7793461],[15.8089699,48.7793216],[15.8089453,48.7792971],[15.8088614,48.7793336],[15.8088876,48.7793597],[15.8089106,48.7793826]]]},"properties":{"voltage":"","name":""}},{"type":"Feature","geometry":{"type":"Polygon","coordinates":[[[16.0557126,48.6422633],[16.0557016,48.6422385],[16.0557396,48.6422312],[16.0557505,48.6422558],[16.0557329,48.6422592],[16.0557126,48.6422633]]]},"properties":{"voltage":"20000;400","name":""}},{"type":"Feature","geometry":{"type":"Polygon","coordinates":[[[17.1611129,48.2141598],[17.1612478,48.2140812],[17.1609545,48.2138579],[17.1608196,48.2139365],[17.1611129,48.2141598]]]},"properties":{"voltage":"","name":"TS 1048;Meniare\u0148 Z\u00e1humenice (14)"}},{"type":"Feature","geometry":{"type":"Polygon","coordinates":[[[16.3381123,48.1995136],[16.3382679,48.1995372],[16.3382937,48.1995411],[16.3383551,48.1993668],[16.3381763,48.1993366],[16.3381123,48.1995136]]]},"properties":{"voltage":"20000","name":"Unterwerk Goldschlagstra\u00dfe"}},{"type":"Feature","geometry":{"type":"Polygon","coordinates":[[[15.8097016,48.3087266],[15.8097442,48.3087274],[15.8097454,48.3086986],[15.8097029,48.3086978],[15.8097016,48.3087266]]]},"properties":{"voltage":"","name":"TST Eggendorf"}},{"type":"Feature","geometry":{"type":"Polygon","coordinates":[[[16.0775211,48.5577212],[16.0775228,48.5576884],[16.077597,48.5576901],[16.0775954,48.5577228],[16.0775211,48.5577212]]]},"properties":{"voltage":"","name":""}},{"type":"Feature","geometry":{"type":"Polygon","coordinates":[[[15.8035829,48.3187565],[15.8035531,48.3187568],[15.803554,48.3187949],[15.8035838,48.3187945],[15.8035829,48.3187565]]]},"properties":{"voltage":"","name":"TST Sitzenberg Herzogenburgerstra\u00dfe"}},{"type":"Feature","geometry":{"type":"Polygon","coordinates":[[[17.0458535,48.1574679],[17.0460243,48.157459],[17.0460236,48.1574533],[17.0460036,48.1572814],[17.0458328,48.1572902],[17.0458535,48.1574679]]]},"properties":{"voltage":"","name":"TS-1091"}},{"type":"Feature","geometry":{"type":"Polygon","coordinates":[[[15.1256151,48.8652181],[15.1256769,48.865195],[15.1256491,48.8651629],[15.1255873,48.865186],[15.1256151,48.8652181]]]},"properties":{"voltage":"","name":""}},{"type":"Feature","geometry":{"type":"Polygon","coordinates":[[[15.4286252,48.1878163],[15.4295911,48.1878158],[15.4300739,48.1878172],[15.4306821,48.1878073],[15.4312612,48.1878091],[15.4312611,48.1877275],[15.4311657,48.1877271],[15.4311674,48.1875391],[15.4310596,48.1874729],[15.4308732,48.1874035],[15.4297905,48.1874151],[15.4295082,48.1875733],[15.4288474,48.1875707],[15.4288464,48.1876841],[15.4286241,48.1876833],[15.4286252,48.1878163]]]},"properties":{"voltage":"110000","name":"Unterwerk Rohr"}},{"type":"Feature","geometry":{"type":"Polygon","coordinates":[[[15.0479901,48.9616918],[15.0479832,48.9616516],[15.0480412,48.9616472],[15.0480482,48.9616875],[15.0479901,48.9616918]]]},"properties":{"voltage":"","name":""}},{"type":"Feature","geometry":{"type":"Polygon","coordinates":[[[16.3233337,48.3580166],[16.3238977,48.3576071],[16.3234312,48.3573234],[16.3228672,48.3577329],[16.3233337,48.3580166]]]},"properties":{"voltage":"110000","name":"Umspannwerk Korneuburg"}},{"type":"Feature","geometry":{"type":"Polygon","coordinates":[[[15.1338093,48.1110742],[15.1338086,48.1108039],[15.1338084,48.1107425],[15.1342683,48.1107419],[15.1345793,48.1108524],[15.1345795,48.1109302],[15.1348213,48.1109299],[15.1348217,48.1110605],[15.1346606,48.1110732],[15.1338093,48.1110742]]]},"properties":{"voltage":"110000","name":"Umspannwerk Wieselburg"}},{"type":"Feature","geometry":{"type":"Polygon","coordinates":[[[15.406174,48.8853115],[15.4062109,48.8852997],[15.4061931,48.8852759],[15.4061562,48.8852876],[15.406174,48.8853115]]]},"properties":{"voltage":"","name":""}},{"type":"Feature","geometry":{"type":"Polygon","coordinates":[[[16.2353741,48.2004394],[16.2353557,48.2004037],[16.235333,48.2003521],[16.2355232,48.2003034],[16.2355125,48.2000376],[16.2356773,48.1999926],[16.235428,48.199386],[16.2367643,48.1990986],[16.2368281,48.199085],[16.2369947,48.1994801],[16.2374256,48.1994034],[16.2375477,48.1996926],[16.2376558,48.1996773],[16.2377688,48.1999957],[16.2374945,48.2000465],[16.2353741,48.2004394]]]},"properties":{"voltage":"110000","name":"Umformerwerk Auhof"}},{"type":"Feature","geometry":{"type":"Polygon","coordinates":[[[16.4601186,48.2178211],[16.4601621,48.2178361],[16.4601969,48.2177883],[16.460152,48.2177731],[16.4601186,48.2178211]]]},"properties":{"voltage":"","name":""}},{"type":"Feature","geometry":{"type":"Polygon","coordinates":[[[16.5751444,48.5609261],[16.5753149,48.5605412],[16.5753369,48.5604914],[16.5760707,48.5605868],[16.5760762,48.5608435],[16.5763544,48.5608758],[16.5763711,48.5608103],[16.5765384,48.5608291],[16.5765344,48.5608448],[16.576498,48.5609869],[16.5764739,48.5610871],[16.5751444,48.5609261]]]},"properties":{"voltage":"110000","name":"Umspannwerk Mistelbach"}},{"type":"Feature","geometry":{"type":"Polygon","coordinates":[[[16.2612042,48.1209388],[16.2613012,48.1209448],[16.2613112,48.1208742],[16.2612141,48.1208681],[16.2612042,48.1209388]]]},"properties":{"voltage":"","name":""}},{"type":"Feature","geometry":{"type":"Polygon","coordinates":[[[15.6645357,48.4083051],[15.6645313,48.4082755],[15.6645066,48.4082771],[15.664511,48.4083067],[15.6645357,48.4083051]]]},"properties":{"voltage":"","name":""}},{"type":"Feature","geometry":{"type":"Polygon","coordinates":[[[15.7252384,48.45457],[15.7252748,48.4545949],[15.7253086,48.4545731],[15.7252722,48.4545482],[15.7252384,48.45457]]]},"properties":{"voltage":"20000;400","name":"TST Hadersdorf M\u00fchlkampsiedlung"}},{"type":"Feature","geometry":{"type":"Polygon","coordinates":[[[15.7243799,48.4616303],[15.7244098,48.4616492],[15.7244249,48.4616386],[15.7243951,48.4616198],[15.7243799,48.4616303]]]},"properties":{"voltage":"20000;400","name":"TST Hadersdorf Kreisverkehr Sparmarkt"}},{"type":"Feature","geometry":{"type":"Polygon","coordinates":[[[15.7042317,48.4573802],[15.7042047,48.4573903],[15.7042243,48.4574135],[15.7042514,48.4574035],[15.7042317,48.4573802]]]},"properties":{"voltage":"","name":""}},{"type":"Feature","geometry":{"type":"Polygon","coordinates":[[[15.7133518,48.4489407],[15.7133958,48.4489427],[15.713399,48.4489122],[15.713355,48.4489102],[15.7133518,48.4489407]]]},"properties":{"voltage":"","name":""}},{"type":"Feature","geometry":{"type":"Polygon","coordinates":[[[17.0647839,48.1491577],[17.0649275,48.1491858],[17.0649673,48.1490949],[17.0648238,48.1490669],[17.0647839,48.1491577]]]},"properties":{"voltage":"","name":"TS-204"}},{"type":"Feature","geometry":{"type":"Polygon","coordinates":[[[16.35136,48.2341705],[16.3516321,48.2339901],[16.3515431,48.2339642],[16.3514283,48.2339723],[16.3514201,48.2339771],[16.3512262,48.2341043],[16.3512405,48.2341114],[16.35136,48.2341705]]]},"properties":{"voltage":"","name":"Unterwerk D\u00f6bling"}},{"type":"Feature","geometry":{"type":"Polygon","coordinates":[[[15.0986964,48.8518764],[15.0987232,48.8518523],[15.0986951,48.8518407],[15.0986689,48.851864],[15.0986964,48.8518764]]]},"properties":{"voltage":"","name":""}},{"type":"Feature","geometry":{"type":"Polygon","coordinates":[[[15.6990668,48.4722653],[15.6991505,48.4723501],[15.6992249,48.4723178],[15.6991412,48.472233],[15.6990668,48.4722653]]]},"properties":{"voltage":"","name":""}},{"type":"Feature","geometry":{"type":"Polygon","coordinates":[[[15.1080024,48.1907493],[15.1080104,48.1907163],[15.1080511,48.1907207],[15.108043,48.1907537],[15.1080024,48.1907493]]]},"properties":{"voltage":"","name":""}},{"type":"Feature","geometry":{"type":"Polygon","coordinates":[[[16.3145186,48.6322614],[16.3145697,48.6322733],[16.3145867,48.6322415],[16.3145355,48.6322296],[16.3145186,48.6322614]]]},"properties":{"voltage":"","name":""}},{"type":"Feature","geometry":{"type":"Polygon","coordinates":[[[15.0048018,48.204386],[15.0047684,48.2043513],[15.0048225,48.2043282],[15.0048559,48.204363],[15.0048018,48.204386]]]},"properties":{"voltage":"","name":""}},{"type":"Feature","geometry":{"type":"Polygon","coordinates":[[[16.3908508,48.2057139],[16.3912503,48.2054871],[16.3913608,48.2054234],[16.3915433,48.2053091],[16.3913601,48.2051759],[16.3912051,48.2052687],[16.390978,48.2053973],[16.3907188,48.2055441],[16.390671,48.2055056],[16.3906238,48.2055295],[16.3908508,48.2057139]]]},"properties":{"voltage":"110000","name":"Umspannwerk Wei\u00dfgerber"}},{"type":"Feature","geometry":{"type":"Polygon","coordinates":[[[16.3405421,48.1366535],[16.3407339,48.1366211],[16.3409505,48.1365835],[16.3407153,48.1360081],[16.3407001,48.135971],[16.3402954,48.1360525],[16.3405421,48.1366535]]]},"properties":{"voltage":"380000","name":"Kabel\u00fcberf\u00fchrungsstation Pfarrgasse"}},{"type":"Feature","geometry":{"type":"Polygon","coordinates":[[[16.5106142,48.4121469],[16.5105876,48.4121207],[16.5106251,48.412104],[16.5106516,48.4121302],[16.5106142,48.4121469]]]},"properties":{"voltage":"","name":""}},{"type":"Feature","geometry":{"type":"Polygon","coordinates":[[[16.4640571,48.2005592],[16.4633774,48.2001096],[16.4643992,48.1994233],[16.4642844,48.1993474],[16.464444,48.1992402],[16.4646214,48.199121],[16.4647381,48.1991982],[16.4648328,48.1991346],[16.4655106,48.1995829],[16.4640571,48.2005592]]]},"properties":{"voltage":"110000","name":"Umspannwerk Kraftwerk Donaustadt"}},{"type":"Feature","geometry":{"type":"Polygon","coordinates":[[[16.2901333,48.1142588],[16.2902627,48.11426],[16.2902619,48.1143007],[16.2901325,48.1142995],[16.2901333,48.1142588]]]},"properties":{"voltage":"20000;400","name":""}},{"type":"Feature","geometry":{"type":"Polygon","coordinates":[[[17.0343043,48.2378311],[17.0343122,48.2378734],[17.0343514,48.2378704],[17.0343436,48.2378281],[17.0343043,48.2378311]]]},"properties":{"voltage":"","name":"Ts-1601"}},{"type":"Feature","geometry":{"type":"Polygon","coordinates":[[[16.2544383,48.1528125],[16.2544041,48.1528194],[16.2544226,48.1528567],[16.2544558,48.1528511],[16.2544383,48.1528125]]]},"properties":{"voltage":"","name":""}},{"type":"Feature","geometry":{"type":"Polygon","coordinates":[[[16.8378191,48.0812612],[16.8376049,48.0810999],[16.8379374,48.0809027],[16.8381517,48.0810639],[16.8378191,48.0812612]]]},"properties":{"voltage":"110000","name":"Umspannwerk Scharndorf"}},{"type":"Feature","geometry":{"type":"Polygon","coordinates":[[[16.0284478,48.0235041],[16.0284293,48.0234889],[16.0284638,48.0234716],[16.0284804,48.0234871],[16.0284478,48.0235041]]]},"properties":{"voltage":"","name":""}},{"type":"Feature","geometry":{"type":"Polygon","coordinates":[[[16.3144267,48.2514623],[16.314446,48.2514714],[16.3144681,48.2514505],[16.3144488,48.2514415],[16.3144267,48.2514623]]]},"properties":{"voltage":"","name":""}},{"type":"Feature","geometry":{"type":"Polygon","coordinates":[[[16.3219331,48.2514824],[16.3219569,48.2514994],[16.3219745,48.2514884],[16.3219507,48.2514715],[16.3219331,48.2514824]]]},"properties":{"voltage":"","name":""}},{"type":"Feature","geometry":{"type":"Polygon","coordinates":[[[16.4315189,48.1819292],[16.4312,48.1820252],[16.4312692,48.1821299],[16.4313079,48.1821885],[16.4312218,48.1822121],[16.4312911,48.182317],[16.4313802,48.1824518],[16.4314434,48.1824316],[16.4314686,48.1824235],[16.4315067,48.1824827],[16.4315148,48.1824953],[16.4316886,48.1824436],[16.4316959,48.1824515],[16.4318424,48.1824112],[16.4315189,48.1819292]]]},"properties":{"voltage":"380000","name":"Umspannwerk Simmering - 380kV-Anlage"}},{"type":"Feature","geometry":{"type":"Polygon","coordinates":[[[16.430171,48.1834224],[16.429585,48.1824864],[16.4306159,48.1821889],[16.4310914,48.182944],[16.4308329,48.1830164],[16.4307712,48.1829185],[16.4307052,48.1828136],[16.4305419,48.18286],[16.4305197,48.1828238],[16.430683,48.1827784],[16.4306185,48.182676],[16.4305642,48.1825897],[16.430508,48.1825006],[16.4304709,48.1824416],[16.4299453,48.1825887],[16.429984,48.1826501],[16.4300393,48.1827379],[16.4300931,48.1828233],[16.4301558,48.182923],[16.4302462,48.1830664],[16.4303092,48.1831664],[16.4304263,48.1833524],[16.430171,48.1834224]]]},"properties":{"voltage":"110000","name":"Umspannwerk Simmering 110kV-Anlage"}},{"type":"Feature","geometry":{"type":"Polygon","coordinates":[[[16.3284733,48.249241],[16.3284607,48.2492944],[16.3285332,48.249302],[16.3285458,48.2492487],[16.3284733,48.249241]]]},"properties":{"voltage":"","name":""}},{"type":"Feature","geometry":{"type":"Polygon","coordinates":[[[16.3139074,48.2615907],[16.3139401,48.2615468],[16.3139836,48.2615612],[16.3139508,48.2616051],[16.3139074,48.2615907]]]},"properties":{"voltage":"","name":""}},{"type":"Feature","geometry":{"type":"Polygon","coordinates":[[[16.3319153,48.3586417],[16.3320685,48.3586331],[16.3320356,48.3583744],[16.3318823,48.358383],[16.3319153,48.3586417]]]},"properties":{"voltage":"","name":""}},{"type":"Feature","geometry":{"type":"Polygon","coordinates":[[[16.316402,48.3638063],[16.3165305,48.3637582],[16.3163453,48.3635396],[16.3162168,48.3635877],[16.316402,48.3638063]]]},"properties":{"voltage":"","name":""}},{"type":"Feature","geometry":{"type":"Polygon","coordinates":[[[15.8808689,48.3311648],[15.8808533,48.330957],[15.8810509,48.3309474],[15.8810705,48.3311578],[15.8808689,48.3311648]]]},"properties":{"voltage":"","name":"Ehemaliges Oberwellenfilter der GK D\u00fcrnrohr"}},{"type":"Feature","geometry":{"type":"Polygon","coordinates":[[[15.8805957,48.331172],[15.8805705,48.3309686],[15.8807752,48.3309579],[15.8807938,48.3311629],[15.8805957,48.331172]]]},"properties":{"voltage":"","name":"Ehemaliges Oberwellenfilter der GK D\u00fcrnrohr"}},{"type":"Feature","geometry":{"type":"Polygon","coordinates":[[[15.8814004,48.331228],[15.8813868,48.3309597],[15.8816619,48.3309497],[15.8816776,48.3312191],[15.8814004,48.331228]]]},"properties":{"voltage":"","name":"Ehemaliges Oberwellenfilter der GK D\u00fcrnrohr"}},{"type":"Feature","geometry":{"type":"Polygon","coordinates":[[[15.8086253,48.3202931],[15.8085965,48.3202633],[15.8085689,48.3202751],[15.8085977,48.3203049],[15.8086253,48.3202931]]]},"properties":{"voltage":"","name":"TST Sitzenberg Reidlingerstra\u00dfe"}},{"type":"Feature","geometry":{"type":"Polygon","coordinates":[[[16.982383,48.9496464],[16.982364,48.9496342],[16.9823481,48.9496239],[16.9823241,48.9496401],[16.9823594,48.9496627],[16.9823733,48.9496531],[16.982383,48.9496464]]]},"properties":{"voltage":"","name":""}},{"type":"Feature","geometry":{"type":"Polygon","coordinates":[[[15.505001,48.957755],[15.505004,48.957731],[15.504969,48.957729],[15.504966,48.957753],[15.5049848,48.9577541],[15.505001,48.957755]]]},"properties":{"voltage":"","name":""}},{"type":"Feature","geometry":{"type":"Polygon","coordinates":[[[16.2117129,48.9988971],[16.2117424,48.9989117],[16.2117647,48.9988924],[16.2117351,48.9988777],[16.2117232,48.9988881],[16.2117129,48.9988971]]]},"properties":{"voltage":"","name":""}},{"type":"Feature","geometry":{"type":"Polygon","coordinates":[[[17.0986986,48.1285957],[17.0988068,48.1285915],[17.0988005,48.1285174],[17.0986923,48.1285229],[17.0986986,48.1285957]]]},"properties":{"voltage":"","name":""}},{"type":"Feature","geometry":{"type":"Polygon","coordinates":[[[16.2520106,48.5212125],[16.252047,48.5211918],[16.252065,48.5212057],[16.2520286,48.5212264],[16.2520106,48.5212125]]]},"properties":{"voltage":"","name":""}},{"type":"Feature","geometry":{"type":"Polygon","coordinates":[[[16.3256004,48.9771629],[16.3256364,48.9771674],[16.3256395,48.9771569],[16.3256434,48.9771438],[16.3256072,48.9771392],[16.3256004,48.9771629]]]},"properties":{"voltage":"","name":""}},{"type":"Feature","geometry":{"type":"Polygon","coordinates":[[[15.6177008,48.3706157],[15.6177426,48.3706336],[15.6177662,48.3706092],[15.6177244,48.3705913],[15.6177008,48.3706157]]]},"properties":{"voltage":"","name":""}},{"type":"Feature","geometry":{"type":"Polygon","coordinates":[[[16.7501805,48.3561899],[16.7502018,48.3562119],[16.7502324,48.3561989],[16.7502111,48.3561769],[16.7501975,48.3561827],[16.7501805,48.3561899]]]},"properties":{"voltage":"","name":""}},{"type":"Feature","geometry":{"type":"Polygon","coordinates":[[[16.430832,48.1412685],[16.4308531,48.1412887],[16.4309516,48.1412431],[16.4309306,48.1412229],[16.430832,48.1412685]]]},"properties":{"voltage":"","name":""}},{"type":"Feature","geometry":{"type":"Polygon","coordinates":[[[17.083198,48.9157222],[17.0832415,48.9157827],[17.0833489,48.9157494],[17.0833074,48.9156887],[17.083198,48.9157222]]]},"properties":{"voltage":"","name":""}},{"type":"Feature","geometry":{"type":"Polygon","coordinates":[[[17.1030944,48.9929251],[17.1031492,48.9929999],[17.103161,48.9929961],[17.1031887,48.9929873],[17.1032185,48.9929778],[17.1031653,48.9929027],[17.1030944,48.9929251]]]},"properties":{"voltage":"","name":""}},{"type":"Feature","geometry":{"type":"Polygon","coordinates":[[[15.477118,48.605096],[15.4771666,48.6050962],[15.477167,48.6050572],[15.4771184,48.605057],[15.477118,48.605096]]]},"properties":{"voltage":"","name":""}},{"type":"Feature","geometry":{"type":"Polygon","coordinates":[[[16.4763002,48.1471493],[16.4763897,48.1471492],[16.4763895,48.1470667],[16.4762999,48.1470668],[16.4763002,48.1471493]]]},"properties":{"voltage":"","name":""}},{"type":"Feature","geometry":{"type":"Polygon","coordinates":[[[16.472702,48.1411395],[16.4728605,48.1410065],[16.4729748,48.1410672],[16.4728164,48.1412002],[16.472702,48.1411395]]]},"properties":{"voltage":"","name":""}},{"type":"Feature","geometry":{"type":"Polygon","coordinates":[[[15.0373005,48.6373559],[15.0373235,48.6373489],[15.0373867,48.6373297],[15.0374106,48.6373224],[15.0373623,48.6372497],[15.0372938,48.6372715],[15.0372483,48.637286],[15.0373005,48.6373559]]]},"properties":{"voltage":"","name":""}},{"type":"Feature","geometry":{"type":"Polygon","coordinates":[[[16.4783851,48.1384704],[16.4783419,48.1384226],[16.478254,48.138458],[16.4782972,48.1385057],[16.4783851,48.1384704]]]},"properties":{"voltage":"","name":""}},{"type":"Feature","geometry":{"type":"Polygon","coordinates":[[[16.4712901,48.1228274],[16.47132,48.1228663],[16.4712686,48.1228839],[16.4712386,48.122845],[16.4712901,48.1228274]]]},"properties":{"voltage":"","name":""}},{"type":"Feature","geometry":{"type":"Polygon","coordinates":[[[16.5067381,48.1502049],[16.5067175,48.1501602],[16.5067855,48.1501462],[16.506806,48.150191],[16.5067381,48.1502049]]]},"properties":{"voltage":"","name":""}},{"type":"Feature","geometry":{"type":"Polygon","coordinates":[[[16.4234357,48.3031908],[16.4234404,48.3032357],[16.4235097,48.3032325],[16.423505,48.3031875],[16.4234357,48.3031908]]]},"properties":{"voltage":"","name":""}},{"type":"Feature","geometry":{"type":"Polygon","coordinates":[[[16.466993,48.2346609],[16.4670363,48.2346458],[16.4670744,48.2346945],[16.4670311,48.2347096],[16.466993,48.2346609]]]},"properties":{"voltage":"","name":""}},{"type":"Feature","geometry":{"type":"Polygon","coordinates":[[[16.4172864,48.2935709],[16.4173112,48.2936121],[16.4174221,48.2935826],[16.4173973,48.2935414],[16.4172864,48.2935709]]]},"properties":{"voltage":"","name":"Unterwerk Kummergasse"}},{"type":"Feature","geometry":{"type":"Polygon","coordinates":[[[16.2133476,48.2090579],[16.2134678,48.2090466],[16.2134783,48.209096],[16.2133581,48.2091073],[16.2133476,48.2090579]]]},"properties":{"voltage":"","name":""}},{"type":"Feature","geometry":{"type":"Polygon","coordinates":[[[15.6448137,48.200813],[15.6448466,48.200808],[15.6448344,48.2007722],[15.6448015,48.2007771],[15.6448137,48.200813]]]},"properties":{"voltage":"","name":""}},{"type":"Feature","geometry":{"type":"Polygon","coordinates":[[[15.6442552,48.1994345],[15.6442677,48.1994604],[15.6443429,48.1994443],[15.6443304,48.1994184],[15.6442552,48.1994345]]]},"properties":{"voltage":"","name":""}},{"type":"Feature","geometry":{"type":"Polygon","coordinates":[[[16.2438353,48.2031812],[16.243833,48.2031172],[16.2438814,48.2031164],[16.2438837,48.2031804],[16.2438353,48.2031812]]]},"properties":{"voltage":"","name":""}},{"type":"Feature","geometry":{"type":"Polygon","coordinates":[[[17.0461888,48.1541361],[17.046458,48.1541207],[17.0464434,48.1540066],[17.0463423,48.1540124],[17.0461749,48.1540221],[17.0461888,48.1541361]]]},"properties":{"voltage":"","name":"TS-1086"}},{"type":"Feature","geometry":{"type":"Polygon","coordinates":[[[17.0486803,48.1527746],[17.0486685,48.1526605],[17.0483995,48.1526728],[17.0484113,48.1527869],[17.0486803,48.1527746]]]},"properties":{"voltage":"","name":"TS-1083"}},{"type":"Feature","geometry":{"type":"Polygon","coordinates":[[[17.0460454,48.1529071],[17.0463139,48.1528939],[17.0463013,48.1527799],[17.0460328,48.1527931],[17.0460454,48.1529071]]]},"properties":{"voltage":"","name":"TS-1085"}},{"type":"Feature","geometry":{"type":"Polygon","coordinates":[[[17.0485273,48.1539074],[17.0485399,48.1540212],[17.0488095,48.154008],[17.0487969,48.1538941],[17.0485273,48.1539074]]]},"properties":{"voltage":"","name":"TS-1084"}},{"type":"Feature","geometry":{"type":"Polygon","coordinates":[[[16.4015433,48.221407],[16.4014783,48.2213727],[16.4014165,48.2214246],[16.4014815,48.2214589],[16.4015433,48.221407]]]},"properties":{"voltage":"","name":""}},{"type":"Feature","geometry":{"type":"Polygon","coordinates":[[[16.4643966,48.2340651],[16.4644672,48.2340679],[16.4644636,48.2341086],[16.464393,48.2341058],[16.4643966,48.2340651]]]},"properties":{"voltage":"","name":""}},{"type":"Feature","geometry":{"type":"Polygon","coordinates":[[[16.3182326,48.2446441],[16.3182733,48.2445867],[16.3183291,48.2446042],[16.3182884,48.2446617],[16.3182326,48.2446441]]]},"properties":{"voltage":"","name":""}},{"type":"Feature","geometry":{"type":"Polygon","coordinates":[[[16.3926634,48.2197892],[16.39265,48.2198354],[16.3927758,48.2198515],[16.3927892,48.2198053],[16.3926634,48.2197892]]]},"properties":{"voltage":"","name":""}},{"type":"Feature","geometry":{"type":"Polygon","coordinates":[[[15.719349,48.4615554],[15.7193935,48.4615645],[15.7194089,48.4615314],[15.7193644,48.4615223],[15.719349,48.4615554]]]},"properties":{"voltage":"20000;400","name":"TST Hadersdorf Pfarrgrundsiedlung"}},{"type":"Feature","geometry":{"type":"Polygon","coordinates":[[[16.2119036,48.212013],[16.211905,48.2119541],[16.2119587,48.2119547],[16.2119572,48.2120136],[16.2119036,48.212013]]]},"properties":{"voltage":"","name":""}},{"type":"Feature","geometry":{"type":"Polygon","coordinates":[[[16.2151611,48.2117591],[16.2151382,48.2116941],[16.2152055,48.2116836],[16.2152285,48.2117485],[16.2151611,48.2117591]]]},"properties":{"voltage":"","name":""}},{"type":"Feature","geometry":{"type":"Polygon","coordinates":[[[17.0721918,48.1680372],[17.0722412,48.1680094],[17.0723384,48.1679548],[17.0723722,48.1679815],[17.0724019,48.1679648],[17.0724477,48.168001],[17.0722714,48.1681001],[17.0721918,48.1680372]]]},"properties":{"voltage":"","name":"TS-196"}},{"type":"Feature","geometry":{"type":"Polygon","coordinates":[[[16.2629458,48.2186041],[16.2629783,48.2185831],[16.2630334,48.2186209],[16.2630009,48.2186419],[16.2629458,48.2186041]]]},"properties":{"voltage":"","name":""}},{"type":"Feature","geometry":{"type":"Polygon","coordinates":[[[17.0576361,48.1487626],[17.0576006,48.1488952],[17.0577035,48.1489075],[17.0577407,48.1487684],[17.0576958,48.148763],[17.0576378,48.1487561],[17.0576361,48.1487626]]]},"properties":{"voltage":"","name":""}},{"type":"Feature","geometry":{"type":"Polygon","coordinates":[[[16.4790344,48.2128301],[16.4791054,48.2128151],[16.4790875,48.2127774],[16.4790165,48.2127924],[16.4790344,48.2128301]]]},"properties":{"voltage":"","name":""}},{"type":"Feature","geometry":{"type":"Polygon","coordinates":[[[17.1693503,48.1535054],[17.1693616,48.1534361],[17.1692422,48.1534269],[17.1692311,48.1534962],[17.1693503,48.1535054]]]},"properties":{"voltage":"","name":"TS-37"}},{"type":"Feature","geometry":{"type":"Polygon","coordinates":[[[16.4288014,48.2669608],[16.4288936,48.2669518],[16.4288857,48.2669157],[16.4287935,48.2669246],[16.4288014,48.2669608]]]},"properties":{"voltage":"","name":""}},{"type":"Feature","geometry":{"type":"Polygon","coordinates":[[[15.4318304,48.0296227],[15.4318793,48.0296252],[15.4318846,48.0295794],[15.4318356,48.0295769],[15.4318304,48.0296227]]]},"properties":{"voltage":"","name":""}},{"type":"Feature","geometry":{"type":"Polygon","coordinates":[[[15.4378187,48.0193603],[15.437878,48.0193862],[15.4379108,48.0193527],[15.4378515,48.0193267],[15.4378187,48.0193603]]]},"properties":{"voltage":"","name":""}},{"type":"Feature","geometry":{"type":"Polygon","coordinates":[[[16.2863496,48.3139377],[16.2863728,48.3138912],[16.2864407,48.3139062],[16.2864176,48.3139527],[16.2863496,48.3139377]]]},"properties":{"voltage":"","name":""}},{"type":"Feature","geometry":{"type":"Polygon","coordinates":[[[16.294355,48.3113648],[16.2943675,48.3113261],[16.2944339,48.3113357],[16.2944214,48.3113743],[16.294355,48.3113648]]]},"properties":{"voltage":"","name":""}},{"type":"Feature","geometry":{"type":"Polygon","coordinates":[[[16.1484115,48.2222721],[16.1484412,48.2222413],[16.1485192,48.2222747],[16.1484895,48.2223055],[16.1484115,48.2222721]]]},"properties":{"voltage":"","name":""}},{"type":"Feature","geometry":{"type":"Polygon","coordinates":[[[16.2990705,48.3130042],[16.2991228,48.312963],[16.2991915,48.3130016],[16.2991392,48.3130428],[16.2990705,48.3130042]]]},"properties":{"voltage":"","name":""}},{"type":"Feature","geometry":{"type":"Polygon","coordinates":[[[16.3066925,48.3134559],[16.3067685,48.313452],[16.3067629,48.3134036],[16.3066869,48.3134074],[16.3066925,48.3134559]]]},"properties":{"voltage":"","name":""}},{"type":"Feature","geometry":{"type":"Polygon","coordinates":[[[16.304831,48.3071704],[16.3048686,48.3071231],[16.3049508,48.307152],[16.3049133,48.3071993],[16.304831,48.3071704]]]},"properties":{"voltage":"","name":""}},{"type":"Feature","geometry":{"type":"Polygon","coordinates":[[[15.4059221,48.0247638],[15.4058859,48.0247823],[15.4059173,48.0248098],[15.4059535,48.0247913],[15.4059221,48.0247638]]]},"properties":{"voltage":"","name":""}},{"type":"Feature","geometry":{"type":"Polygon","coordinates":[[[15.3868442,48.025459],[15.3868348,48.025433],[15.3868171,48.0254366],[15.3868005,48.0254389],[15.3868099,48.0254645],[15.3868278,48.0254618],[15.3868442,48.025459]]]},"properties":{"voltage":"","name":""}},{"type":"Feature","geometry":{"type":"Polygon","coordinates":[[[15.4097201,48.0390792],[15.4097486,48.0390795],[15.4097492,48.0390515],[15.4097207,48.0390513],[15.4097201,48.0390792]]]},"properties":{"voltage":"","name":""}},{"type":"Feature","geometry":{"type":"Polygon","coordinates":[[[15.4310517,48.0273682],[15.4310898,48.0273399],[15.4310352,48.0273071],[15.4309971,48.0273354],[15.4310517,48.0273682]]]},"properties":{"voltage":"","name":""}},{"type":"Feature","geometry":{"type":"Polygon","coordinates":[[[16.5791068,48.3020823],[16.5791425,48.3020812],[16.5791398,48.3020397],[16.5791041,48.3020407],[16.5791068,48.3020823]]]},"properties":{"voltage":"","name":""}},{"type":"Feature","geometry":{"type":"Polygon","coordinates":[[[16.5809874,48.3037464],[16.5810298,48.3037399],[16.5810208,48.303714],[16.5809784,48.3037205],[16.5809874,48.3037464]]]},"properties":{"voltage":"","name":""}},{"type":"Feature","geometry":{"type":"Polygon","coordinates":[[[16.1521745,48.2271749],[16.1522251,48.2272025],[16.1522677,48.2271711],[16.1522171,48.2271442],[16.1521745,48.2271749]]]},"properties":{"voltage":"","name":""}},{"type":"Feature","geometry":{"type":"Polygon","coordinates":[[[16.2446746,48.2170208],[16.2447522,48.2169112],[16.2447433,48.2169084],[16.2446317,48.2168733],[16.2446142,48.2168981],[16.2445832,48.2168883],[16.2445583,48.2169235],[16.2445889,48.2169331],[16.2445538,48.2169828],[16.2446629,48.2170171],[16.2446746,48.2170208]]]},"properties":{"voltage":"","name":""}},{"type":"Feature","geometry":{"type":"Polygon","coordinates":[[[16.1864061,48.1383618],[16.186431,48.1383984],[16.1864907,48.1383803],[16.1864658,48.1383437],[16.1864061,48.1383618]]]},"properties":{"voltage":"20000","name":""}},{"type":"Feature","geometry":{"type":"Polygon","coordinates":[[[16.1982562,48.1417987],[16.1983196,48.1417633],[16.198357,48.1417931],[16.1982937,48.1418286],[16.1982562,48.1417987]]]},"properties":{"voltage":"20000","name":""}},{"type":"Feature","geometry":{"type":"Polygon","coordinates":[[[16.1622849,48.2236354],[16.1623266,48.2236882],[16.1623978,48.2236633],[16.1623561,48.2236104],[16.1622849,48.2236354]]]},"properties":{"voltage":"","name":""}},{"type":"Feature","geometry":{"type":"Polygon","coordinates":[[[16.6845979,48.3753227],[16.6846297,48.3753222],[16.6846289,48.3752976],[16.684597,48.3752981],[16.6845979,48.3753227]]]},"properties":{"voltage":"","name":""}},{"type":"Feature","geometry":{"type":"Polygon","coordinates":[[[16.3006275,48.208414],[16.3009804,48.2084662],[16.3009628,48.2085189],[16.3008094,48.2084962],[16.3007984,48.2085292],[16.3007331,48.2085195],[16.3007443,48.2084859],[16.3006102,48.2084661],[16.3006275,48.208414]]]},"properties":{"voltage":"","name":""}},{"type":"Feature","geometry":{"type":"Polygon","coordinates":[[[15.0547227,48.8405578],[15.0547716,48.8405567],[15.0547706,48.8405382],[15.0547698,48.8405235],[15.0547209,48.8405246],[15.0547227,48.8405578]]]},"properties":{"voltage":"","name":""}},{"type":"Feature","geometry":{"type":"Polygon","coordinates":[[[17.1314187,48.1953128],[17.1314037,48.1952992],[17.1313709,48.1953163],[17.1313857,48.1953297],[17.1314187,48.1953128]]]},"properties":{"voltage":"","name":"TS-1357"}},{"type":"Feature","geometry":{"type":"Polygon","coordinates":[[[16.7979036,48.6427352],[16.7978819,48.6427096],[16.7979008,48.6427026],[16.7979196,48.6426956],[16.7979413,48.6427212],[16.7979036,48.6427352]]]},"properties":{"voltage":"","name":""}},{"type":"Feature","geometry":{"type":"Polygon","coordinates":[[[15.0693839,48.8356078],[15.0693959,48.8356057],[15.0694245,48.8356006],[15.0694127,48.8355718],[15.0693721,48.835579],[15.0693839,48.8356078]]]},"properties":{"voltage":"","name":""}},{"type":"Feature","geometry":{"type":"Polygon","coordinates":[[[15.081852,48.8343003],[15.0818346,48.8342694],[15.081877,48.8342584],[15.081899,48.8342898],[15.081852,48.8343003]]]},"properties":{"voltage":"","name":""}},{"type":"Feature","geometry":{"type":"Polygon","coordinates":[[[16.4400386,48.1080058],[16.4400746,48.1079865],[16.4400548,48.10797],[16.4400348,48.1079533],[16.4399988,48.1079726],[16.4400386,48.1080058]]]},"properties":{"voltage":"20000","name":""}},{"type":"Feature","geometry":{"type":"Polygon","coordinates":[[[15.1529107,48.8576006],[15.1529074,48.8575723],[15.1528704,48.8575752],[15.1528743,48.8576024],[15.1529107,48.8576006]]]},"properties":{"voltage":"","name":""}},{"type":"Feature","geometry":{"type":"Polygon","coordinates":[[[15.1793554,48.8506807],[15.1793259,48.8506666],[15.1793475,48.8506457],[15.1793744,48.8506598],[15.1793554,48.8506807]]]},"properties":{"voltage":"","name":""}},{"type":"Feature","geometry":{"type":"Polygon","coordinates":[[[15.1481898,48.8249286],[15.1481443,48.8249317],[15.1481489,48.8249617],[15.1481945,48.8249586],[15.1481898,48.8249286]]]},"properties":{"voltage":"","name":""}},{"type":"Feature","geometry":{"type":"Polygon","coordinates":[[[15.1494357,48.8213193],[15.149422,48.821291],[15.1494687,48.8212812],[15.1494824,48.8213095],[15.1494357,48.8213193]]]},"properties":{"voltage":"","name":""}},{"type":"Feature","geometry":{"type":"Polygon","coordinates":[[[15.1242417,48.8233882],[15.1242665,48.8233602],[15.1242283,48.8233475],[15.1242015,48.8233767],[15.1242417,48.8233882]]]},"properties":{"voltage":"","name":""}},{"type":"Feature","geometry":{"type":"Polygon","coordinates":[[[15.1315782,48.8370064],[15.1316043,48.8369839],[15.1315654,48.8369671],[15.1315367,48.8369914],[15.1315782,48.8370064]]]},"properties":{"voltage":"","name":""}},{"type":"Feature","geometry":{"type":"Polygon","coordinates":[[[16.4725009,48.2516145],[16.4725024,48.2515512],[16.4726007,48.2515523],[16.4725992,48.2516156],[16.4725009,48.2516145]]]},"properties":{"voltage":"","name":""}},{"type":"Feature","geometry":{"type":"Polygon","coordinates":[[[16.4742665,48.2671212],[16.4742107,48.2670136],[16.4741392,48.26703],[16.4741949,48.2671376],[16.4742665,48.2671212]]]},"properties":{"voltage":"","name":""}},{"type":"Feature","geometry":{"type":"Polygon","coordinates":[[[15.1498183,48.9040278],[15.1498165,48.9039941],[15.1497644,48.9039952],[15.1497662,48.9040289],[15.1498183,48.9040278]]]},"properties":{"voltage":"","name":""}},{"type":"Feature","geometry":{"type":"Polygon","coordinates":[[[16.4758817,48.4815641],[16.4759119,48.4815392],[16.4759703,48.4815703],[16.4759401,48.4815952],[16.4758817,48.4815641]]]},"properties":{"voltage":"","name":""}},{"type":"Feature","geometry":{"type":"Polygon","coordinates":[[[15.4237201,48.0245844],[15.4237447,48.0245702],[15.423716,48.0245479],[15.4236914,48.0245621],[15.4237201,48.0245844]]]},"properties":{"voltage":"","name":""}},{"type":"Feature","geometry":{"type":"Polygon","coordinates":[[[15.1459784,48.8127266],[15.1460212,48.8127155],[15.1460032,48.8126854],[15.1459604,48.8126965],[15.1459784,48.8127266]]]},"properties":{"voltage":"","name":""}},{"type":"Feature","geometry":{"type":"Polygon","coordinates":[[[17.0502956,48.153786],[17.0501896,48.1537911],[17.0501977,48.1538662],[17.0503037,48.1538611],[17.0502956,48.153786]]]},"properties":{"voltage":"","name":"TS-1087"}},{"type":"Feature","geometry":{"type":"Polygon","coordinates":[[[15.4179305,48.0255748],[15.4179293,48.0255568],[15.4178881,48.0255624],[15.4178905,48.02558],[15.4179305,48.0255748]]]},"properties":{"voltage":"","name":""}},{"type":"Feature","geometry":{"type":"Polygon","coordinates":[[[16.3219017,48.0907836],[16.3219339,48.090747],[16.3220203,48.0907808],[16.3219881,48.0908175],[16.3219017,48.0907836]]]},"properties":{"voltage":"20000;400","name":""}},{"type":"Feature","geometry":{"type":"Polygon","coordinates":[[[15.4467263,48.0364648],[15.4467471,48.0364868],[15.4467708,48.0364768],[15.44675,48.0364548],[15.4467263,48.0364648]]]},"properties":{"voltage":"","name":""}},{"type":"Feature","geometry":{"type":"Polygon","coordinates":[[[15.4406311,48.0172504],[15.4406498,48.0172278],[15.4406749,48.0172362],[15.4406563,48.0172581],[15.4406311,48.0172504]]]},"properties":{"voltage":"","name":""}},{"type":"Feature","geometry":{"type":"Polygon","coordinates":[[[15.4515693,48.0032012],[15.4516046,48.0032148],[15.4516243,48.0031918],[15.451589,48.0031783],[15.4515693,48.0032012]]]},"properties":{"voltage":"","name":""}},{"type":"Feature","geometry":{"type":"Polygon","coordinates":[[[16.4388028,48.2580629],[16.4388572,48.2580793],[16.4388836,48.2580404],[16.4388292,48.258024],[16.4388028,48.2580629]]]},"properties":{"voltage":"","name":""}},{"type":"Feature","geometry":{"type":"Polygon","coordinates":[[[15.4125348,48.030951],[15.4125681,48.0309256],[15.4125421,48.0309103],[15.4125088,48.0309357],[15.4125348,48.030951]]]},"properties":{"voltage":"","name":""}},{"type":"Feature","geometry":{"type":"Polygon","coordinates":[[[15.4156035,48.0295291],[15.415651,48.0295241],[15.4156437,48.0294929],[15.4155962,48.0294979],[15.4156035,48.0295291]]]},"properties":{"voltage":"","name":""}},{"type":"Feature","geometry":{"type":"Polygon","coordinates":[[[15.4261702,48.0350677],[15.4261978,48.0350815],[15.4262274,48.0350549],[15.4261998,48.0350411],[15.4261702,48.0350677]]]},"properties":{"voltage":"","name":""}},{"type":"Feature","geometry":{"type":"Polygon","coordinates":[[[16.3052049,48.3402908],[16.3052667,48.3402491],[16.3052022,48.3402068],[16.3051403,48.3402486],[16.3052049,48.3402908]]]},"properties":{"voltage":"10000","name":""}},{"type":"Feature","geometry":{"type":"Polygon","coordinates":[[[16.430815,48.0854141],[16.4307828,48.0853692],[16.4308234,48.0853562],[16.4308557,48.085401],[16.430815,48.0854141]]]},"properties":{"voltage":"20000;400","name":""}},{"type":"Feature","geometry":{"type":"Polygon","coordinates":[[[16.3267219,48.0894571],[16.3267293,48.0894309],[16.3268036,48.0894403],[16.3267962,48.0894665],[16.3267219,48.0894571]]]},"properties":{"voltage":"","name":""}},{"type":"Feature","geometry":{"type":"Polygon","coordinates":[[[16.9487445,48.1374638],[16.9487096,48.1374505],[16.9487246,48.1374319],[16.9487594,48.1374452],[16.9487445,48.1374638]]]},"properties":{"voltage":"","name":""}},{"type":"Feature","geometry":{"type":"Polygon","coordinates":[[[15.1891599,48.8868649],[15.189196,48.8868501],[15.1892166,48.8868718],[15.1891805,48.8868867],[15.1891708,48.8868764],[15.1891599,48.8868649]]]},"properties":{"voltage":"","name":""}},{"type":"Feature","geometry":{"type":"Polygon","coordinates":[[[17.0979482,48.1635761],[17.0980459,48.1635173],[17.0979773,48.1634666],[17.0978796,48.1635254],[17.0979482,48.1635761]]]},"properties":{"voltage":"","name":""}},{"type":"Feature","geometry":{"type":"Polygon","coordinates":[[[16.3226322,48.089603],[16.3226367,48.0895718],[16.3226869,48.089575],[16.3226824,48.0896063],[16.3226322,48.089603]]]},"properties":{"voltage":"20000;400","name":""}},{"type":"Feature","geometry":{"type":"Polygon","coordinates":[[[16.3269344,48.0867426],[16.3269251,48.0867121],[16.3269663,48.0867065],[16.3269756,48.086737],[16.3269344,48.0867426]]]},"properties":{"voltage":"","name":""}},{"type":"Feature","geometry":{"type":"Polygon","coordinates":[[[16.0864613,48.1843368],[16.086519,48.1843502],[16.0865391,48.1843118],[16.0864814,48.1842983],[16.0864613,48.1843368]]]},"properties":{"voltage":"","name":""}},{"type":"Feature","geometry":{"type":"Polygon","coordinates":[[[16.0813748,48.1818479],[16.0814434,48.181864],[16.0814542,48.1818436],[16.0813855,48.1818276],[16.0813748,48.1818479]]]},"properties":{"voltage":"","name":""}},{"type":"Feature","geometry":{"type":"Polygon","coordinates":[[[16.0849371,48.1821982],[16.0849756,48.1821998],[16.0849777,48.1821772],[16.0849392,48.1821756],[16.0849371,48.1821982]]]},"properties":{"voltage":"","name":""}},{"type":"Feature","geometry":{"type":"Polygon","coordinates":[[[16.3115633,48.0848838],[16.3116441,48.0848834],[16.3116437,48.0848421],[16.3115629,48.0848425],[16.3115633,48.0848838]]]},"properties":{"voltage":"","name":""}},{"type":"Feature","geometry":{"type":"Polygon","coordinates":[[[16.0598476,48.324717],[16.0598118,48.3246768],[16.0597584,48.3246979],[16.0597942,48.324738],[16.0598476,48.324717]]]},"properties":{"voltage":"","name":""}},{"type":"Feature","geometry":{"type":"Polygon","coordinates":[[[16.4594694,48.2273572],[16.4586216,48.2261967],[16.4579997,48.2265525],[16.4585162,48.2272146],[16.458583,48.2272992],[16.4586445,48.2273813],[16.4587765,48.2275475],[16.4588501,48.2276398],[16.458919,48.2276123],[16.4589014,48.2275902],[16.4588819,48.2275657],[16.4592039,48.2274511],[16.4593195,48.2274102],[16.4594694,48.2273572]]]},"properties":{"voltage":"110000","name":"Umspannwerk Stadlau"}},{"type":"Feature","geometry":{"type":"Polygon","coordinates":[[[16.0276495,48.2943924],[16.0288757,48.2943507],[16.0292047,48.294339],[16.0292904,48.2943721],[16.029307,48.2946421],[16.0292668,48.2946882],[16.0290869,48.2947157],[16.0282277,48.2947459],[16.0282209,48.2946799],[16.0275633,48.2946992],[16.0272035,48.2947029],[16.0271263,48.2946219],[16.0270683,48.2945191],[16.0271137,48.2944009],[16.0276495,48.2943924]]]},"properties":{"voltage":"110000","name":"Unterwerk Tullnerfeld"}},{"type":"Feature","geometry":{"type":"Polygon","coordinates":[[[15.4602061,48.3850128],[15.4601799,48.3849794],[15.4601123,48.3850028],[15.4601385,48.3850362],[15.4602061,48.3850128]]]},"properties":{"voltage":"20000;400","name":"TST Joching"}},{"type":"Feature","geometry":{"type":"Polygon","coordinates":[[[16.5689177,48.3006034],[16.5689745,48.3005815],[16.5689422,48.3005444],[16.5688855,48.3005663],[16.5689177,48.3006034]]]},"properties":{"voltage":"","name":""}},{"type":"Feature","geometry":{"type":"Polygon","coordinates":[[[16.2802753,48.1879073],[16.2803508,48.1879053],[16.2803548,48.1879747],[16.2802793,48.1879766],[16.2802765,48.1879291],[16.2802758,48.1879161],[16.2802753,48.1879073]]]},"properties":{"voltage":"","name":""}},{"type":"Feature","geometry":{"type":"Polygon","coordinates":[[[16.3716274,48.2238608],[16.3718103,48.2237498],[16.371899,48.2238117],[16.3719665,48.2237742],[16.37196,48.2237686],[16.3720294,48.2237287],[16.3716191,48.2234049],[16.3715055,48.2234688],[16.3713455,48.2233317],[16.3713434,48.2233013],[16.3713827,48.2233092],[16.371702,48.2231517],[16.3719083,48.223332],[16.3718442,48.2233685],[16.3721899,48.2236375],[16.3722278,48.2236166],[16.3725829,48.2239284],[16.3726016,48.2239407],[16.37265,48.223989],[16.3725758,48.2240348],[16.372528,48.2239953],[16.3724924,48.2239602],[16.3725021,48.2239536],[16.3724873,48.2239396],[16.372412,48.223977],[16.3723646,48.2239381],[16.3723536,48.2239463],[16.3722961,48.2239024],[16.3723097,48.2238955],[16.3722554,48.2238542],[16.3723747,48.2237891],[16.3723392,48.2237612],[16.3721127,48.2238904],[16.37214,48.223911],[16.3720081,48.2239914],[16.3719277,48.2239345],[16.3718272,48.2239969],[16.3718001,48.2239782],[16.3716477,48.2238735],[16.3716274,48.2238608]]]},"properties":{"voltage":"110000","name":"Umspannwerk Leopoldstadt"}},{"type":"Feature","geometry":{"type":"Polygon","coordinates":[[[16.3632513,48.233436],[16.3632977,48.2334433],[16.3633329,48.2334489],[16.3633759,48.233329],[16.3632944,48.233316],[16.3632513,48.233436]]]},"properties":{"voltage":"","name":""}},{"type":"Feature","geometry":{"type":"Polygon","coordinates":[[[16.6926648,48.3516869],[16.6927614,48.3512007],[16.693664,48.3512799],[16.6936581,48.3513094],[16.6941153,48.3513496],[16.6940901,48.3514765],[16.693764,48.3514479],[16.6937274,48.351632],[16.6940402,48.3516595],[16.6940113,48.351805],[16.6926648,48.3516869]]]},"properties":{"voltage":"110000","name":"Umspannwerk Sch\u00f6nkirchen"}},{"type":"Feature","geometry":{"type":"Polygon","coordinates":[[[16.3182721,48.1029989],[16.3183114,48.1030265],[16.3183446,48.1030054],[16.3183731,48.1030254],[16.3184342,48.1029867],[16.3184055,48.1029664],[16.3184363,48.1029469],[16.3183973,48.1029195],[16.3182721,48.1029989]]]},"properties":{"voltage":"20000;400","name":""}},{"type":"Feature","geometry":{"type":"Polygon","coordinates":[[[16.3281818,48.0850231],[16.3281837,48.0849856],[16.3283192,48.0849887],[16.3283172,48.0850262],[16.3281818,48.0850231]]]},"properties":{"voltage":"","name":""}},{"type":"Feature","geometry":{"type":"Polygon","coordinates":[[[16.7242285,48.338116],[16.7241595,48.3381104],[16.7241575,48.3381211],[16.7241536,48.3381424],[16.7242226,48.338148],[16.7242285,48.338116]]]},"properties":{"voltage":"","name":""}},{"type":"Feature","geometry":{"type":"Polygon","coordinates":[[[16.3279091,48.0799788],[16.3278981,48.0799366],[16.3279583,48.0799296],[16.3279693,48.0799718],[16.3279091,48.0799788]]]},"properties":{"voltage":"20000;400","name":""}},{"type":"Feature","geometry":{"type":"Polygon","coordinates":[[[16.405881,48.2622991],[16.4057191,48.2620432],[16.4054134,48.2615511],[16.4053381,48.2615171],[16.4052614,48.2613725],[16.4051633,48.2612169],[16.4050564,48.2610802],[16.4049667,48.260989],[16.404912,48.2609356],[16.404818,48.2609644],[16.4048914,48.2610663],[16.4047967,48.2610933],[16.4048237,48.2611355],[16.4051552,48.2616548],[16.4050647,48.2616814],[16.405135,48.2617952],[16.4050742,48.2618106],[16.4052523,48.262114],[16.4054721,48.2622498],[16.4055405,48.2622372],[16.4055758,48.2623138],[16.4056308,48.2623474],[16.405881,48.2622991]]]},"properties":{"voltage":"55000;15000","name":"Unterwerk Floridsdorf"}},{"type":"Feature","geometry":{"type":"Polygon","coordinates":[[[16.03866,48.1803262],[16.0386502,48.1800815],[16.0379793,48.18009],[16.0379865,48.180278],[16.0382395,48.1802756],[16.0382817,48.1803311],[16.03866,48.1803262]]]},"properties":{"voltage":"","name":"Bahnstrom Unterwerk Rekawinkel"}},{"type":"Feature","geometry":{"type":"Polygon","coordinates":[[[16.650741,48.1147311],[16.6507322,48.1147126],[16.6507234,48.1146941],[16.6507816,48.1146818],[16.6507904,48.1147002],[16.6507992,48.1147187],[16.650741,48.1147311]]]},"properties":{"voltage":"","name":""}},{"type":"Feature","geometry":{"type":"Polygon","coordinates":[[[16.090822,48.5562419],[16.0908075,48.5562214],[16.0908423,48.5562106],[16.0908568,48.5562311],[16.090822,48.5562419]]]},"properties":{"voltage":"","name":""}},{"type":"Feature","geometry":{"type":"Polygon","coordinates":[[[17.1185226,48.8784673],[17.1177111,48.8782383],[17.1182265,48.8775364],[17.1189281,48.8779206],[17.1185226,48.8784673]]]},"properties":{"voltage":"110000;22000","name":"P\u00e1nov"}},{"type":"Feature","geometry":{"type":"Polygon","coordinates":[[[16.8650567,48.9819871],[16.8647015,48.9816697],[16.8641075,48.9819561],[16.8644627,48.9822735],[16.8650567,48.9819871]]]},"properties":{"voltage":"110000","name":"MERO"}},{"type":"Feature","geometry":{"type":"Polygon","coordinates":[[[16.3339323,48.2273868],[16.3346652,48.2272095],[16.3345144,48.2269912],[16.334444,48.2270135],[16.3344678,48.2270454],[16.3340981,48.2271379],[16.3340816,48.2271126],[16.3340084,48.2271311],[16.3338148,48.2271798],[16.3338779,48.2272885],[16.3339323,48.2273868]]]},"properties":{"voltage":"110000","name":"Umspannwerk W\u00e4hring"}},{"type":"Feature","geometry":{"type":"Polygon","coordinates":[[[16.2509352,48.2173831],[16.25097,48.2174248],[16.2510194,48.2174064],[16.2509845,48.2173648],[16.2509352,48.2173831]]]},"properties":{"voltage":"","name":""}},{"type":"Feature","geometry":{"type":"Polygon","coordinates":[[[16.0869111,48.5577851],[16.0869546,48.5577572],[16.0869004,48.5577203],[16.0868569,48.5577483],[16.0869111,48.5577851]]]},"properties":{"voltage":"","name":""}},{"type":"Feature","geometry":{"type":"Polygon","coordinates":[[[16.3997065,48.267235],[16.3997612,48.2672251],[16.3997357,48.267163],[16.399681,48.2671729],[16.3997065,48.267235]]]},"properties":{"voltage":"","name":""}},{"type":"Feature","geometry":{"type":"Polygon","coordinates":[[[16.2526397,48.2058284],[16.2526778,48.2058284],[16.2526829,48.2057956],[16.2526841,48.2057736],[16.2526203,48.2057735],[16.2526397,48.2058284]]]},"properties":{"voltage":"","name":""}},{"type":"Feature","geometry":{"type":"Polygon","coordinates":[[[16.1690178,48.8386089],[16.1690283,48.8382532],[16.1693754,48.8382576],[16.1693648,48.8386133],[16.1690178,48.8386089]]]},"properties":{"voltage":"110000;22000","name":"Hodonice"}},{"type":"Feature","geometry":{"type":"Polygon","coordinates":[[[16.2770077,48.1922388],[16.2769777,48.1920979],[16.2774252,48.1920557],[16.2774327,48.1920912],[16.2774551,48.1921966],[16.2770077,48.1922388]]]},"properties":{"voltage":"","name":"Unterwerk Ober St.\u202fVeit"}},{"type":"Feature","geometry":{"type":"Polygon","coordinates":[[[16.6402315,48.2490435],[16.6402408,48.2490109],[16.6403041,48.2490189],[16.6402948,48.2490515],[16.6402315,48.2490435]]]},"properties":{"voltage":"","name":""}},{"type":"Feature","geometry":{"type":"Polygon","coordinates":[[[16.2536079,48.8086517],[16.2537341,48.80864],[16.2536861,48.808441],[16.2536492,48.8084447],[16.2536485,48.8084424],[16.2536404,48.8084431],[16.2536332,48.8084118],[16.2536823,48.8084072],[16.2536571,48.8083036],[16.253527,48.8083171],[16.25353,48.8083293],[16.2536079,48.8086517]]]},"properties":{"voltage":"","name":""}},{"type":"Feature","geometry":{"type":"Polygon","coordinates":[[[16.2050558,48.2127193],[16.2051198,48.2127188],[16.2051194,48.2126945],[16.2050554,48.212695],[16.2050558,48.2127193]]]},"properties":{"voltage":"","name":""}},{"type":"Feature","geometry":{"type":"Polygon","coordinates":[[[16.3651494,48.2358803],[16.3652175,48.2358805],[16.3652177,48.2358419],[16.3651496,48.2358417],[16.3651494,48.2358803]]]},"properties":{"voltage":"","name":""}},{"type":"Feature","geometry":{"type":"Polygon","coordinates":[[[15.2444794,48.5236142],[15.244469,48.5235858],[15.2445145,48.5235785],[15.2445249,48.5236069],[15.2444794,48.5236142]]]},"properties":{"voltage":"","name":""}},{"type":"Feature","geometry":{"type":"Polygon","coordinates":[[[16.2897666,48.1480401],[16.2897764,48.1480414],[16.2898592,48.1480524],[16.2898715,48.1480111],[16.2897788,48.1479989],[16.2897705,48.1480268],[16.2897666,48.1480401]]]},"properties":{"voltage":"","name":""}},{"type":"Feature","geometry":{"type":"Polygon","coordinates":[[[16.4345441,48.2775758],[16.4345631,48.2776556],[16.4346365,48.2776479],[16.4346175,48.2775681],[16.4345441,48.2775758]]]},"properties":{"voltage":"","name":""}},{"type":"Feature","geometry":{"type":"Polygon","coordinates":[[[16.4108063,48.1903111],[16.4107557,48.1902765],[16.410788,48.1902555],[16.4108386,48.1902901],[16.4108063,48.1903111]]]},"properties":{"voltage":"","name":""}},{"type":"Feature","geometry":{"type":"Polygon","coordinates":[[[16.513509,48.2914386],[16.5135309,48.2913908],[16.5134857,48.2913816],[16.5134639,48.2914295],[16.513509,48.2914386]]]},"properties":{"voltage":"","name":""}},{"type":"Feature","geometry":{"type":"Polygon","coordinates":[[[16.3098246,48.1925685],[16.309824,48.1925405],[16.3099551,48.1925393],[16.3099556,48.1925673],[16.3098246,48.1925685]]]},"properties":{"voltage":"","name":""}},{"type":"Feature","geometry":{"type":"Polygon","coordinates":[[[16.2989495,48.1466717],[16.298885,48.1466625],[16.2988979,48.1466222],[16.2989624,48.1466313],[16.2989495,48.1466717]]]},"properties":{"voltage":"","name":""}},{"type":"Feature","geometry":{"type":"Polygon","coordinates":[[[17.1463685,48.1956977],[17.1465643,48.1958746],[17.1472831,48.1955224],[17.1470803,48.1953506],[17.1464819,48.1948425],[17.1457972,48.1951871],[17.1463685,48.1956977]]]},"properties":{"voltage":"25000","name":"\u017dSR Vinohrady"}},{"type":"Feature","geometry":{"type":"Polygon","coordinates":[[[16.3365373,48.2530709],[16.3365067,48.2530336],[16.3366092,48.2529962],[16.3366399,48.2530334],[16.3365373,48.2530709]]]},"properties":{"voltage":"","name":""}},{"type":"Feature","geometry":{"type":"Polygon","coordinates":[[[16.3460465,48.3556572],[16.3460816,48.3556422],[16.3460688,48.355629],[16.3460338,48.355644],[16.3460465,48.3556572]]]},"properties":{"voltage":"","name":"TST Korneuburg Sportzentrum Laaerstra\u00dfe"}},{"type":"Feature","geometry":{"type":"Polygon","coordinates":[[[16.4045626,48.2452552],[16.4045586,48.2452302],[16.4045854,48.2452284],[16.4045893,48.2452533],[16.4045626,48.2452552]]]},"properties":{"voltage":"","name":""}},{"type":"Feature","geometry":{"type":"Polygon","coordinates":[[[16.2866205,48.1093044],[16.2867239,48.10929],[16.2867056,48.1092312],[16.2866021,48.1092455],[16.2866205,48.1093044]]]},"properties":{"voltage":"20000;400","name":""}},{"type":"Feature","geometry":{"type":"Polygon","coordinates":[[[16.3553361,48.2589223],[16.3554079,48.2589328],[16.3554193,48.2588982],[16.3553475,48.2588877],[16.3553361,48.2589223]]]},"properties":{"voltage":"","name":""}},{"type":"Feature","geometry":{"type":"Polygon","coordinates":[[[16.3498397,48.2479715],[16.3500107,48.247959],[16.350005,48.2479245],[16.349834,48.247937],[16.3498397,48.2479715]]]},"properties":{"voltage":"","name":""}},{"type":"Feature","geometry":{"type":"Polygon","coordinates":[[[16.5179743,48.2181605],[16.5179698,48.2181247],[16.5180698,48.2181192],[16.5180743,48.2181549],[16.5179743,48.2181605]]]},"properties":{"voltage":"","name":""}},{"type":"Feature","geometry":{"type":"Polygon","coordinates":[[[16.4035917,48.2471616],[16.4036417,48.2471485],[16.4036027,48.2470828],[16.4035528,48.2470959],[16.4035917,48.2471616]]]},"properties":{"voltage":"","name":""}},{"type":"Feature","geometry":{"type":"Polygon","coordinates":[[[15.4728747,48.5992332],[15.4728916,48.5992275],[15.4729095,48.5992215],[15.4728922,48.5992005],[15.4728751,48.5992061],[15.4728584,48.5992116],[15.4728747,48.5992332]]]},"properties":{"voltage":"","name":""}},{"type":"Feature","geometry":{"type":"Polygon","coordinates":[[[16.5067354,48.1359383],[16.5069869,48.1360182],[16.5070779,48.1359997],[16.507057,48.135954],[16.5073811,48.1358881],[16.5072582,48.135619],[16.5068537,48.1357012],[16.5068849,48.1357695],[16.5066775,48.1358117],[16.5067354,48.1359383]]]},"properties":{"voltage":"110000","name":"Umspannwerk Schwechat"}},{"type":"Feature","geometry":{"type":"Polygon","coordinates":[[[16.3238699,48.1196269],[16.3237544,48.1196487],[16.323812,48.1197851],[16.3239275,48.1197633],[16.3238699,48.1196269]]]},"properties":{"voltage":"20000","name":""}},{"type":"Feature","geometry":{"type":"Polygon","coordinates":[[[17.1273128,48.1266576],[17.1273103,48.1265845],[17.1274128,48.1265819],[17.1274164,48.1266532],[17.1273128,48.1266576]]]},"properties":{"voltage":"","name":"TS-637"}},{"type":"Feature","geometry":{"type":"Polygon","coordinates":[[[15.9766981,48.8593163],[15.976704,48.8593286],[15.9767084,48.8593384],[15.9767338,48.8593332],[15.9767234,48.8593111],[15.9766981,48.8593163]]]},"properties":{"voltage":"22000;400","name":""}},{"type":"Feature","geometry":{"type":"Polygon","coordinates":[[[15.5587225,48.6853126],[15.5587475,48.6853116],[15.5587692,48.6853107],[15.5587685,48.6852825],[15.5587208,48.6852838],[15.5587225,48.6853126]]]},"properties":{"voltage":"","name":""}},{"type":"Feature","geometry":{"type":"Polygon","coordinates":[[[16.5245531,48.2138844],[16.5251207,48.2138353],[16.5250843,48.2136486],[16.5245167,48.2136977],[16.5245531,48.2138844]]]},"properties":{"voltage":"110000","name":"Umspannwerk Essling"}},{"type":"Feature","geometry":{"type":"Polygon","coordinates":[[[16.400343,48.1859527],[16.4006675,48.1857926],[16.400483,48.1856252],[16.4004958,48.1856185],[16.4003796,48.1855134],[16.4001806,48.1856097],[16.4000382,48.1856818],[16.400343,48.1859527]]]},"properties":{"voltage":"110000","name":"Umspannwerk Landstra\u00dfe"}},{"type":"Feature","geometry":{"type":"Polygon","coordinates":[[[16.400879,48.2134859],[16.4008395,48.2134179],[16.4007914,48.2134304],[16.4008309,48.2134983],[16.400879,48.2134859]]]},"properties":{"voltage":"","name":""}},{"type":"Feature","geometry":{"type":"Polygon","coordinates":[[[16.3833108,48.1654718],[16.3833134,48.1654575],[16.3834213,48.1654776],[16.3833971,48.165542],[16.383373,48.1655384],[16.3833354,48.1656225],[16.3820936,48.16539],[16.3824074,48.164635],[16.3828923,48.164724],[16.382883,48.1647489],[16.3828441,48.1648528],[16.3825415,48.1647978],[16.3824879,48.164932],[16.3824664,48.1649284],[16.3823727,48.1651556],[16.3823183,48.1652875],[16.3827813,48.1653735],[16.3830005,48.1654142],[16.3833108,48.1654718]]]},"properties":{"voltage":"110000","name":"Umspannwerk Eisenstadtplatz"}},{"type":"Feature","geometry":{"type":"Polygon","coordinates":[[[16.2558341,48.1304625],[16.2557919,48.1305023],[16.2559045,48.1305555],[16.2559467,48.1305157],[16.2558341,48.1304625]]]},"properties":{"voltage":"","name":""}},{"type":"Feature","geometry":{"type":"Polygon","coordinates":[[[16.3304094,48.1214096],[16.3304233,48.1213844],[16.3304533,48.1213918],[16.3304395,48.121417],[16.3304094,48.1214096]]]},"properties":{"voltage":"20000;400","name":""}},{"type":"Feature","geometry":{"type":"Polygon","coordinates":[[[16.3445876,48.1803683],[16.3446433,48.1803831],[16.3445894,48.1804691],[16.3445346,48.1804529],[16.3445876,48.1803683]]]},"properties":{"voltage":"","name":"Unterwerk Flursch\u00fctzstra\u00dfe"}},{"type":"Feature","geometry":{"type":"Polygon","coordinates":[[[16.2640614,48.2007845],[16.2643581,48.2007138],[16.264306,48.200612],[16.26427,48.2006199],[16.2642482,48.2005806],[16.2641416,48.2006041],[16.2641213,48.2005679],[16.2639651,48.2006048],[16.2640614,48.2007845]]]},"properties":{"voltage":"","name":"Unterwerk H\u00fctteldorf"}},{"type":"Feature","geometry":{"type":"Polygon","coordinates":[[[16.5498118,48.6939037],[16.5498458,48.6938858],[16.5498199,48.6938644],[16.549786,48.6938823],[16.5498118,48.6939037]]]},"properties":{"voltage":"","name":""}},{"type":"Feature","geometry":{"type":"Polygon","coordinates":[[[17.1888043,48.7009389],[17.1889074,48.7009654],[17.1889639,48.7008697],[17.1888608,48.7008432],[17.1888043,48.7009389]]]},"properties":{"voltage":"","name":""}},{"type":"Feature","geometry":{"type":"Polygon","coordinates":[[[16.6151733,48.1181821],[16.6151558,48.1181153],[16.615236,48.1181059],[16.6152535,48.1181728],[16.6151733,48.1181821]]]},"properties":{"voltage":"20000","name":""}},{"type":"Feature","geometry":{"type":"Polygon","coordinates":[[[15.0020501,48.6131502],[15.0020881,48.6131705],[15.0021141,48.6131462],[15.0020957,48.6131347],[15.0020785,48.6131282],[15.0020501,48.6131502]]]},"properties":{"voltage":"","name":""}},{"type":"Feature","geometry":{"type":"Polygon","coordinates":[[[15.0314785,48.6308027],[15.031511,48.630794],[15.0314998,48.6307732],[15.03148,48.6307789],[15.0314668,48.6307816],[15.0314785,48.6308027]]]},"properties":{"voltage":"","name":""}},{"type":"Feature","geometry":{"type":"Polygon","coordinates":[[[15.9659937,48.54837],[15.9660221,48.5483705],[15.9660349,48.5483707],[15.9660363,48.5483979],[15.9659928,48.5483984],[15.9659937,48.54837]]]},"properties":{"voltage":"","name":""}},{"type":"Feature","geometry":{"type":"Polygon","coordinates":[[[15.0613306,48.1902027],[15.0613755,48.1901811],[15.0614003,48.1902039],[15.0613554,48.1902256],[15.0613306,48.1902027]]]},"properties":{"voltage":"20000;400","name":"TST Donaudorf 2"}},{"type":"Feature","geometry":{"type":"Polygon","coordinates":[[[16.8085551,48.8589147],[16.8085754,48.8589202],[16.8085921,48.8589248],[16.8086081,48.8589009],[16.8085713,48.8588903],[16.8085551,48.8589147]]]},"properties":{"voltage":"","name":""}},{"type":"Feature","geometry":{"type":"Polygon","coordinates":[[[15.8695125,48.4850028],[15.8695199,48.4849863],[15.869524,48.484973],[15.8694816,48.4849645],[15.8694698,48.4849925],[15.8695125,48.4850028]]]},"properties":{"voltage":"","name":""}},{"type":"Feature","geometry":{"type":"Polygon","coordinates":[[[15.8822172,48.4866434],[15.8822619,48.4866577],[15.8822817,48.4866329],[15.8822379,48.486618],[15.8822258,48.4866329],[15.8822172,48.4866434]]]},"properties":{"voltage":"","name":""}},{"type":"Feature","geometry":{"type":"Polygon","coordinates":[[[16.4766648,48.2444602],[16.4767012,48.2444954],[16.4766568,48.2445158],[16.4766203,48.2444806],[16.4766648,48.2444602]]]},"properties":{"voltage":"","name":""}},{"type":"Feature","geometry":{"type":"Polygon","coordinates":[[[15.6980384,48.2714531],[15.698062,48.271449],[15.6980513,48.2714221],[15.6980277,48.2714263],[15.6980384,48.2714531]]]},"properties":{"voltage":"","name":""}},{"type":"Feature","geometry":{"type":"Polygon","coordinates":[[[15.523435,48.6927061],[15.5234966,48.6927061],[15.523494,48.6927468],[15.5234591,48.6927468],[15.5234242,48.692745],[15.523435,48.6927061]]]},"properties":{"voltage":"","name":""}},{"type":"Feature","geometry":{"type":"Polygon","coordinates":[[[15.497608,48.6820216],[15.4977127,48.6819971],[15.4977421,48.6820464],[15.4976348,48.6820748],[15.497608,48.6820216]]]},"properties":{"voltage":"","name":""}},{"type":"Feature","geometry":{"type":"Polygon","coordinates":[[[16.74669,48.5875425],[16.7470162,48.587546],[16.7470237,48.5872449],[16.7466974,48.5872413],[16.74669,48.5875425]]]},"properties":{"voltage":"110000","name":"Umspannwerk Prinzendorf"}},{"type":"Feature","geometry":{"type":"Polygon","coordinates":[[[16.5655633,48.5897652],[16.565598,48.5897686],[16.5656039,48.5897422],[16.5655692,48.5897388],[16.5655663,48.5897519],[16.5655633,48.5897652]]]},"properties":{"voltage":"","name":""}},{"type":"Feature","geometry":{"type":"Polygon","coordinates":[[[16.2861089,48.1924389],[16.2861863,48.1924324],[16.2861845,48.1924229],[16.2861726,48.1923607],[16.2860953,48.1923673],[16.2861089,48.1924389]]]},"properties":{"voltage":"","name":""}},{"type":"Feature","geometry":{"type":"Polygon","coordinates":[[[16.2773577,48.2146759],[16.277493,48.2146612],[16.2774746,48.2145861],[16.2773393,48.2146009],[16.2773577,48.2146759]]]},"properties":{"voltage":"","name":""}},{"type":"Feature","geometry":{"type":"Polygon","coordinates":[[[16.3141055,48.200405],[16.3140564,48.2003615],[16.3141182,48.2003317],[16.3141666,48.2003752],[16.3141055,48.200405]]]},"properties":{"voltage":"","name":""}},{"type":"Feature","geometry":{"type":"Polygon","coordinates":[[[17.1399357,48.1948673],[17.1399959,48.1949306],[17.1401467,48.1948668],[17.1401496,48.1948656],[17.1400239,48.1947335],[17.1400123,48.1947213],[17.139845,48.194792],[17.1399221,48.194873],[17.1399357,48.1948673]]]},"properties":{"voltage":"","name":"TS 268"}},{"type":"Feature","geometry":{"type":"Polygon","coordinates":[[[17.1408726,48.1953151],[17.140955,48.1952804],[17.1409039,48.1952264],[17.1408583,48.1952456],[17.1408215,48.1952611],[17.1408726,48.1953151]]]},"properties":{"voltage":"","name":""}},{"type":"Feature","geometry":{"type":"Polygon","coordinates":[[[16.4161186,48.1791652],[16.4162436,48.1791794],[16.4162625,48.1791053],[16.4161376,48.1790911],[16.4161186,48.1791652]]]},"properties":{"voltage":"","name":""}},{"type":"Feature","geometry":{"type":"Polygon","coordinates":[[[16.4407058,48.2659864],[16.4407734,48.2659903],[16.4407786,48.2659507],[16.4407109,48.2659468],[16.4407058,48.2659864]]]},"properties":{"voltage":"","name":""}},{"type":"Feature","geometry":{"type":"Polygon","coordinates":[[[16.2631684,48.1332483],[16.2633179,48.133262],[16.263343,48.1331407],[16.2633204,48.1331386],[16.2633251,48.133116],[16.2632178,48.1331062],[16.2632131,48.1331288],[16.2631935,48.1331269],[16.2631684,48.1332483]]]},"properties":{"voltage":"","name":""}},{"type":"Feature","geometry":{"type":"Polygon","coordinates":[[[15.3553791,48.7598195],[15.3553728,48.7598021],[15.35537,48.7597942],[15.3554051,48.7597887],[15.3554142,48.759814],[15.3553791,48.7598195]]]},"properties":{"voltage":"","name":""}},{"type":"Feature","geometry":{"type":"Polygon","coordinates":[[[15.083764,48.1726084],[15.0837647,48.17257],[15.0838229,48.1725695],[15.0838227,48.1726081],[15.083764,48.1726084]]]},"properties":{"voltage":"","name":""}},{"type":"Feature","geometry":{"type":"Polygon","coordinates":[[[16.3971073,48.1570409],[16.3971857,48.1570685],[16.3972113,48.1570362],[16.3971329,48.1570086],[16.3971073,48.1570409]]]},"properties":{"voltage":"","name":""}},{"type":"Feature","geometry":{"type":"Polygon","coordinates":[[[16.3957082,48.246568],[16.3957671,48.246595],[16.3959236,48.2464436],[16.3958648,48.2464167],[16.3957082,48.246568]]]},"properties":{"voltage":"","name":""}},{"type":"Feature","geometry":{"type":"Polygon","coordinates":[[[15.9798217,48.1864709],[15.9798875,48.186456],[15.979871,48.1864322],[15.9798121,48.186447],[15.9798217,48.1864709]]]},"properties":{"voltage":"","name":""}},{"type":"Feature","geometry":{"type":"Polygon","coordinates":[[[16.2963835,48.1381954],[16.2973876,48.1381747],[16.2974085,48.1381742],[16.2976946,48.1381677],[16.2979745,48.1381727],[16.298,48.1375461],[16.2979542,48.1375453],[16.2979546,48.1375333],[16.2979567,48.1374683],[16.2976139,48.1374596],[16.2976132,48.1374809],[16.2972815,48.1374728],[16.2970227,48.1374932],[16.2969638,48.1374916],[16.2964033,48.1375342],[16.2963984,48.1377797],[16.2963835,48.1381954]]]},"properties":{"voltage":"110000","name":"Umspannwerk Liesing"}},{"type":"Feature","geometry":{"type":"Polygon","coordinates":[[[16.3450973,48.218098],[16.3453882,48.218048],[16.3453709,48.2180033],[16.34508,48.2180533],[16.3450973,48.218098]]]},"properties":{"voltage":"","name":""}},{"type":"Feature","geometry":{"type":"Polygon","coordinates":[[[15.406404,48.7231133],[15.4064005,48.723085],[15.4064393,48.7230829],[15.4064428,48.7231113],[15.406404,48.7231133]]]},"properties":{"voltage":"","name":""}},{"type":"Feature","geometry":{"type":"Polygon","coordinates":[[[15.4833296,48.7492248],[15.4833289,48.7492581],[15.4833798,48.7492586],[15.4833806,48.7492253],[15.4833296,48.7492248]]]},"properties":{"voltage":"","name":""}},{"type":"Feature","geometry":{"type":"Polygon","coordinates":[[[16.3622915,48.2389789],[16.3623149,48.2390141],[16.3623769,48.2389959],[16.3623536,48.2389607],[16.3622915,48.2389789]]]},"properties":{"voltage":"","name":""}},{"type":"Feature","geometry":{"type":"Polygon","coordinates":[[[16.3673371,48.2466983],[16.3672973,48.2466372],[16.3673526,48.2466229],[16.3673904,48.2466813],[16.3673371,48.2466983]]]},"properties":{"voltage":"","name":""}},{"type":"Feature","geometry":{"type":"Polygon","coordinates":[[[16.314962,48.2302829],[16.3151267,48.2302342],[16.3150709,48.2301506],[16.3149063,48.2301993],[16.314962,48.2302829]]]},"properties":{"voltage":"","name":""}},{"type":"Feature","geometry":{"type":"Polygon","coordinates":[[[16.3140101,48.2304287],[16.3140107,48.2304296],[16.3140323,48.2304644],[16.3140401,48.2304615],[16.3140452,48.2304725],[16.3140666,48.2304677],[16.3140609,48.2304549],[16.3141023,48.2304425],[16.314083,48.2304082],[16.3140101,48.2304287]]]},"properties":{"voltage":"","name":""}},{"type":"Feature","geometry":{"type":"Polygon","coordinates":[[[16.2353165,48.2047688],[16.2354054,48.2047307],[16.2354498,48.2047766],[16.2353608,48.2048147],[16.2353165,48.2047688]]]},"properties":{"voltage":"","name":""}},{"type":"Feature","geometry":{"type":"Polygon","coordinates":[[[16.452121,48.2294605],[16.4522973,48.2295007],[16.4523353,48.2294937],[16.4522509,48.2292892],[16.4521985,48.2292988],[16.452121,48.2294605]]]},"properties":{"voltage":"","name":"Unterwerk Erzherzog-Karl-Stra\u00dfe"}},{"type":"Feature","geometry":{"type":"Polygon","coordinates":[[[15.4314877,48.8431545],[15.43148,48.8431543],[15.4314525,48.8431476],[15.4314409,48.8431682],[15.4314751,48.8431766],[15.4314877,48.8431545]]]},"properties":{"voltage":"","name":""}},{"type":"Feature","geometry":{"type":"Polygon","coordinates":[[[16.6729077,48.6582534],[16.672948,48.6582621],[16.6729599,48.6582379],[16.6729197,48.6582292],[16.6729136,48.6582414],[16.6729077,48.6582534]]]},"properties":{"voltage":"","name":""}},{"type":"Feature","geometry":{"type":"Polygon","coordinates":[[[16.3080662,48.0933609],[16.308069,48.093393],[16.3080964,48.0933919],[16.3080936,48.0933598],[16.3080662,48.0933609]]]},"properties":{"voltage":"","name":""}},{"type":"Feature","geometry":{"type":"Polygon","coordinates":[[[16.30531,48.0933978],[16.3053112,48.0934288],[16.3053409,48.0934285],[16.3053407,48.0933976],[16.30531,48.0933978]]]},"properties":{"voltage":"","name":""}},{"type":"Feature","geometry":{"type":"Polygon","coordinates":[[[16.2438273,48.0026277],[16.2440337,48.0025517],[16.2439927,48.002502],[16.2437863,48.002578],[16.2438273,48.0026277]]]},"properties":{"voltage":"20000","name":""}},{"type":"Feature","geometry":{"type":"Polygon","coordinates":[[[16.2472774,48.0013208],[16.247558,48.0012051],[16.2478022,48.0011044],[16.2478955,48.0010567],[16.2481771,48.0009126],[16.2478071,48.0004798],[16.2468817,48.0008602],[16.2472774,48.0013208]]]},"properties":{"voltage":"110000","name":"Umspannwerk Baden"}},{"type":"Feature","geometry":{"type":"Polygon","coordinates":[[[15.9415009,48.8519824],[15.941537,48.8519752],[15.9415254,48.8519517],[15.9414896,48.8519597],[15.9414957,48.851972],[15.9415009,48.8519824]]]},"properties":{"voltage":"22000;400","name":""}},{"type":"Feature","geometry":{"type":"Polygon","coordinates":[[[16.157094,48.4628794],[16.1571271,48.4628697],[16.1571499,48.4629037],[16.1571168,48.4629135],[16.157094,48.4628794]]]},"properties":{"voltage":"","name":"TST Obermallebarn 1"}},{"type":"Feature","geometry":{"type":"Polygon","coordinates":[[[16.46001,48.2121565],[16.460031,48.2122013],[16.4600866,48.2121896],[16.4600887,48.2121892],[16.4600676,48.2121445],[16.46001,48.2121565]]]},"properties":{"voltage":"","name":""}},{"type":"Feature","geometry":{"type":"Polygon","coordinates":[[[16.2482467,48.2082685],[16.2482629,48.2082834],[16.2482919,48.2082695],[16.2482757,48.2082546],[16.2482467,48.2082685]]]},"properties":{"voltage":"","name":""}},{"type":"Feature","geometry":{"type":"Polygon","coordinates":[[[16.2337628,48.2115332],[16.2338168,48.2115803],[16.2338646,48.2115559],[16.2338106,48.2115088],[16.2337628,48.2115332]]]},"properties":{"voltage":"","name":""}},{"type":"Feature","geometry":{"type":"Polygon","coordinates":[[[16.8864859,48.8546066],[16.8865527,48.854587],[16.8865176,48.8545349],[16.8864504,48.8545545],[16.8864859,48.8546066]]]},"properties":{"voltage":"","name":"\u0160kola"}},{"type":"Feature","geometry":{"type":"Polygon","coordinates":[[[16.4722445,48.1598071],[16.4723589,48.1598149],[16.4723993,48.1596299],[16.4722848,48.1596034],[16.4722445,48.1598071]]]},"properties":{"voltage":"","name":""}},{"type":"Feature","geometry":{"type":"Polygon","coordinates":[[[16.4570703,48.151669],[16.4571109,48.1516236],[16.4570713,48.1515997],[16.4570194,48.1516368],[16.4570703,48.151669]]]},"properties":{"voltage":"","name":""}},{"type":"Feature","geometry":{"type":"Polygon","coordinates":[[[16.4326625,48.2172346],[16.4326961,48.2172002],[16.4326391,48.2171754],[16.4326054,48.2172098],[16.4326625,48.2172346]]]},"properties":{"voltage":"","name":""}},{"type":"Feature","geometry":{"type":"Polygon","coordinates":[[[15.8070203,48.7884593],[15.8070212,48.7884442],[15.8070222,48.7884268],[15.8070716,48.788428],[15.8070698,48.7884606],[15.8070203,48.7884593]]]},"properties":{"voltage":"","name":""}},{"type":"Feature","geometry":{"type":"Polygon","coordinates":[[[15.7366757,48.7498164],[15.7366725,48.7497909],[15.7367125,48.74979],[15.7367147,48.749815],[15.7366757,48.7498164]]]},"properties":{"voltage":"","name":""}},{"type":"Feature","geometry":{"type":"Polygon","coordinates":[[[15.8050419,48.7835736],[15.8050636,48.7835925],[15.805077,48.7836043],[15.8051201,48.7835829],[15.805085,48.7835522],[15.8050635,48.7835628],[15.8050419,48.7835736]]]},"properties":{"voltage":"","name":""}},{"type":"Feature","geometry":{"type":"Polygon","coordinates":[[[15.8093091,48.8024007],[15.8092754,48.8023899],[15.8092923,48.802367],[15.8093086,48.8023722],[15.809326,48.8023778],[15.8093192,48.802387],[15.8093091,48.8024007]]]},"properties":{"voltage":"","name":""}},{"type":"Feature","geometry":{"type":"Polygon","coordinates":[[[15.8411444,48.7538429],[15.8411462,48.7538567],[15.841148,48.7538705],[15.8411837,48.7538685],[15.841182,48.7538547],[15.8411802,48.7538409],[15.8411444,48.7538429]]]},"properties":{"voltage":"","name":""}},{"type":"Feature","geometry":{"type":"Polygon","coordinates":[[[15.859668,48.8524284],[15.8596621,48.8524041],[15.8596802,48.8524022],[15.8596986,48.8524003],[15.8597045,48.8524246],[15.859668,48.8524284]]]},"properties":{"voltage":"","name":""}},{"type":"Feature","geometry":{"type":"Polygon","coordinates":[[[15.710174,48.7834048],[15.7101797,48.7833786],[15.7101437,48.7833752],[15.710138,48.7834014],[15.710156,48.7834031],[15.710174,48.7834048]]]},"properties":{"voltage":"","name":""}},{"type":"Feature","geometry":{"type":"Polygon","coordinates":[[[15.6910585,48.7562309],[15.6910294,48.7562501],[15.6910107,48.7562377],[15.6910399,48.7562186],[15.6910585,48.7562309]]]},"properties":{"voltage":"","name":""}},{"type":"Feature","geometry":{"type":"Polygon","coordinates":[[[15.6772919,48.7771934],[15.6772993,48.777172],[15.6773532,48.77718],[15.6773459,48.7772014],[15.6772919,48.7771934]]]},"properties":{"voltage":"","name":""}},{"type":"Feature","geometry":{"type":"Polygon","coordinates":[[[15.6772702,48.722809],[15.6772894,48.7228342],[15.6773125,48.7228266],[15.6772933,48.7228014],[15.6772702,48.722809]]]},"properties":{"voltage":"","name":""}},{"type":"Feature","geometry":{"type":"Polygon","coordinates":[[[15.7159442,48.324636],[15.7159435,48.3246073],[15.7159836,48.3246068],[15.7159844,48.3246356],[15.7159442,48.324636]]]},"properties":{"voltage":"","name":""}},{"type":"Feature","geometry":{"type":"Polygon","coordinates":[[[16.1208743,48.2425989],[16.1208878,48.2426498],[16.1209821,48.2426387],[16.1209687,48.2425879],[16.1208743,48.2425989]]]},"properties":{"voltage":"","name":""}},{"type":"Feature","geometry":{"type":"Polygon","coordinates":[[[16.3177188,48.1225537],[16.3177063,48.1224876],[16.3177904,48.1224805],[16.3178067,48.1225665],[16.3177568,48.1225707],[16.3177531,48.1225508],[16.3177188,48.1225537]]]},"properties":{"voltage":"","name":""}},{"type":"Feature","geometry":{"type":"Polygon","coordinates":[[[15.0677892,48.9326225],[15.0678256,48.932607],[15.0678,48.9325811],[15.0677637,48.932597],[15.0677892,48.9326225]]]},"properties":{"voltage":"","name":""}},{"type":"Feature","geometry":{"type":"Polygon","coordinates":[[[16.4240843,48.1773901],[16.4241215,48.1773777],[16.4241552,48.1774229],[16.424118,48.1774352],[16.4240843,48.1773901]]]},"properties":{"voltage":"","name":""}},{"type":"Feature","geometry":{"type":"Polygon","coordinates":[[[16.5780691,48.3028813],[16.5781019,48.3028996],[16.5781189,48.3028861],[16.578086,48.3028678],[16.5780691,48.3028813]]]},"properties":{"voltage":"","name":""}},{"type":"Feature","geometry":{"type":"Polygon","coordinates":[[[17.0508906,48.1539957],[17.0510173,48.1539893],[17.0510029,48.1538635],[17.0508761,48.1538699],[17.0508906,48.1539957]]]},"properties":{"voltage":"","name":""}},{"type":"Feature","geometry":{"type":"Polygon","coordinates":[[[16.3537656,48.1685521],[16.3536432,48.1683442],[16.3538467,48.1682912],[16.3538262,48.1682563],[16.3539517,48.1681902],[16.3541103,48.1684629],[16.3537656,48.1685521]]]},"properties":{"voltage":"110000","name":"Umspannwerk Wienerberg"}},{"type":"Feature","geometry":{"type":"Polygon","coordinates":[[[16.4460777,48.2180974],[16.4462669,48.2180591],[16.4462548,48.2180326],[16.4460656,48.2180709],[16.4460777,48.2180974]]]},"properties":{"voltage":"","name":""}},{"type":"Feature","geometry":{"type":"Polygon","coordinates":[[[15.4328003,48.0040526],[15.4328173,48.004033],[15.4327766,48.0040172],[15.4327596,48.0040369],[15.4327807,48.004045],[15.4328003,48.0040526]]]},"properties":{"voltage":"","name":""}},{"type":"Feature","geometry":{"type":"Polygon","coordinates":[[[17.1738542,48.1642036],[17.173914,48.1642261],[17.173953,48.16418],[17.1738932,48.1641575],[17.1738542,48.1642036]]]},"properties":{"voltage":"","name":""}},{"type":"Feature","geometry":{"type":"Polygon","coordinates":[[[17.1023195,48.9498686],[17.1025096,48.9499068],[17.1025429,48.9498352],[17.1025548,48.9498098],[17.1023637,48.9497712],[17.1023195,48.9498686]]]},"properties":{"voltage":"","name":""}},{"type":"Feature","geometry":{"type":"Polygon","coordinates":[[[15.657366,48.4236775],[15.6573755,48.423637],[15.6573334,48.4236327],[15.6573239,48.4236731],[15.657366,48.4236775]]]},"properties":{"voltage":"","name":""}},{"type":"Feature","geometry":{"type":"Polygon","coordinates":[[[15.8945274,48.1926884],[15.8945213,48.1926819],[15.894545,48.1926721],[15.8945511,48.1926786],[15.8945274,48.1926884]]]},"properties":{"voltage":"","name":""}},{"type":"Feature","geometry":{"type":"Polygon","coordinates":[[[16.2954859,48.0397821],[16.2955339,48.0397565],[16.2954511,48.0396882],[16.2954024,48.0397146],[16.2954859,48.0397821]]]},"properties":{"voltage":"20000;400","name":""}},{"type":"Feature","geometry":{"type":"Polygon","coordinates":[[[16.2950623,48.0072606],[16.2950614,48.0072056],[16.2951548,48.0072049],[16.2951558,48.00726],[16.2950623,48.0072606]]]},"properties":{"voltage":"20000","name":""}},{"type":"Feature","geometry":{"type":"Polygon","coordinates":[[[17.0961905,48.1678827],[17.0961138,48.1677984],[17.0961073,48.1678013],[17.0961154,48.1678098],[17.0960254,48.1678467],[17.096018,48.1678393],[17.0960108,48.1678423],[17.0960913,48.1679245],[17.0961905,48.1678827]]]},"properties":{"voltage":"","name":"TS-550"}},{"type":"Feature","geometry":{"type":"Polygon","coordinates":[[[17.1021211,48.1731567],[17.1020269,48.1731542],[17.1020219,48.173238],[17.1021161,48.1732405],[17.1021211,48.1731567]]]},"properties":{"voltage":"","name":""}},{"type":"Feature","geometry":{"type":"Polygon","coordinates":[[[17.1476274,48.2138755],[17.1476929,48.2138392],[17.1476214,48.2137802],[17.1475559,48.2138165],[17.1476274,48.2138755]]]},"properties":{"voltage":"","name":"TS-712"}},{"type":"Feature","geometry":{"type":"Polygon","coordinates":[[[15.854412,48.6323125],[15.8544632,48.6323208],[15.8544515,48.6323548],[15.8544197,48.6323506],[15.8543978,48.6323477],[15.854412,48.6323125]]]},"properties":{"voltage":"","name":""}},{"type":"Feature","geometry":{"type":"Polygon","coordinates":[[[16.5343934,48.0765972],[16.5343911,48.0765547],[16.5344578,48.076553],[16.5344944,48.0765522],[16.5344967,48.0765947],[16.5344564,48.0765957],[16.5343934,48.0765972]]]},"properties":{"voltage":"20000","name":""}},{"type":"Feature","geometry":{"type":"Polygon","coordinates":[[[16.1351997,48.1940041],[16.135217,48.1939647],[16.1353056,48.193982],[16.1352882,48.1940214],[16.1351997,48.1940041]]]},"properties":{"voltage":"20000","name":""}},{"type":"Feature","geometry":{"type":"Polygon","coordinates":[[[15.75398,48.6656257],[15.7539728,48.6655962],[15.7540257,48.6655906],[15.754033,48.6656201],[15.7539973,48.6656239],[15.75398,48.6656257]]]},"properties":{"voltage":"20000","name":""}},{"type":"Feature","geometry":{"type":"Polygon","coordinates":[[[16.4526593,48.2058555],[16.4527114,48.2058366],[16.4526785,48.2057992],[16.4526287,48.205817],[16.4526593,48.2058555]]]},"properties":{"voltage":"","name":""}},{"type":"Feature","geometry":{"type":"Polygon","coordinates":[[[16.4488994,48.2054346],[16.4489668,48.2053904],[16.4489292,48.2053666],[16.4488624,48.2054096],[16.4488994,48.2054346]]]},"properties":{"voltage":"","name":""}},{"type":"Feature","geometry":{"type":"Polygon","coordinates":[[[16.4383884,48.2130483],[16.4384548,48.2130394],[16.4384445,48.213002],[16.4383781,48.2130109],[16.4383884,48.2130483]]]},"properties":{"voltage":"","name":""}},{"type":"Feature","geometry":{"type":"Polygon","coordinates":[[[16.309534,48.0399024],[16.3095277,48.0398602],[16.309553,48.039858],[16.3095943,48.0398544],[16.3096012,48.0398972],[16.309534,48.0399024]]]},"properties":{"voltage":"","name":""}},{"type":"Feature","geometry":{"type":"Polygon","coordinates":[[[16.3791124,48.2823234],[16.3791471,48.2822621],[16.3790905,48.2822508],[16.3790579,48.2823102],[16.3791124,48.2823234]]]},"properties":{"voltage":"","name":""}},{"type":"Feature","geometry":{"type":"Polygon","coordinates":[[[16.4024544,48.2719805],[16.4025095,48.2719666],[16.4024853,48.271925],[16.4024295,48.2719393],[16.4024544,48.2719805]]]},"properties":{"voltage":"","name":""}},{"type":"Feature","geometry":{"type":"Polygon","coordinates":[[[16.4003562,48.2815751],[16.400101,48.2816537],[16.4001621,48.2817384],[16.4004162,48.2816606],[16.4003562,48.2815751]]]},"properties":{"voltage":"","name":""}},{"type":"Feature","geometry":{"type":"Polygon","coordinates":[[[16.3700392,48.2824809],[16.370058,48.2824459],[16.3699657,48.2824239],[16.3699477,48.2824584],[16.3700392,48.2824809]]]},"properties":{"voltage":"","name":""}},{"type":"Feature","geometry":{"type":"Polygon","coordinates":[[[16.3953576,48.2628907],[16.395398,48.2629256],[16.3954437,48.2629021],[16.3954033,48.2628672],[16.3953576,48.2628907]]]},"properties":{"voltage":"","name":""}},{"type":"Feature","geometry":{"type":"Polygon","coordinates":[[[16.0953244,48.561681],[16.0952967,48.5616575],[16.0953289,48.5616409],[16.0953566,48.5616643],[16.0953416,48.5616721],[16.0953244,48.561681]]]},"properties":{"voltage":"","name":""}},{"type":"Feature","geometry":{"type":"Polygon","coordinates":[[[16.3612866,48.2013239],[16.3612595,48.2013001],[16.3612079,48.2012548],[16.3611838,48.201267],[16.3610401,48.2011408],[16.3610643,48.2011285],[16.3610365,48.2011032],[16.3610556,48.2010825],[16.3610933,48.2010985],[16.3611086,48.2010826],[16.3611534,48.2010362],[16.3611714,48.2010175],[16.3612222,48.2009648],[16.3609702,48.2008582],[16.3608609,48.2009632],[16.3609151,48.2009861],[16.360903,48.2009988],[16.3609308,48.2010113],[16.3609744,48.2010496],[16.3609503,48.2010618],[16.3609231,48.2010379],[16.3607208,48.2011401],[16.3610602,48.2014384],[16.3612866,48.2013239]]]},"properties":{"voltage":"110000","name":"Umspannwerk Mariahilf"}},{"type":"Feature","geometry":{"type":"Polygon","coordinates":[[[16.4716958,48.1608082],[16.4717444,48.1607606],[16.4717087,48.1607449],[16.4717315,48.1607205],[16.4716676,48.1606896],[16.4716441,48.1607114],[16.4716296,48.1607056],[16.4715778,48.1607529],[16.4716958,48.1608082]]]},"properties":{"voltage":"","name":""}},{"type":"Feature","geometry":{"type":"Polygon","coordinates":[[[16.4628334,48.1485155],[16.4628735,48.1485629],[16.4629747,48.1485248],[16.4629346,48.1484774],[16.4628334,48.1485155]]]},"properties":{"voltage":"","name":""}},{"type":"Feature","geometry":{"type":"Polygon","coordinates":[[[16.4607195,48.1452369],[16.460679,48.1452655],[16.4607736,48.1453296],[16.4608172,48.145301],[16.4607195,48.1452369]]]},"properties":{"voltage":"","name":""}},{"type":"Feature","geometry":{"type":"Polygon","coordinates":[[[16.407353,48.1672324],[16.4074091,48.1671908],[16.4073663,48.1671652],[16.4073102,48.167208],[16.407353,48.1672324]]]},"properties":{"voltage":"","name":""}},{"type":"Feature","geometry":{"type":"Polygon","coordinates":[[[16.4920441,48.2787852],[16.4920055,48.2787479],[16.4919572,48.2787675],[16.4919908,48.2788053],[16.4920441,48.2787852]]]},"properties":{"voltage":"","name":""}},{"type":"Feature","geometry":{"type":"Polygon","coordinates":[[[16.5141029,48.1860054],[16.5141396,48.1859863],[16.5141548,48.1859994],[16.5141695,48.186012],[16.5141491,48.1860225],[16.5141328,48.186031],[16.5141029,48.1860054]]]},"properties":{"voltage":"","name":""}},{"type":"Feature","geometry":{"type":"Polygon","coordinates":[[[16.4715246,48.2605244],[16.4714957,48.2604709],[16.4716595,48.2604318],[16.4718705,48.2603814],[16.4718993,48.2604349],[16.4715246,48.2605244]]]},"properties":{"voltage":"","name":""}},{"type":"Feature","geometry":{"type":"Polygon","coordinates":[[[16.5131081,48.051942],[16.5130788,48.0519191],[16.5131366,48.0518861],[16.5131659,48.051909],[16.5131081,48.051942]]]},"properties":{"voltage":"20000","name":""}},{"type":"Feature","geometry":{"type":"Polygon","coordinates":[[[16.2404913,48.2099139],[16.2405222,48.2099455],[16.2405926,48.2099149],[16.2405617,48.2098834],[16.2404913,48.2099139]]]},"properties":{"voltage":"","name":""}},{"type":"Feature","geometry":{"type":"Polygon","coordinates":[[[16.1602311,48.2000486],[16.1601844,48.2000842],[16.1602486,48.2001217],[16.1602954,48.2000861],[16.1602311,48.2000486]]]},"properties":{"voltage":"20000","name":""}},{"type":"Feature","geometry":{"type":"Polygon","coordinates":[[[16.9801845,48.2047203],[16.9800371,48.2047169],[16.9800326,48.2047946],[16.9801812,48.2047958],[16.9801845,48.2047203]]]},"properties":{"voltage":"","name":""}},{"type":"Feature","geometry":{"type":"Polygon","coordinates":[[[16.4951275,48.2178756],[16.4954753,48.2186583],[16.4956478,48.2185843],[16.4958382,48.2184945],[16.4960837,48.2183667],[16.4963358,48.218225],[16.4961898,48.2177318],[16.4951275,48.2178756]]]},"properties":{"voltage":"110000","name":"Umspannwerk Aspern"}},{"type":"Feature","geometry":{"type":"Polygon","coordinates":[[[16.4686231,48.2153526],[16.4686835,48.215331],[16.4686543,48.2152962],[16.4686538,48.2152956],[16.4685944,48.2153168],[16.4686231,48.2153526]]]},"properties":{"voltage":"","name":""}},{"type":"Feature","geometry":{"type":"Polygon","coordinates":[[[17.0429754,48.1547945],[17.0429626,48.1546761],[17.0432281,48.1546633],[17.0432409,48.1547818],[17.0429754,48.1547945]]]},"properties":{"voltage":"","name":""}},{"type":"Feature","geometry":{"type":"Polygon","coordinates":[[[16.3959817,48.2719914],[16.3960331,48.2719836],[16.3960157,48.2719326],[16.3959644,48.2719403],[16.3959817,48.2719914]]]},"properties":{"voltage":"","name":""}},{"type":"Feature","geometry":{"type":"Polygon","coordinates":[[[16.400063,48.2681166],[16.4001206,48.2681071],[16.4001044,48.2680639],[16.4000467,48.2680735],[16.400063,48.2681166]]]},"properties":{"voltage":"","name":""}},{"type":"Feature","geometry":{"type":"Polygon","coordinates":[[[16.4007927,48.2676849],[16.4008085,48.2677214],[16.4009483,48.2676946],[16.4009325,48.2676581],[16.4007927,48.2676849]]]},"properties":{"voltage":"","name":""}},{"type":"Feature","geometry":{"type":"Polygon","coordinates":[[[16.4015868,48.2673647],[16.4015717,48.2673278],[16.4016701,48.26731],[16.4016852,48.2673469],[16.4015868,48.2673647]]]},"properties":{"voltage":"","name":""}},{"type":"Feature","geometry":{"type":"Polygon","coordinates":[[[16.3335697,48.1647003],[16.3336585,48.1646719],[16.3336322,48.1646352],[16.3335433,48.1646636],[16.3335697,48.1647003]]]},"properties":{"voltage":"20000;400","name":""}},{"type":"Feature","geometry":{"type":"Polygon","coordinates":[[[15.9902683,48.4426367],[15.9902683,48.4426077],[15.9903453,48.4426087],[15.9903453,48.4426377],[15.9902683,48.4426367]]]},"properties":{"voltage":"","name":""}},{"type":"Feature","geometry":{"type":"Polygon","coordinates":[[[15.1612809,48.6026033],[15.1613059,48.6026406],[15.1613747,48.6026204],[15.1613497,48.6025831],[15.1612809,48.6026033]]]},"properties":{"voltage":"","name":""}},{"type":"Feature","geometry":{"type":"Polygon","coordinates":[[[15.5702035,48.2574019],[15.5701846,48.2573866],[15.5702185,48.2573681],[15.5702374,48.2573835],[15.5702035,48.2574019]]]},"properties":{"voltage":"","name":""}},{"type":"Feature","geometry":{"type":"Polygon","coordinates":[[[15.5642888,48.2584353],[15.5642346,48.2584242],[15.5642555,48.258379],[15.5643097,48.2583901],[15.5642888,48.2584353]]]},"properties":{"voltage":"","name":""}},{"type":"Feature","geometry":{"type":"Polygon","coordinates":[[[15.5958655,48.2441323],[15.5958866,48.2441075],[15.5958658,48.2440996],[15.5958446,48.2441244],[15.5958655,48.2441323]]]},"properties":{"voltage":"","name":""}},{"type":"Feature","geometry":{"type":"Polygon","coordinates":[[[15.5562184,48.2608279],[15.5562064,48.2608054],[15.5562389,48.2607977],[15.5562509,48.2608202],[15.5562184,48.2608279]]]},"properties":{"voltage":"","name":""}},{"type":"Feature","geometry":{"type":"Polygon","coordinates":[[[15.8855818,48.3539433],[15.8854412,48.3538394],[15.8855788,48.3537577],[15.8857188,48.3538639],[15.8855818,48.3539433]]]},"properties":{"voltage":"110000","name":"Umspannwerk Zwentendorf"}},{"type":"Feature","geometry":{"type":"Polygon","coordinates":[[[16.3157811,48.1054656],[16.315777,48.1054025],[16.31585,48.1054004],[16.3158541,48.1054635],[16.3157811,48.1054656]]]},"properties":{"voltage":"20000;400","name":""}},{"type":"Feature","geometry":{"type":"Polygon","coordinates":[[[16.7177536,48.6439851],[16.7177333,48.643963],[16.7177695,48.6439448],[16.7178014,48.6439669],[16.7177536,48.6439851]]]},"properties":{"voltage":"","name":""}},{"type":"Feature","geometry":{"type":"Polygon","coordinates":[[[15.1433209,48.0880702],[15.1433325,48.0880543],[15.1433702,48.0880666],[15.1433585,48.0880825],[15.1433209,48.0880702]]]},"properties":{"voltage":"","name":""}},{"type":"Feature","geometry":{"type":"Polygon","coordinates":[[[16.161772,48.5288894],[16.1617475,48.5288572],[16.1617861,48.5288444],[16.1618105,48.5288766],[16.161772,48.5288894]]]},"properties":{"voltage":"","name":""}},{"type":"Feature","geometry":{"type":"Polygon","coordinates":[[[16.367341,48.3423487],[16.3673651,48.3423916],[16.3674025,48.3423824],[16.3673783,48.3423394],[16.367341,48.3423487]]]},"properties":{"voltage":"","name":""}},{"type":"Feature","geometry":{"type":"Polygon","coordinates":[[[15.6779783,48.4732741],[15.6779821,48.4733216],[15.6780341,48.4733197],[15.6780303,48.4732722],[15.6779783,48.4732741]]]},"properties":{"voltage":"","name":""}},{"type":"Feature","geometry":{"type":"Polygon","coordinates":[[[16.2030127,48.0540707],[16.2030162,48.0540356],[16.2029631,48.0540332],[16.2029596,48.0540684],[16.2030127,48.0540707]]]},"properties":{"voltage":"20000","name":""}},{"type":"Feature","geometry":{"type":"Polygon","coordinates":[[[15.4799129,48.5580214],[15.4799104,48.5579885],[15.4799397,48.5579875],[15.4799423,48.5580204],[15.4799129,48.5580214]]]},"properties":{"voltage":"","name":""}},{"type":"Feature","geometry":{"type":"Polygon","coordinates":[[[15.478262,48.5519069],[15.4782628,48.5518768],[15.4782963,48.5518772],[15.4782955,48.5519073],[15.478262,48.5519069]]]},"properties":{"voltage":"","name":""}},{"type":"Feature","geometry":{"type":"Polygon","coordinates":[[[15.4833149,48.5671353],[15.4833205,48.5671064],[15.4833599,48.5671098],[15.4833543,48.5671387],[15.4833149,48.5671353]]]},"properties":{"voltage":"","name":""}},{"type":"Feature","geometry":{"type":"Polygon","coordinates":[[[16.5044419,48.237478],[16.5044756,48.2374777],[16.5044695,48.2374348],[16.5044347,48.2374363],[16.5044419,48.237478]]]},"properties":{"voltage":"","name":""}},{"type":"Feature","geometry":{"type":"Polygon","coordinates":[[[16.2702332,48.1430167],[16.27029,48.1430095],[16.2702701,48.1429393],[16.2702133,48.1429465],[16.2702332,48.1430167]]]},"properties":{"voltage":"","name":""}},{"type":"Feature","geometry":{"type":"Polygon","coordinates":[[[16.4929486,48.2584443],[16.4930079,48.2584074],[16.4929671,48.2583792],[16.4929102,48.2584174],[16.4929486,48.2584443]]]},"properties":{"voltage":"","name":""}},{"type":"Feature","geometry":{"type":"Polygon","coordinates":[[[17.0976933,48.1146449],[17.098013,48.1145185],[17.0978996,48.1143907],[17.097997,48.1143521],[17.0977572,48.1140817],[17.0977044,48.1141025],[17.0975033,48.114182],[17.09734,48.1142466],[17.0976933,48.1146449]]]},"properties":{"voltage":"","name":"Petr\u017ealka"}},{"type":"Feature","geometry":{"type":"Polygon","coordinates":[[[16.38229,48.1870911],[16.3823388,48.187167],[16.3823888,48.187153],[16.3823407,48.1870761],[16.38229,48.1870911]]]},"properties":{"voltage":"","name":""}},{"type":"Feature","geometry":{"type":"Polygon","coordinates":[[[15.7459587,48.5187304],[15.7459404,48.5187086],[15.7459738,48.5186963],[15.7459921,48.5187181],[15.7459587,48.5187304]]]},"properties":{"voltage":"","name":""}},{"type":"Feature","geometry":{"type":"Polygon","coordinates":[[[16.0150486,48.2547323],[16.0151182,48.2547331],[16.0151192,48.2546944],[16.0150496,48.2546936],[16.0150486,48.2547323]]]},"properties":{"voltage":"","name":""}},{"type":"Feature","geometry":{"type":"Polygon","coordinates":[[[16.0160136,48.2538635],[16.0160328,48.2538459],[16.0160654,48.2538616],[16.0160461,48.2538793],[16.0160136,48.2538635]]]},"properties":{"voltage":"","name":""}},{"type":"Feature","geometry":{"type":"Polygon","coordinates":[[[16.0008983,48.0266012],[16.0009046,48.0265918],[16.0009117,48.0265812],[16.0009268,48.0265858],[16.0009418,48.0265903],[16.0009284,48.0266102],[16.0008983,48.0266012]]]},"properties":{"voltage":"","name":""}},{"type":"Feature","geometry":{"type":"Polygon","coordinates":[[[16.207707,48.203291],[16.2077463,48.2032726],[16.2077917,48.2033156],[16.2077524,48.2033341],[16.207707,48.203291]]]},"properties":{"voltage":"","name":""}},{"type":"Feature","geometry":{"type":"Polygon","coordinates":[[[16.2550856,48.2097075],[16.2551397,48.2097077],[16.2551402,48.2096406],[16.2550862,48.2096405],[16.2550856,48.2097075]]]},"properties":{"voltage":"","name":""}},{"type":"Feature","geometry":{"type":"Polygon","coordinates":[[[15.7299977,48.9376072],[15.7300149,48.937606],[15.7300321,48.9376047],[15.7300283,48.9375817],[15.7299935,48.937585],[15.7299977,48.9376072]]]},"properties":{"voltage":"22000;400","name":""}},{"type":"Feature","geometry":{"type":"Polygon","coordinates":[[[16.107526,48.4920724],[16.1075577,48.4920876],[16.1075908,48.4921034],[16.1076333,48.4920645],[16.1075994,48.4920482],[16.1075684,48.4920334],[16.107526,48.4920724]]]},"properties":{"voltage":"20000","name":""}},{"type":"Feature","geometry":{"type":"Polygon","coordinates":[[[16.4543064,48.249392],[16.4555164,48.2491383],[16.4555683,48.2490752],[16.4553989,48.248717],[16.455267,48.2486772],[16.4550245,48.2487249],[16.4540055,48.2489412],[16.454011,48.2489494],[16.4543064,48.249392]]]},"properties":{"voltage":"110000","name":"Umspannwerk Kagran"}},{"type":"Feature","geometry":{"type":"Polygon","coordinates":[[[16.4383338,48.2343323],[16.4382733,48.2343262],[16.4382928,48.2342407],[16.4383533,48.2342469],[16.4383338,48.2343323]]]},"properties":{"voltage":"","name":""}},{"type":"Feature","geometry":{"type":"Polygon","coordinates":[[[16.2318624,48.2155422],[16.2318879,48.2155474],[16.2318823,48.2155595],[16.2318568,48.2155542],[16.2318624,48.2155422]]]},"properties":{"voltage":"","name":""}},{"type":"Feature","geometry":{"type":"Polygon","coordinates":[[[16.4484276,48.2277314],[16.448563,48.2277353],[16.4485657,48.2276938],[16.4484302,48.2276899],[16.4484276,48.2277314]]]},"properties":{"voltage":"","name":""}},{"type":"Feature","geometry":{"type":"Polygon","coordinates":[[[16.4506221,48.2305072],[16.4506689,48.2304862],[16.450633,48.2304472],[16.4505868,48.2304689],[16.4506221,48.2305072]]]},"properties":{"voltage":"","name":""}},{"type":"Feature","geometry":{"type":"Polygon","coordinates":[[[16.4646734,48.2692749],[16.4647284,48.2692347],[16.4646845,48.2692084],[16.4646316,48.2692492],[16.4646734,48.2692749]]]},"properties":{"voltage":"","name":""}},{"type":"Feature","geometry":{"type":"Polygon","coordinates":[[[16.4647055,48.2606275],[16.4647962,48.2606039],[16.4647731,48.2605644],[16.4646823,48.2605881],[16.4647055,48.2606275]]]},"properties":{"voltage":"","name":""}},{"type":"Feature","geometry":{"type":"Polygon","coordinates":[[[16.4606626,48.2631773],[16.4607222,48.2631589],[16.4606988,48.2631225],[16.4606385,48.2631428],[16.4606626,48.2631773]]]},"properties":{"voltage":"","name":""}},{"type":"Feature","geometry":{"type":"Polygon","coordinates":[[[16.4337402,48.1866357],[16.4337657,48.1866012],[16.4337084,48.1865817],[16.4336822,48.186617],[16.4337402,48.1866357]]]},"properties":{"voltage":"","name":""}},{"type":"Feature","geometry":{"type":"Polygon","coordinates":[[[16.476175,48.1759454],[16.4762462,48.1759156],[16.4762218,48.1758887],[16.4761495,48.1759163],[16.476175,48.1759454]]]},"properties":{"voltage":"","name":""}},{"type":"Feature","geometry":{"type":"Polygon","coordinates":[[[16.4747768,48.1769959],[16.4748662,48.1769423],[16.4748076,48.1768987],[16.4747181,48.1769533],[16.4747768,48.1769959]]]},"properties":{"voltage":"","name":""}},{"type":"Feature","geometry":{"type":"Polygon","coordinates":[[[16.4576748,48.1733648],[16.4577358,48.1733481],[16.4577134,48.1733095],[16.4576497,48.1733272],[16.4576748,48.1733648]]]},"properties":{"voltage":"","name":""}},{"type":"Feature","geometry":{"type":"Polygon","coordinates":[[[16.4750367,48.1668878],[16.4749779,48.1667757],[16.4749242,48.1667872],[16.4749856,48.1668987],[16.4750367,48.1668878]]]},"properties":{"voltage":"","name":""}},{"type":"Feature","geometry":{"type":"Polygon","coordinates":[[[16.463212,48.1748074],[16.4631516,48.1747261],[16.4630855,48.174748],[16.4630799,48.1747498],[16.4631402,48.1748311],[16.4631458,48.1748292],[16.463212,48.1748074]]]},"properties":{"voltage":"","name":""}},{"type":"Feature","geometry":{"type":"Polygon","coordinates":[[[16.4292304,48.1858628],[16.4292716,48.1858982],[16.4293171,48.1858746],[16.4292772,48.1858392],[16.4292304,48.1858628]]]},"properties":{"voltage":"","name":""}},{"type":"Feature","geometry":{"type":"Polygon","coordinates":[[[16.2950262,48.1944869],[16.2951207,48.1944895],[16.2951231,48.1944518],[16.2950285,48.1944492],[16.2950283,48.1944524],[16.2950262,48.1944869]]]},"properties":{"voltage":"","name":""}},{"type":"Feature","geometry":{"type":"Polygon","coordinates":[[[16.2001176,48.2303926],[16.2000624,48.230351],[16.2001017,48.2303279],[16.2001568,48.2303696],[16.2001176,48.2303926]]]},"properties":{"voltage":"","name":""}},{"type":"Feature","geometry":{"type":"Polygon","coordinates":[[[16.3154936,48.1673717],[16.3156237,48.167343],[16.3156075,48.1673073],[16.3156063,48.1673046],[16.3155569,48.1673157],[16.3154748,48.1673341],[16.3154936,48.1673717]]]},"properties":{"voltage":"","name":""}},{"type":"Feature","geometry":{"type":"Polygon","coordinates":[[[16.8580234,48.7590046],[16.8580938,48.7590323],[16.8581185,48.7589465],[16.8581215,48.7589356],[16.8580462,48.7589256],[16.8580234,48.7590046]]]},"properties":{"voltage":"","name":""}},{"type":"Feature","geometry":{"type":"Polygon","coordinates":[[[16.3920935,48.1096247],[16.3920684,48.1095804],[16.3921395,48.1095634],[16.392166,48.1096063],[16.3920935,48.1096247]]]},"properties":{"voltage":"20000","name":""}},{"type":"Feature","geometry":{"type":"Polygon","coordinates":[[[16.360144,48.9904179],[16.3601559,48.9904401],[16.3601739,48.9904359],[16.3601896,48.9904322],[16.3601775,48.99041],[16.360144,48.9904179]]]},"properties":{"voltage":"","name":""}},{"type":"Feature","geometry":{"type":"Polygon","coordinates":[[[16.4710994,48.2227799],[16.4711514,48.2227616],[16.4711231,48.2227224],[16.4710711,48.2227403],[16.4710994,48.2227799]]]},"properties":{"voltage":"","name":""}},{"type":"Feature","geometry":{"type":"Polygon","coordinates":[[[16.4868464,48.2319111],[16.4869021,48.2319004],[16.4868847,48.23186],[16.4868289,48.2318707],[16.4868464,48.2319111]]]},"properties":{"voltage":"","name":""}},{"type":"Feature","geometry":{"type":"Polygon","coordinates":[[[16.4853947,48.2358265],[16.4855154,48.2358503],[16.485532,48.2358117],[16.485413,48.235789],[16.4853947,48.2358265]]]},"properties":{"voltage":"","name":""}},{"type":"Feature","geometry":{"type":"Polygon","coordinates":[[[16.419692,48.2293886],[16.4197746,48.2294372],[16.4198195,48.2294033],[16.419737,48.2293547],[16.419692,48.2293886]]]},"properties":{"voltage":"","name":""}},{"type":"Feature","geometry":{"type":"Polygon","coordinates":[[[16.324329,48.1358542],[16.3243543,48.1359024],[16.3243944,48.135893],[16.3243692,48.1358448],[16.324329,48.1358542]]]},"properties":{"voltage":"","name":""}},{"type":"Feature","geometry":{"type":"Polygon","coordinates":[[[16.4867191,48.2353202],[16.4867944,48.2351556],[16.4868608,48.2351691],[16.4867855,48.2353337],[16.4867191,48.2353202]]]},"properties":{"voltage":"","name":""}},{"type":"Feature","geometry":{"type":"Polygon","coordinates":[[[16.2358444,48.1300624],[16.2358659,48.1300289],[16.2357641,48.1299998],[16.235738,48.1300404],[16.2358398,48.1300695],[16.2358444,48.1300624]]]},"properties":{"voltage":"","name":""}},{"type":"Feature","geometry":{"type":"Polygon","coordinates":[[[16.2245691,48.7544273],[16.2246083,48.7544301],[16.2246128,48.754403],[16.2245736,48.7544013],[16.2245719,48.7544112],[16.2245691,48.7544273]]]},"properties":{"voltage":"","name":""}},{"type":"Feature","geometry":{"type":"Polygon","coordinates":[[[16.4519754,48.2200186],[16.4520108,48.2200259],[16.4520166,48.2200133],[16.4519816,48.220005],[16.4519754,48.2200186]]]},"properties":{"voltage":"","name":""}},{"type":"Feature","geometry":{"type":"Polygon","coordinates":[[[16.4591235,48.2361595],[16.4591771,48.2361411],[16.4592241,48.2362005],[16.4591664,48.2362202],[16.4591235,48.2361595]]]},"properties":{"voltage":"","name":""}},{"type":"Feature","geometry":{"type":"Polygon","coordinates":[[[16.307316,48.091323],[16.3073159,48.0912914],[16.3073481,48.0912917],[16.307348,48.091323],[16.307316,48.091323]]]},"properties":{"voltage":"","name":""}},{"type":"Feature","geometry":{"type":"Polygon","coordinates":[[[16.3039961,48.091571],[16.3039839,48.0914455],[16.3040527,48.0914425],[16.3040649,48.091568],[16.3039961,48.091571]]]},"properties":{"voltage":"","name":""}},{"type":"Feature","geometry":{"type":"Polygon","coordinates":[[[16.4585634,48.194817],[16.458504,48.1948215],[16.4583078,48.1949567],[16.4583089,48.1950046],[16.4588269,48.1953468],[16.4590982,48.1951705],[16.4585634,48.194817]]]},"properties":{"voltage":"","name":""}},{"type":"Feature","geometry":{"type":"Polygon","coordinates":[[[16.4563036,48.2200675],[16.4563679,48.2200627],[16.456361,48.2200218],[16.4562966,48.2200267],[16.4563036,48.2200675]]]},"properties":{"voltage":"","name":""}},{"type":"Feature","geometry":{"type":"Polygon","coordinates":[[[16.4724762,48.2637874],[16.4724358,48.2637082],[16.4724983,48.2636941],[16.4725386,48.2637734],[16.4724762,48.2637874]]]},"properties":{"voltage":"","name":""}},{"type":"Feature","geometry":{"type":"Polygon","coordinates":[[[16.4711329,48.2553057],[16.4711211,48.2553086],[16.4710469,48.2551753],[16.4711283,48.2551551],[16.4712026,48.2552885],[16.4711329,48.2553057]]]},"properties":{"voltage":"","name":""}},{"type":"Feature","geometry":{"type":"Polygon","coordinates":[[[16.4534051,48.2301733],[16.4534596,48.2301626],[16.453442,48.2301227],[16.4533875,48.2301333],[16.4534051,48.2301733]]]},"properties":{"voltage":"","name":""}},{"type":"Feature","geometry":{"type":"Polygon","coordinates":[[[16.4455168,48.2273065],[16.4455192,48.2273162],[16.4455258,48.227343],[16.4455576,48.2273442],[16.4456092,48.2273463],[16.445604,48.2273125],[16.4455963,48.2272746],[16.4455168,48.2273065]]]},"properties":{"voltage":"","name":""}},{"type":"Feature","geometry":{"type":"Polygon","coordinates":[[[16.2809658,48.2280634],[16.28098,48.2280773],[16.2810086,48.2280643],[16.2809944,48.2280504],[16.2809658,48.2280634]]]},"properties":{"voltage":"","name":""}},{"type":"Feature","geometry":{"type":"Polygon","coordinates":[[[16.3097775,48.08839],[16.3098664,48.0883545],[16.3098351,48.0883196],[16.3097463,48.0883551],[16.3097775,48.08839]]]},"properties":{"voltage":"","name":""}},{"type":"Feature","geometry":{"type":"Polygon","coordinates":[[[16.3107198,48.0880354],[16.3108152,48.0880707],[16.3107829,48.0881096],[16.3106875,48.0880743],[16.3107198,48.0880354]]]},"properties":{"voltage":"","name":""}},{"type":"Feature","geometry":{"type":"Polygon","coordinates":[[[16.2876019,48.1118158],[16.2876679,48.1118067],[16.2876281,48.1116786],[16.287562,48.1116878],[16.2876019,48.1118158]]]},"properties":{"voltage":"20000;400","name":""}},{"type":"Feature","geometry":{"type":"Polygon","coordinates":[[[16.3632825,48.2283468],[16.3634159,48.2284055],[16.3634253,48.2284096],[16.3636347,48.2281982],[16.3635541,48.2281628],[16.3634989,48.2281386],[16.3634919,48.2281355],[16.3632825,48.2283468]]]},"properties":{"voltage":"","name":"Unterwerk Friedensbr\u00fccke"}},{"type":"Feature","geometry":{"type":"Polygon","coordinates":[[[16.6045828,48.5985715],[16.6045588,48.5986009],[16.6045928,48.5986131],[16.6046169,48.5985837],[16.6045828,48.5985715]]]},"properties":{"voltage":"","name":""}},{"type":"Feature","geometry":{"type":"Polygon","coordinates":[[[16.3043132,48.3232559],[16.3043204,48.3232162],[16.3044066,48.3232231],[16.3043994,48.3232628],[16.3043132,48.3232559]]]},"properties":{"voltage":"","name":""}},{"type":"Feature","geometry":{"type":"Polygon","coordinates":[[[16.2870043,48.3338392],[16.2870288,48.3337928],[16.2871142,48.3338127],[16.2870897,48.3338591],[16.2870043,48.3338392]]]},"properties":{"voltage":"10000","name":""}},{"type":"Feature","geometry":{"type":"Polygon","coordinates":[[[16.2899429,48.345808],[16.2899904,48.3457789],[16.290021,48.345801],[16.2899735,48.3458301],[16.2899429,48.345808]]]},"properties":{"voltage":"10000","name":""}},{"type":"Feature","geometry":{"type":"Polygon","coordinates":[[[16.279835,48.3491821],[16.2798627,48.3491495],[16.2799399,48.3491784],[16.2799122,48.3492111],[16.279835,48.3491821]]]},"properties":{"voltage":"20000","name":""}},{"type":"Feature","geometry":{"type":"Polygon","coordinates":[[[16.1740954,48.1124087],[16.1740954,48.1124385],[16.1741492,48.1124385],[16.1741492,48.1124087],[16.1741228,48.1124087],[16.1740954,48.1124087]]]},"properties":{"voltage":"20000","name":""}},{"type":"Feature","geometry":{"type":"Polygon","coordinates":[[[16.9466602,48.146846],[16.9466256,48.1468317],[16.9466056,48.1468531],[16.9466402,48.1468675],[16.9466602,48.146846]]]},"properties":{"voltage":"","name":""}},{"type":"Feature","geometry":{"type":"Polygon","coordinates":[[[17.1353237,48.8489197],[17.1353376,48.8489647],[17.1354179,48.8489535],[17.1354033,48.8489087],[17.1353237,48.8489197]]]},"properties":{"voltage":"","name":""}},{"type":"Feature","geometry":{"type":"Polygon","coordinates":[[[17.1335752,48.8504346],[17.133666,48.8504209],[17.1336915,48.8504171],[17.1336735,48.8503684],[17.1335583,48.8503849],[17.1335752,48.8504346]]]},"properties":{"voltage":"","name":""}},{"type":"Feature","geometry":{"type":"Polygon","coordinates":[[[17.1327688,48.851563],[17.1327842,48.8516082],[17.132864,48.851597],[17.1328489,48.8515522],[17.1327688,48.851563]]]},"properties":{"voltage":"","name":""}},{"type":"Feature","geometry":{"type":"Polygon","coordinates":[[[16.953097,48.1473796],[16.9530678,48.1473847],[16.9530836,48.1474246],[16.9531127,48.1474195],[16.953097,48.1473796]]]},"properties":{"voltage":"","name":"TST Hainburg Riedenhofsiedlung"}},{"type":"Feature","geometry":{"type":"Polygon","coordinates":[[[17.0700263,48.1493057],[17.0700272,48.1491401],[17.0701722,48.1491403],[17.0701723,48.1493064],[17.0700263,48.1493057]]]},"properties":{"voltage":"","name":""}},{"type":"Feature","geometry":{"type":"Polygon","coordinates":[[[16.2546585,48.306765],[16.2546964,48.3067219],[16.2547609,48.3067469],[16.254723,48.3067901],[16.2546585,48.306765]]]},"properties":{"voltage":"","name":""}},{"type":"Feature","geometry":{"type":"Polygon","coordinates":[[[16.2381782,48.3162255],[16.2382356,48.3161881],[16.2382774,48.3162164],[16.23822,48.3162539],[16.2381782,48.3162255]]]},"properties":{"voltage":"","name":""}},{"type":"Feature","geometry":{"type":"Polygon","coordinates":[[[16.541229,48.6107844],[16.5412111,48.6108028],[16.5412375,48.610814],[16.5412464,48.6108048],[16.5412554,48.6107955],[16.541229,48.6107844]]]},"properties":{"voltage":"","name":""}},{"type":"Feature","geometry":{"type":"Polygon","coordinates":[[[16.9450476,48.1415018],[16.9450205,48.1414975],[16.9450374,48.1414646],[16.9450616,48.1414726],[16.9450476,48.1415018]]]},"properties":{"voltage":"","name":"TST Hainburg Schlo\u00dfberg"}},{"type":"Feature","geometry":{"type":"Polygon","coordinates":[[[17.124584,48.8485169],[17.1246494,48.8485746],[17.1247309,48.8485348],[17.1246645,48.8484767],[17.124584,48.8485169]]]},"properties":{"voltage":"","name":""}},{"type":"Feature","geometry":{"type":"Polygon","coordinates":[[[17.1373304,48.8522824],[17.1373474,48.8523353],[17.1374157,48.8523258],[17.1373989,48.8522727],[17.1373304,48.8522824]]]},"properties":{"voltage":"","name":""}},{"type":"Feature","geometry":{"type":"Polygon","coordinates":[[[17.1352063,48.8540548],[17.1352415,48.8540504],[17.1352363,48.8540284],[17.1351998,48.8540334],[17.1352063,48.8540548]]]},"properties":{"voltage":"","name":""}},{"type":"Feature","geometry":{"type":"Polygon","coordinates":[[[17.135197,48.8528542],[17.1352784,48.8528432],[17.1352644,48.8527996],[17.1351844,48.8528096],[17.135197,48.8528542]]]},"properties":{"voltage":"","name":""}},{"type":"Feature","geometry":{"type":"Polygon","coordinates":[[[16.3980595,48.1038031],[16.3981253,48.1038013],[16.3981226,48.1037559],[16.3980567,48.1037577],[16.3980595,48.1038031]]]},"properties":{"voltage":"20000;400","name":""}},{"type":"Feature","geometry":{"type":"Polygon","coordinates":[[[16.3936191,48.1182074],[16.3936837,48.1182],[16.3936942,48.1182405],[16.3936296,48.1182479],[16.3936191,48.1182074]]]},"properties":{"voltage":"20000","name":""}},{"type":"Feature","geometry":{"type":"Polygon","coordinates":[[[16.4570312,48.2269096],[16.4570316,48.2269021],[16.4570151,48.2268888],[16.457018,48.2268583],[16.4571136,48.2268635],[16.4571084,48.2268983],[16.4570872,48.2269038],[16.4570862,48.2269092],[16.4570864,48.2269113],[16.4570312,48.2269096]]]},"properties":{"voltage":"","name":""}},{"type":"Feature","geometry":{"type":"Polygon","coordinates":[[[15.8531401,48.5682592],[15.8531394,48.5682295],[15.8531828,48.568229],[15.8531836,48.5682587],[15.8531401,48.5682592]]]},"properties":{"voltage":"","name":""}},{"type":"Feature","geometry":{"type":"Polygon","coordinates":[[[16.1490702,48.2770886],[16.1490711,48.2770653],[16.1491081,48.2770659],[16.1491072,48.2770893],[16.1490702,48.2770886]]]},"properties":{"voltage":"","name":""}},{"type":"Feature","geometry":{"type":"Polygon","coordinates":[[[17.156856,48.179842],[17.1567087,48.1797924],[17.1568134,48.1796335],[17.156956,48.1796721],[17.1570663,48.1797363],[17.1575653,48.179885],[17.1575492,48.1799657],[17.157128,48.1806276],[17.1563628,48.1803635],[17.1566887,48.1799246],[17.1567655,48.1799167],[17.1567756,48.1799157],[17.156856,48.179842]]]},"properties":{"voltage":"","name":"PPC BA"}},{"type":"Feature","geometry":{"type":"Polygon","coordinates":[[[16.7324855,48.9396817],[16.732559,48.9396586],[16.7325173,48.939602],[16.7324415,48.9396261],[16.7324855,48.9396817]]]},"properties":{"voltage":"22000;400","name":"Komensk\u00e9ho"}},{"type":"Feature","geometry":{"type":"Polygon","coordinates":[[[16.745536,48.9322525],[16.7455051,48.9322695],[16.7454792,48.9322838],[16.7455264,48.9323216],[16.7455839,48.93229],[16.745536,48.9322525]]]},"properties":{"voltage":"","name":""}},{"type":"Feature","geometry":{"type":"Polygon","coordinates":[[[16.7263956,48.9441084],[16.7263388,48.9441422],[16.7264291,48.9442097],[16.7264858,48.9441765],[16.7263956,48.9441084]]]},"properties":{"voltage":"22000;400","name":"\u00dadoln\u00ed"}},{"type":"Feature","geometry":{"type":"Polygon","coordinates":[[[16.7302393,48.9435952],[16.7302113,48.9436065],[16.7302388,48.943636],[16.730267,48.9436247],[16.7302393,48.9435952]]]},"properties":{"voltage":"22000;400","name":"Nemocnice"}},{"type":"Feature","geometry":{"type":"Polygon","coordinates":[[[16.7252213,48.9462373],[16.7251545,48.9461895],[16.7250919,48.9462275],[16.7251589,48.9462752],[16.7252213,48.9462373]]]},"properties":{"voltage":"22000;400","name":"\u017di\u017ekova"}},{"type":"Feature","geometry":{"type":"Polygon","coordinates":[[[16.7622452,48.9577653],[16.7622791,48.9577707],[16.762289,48.9577477],[16.7622544,48.9577427],[16.7622499,48.9577539],[16.7622452,48.9577653]]]},"properties":{"voltage":"","name":""}},{"type":"Feature","geometry":{"type":"Polygon","coordinates":[[[16.0175949,48.006329],[16.0176178,48.0063244],[16.0176066,48.0062996],[16.0175628,48.0063085],[16.017574,48.0063332],[16.0175949,48.006329]]]},"properties":{"voltage":"","name":""}},{"type":"Feature","geometry":{"type":"Polygon","coordinates":[[[16.0393332,48.0040635],[16.0394812,48.003778],[16.0396275,48.003717],[16.0404343,48.0039027],[16.0403804,48.0039868],[16.0403305,48.0040796],[16.0403147,48.004111],[16.040269,48.0042017],[16.0402659,48.0042109],[16.0399063,48.0041879],[16.0393332,48.0040635]]]},"properties":{"voltage":"110000;20000","name":"Umspannwerk Neuhaus"}},{"type":"Feature","geometry":{"type":"Polygon","coordinates":[[[15.581774,48.3862665],[15.5819591,48.3862647],[15.5819609,48.3863469],[15.5817759,48.3863487],[15.581774,48.3862665]]]},"properties":{"voltage":"20000","name":"SST Mautern"}},{"type":"Feature","geometry":{"type":"Polygon","coordinates":[[[16.2552054,48.1144636],[16.2552879,48.1144655],[16.25529,48.114425],[16.2552074,48.1144231],[16.2552054,48.1144636]]]},"properties":{"voltage":"","name":""}},{"type":"Feature","geometry":{"type":"Polygon","coordinates":[[[16.3504636,48.0842349],[16.3505467,48.0842273],[16.350535,48.0841732],[16.3504519,48.0841807],[16.3504636,48.0842349]]]},"properties":{"voltage":"20000;400","name":""}},{"type":"Feature","geometry":{"type":"Polygon","coordinates":[[[16.3053342,48.3228414],[16.3053423,48.3228237],[16.3053496,48.3228076],[16.3054867,48.3228342],[16.3054729,48.322867],[16.3053342,48.3228414]]]},"properties":{"voltage":"","name":""}},{"type":"Feature","geometry":{"type":"Polygon","coordinates":[[[16.4024488,48.8892314],[16.4024652,48.8892356],[16.4024818,48.8892399],[16.4024948,48.8892179],[16.4024617,48.8892094],[16.4024488,48.8892314]]]},"properties":{"voltage":"","name":""}},{"type":"Feature","geometry":{"type":"Polygon","coordinates":[[[16.2445241,48.951759],[16.2445566,48.9517526],[16.2445484,48.9517312],[16.2445144,48.9517375],[16.2445193,48.9517484],[16.2445241,48.951759]]]},"properties":{"voltage":"","name":""}},{"type":"Feature","geometry":{"type":"Polygon","coordinates":[[[16.5000606,48.2228836],[16.5001922,48.2228572],[16.5001401,48.2227417],[16.5000084,48.2227681],[16.5000606,48.2228836]]]},"properties":{"voltage":"","name":""}},{"type":"Feature","geometry":{"type":"Polygon","coordinates":[[[16.8935187,48.9153067],[16.893532,48.9153155],[16.8935445,48.9153239],[16.8935698,48.9153074],[16.893544,48.9152903],[16.8935187,48.9153067]]]},"properties":{"voltage":"","name":""}},{"type":"Feature","geometry":{"type":"Polygon","coordinates":[[[15.5175877,48.4228691],[15.5176177,48.4228866],[15.5176262,48.4228802],[15.5176442,48.4228666],[15.5176142,48.4228491],[15.5175991,48.4228605],[15.5175877,48.4228691]]]},"properties":{"voltage":"","name":""}},{"type":"Feature","geometry":{"type":"Polygon","coordinates":[[[16.4102035,48.9446613],[16.4102162,48.944683],[16.4102496,48.9446748],[16.4102378,48.944653],[16.4102212,48.9446569],[16.4102035,48.9446613]]]},"properties":{"voltage":"","name":""}},{"type":"Feature","geometry":{"type":"Polygon","coordinates":[[[16.2097449,48.9563105],[16.209779,48.9563125],[16.2097822,48.9562901],[16.2097671,48.9562892],[16.2097482,48.956288],[16.2097449,48.9563105]]]},"properties":{"voltage":"","name":""}},{"type":"Feature","geometry":{"type":"Polygon","coordinates":[[[16.0737749,48.5695143],[16.0737819,48.5694774],[16.0738641,48.5694842],[16.0738571,48.5695211],[16.0737749,48.5695143]]]},"properties":{"voltage":"","name":"TST Hollabrunn Gerichtsberggasse"}},{"type":"Feature","geometry":{"type":"Polygon","coordinates":[[[16.2511111,48.119028],[16.2511748,48.119029],[16.2511763,48.1189855],[16.2511126,48.1189846],[16.2511111,48.119028]]]},"properties":{"voltage":"","name":""}},{"type":"Feature","geometry":{"type":"Polygon","coordinates":[[[16.2844529,48.1474021],[16.2844617,48.1474446],[16.2845454,48.1474369],[16.2845366,48.1473944],[16.2844529,48.1474021]]]},"properties":{"voltage":"","name":""}},{"type":"Feature","geometry":{"type":"Polygon","coordinates":[[[16.2761235,48.1495481],[16.2760361,48.1495741],[16.276061,48.1496114],[16.2761539,48.1495838],[16.2761235,48.1495481]]]},"properties":{"voltage":"","name":""}},{"type":"Feature","geometry":{"type":"Polygon","coordinates":[[[16.7104292,48.9122586],[16.7108444,48.9130874],[16.7107881,48.9131941],[16.7105035,48.9132541],[16.7104243,48.9132507],[16.7100143,48.9133488],[16.7099089,48.9131435],[16.709689,48.9127153],[16.7097948,48.9124252],[16.7104292,48.9122586]]]},"properties":{"voltage":"110000;22000","name":"\u0160akvice"}},{"type":"Feature","geometry":{"type":"Polygon","coordinates":[[[16.4123426,48.2835125],[16.4123065,48.2836001],[16.4122459,48.283589],[16.4122821,48.2835015],[16.4123426,48.2835125]]]},"properties":{"voltage":"","name":"Unterwerk Gerasdorf"}},{"type":"Feature","geometry":{"type":"Polygon","coordinates":[[[16.3104663,48.1954565],[16.3104431,48.1954568],[16.310415,48.1952808],[16.3100408,48.1953117],[16.3100227,48.1952195],[16.3103983,48.1951909],[16.310348,48.1948961],[16.3103156,48.1948972],[16.3103049,48.1948345],[16.3103358,48.1948331],[16.3102458,48.1942944],[16.3104248,48.1942798],[16.3105076,48.194738],[16.3103561,48.1947473],[16.3103716,48.1948308],[16.3105185,48.1948209],[16.3106266,48.1954424],[16.3104663,48.1954565]]]},"properties":{"voltage":"110000","name":"Umspannwerk Penzing"}},{"type":"Feature","geometry":{"type":"Polygon","coordinates":[[[15.4249149,48.98613],[15.4249544,48.986119],[15.4249387,48.9860929],[15.4248989,48.9861039],[15.4249149,48.98613]]]},"properties":{"voltage":"","name":""}},{"type":"Feature","geometry":{"type":"Polygon","coordinates":[[[16.7055836,48.916536],[16.7055857,48.9165358],[16.7055794,48.9164883],[16.705441,48.9164962],[16.7054393,48.9164828],[16.7053936,48.9164854],[16.7054019,48.9165463],[16.7054044,48.9165461],[16.7054086,48.9165776],[16.7054577,48.9165745],[16.7054926,48.9165723],[16.7054929,48.9165742],[16.7054986,48.9165739],[16.7055879,48.9165684],[16.7055836,48.916536]]]},"properties":{"voltage":"","name":""}},{"type":"Feature","geometry":{"type":"Polygon","coordinates":[[[16.7105893,48.9130149],[16.7104301,48.9130527],[16.7104554,48.9130989],[16.7104477,48.9131008],[16.7105025,48.9132032],[16.7105182,48.9132326],[16.7106857,48.9131933],[16.7105893,48.9130149]]]},"properties":{"voltage":"","name":""}},{"type":"Feature","geometry":{"type":"Polygon","coordinates":[[[16.3037185,48.137704],[16.303709,48.1376485],[16.3038418,48.1376383],[16.3038501,48.1376949],[16.3037938,48.1376983],[16.3037185,48.137704]]]},"properties":{"voltage":"","name":""}},{"type":"Feature","geometry":{"type":"Polygon","coordinates":[[[16.3612583,48.1599713],[16.3612437,48.159908],[16.3613483,48.1598973],[16.3613629,48.1599606],[16.3612583,48.1599713]]]},"properties":{"voltage":"","name":"Gleichrichterunterwerk"}},{"type":"Feature","geometry":{"type":"Polygon","coordinates":[[[16.3405706,48.1750925],[16.3405327,48.1753198],[16.3415202,48.1753971],[16.3418283,48.1754448],[16.342065,48.1748298],[16.3402872,48.1747173],[16.3402747,48.1747879],[16.3402629,48.1748707],[16.3401784,48.1748636],[16.340163,48.1749502],[16.3405434,48.1749802],[16.3405348,48.1750289],[16.3409128,48.1750596],[16.340908,48.1750884],[16.3409032,48.1751171],[16.3405706,48.1750925]]]},"properties":{"voltage":"55000;15000","name":"Unterwerk Meidling"}},{"type":"Feature","geometry":{"type":"Polygon","coordinates":[[[15.621616,48.4117457],[15.6216757,48.4117544],[15.6216901,48.411711],[15.6216304,48.4117023],[15.621616,48.4117457]]]},"properties":{"voltage":"","name":""}},{"type":"Feature","geometry":{"type":"Polygon","coordinates":[[[16.4584566,48.2530382],[16.4585018,48.2530322],[16.458487,48.2529823],[16.4584418,48.2529883],[16.4584566,48.2530382]]]},"properties":{"voltage":"","name":""}},{"type":"Feature","geometry":{"type":"Polygon","coordinates":[[[15.6002112,48.4146759],[15.6002431,48.4146534],[15.6002198,48.4146388],[15.6001879,48.4146614],[15.6002112,48.4146759]]]},"properties":{"voltage":"","name":""}},{"type":"Feature","geometry":{"type":"Polygon","coordinates":[[[16.2879595,48.139532],[16.2880167,48.1395173],[16.288044,48.1395645],[16.2879868,48.1395792],[16.2879595,48.139532]]]},"properties":{"voltage":"","name":""}},{"type":"Feature","geometry":{"type":"Polygon","coordinates":[[[16.2901743,48.151366],[16.2901859,48.1514239],[16.2901136,48.1514304],[16.2901019,48.1513724],[16.2901743,48.151366]]]},"properties":{"voltage":"","name":""}},{"type":"Feature","geometry":{"type":"Polygon","coordinates":[[[15.5567158,48.4178495],[15.5567538,48.4178674],[15.5567971,48.4178268],[15.5567592,48.4178089],[15.5567158,48.4178495]]]},"properties":{"voltage":"","name":""}},{"type":"Feature","geometry":{"type":"Polygon","coordinates":[[[16.3109404,48.1477054],[16.3109486,48.1478143],[16.3110053,48.1478124],[16.3109971,48.1477035],[16.3109404,48.1477054]]]},"properties":{"voltage":"","name":""}},{"type":"Feature","geometry":{"type":"Polygon","coordinates":[[[16.1679036,48.2455874],[16.1679565,48.2455024],[16.1680052,48.2455158],[16.1679523,48.2456008],[16.1679036,48.2455874]]]},"properties":{"voltage":"20000","name":""}},{"type":"Feature","geometry":{"type":"Polygon","coordinates":[[[15.5766158,48.4135758],[15.5765402,48.4135602],[15.5765281,48.4135858],[15.5766037,48.4136015],[15.5766158,48.4135758]]]},"properties":{"voltage":"","name":""}},{"type":"Feature","geometry":{"type":"Polygon","coordinates":[[[17.14223,48.2011227],[17.1421855,48.2010756],[17.1420889,48.2011165],[17.1421333,48.2011637],[17.14223,48.2011227]]]},"properties":{"voltage":"","name":"TS-717"}},{"type":"Feature","geometry":{"type":"Polygon","coordinates":[[[16.1079063,48.0825909],[16.1079242,48.0825979],[16.1079457,48.0826063],[16.1079686,48.0825801],[16.1079292,48.0825647],[16.1079063,48.0825909]]]},"properties":{"voltage":"20000","name":""}},{"type":"Feature","geometry":{"type":"Polygon","coordinates":[[[15.5853086,48.437038],[15.5852749,48.4370409],[15.5852839,48.4370865],[15.5853176,48.4370836],[15.5853086,48.437038]]]},"properties":{"voltage":"","name":""}},{"type":"Feature","geometry":{"type":"Polygon","coordinates":[[[16.3154501,48.1573439],[16.3154612,48.1573131],[16.3155326,48.1573512],[16.3154501,48.1573439]]]},"properties":{"voltage":"","name":""}},{"type":"Feature","geometry":{"type":"Polygon","coordinates":[[[16.2720956,48.1390803],[16.2721218,48.139115],[16.2722088,48.1390857],[16.2721826,48.139051],[16.2720956,48.1390803]]]},"properties":{"voltage":"","name":""}},{"type":"Feature","geometry":{"type":"Polygon","coordinates":[[[16.4277747,48.2678211],[16.4277406,48.2675761],[16.4279006,48.2674937],[16.4279271,48.2676787],[16.427946,48.2678106],[16.4277747,48.2678211]]]},"properties":{"voltage":"","name":""}},{"type":"Feature","geometry":{"type":"Polygon","coordinates":[[[16.3904938,48.2215414],[16.390452,48.2215377],[16.3904233,48.2216849],[16.3904871,48.2216904],[16.3905158,48.2215433],[16.3904938,48.2215414]]]},"properties":{"voltage":"","name":""}},{"type":"Feature","geometry":{"type":"Polygon","coordinates":[[[16.4581697,48.1839004],[16.4582945,48.1838014],[16.4582336,48.1837698],[16.458113,48.1838695],[16.4581697,48.1839004]]]},"properties":{"voltage":"","name":""}},{"type":"Feature","geometry":{"type":"Polygon","coordinates":[[[16.4054709,48.1914412],[16.4056319,48.1915008],[16.4058786,48.1912047],[16.405672,48.1911282],[16.4054252,48.1914242],[16.4054709,48.1914412]]]},"properties":{"voltage":"","name":"Kabelk\u00fchl- und Schaltanlage Baumgasse"}},{"type":"Feature","geometry":{"type":"Polygon","coordinates":[[[17.1641047,48.2136406],[17.1640416,48.2135878],[17.1639482,48.2136357],[17.1640095,48.2136884],[17.1641047,48.2136406]]]},"properties":{"voltage":"","name":""}},{"type":"Feature","geometry":{"type":"Polygon","coordinates":[[[16.4106015,48.2104268],[16.4104105,48.2102666],[16.4108256,48.2100468],[16.4110166,48.2102071],[16.4106015,48.2104268]]]},"properties":{"voltage":"110000","name":"Umspannwerk Messe"}},{"type":"Feature","geometry":{"type":"Polygon","coordinates":[[[16.3463607,48.2850121],[16.346414,48.2850547],[16.3464691,48.2850242],[16.3464403,48.2850012],[16.3464196,48.2850126],[16.3463951,48.2849931],[16.3463607,48.2850121]]]},"properties":{"voltage":"","name":""}},{"type":"Feature","geometry":{"type":"Polygon","coordinates":[[[16.7582733,48.5428901],[16.7582863,48.5429267],[16.7583906,48.5429104],[16.7583776,48.5428738],[16.7582733,48.5428901]]]},"properties":{"voltage":"","name":""}},{"type":"Feature","geometry":{"type":"Polygon","coordinates":[[[17.0539983,48.1507265],[17.0539903,48.1506108],[17.0537224,48.150619],[17.0537304,48.1507347],[17.0539983,48.1507265]]]},"properties":{"voltage":"","name":"TS-1075"}},{"type":"Feature","geometry":{"type":"Polygon","coordinates":[[[17.046722,48.1502838],[17.0468803,48.1502757],[17.0468602,48.1501013],[17.0467019,48.1501093],[17.046722,48.1502838]]]},"properties":{"voltage":"","name":"TS-1078"}},{"type":"Feature","geometry":{"type":"Polygon","coordinates":[[[17.0517072,48.1566173],[17.0518637,48.1566681],[17.0519819,48.1565061],[17.0518254,48.1564553],[17.0517072,48.1566173]]]},"properties":{"voltage":"","name":"TS203"}},{"type":"Feature","geometry":{"type":"Polygon","coordinates":[[[16.2101213,48.3228862],[16.2101753,48.322922],[16.2102056,48.3229018],[16.210216,48.3228948],[16.210162,48.322859],[16.2101213,48.3228862]]]},"properties":{"voltage":"","name":"TST St. Andr\u00e4 W\u00e4hlamt"}},{"type":"Feature","geometry":{"type":"Polygon","coordinates":[[[17.0490784,48.1493411],[17.0491064,48.1493711],[17.0491694,48.1493449],[17.0491414,48.1493149],[17.0490784,48.1493411]]]},"properties":{"voltage":"","name":"TS-1469"}},{"type":"Feature","geometry":{"type":"Polygon","coordinates":[[[16.3007669,48.3366794],[16.300778,48.3366373],[16.3009458,48.3366568],[16.3009347,48.336699],[16.3007669,48.3366794]]]},"properties":{"voltage":"","name":""}},{"type":"Feature","geometry":{"type":"Polygon","coordinates":[[[16.0407957,48.3139157],[16.0414261,48.3122999],[16.0423244,48.3124382],[16.0423729,48.3124456],[16.0417473,48.3140828],[16.0416944,48.3140735],[16.0416767,48.3140704],[16.0407957,48.3139157]]]},"properties":{"voltage":"110000","name":"Umspannwerk Tulln-West"}},{"type":"Feature","geometry":{"type":"Polygon","coordinates":[[[16.2825555,48.2260884],[16.2825469,48.2260449],[16.2826356,48.2260371],[16.2826443,48.2260806],[16.2825555,48.2260884]]]},"properties":{"voltage":"","name":""}},{"type":"Feature","geometry":{"type":"Polygon","coordinates":[[[16.2952711,48.2066844],[16.2953417,48.2066554],[16.2953115,48.2066228],[16.295241,48.2066519],[16.2952711,48.2066844]]]},"properties":{"voltage":"","name":""}},{"type":"Feature","geometry":{"type":"Polygon","coordinates":[[[16.5238936,48.9644931],[16.5246686,48.9646248],[16.5248498,48.9641842],[16.5248722,48.9641277],[16.5240807,48.9639914],[16.5238936,48.9644931]]]},"properties":{"voltage":"110000;22000","name":"Poho\u0159elice"}},{"type":"Feature","geometry":{"type":"Polygon","coordinates":[[[16.3987473,48.1840062],[16.398795,48.1840219],[16.3988356,48.1839675],[16.3987879,48.1839517],[16.3987473,48.1840062]]]},"properties":{"voltage":"","name":""}},{"type":"Feature","geometry":{"type":"Polygon","coordinates":[[[16.1861441,48.2066946],[16.1861343,48.2066706],[16.1862067,48.2066575],[16.1862164,48.2066814],[16.1861441,48.2066946]]]},"properties":{"voltage":"","name":""}},{"type":"Feature","geometry":{"type":"Polygon","coordinates":[[[16.2190661,48.2047666],[16.2190628,48.2047282],[16.2190976,48.2047268],[16.219101,48.2047652],[16.2190661,48.2047666]]]},"properties":{"voltage":"","name":""}},{"type":"Feature","geometry":{"type":"Polygon","coordinates":[[[16.205383,48.2278838],[16.205404,48.2278721],[16.205428,48.2278911],[16.2054069,48.2279028],[16.205383,48.2278838]]]},"properties":{"voltage":"","name":""}},{"type":"Feature","geometry":{"type":"Polygon","coordinates":[[[16.2098922,48.2239955],[16.2099176,48.2239559],[16.2099795,48.2239735],[16.2099541,48.2240131],[16.2098922,48.2239955]]]},"properties":{"voltage":"","name":""}},{"type":"Feature","geometry":{"type":"Polygon","coordinates":[[[16.1962291,48.9865689],[16.1962627,48.9865591],[16.1962544,48.9865468],[16.1962482,48.9865376],[16.1962153,48.9865473],[16.1962291,48.9865689]]]},"properties":{"voltage":"","name":""}},{"type":"Feature","geometry":{"type":"Polygon","coordinates":[[[16.456684,48.2506729],[16.4566236,48.250655],[16.4566435,48.2506248],[16.4567028,48.2506444],[16.456684,48.2506729]]]},"properties":{"voltage":"","name":""}},{"type":"Feature","geometry":{"type":"Polygon","coordinates":[[[16.1322057,48.1919455],[16.1322247,48.1919247],[16.1322521,48.1919358],[16.1322331,48.1919566],[16.1322057,48.1919455]]]},"properties":{"voltage":"20000","name":""}},{"type":"Feature","geometry":{"type":"Polygon","coordinates":[[[16.1459377,48.1969708],[16.145977,48.1969895],[16.1459551,48.19701],[16.1459158,48.1969913],[16.1459377,48.1969708]]]},"properties":{"voltage":"20000","name":""}},{"type":"Feature","geometry":{"type":"Polygon","coordinates":[[[16.2368614,48.2094998],[16.2369181,48.2094774],[16.236949,48.2095121],[16.2368923,48.2095345],[16.2368614,48.2094998]]]},"properties":{"voltage":"","name":""}},{"type":"Feature","geometry":{"type":"Polygon","coordinates":[[[16.2324336,48.2086323],[16.2324196,48.2085961],[16.2325021,48.208582],[16.232516,48.2086183],[16.2324336,48.2086323]]]},"properties":{"voltage":"","name":""}},{"type":"Feature","geometry":{"type":"Polygon","coordinates":[[[16.2388702,48.2128952],[16.2388847,48.2128919],[16.2389696,48.2128941],[16.2389869,48.2129177],[16.2389282,48.2129486],[16.2388702,48.2128952]]]},"properties":{"voltage":"","name":""}},{"type":"Feature","geometry":{"type":"Polygon","coordinates":[[[16.2360591,48.2154689],[16.2360444,48.2154337],[16.2360824,48.2154266],[16.2360972,48.2154618],[16.2360591,48.2154689]]]},"properties":{"voltage":"","name":""}},{"type":"Feature","geometry":{"type":"Polygon","coordinates":[[[16.2441772,48.2049683],[16.2441981,48.2049202],[16.2442387,48.2049281],[16.2442178,48.2049761],[16.2441772,48.2049683]]]},"properties":{"voltage":"","name":""}},{"type":"Feature","geometry":{"type":"Polygon","coordinates":[[[16.7707456,48.0227597],[16.7707757,48.0227133],[16.7708372,48.0227312],[16.770807,48.0227776],[16.7707456,48.0227597]]]},"properties":{"voltage":"","name":""}},{"type":"Feature","geometry":{"type":"Polygon","coordinates":[[[16.2498392,48.2112374],[16.2498736,48.2111924],[16.2499154,48.2112067],[16.2498809,48.2112516],[16.2498392,48.2112374]]]},"properties":{"voltage":"","name":""}},{"type":"Feature","geometry":{"type":"Polygon","coordinates":[[[16.1644262,48.2172682],[16.164455,48.2172444],[16.1645291,48.2172842],[16.1645003,48.217308],[16.1644262,48.2172682]]]},"properties":{"voltage":"","name":""}},{"type":"Feature","geometry":{"type":"Polygon","coordinates":[[[16.1646147,48.2195788],[16.164558,48.219551],[16.1645876,48.2195243],[16.1646442,48.2195521],[16.1646147,48.2195788]]]},"properties":{"voltage":"","name":""}},{"type":"Feature","geometry":{"type":"Polygon","coordinates":[[[16.1438249,48.227166],[16.1438529,48.2271052],[16.1440003,48.2271353],[16.1439722,48.2271961],[16.1438249,48.227166]]]},"properties":{"voltage":"","name":""}},{"type":"Feature","geometry":{"type":"Polygon","coordinates":[[[16.143698,48.2273241],[16.1436589,48.2273204],[16.1436694,48.2272714],[16.1437085,48.2272751],[16.143698,48.2273241]]]},"properties":{"voltage":"","name":""}},{"type":"Feature","geometry":{"type":"Polygon","coordinates":[[[16.460085,48.3558234],[16.4601452,48.3558211],[16.4601431,48.3557964],[16.460113,48.3557976],[16.4600829,48.3557987],[16.460085,48.3558234]]]},"properties":{"voltage":"","name":"SH Gro\u00dfebersdorf"}},{"type":"Feature","geometry":{"type":"Polygon","coordinates":[[[16.2379808,48.2070766],[16.2379817,48.2070399],[16.2380598,48.2070412],[16.2380586,48.2070777],[16.2379808,48.2070766]]]},"properties":{"voltage":"","name":""}},{"type":"Feature","geometry":{"type":"Polygon","coordinates":[[[16.2372348,48.2081268],[16.2372349,48.2081016],[16.237235,48.208091],[16.2373071,48.2080911],[16.2373069,48.208127],[16.2372348,48.2081268]]]},"properties":{"voltage":"","name":""}},{"type":"Feature","geometry":{"type":"Polygon","coordinates":[[[16.258038,48.1991916],[16.2580626,48.199174],[16.2581112,48.199204],[16.2580866,48.1992217],[16.258038,48.1991916]]]},"properties":{"voltage":"","name":""}},{"type":"Feature","geometry":{"type":"Polygon","coordinates":[[[16.3032442,48.1627453],[16.3032388,48.1626687],[16.3032948,48.162667],[16.3033002,48.1627436],[16.3032442,48.1627453]]]},"properties":{"voltage":"","name":""}},{"type":"Feature","geometry":{"type":"Polygon","coordinates":[[[16.2459395,48.2241357],[16.2459254,48.224099],[16.2459856,48.2240887],[16.2459997,48.2241255],[16.2459395,48.2241357]]]},"properties":{"voltage":"","name":""}},{"type":"Feature","geometry":{"type":"Polygon","coordinates":[[[16.2445557,48.2218985],[16.2445524,48.2218747],[16.2446043,48.2218715],[16.2446076,48.2218954],[16.2445557,48.2218985]]]},"properties":{"voltage":"","name":""}},{"type":"Feature","geometry":{"type":"Polygon","coordinates":[[[16.3466231,48.1540366],[16.3466759,48.1540198],[16.3466401,48.1539699],[16.3465874,48.1539867],[16.3466231,48.1540366]]]},"properties":{"voltage":"","name":""}},{"type":"Feature","geometry":{"type":"Polygon","coordinates":[[[16.2454484,48.2141253],[16.2455015,48.2140865],[16.2455358,48.2141074],[16.2454827,48.2141462],[16.2454484,48.2141253]]]},"properties":{"voltage":"","name":""}},{"type":"Feature","geometry":{"type":"Polygon","coordinates":[[[16.1334957,48.2406985],[16.1334849,48.2406691],[16.1335361,48.2406607],[16.1335469,48.2406901],[16.1334957,48.2406985]]]},"properties":{"voltage":"","name":""}},{"type":"Feature","geometry":{"type":"Polygon","coordinates":[[[16.1624132,48.2271704],[16.1624669,48.2272006],[16.162432,48.2272281],[16.1623783,48.227198],[16.1624132,48.2271704]]]},"properties":{"voltage":"","name":""}},{"type":"Feature","geometry":{"type":"Polygon","coordinates":[[[16.1276328,48.2242365],[16.1277027,48.2242143],[16.1277193,48.2242375],[16.1276494,48.2242598],[16.1276328,48.2242365]]]},"properties":{"voltage":"","name":""}},{"type":"Feature","geometry":{"type":"Polygon","coordinates":[[[16.1313766,48.2237895],[16.1313792,48.2237673],[16.1314178,48.2237693],[16.1314153,48.2237915],[16.1313766,48.2237895]]]},"properties":{"voltage":"","name":""}},{"type":"Feature","geometry":{"type":"Polygon","coordinates":[[[15.9972551,48.7682681],[15.9972729,48.7682968],[15.9973005,48.7682894],[15.9972827,48.7682607],[15.9972551,48.7682681]]]},"properties":{"voltage":"20000;400","name":""}},{"type":"Feature","geometry":{"type":"Polygon","coordinates":[[[16.4039048,48.3273904],[16.4039343,48.3273719],[16.4039961,48.3274156],[16.4039665,48.3274341],[16.4039048,48.3273904]]]},"properties":{"voltage":"","name":""}},{"type":"Feature","geometry":{"type":"Polygon","coordinates":[[[16.2796014,48.1769887],[16.2796748,48.1769848],[16.2796694,48.1769393],[16.279596,48.1769431],[16.2796014,48.1769887]]]},"properties":{"voltage":"","name":""}},{"type":"Feature","geometry":{"type":"Polygon","coordinates":[[[16.2495271,48.2195349],[16.2495671,48.2195695],[16.249637,48.2195336],[16.2495765,48.2194813],[16.249539,48.2195005],[16.2495595,48.2195183],[16.2495271,48.2195349]]]},"properties":{"voltage":"","name":""}},{"type":"Feature","geometry":{"type":"Polygon","coordinates":[[[16.4670984,48.2362016],[16.4671505,48.236184],[16.4671191,48.2361453],[16.4670685,48.2361628],[16.4670984,48.2362016]]]},"properties":{"voltage":"","name":""}},{"type":"Feature","geometry":{"type":"Polygon","coordinates":[[[16.2324692,48.2069371],[16.2324177,48.206919],[16.2324486,48.20688],[16.2324802,48.2068911],[16.2325002,48.2068981],[16.2324692,48.2069371]]]},"properties":{"voltage":"","name":""}},{"type":"Feature","geometry":{"type":"Polygon","coordinates":[[[16.2490186,48.2183987],[16.2490391,48.2183999],[16.2490421,48.2183774],[16.2490216,48.2183762],[16.2490186,48.2183987]]]},"properties":{"voltage":"","name":""}},{"type":"Feature","geometry":{"type":"Polygon","coordinates":[[[16.2486346,48.2035113],[16.2486444,48.2034622],[16.2486914,48.2034664],[16.2486816,48.2035155],[16.2486346,48.2035113]]]},"properties":{"voltage":"","name":""}},{"type":"Feature","geometry":{"type":"Polygon","coordinates":[[[16.2501608,48.2095566],[16.2501737,48.2095029],[16.2502273,48.2095086],[16.2502144,48.2095623],[16.2501608,48.2095566]]]},"properties":{"voltage":"","name":""}},{"type":"Feature","geometry":{"type":"Polygon","coordinates":[[[16.2441026,48.2095587],[16.2441028,48.2095258],[16.2441983,48.2095261],[16.244198,48.2095674],[16.244162,48.2095673],[16.2441619,48.2095805],[16.244121,48.2095804],[16.2441212,48.2095587],[16.2441026,48.2095587]]]},"properties":{"voltage":"","name":""}},{"type":"Feature","geometry":{"type":"Polygon","coordinates":[[[16.2191941,48.2067477],[16.21932,48.2067439],[16.2193277,48.2068566],[16.2192018,48.2068604],[16.2191941,48.2067477]]]},"properties":{"voltage":"","name":""}},{"type":"Feature","geometry":{"type":"Polygon","coordinates":[[[16.2167325,48.2067455],[16.2167217,48.2067232],[16.2167754,48.2067117],[16.2167862,48.206734],[16.2167325,48.2067455]]]},"properties":{"voltage":"","name":""}},{"type":"Feature","geometry":{"type":"Polygon","coordinates":[[[16.2166239,48.2065304],[16.2166035,48.2064781],[16.2166586,48.2064686],[16.2166791,48.2065209],[16.2166239,48.2065304]]]},"properties":{"voltage":"","name":""}},{"type":"Feature","geometry":{"type":"Polygon","coordinates":[[[16.4054304,48.2068523],[16.4054634,48.2068479],[16.4054558,48.2068228],[16.4054229,48.2068272],[16.4054304,48.2068523]]]},"properties":{"voltage":"","name":""}},{"type":"Feature","geometry":{"type":"Polygon","coordinates":[[[16.3273886,48.3136606],[16.3274483,48.3136853],[16.3274846,48.3136466],[16.3274249,48.3136218],[16.3273886,48.3136606]]]},"properties":{"voltage":"10000","name":""}},{"type":"Feature","geometry":{"type":"Polygon","coordinates":[[[16.3247506,48.3159543],[16.324695,48.3159254],[16.324652,48.315962],[16.3247076,48.3159909],[16.3247506,48.3159543]]]},"properties":{"voltage":"10000","name":""}},{"type":"Feature","geometry":{"type":"Polygon","coordinates":[[[15.271237,48.2184068],[15.2714835,48.2184307],[15.2715287,48.2182234],[15.2715733,48.2180192],[15.2716192,48.2178091],[15.2713727,48.2177853],[15.2713516,48.2178818],[15.271262,48.2182921],[15.271237,48.2184068]]]},"properties":{"voltage":"110000","name":"Umformerwerk Bergern"}},{"type":"Feature","geometry":{"type":"Polygon","coordinates":[[[16.2957753,48.1028302],[16.2957772,48.1028666],[16.2958733,48.1028644],[16.2958723,48.1028443],[16.2958715,48.102828],[16.2957753,48.1028302]]]},"properties":{"voltage":"20000;400","name":""}},{"type":"Feature","geometry":{"type":"Polygon","coordinates":[[[16.3107363,48.337456],[16.3107816,48.3374327],[16.3107249,48.3373841],[16.3106551,48.3374201],[16.3106951,48.3374543],[16.3107196,48.3374417],[16.3107363,48.337456]]]},"properties":{"voltage":"10000","name":""}},{"type":"Feature","geometry":{"type":"Polygon","coordinates":[[[16.201953,48.2299286],[16.2018395,48.229824],[16.20201,48.2297419],[16.2020762,48.2298029],[16.2020147,48.2298325],[16.202062,48.229876],[16.201953,48.2299286]]]},"properties":{"voltage":"","name":""}},{"type":"Feature","geometry":{"type":"Polygon","coordinates":[[[16.2654072,48.1232484],[16.2654523,48.1232462],[16.2654473,48.1232],[16.2654021,48.1232022],[16.2654072,48.1232484]]]},"properties":{"voltage":"","name":""}},{"type":"Feature","geometry":{"type":"Polygon","coordinates":[[[16.3971464,48.1170724],[16.3971526,48.1170376],[16.3971043,48.1170338],[16.3970981,48.1170686],[16.3971464,48.1170724]]]},"properties":{"voltage":"20000","name":""}},{"type":"Feature","geometry":{"type":"Polygon","coordinates":[[[17.0179765,48.4181561],[17.0178305,48.4171156],[17.0191191,48.4170398],[17.0192157,48.4177972],[17.0185986,48.4181309],[17.0179765,48.4181561]]]},"properties":{"voltage":"","name":"Malacky"}},{"type":"Feature","geometry":{"type":"Polygon","coordinates":[[[15.901008,48.1956419],[15.9010336,48.1956568],[15.9010571,48.1956389],[15.9010314,48.195624],[15.901008,48.1956419]]]},"properties":{"voltage":"","name":""}},{"type":"Feature","geometry":{"type":"Polygon","coordinates":[[[15.405751,48.3013906],[15.4057112,48.3013986],[15.4057235,48.3014259],[15.4057435,48.301422],[15.4057634,48.301418],[15.405751,48.3013906]]]},"properties":{"voltage":"20000;400","name":""}},{"type":"Feature","geometry":{"type":"Polygon","coordinates":[[[16.0977088,48.706468],[16.0977168,48.7064545],[16.0977257,48.7064394],[16.0976849,48.7064288],[16.0976768,48.7064426],[16.0976679,48.7064574],[16.0977088,48.706468]]]},"properties":{"voltage":"20000;400","name":"TST Alberndorf 1"}},{"type":"Feature","geometry":{"type":"Polygon","coordinates":[[[16.7055704,48.3256901],[16.7056057,48.3256832],[16.7055917,48.3256514],[16.7055564,48.3256582],[16.7055704,48.3256901]]]},"properties":{"voltage":"","name":"KAH Haidlissen G\u00e4nserndorf S\u00fcd"}},{"type":"Feature","geometry":{"type":"Polygon","coordinates":[[[16.2687863,48.3502383],[16.2688559,48.3502531],[16.2688774,48.3502084],[16.2688078,48.3501936],[16.2687863,48.3502383]]]},"properties":{"voltage":"10000","name":""}},{"type":"Feature","geometry":{"type":"Polygon","coordinates":[[[16.0862592,48.3084021],[16.0862632,48.3083666],[16.0862902,48.3083679],[16.0863115,48.308369],[16.0863095,48.308387],[16.0863075,48.3084045],[16.0862826,48.3084033],[16.0862592,48.3084021]]]},"properties":{"voltage":"","name":"SSE Frauenhofen"}},{"type":"Feature","geometry":{"type":"Polygon","coordinates":[[[16.3026953,48.0869565],[16.3026883,48.0869994],[16.3027086,48.0870009],[16.3027056,48.0870191],[16.3027841,48.0870249],[16.3027941,48.0869638],[16.3026953,48.0869565]]]},"properties":{"voltage":"","name":""}},{"type":"Feature","geometry":{"type":"Polygon","coordinates":[[[16.2720678,48.1601349],[16.272103,48.1601288],[16.2721099,48.1601464],[16.2720747,48.1601526],[16.2720678,48.1601349]]]},"properties":{"voltage":"","name":""}},{"type":"Feature","geometry":{"type":"Polygon","coordinates":[[[17.0887687,48.1179059],[17.0896281,48.117898],[17.0897166,48.1179032],[17.0896933,48.1174767],[17.0889978,48.1174688],[17.0887433,48.1175321],[17.0887687,48.1179059]]]},"properties":{"voltage":"","name":"PGA BA"}},{"type":"Feature","geometry":{"type":"Polygon","coordinates":[[[16.3921007,48.160608],[16.39217,48.1605934],[16.3921566,48.160565],[16.3920872,48.1605796],[16.3921007,48.160608]]]},"properties":{"voltage":"","name":""}},{"type":"Feature","geometry":{"type":"Polygon","coordinates":[[[16.2967954,48.1096405],[16.2968647,48.1096369],[16.2968693,48.1096701],[16.2968734,48.1097003],[16.2968041,48.1097065],[16.2967954,48.1096405]]]},"properties":{"voltage":"20000;400","name":""}},{"type":"Feature","geometry":{"type":"Polygon","coordinates":[[[16.2909829,48.093859],[16.2909943,48.0939101],[16.29109,48.0939006],[16.2910786,48.0938495],[16.2909829,48.093859]]]},"properties":{"voltage":"","name":""}},{"type":"Feature","geometry":{"type":"Polygon","coordinates":[[[16.2726153,48.1012177],[16.2726932,48.101216],[16.2726917,48.1011837],[16.2726911,48.1011708],[16.2726132,48.1011725],[16.2726153,48.1012177]]]},"properties":{"voltage":"","name":""}},{"type":"Feature","geometry":{"type":"Polygon","coordinates":[[[16.2011136,48.0136761],[16.2010761,48.0136492],[16.201121,48.0136232],[16.2011566,48.0136492],[16.2011136,48.0136761]]]},"properties":{"voltage":"20000","name":""}},{"type":"Feature","geometry":{"type":"Polygon","coordinates":[[[16.3034501,48.1093912],[16.3036954,48.1093878],[16.3036941,48.1093465],[16.3034488,48.1093499],[16.3034501,48.1093912]]]},"properties":{"voltage":"20000;400","name":""}},{"type":"Feature","geometry":{"type":"Polygon","coordinates":[[[16.4128577,48.1865019],[16.4129306,48.1864838],[16.4128744,48.1863831],[16.4128015,48.1864012],[16.4128577,48.1865019]]]},"properties":{"voltage":"","name":""}},{"type":"Feature","geometry":{"type":"Polygon","coordinates":[[[16.7238711,48.7203518],[16.7238698,48.7203632],[16.7238686,48.7203739],[16.7239068,48.7203758],[16.7239079,48.720366],[16.7239093,48.7203537],[16.7238711,48.7203518]]]},"properties":{"voltage":"","name":""}},{"type":"Feature","geometry":{"type":"Polygon","coordinates":[[[16.3567144,48.1447232],[16.3567767,48.1447073],[16.3567516,48.1446636],[16.3566893,48.1446795],[16.3567144,48.1447232]]]},"properties":{"voltage":"","name":""}},{"type":"Feature","geometry":{"type":"Polygon","coordinates":[[[16.3547756,48.1457975],[16.3547985,48.1458391],[16.3548913,48.1458164],[16.3548887,48.1458104],[16.3548686,48.1457748],[16.3547756,48.1457975]]]},"properties":{"voltage":"","name":""}},{"type":"Feature","geometry":{"type":"Polygon","coordinates":[[[16.3563024,48.1349605],[16.3562488,48.1349712],[16.3562865,48.1350551],[16.35634,48.1350444],[16.3563024,48.1349605]]]},"properties":{"voltage":"","name":""}},{"type":"Feature","geometry":{"type":"Polygon","coordinates":[[[16.2906695,48.0739234],[16.2907683,48.0739291],[16.2907748,48.0738794],[16.2906759,48.0738737],[16.2906695,48.0739234]]]},"properties":{"voltage":"20000","name":""}},{"type":"Feature","geometry":{"type":"Polygon","coordinates":[[[15.9265688,48.2434441],[15.9266142,48.2434351],[15.9266275,48.2434646],[15.926582,48.2434736],[15.9265688,48.2434441]]]},"properties":{"voltage":"","name":""}},{"type":"Feature","geometry":{"type":"Polygon","coordinates":[[[16.3572245,48.1400951],[16.3573211,48.1400748],[16.357303,48.1400363],[16.3572064,48.1400565],[16.3572245,48.1400951]]]},"properties":{"voltage":"","name":""}},{"type":"Feature","geometry":{"type":"Polygon","coordinates":[[[16.3580337,48.1418668],[16.3580567,48.1419105],[16.3582169,48.1418729],[16.3581939,48.1418292],[16.3580337,48.1418668]]]},"properties":{"voltage":"","name":""}},{"type":"Feature","geometry":{"type":"Polygon","coordinates":[[[16.0004749,48.7482055],[16.0005089,48.7481981],[16.0004978,48.7481761],[16.0004638,48.7481835],[16.0004695,48.7481947],[16.0004749,48.7482055]]]},"properties":{"voltage":"20000;400","name":"TST Kleinh\u00f6flein 1"}},{"type":"Feature","geometry":{"type":"Polygon","coordinates":[[[16.378804,48.1459462],[16.3788231,48.1459827],[16.3788839,48.1459685],[16.3788649,48.1459321],[16.378804,48.1459462]]]},"properties":{"voltage":"","name":""}},{"type":"Feature","geometry":{"type":"Polygon","coordinates":[[[16.3415801,48.1458819],[16.3415244,48.145752],[16.3414683,48.1457627],[16.3415241,48.1458926],[16.3415801,48.1458819]]]},"properties":{"voltage":"","name":""}},{"type":"Feature","geometry":{"type":"Polygon","coordinates":[[[16.1959884,48.3257121],[16.1960421,48.3256952],[16.1960179,48.3256615],[16.1959643,48.3256784],[16.1959884,48.3257121]]]},"properties":{"voltage":"","name":"TST St.Andr\u00e4 Siedlung 2"}},{"type":"Feature","geometry":{"type":"Polygon","coordinates":[[[16.2813525,48.1212985],[16.2814197,48.1213169],[16.2814396,48.1212844],[16.2813724,48.1212661],[16.2813525,48.1212985]]]},"properties":{"voltage":"","name":""}},{"type":"Feature","geometry":{"type":"Polygon","coordinates":[[[15.2900561,48.0348661],[15.2900553,48.0348363],[15.2900143,48.0348368],[15.2900145,48.034847],[15.290015,48.0348666],[15.2900561,48.0348661]]]},"properties":{"voltage":"","name":""}},{"type":"Feature","geometry":{"type":"Polygon","coordinates":[[[15.2481802,48.0355335],[15.2481818,48.035521],[15.2481839,48.0355045],[15.2482263,48.0355069],[15.2482226,48.035536],[15.2481991,48.0355346],[15.2481898,48.0355341],[15.2481802,48.0355335]]]},"properties":{"voltage":"","name":""}},{"type":"Feature","geometry":{"type":"Polygon","coordinates":[[[15.206446,48.0306923],[15.206408,48.03068],[15.2063885,48.0307067],[15.2064029,48.0307114],[15.2064265,48.0307191],[15.206446,48.0306923]]]},"properties":{"voltage":"","name":""}},{"type":"Feature","geometry":{"type":"Polygon","coordinates":[[[16.2076287,48.3306747],[16.2074627,48.3307483],[16.2072971,48.3308823],[16.2075412,48.330996],[16.2077748,48.3307888],[16.2076287,48.3306747]]]},"properties":{"voltage":"","name":"SST W\u00f6rdern"}},{"type":"Feature","geometry":{"type":"Polygon","coordinates":[[[16.2940332,48.0950232],[16.2940006,48.0950534],[16.2940525,48.0950785],[16.2940852,48.0950483],[16.2940332,48.0950232]]]},"properties":{"voltage":"20000;400","name":""}},{"type":"Feature","geometry":{"type":"Polygon","coordinates":[[[16.6275451,48.9356401],[16.627511,48.9356454],[16.627519,48.935668],[16.6275535,48.9356626],[16.6275486,48.9356496],[16.6275451,48.9356401]]]},"properties":{"voltage":"22000;400","name":"St\u0159ed"}},{"type":"Feature","geometry":{"type":"Polygon","coordinates":[[[15.8144463,48.8942563],[15.8144587,48.8942621],[15.8144823,48.894273],[15.8144956,48.8942608],[15.8145084,48.894249],[15.8144773,48.8942353],[15.8144711,48.8942328],[15.8144463,48.8942563]]]},"properties":{"voltage":"","name":""}},{"type":"Feature","geometry":{"type":"Polygon","coordinates":[[[15.7808852,48.8869534],[15.7808485,48.8869531],[15.7808483,48.8869655],[15.780848,48.8869779],[15.7808853,48.8869776],[15.7808852,48.8869534]]]},"properties":{"voltage":"","name":""}},{"type":"Feature","geometry":{"type":"Polygon","coordinates":[[[16.2931369,48.1143205],[16.2931357,48.1143592],[16.2930154,48.1143576],[16.2930166,48.1143189],[16.2931369,48.1143205]]]},"properties":{"voltage":"20000;400","name":""}},{"type":"Feature","geometry":{"type":"Polygon","coordinates":[[[16.2969029,48.1145719],[16.2967649,48.1145607],[16.2967719,48.114522],[16.29691,48.1145332],[16.2969029,48.1145719]]]},"properties":{"voltage":"20000;400","name":""}},{"type":"Feature","geometry":{"type":"Polygon","coordinates":[[[16.221217,48.080547],[16.2212259,48.0805121],[16.2213099,48.0805217],[16.221301,48.0805565],[16.221217,48.080547]]]},"properties":{"voltage":"20000;400","name":""}},{"type":"Feature","geometry":{"type":"Polygon","coordinates":[[[16.2282503,48.0779202],[16.2282477,48.0778915],[16.2283161,48.0778887],[16.2283186,48.0779174],[16.2282503,48.0779202]]]},"properties":{"voltage":"20000;400","name":""}},{"type":"Feature","geometry":{"type":"Polygon","coordinates":[[[16.2355191,48.0808171],[16.2355636,48.0808244],[16.2355847,48.0807715],[16.2355399,48.0807639],[16.2355191,48.0808171]]]},"properties":{"voltage":"20000;400","name":""}},{"type":"Feature","geometry":{"type":"Polygon","coordinates":[[[16.2415414,48.0848033],[16.2415196,48.0847558],[16.2415753,48.0847445],[16.2415971,48.084792],[16.2415414,48.0848033]]]},"properties":{"voltage":"20000;400","name":""}},{"type":"Feature","geometry":{"type":"Polygon","coordinates":[[[16.2320388,48.0725538],[16.2320949,48.0725636],[16.2321122,48.0725191],[16.2320561,48.0725093],[16.2320388,48.0725538]]]},"properties":{"voltage":"20000;400","name":""}},{"type":"Feature","geometry":{"type":"Polygon","coordinates":[[[16.2526073,48.0882688],[16.2526075,48.0882443],[16.2526567,48.0882446],[16.2526565,48.088269],[16.2526073,48.0882688]]]},"properties":{"voltage":"20000;400","name":""}},{"type":"Feature","geometry":{"type":"Polygon","coordinates":[[[16.2837039,48.1142226],[16.2837701,48.1142213],[16.2837683,48.1141829],[16.2837021,48.1141843],[16.2837039,48.1142226]]]},"properties":{"voltage":"","name":""}},{"type":"Feature","geometry":{"type":"Polygon","coordinates":[[[16.2842608,48.1091953],[16.2841621,48.1092187],[16.2841791,48.1092506],[16.2842778,48.1092272],[16.2842608,48.1091953]]]},"properties":{"voltage":"","name":""}},{"type":"Feature","geometry":{"type":"Polygon","coordinates":[[[16.283363,48.1109234],[16.2833251,48.110925],[16.2832819,48.1109269],[16.2832861,48.1109707],[16.2833672,48.1109672],[16.283363,48.1109234]]]},"properties":{"voltage":"20000;400","name":""}},{"type":"Feature","geometry":{"type":"Polygon","coordinates":[[[16.1900568,48.0716505],[16.1900561,48.0716068],[16.1901113,48.0716064],[16.190112,48.0716501],[16.1900568,48.0716505]]]},"properties":{"voltage":"20000;400","name":""}},{"type":"Feature","geometry":{"type":"Polygon","coordinates":[[[16.1846149,48.0753152],[16.1846067,48.0752924],[16.1846669,48.0752827],[16.1846751,48.0753056],[16.1846149,48.0753152]]]},"properties":{"voltage":"20000;400","name":""}},{"type":"Feature","geometry":{"type":"Polygon","coordinates":[[[16.2395444,48.0880867],[16.2395642,48.0880412],[16.2396425,48.0880564],[16.2396228,48.0881019],[16.2395444,48.0880867]]]},"properties":{"voltage":"20000;400","name":""}},{"type":"Feature","geometry":{"type":"Polygon","coordinates":[[[16.2504825,48.0924855],[16.2505485,48.092467],[16.2505692,48.0925001],[16.2505033,48.0925185],[16.2504825,48.0924855]]]},"properties":{"voltage":"20000;400","name":""}},{"type":"Feature","geometry":{"type":"Polygon","coordinates":[[[16.2441502,48.0895944],[16.2441784,48.0895495],[16.2442131,48.0895592],[16.2441849,48.0896041],[16.2441502,48.0895944]]]},"properties":{"voltage":"20000;400","name":""}},{"type":"Feature","geometry":{"type":"Polygon","coordinates":[[[16.2455038,48.0863041],[16.2455499,48.0863139],[16.2455752,48.0862609],[16.2455291,48.0862511],[16.2455038,48.0863041]]]},"properties":{"voltage":"20000;400","name":""}},{"type":"Feature","geometry":{"type":"Polygon","coordinates":[[[16.3071017,48.1011964],[16.3070954,48.1012192],[16.3071596,48.1012271],[16.3071659,48.1012044],[16.3071017,48.1011964]]]},"properties":{"voltage":"20000;400","name":""}},{"type":"Feature","geometry":{"type":"Polygon","coordinates":[[[16.2897351,48.027863],[16.289767,48.0278937],[16.2898333,48.0278629],[16.2898014,48.0278322],[16.2897351,48.027863]]]},"properties":{"voltage":"20000;400","name":""}},{"type":"Feature","geometry":{"type":"Polygon","coordinates":[[[16.6019739,48.083255],[16.6020949,48.0830673],[16.6020111,48.0830432],[16.6020061,48.0830418],[16.6019286,48.0830195],[16.6018076,48.0832071],[16.6018851,48.0832294],[16.6018995,48.0832336],[16.6019739,48.083255]]]},"properties":{"voltage":"","name":""}},{"type":"Feature","geometry":{"type":"Polygon","coordinates":[[[15.6132404,48.1113786],[15.6129721,48.110878],[15.6128794,48.1107034],[15.6127903,48.1105358],[15.613338,48.1103971],[15.6137986,48.1112374],[15.6132404,48.1113786]]]},"properties":{"voltage":"110000","name":"Umspannwerk Wilhelmsburg"}},{"type":"Feature","geometry":{"type":"Polygon","coordinates":[[[15.50952,48.1596874],[15.5095741,48.1596861],[15.5095729,48.1596638],[15.5095188,48.1596651],[15.50952,48.1596874]]]},"properties":{"voltage":"","name":""}},{"type":"Feature","geometry":{"type":"Polygon","coordinates":[[[16.278094,48.1411551],[16.2781495,48.1411454],[16.2781328,48.1411029],[16.2780773,48.1411126],[16.278094,48.1411551]]]},"properties":{"voltage":"","name":""}},{"type":"Feature","geometry":{"type":"Polygon","coordinates":[[[16.253505,48.1213208],[16.2535713,48.1213155],[16.2535645,48.1212772],[16.2534981,48.1212824],[16.253505,48.1213208]]]},"properties":{"voltage":"","name":""}},{"type":"Feature","geometry":{"type":"Polygon","coordinates":[[[16.3004095,48.0219266],[16.3004212,48.0219024],[16.3003551,48.0218881],[16.3003433,48.0219123],[16.3004095,48.0219266]]]},"properties":{"voltage":"20000;400","name":""}},{"type":"Feature","geometry":{"type":"Polygon","coordinates":[[[15.0147098,48.8770054],[15.014697,48.8769822],[15.0147349,48.8769732],[15.0147477,48.8769964],[15.0147098,48.8770054]]]},"properties":{"voltage":"","name":""}},{"type":"Feature","geometry":{"type":"Polygon","coordinates":[[[16.2545732,48.1234066],[16.254565,48.1234372],[16.2545041,48.1234298],[16.2545124,48.1233993],[16.2545732,48.1234066]]]},"properties":{"voltage":"","name":""}},{"type":"Feature","geometry":{"type":"Polygon","coordinates":[[[15.1568129,48.5986483],[15.1568342,48.5986267],[15.1568834,48.5986478],[15.1568621,48.5986695],[15.1568129,48.5986483]]]},"properties":{"voltage":"","name":""}},{"type":"Feature","geometry":{"type":"Polygon","coordinates":[[[16.0494871,48.697921],[16.0504092,48.6980138],[16.0506097,48.6970779],[16.050261,48.6968651],[16.0497294,48.6969061],[16.0494871,48.697921]]]},"properties":{"voltage":"110000","name":"Umspannwerk Peigarten"}},{"type":"Feature","geometry":{"type":"Polygon","coordinates":[[[16.2933677,48.0374141],[16.2934699,48.0374827],[16.293341,48.0375686],[16.2932388,48.0375],[16.2933677,48.0374141]]]},"properties":{"voltage":"","name":"Schaltanlage Gumpoldskirchen"}},{"type":"Feature","geometry":{"type":"Polygon","coordinates":[[[16.2705576,48.1071417],[16.2705547,48.1071675],[16.2706222,48.107171],[16.2706252,48.1071451],[16.2705576,48.1071417]]]},"properties":{"voltage":"","name":""}},{"type":"Feature","geometry":{"type":"Polygon","coordinates":[[[16.3218443,48.1328844],[16.3218568,48.1329071],[16.3219203,48.1328915],[16.3219079,48.1328688],[16.3218443,48.1328844]]]},"properties":{"voltage":"20000","name":""}},{"type":"Feature","geometry":{"type":"Polygon","coordinates":[[[16.3164917,48.1181981],[16.3164509,48.1182302],[16.3165192,48.1182703],[16.31656,48.1182382],[16.3164917,48.1181981]]]},"properties":{"voltage":"20000;400","name":""}},{"type":"Feature","geometry":{"type":"Polygon","coordinates":[[[16.3153631,48.119658],[16.315366,48.119696],[16.3154305,48.1196938],[16.3154277,48.1196558],[16.3153631,48.119658]]]},"properties":{"voltage":"20000;400","name":""}},{"type":"Feature","geometry":{"type":"Polygon","coordinates":[[[16.2540919,48.1457767],[16.2541837,48.1457549],[16.2541662,48.1457221],[16.2540744,48.1457439],[16.2540919,48.1457767]]]},"properties":{"voltage":"","name":""}},{"type":"Feature","geometry":{"type":"Polygon","coordinates":[[[16.285128,48.1192725],[16.285201,48.1192807],[16.2852114,48.1192398],[16.2851385,48.1192315],[16.285128,48.1192725]]]},"properties":{"voltage":"20000","name":""}},{"type":"Feature","geometry":{"type":"Polygon","coordinates":[[[16.3040951,48.1220861],[16.3040526,48.1220527],[16.3039965,48.1220844],[16.3040389,48.1221179],[16.3040951,48.1220861]]]},"properties":{"voltage":"20000;400","name":""}},{"type":"Feature","geometry":{"type":"Polygon","coordinates":[[[16.4391432,48.1911263],[16.439093,48.1911097],[16.4391366,48.1910513],[16.4391867,48.191068],[16.4391432,48.1911263]]]},"properties":{"voltage":"","name":""}},{"type":"Feature","geometry":{"type":"Polygon","coordinates":[[[15.7570204,48.3571983],[15.7576404,48.357075],[15.7575964,48.3569466],[15.757525,48.3567644],[15.7575092,48.3567671],[15.757497,48.3567362],[15.7574182,48.3567498],[15.7574143,48.3567398],[15.7573768,48.3567463],[15.7573701,48.3567293],[15.7568817,48.3568663],[15.7570204,48.3571983]]]},"properties":{"voltage":"110000;20000","name":"Umspannwerk Stollhofen"}},{"type":"Feature","geometry":{"type":"Polygon","coordinates":[[[16.2745178,48.1035566],[16.274465,48.1035563],[16.2744644,48.1035977],[16.2745172,48.103598],[16.2745178,48.1035566]]]},"properties":{"voltage":"","name":""}},{"type":"Feature","geometry":{"type":"Polygon","coordinates":[[[16.5342651,48.2157231],[16.5343297,48.2157072],[16.5343059,48.2156641],[16.5342412,48.21568],[16.5342651,48.2157231]]]},"properties":{"voltage":"","name":""}},{"type":"Feature","geometry":{"type":"Polygon","coordinates":[[[16.3761934,48.2719326],[16.3761733,48.2719281],[16.376185,48.2719051],[16.3762051,48.2719096],[16.3761934,48.2719326]]]},"properties":{"voltage":"","name":""}},{"type":"Feature","geometry":{"type":"Polygon","coordinates":[[[16.4640389,48.2149178],[16.4640879,48.2148987],[16.464055,48.2148623],[16.4640081,48.2148805],[16.4640389,48.2149178]]]},"properties":{"voltage":"","name":""}},{"type":"Feature","geometry":{"type":"Polygon","coordinates":[[[16.5013789,48.2546201],[16.5014649,48.2545983],[16.5014563,48.2545835],[16.5014563,48.2545464],[16.501356,48.254548],[16.5013585,48.2545847],[16.5013789,48.2546201]]]},"properties":{"voltage":"","name":""}},{"type":"Feature","geometry":{"type":"Polygon","coordinates":[[[16.4846387,48.2848941],[16.4846354,48.2848627],[16.4847252,48.2848586],[16.4847284,48.28489],[16.4846387,48.2848941]]]},"properties":{"voltage":"","name":""}},{"type":"Feature","geometry":{"type":"Polygon","coordinates":[[[16.2571461,48.1163516],[16.2573412,48.1163887],[16.2573542,48.1163584],[16.2571591,48.1163213],[16.2571461,48.1163516]]]},"properties":{"voltage":"20000","name":""}},{"type":"Feature","geometry":{"type":"Polygon","coordinates":[[[16.2599912,48.1667908],[16.2599856,48.1667544],[16.2600699,48.1667487],[16.2600754,48.1667851],[16.2599912,48.1667908]]]},"properties":{"voltage":"","name":""}},{"type":"Feature","geometry":{"type":"Polygon","coordinates":[[[15.4188223,48.0435024],[15.4188541,48.0435224],[15.4188753,48.0435086],[15.4188432,48.0434886],[15.4188223,48.0435024]]]},"properties":{"voltage":"","name":"TST Gaisberg"}},{"type":"Feature","geometry":{"type":"Polygon","coordinates":[[[16.2810392,48.1367584],[16.2810238,48.1367449],[16.2809789,48.1367055],[16.2809437,48.1367234],[16.2809218,48.1367345],[16.280982,48.1367874],[16.2810392,48.1367584]]]},"properties":{"voltage":"","name":""}},{"type":"Feature","geometry":{"type":"Polygon","coordinates":[[[15.339694,48.3638059],[15.3396725,48.3637871],[15.3397031,48.3637716],[15.3397246,48.3637904],[15.339694,48.3638059]]]},"properties":{"voltage":"","name":""}},{"type":"Feature","geometry":{"type":"Polygon","coordinates":[[[16.3280617,48.1746382],[16.3280537,48.1746109],[16.328045,48.174581],[16.328044,48.1745777],[16.3281309,48.1745663],[16.3281341,48.1745772],[16.3281422,48.1746046],[16.3281237,48.174607],[16.3281278,48.174621],[16.3281302,48.1746292],[16.3280617,48.1746382]]]},"properties":{"voltage":"","name":""}},{"type":"Feature","geometry":{"type":"Polygon","coordinates":[[[16.3165198,48.1749126],[16.3164768,48.174867],[16.3165323,48.1748437],[16.3165527,48.1748653],[16.3165753,48.1748894],[16.3165198,48.1749126]]]},"properties":{"voltage":"","name":""}},{"type":"Feature","geometry":{"type":"Polygon","coordinates":[[[16.3110708,48.162037],[16.3111331,48.1620506],[16.3111509,48.1620142],[16.3110887,48.1620006],[16.3110708,48.162037]]]},"properties":{"voltage":"","name":""}},{"type":"Feature","geometry":{"type":"Polygon","coordinates":[[[16.4614167,48.1791767],[16.4614594,48.1791405],[16.4615044,48.1791644],[16.4614617,48.179199],[16.4614167,48.1791767]]]},"properties":{"voltage":"","name":""}},{"type":"Feature","geometry":{"type":"Polygon","coordinates":[[[16.4237291,48.4310025],[16.4237598,48.4309866],[16.423784,48.4310071],[16.4237533,48.431023],[16.4237291,48.4310025]]]},"properties":{"voltage":"","name":""}},{"type":"Feature","geometry":{"type":"Polygon","coordinates":[[[16.3928672,48.7580512],[16.3928271,48.7579296],[16.3927626,48.7579382],[16.3928028,48.7580599],[16.3928238,48.7580571],[16.3928672,48.7580512]]]},"properties":{"voltage":"","name":""}},{"type":"Feature","geometry":{"type":"Polygon","coordinates":[[[16.3795308,48.2868952],[16.3794793,48.2869363],[16.3794326,48.2869105],[16.3794841,48.2868693],[16.3795308,48.2868952]]]},"properties":{"voltage":"","name":""}},{"type":"Feature","geometry":{"type":"Polygon","coordinates":[[[16.303581,48.1141434],[16.3035832,48.1142162],[16.3036376,48.1142155],[16.3036354,48.1141427],[16.303581,48.1141434]]]},"properties":{"voltage":"20000;400","name":""}},{"type":"Feature","geometry":{"type":"Polygon","coordinates":[[[16.2669774,48.8257197],[16.2669411,48.8257203],[16.2669499,48.8259025],[16.2670102,48.8259014],[16.2670801,48.8259003],[16.2670745,48.8257714],[16.2670361,48.8257727],[16.2670341,48.8257183],[16.2669774,48.8257197]]]},"properties":{"voltage":"","name":""}},{"type":"Feature","geometry":{"type":"Polygon","coordinates":[[[16.2451113,48.9031629],[16.245146,48.9031476],[16.2451228,48.9031247],[16.2451062,48.9031326],[16.2450891,48.9031407],[16.2451113,48.9031629]]]},"properties":{"voltage":"","name":""}},{"type":"Feature","geometry":{"type":"Polygon","coordinates":[[[16.2916594,48.1056367],[16.2916628,48.1057058],[16.2917288,48.1057044],[16.2917255,48.1056353],[16.2916594,48.1056367]]]},"properties":{"voltage":"20000;400","name":""}},{"type":"Feature","geometry":{"type":"Polygon","coordinates":[[[17.1076981,48.8548784],[17.1078047,48.8549117],[17.1078488,48.8548519],[17.1077411,48.8548184],[17.1076981,48.8548784]]]},"properties":{"voltage":"","name":""}},{"type":"Feature","geometry":{"type":"Polygon","coordinates":[[[17.1074245,48.8566398],[17.1074691,48.8565831],[17.1073917,48.8565573],[17.1073476,48.8566134],[17.1074245,48.8566398]]]},"properties":{"voltage":"","name":""}},{"type":"Feature","geometry":{"type":"Polygon","coordinates":[[[16.4166796,48.6137013],[16.4167219,48.6137036],[16.4167237,48.6136891],[16.4167255,48.6136752],[16.4166832,48.6136729],[16.4166796,48.6137013]]]},"properties":{"voltage":"","name":""}},{"type":"Feature","geometry":{"type":"Polygon","coordinates":[[[16.7998614,48.2232463],[16.7987281,48.2230888],[16.7988121,48.2228239],[16.7998879,48.2224589],[16.8000889,48.2225457],[16.7998614,48.2232463]]]},"properties":{"voltage":"110000","name":"Umspannwerk Lassee"}},{"type":"Feature","geometry":{"type":"Polygon","coordinates":[[[16.288294,48.3463447],[16.2883723,48.3463041],[16.2883391,48.3462758],[16.2882608,48.3463164],[16.288294,48.3463447]]]},"properties":{"voltage":"","name":""}},{"type":"Feature","geometry":{"type":"Polygon","coordinates":[[[16.2977244,48.3371916],[16.2978025,48.33723],[16.2977618,48.3372785],[16.2976881,48.3372627],[16.2977244,48.3371916]]]},"properties":{"voltage":"10000","name":""}},{"type":"Feature","geometry":{"type":"Polygon","coordinates":[[[16.207117,48.3231915],[16.2071482,48.3232015],[16.2071743,48.3231654],[16.2071431,48.3231554],[16.207117,48.3231915]]]},"properties":{"voltage":"","name":"TST St. Andr\u00e4 Lehnergasse"}},{"type":"Feature","geometry":{"type":"Polygon","coordinates":[[[16.2625149,48.2113287],[16.262562,48.2113177],[16.2625539,48.2113065],[16.2625982,48.2112947],[16.2625787,48.2112616],[16.2624904,48.2112873],[16.2625149,48.2113287]]]},"properties":{"voltage":"","name":""}},{"type":"Feature","geometry":{"type":"Polygon","coordinates":[[[16.2879592,48.1942817],[16.2879992,48.1942831],[16.2880031,48.1942303],[16.2879631,48.194229],[16.2879592,48.1942817]]]},"properties":{"voltage":"","name":""}},{"type":"Feature","geometry":{"type":"Polygon","coordinates":[[[16.2801053,48.1447638],[16.2801621,48.1447591],[16.2802462,48.1447522],[16.280237,48.1447026],[16.2800962,48.1447142],[16.2801053,48.1447638]]]},"properties":{"voltage":"","name":""}},{"type":"Feature","geometry":{"type":"Polygon","coordinates":[[[15.0657392,48.6047299],[15.0657547,48.604704],[15.065714,48.6046933],[15.0656985,48.6047192],[15.0657392,48.6047299]]]},"properties":{"voltage":"","name":""}},{"type":"Feature","geometry":{"type":"Polygon","coordinates":[[[16.3531441,48.0801804],[16.3531484,48.0802083],[16.353189,48.0802056],[16.3531847,48.0801777],[16.3531441,48.0801804]]]},"properties":{"voltage":"20000;400","name":""}},{"type":"Feature","geometry":{"type":"Polygon","coordinates":[[[16.3616249,48.0826525],[16.3615582,48.0826592],[16.3615673,48.0826998],[16.361634,48.0826931],[16.3616249,48.0826525]]]},"properties":{"voltage":"20000;400","name":""}},{"type":"Feature","geometry":{"type":"Polygon","coordinates":[[[16.2552196,48.0864392],[16.2551944,48.0864878],[16.2552568,48.0865023],[16.255282,48.0864536],[16.2552196,48.0864392]]]},"properties":{"voltage":"20000;400","name":""}},{"type":"Feature","geometry":{"type":"Polygon","coordinates":[[[17.1250486,48.8553317],[17.1251413,48.8553589],[17.1251911,48.8552876],[17.1250987,48.8552596],[17.1250486,48.8553317]]]},"properties":{"voltage":"","name":""}},{"type":"Feature","geometry":{"type":"Polygon","coordinates":[[[16.4188641,48.2849227],[16.4188541,48.2849097],[16.4188381,48.2848781],[16.4189059,48.2848604],[16.4189305,48.284904],[16.4188641,48.2849227]]]},"properties":{"voltage":"","name":""}},{"type":"Feature","geometry":{"type":"Polygon","coordinates":[[[16.7697561,48.5456574],[16.7698358,48.5456577],[16.7698361,48.5456231],[16.7697563,48.5456228],[16.7697561,48.5456574]]]},"properties":{"voltage":"","name":""}},{"type":"Feature","geometry":{"type":"Polygon","coordinates":[[[16.3604746,48.8416987],[16.3604926,48.8417006],[16.3605107,48.8417025],[16.3605165,48.8416787],[16.3604979,48.8416767],[16.3604804,48.8416749],[16.3604746,48.8416987]]]},"properties":{"voltage":"","name":""}},{"type":"Feature","geometry":{"type":"Polygon","coordinates":[[[16.3985715,48.2171573],[16.398606,48.217156],[16.3986024,48.2171128],[16.3985678,48.217114],[16.3985715,48.2171573]]]},"properties":{"voltage":"","name":""}},{"type":"Feature","geometry":{"type":"Polygon","coordinates":[[[16.3963298,48.2165195],[16.3963228,48.2164763],[16.3963761,48.2164722],[16.3963877,48.2165144],[16.3963298,48.2165195]]]},"properties":{"voltage":"","name":""}},{"type":"Feature","geometry":{"type":"Polygon","coordinates":[[[16.2584995,48.090664],[16.2583962,48.0906566],[16.2583884,48.0907051],[16.2584917,48.0907125],[16.2584995,48.090664]]]},"properties":{"voltage":"20000","name":""}},{"type":"Feature","geometry":{"type":"Polygon","coordinates":[[[16.2379436,48.2404704],[16.2379654,48.2404911],[16.2380258,48.2404628],[16.238004,48.2404422],[16.2379436,48.2404704]]]},"properties":{"voltage":"","name":""}},{"type":"Feature","geometry":{"type":"Polygon","coordinates":[[[15.5976527,48.366682],[15.5976945,48.3666801],[15.5976915,48.3666511],[15.5976496,48.366653],[15.5976527,48.366682]]]},"properties":{"voltage":"","name":""}},{"type":"Feature","geometry":{"type":"Polygon","coordinates":[[[16.3744279,48.9697274],[16.3744478,48.9697288],[16.3744632,48.9697299],[16.3744676,48.9697069],[16.3744325,48.9697042],[16.3744279,48.9697274]]]},"properties":{"voltage":"","name":""}},{"type":"Feature","geometry":{"type":"Polygon","coordinates":[[[16.2780994,48.0977439],[16.2780656,48.0977451],[16.2780692,48.0977902],[16.278103,48.097789],[16.2780994,48.0977439]]]},"properties":{"voltage":"20000;400","name":""}},{"type":"Feature","geometry":{"type":"Polygon","coordinates":[[[16.321431,48.0790655],[16.3213553,48.0790731],[16.3213687,48.0791325],[16.3214443,48.0791249],[16.321431,48.0790655]]]},"properties":{"voltage":"20000;400","name":""}},{"type":"Feature","geometry":{"type":"Polygon","coordinates":[[[16.2680563,48.0979809],[16.2680913,48.0980114],[16.2681432,48.0979848],[16.2681081,48.0979543],[16.2680563,48.0979809]]]},"properties":{"voltage":"20000","name":""}},{"type":"Feature","geometry":{"type":"Polygon","coordinates":[[[15.7965479,48.3328135],[15.7965726,48.3327939],[15.7965457,48.3327789],[15.796521,48.3327985],[15.7965479,48.3328135]]]},"properties":{"voltage":"","name":""}},{"type":"Feature","geometry":{"type":"Polygon","coordinates":[[[16.4674651,48.2127703],[16.4675099,48.2127628],[16.4674987,48.2127297],[16.4674534,48.2127372],[16.4674651,48.2127703]]]},"properties":{"voltage":"","name":""}},{"type":"Feature","geometry":{"type":"Polygon","coordinates":[[[16.285263,48.0060894],[16.2852599,48.006061],[16.2852289,48.0060625],[16.285232,48.0060908],[16.285263,48.0060894]]]},"properties":{"voltage":"20000","name":""}},{"type":"Feature","geometry":{"type":"Polygon","coordinates":[[[16.2885569,48.0058244],[16.2885158,48.0058579],[16.2884974,48.0058729],[16.2885378,48.0058951],[16.2885973,48.0058467],[16.2885766,48.0058353],[16.2885569,48.0058244]]]},"properties":{"voltage":"","name":""}},{"type":"Feature","geometry":{"type":"Polygon","coordinates":[[[16.2835765,48.0819374],[16.2835496,48.0819624],[16.2835765,48.0819753],[16.2836034,48.0819503],[16.2835765,48.0819374]]]},"properties":{"voltage":"20000;400","name":""}},{"type":"Feature","geometry":{"type":"Polygon","coordinates":[[[17.1415886,48.2274568],[17.1416992,48.2275127],[17.1417822,48.22744],[17.1416716,48.227384],[17.1415886,48.2274568]]]},"properties":{"voltage":"","name":"TS 703"}},{"type":"Feature","geometry":{"type":"Polygon","coordinates":[[[16.3890173,48.0808399],[16.3890204,48.0808606],[16.3890659,48.0808576],[16.3890629,48.0808369],[16.3890173,48.0808399]]]},"properties":{"voltage":"20000;400","name":""}},{"type":"Feature","geometry":{"type":"Polygon","coordinates":[[[16.3470467,48.1465713],[16.3471105,48.1465592],[16.3470944,48.1465189],[16.3470317,48.146531],[16.3470467,48.1465713]]]},"properties":{"voltage":"","name":""}},{"type":"Feature","geometry":{"type":"Polygon","coordinates":[[[15.6196523,48.4204397],[15.6196669,48.420414],[15.6196911,48.4204201],[15.6196764,48.4204458],[15.6196523,48.4204397]]]},"properties":{"voltage":"","name":""}},{"type":"Feature","geometry":{"type":"Polygon","coordinates":[[[16.3466056,48.1455633],[16.3465713,48.1455706],[16.3465918,48.1456137],[16.3466261,48.1456064],[16.3466056,48.1455633]]]},"properties":{"voltage":"","name":""}},{"type":"Feature","geometry":{"type":"Polygon","coordinates":[[[16.2994496,48.0827906],[16.2994447,48.0828267],[16.2995461,48.0828328],[16.2995489,48.0828144],[16.2995511,48.0827967],[16.299515,48.0827947],[16.2994496,48.0827906]]]},"properties":{"voltage":"20000;400","name":""}},{"type":"Feature","geometry":{"type":"Polygon","coordinates":[[[16.2676961,48.0028565],[16.2676869,48.0028188],[16.2676595,48.0028218],[16.2676297,48.002825],[16.2676389,48.0028628],[16.2676961,48.0028565]]]},"properties":{"voltage":"","name":""}},{"type":"Feature","geometry":{"type":"Polygon","coordinates":[[[16.2732106,48.0030584],[16.2731715,48.0030866],[16.2732191,48.0031161],[16.2732582,48.0030878],[16.2732106,48.0030584]]]},"properties":{"voltage":"","name":""}},{"type":"Feature","geometry":{"type":"Polygon","coordinates":[[[17.0876395,48.9274677],[17.0877108,48.9275068],[17.0877452,48.9274795],[17.0876929,48.9274512],[17.0876734,48.9274407],[17.0876395,48.9274677]]]},"properties":{"voltage":"","name":""}},{"type":"Feature","geometry":{"type":"Polygon","coordinates":[[[16.3267732,48.128833],[16.3267189,48.1288454],[16.3267405,48.1288874],[16.3267948,48.128875],[16.3267732,48.128833]]]},"properties":{"voltage":"20000;400","name":""}},{"type":"Feature","geometry":{"type":"Polygon","coordinates":[[[16.3526426,48.0586135],[16.3525916,48.0586184],[16.3525957,48.0586374],[16.3525993,48.0586539],[16.3526504,48.0586489],[16.3526426,48.0586135]]]},"properties":{"voltage":"20000;400","name":""}},{"type":"Feature","geometry":{"type":"Polygon","coordinates":[[[16.5310998,48.2247853],[16.5310966,48.2247466],[16.5310304,48.2247491],[16.5310336,48.2247877],[16.5310998,48.2247853]]]},"properties":{"voltage":"","name":""}},{"type":"Feature","geometry":{"type":"Polygon","coordinates":[[[16.2927491,48.0791663],[16.2926966,48.0791572],[16.2926805,48.0791983],[16.2927331,48.0792074],[16.2927491,48.0791663]]]},"properties":{"voltage":"20000","name":""}},{"type":"Feature","geometry":{"type":"Polygon","coordinates":[[[16.2923713,48.077429],[16.2923968,48.0773777],[16.2923435,48.0773659],[16.292318,48.0774172],[16.2923713,48.077429]]]},"properties":{"voltage":"20000","name":""}},{"type":"Feature","geometry":{"type":"Polygon","coordinates":[[[16.3127791,48.1046935],[16.3126414,48.1046941],[16.3126418,48.1047442],[16.3127273,48.1047439],[16.3127795,48.1047437],[16.3127793,48.1047219],[16.3127791,48.1046935]]]},"properties":{"voltage":"20000;400","name":""}},{"type":"Feature","geometry":{"type":"Polygon","coordinates":[[[16.5299172,48.2467723],[16.5299047,48.2467285],[16.5298706,48.2467327],[16.529883,48.2467769],[16.5299172,48.2467723]]]},"properties":{"voltage":"","name":""}},{"type":"Feature","geometry":{"type":"Polygon","coordinates":[[[16.5338351,48.2526856],[16.5338182,48.252643],[16.5337619,48.2526529],[16.5337797,48.2526953],[16.5338351,48.2526856]]]},"properties":{"voltage":"","name":""}},{"type":"Feature","geometry":{"type":"Polygon","coordinates":[[[17.1079432,48.8642955],[17.10795,48.8643226],[17.1079983,48.8643175],[17.1079914,48.8642904],[17.1079432,48.8642955]]]},"properties":{"voltage":"","name":"ZOO"}},{"type":"Feature","geometry":{"type":"Polygon","coordinates":[[[16.3027147,48.0818658],[16.302766,48.0818632],[16.3027587,48.0817967],[16.3027073,48.0817992],[16.3027147,48.0818658]]]},"properties":{"voltage":"20000","name":""}},{"type":"Feature","geometry":{"type":"Polygon","coordinates":[[[16.3860678,48.1598321],[16.3860301,48.1598022],[16.3860852,48.1597713],[16.3861229,48.1598011],[16.3860678,48.1598321]]]},"properties":{"voltage":"","name":""}},{"type":"Feature","geometry":{"type":"Polygon","coordinates":[[[16.2525495,48.0037253],[16.2524767,48.003725],[16.2524761,48.0037854],[16.2525489,48.0037858],[16.2525495,48.0037253]]]},"properties":{"voltage":"20000","name":""}},{"type":"Feature","geometry":{"type":"Polygon","coordinates":[[[16.5324687,48.248223],[16.5324107,48.2482298],[16.5324225,48.2482742],[16.5324805,48.2482673],[16.5324687,48.248223]]]},"properties":{"voltage":"","name":""}},{"type":"Feature","geometry":{"type":"Polygon","coordinates":[[[16.5361622,48.2586168],[16.5361562,48.2585891],[16.5360818,48.2585962],[16.5360878,48.2586239],[16.5361622,48.2586168]]]},"properties":{"voltage":"","name":""}},{"type":"Feature","geometry":{"type":"Polygon","coordinates":[[[16.5221161,48.2310415],[16.5221144,48.2310017],[16.5220505,48.2310028],[16.5220521,48.2310427],[16.5221161,48.2310415]]]},"properties":{"voltage":"20000","name":""}},{"type":"Feature","geometry":{"type":"Polygon","coordinates":[[[16.5245239,48.233552],[16.5245073,48.233508],[16.5244426,48.2335188],[16.5244556,48.2335534],[16.5244591,48.2335629],[16.5245239,48.233552]]]},"properties":{"voltage":"20000","name":""}},{"type":"Feature","geometry":{"type":"Polygon","coordinates":[[[16.5186366,48.2253789],[16.5186326,48.2253374],[16.5185644,48.2253403],[16.5185683,48.2253818],[16.5186366,48.2253789]]]},"properties":{"voltage":"20000","name":""}},{"type":"Feature","geometry":{"type":"Polygon","coordinates":[[[16.5193802,48.2271583],[16.5193747,48.2271444],[16.5193646,48.2271187],[16.5193008,48.2271298],[16.5193017,48.2271319],[16.5193077,48.2271471],[16.5193167,48.2271696],[16.5193802,48.2271583]]]},"properties":{"voltage":"20000","name":""}},{"type":"Feature","geometry":{"type":"Polygon","coordinates":[[[16.2581311,48.0083406],[16.2580805,48.0083187],[16.2580181,48.0083832],[16.2580687,48.0084051],[16.2581311,48.0083406]]]},"properties":{"voltage":"20000","name":""}},{"type":"Feature","geometry":{"type":"Polygon","coordinates":[[[16.5162914,48.2147447],[16.5162868,48.2146927],[16.5162124,48.2146956],[16.5162169,48.2147476],[16.5162914,48.2147447]]]},"properties":{"voltage":"","name":""}},{"type":"Feature","geometry":{"type":"Polygon","coordinates":[[[16.4594271,48.2815113],[16.4594029,48.2814208],[16.4593283,48.2814296],[16.4593525,48.2815201],[16.4594271,48.2815113]]]},"properties":{"voltage":"","name":""}},{"type":"Feature","geometry":{"type":"Polygon","coordinates":[[[16.3724196,48.1388019],[16.3724466,48.1388439],[16.3725023,48.138828],[16.3724752,48.138786],[16.3724196,48.1388019]]]},"properties":{"voltage":"","name":""}},{"type":"Feature","geometry":{"type":"Polygon","coordinates":[[[16.3877849,48.2787749],[16.3877604,48.2788227],[16.3876615,48.2788023],[16.3876822,48.2787544],[16.3877849,48.2787749]]]},"properties":{"voltage":"","name":""}},{"type":"Feature","geometry":{"type":"Polygon","coordinates":[[[16.2316034,48.0035446],[16.2316094,48.003485],[16.2315501,48.0034824],[16.2315441,48.0035419],[16.2316034,48.0035446]]]},"properties":{"voltage":"20000;400","name":""}},{"type":"Feature","geometry":{"type":"Polygon","coordinates":[[[16.3840644,48.2651865],[16.3840131,48.265173],[16.3839567,48.2652682],[16.3840081,48.2652818],[16.3840215,48.265259],[16.3840644,48.2651865]]]},"properties":{"voltage":"","name":""}},{"type":"Feature","geometry":{"type":"Polygon","coordinates":[[[16.5388441,48.2148235],[16.538819,48.2147669],[16.538777,48.2147755],[16.538802,48.2148318],[16.5388441,48.2148235]]]},"properties":{"voltage":"","name":""}},{"type":"Feature","geometry":{"type":"Polygon","coordinates":[[[16.539427,48.2085532],[16.5393982,48.2085161],[16.5393402,48.2085362],[16.5393689,48.2085732],[16.539427,48.2085532]]]},"properties":{"voltage":"","name":""}},{"type":"Feature","geometry":{"type":"Polygon","coordinates":[[[16.486262,48.2054761],[16.4862395,48.2054317],[16.4861759,48.2054459],[16.4861983,48.2054903],[16.486262,48.2054761]]]},"properties":{"voltage":"","name":""}},{"type":"Feature","geometry":{"type":"Polygon","coordinates":[[[16.4611233,48.1727705],[16.4611702,48.1727552],[16.4610899,48.1726459],[16.4610253,48.172667],[16.461105,48.1727765],[16.4611233,48.1727705]]]},"properties":{"voltage":"","name":""}},{"type":"Feature","geometry":{"type":"Polygon","coordinates":[[[16.4788428,48.2346921],[16.478805,48.2346899],[16.4787617,48.2346873],[16.4787393,48.234686],[16.4787344,48.2347229],[16.4788379,48.234729],[16.4788428,48.2346921]]]},"properties":{"voltage":"","name":""}},{"type":"Feature","geometry":{"type":"Polygon","coordinates":[[[16.3095976,48.1099708],[16.3096221,48.1100249],[16.3096821,48.1100127],[16.3096576,48.1099587],[16.3095976,48.1099708]]]},"properties":{"voltage":"20000;400","name":""}},{"type":"Feature","geometry":{"type":"Polygon","coordinates":[[[16.3107623,48.1101088],[16.3107463,48.1100768],[16.3106899,48.1100894],[16.3107059,48.1101213],[16.3107623,48.1101088]]]},"properties":{"voltage":"20000;400","name":""}},{"type":"Feature","geometry":{"type":"Polygon","coordinates":[[[17.081977,48.1898314],[17.0820229,48.1897848],[17.0819281,48.1897423],[17.0818812,48.1897888],[17.081977,48.1898314]]]},"properties":{"voltage":"","name":"Ts-709"}},{"type":"Feature","geometry":{"type":"Polygon","coordinates":[[[16.4222849,48.2799878],[16.4222846,48.2799846],[16.4222815,48.2799507],[16.4222814,48.2799493],[16.4222702,48.2799497],[16.4222244,48.2799515],[16.4222154,48.2799519],[16.4222188,48.2799905],[16.4222849,48.2799878]]]},"properties":{"voltage":"","name":""}},{"type":"Feature","geometry":{"type":"Polygon","coordinates":[[[16.4188969,48.2826648],[16.41896,48.2826621],[16.4189591,48.282649],[16.4189566,48.282611],[16.4188973,48.2826133],[16.4188927,48.2826135],[16.4188969,48.2826648]]]},"properties":{"voltage":"","name":""}},{"type":"Feature","geometry":{"type":"Polygon","coordinates":[[[16.4155871,48.2814589],[16.4155846,48.2814298],[16.4155108,48.2814327],[16.4155134,48.2814618],[16.4155871,48.2814589]]]},"properties":{"voltage":"","name":""}},{"type":"Feature","geometry":{"type":"Polygon","coordinates":[[[16.4180912,48.2801254],[16.418087,48.2801256],[16.4180252,48.280128],[16.4180288,48.2801684],[16.4180948,48.2801658],[16.4180927,48.2801424],[16.4180918,48.2801326],[16.4180912,48.2801254]]]},"properties":{"voltage":"","name":""}},{"type":"Feature","geometry":{"type":"Polygon","coordinates":[[[16.3800304,48.3014821],[16.3799567,48.3014993],[16.3799807,48.3015448],[16.3800543,48.3015276],[16.3800304,48.3014821]]]},"properties":{"voltage":"","name":""}},{"type":"Feature","geometry":{"type":"Polygon","coordinates":[[[16.4030533,48.2786448],[16.4030355,48.2786008],[16.402983,48.2786102],[16.4030008,48.2786543],[16.4030533,48.2786448]]]},"properties":{"voltage":"","name":""}},{"type":"Feature","geometry":{"type":"Polygon","coordinates":[[[16.4861867,48.2567598],[16.4862141,48.2568082],[16.4862174,48.2568142],[16.4862759,48.2567997],[16.4862459,48.256745],[16.4861879,48.2567591],[16.4861867,48.2567598]]]},"properties":{"voltage":"","name":""}},{"type":"Feature","geometry":{"type":"Polygon","coordinates":[[[16.4963745,48.2412951],[16.4963576,48.2412516],[16.4963238,48.2412573],[16.4963244,48.241259],[16.4963295,48.2412719],[16.4963356,48.2412875],[16.4963406,48.2413003],[16.4963408,48.2413009],[16.4963745,48.2412951]]]},"properties":{"voltage":"","name":""}},{"type":"Feature","geometry":{"type":"Polygon","coordinates":[[[16.3329783,48.1492689],[16.3329519,48.1492321],[16.3329043,48.1492473],[16.3329307,48.1492841],[16.3329783,48.1492689]]]},"properties":{"voltage":"","name":""}},{"type":"Feature","geometry":{"type":"Polygon","coordinates":[[[16.2218842,48.1359989],[16.2217571,48.1359932],[16.2217529,48.1360328],[16.2218803,48.1360385],[16.2218842,48.1359989]]]},"properties":{"voltage":"","name":""}},{"type":"Feature","geometry":{"type":"Polygon","coordinates":[[[16.2359751,48.1371617],[16.235787,48.1371517],[16.2357721,48.137151],[16.2357716,48.1371555],[16.2357703,48.1371667],[16.2357616,48.1372378],[16.2358475,48.1372425],[16.2359645,48.1372489],[16.2359751,48.1371617]]]},"properties":{"voltage":"","name":""}},{"type":"Feature","geometry":{"type":"Polygon","coordinates":[[[16.3674356,48.1614444],[16.3673502,48.161449],[16.3673561,48.161497],[16.3674217,48.1614934],[16.3674208,48.1614855],[16.3674405,48.1614845],[16.3674356,48.1614444]]]},"properties":{"voltage":"","name":""}},{"type":"Feature","geometry":{"type":"Polygon","coordinates":[[[16.397037,48.1688499],[16.3969967,48.1688212],[16.3969389,48.1688574],[16.3969788,48.1688862],[16.397037,48.1688499]]]},"properties":{"voltage":"","name":""}},{"type":"Feature","geometry":{"type":"Polygon","coordinates":[[[16.4033106,48.1682434],[16.4032852,48.1682275],[16.4032394,48.1682603],[16.4032648,48.1682762],[16.4033106,48.1682434]]]},"properties":{"voltage":"","name":""}},{"type":"Feature","geometry":{"type":"Polygon","coordinates":[[[16.3243122,48.1411642],[16.3243115,48.1411441],[16.3243095,48.1410877],[16.3242714,48.1410884],[16.3242267,48.1410892],[16.32423,48.1411653],[16.3243122,48.1411642]]]},"properties":{"voltage":"","name":""}},{"type":"Feature","geometry":{"type":"Polygon","coordinates":[[[16.3212486,48.1360884],[16.3212399,48.1360502],[16.3211745,48.1360569],[16.3211832,48.136095],[16.3212486,48.1360884]]]},"properties":{"voltage":"","name":""}},{"type":"Feature","geometry":{"type":"Polygon","coordinates":[[[16.317743,48.133816],[16.3177375,48.1338029],[16.3176465,48.1338196],[16.3176619,48.133857],[16.3177754,48.1338362],[16.3177654,48.1338119],[16.317743,48.133816]]]},"properties":{"voltage":"","name":""}},{"type":"Feature","geometry":{"type":"Polygon","coordinates":[[[16.4434687,48.1790518],[16.4434102,48.1790649],[16.4434287,48.1791015],[16.4434872,48.1790884],[16.4434687,48.1790518]]]},"properties":{"voltage":"","name":""}},{"type":"Feature","geometry":{"type":"Polygon","coordinates":[[[16.4500602,48.1780583],[16.4499855,48.1780145],[16.4499409,48.178048],[16.4500143,48.1780923],[16.4500602,48.1780583]]]},"properties":{"voltage":"","name":""}},{"type":"Feature","geometry":{"type":"Polygon","coordinates":[[[16.5044103,48.0496273],[16.5043487,48.049509],[16.5044387,48.049489],[16.50446,48.0495309],[16.5044988,48.0496072],[16.5044103,48.0496273]]]},"properties":{"voltage":"","name":""}},{"type":"Feature","geometry":{"type":"Polygon","coordinates":[[[16.383543,48.1386254],[16.3835336,48.1387125],[16.3835981,48.1387156],[16.3836074,48.1386284],[16.383543,48.1386254]]]},"properties":{"voltage":"","name":""}},{"type":"Feature","geometry":{"type":"Polygon","coordinates":[[[16.4021867,48.1352819],[16.4021459,48.1352853],[16.4021555,48.1353372],[16.4021967,48.1353338],[16.4021867,48.1352819]]]},"properties":{"voltage":"","name":""}},{"type":"Feature","geometry":{"type":"Polygon","coordinates":[[[16.399495,48.1370845],[16.399544,48.1370802],[16.3995356,48.1370366],[16.3995027,48.1370394],[16.3994786,48.1370415],[16.399487,48.1370852],[16.399495,48.1370845]]]},"properties":{"voltage":"","name":""}},{"type":"Feature","geometry":{"type":"Polygon","coordinates":[[[16.3927901,48.1392866],[16.3927885,48.1392847],[16.3927616,48.1392531],[16.3927355,48.1392631],[16.392754,48.1392854],[16.3927634,48.1392968],[16.3927901,48.1392866]]]},"properties":{"voltage":"","name":""}},{"type":"Feature","geometry":{"type":"Polygon","coordinates":[[[16.3595456,48.1450088],[16.35949,48.1449056],[16.3594236,48.1449216],[16.3594793,48.1450247],[16.3595456,48.1450088]]]},"properties":{"voltage":"","name":""}},{"type":"Feature","geometry":{"type":"Polygon","coordinates":[[[16.5131902,48.166974],[16.5132478,48.1670245],[16.5133265,48.1669845],[16.5132688,48.166934],[16.5131902,48.166974]]]},"properties":{"voltage":"","name":""}},{"type":"Feature","geometry":{"type":"Polygon","coordinates":[[[16.4927097,48.2325375],[16.4927002,48.2325164],[16.4926905,48.2324952],[16.4926343,48.2325065],[16.4926436,48.2325277],[16.4926529,48.2325489],[16.4927097,48.2325375]]]},"properties":{"voltage":"","name":""}},{"type":"Feature","geometry":{"type":"Polygon","coordinates":[[[16.4434428,48.1627947],[16.4435189,48.1627754],[16.4434923,48.1627287],[16.4434161,48.162748],[16.4434428,48.1627947]]]},"properties":{"voltage":"","name":""}},{"type":"Feature","geometry":{"type":"Polygon","coordinates":[[[16.2897261,48.2224496],[16.289746,48.2224317],[16.2897117,48.2224148],[16.2896918,48.2224326],[16.2897261,48.2224496]]]},"properties":{"voltage":"","name":""}},{"type":"Feature","geometry":{"type":"Polygon","coordinates":[[[16.2921206,48.1541143],[16.2921177,48.1540779],[16.2920393,48.1540808],[16.2920423,48.1541171],[16.2921206,48.1541143]]]},"properties":{"voltage":"","name":""}},{"type":"Feature","geometry":{"type":"Polygon","coordinates":[[[16.4929735,48.2170769],[16.4929225,48.2170833],[16.4929044,48.2170198],[16.4929448,48.2170147],[16.4929476,48.2170245],[16.4929582,48.2170232],[16.4929735,48.2170769]]]},"properties":{"voltage":"","name":""}},{"type":"Feature","geometry":{"type":"Polygon","coordinates":[[[16.4025116,48.1536781],[16.4024806,48.153668],[16.4025101,48.1536276],[16.4025412,48.1536376],[16.4025116,48.1536781]]]},"properties":{"voltage":"","name":""}},{"type":"Feature","geometry":{"type":"Polygon","coordinates":[[[16.4479589,48.266254],[16.4479493,48.266191],[16.4478009,48.2662007],[16.4478109,48.266264],[16.4479589,48.266254]]]},"properties":{"voltage":"","name":""}},{"type":"Feature","geometry":{"type":"Polygon","coordinates":[[[16.2648656,48.1669741],[16.2649403,48.1669746],[16.2649413,48.1669021],[16.2648666,48.1669017],[16.2648656,48.1669741]]]},"properties":{"voltage":"","name":""}},{"type":"Feature","geometry":{"type":"Polygon","coordinates":[[[15.1277495,48.0575359],[15.127733,48.0575849],[15.1276712,48.0575756],[15.1276877,48.0575266],[15.1277495,48.0575359]]]},"properties":{"voltage":"","name":""}},{"type":"Feature","geometry":{"type":"Polygon","coordinates":[[[16.3796808,48.1744792],[16.3796702,48.1744463],[16.3797142,48.1744064],[16.3798111,48.1743911],[16.3798375,48.1744557],[16.3796808,48.1744792]]]},"properties":{"voltage":"","name":""}},{"type":"Feature","geometry":{"type":"Polygon","coordinates":[[[16.604709,48.8586737],[16.6043564,48.8586479],[16.6043157,48.8589013],[16.6043207,48.8589017],[16.6043111,48.8589661],[16.604659,48.8589916],[16.604709,48.8586737]]]},"properties":{"voltage":"110000","name":"Doln\u00ed Dunajovice"}},{"type":"Feature","geometry":{"type":"Polygon","coordinates":[[[16.302558,48.1017943],[16.3025406,48.1017588],[16.3024484,48.101779],[16.3024658,48.1018145],[16.302558,48.1017943]]]},"properties":{"voltage":"20000;400","name":""}},{"type":"Feature","geometry":{"type":"Polygon","coordinates":[[[15.8229092,48.5761244],[15.8229469,48.5761339],[15.8229607,48.57611],[15.822923,48.5761005],[15.8229092,48.5761244]]]},"properties":{"voltage":"","name":""}},{"type":"Feature","geometry":{"type":"Polygon","coordinates":[[[16.3248141,48.9396341],[16.3248448,48.9396489],[16.3248673,48.9396288],[16.3248523,48.9396216],[16.3248368,48.9396141],[16.3248141,48.9396341]]]},"properties":{"voltage":"","name":""}},{"type":"Feature","geometry":{"type":"Polygon","coordinates":[[[16.2438135,48.858248],[16.2438241,48.8582705],[16.2438416,48.858267],[16.2438587,48.8582635],[16.2438482,48.858241],[16.2438135,48.858248]]]},"properties":{"voltage":"","name":""}},{"type":"Feature","geometry":{"type":"Polygon","coordinates":[[[15.6960118,48.468867],[15.696031,48.4689095],[15.69608,48.4688998],[15.6960607,48.4688572],[15.6960118,48.468867]]]},"properties":{"voltage":"","name":""}},{"type":"Feature","geometry":{"type":"Polygon","coordinates":[[[16.2578547,48.1654911],[16.2578223,48.1654285],[16.2577622,48.1654424],[16.2577946,48.165505],[16.2578547,48.1654911]]]},"properties":{"voltage":"","name":""}},{"type":"Feature","geometry":{"type":"Polygon","coordinates":[[[16.2599887,48.1356762],[16.2600819,48.1356773],[16.2600829,48.1356372],[16.2599897,48.1356362],[16.2599887,48.1356762]]]},"properties":{"voltage":"","name":""}},{"type":"Feature","geometry":{"type":"Polygon","coordinates":[[[15.6855411,48.8705899],[15.6855685,48.8706061],[15.6855832,48.8705952],[15.6855916,48.870589],[15.685566,48.8705718],[15.6855411,48.8705899]]]},"properties":{"voltage":"","name":""}},{"type":"Feature","geometry":{"type":"Polygon","coordinates":[[[15.5964434,48.9049671],[15.5964479,48.9049906],[15.5964827,48.904989],[15.59648,48.9049654],[15.5964434,48.9049671]]]},"properties":{"voltage":"","name":""}},{"type":"Feature","geometry":{"type":"Polygon","coordinates":[[[16.2570712,48.0199465],[16.2570895,48.019944],[16.2571105,48.0199411],[16.2571022,48.0199141],[16.257063,48.0199195],[16.2570712,48.0199465]]]},"properties":{"voltage":"","name":""}},{"type":"Feature","geometry":{"type":"Polygon","coordinates":[[[16.2523206,48.0117368],[16.2523562,48.0117391],[16.2523625,48.0116955],[16.2523269,48.0116932],[16.2523206,48.0117368]]]},"properties":{"voltage":"20000","name":""}},{"type":"Feature","geometry":{"type":"Polygon","coordinates":[[[16.253867,48.0129133],[16.253907,48.0129221],[16.253923,48.0128897],[16.253883,48.0128809],[16.253867,48.0129133]]]},"properties":{"voltage":"20000","name":""}},{"type":"Feature","geometry":{"type":"Polygon","coordinates":[[[16.4213453,48.1954146],[16.4213408,48.1953901],[16.4212711,48.1953957],[16.4212756,48.1954201],[16.4213453,48.1954146]]]},"properties":{"voltage":"","name":""}},{"type":"Feature","geometry":{"type":"Polygon","coordinates":[[[16.3204913,48.37653],[16.3205343,48.3765479],[16.3205557,48.3765247],[16.3205128,48.3765069],[16.3204913,48.37653]]]},"properties":{"voltage":"","name":""}},{"type":"Feature","geometry":{"type":"Polygon","coordinates":[[[15.8288937,48.9411095],[15.8289299,48.9411507],[15.8289769,48.9411336],[15.8289571,48.9411096],[15.8289411,48.9410903],[15.8288937,48.9411095]]]},"properties":{"voltage":"","name":""}},{"type":"Feature","geometry":{"type":"Polygon","coordinates":[[[16.2926122,48.0739979],[16.2926032,48.0740533],[16.292662,48.0740575],[16.2926709,48.0740022],[16.2926122,48.0739979]]]},"properties":{"voltage":"20000;400","name":""}},{"type":"Feature","geometry":{"type":"Polygon","coordinates":[[[15.0016642,48.5395886],[15.001646,48.5395706],[15.0016766,48.539557],[15.001686,48.5395663],[15.0016948,48.539575],[15.0016642,48.5395886]]]},"properties":{"voltage":"20000;400","name":""}},{"type":"Feature","geometry":{"type":"Polygon","coordinates":[[[16.3017114,48.1124982],[16.3016535,48.1124937],[16.3016422,48.1125586],[16.3017001,48.1125631],[16.3017114,48.1124982]]]},"properties":{"voltage":"20000;400","name":""}},{"type":"Feature","geometry":{"type":"Polygon","coordinates":[[[16.3085255,48.0681364],[16.3085664,48.0681514],[16.3086039,48.068106],[16.308563,48.0680909],[16.3085255,48.0681364]]]},"properties":{"voltage":"20000;400","name":""}},{"type":"Feature","geometry":{"type":"Polygon","coordinates":[[[16.3105402,48.1057304],[16.3105994,48.1057344],[16.310608,48.1056778],[16.3105488,48.1056739],[16.3105402,48.1057304]]]},"properties":{"voltage":"20000;400","name":""}},{"type":"Feature","geometry":{"type":"Polygon","coordinates":[[[16.2595479,48.0003217],[16.2595133,48.0003271],[16.2594796,48.0003324],[16.2595011,48.0003934],[16.2595693,48.0003826],[16.2595479,48.0003217]]]},"properties":{"voltage":"","name":""}},{"type":"Feature","geometry":{"type":"Polygon","coordinates":[[[16.283664,48.1176158],[16.2836595,48.1176645],[16.2837431,48.117668],[16.2837477,48.1176193],[16.283664,48.1176158]]]},"properties":{"voltage":"","name":""}},{"type":"Feature","geometry":{"type":"Polygon","coordinates":[[[15.0521355,48.5385068],[15.0521169,48.5385284],[15.052102,48.5385228],[15.0520851,48.5385164],[15.0521037,48.5384948],[15.0521187,48.5385005],[15.0521355,48.5385068]]]},"properties":{"voltage":"20000;400","name":""}},{"type":"Feature","geometry":{"type":"Polygon","coordinates":[[[16.4217153,48.2720521],[16.4203167,48.2727012],[16.4201141,48.2725116],[16.419533,48.2719677],[16.4204221,48.2715621],[16.420534,48.2715659],[16.4210618,48.2717837],[16.4217153,48.2720521]]]},"properties":{"voltage":"110000","name":"Umspannwerk Leopoldau"}},{"type":"Feature","geometry":{"type":"Polygon","coordinates":[[[16.8569588,48.4065691],[16.8569775,48.4065907],[16.8570084,48.406577],[16.8569896,48.4065565],[16.8569588,48.4065691]]]},"properties":{"voltage":"","name":""}},{"type":"Feature","geometry":{"type":"Polygon","coordinates":[[[16.2852162,48.0950099],[16.2852161,48.0950492],[16.2852809,48.0950493],[16.285281,48.09501],[16.2852162,48.0950099]]]},"properties":{"voltage":"20000","name":""}},{"type":"Feature","geometry":{"type":"Polygon","coordinates":[[[16.2994193,48.1194622],[16.2994778,48.11943],[16.2994447,48.1194032],[16.2993861,48.1194354],[16.2994193,48.1194622]]]},"properties":{"voltage":"20000;400","name":""}},{"type":"Feature","geometry":{"type":"Polygon","coordinates":[[[16.21628,48.8974675],[16.2163143,48.8974735],[16.2163194,48.8974611],[16.2163236,48.8974509],[16.2162891,48.8974449],[16.21628,48.8974675]]]},"properties":{"voltage":"","name":""}},{"type":"Feature","geometry":{"type":"Polygon","coordinates":[[[16.1699587,48.9140087],[16.169991,48.9139975],[16.1699822,48.9139869],[16.1699742,48.9139771],[16.1699426,48.9139877],[16.1699587,48.9140087]]]},"properties":{"voltage":"","name":""}},{"type":"Feature","geometry":{"type":"Polygon","coordinates":[[[15.8879393,48.172874],[15.8879818,48.1728731],[15.8879804,48.1728443],[15.8879379,48.1728452],[15.8879393,48.172874]]]},"properties":{"voltage":"","name":""}},{"type":"Feature","geometry":{"type":"Polygon","coordinates":[[[16.0952093,48.9868119],[16.0952449,48.9868072],[16.0952378,48.9867838],[16.0952016,48.9867887],[16.0952056,48.9868008],[16.0952093,48.9868119]]]},"properties":{"voltage":"","name":""}},{"type":"Feature","geometry":{"type":"Polygon","coordinates":[[[16.3184422,48.0762235],[16.318375,48.0762406],[16.3183873,48.0762623],[16.3184546,48.0762452],[16.3184422,48.0762235]]]},"properties":{"voltage":"20000;400","name":""}},{"type":"Feature","geometry":{"type":"Polygon","coordinates":[[[16.3078735,48.0810268],[16.3078853,48.0810699],[16.3079199,48.0810657],[16.3079081,48.0810225],[16.3078735,48.0810268]]]},"properties":{"voltage":"","name":""}},{"type":"Feature","geometry":{"type":"Polygon","coordinates":[[[15.3980591,48.7883058],[15.3980734,48.7882907],[15.3980328,48.788274],[15.3980185,48.7882892],[15.3980591,48.7883058]]]},"properties":{"voltage":"","name":""}},{"type":"Feature","geometry":{"type":"Polygon","coordinates":[[[16.4599207,48.2547767],[16.459961,48.2548293],[16.4600209,48.254809],[16.4599806,48.2547564],[16.4599207,48.2547767]]]},"properties":{"voltage":"","name":""}},{"type":"Feature","geometry":{"type":"Polygon","coordinates":[[[16.4570737,48.2537974],[16.45702,48.2537213],[16.4570873,48.2537002],[16.4571411,48.2537763],[16.4570737,48.2537974]]]},"properties":{"voltage":"","name":""}},{"type":"Feature","geometry":{"type":"Polygon","coordinates":[[[15.0386734,48.452541],[15.0386739,48.4525226],[15.0387161,48.4525231],[15.0387155,48.4525416],[15.0386734,48.452541]]]},"properties":{"voltage":"20000;400","name":""}},{"type":"Feature","geometry":{"type":"Polygon","coordinates":[[[16.6331204,48.8049518],[16.6332431,48.8049966],[16.6332854,48.8049477],[16.6331633,48.804903],[16.6331204,48.8049518]]]},"properties":{"voltage":"","name":""}},{"type":"Feature","geometry":{"type":"Polygon","coordinates":[[[16.3369338,48.1191391],[16.3369692,48.1192001],[16.3370248,48.1191857],[16.3369893,48.1191248],[16.3369338,48.1191391]]]},"properties":{"voltage":"20000;400","name":""}},{"type":"Feature","geometry":{"type":"Polygon","coordinates":[[[15.0783134,48.4381607],[15.0783182,48.4381891],[15.0782775,48.4381922],[15.0782727,48.4381638],[15.0783134,48.4381607]]]},"properties":{"voltage":"20000;400","name":""}},{"type":"Feature","geometry":{"type":"Polygon","coordinates":[[[16.5688505,48.5687124],[16.5688994,48.5687155],[16.5689017,48.5686995],[16.5688528,48.5686964],[16.5688505,48.5687124]]]},"properties":{"voltage":"20000;400","name":""}},{"type":"Feature","geometry":{"type":"Polygon","coordinates":[[[16.6310469,48.8041772],[16.6311383,48.8042145],[16.6311836,48.8041659],[16.6310925,48.8041286],[16.631056,48.8041675],[16.6310469,48.8041772]]]},"properties":{"voltage":"22000","name":""}},{"type":"Feature","geometry":{"type":"Polygon","coordinates":[[[16.7534899,48.7433873],[16.7535219,48.7433682],[16.7534933,48.7433478],[16.753461,48.7433671],[16.7534759,48.7433775],[16.7534899,48.7433873]]]},"properties":{"voltage":"","name":""}},{"type":"Feature","geometry":{"type":"Polygon","coordinates":[[[16.348811,48.2229233],[16.3489682,48.2228603],[16.3490483,48.2228239],[16.3491148,48.2227992],[16.3493644,48.2226999],[16.3495581,48.2226196],[16.3496322,48.2225889],[16.3498888,48.2224895],[16.350032,48.2224347],[16.349923,48.2222428],[16.349828,48.222123],[16.34975,48.2220289],[16.34945,48.2221408],[16.3491163,48.2217743],[16.3490706,48.2217927],[16.347809,48.2222996],[16.3477871,48.2223537],[16.3477875,48.2224249],[16.3481675,48.2225534],[16.3482685,48.2225495],[16.3483516,48.2225167],[16.3483935,48.2225638],[16.3484616,48.2225364],[16.3486564,48.2227538],[16.348811,48.2229233]]]},"properties":{"voltage":"110000","name":"Umspannwerk Michelbeuern"}},{"type":"Feature","geometry":{"type":"Polygon","coordinates":[[[15.8995355,48.8903232],[15.8995447,48.890348],[15.8995635,48.890345],[15.8995826,48.890342],[15.8995744,48.8903163],[15.8995355,48.8903232]]]},"properties":{"voltage":"","name":""}},{"type":"Feature","geometry":{"type":"Polygon","coordinates":[[[15.9343658,48.8913804],[15.9343716,48.8914037],[15.9344079,48.8914008],[15.9344037,48.8913863],[15.9344009,48.8913768],[15.9343658,48.8913804]]]},"properties":{"voltage":"","name":""}},{"type":"Feature","geometry":{"type":"Polygon","coordinates":[[[17.1163271,48.126379],[17.1162707,48.1262747],[17.1164379,48.1262341],[17.1164901,48.1263297],[17.1164311,48.126344],[17.1164355,48.1263541],[17.1163271,48.126379]]]},"properties":{"voltage":"","name":"Ts-1877"}},{"type":"Feature","geometry":{"type":"Polygon","coordinates":[[[16.9065577,48.6173182],[16.9065427,48.6172774],[16.9065968,48.6172687],[16.9066039,48.617288],[16.9066119,48.6173094],[16.9065577,48.6173182]]]},"properties":{"voltage":"","name":""}},{"type":"Feature","geometry":{"type":"Polygon","coordinates":[[[16.3566786,48.0272475],[16.3567075,48.0272854],[16.3568291,48.0272438],[16.3568002,48.027206],[16.3566786,48.0272475]]]},"properties":{"voltage":"","name":""}},{"type":"Feature","geometry":{"type":"Polygon","coordinates":[[[17.1817416,48.1695309],[17.1818391,48.169568],[17.1818577,48.1695455],[17.1817601,48.1695085],[17.1817416,48.1695309]]]},"properties":{"voltage":"","name":""}},{"type":"Feature","geometry":{"type":"Polygon","coordinates":[[[16.3582954,48.3304425],[16.3582654,48.3304125],[16.3583138,48.3303911],[16.3583438,48.330421],[16.3582954,48.3304425]]]},"properties":{"voltage":"","name":""}},{"type":"Feature","geometry":{"type":"Polygon","coordinates":[[[16.0583466,48.3323106],[16.0584395,48.3323122],[16.0584425,48.3322345],[16.0583496,48.3322329],[16.0583466,48.3323106]]]},"properties":{"voltage":"","name":""}},{"type":"Feature","geometry":{"type":"Polygon","coordinates":[[[16.3539888,48.113331],[16.3539345,48.1133439],[16.3539787,48.1134266],[16.354033,48.1134137],[16.3539888,48.113331]]]},"properties":{"voltage":"20000;400","name":""}},{"type":"Feature","geometry":{"type":"Polygon","coordinates":[[[16.2920485,48.1191314],[16.2920626,48.1191982],[16.2921556,48.1191894],[16.2921415,48.1191227],[16.2920485,48.1191314]]]},"properties":{"voltage":"20000;400","name":""}},{"type":"Feature","geometry":{"type":"Polygon","coordinates":[[[16.2928515,48.123139],[16.2928503,48.1231867],[16.292944,48.1231878],[16.2929452,48.12314],[16.2928515,48.123139]]]},"properties":{"voltage":"","name":""}},{"type":"Feature","geometry":{"type":"Polygon","coordinates":[[[16.3984209,48.9872614],[16.3984559,48.9872591],[16.3984538,48.9872461],[16.3984522,48.9872364],[16.398418,48.9872391],[16.3984209,48.9872614]]]},"properties":{"voltage":"","name":""}},{"type":"Feature","geometry":{"type":"Polygon","coordinates":[[[16.4027591,48.9854489],[16.4027894,48.9854314],[16.4027633,48.9854113],[16.4027325,48.9854289],[16.4027462,48.9854392],[16.4027591,48.9854489]]]},"properties":{"voltage":"","name":""}},{"type":"Feature","geometry":{"type":"Polygon","coordinates":[[[16.7633419,48.0112064],[16.7633712,48.0112234],[16.7634005,48.0112009],[16.7633712,48.0111838],[16.7633419,48.0112064]]]},"properties":{"voltage":"","name":""}},{"type":"Feature","geometry":{"type":"Polygon","coordinates":[[[16.1238578,48.1729585],[16.1238883,48.1729636],[16.1238981,48.172938],[16.1238676,48.1729329],[16.1238578,48.1729585]]]},"properties":{"voltage":"20000","name":""}},{"type":"Feature","geometry":{"type":"Polygon","coordinates":[[[15.7126465,48.3563613],[15.7126456,48.3563357],[15.7126897,48.356335],[15.7126906,48.3563606],[15.7126465,48.3563613]]]},"properties":{"voltage":"","name":""}},{"type":"Feature","geometry":{"type":"Polygon","coordinates":[[[16.3729215,48.0224533],[16.3729627,48.0224261],[16.3729001,48.0223837],[16.3728589,48.0224109],[16.3729215,48.0224533]]]},"properties":{"voltage":"20000;400","name":""}},{"type":"Feature","geometry":{"type":"Polygon","coordinates":[[[17.1071928,48.136363],[17.1073021,48.136359],[17.1072937,48.136247],[17.1071847,48.1362516],[17.1071928,48.136363]]]},"properties":{"voltage":"","name":"TS-330"}},{"type":"Feature","geometry":{"type":"Polygon","coordinates":[[[16.5232555,48.0805196],[16.523291,48.0805026],[16.5232538,48.0804679],[16.5232183,48.0804849],[16.5232555,48.0805196]]]},"properties":{"voltage":"20000","name":""}},{"type":"Feature","geometry":{"type":"Polygon","coordinates":[[[17.120866,48.1565891],[17.1207581,48.1566257],[17.1207946,48.1566736],[17.1209025,48.156637],[17.120866,48.1565891]]]},"properties":{"voltage":"","name":"TS-946"}},{"type":"Feature","geometry":{"type":"Polygon","coordinates":[[[16.3279998,48.1161024],[16.3279777,48.1161071],[16.3279612,48.1161106],[16.3279756,48.1161407],[16.3280142,48.1161325],[16.3279998,48.1161024]]]},"properties":{"voltage":"","name":""}},{"type":"Feature","geometry":{"type":"Polygon","coordinates":[[[17.0814751,48.1567806],[17.0815053,48.1568023],[17.0814778,48.1568197],[17.0814475,48.156798],[17.0814751,48.1567806]]]},"properties":{"voltage":"","name":""}},{"type":"Feature","geometry":{"type":"Polygon","coordinates":[[[15.4857228,48.3107878],[15.4857653,48.3107857],[15.4857625,48.3107604],[15.48572,48.3107625],[15.4857228,48.3107878]]]},"properties":{"voltage":"","name":""}},{"type":"Feature","geometry":{"type":"Polygon","coordinates":[[[16.2643769,48.1390686],[16.2642853,48.1390541],[16.2642721,48.1390911],[16.2643636,48.1391057],[16.2643769,48.1390686]]]},"properties":{"voltage":"","name":""}},{"type":"Feature","geometry":{"type":"Polygon","coordinates":[[[17.166908,48.1533027],[17.1669131,48.1532746],[17.1668765,48.1532711],[17.1668721,48.1533003],[17.166908,48.1533027]]]},"properties":{"voltage":"","name":"Ts-1202"}},{"type":"Feature","geometry":{"type":"Polygon","coordinates":[[[16.266722,48.1368948],[16.2666071,48.1368846],[16.2666049,48.1368959],[16.2665977,48.1369322],[16.2667125,48.1369424],[16.266722,48.1368948]]]},"properties":{"voltage":"","name":""}},{"type":"Feature","geometry":{"type":"Polygon","coordinates":[[[16.2071037,48.1367971],[16.2071777,48.1367861],[16.2071681,48.1367576],[16.2070941,48.1367686],[16.2071037,48.1367971]]]},"properties":{"voltage":"20000","name":""}},{"type":"Feature","geometry":{"type":"Polygon","coordinates":[[[16.2584507,48.1449382],[16.2584668,48.1449816],[16.2585507,48.1449677],[16.2585345,48.1449243],[16.2584507,48.1449382]]]},"properties":{"voltage":"","name":""}},{"type":"Feature","geometry":{"type":"Polygon","coordinates":[[[16.3002678,48.0714704],[16.3002912,48.0715181],[16.3003487,48.0715055],[16.3003252,48.0714578],[16.3002678,48.0714704]]]},"properties":{"voltage":"20000;400","name":""}},{"type":"Feature","geometry":{"type":"Polygon","coordinates":[[[16.3039585,48.0702353],[16.3040523,48.0703809],[16.3041118,48.0703638],[16.3040179,48.0702182],[16.3039585,48.0702353]]]},"properties":{"voltage":"20000;400","name":""}},{"type":"Feature","geometry":{"type":"Polygon","coordinates":[[[16.3021711,48.0715229],[16.3021035,48.0715345],[16.3021119,48.0715566],[16.3021796,48.071545],[16.3021711,48.0715229]]]},"properties":{"voltage":"20000;400","name":""}},{"type":"Feature","geometry":{"type":"Polygon","coordinates":[[[16.1975799,48.9185591],[16.1975941,48.9185348],[16.1975594,48.9185255],[16.1975519,48.9185381],[16.1975449,48.9185499],[16.1975799,48.9185591]]]},"properties":{"voltage":"","name":""}},{"type":"Feature","geometry":{"type":"Polygon","coordinates":[[[16.1998073,48.9162539],[16.1998064,48.9162659],[16.1998056,48.9162772],[16.1998406,48.9162791],[16.199843,48.9162553],[16.1998073,48.9162539]]]},"properties":{"voltage":"","name":""}},{"type":"Feature","geometry":{"type":"Polygon","coordinates":[[[15.578397,48.3914899],[15.5784399,48.3914981],[15.5784484,48.3914785],[15.5784055,48.3914703],[15.578397,48.3914899]]]},"properties":{"voltage":"20000;400","name":"TST Mautern Kudlichgasse"}},{"type":"Feature","geometry":{"type":"Polygon","coordinates":[[[15.5759935,48.3907934],[15.5759453,48.3907841],[15.5759589,48.3907531],[15.5760071,48.3907624],[15.5759935,48.3907934]]]},"properties":{"voltage":"","name":""}},{"type":"Feature","geometry":{"type":"Polygon","coordinates":[[[15.0947998,48.5533042],[15.094818,48.5532702],[15.0947711,48.5532593],[15.0947619,48.5532764],[15.0947529,48.5532932],[15.0947998,48.5533042]]]},"properties":{"voltage":"20000;400","name":""}},{"type":"Feature","geometry":{"type":"Polygon","coordinates":[[[16.8075012,48.1121872],[16.8075455,48.1121849],[16.8075371,48.1121277],[16.8074927,48.1121313],[16.8075012,48.1121872]]]},"properties":{"voltage":"","name":""}},{"type":"Feature","geometry":{"type":"Polygon","coordinates":[[[16.408298,48.1888863],[16.4083423,48.1888613],[16.4082602,48.1887967],[16.4082158,48.1888217],[16.408298,48.1888863]]]},"properties":{"voltage":"","name":""}},{"type":"Feature","geometry":{"type":"Polygon","coordinates":[[[16.7130874,48.1136856],[16.7131172,48.1136703],[16.7130747,48.1136334],[16.7130448,48.113649],[16.7130874,48.1136856]]]},"properties":{"voltage":"","name":""}},{"type":"Feature","geometry":{"type":"Polygon","coordinates":[[[16.3023767,48.0903447],[16.3024344,48.0903724],[16.3024747,48.0903339],[16.3024169,48.0903069],[16.3023767,48.0903447]]]},"properties":{"voltage":"20000","name":""}},{"type":"Feature","geometry":{"type":"Polygon","coordinates":[[[15.696261,48.4693511],[15.6962738,48.4693779],[15.6962974,48.4693729],[15.6962847,48.4693461],[15.696261,48.4693511]]]},"properties":{"voltage":"","name":""}},{"type":"Feature","geometry":{"type":"Polygon","coordinates":[[[16.17745,48.0382653],[16.1774567,48.0382491],[16.177497,48.0382563],[16.1774902,48.0382725],[16.17745,48.0382653]]]},"properties":{"voltage":"20000;400","name":""}},{"type":"Feature","geometry":{"type":"Polygon","coordinates":[[[16.336353,48.0832082],[16.3363904,48.0832132],[16.3363965,48.0831931],[16.336359,48.0831881],[16.336353,48.0832082]]]},"properties":{"voltage":"20000","name":""}},{"type":"Feature","geometry":{"type":"Polygon","coordinates":[[[16.3522053,48.0776279],[16.3521912,48.0776644],[16.3521892,48.0776695],[16.3522278,48.0776761],[16.3522438,48.0776345],[16.3522053,48.0776279]]]},"properties":{"voltage":"20000;400","name":""}},{"type":"Feature","geometry":{"type":"Polygon","coordinates":[[[16.2569981,48.1192188],[16.2569915,48.1192545],[16.2570408,48.1192586],[16.2570583,48.1191643],[16.257009,48.1191602],[16.2569981,48.1192188]]]},"properties":{"voltage":"","name":""}},{"type":"Feature","geometry":{"type":"Polygon","coordinates":[[[16.2629824,48.176699],[16.2629024,48.1766776],[16.2628719,48.1767284],[16.2629519,48.1767498],[16.2629824,48.176699]]]},"properties":{"voltage":"","name":""}},{"type":"Feature","geometry":{"type":"Polygon","coordinates":[[[15.9473271,48.3298748],[15.947337,48.3299256],[15.9474156,48.3299189],[15.9474058,48.3298681],[15.9473271,48.3298748]]]},"properties":{"voltage":"","name":""}},{"type":"Feature","geometry":{"type":"Polygon","coordinates":[[[16.3776091,48.802321],[16.377625,48.8023419],[16.3776408,48.8023366],[16.3776568,48.8023313],[16.3776407,48.8023104],[16.3776091,48.802321]]]},"properties":{"voltage":"","name":""}},{"type":"Feature","geometry":{"type":"Polygon","coordinates":[[[16.2664962,48.0812025],[16.2665591,48.0812022],[16.2665587,48.0811581],[16.2664957,48.0811584],[16.2664962,48.0812025]]]},"properties":{"voltage":"","name":""}},{"type":"Feature","geometry":{"type":"Polygon","coordinates":[[[16.2645694,48.0810549],[16.2645693,48.0810919],[16.2646528,48.081092],[16.2646529,48.081055],[16.2645694,48.0810549]]]},"properties":{"voltage":"","name":""}},{"type":"Feature","geometry":{"type":"Polygon","coordinates":[[[16.3448551,48.1713983],[16.3449209,48.1713934],[16.3449116,48.1713317],[16.3448472,48.1713354],[16.3448551,48.1713983]]]},"properties":{"voltage":"","name":""}},{"type":"Feature","geometry":{"type":"Polygon","coordinates":[[[16.6186732,48.1674779],[16.6187463,48.16749],[16.6187651,48.1674417],[16.6186927,48.1674283],[16.6186732,48.1674779]]]},"properties":{"voltage":"20000","name":""}},{"type":"Feature","geometry":{"type":"Polygon","coordinates":[[[16.818662,48.4667973],[16.8187079,48.4667992],[16.8187108,48.4667687],[16.8186649,48.4667668],[16.818662,48.4667973]]]},"properties":{"voltage":"","name":""}},{"type":"Feature","geometry":{"type":"Polygon","coordinates":[[[16.4975673,48.2547368],[16.4976261,48.2547361],[16.4976248,48.2546907],[16.497566,48.2546915],[16.4975673,48.2547368]]]},"properties":{"voltage":"","name":""}},{"type":"Feature","geometry":{"type":"Polygon","coordinates":[[[16.3598412,48.1645187],[16.3597875,48.1645254],[16.3598016,48.1645764],[16.3598554,48.1645698],[16.3598412,48.1645187]]]},"properties":{"voltage":"","name":""}},{"type":"Feature","geometry":{"type":"Polygon","coordinates":[[[15.5960485,48.0967647],[15.5960273,48.0967399],[15.5960047,48.0967479],[15.5960246,48.0967727],[15.5960485,48.0967647]]]},"properties":{"voltage":"","name":""}},{"type":"Feature","geometry":{"type":"Polygon","coordinates":[[[15.6001422,48.1051352],[15.6001666,48.1050989],[15.6002007,48.1051091],[15.6001763,48.1051454],[15.6001422,48.1051352]]]},"properties":{"voltage":"20000;400","name":""}},{"type":"Feature","geometry":{"type":"Polygon","coordinates":[[[15.5973639,48.0922142],[15.5973838,48.0922018],[15.5974209,48.0922275],[15.5974024,48.0922399],[15.5973639,48.0922142]]]},"properties":{"voltage":"","name":"TST A.Ebnerstr"}},{"type":"Feature","geometry":{"type":"Polygon","coordinates":[[[15.6017045,48.0960152],[15.6016809,48.0959905],[15.6017328,48.0959685],[15.6017563,48.0959932],[15.6017045,48.0960152]]]},"properties":{"voltage":"","name":"TST B\u00f6send\u00f6rfl 2"}},{"type":"Feature","geometry":{"type":"Polygon","coordinates":[[[15.6037181,48.1058808],[15.6037577,48.105921],[15.6036992,48.1059466],[15.6036597,48.1059064],[15.6037181,48.1058808]]]},"properties":{"voltage":"","name":"TST Wilhelmsburg West"}},{"type":"Feature","geometry":{"type":"Polygon","coordinates":[[[15.6326224,48.13211],[15.6325944,48.1320858],[15.6326305,48.1320672],[15.6326585,48.1320915],[15.6326224,48.13211]]]},"properties":{"voltage":"","name":""}},{"type":"Feature","geometry":{"type":"Polygon","coordinates":[[[15.8210676,48.6464619],[15.8210801,48.646383],[15.8211974,48.6463911],[15.8211849,48.64647],[15.8210676,48.6464619]]]},"properties":{"voltage":"","name":"Umspannwerk"}},{"type":"Feature","geometry":{"type":"Polygon","coordinates":[[[16.2934537,48.0962746],[16.2934195,48.0963633],[16.2935012,48.0963773],[16.2935354,48.0962887],[16.2934537,48.0962746]]]},"properties":{"voltage":"20000;400","name":""}},{"type":"Feature","geometry":{"type":"Polygon","coordinates":[[[16.8483652,48.464184],[16.8483826,48.4641863],[16.8484095,48.4641899],[16.8484122,48.4641777],[16.8484157,48.4641623],[16.8483741,48.4641565],[16.8483652,48.464184]]]},"properties":{"voltage":"","name":""}},{"type":"Feature","geometry":{"type":"Polygon","coordinates":[[[16.3578279,48.1792736],[16.3578903,48.1793068],[16.3579179,48.1792838],[16.3578554,48.1792506],[16.3578279,48.1792736]]]},"properties":{"voltage":"20000;400","name":""}},{"type":"Feature","geometry":{"type":"Polygon","coordinates":[[[16.3164895,48.0665676],[16.3164354,48.0665803],[16.3164565,48.0666204],[16.3165106,48.0666076],[16.3164895,48.0665676]]]},"properties":{"voltage":"20000;400","name":""}},{"type":"Feature","geometry":{"type":"Polygon","coordinates":[[[17.166611,48.1526171],[17.166652,48.1526167],[17.1666513,48.1525898],[17.1666103,48.1525903],[17.166611,48.1526171]]]},"properties":{"voltage":"22000;400","name":"Ts-1242"}},{"type":"Feature","geometry":{"type":"Polygon","coordinates":[[[16.2178072,48.3849099],[16.2178758,48.3849172],[16.2178893,48.3848608],[16.2178207,48.3848536],[16.2178072,48.3849099]]]},"properties":{"voltage":"20000;400","name":"TST Stockerau Berggartenstra\u00dfe"}},{"type":"Feature","geometry":{"type":"Polygon","coordinates":[[[16.4731746,48.2021882],[16.4732197,48.2021635],[16.4731795,48.2021309],[16.4731344,48.2021555],[16.4731746,48.2021882]]]},"properties":{"voltage":"","name":""}},{"type":"Feature","geometry":{"type":"Polygon","coordinates":[[[15.0675176,48.983187],[15.0675518,48.9831984],[15.0675332,48.9832223],[15.067499,48.9832109],[15.0675176,48.983187]]]},"properties":{"voltage":"","name":""}},{"type":"Feature","geometry":{"type":"Polygon","coordinates":[[[16.4276346,48.2539707],[16.4276118,48.2539333],[16.4276717,48.2539171],[16.4276944,48.2539545],[16.4276346,48.2539707]]]},"properties":{"voltage":"","name":""}},{"type":"Feature","geometry":{"type":"Polygon","coordinates":[[[16.2580754,48.0837125],[16.2579992,48.0836773],[16.2579482,48.0837266],[16.2580244,48.0837617],[16.2580754,48.0837125]]]},"properties":{"voltage":"","name":""}},{"type":"Feature","geometry":{"type":"Polygon","coordinates":[[[16.44923,48.1123946],[16.4492826,48.1123669],[16.4492476,48.1123373],[16.449195,48.112365],[16.44923,48.1123946]]]},"properties":{"voltage":"","name":""}},{"type":"Feature","geometry":{"type":"Polygon","coordinates":[[[16.2237483,48.3826729],[16.2238495,48.3826766],[16.2238531,48.3826334],[16.2237518,48.3826298],[16.2237483,48.3826729]]]},"properties":{"voltage":"","name":"SST Stockerau Neuri\u00df"}},{"type":"Feature","geometry":{"type":"Polygon","coordinates":[[[16.3392375,48.1232666],[16.3391859,48.1232779],[16.3392127,48.1233325],[16.3392643,48.1233212],[16.3392375,48.1232666]]]},"properties":{"voltage":"20000;400","name":""}},{"type":"Feature","geometry":{"type":"Polygon","coordinates":[[[16.4521397,48.2959629],[16.4521961,48.2959488],[16.4521732,48.2959083],[16.4521167,48.2959225],[16.4521397,48.2959629]]]},"properties":{"voltage":"","name":""}},{"type":"Feature","geometry":{"type":"Polygon","coordinates":[[[16.4774443,48.199265],[16.4774654,48.1992824],[16.4775184,48.1992538],[16.4774973,48.1992364],[16.4774443,48.199265]]]},"properties":{"voltage":"","name":""}},{"type":"Feature","geometry":{"type":"Polygon","coordinates":[[[16.4763161,48.1304431],[16.4764193,48.1304101],[16.4764153,48.1304047],[16.4763971,48.130379],[16.4762939,48.130412],[16.4763161,48.1304431]]]},"properties":{"voltage":"","name":""}},{"type":"Feature","geometry":{"type":"Polygon","coordinates":[[[16.4730871,48.1242729],[16.4732084,48.1242367],[16.4731774,48.1241896],[16.4730571,48.1242258],[16.4730871,48.1242729]]]},"properties":{"voltage":"","name":""}},{"type":"Feature","geometry":{"type":"Polygon","coordinates":[[[16.4415259,48.1313606],[16.4415828,48.131361],[16.4415835,48.1313155],[16.4415273,48.1313155],[16.4415259,48.1313606]]]},"properties":{"voltage":"","name":""}},{"type":"Feature","geometry":{"type":"Polygon","coordinates":[[[16.4451448,48.1403489],[16.445243,48.1403405],[16.4452355,48.1403014],[16.4451374,48.1403097],[16.4451448,48.1403489]]]},"properties":{"voltage":"","name":""}},{"type":"Feature","geometry":{"type":"Polygon","coordinates":[[[16.0725209,48.3242702],[16.0725914,48.3242545],[16.0725659,48.3242051],[16.0724961,48.3242211],[16.0725209,48.3242702]]]},"properties":{"voltage":"","name":""}},{"type":"Feature","geometry":{"type":"Polygon","coordinates":[[[16.4881821,48.0269568],[16.4882135,48.0269104],[16.4882798,48.0269304],[16.4882484,48.0269768],[16.4881821,48.0269568]]]},"properties":{"voltage":"20000","name":""}},{"type":"Feature","geometry":{"type":"Polygon","coordinates":[[[16.1799541,48.937486],[16.1799199,48.9374945],[16.1799326,48.9375166],[16.1799532,48.9375116],[16.1799662,48.9375084],[16.1799541,48.937486]]]},"properties":{"voltage":"","name":"\u017deletice Obec"}},{"type":"Feature","geometry":{"type":"Polygon","coordinates":[[[16.464281,48.1095446],[16.4643137,48.1096004],[16.4643565,48.1095893],[16.4643238,48.1095335],[16.464281,48.1095446]]]},"properties":{"voltage":"","name":""}},{"type":"Feature","geometry":{"type":"Polygon","coordinates":[[[15.4227807,48.8255268],[15.4228062,48.8255422],[15.4228309,48.8255244],[15.4228053,48.8255091],[15.4227807,48.8255268]]]},"properties":{"voltage":"","name":""}},{"type":"Feature","geometry":{"type":"Polygon","coordinates":[[[15.5643031,48.8797111],[15.5643342,48.8796979],[15.5643158,48.8796782],[15.5642856,48.8796913],[15.5643031,48.8797111]]]},"properties":{"voltage":"","name":""}},{"type":"Feature","geometry":{"type":"Polygon","coordinates":[[[15.3341361,48.7543488],[15.3341272,48.7543359],[15.3341716,48.7543219],[15.334179,48.7543363],[15.3341361,48.7543488]]]},"properties":{"voltage":"","name":""}},{"type":"Feature","geometry":{"type":"Polygon","coordinates":[[[16.0735535,48.8756465],[16.0735789,48.8756629],[16.0736035,48.8756457],[16.0735777,48.8756298],[16.0735681,48.8756365],[16.0735535,48.8756465]]]},"properties":{"voltage":"","name":""}},{"type":"Feature","geometry":{"type":"Polygon","coordinates":[[[16.2978395,48.2379065],[16.2978398,48.2378848],[16.2978611,48.2378849],[16.2978609,48.2379066],[16.2978395,48.2379065]]]},"properties":{"voltage":"","name":""}},{"type":"Feature","geometry":{"type":"Polygon","coordinates":[[[16.3216942,48.0596193],[16.3216633,48.0595628],[16.3216006,48.0595781],[16.3216314,48.0596346],[16.3216942,48.0596193]]]},"properties":{"voltage":"20000;400","name":""}},{"type":"Feature","geometry":{"type":"Polygon","coordinates":[[[16.333521,48.3000635],[16.3337255,48.2998066],[16.3338584,48.2998493],[16.3340381,48.2999466],[16.3339616,48.3001134],[16.3338744,48.3001875],[16.3337551,48.3002838],[16.3335917,48.3003943],[16.3334738,48.3002455],[16.3334451,48.3002049],[16.3334502,48.3001589],[16.333521,48.3000635]]]},"properties":{"voltage":"110000","name":"Umspannwerk Klosterneuburg"}},{"type":"Feature","geometry":{"type":"Polygon","coordinates":[[[16.0747581,48.7060263],[16.0748367,48.7060274],[16.0748367,48.7059784],[16.0747969,48.7059778],[16.0747598,48.7059773],[16.0747581,48.7060263]]]},"properties":{"voltage":"20000;400","name":"TST Haugsdorf 1"}},{"type":"Feature","geometry":{"type":"Polygon","coordinates":[[[16.0702823,48.7054215],[16.0703135,48.7054353],[16.0703354,48.7054138],[16.07032,48.7054069],[16.0703042,48.7053999],[16.0702823,48.7054215]]]},"properties":{"voltage":"20000;400","name":"TST Haugsdorf Winzergenossenschaft"}},{"type":"Feature","geometry":{"type":"Polygon","coordinates":[[[15.5466865,48.9578367],[15.546693,48.9578606],[15.5467284,48.9578567],[15.5467252,48.9578451],[15.5467219,48.9578332],[15.5466865,48.9578367]]]},"properties":{"voltage":"","name":""}},{"type":"Feature","geometry":{"type":"Polygon","coordinates":[[[16.4576788,48.2068855],[16.4577331,48.2068643],[16.4577033,48.2068292],[16.457691,48.2068331],[16.4576478,48.2068494],[16.4576788,48.2068855]]]},"properties":{"voltage":"","name":""}},{"type":"Feature","geometry":{"type":"Polygon","coordinates":[[[15.1339523,48.4937287],[15.1339352,48.4937033],[15.1339598,48.4936963],[15.1339765,48.4937217],[15.1339523,48.4937287]]]},"properties":{"voltage":"","name":""}},{"type":"Feature","geometry":{"type":"Polygon","coordinates":[[[16.3121938,48.0720641],[16.3121897,48.0719956],[16.3121154,48.0719975],[16.3121194,48.0720661],[16.3121938,48.0720641]]]},"properties":{"voltage":"20000;400","name":""}},{"type":"Feature","geometry":{"type":"Polygon","coordinates":[[[16.2997812,48.1148011],[16.2999086,48.1148136],[16.2999177,48.1147724],[16.2997903,48.1147599],[16.2997812,48.1148011]]]},"properties":{"voltage":"20000;400","name":""}},{"type":"Feature","geometry":{"type":"Polygon","coordinates":[[[17.1428698,48.1986713],[17.1429628,48.1986317],[17.1429021,48.1985668],[17.1428076,48.1986072],[17.1428698,48.1986713]]]},"properties":{"voltage":"","name":"TS-272"}},{"type":"Feature","geometry":{"type":"Polygon","coordinates":[[[16.073102,48.0304986],[16.0731127,48.0305141],[16.0731476,48.0305034],[16.0731368,48.0304878],[16.073102,48.0304986]]]},"properties":{"voltage":"","name":""}},{"type":"Feature","geometry":{"type":"Polygon","coordinates":[[[15.2408017,48.8943383],[15.2408405,48.8943372],[15.2408391,48.8943162],[15.2408004,48.8943172],[15.2408017,48.8943383]]]},"properties":{"voltage":"","name":""}},{"type":"Feature","geometry":{"type":"Polygon","coordinates":[[[16.7614062,48.5429766],[16.7614395,48.5429708],[16.7614548,48.5430091],[16.7614215,48.5430149],[16.7614062,48.5429766]]]},"properties":{"voltage":"","name":""}},{"type":"Feature","geometry":{"type":"Polygon","coordinates":[[[17.0674523,48.1725953],[17.0674996,48.1726369],[17.0675793,48.1725967],[17.067532,48.172555],[17.0674523,48.1725953]]]},"properties":{"voltage":"","name":"TS-1829"}},{"type":"Feature","geometry":{"type":"Polygon","coordinates":[[[15.7791946,48.2155209],[15.779157,48.2155322],[15.7791663,48.215546],[15.7792039,48.2155346],[15.7791946,48.2155209]]]},"properties":{"voltage":"20000;400","name":""}},{"type":"Feature","geometry":{"type":"Polygon","coordinates":[[[16.8527305,48.8321263],[16.8527327,48.832148],[16.8527853,48.8321458],[16.8527834,48.8321241],[16.8527305,48.8321263]]]},"properties":{"voltage":"","name":""}},{"type":"Feature","geometry":{"type":"Polygon","coordinates":[[[16.391474,48.2453322],[16.3914511,48.245376],[16.3915108,48.2453898],[16.3915337,48.2453461],[16.391474,48.2453322]]]},"properties":{"voltage":"","name":""}},{"type":"Feature","geometry":{"type":"Polygon","coordinates":[[[16.3766552,48.2429905],[16.3766828,48.2429633],[16.3766077,48.2429295],[16.3765801,48.2429567],[16.3766552,48.2429905]]]},"properties":{"voltage":"","name":""}},{"type":"Feature","geometry":{"type":"Polygon","coordinates":[[[16.5115213,48.6410636],[16.5115533,48.6410712],[16.5115645,48.6410507],[16.5115326,48.641043],[16.5115271,48.6410531],[16.5115213,48.6410636]]]},"properties":{"voltage":"","name":""}},{"type":"Feature","geometry":{"type":"Polygon","coordinates":[[[16.4447928,48.0867148],[16.4446978,48.0867365],[16.4447168,48.0867736],[16.4448118,48.0867519],[16.4447928,48.0867148]]]},"properties":{"voltage":"20000;400","name":""}},{"type":"Feature","geometry":{"type":"Polygon","coordinates":[[[16.5122396,48.993311],[16.5122323,48.9933207],[16.5122247,48.9933307],[16.5122551,48.9933403],[16.5122699,48.9933208],[16.5122396,48.993311]]]},"properties":{"voltage":"","name":""}},{"type":"Feature","geometry":{"type":"Polygon","coordinates":[[[16.6104406,48.0960206],[16.6104028,48.0960365],[16.6104258,48.0960609],[16.6104636,48.0960449],[16.6104513,48.0960319],[16.6104406,48.0960206]]]},"properties":{"voltage":"","name":""}},{"type":"Feature","geometry":{"type":"Polygon","coordinates":[[[16.3238981,48.083621],[16.3239123,48.0835948],[16.3238764,48.0835862],[16.3238622,48.0836123],[16.3238981,48.083621]]]},"properties":{"voltage":"20000","name":""}},{"type":"Feature","geometry":{"type":"Polygon","coordinates":[[[16.5711312,48.0696458],[16.5710027,48.0697265],[16.5710777,48.0697799],[16.5712062,48.0696992],[16.5711312,48.0696458]]]},"properties":{"voltage":"","name":"Schaltanlage Schwadorf"}},{"type":"Feature","geometry":{"type":"Polygon","coordinates":[[[15.8838186,48.9832989],[15.8838418,48.9833188],[15.8838543,48.9833128],[15.8838717,48.9833044],[15.8838493,48.9832842],[15.8838186,48.9832989]]]},"properties":{"voltage":"","name":""}},{"type":"Feature","geometry":{"type":"Polygon","coordinates":[[[15.1267517,48.5306191],[15.1267277,48.5306418],[15.1266946,48.5306263],[15.1267186,48.5306037],[15.1267517,48.5306191]]]},"properties":{"voltage":"","name":"EVN"}},{"type":"Feature","geometry":{"type":"Polygon","coordinates":[[[15.5837758,48.4095861],[15.5838419,48.4095781],[15.5838325,48.409544],[15.5837664,48.409552],[15.5837758,48.4095861]]]},"properties":{"voltage":"","name":""}},{"type":"Feature","geometry":{"type":"Polygon","coordinates":[[[16.5521572,48.0573534],[16.5521297,48.0573905],[16.5521891,48.0574102],[16.5522166,48.0573731],[16.5521855,48.0573628],[16.5521572,48.0573534]]]},"properties":{"voltage":"","name":""}},{"type":"Feature","geometry":{"type":"Polygon","coordinates":[[[15.6996663,48.9867166],[15.69968,48.9866926],[15.6996471,48.986685],[15.6996405,48.9866968],[15.6996342,48.986708],[15.6996663,48.9867166]]]},"properties":{"voltage":"","name":""}},{"type":"Feature","geometry":{"type":"Polygon","coordinates":[[[16.2276633,48.962096],[16.2276755,48.9621176],[16.22771,48.9621099],[16.2277029,48.9620986],[16.2276968,48.9620888],[16.2276633,48.962096]]]},"properties":{"voltage":"","name":""}},{"type":"Feature","geometry":{"type":"Polygon","coordinates":[[[15.2486784,48.2031523],[15.2487207,48.2031514],[15.2487194,48.2031224],[15.2486993,48.2031228],[15.2486771,48.2031232],[15.2486784,48.2031523]]]},"properties":{"voltage":"","name":""}},{"type":"Feature","geometry":{"type":"Polygon","coordinates":[[[16.0568812,48.1780626],[16.0569349,48.1780322],[16.0569048,48.1780087],[16.0568512,48.1780391],[16.0568812,48.1780626]]]},"properties":{"voltage":"","name":""}},{"type":"Feature","geometry":{"type":"Polygon","coordinates":[[[16.0474111,48.1799346],[16.0474156,48.1799533],[16.0474578,48.1799488],[16.0474534,48.1799301],[16.0474111,48.1799346]]]},"properties":{"voltage":"","name":""}},{"type":"Feature","geometry":{"type":"Polygon","coordinates":[[[16.00461,48.1772824],[16.0046552,48.1772906],[16.0046673,48.1772611],[16.0046221,48.1772528],[16.00461,48.1772824]]]},"properties":{"voltage":"","name":""}},{"type":"Feature","geometry":{"type":"Polygon","coordinates":[[[16.4525721,48.103016],[16.4525371,48.1030267],[16.4525467,48.1030407],[16.4525538,48.1030509],[16.4525887,48.1030402],[16.4525721,48.103016]]]},"properties":{"voltage":"","name":""}},{"type":"Feature","geometry":{"type":"Polygon","coordinates":[[[16.3116058,48.1364831],[16.3115267,48.1364791],[16.3115216,48.1365161],[16.3116016,48.1365197],[16.3116058,48.1364831]]]},"properties":{"voltage":"","name":""}},{"type":"Feature","geometry":{"type":"Polygon","coordinates":[[[15.9784355,48.1656764],[15.9784449,48.1657032],[15.9784875,48.1656966],[15.9784781,48.1656698],[15.9784355,48.1656764]]]},"properties":{"voltage":"20000","name":""}},{"type":"Feature","geometry":{"type":"Polygon","coordinates":[[[16.2827636,48.1467716],[16.2827227,48.1467118],[16.2826669,48.1467278],[16.2827004,48.1467797],[16.2827325,48.1467705],[16.2827382,48.1467789],[16.2827636,48.1467716]]]},"properties":{"voltage":"","name":""}},{"type":"Feature","geometry":{"type":"Polygon","coordinates":[[[15.0663674,48.6666891],[15.0663761,48.66666],[15.066419,48.6666656],[15.0664103,48.6666947],[15.0663674,48.6666891]]]},"properties":{"voltage":"","name":""}},{"type":"Feature","geometry":{"type":"Polygon","coordinates":[[[16.3180121,48.1407249],[16.3180944,48.140681],[16.3180551,48.1406483],[16.3179729,48.1406921],[16.3180121,48.1407249]]]},"properties":{"voltage":"","name":""}},{"type":"Feature","geometry":{"type":"Polygon","coordinates":[[[15.6123318,48.3729893],[15.6123044,48.3730083],[15.612333,48.3730265],[15.6123604,48.3730075],[15.6123318,48.3729893]]]},"properties":{"voltage":"","name":""}},{"type":"Feature","geometry":{"type":"Polygon","coordinates":[[[15.613626,48.3856756],[15.6135901,48.3856809],[15.613598,48.3857049],[15.6136341,48.3856996],[15.613626,48.3856756]]]},"properties":{"voltage":"","name":""}},{"type":"Feature","geometry":{"type":"Polygon","coordinates":[[[15.8910771,48.1645106],[15.8910958,48.1644865],[15.8910592,48.1644738],[15.8910405,48.1644979],[15.8910771,48.1645106]]]},"properties":{"voltage":"","name":""}},{"type":"Feature","geometry":{"type":"Polygon","coordinates":[[[16.182616,48.7945849],[16.1826004,48.7945889],[16.1825832,48.7945951],[16.1825989,48.7946171],[16.1826326,48.7946066],[16.182616,48.7945849]]]},"properties":{"voltage":"","name":""}},{"type":"Feature","geometry":{"type":"Polygon","coordinates":[[[16.1402924,48.8120116],[16.1402602,48.8120238],[16.1402695,48.8120346],[16.1402791,48.8120458],[16.1403116,48.8120333],[16.1402924,48.8120116]]]},"properties":{"voltage":"","name":""}},{"type":"Feature","geometry":{"type":"Polygon","coordinates":[[[15.6940703,48.6728812],[15.6941016,48.6728606],[15.6940689,48.672839],[15.6940377,48.6728597],[15.6940703,48.6728812]]]},"properties":{"voltage":"","name":""}},{"type":"Feature","geometry":{"type":"Polygon","coordinates":[[[16.3416126,48.8718846],[16.3416252,48.8718773],[16.3416388,48.8718694],[16.3416173,48.8718511],[16.3415895,48.8718666],[16.3416126,48.8718846]]]},"properties":{"voltage":"","name":""}},{"type":"Feature","geometry":{"type":"Polygon","coordinates":[[[17.0096735,48.7784548],[17.0096911,48.7784623],[17.0097053,48.7784684],[17.0097258,48.7784475],[17.0096941,48.7784338],[17.0096735,48.7784548]]]},"properties":{"voltage":"","name":""}},{"type":"Feature","geometry":{"type":"Polygon","coordinates":[[[15.931412,48.19806],[15.9314498,48.1980389],[15.9314145,48.1980107],[15.9313767,48.1980317],[15.931412,48.19806]]]},"properties":{"voltage":"","name":""}},{"type":"Feature","geometry":{"type":"Polygon","coordinates":[[[15.0376572,48.5294111],[15.0376305,48.52939],[15.0376525,48.5293778],[15.0376792,48.5293989],[15.0376572,48.5294111]]]},"properties":{"voltage":"","name":""}},{"type":"Feature","geometry":{"type":"Polygon","coordinates":[[[16.5690289,48.4751535],[16.5699972,48.4748405],[16.5691026,48.4736313],[16.5685796,48.4735077],[16.5679681,48.4737096],[16.5690289,48.4751535]]]},"properties":{"voltage":"110000","name":"Umspannwerk Gaweinstal"}},{"type":"Feature","geometry":{"type":"Polygon","coordinates":[[[16.7494637,48.6260938],[16.749461,48.625562],[16.7488656,48.6255655],[16.7488763,48.6257938],[16.7488401,48.6258239],[16.7487503,48.6257884],[16.7486242,48.6259134],[16.7487737,48.6259759],[16.7487731,48.6260606],[16.7488388,48.6261005],[16.7494637,48.6260938]]]},"properties":{"voltage":"110000","name":"Umspannwerk Hauskirchen"}},{"type":"Feature","geometry":{"type":"Polygon","coordinates":[[[16.0792149,48.058991],[16.0792169,48.0590169],[16.0792731,48.0590149],[16.0792711,48.0589891],[16.0792149,48.058991]]]},"properties":{"voltage":"","name":""}},{"type":"Feature","geometry":{"type":"Polygon","coordinates":[[[16.2808191,48.1886858],[16.2807167,48.1886889],[16.2807177,48.1887024],[16.2807181,48.1887117],[16.2808205,48.1887084],[16.28082,48.188699],[16.2808191,48.1886858]]]},"properties":{"voltage":"","name":""}},{"type":"Feature","geometry":{"type":"Polygon","coordinates":[[[16.3387267,48.1618945],[16.3387776,48.1618697],[16.338738,48.1618335],[16.3386871,48.1618584],[16.3387267,48.1618945]]]},"properties":{"voltage":"","name":""}},{"type":"Feature","geometry":{"type":"Polygon","coordinates":[[[16.055572,48.997718],[16.0556051,48.9977049],[16.0555954,48.9976943],[16.0555856,48.9976836],[16.0555525,48.9976967],[16.055572,48.997718]]]},"properties":{"voltage":"","name":""}},{"type":"Feature","geometry":{"type":"Polygon","coordinates":[[[16.1469138,48.9791307],[16.1469481,48.9791248],[16.1469391,48.9791022],[16.1469222,48.9791051],[16.1469048,48.9791081],[16.1469138,48.9791307]]]},"properties":{"voltage":"","name":""}},{"type":"Feature","geometry":{"type":"Polygon","coordinates":[[[15.6436427,48.0947754],[15.6436662,48.0947723],[15.6436894,48.0947693],[15.6436978,48.0947981],[15.643651,48.0948042],[15.6436427,48.0947754]]]},"properties":{"voltage":"","name":""}},{"type":"Feature","geometry":{"type":"Polygon","coordinates":[[[15.637977,48.0102174],[15.6379929,48.0102202],[15.6380115,48.0102234],[15.6380167,48.01021],[15.6380216,48.0101973],[15.6380038,48.0101942],[15.6379867,48.0101913],[15.637977,48.0102174]]]},"properties":{"voltage":"","name":""}},{"type":"Feature","geometry":{"type":"Polygon","coordinates":[[[16.2606286,48.1824734],[16.260675,48.1825008],[16.2606226,48.1825403],[16.2605762,48.1825129],[16.2606286,48.1824734]]]},"properties":{"voltage":"","name":""}},{"type":"Feature","geometry":{"type":"Polygon","coordinates":[[[17.1537841,48.1680079],[17.1538607,48.1679701],[17.1538384,48.1679493],[17.1537621,48.167986],[17.1537841,48.1680079]]]},"properties":{"voltage":"","name":"Ts-1872"}},{"type":"Feature","geometry":{"type":"Polygon","coordinates":[[[16.3295057,48.3101107],[16.3293951,48.3100393],[16.3293408,48.3100766],[16.3294514,48.3101479],[16.3295057,48.3101107]]]},"properties":{"voltage":"10000","name":""}},{"type":"Feature","geometry":{"type":"Polygon","coordinates":[[[16.2133433,48.3824888],[16.2133612,48.3825416],[16.2136577,48.3824973],[16.2136399,48.3824445],[16.2133433,48.3824888]]]},"properties":{"voltage":"","name":""}},{"type":"Feature","geometry":{"type":"Polygon","coordinates":[[[16.3349058,48.7228927],[16.3348879,48.722895],[16.334869,48.7228974],[16.3348764,48.7229225],[16.3349133,48.7229177],[16.3349058,48.7228927]]]},"properties":{"voltage":"20000;400","name":""}},{"type":"Feature","geometry":{"type":"Polygon","coordinates":[[[16.4271783,48.270067],[16.4272727,48.2700604],[16.427267,48.2700242],[16.4271726,48.2700308],[16.4271783,48.270067]]]},"properties":{"voltage":"","name":""}},{"type":"Feature","geometry":{"type":"Polygon","coordinates":[[[16.722008,48.940749],[16.722019,48.940728],[16.7219981,48.9407235],[16.721973,48.940718],[16.721963,48.94074],[16.722008,48.940749]]]},"properties":{"voltage":"22000;400","name":""}},{"type":"Feature","geometry":{"type":"Polygon","coordinates":[[[16.705417,48.9516956],[16.7054074,48.9516742],[16.7053758,48.9516804],[16.7053787,48.9516894],[16.7053826,48.9517012],[16.705417,48.9516956]]]},"properties":{"voltage":"","name":""}},{"type":"Feature","geometry":{"type":"Polygon","coordinates":[[[16.7883693,48.0142239],[16.7883455,48.0142072],[16.7883907,48.0141783],[16.7884145,48.014195],[16.7883693,48.0142239]]]},"properties":{"voltage":"","name":"Objekt 856"}},{"type":"Feature","geometry":{"type":"Polygon","coordinates":[[[16.309981,48.1257896],[16.3099911,48.1258137],[16.3100561,48.1258016],[16.3100461,48.1257776],[16.309981,48.1257896]]]},"properties":{"voltage":"","name":""}},{"type":"Feature","geometry":{"type":"Polygon","coordinates":[[[16.3939413,48.3154578],[16.3938751,48.3154673],[16.3938874,48.3155053],[16.3939536,48.3154958],[16.3939413,48.3154578]]]},"properties":{"voltage":"","name":""}},{"type":"Feature","geometry":{"type":"Polygon","coordinates":[[[16.2712325,48.3254209],[16.2712797,48.3253943],[16.2713262,48.3254308],[16.271279,48.3254574],[16.2712325,48.3254209]]]},"properties":{"voltage":"","name":""}},{"type":"Feature","geometry":{"type":"Polygon","coordinates":[[[15.7203965,48.9409888],[15.720354,48.9409724],[15.7203133,48.9409567],[15.7203641,48.9408999],[15.7204474,48.940932],[15.7203965,48.9409888]]]},"properties":{"voltage":"","name":""}},{"type":"Feature","geometry":{"type":"Polygon","coordinates":[[[16.3934799,48.9926198],[16.3934942,48.9926406],[16.3935261,48.9926313],[16.3935181,48.9926194],[16.3935119,48.9926102],[16.3934799,48.9926198]]]},"properties":{"voltage":"","name":""}},{"type":"Feature","geometry":{"type":"Polygon","coordinates":[[[16.3053171,48.0525013],[16.3052983,48.0524756],[16.3052418,48.052494],[16.3052606,48.0525198],[16.3053171,48.0525013]]]},"properties":{"voltage":"20000","name":""}},{"type":"Feature","geometry":{"type":"Polygon","coordinates":[[[16.3502845,48.0799664],[16.3501903,48.0799695],[16.3501929,48.0800056],[16.3502872,48.0800024],[16.3502845,48.0799664]]]},"properties":{"voltage":"20000;400","name":""}},{"type":"Feature","geometry":{"type":"Polygon","coordinates":[[[16.4324258,48.1263576],[16.4324578,48.1263587],[16.4324542,48.1264066],[16.4324223,48.1264055],[16.4324258,48.1263576]]]},"properties":{"voltage":"","name":""}},{"type":"Feature","geometry":{"type":"Polygon","coordinates":[[[17.0753563,48.1448478],[17.0754341,48.1448442],[17.0754239,48.1447456],[17.0753462,48.1447492],[17.0753563,48.1448478]]]},"properties":{"voltage":"","name":"TS-1030"}},{"type":"Feature","geometry":{"type":"Polygon","coordinates":[[[15.0709283,48.1678107],[15.0709612,48.1677965],[15.070986,48.1678222],[15.070953,48.1678363],[15.0709283,48.1678107]]]},"properties":{"voltage":"","name":""}},{"type":"Feature","geometry":{"type":"Polygon","coordinates":[[[16.6445073,48.8099494],[16.6445308,48.8099714],[16.6445558,48.8099594],[16.6445319,48.8099376],[16.6445073,48.8099494]]]},"properties":{"voltage":"22000;400","name":"1. kv\u011btna"}},{"type":"Feature","geometry":{"type":"Polygon","coordinates":[[[16.6392849,48.8120496],[16.6393369,48.8120246],[16.6393143,48.8120036],[16.6392625,48.8120282],[16.6392849,48.8120496]]]},"properties":{"voltage":"","name":"Lidick\u00e1"}},{"type":"Feature","geometry":{"type":"Polygon","coordinates":[[[16.323964,48.09648],[16.3239646,48.0964314],[16.3239331,48.0964312],[16.3239325,48.0964799],[16.323964,48.09648]]]},"properties":{"voltage":"","name":""}},{"type":"Feature","geometry":{"type":"Polygon","coordinates":[[[16.323964,48.0964205],[16.3239647,48.0963667],[16.3239104,48.0963664],[16.3239097,48.0964202],[16.323964,48.0964205]]]},"properties":{"voltage":"","name":"Station 4"}},{"type":"Feature","geometry":{"type":"Polygon","coordinates":[[[15.2651342,48.2171535],[15.2651308,48.2171758],[15.2651908,48.2171799],[15.2651942,48.2171575],[15.2651342,48.2171535]]]},"properties":{"voltage":"20000","name":""}},{"type":"Feature","geometry":{"type":"Polygon","coordinates":[[[16.4731653,48.2907975],[16.473214,48.2907854],[16.4732048,48.290769],[16.4731957,48.2907528],[16.473147,48.2907649],[16.4731653,48.2907975]]]},"properties":{"voltage":"","name":""}},{"type":"Feature","geometry":{"type":"Polygon","coordinates":[[[16.5356013,48.8261409],[16.5356188,48.8261386],[16.5356338,48.8261367],[16.5356279,48.826115],[16.5355959,48.8261189],[16.5356013,48.8261409]]]},"properties":{"voltage":"","name":""}},{"type":"Feature","geometry":{"type":"Polygon","coordinates":[[[16.299243,48.0764708],[16.299241,48.0764179],[16.2991879,48.0764188],[16.2991899,48.0764717],[16.299243,48.0764708]]]},"properties":{"voltage":"20000","name":""}},{"type":"Feature","geometry":{"type":"Polygon","coordinates":[[[16.4394416,48.9205427],[16.4394458,48.920566],[16.4394611,48.9205648],[16.4394803,48.9205632],[16.4394769,48.9205399],[16.4394416,48.9205427]]]},"properties":{"voltage":"","name":""}},{"type":"Feature","geometry":{"type":"Polygon","coordinates":[[[16.3104596,48.0725722],[16.3104158,48.0725125],[16.310365,48.0725292],[16.3104088,48.0725888],[16.3104596,48.0725722]]]},"properties":{"voltage":"20000;400","name":""}},{"type":"Feature","geometry":{"type":"Polygon","coordinates":[[[16.0833799,48.6469341],[16.0834169,48.6469344],[16.0834405,48.6469345],[16.0834411,48.6468782],[16.0834415,48.6468589],[16.0833809,48.6468586],[16.0833799,48.6469341]]]},"properties":{"voltage":"20000","name":"SST Kalladorf"}},{"type":"Feature","geometry":{"type":"Polygon","coordinates":[[[16.2957736,48.2902492],[16.2958264,48.2902456],[16.2958238,48.2902286],[16.295771,48.2902322],[16.2957736,48.2902492]]]},"properties":{"voltage":"10000","name":""}},{"type":"Feature","geometry":{"type":"Polygon","coordinates":[[[16.4633339,48.0264466],[16.4633828,48.0264409],[16.4633687,48.0263875],[16.4633198,48.0263933],[16.4633339,48.0264466]]]},"properties":{"voltage":"","name":""}},{"type":"Feature","geometry":{"type":"Polygon","coordinates":[[[17.1361765,48.1910104],[17.1362308,48.1909848],[17.1362748,48.1910261],[17.1362214,48.1910518],[17.1361765,48.1910104]]]},"properties":{"voltage":"","name":""}},{"type":"Feature","geometry":{"type":"Polygon","coordinates":[[[17.1378537,48.1953022],[17.1378258,48.1952744],[17.137903,48.1952399],[17.1379309,48.1952677],[17.1378537,48.1953022]]]},"properties":{"voltage":"","name":""}},{"type":"Feature","geometry":{"type":"Polygon","coordinates":[[[17.1962217,48.0314257],[17.196256,48.0314155],[17.1962301,48.0313754],[17.1961949,48.0313854],[17.1962217,48.0314257]]]},"properties":{"voltage":"","name":""}},{"type":"Feature","geometry":{"type":"Polygon","coordinates":[[[16.0789642,48.9302384],[16.0789718,48.930229],[16.0789824,48.930216],[16.0789563,48.9302059],[16.0789381,48.9302282],[16.0789642,48.9302384]]]},"properties":{"voltage":"","name":""}},{"type":"Feature","geometry":{"type":"Polygon","coordinates":[[[16.1689631,48.9429134],[16.1689748,48.9429045],[16.168987,48.9428953],[16.1689597,48.9428801],[16.1689358,48.9428982],[16.1689631,48.9429134]]]},"properties":{"voltage":"","name":"Horn\u00ed Dunajovice Obec Dom\u010dice"}},{"type":"Feature","geometry":{"type":"Polygon","coordinates":[[[16.4602118,48.0182899],[16.4602546,48.0182912],[16.460258,48.0182423],[16.4602152,48.018241],[16.4602118,48.0182899]]]},"properties":{"voltage":"20000","name":""}},{"type":"Feature","geometry":{"type":"Polygon","coordinates":[[[16.5840679,48.3533205],[16.5841284,48.3532957],[16.5840716,48.3532345],[16.5840111,48.3532594],[16.5840679,48.3533205]]]},"properties":{"voltage":"","name":"Schalthaus Engersdorf"}},{"type":"Feature","geometry":{"type":"Polygon","coordinates":[[[16.4701125,48.2144398],[16.4701715,48.2144267],[16.4701501,48.214384],[16.470091,48.2143972],[16.4701125,48.2144398]]]},"properties":{"voltage":"","name":""}},{"type":"Feature","geometry":{"type":"Polygon","coordinates":[[[16.7904911,48.1896584],[16.7905404,48.1896522],[16.7905342,48.1896276],[16.790485,48.1896338],[16.7904911,48.1896584]]]},"properties":{"voltage":"20000;400","name":""}},{"type":"Feature","geometry":{"type":"Polygon","coordinates":[[[17.1425986,48.1751948],[17.1426884,48.1751535],[17.1426812,48.1751469],[17.1426564,48.1751239],[17.1426343,48.1751035],[17.1425446,48.1751449],[17.1425986,48.1751948]]]},"properties":{"voltage":"","name":""}},{"type":"Feature","geometry":{"type":"Polygon","coordinates":[[[16.3138564,48.0937931],[16.3137791,48.0937945],[16.313782,48.0938643],[16.3138593,48.0938629],[16.3138564,48.0937931]]]},"properties":{"voltage":"","name":""}},{"type":"Feature","geometry":{"type":"Polygon","coordinates":[[[16.3444007,48.2859253],[16.3443767,48.2859143],[16.3443548,48.2859043],[16.3442998,48.2859575],[16.3443458,48.2859785],[16.3444007,48.2859253]]]},"properties":{"voltage":"","name":""}},{"type":"Feature","geometry":{"type":"Polygon","coordinates":[[[16.4088247,48.1688962],[16.408885,48.1689611],[16.4089571,48.1689313],[16.4088967,48.1688664],[16.4088247,48.1688962]]]},"properties":{"voltage":"","name":""}},{"type":"Feature","geometry":{"type":"Polygon","coordinates":[[[16.3651578,48.3067901],[16.3652494,48.3067547],[16.3652774,48.3067867],[16.3651858,48.3068221],[16.3651578,48.3067901]]]},"properties":{"voltage":"20000","name":""}},{"type":"Feature","geometry":{"type":"Polygon","coordinates":[[[16.1843141,48.8829569],[16.1843238,48.8829805],[16.184358,48.8829739],[16.184354,48.8829621],[16.18435,48.8829505],[16.1843141,48.8829569]]]},"properties":{"voltage":"","name":""}},{"type":"Feature","geometry":{"type":"Polygon","coordinates":[[[16.4706207,48.2315615],[16.4705862,48.2315184],[16.4706187,48.2315068],[16.4706532,48.23155],[16.4706207,48.2315615]]]},"properties":{"voltage":"","name":""}},{"type":"Feature","geometry":{"type":"Polygon","coordinates":[[[16.4790852,48.2787528],[16.4790087,48.2787684],[16.4790261,48.2788061],[16.4791025,48.2787905],[16.4790852,48.2787528]]]},"properties":{"voltage":"","name":""}},{"type":"Feature","geometry":{"type":"Polygon","coordinates":[[[16.4719078,48.234337],[16.4719137,48.2342849],[16.4720655,48.2342924],[16.4720597,48.2343445],[16.4719078,48.234337]]]},"properties":{"voltage":"","name":""}},{"type":"Feature","geometry":{"type":"Polygon","coordinates":[[[16.4653688,48.233081],[16.4654278,48.2330737],[16.4654424,48.2331267],[16.4653827,48.2331327],[16.4653688,48.233081]]]},"properties":{"voltage":"","name":""}},{"type":"Feature","geometry":{"type":"Polygon","coordinates":[[[16.3314592,48.1246955],[16.3314703,48.1247332],[16.3315339,48.1247249],[16.3315229,48.1246872],[16.3314592,48.1246955]]]},"properties":{"voltage":"20000;400","name":""}},{"type":"Feature","geometry":{"type":"Polygon","coordinates":[[[16.5845127,48.0739634],[16.5845297,48.0739528],[16.5845468,48.0739423],[16.5845193,48.0739223],[16.584485,48.0739433],[16.5845127,48.0739634]]]},"properties":{"voltage":"20000","name":""}},{"type":"Feature","geometry":{"type":"Polygon","coordinates":[[[16.3651344,48.1718329],[16.3651496,48.1718746],[16.3652232,48.1718627],[16.3652079,48.171821],[16.3651344,48.1718329]]]},"properties":{"voltage":"","name":""}},{"type":"Feature","geometry":{"type":"Polygon","coordinates":[[[15.9200034,48.1925527],[15.9200414,48.1925387],[15.9200181,48.1925105],[15.9199801,48.1925245],[15.9200034,48.1925527]]]},"properties":{"voltage":"","name":""}},{"type":"Feature","geometry":{"type":"Polygon","coordinates":[[[16.0760769,48.9864307],[16.0760862,48.9864533],[16.0761206,48.9864472],[16.0761163,48.9864362],[16.0761116,48.9864242],[16.0760769,48.9864307]]]},"properties":{"voltage":"","name":""}},{"type":"Feature","geometry":{"type":"Polygon","coordinates":[[[16.5918721,48.0777192],[16.5919202,48.0777512],[16.5919659,48.0777205],[16.5919178,48.0776885],[16.5918721,48.0777192]]]},"properties":{"voltage":"","name":""}},{"type":"Feature","geometry":{"type":"Polygon","coordinates":[[[16.4578228,48.2561062],[16.457771,48.2560348],[16.4577036,48.2560569],[16.4577556,48.256127],[16.4578228,48.2561062]]]},"properties":{"voltage":"","name":""}},{"type":"Feature","geometry":{"type":"Polygon","coordinates":[[[16.4549762,48.2570087],[16.4549619,48.2570132],[16.4548863,48.2570368],[16.4549404,48.2571136],[16.4550131,48.2570908],[16.4550302,48.2570855],[16.4549762,48.2570087]]]},"properties":{"voltage":"","name":""}},{"type":"Feature","geometry":{"type":"Polygon","coordinates":[[[16.457297,48.2589089],[16.4573634,48.2588884],[16.4573108,48.2588128],[16.4572443,48.2588333],[16.457297,48.2589089]]]},"properties":{"voltage":"","name":""}},{"type":"Feature","geometry":{"type":"Polygon","coordinates":[[[16.4537604,48.2600485],[16.4538731,48.2600133],[16.4538422,48.2599695],[16.4537289,48.2600039],[16.4537604,48.2600485]]]},"properties":{"voltage":"","name":""}},{"type":"Feature","geometry":{"type":"Polygon","coordinates":[[[16.4509713,48.2559935],[16.451046,48.2559694],[16.4510259,48.2559415],[16.4509518,48.2559656],[16.4509713,48.2559935]]]},"properties":{"voltage":"","name":""}},{"type":"Feature","geometry":{"type":"Polygon","coordinates":[[[15.4367782,48.4927681],[15.4367397,48.4927675],[15.4367387,48.4927953],[15.4367654,48.4927957],[15.4367772,48.4927959],[15.4367776,48.4927835],[15.4367782,48.4927681]]]},"properties":{"voltage":"","name":""}},{"type":"Feature","geometry":{"type":"Polygon","coordinates":[[[17.0744752,48.1683023],[17.0745141,48.1682889],[17.0744973,48.1682673],[17.0744585,48.1682807],[17.0744752,48.1683023]]]},"properties":{"voltage":"","name":"Ts-1845"}},{"type":"Feature","geometry":{"type":"Polygon","coordinates":[[[16.4593464,48.335643],[16.4593717,48.3356983],[16.4595404,48.3356642],[16.459515,48.3356088],[16.4593464,48.335643]]]},"properties":{"voltage":"20000","name":""}},{"type":"Feature","geometry":{"type":"Polygon","coordinates":[[[16.4283679,48.2187694],[16.4283022,48.2187223],[16.4283494,48.2186931],[16.4284151,48.2187403],[16.4283679,48.2187694]]]},"properties":{"voltage":"","name":""}},{"type":"Feature","geometry":{"type":"Polygon","coordinates":[[[15.9627888,48.9062739],[15.962825,48.9062806],[15.9628339,48.9062566],[15.9627977,48.9062499],[15.9627888,48.9062739]]]},"properties":{"voltage":"","name":""}},{"type":"Feature","geometry":{"type":"Polygon","coordinates":[[[15.8682324,48.9061252],[15.8682449,48.9061473],[15.8682778,48.9061387],[15.8682645,48.906117],[15.8682532,48.9061199],[15.8682324,48.9061252]]]},"properties":{"voltage":"","name":""}},{"type":"Feature","geometry":{"type":"Polygon","coordinates":[[[16.2995964,48.1136438],[16.2996031,48.1135847],[16.2995451,48.1135818],[16.2995384,48.1136409],[16.2995964,48.1136438]]]},"properties":{"voltage":"20000;400","name":""}},{"type":"Feature","geometry":{"type":"Polygon","coordinates":[[[16.457356,48.0717971],[16.4574117,48.0717805],[16.4573836,48.0717384],[16.457328,48.071755],[16.457356,48.0717971]]]},"properties":{"voltage":"20000;400","name":""}},{"type":"Feature","geometry":{"type":"Polygon","coordinates":[[[15.1470555,48.9669137],[15.1470197,48.9669247],[15.1470346,48.9669456],[15.1470703,48.9669347],[15.1470555,48.9669137]]]},"properties":{"voltage":"","name":""}},{"type":"Feature","geometry":{"type":"Polygon","coordinates":[[[15.9842231,48.9944],[15.9842529,48.9944134],[15.9842626,48.9944041],[15.9842734,48.9943937],[15.9842435,48.9943803],[15.9842231,48.9944]]]},"properties":{"voltage":"","name":""}},{"type":"Feature","geometry":{"type":"Polygon","coordinates":[[[16.4053271,48.1118919],[16.4052808,48.1119202],[16.4053232,48.1119512],[16.4053695,48.1119229],[16.4053271,48.1118919]]]},"properties":{"voltage":"20000","name":""}},{"type":"Feature","geometry":{"type":"Polygon","coordinates":[[[16.3805857,48.08222],[16.3805793,48.0822459],[16.3806442,48.082253],[16.3806505,48.0822271],[16.3805857,48.08222]]]},"properties":{"voltage":"20000;400","name":""}},{"type":"Feature","geometry":{"type":"Polygon","coordinates":[[[15.8941014,48.2815347],[15.894147,48.2815454],[15.8941655,48.2815105],[15.8941199,48.2814998],[15.8941014,48.2815347]]]},"properties":{"voltage":"","name":""}},{"type":"Feature","geometry":{"type":"Polygon","coordinates":[[[16.3729328,48.3948581],[16.3729581,48.3948626],[16.3729682,48.3948379],[16.3729429,48.3948333],[16.3729328,48.3948581]]]},"properties":{"voltage":"","name":"TST R\u00fcckersdorf Am Donaugraben"}},{"type":"Feature","geometry":{"type":"Polygon","coordinates":[[[16.4517246,48.0455532],[16.4516855,48.0455538],[16.4516871,48.0456007],[16.4517262,48.0456001],[16.4517246,48.0455532]]]},"properties":{"voltage":"","name":""}},{"type":"Feature","geometry":{"type":"Polygon","coordinates":[[[16.4155832,48.1850717],[16.4155215,48.1850887],[16.4155428,48.1851231],[16.4156045,48.1851061],[16.4155832,48.1850717]]]},"properties":{"voltage":"","name":""}},{"type":"Feature","geometry":{"type":"Polygon","coordinates":[[[17.1465748,48.20463],[17.1465483,48.2046502],[17.146597,48.2046787],[17.1466236,48.2046586],[17.1465748,48.20463]]]},"properties":{"voltage":"","name":""}},{"type":"Feature","geometry":{"type":"Polygon","coordinates":[[[17.1556161,48.2124272],[17.1556468,48.2124095],[17.1556301,48.2123966],[17.1555994,48.2124143],[17.1556161,48.2124272]]]},"properties":{"voltage":"","name":""}},{"type":"Feature","geometry":{"type":"Polygon","coordinates":[[[15.9872001,48.921129],[15.9872305,48.9211428],[15.9872507,48.9211234],[15.9872341,48.9211159],[15.9872203,48.9211097],[15.9872001,48.921129]]]},"properties":{"voltage":"","name":""}},{"type":"Feature","geometry":{"type":"Polygon","coordinates":[[[16.1678444,48.1559547],[16.1678051,48.1559141],[16.1678398,48.1558992],[16.1678791,48.1559398],[16.1678444,48.1559547]]]},"properties":{"voltage":"20000","name":""}},{"type":"Feature","geometry":{"type":"Polygon","coordinates":[[[16.0010829,48.9032714],[16.0011155,48.9032627],[16.0011226,48.9032743],[16.0011288,48.9032843],[16.0010962,48.903293],[16.0010829,48.9032714]]]},"properties":{"voltage":"","name":""}},{"type":"Feature","geometry":{"type":"Polygon","coordinates":[[[16.2559785,48.1202074],[16.2559523,48.1202016],[16.2559658,48.1201743],[16.255992,48.1201801],[16.2559785,48.1202074]]]},"properties":{"voltage":"","name":""}},{"type":"Feature","geometry":{"type":"Polygon","coordinates":[[[16.1598701,48.8440519],[16.1598947,48.8441055],[16.1600814,48.8440695],[16.1600577,48.8440156],[16.1598911,48.8440478],[16.1598701,48.8440519]]]},"properties":{"voltage":"","name":""}},{"type":"Feature","geometry":{"type":"Polygon","coordinates":[[[16.712123,48.062994],[16.7121737,48.0629617],[16.712205,48.0629836],[16.7121543,48.0630159],[16.712123,48.062994]]]},"properties":{"voltage":"","name":""}},{"type":"Feature","geometry":{"type":"Polygon","coordinates":[[[16.2829969,48.1289447],[16.2830104,48.1288874],[16.2829389,48.12888],[16.2829345,48.1288988],[16.2829255,48.1289373],[16.2829969,48.1289447]]]},"properties":{"voltage":"","name":""}},{"type":"Feature","geometry":{"type":"Polygon","coordinates":[[[16.4672578,48.2053878],[16.4673046,48.20537],[16.4672722,48.2053321],[16.4672254,48.20535],[16.4672578,48.2053878]]]},"properties":{"voltage":"","name":""}},{"type":"Feature","geometry":{"type":"Polygon","coordinates":[[[16.2927823,48.1082792],[16.2927186,48.1082774],[16.2927165,48.1083106],[16.2927802,48.1083124],[16.2927823,48.1082792]]]},"properties":{"voltage":"20000;400","name":""}},{"type":"Feature","geometry":{"type":"Polygon","coordinates":[[[15.9995744,48.892339],[15.9996111,48.8923501],[15.9996185,48.8923398],[15.9996253,48.8923302],[15.9995878,48.8923184],[15.9995744,48.892339]]]},"properties":{"voltage":"","name":""}},{"type":"Feature","geometry":{"type":"Polygon","coordinates":[[[16.2885263,48.0320852],[16.2884412,48.0321232],[16.2885082,48.0321904],[16.2885933,48.0321525],[16.2885263,48.0320852]]]},"properties":{"voltage":"20000;400","name":""}},{"type":"Feature","geometry":{"type":"Polygon","coordinates":[[[16.3669978,48.1408801],[16.366936,48.1408984],[16.3668947,48.1408364],[16.3669566,48.1408181],[16.3669978,48.1408801]]]},"properties":{"voltage":"","name":""}},{"type":"Feature","geometry":{"type":"Polygon","coordinates":[[[16.3279416,48.1402209],[16.3277956,48.1402705],[16.3278234,48.140307],[16.3279695,48.1402575],[16.3279416,48.1402209]]]},"properties":{"voltage":"","name":""}},{"type":"Feature","geometry":{"type":"Polygon","coordinates":[[[16.3053022,48.0840246],[16.3052908,48.0839748],[16.3052245,48.0839816],[16.3052359,48.0840313],[16.3053022,48.0840246]]]},"properties":{"voltage":"","name":""}},{"type":"Feature","geometry":{"type":"Polygon","coordinates":[[[16.4045255,48.8279993],[16.4045565,48.8280163],[16.4045826,48.8279967],[16.4045691,48.8279891],[16.4045518,48.8279792],[16.4045255,48.8279993]]]},"properties":{"voltage":"","name":""}},{"type":"Feature","geometry":{"type":"Polygon","coordinates":[[[16.3943808,48.8154614],[16.3944267,48.8154526],[16.3944152,48.8154267],[16.3944072,48.8154086],[16.3943609,48.8154178],[16.3943808,48.8154614]]]},"properties":{"voltage":"","name":""}},{"type":"Feature","geometry":{"type":"Polygon","coordinates":[[[16.397265,48.8139978],[16.3972723,48.8140103],[16.3972896,48.8140403],[16.3973339,48.814029],[16.3973157,48.8139977],[16.3973094,48.8139868],[16.397265,48.8139978]]]},"properties":{"voltage":"","name":""}},{"type":"Feature","geometry":{"type":"Polygon","coordinates":[[[16.3986871,48.8088756],[16.3988371,48.8088622],[16.3988263,48.8088097],[16.3988228,48.808793],[16.3987626,48.8087982],[16.3987558,48.8087679],[16.3986669,48.8087766],[16.3986871,48.8088756]]]},"properties":{"voltage":"","name":""}},{"type":"Feature","geometry":{"type":"Polygon","coordinates":[[[16.3030995,48.0767762],[16.303036,48.0767818],[16.3030438,48.0768216],[16.3031073,48.076816],[16.3030995,48.0767762]]]},"properties":{"voltage":"","name":""}},{"type":"Feature","geometry":{"type":"Polygon","coordinates":[[[16.3154811,48.0723889],[16.3154744,48.0723275],[16.3154135,48.0723305],[16.3154202,48.0723919],[16.3154811,48.0723889]]]},"properties":{"voltage":"20000;400","name":""}},{"type":"Feature","geometry":{"type":"Polygon","coordinates":[[[16.3157708,48.0785919],[16.3157116,48.0785991],[16.3157279,48.0786587],[16.3157871,48.0786514],[16.3157708,48.0785919]]]},"properties":{"voltage":"20000;400","name":""}},{"type":"Feature","geometry":{"type":"Polygon","coordinates":[[[16.3269802,48.0709439],[16.3269144,48.0708199],[16.3268435,48.0708368],[16.3269096,48.0709616],[16.3269802,48.0709439]]]},"properties":{"voltage":"20000;400","name":""}},{"type":"Feature","geometry":{"type":"Polygon","coordinates":[[[16.6726441,48.9916448],[16.672674,48.9916448],[16.6727182,48.9916448],[16.672717,48.9915553],[16.672643,48.9915546],[16.6726441,48.9916448]]]},"properties":{"voltage":"22000;400","name":"\u0160kola"}},{"type":"Feature","geometry":{"type":"Polygon","coordinates":[[[16.7458992,48.536245],[16.7459389,48.5362414],[16.7459276,48.5361873],[16.7458879,48.5361909],[16.7458992,48.536245]]]},"properties":{"voltage":"","name":""}},{"type":"Feature","geometry":{"type":"Polygon","coordinates":[[[16.2798996,48.1095468],[16.2799357,48.1095801],[16.279984,48.1095568],[16.2799479,48.1095235],[16.2798996,48.1095468]]]},"properties":{"voltage":"","name":""}},{"type":"Feature","geometry":{"type":"Polygon","coordinates":[[[16.279074,48.1086455],[16.279124,48.1086817],[16.2791657,48.1087119],[16.2792146,48.1086818],[16.279123,48.1086154],[16.279074,48.1086455]]]},"properties":{"voltage":"","name":""}},{"type":"Feature","geometry":{"type":"Polygon","coordinates":[[[15.7016026,48.9987309],[15.7016163,48.9987512],[15.7016493,48.9987424],[15.7016338,48.998721],[15.7016184,48.9987259],[15.7016026,48.9987309]]]},"properties":{"voltage":"","name":""}},{"type":"Feature","geometry":{"type":"Polygon","coordinates":[[[15.6910181,48.9772387],[15.6910367,48.977237],[15.6910532,48.9772355],[15.6910474,48.9772124],[15.6910119,48.9772162],[15.6910181,48.9772387]]]},"properties":{"voltage":"","name":""}},{"type":"Feature","geometry":{"type":"Polygon","coordinates":[[[16.2724801,48.1333933],[16.2725776,48.1333771],[16.2725613,48.1333333],[16.2724638,48.1333495],[16.2724801,48.1333933]]]},"properties":{"voltage":"","name":""}},{"type":"Feature","geometry":{"type":"Polygon","coordinates":[[[16.3217057,48.2151124],[16.3217049,48.2151205],[16.3216224,48.2151113],[16.3216213,48.2151149],[16.3211969,48.2150733],[16.3212035,48.214992],[16.3215051,48.2150223],[16.3215109,48.2149909],[16.3217154,48.2150095],[16.3217057,48.2151124]]]},"properties":{"voltage":"110000","name":"Umspannwerk Ottakring"}},{"type":"Feature","geometry":{"type":"Polygon","coordinates":[[[16.2943512,48.4697491],[16.294364,48.4697318],[16.2943255,48.4697192],[16.2943127,48.4697365],[16.2943512,48.4697491]]]},"properties":{"voltage":"","name":""}},{"type":"Feature","geometry":{"type":"Polygon","coordinates":[[[15.5280751,48.1679385],[15.5280945,48.1679197],[15.5280667,48.1679069],[15.5280472,48.1679257],[15.5280602,48.1679317],[15.5280751,48.1679385]]]},"properties":{"voltage":"","name":""}},{"type":"Feature","geometry":{"type":"Polygon","coordinates":[[[17.133923,48.1957998],[17.1339056,48.195774],[17.1338758,48.195783],[17.1338932,48.1958087],[17.133923,48.1957998]]]},"properties":{"voltage":"","name":"TS-1356"}},{"type":"Feature","geometry":{"type":"Polygon","coordinates":[[[16.2101253,48.780436],[16.2101605,48.7804379],[16.2101633,48.7804149],[16.2101469,48.780414],[16.2101281,48.780413],[16.2101253,48.780436]]]},"properties":{"voltage":"","name":""}},{"type":"Feature","geometry":{"type":"Polygon","coordinates":[[[16.2021467,48.7816652],[16.202168,48.7816848],[16.2021821,48.7816783],[16.2021976,48.7816711],[16.2021763,48.7816514],[16.2021467,48.7816652]]]},"properties":{"voltage":"","name":""}},{"type":"Feature","geometry":{"type":"Polygon","coordinates":[[[16.3619575,48.2443736],[16.3619951,48.2443732],[16.3620727,48.2443809],[16.3621853,48.2443919],[16.3622586,48.2443997],[16.3623484,48.2444097],[16.3624652,48.2444072],[16.3627124,48.2443987],[16.3627399,48.2443973],[16.3627478,48.2443969],[16.3629065,48.244393],[16.3631101,48.244383],[16.3631084,48.2443434],[16.3630919,48.2442971],[16.3630962,48.2440722],[16.3627799,48.2439101],[16.3625217,48.2438271],[16.3621945,48.2437503],[16.361996,48.2437141],[16.3619041,48.2437092],[16.3619079,48.2437666],[16.3619096,48.2437919],[16.3619285,48.2440085],[16.3618807,48.2440078],[16.361881,48.2440133],[16.3618834,48.2440653],[16.3618838,48.2440744],[16.3619333,48.244073],[16.3619515,48.2442986],[16.3619575,48.2443736]]]},"properties":{"voltage":"110000","name":"Umspannwerk Heiligenstadt"}},{"type":"Feature","geometry":{"type":"Polygon","coordinates":[[[16.6336397,48.9752215],[16.633668,48.9752077],[16.6336463,48.9751888],[16.6336176,48.9752031],[16.6336282,48.975212],[16.6336397,48.9752215]]]},"properties":{"voltage":"","name":""}},{"type":"Feature","geometry":{"type":"Polygon","coordinates":[[[15.9169184,48.3421238],[15.9169147,48.3420926],[15.9169641,48.3420901],[15.9169677,48.3421212],[15.9169184,48.3421238]]]},"properties":{"voltage":"","name":""}},{"type":"Feature","geometry":{"type":"Polygon","coordinates":[[[15.9116129,48.3442679],[15.9116719,48.3442593],[15.911662,48.3442292],[15.911603,48.3442377],[15.9116129,48.3442679]]]},"properties":{"voltage":"","name":""}},{"type":"Feature","geometry":{"type":"Polygon","coordinates":[[[15.9221495,48.3411644],[15.9221452,48.3411281],[15.9222337,48.3411235],[15.9222379,48.3411598],[15.9221495,48.3411644]]]},"properties":{"voltage":"","name":""}},{"type":"Feature","geometry":{"type":"Polygon","coordinates":[[[15.1055219,48.1976239],[15.1055468,48.1976068],[15.1055326,48.1975976],[15.1055077,48.1976148],[15.1055219,48.1976239]]]},"properties":{"voltage":"","name":""}},{"type":"Feature","geometry":{"type":"Polygon","coordinates":[[[16.0454957,48.8566342],[16.0455366,48.8566111],[16.0454615,48.8565527],[16.0454203,48.8565759],[16.0454957,48.8566342]]]},"properties":{"voltage":"","name":"Znojmo Obchodn\u00ed akademie"}},{"type":"Feature","geometry":{"type":"Polygon","coordinates":[[[16.4104547,48.1662642],[16.4105199,48.1662652],[16.4105221,48.1661984],[16.4104569,48.1661975],[16.4104547,48.1662642]]]},"properties":{"voltage":"","name":""}},{"type":"Feature","geometry":{"type":"Polygon","coordinates":[[[15.9513474,48.7666581],[15.951371,48.7666395],[15.9513864,48.766648],[15.9513986,48.7666548],[15.9514251,48.7666694],[15.9514015,48.766688],[15.9513756,48.7666737],[15.9513474,48.7666581]]]},"properties":{"voltage":"20000;400","name":""}},{"type":"Feature","geometry":{"type":"Polygon","coordinates":[[[16.4475536,48.2518512],[16.4476162,48.2518308],[16.4475958,48.2518032],[16.4475333,48.2518236],[16.4475536,48.2518512]]]},"properties":{"voltage":"","name":""}},{"type":"Feature","geometry":{"type":"Polygon","coordinates":[[[16.4586723,48.2624806],[16.458732,48.2624619],[16.4587071,48.2624268],[16.4586475,48.2624456],[16.4586723,48.2624806]]]},"properties":{"voltage":"","name":""}},{"type":"Feature","geometry":{"type":"Polygon","coordinates":[[[15.005272,48.390898],[15.005274,48.3908689],[15.0052473,48.390868],[15.0052452,48.3908972],[15.005272,48.390898]]]},"properties":{"voltage":"","name":""}},{"type":"Feature","geometry":{"type":"Polygon","coordinates":[[[15.1322113,48.6451687],[15.1322435,48.6451493],[15.132215,48.6451286],[15.1321828,48.645148],[15.1322113,48.6451687]]]},"properties":{"voltage":"","name":""}},{"type":"Feature","geometry":{"type":"Polygon","coordinates":[[[16.3871072,48.2646856],[16.3870624,48.2647722],[16.387198,48.2648033],[16.3872429,48.2647167],[16.3871072,48.2646856]]]},"properties":{"voltage":"","name":""}},{"type":"Feature","geometry":{"type":"Polygon","coordinates":[[[16.4609095,48.2064736],[16.4609609,48.2064531],[16.4609264,48.2064148],[16.4608751,48.2064353],[16.4609095,48.2064736]]]},"properties":{"voltage":"","name":""}},{"type":"Feature","geometry":{"type":"Polygon","coordinates":[[[16.7222008,48.9442531],[16.7222695,48.9442333],[16.7222527,48.9442083],[16.7221844,48.9442284],[16.7222008,48.9442531]]]},"properties":{"voltage":"22000;400","name":"Hustope\u010de Bytovky"}},{"type":"Feature","geometry":{"type":"Polygon","coordinates":[[[16.2774528,48.2522227],[16.2774404,48.2522344],[16.2774674,48.2522471],[16.2774798,48.2522354],[16.2774528,48.2522227]]]},"properties":{"voltage":"","name":""}},{"type":"Feature","geometry":{"type":"Polygon","coordinates":[[[16.4533637,48.225256],[16.4534189,48.2252197],[16.4533882,48.225199],[16.4533331,48.2252354],[16.4533637,48.225256]]]},"properties":{"voltage":"","name":""}},{"type":"Feature","geometry":{"type":"Polygon","coordinates":[[[15.816885,48.7353535],[15.8168756,48.7353402],[15.8168649,48.7353251],[15.8169014,48.7353139],[15.8169215,48.7353422],[15.816885,48.7353535]]]},"properties":{"voltage":"","name":""}},{"type":"Feature","geometry":{"type":"Polygon","coordinates":[[[16.438732,48.1324486],[16.4387333,48.1323927],[16.4386919,48.1323922],[16.4386905,48.1324482],[16.438732,48.1324486]]]},"properties":{"voltage":"","name":""}},{"type":"Feature","geometry":{"type":"Polygon","coordinates":[[[16.4380878,48.2362519],[16.4380281,48.2362606],[16.4380565,48.2363472],[16.4381163,48.2363385],[16.4380878,48.2362519]]]},"properties":{"voltage":"","name":"Unterwerk Arminenstra\u00dfe"}},{"type":"Feature","geometry":{"type":"Polygon","coordinates":[[[16.3065362,48.1425103],[16.3066447,48.1424964],[16.3066327,48.1424546],[16.3065242,48.1424684],[16.3065362,48.1425103]]]},"properties":{"voltage":"","name":""}},{"type":"Feature","geometry":{"type":"Polygon","coordinates":[[[16.8430451,48.3054306],[16.8431254,48.30543],[16.843169,48.3054296],[16.8432021,48.3054293],[16.8432016,48.305376],[16.8431426,48.3053765],[16.8431105,48.3053768],[16.8430446,48.3053773],[16.8430451,48.3054306]]]},"properties":{"voltage":"20000","name":""}},{"type":"Feature","geometry":{"type":"Polygon","coordinates":[[[16.4589489,48.1413107],[16.4590071,48.1413191],[16.4590183,48.1412848],[16.4589601,48.1412763],[16.4589489,48.1413107]]]},"properties":{"voltage":"","name":""}},{"type":"Feature","geometry":{"type":"Polygon","coordinates":[[[16.5909684,48.4582128],[16.5910224,48.4582486],[16.5910729,48.4582151],[16.5910189,48.4581793],[16.5909684,48.4582128]]]},"properties":{"voltage":"","name":""}},{"type":"Feature","geometry":{"type":"Polygon","coordinates":[[[16.3121198,48.0895898],[16.3121153,48.089521],[16.3121979,48.0895186],[16.3122024,48.0895873],[16.3121198,48.0895898]]]},"properties":{"voltage":"20000;400","name":""}},{"type":"Feature","geometry":{"type":"Polygon","coordinates":[[[15.6241542,48.4392688],[15.6241782,48.4392632],[15.6241648,48.4392377],[15.6241408,48.4392432],[15.6241542,48.4392688]]]},"properties":{"voltage":"","name":""}},{"type":"Feature","geometry":{"type":"Polygon","coordinates":[[[16.427708,48.3677411],[16.4276797,48.3677416],[16.4276522,48.3677421],[16.4276537,48.3677788],[16.4277095,48.3677778],[16.427708,48.3677411]]]},"properties":{"voltage":"","name":""}},{"type":"Feature","geometry":{"type":"Polygon","coordinates":[[[16.7345722,48.052915],[16.7345982,48.052932],[16.7346252,48.0529136],[16.7345991,48.0528966],[16.7345722,48.052915]]]},"properties":{"voltage":"","name":""}},{"type":"Feature","geometry":{"type":"Polygon","coordinates":[[[16.32724,48.2101542],[16.3273302,48.2101397],[16.3273159,48.2101002],[16.3273081,48.2100784],[16.3272179,48.2100928],[16.32724,48.2101542]]]},"properties":{"voltage":"","name":""}},{"type":"Feature","geometry":{"type":"Polygon","coordinates":[[[16.3493596,48.3796091],[16.3493643,48.3795812],[16.3493918,48.3795832],[16.3493871,48.3796112],[16.3493596,48.3796091]]]},"properties":{"voltage":"","name":""}},{"type":"Feature","geometry":{"type":"Polygon","coordinates":[[[15.7166976,48.1571269],[15.7166996,48.1570952],[15.7167375,48.1570963],[15.7167354,48.157128],[15.7166976,48.1571269]]]},"properties":{"voltage":"","name":""}},{"type":"Feature","geometry":{"type":"Polygon","coordinates":[[[16.3259345,48.3104924],[16.3259751,48.3104553],[16.3259415,48.310439],[16.3259009,48.3104762],[16.3259345,48.3104924]]]},"properties":{"voltage":"","name":""}},{"type":"Feature","geometry":{"type":"Polygon","coordinates":[[[15.5767873,48.3875595],[15.576812,48.3875597],[15.5768123,48.3875341],[15.5767877,48.3875339],[15.5767873,48.3875595]]]},"properties":{"voltage":"","name":""}},{"type":"Feature","geometry":{"type":"Polygon","coordinates":[[[16.3917179,48.106661],[16.3916663,48.1066778],[16.3916934,48.106715],[16.391745,48.1066982],[16.3917179,48.106661]]]},"properties":{"voltage":"20000;400","name":""}},{"type":"Feature","geometry":{"type":"Polygon","coordinates":[[[16.4282164,48.2202302],[16.4282607,48.220198],[16.4283054,48.2202253],[16.4282611,48.2202575],[16.4282164,48.2202302]]]},"properties":{"voltage":"","name":""}},{"type":"Feature","geometry":{"type":"Polygon","coordinates":[[[16.2616835,48.1727679],[16.2617228,48.1727444],[16.2616815,48.1727136],[16.2616422,48.1727371],[16.2616835,48.1727679]]]},"properties":{"voltage":"","name":""}},{"type":"Feature","geometry":{"type":"Polygon","coordinates":[[[16.489119,48.213911],[16.4891795,48.2138971],[16.4891596,48.2138588],[16.489099,48.2138727],[16.489119,48.213911]]]},"properties":{"voltage":"","name":""}},{"type":"Feature","geometry":{"type":"Polygon","coordinates":[[[15.5762067,48.3955736],[15.576219,48.3955518],[15.5762508,48.3955597],[15.5762385,48.3955815],[15.5762067,48.3955736]]]},"properties":{"voltage":"","name":""}},{"type":"Feature","geometry":{"type":"Polygon","coordinates":[[[15.5788375,48.4390841],[15.5788817,48.4390697],[15.5788604,48.4390409],[15.5788161,48.4390553],[15.5788375,48.4390841]]]},"properties":{"voltage":"","name":""}},{"type":"Feature","geometry":{"type":"Polygon","coordinates":[[[16.3084866,48.1091004],[16.30849,48.1091631],[16.3085724,48.1091611],[16.3085691,48.1090984],[16.3084866,48.1091004]]]},"properties":{"voltage":"20000;400","name":""}},{"type":"Feature","geometry":{"type":"Polygon","coordinates":[[[17.1376286,48.1914157],[17.1375974,48.1914311],[17.1375182,48.1913599],[17.1375494,48.1913445],[17.1376286,48.1914157]]]},"properties":{"voltage":"","name":""}},{"type":"Feature","geometry":{"type":"Polygon","coordinates":[[[16.1124256,48.1304537],[16.1124247,48.1304075],[16.1123506,48.1304082],[16.1123515,48.1304544],[16.1124256,48.1304537]]]},"properties":{"voltage":"20000","name":""}},{"type":"Feature","geometry":{"type":"Polygon","coordinates":[[[16.1634331,48.2467135],[16.1634835,48.2467275],[16.1634934,48.2467306],[16.1635055,48.2467098],[16.1634459,48.2466932],[16.1634331,48.2467135]]]},"properties":{"voltage":"20000","name":""}},{"type":"Feature","geometry":{"type":"Polygon","coordinates":[[[16.4935928,48.2510912],[16.4936598,48.2510908],[16.4936594,48.2510535],[16.4935924,48.2510538],[16.4935928,48.2510912]]]},"properties":{"voltage":"","name":""}},{"type":"Feature","geometry":{"type":"Polygon","coordinates":[[[16.0012433,48.9212566],[16.0012762,48.9212456],[16.0012676,48.9212347],[16.00126,48.921225],[16.0012278,48.9212358],[16.0012433,48.9212566]]]},"properties":{"voltage":"","name":""}},{"type":"Feature","geometry":{"type":"Polygon","coordinates":[[[16.0871509,48.9429175],[16.0871616,48.9429408],[16.0871805,48.942937],[16.0871955,48.942934],[16.0871848,48.9429108],[16.0871509,48.9429175]]]},"properties":{"voltage":"","name":""}},{"type":"Feature","geometry":{"type":"Polygon","coordinates":[[[16.1186961,48.9280326],[16.1187318,48.9280364],[16.1187379,48.9280128],[16.1187231,48.9280111],[16.1187022,48.9280088],[16.1186961,48.9280326]]]},"properties":{"voltage":"","name":""}},{"type":"Feature","geometry":{"type":"Polygon","coordinates":[[[16.4356065,48.3509654],[16.4356539,48.3509275],[16.4356854,48.3509449],[16.435638,48.3509828],[16.4356065,48.3509654]]]},"properties":{"voltage":"","name":""}},{"type":"Feature","geometry":{"type":"Polygon","coordinates":[[[16.3387566,48.187036],[16.338804,48.1870507],[16.3391306,48.1871529],[16.3391891,48.1871703],[16.3392913,48.1872023],[16.3393319,48.1872156],[16.339346,48.1871882],[16.339392,48.1871021],[16.3393999,48.1870874],[16.3394134,48.1870651],[16.339546,48.1868154],[16.3397784,48.1863751],[16.3392049,48.1862029],[16.3389847,48.18661],[16.3388951,48.1867756],[16.3387566,48.187036]]]},"properties":{"voltage":"110000","name":"Umspannwerk Gaudenzdorf"}},{"type":"Feature","geometry":{"type":"Polygon","coordinates":[[[16.3960694,48.179462],[16.396164,48.1795102],[16.3962076,48.1794722],[16.396113,48.179424],[16.3960694,48.179462]]]},"properties":{"voltage":"","name":""}},{"type":"Feature","geometry":{"type":"Polygon","coordinates":[[[16.3955538,48.1804541],[16.3956349,48.1803855],[16.3956822,48.1804104],[16.3956011,48.180479],[16.3955538,48.1804541]]]},"properties":{"voltage":"","name":""}},{"type":"Feature","geometry":{"type":"Polygon","coordinates":[[[15.6729515,48.4116805],[15.6729831,48.411659],[15.6729523,48.4116391],[15.6729207,48.4116606],[15.6729515,48.4116805]]]},"properties":{"voltage":"","name":""}},{"type":"Feature","geometry":{"type":"Polygon","coordinates":[[[16.2716416,48.1951669],[16.27157,48.1950446],[16.2723938,48.1948484],[16.2724469,48.1949406],[16.2721399,48.1950184],[16.2720206,48.1950486],[16.2720547,48.1951013],[16.2720608,48.1950999],[16.272201,48.195313],[16.2722489,48.1953893],[16.270655,48.1958248],[16.2705568,48.1956382],[16.2706803,48.1955816],[16.2709262,48.1955012],[16.2710595,48.195468],[16.2710338,48.1954244],[16.2710412,48.1954228],[16.2710044,48.195354],[16.2713959,48.1952587],[16.2713804,48.1952302],[16.2716416,48.1951669]]]},"properties":{"voltage":"55000;15000","name":"Unterwerk Wien H\u00fctteldorf"}},{"type":"Feature","geometry":{"type":"Polygon","coordinates":[[[15.9893257,48.9681043],[15.9893575,48.968093],[15.9893486,48.9680821],[15.9893407,48.9680724],[15.9893088,48.9680837],[15.9893257,48.9681043]]]},"properties":{"voltage":"","name":""}},{"type":"Feature","geometry":{"type":"Polygon","coordinates":[[[16.4304149,48.3611847],[16.4304125,48.3611344],[16.4304587,48.3611334],[16.4304611,48.3611838],[16.4304149,48.3611847]]]},"properties":{"voltage":"","name":""}},{"type":"Feature","geometry":{"type":"Polygon","coordinates":[[[16.3881434,48.1756102],[16.3880706,48.1756258],[16.3880851,48.1756555],[16.388158,48.1756415],[16.3881434,48.1756102]]]},"properties":{"voltage":"","name":""}},{"type":"Feature","geometry":{"type":"Polygon","coordinates":[[[15.6307214,48.4132176],[15.6307744,48.4132261],[15.6307901,48.4131832],[15.6307371,48.4131746],[15.6307214,48.4132176]]]},"properties":{"voltage":"","name":""}},{"type":"Feature","geometry":{"type":"Polygon","coordinates":[[[15.6308992,48.4159871],[15.6309424,48.4159913],[15.6309459,48.4159753],[15.6309028,48.4159711],[15.6308992,48.4159871]]]},"properties":{"voltage":"","name":""}},{"type":"Feature","geometry":{"type":"Polygon","coordinates":[[[15.6334975,48.4170664],[15.6335578,48.4170754],[15.6335719,48.4170339],[15.6335116,48.4170248],[15.6334975,48.4170664]]]},"properties":{"voltage":"","name":""}},{"type":"Feature","geometry":{"type":"Polygon","coordinates":[[[15.6372139,48.4155187],[15.637255,48.4155175],[15.6372532,48.4154913],[15.6372121,48.4154926],[15.6372139,48.4155187]]]},"properties":{"voltage":"","name":""}},{"type":"Feature","geometry":{"type":"Polygon","coordinates":[[[16.5121927,48.1474363],[16.5121487,48.147385],[16.5121928,48.1473681],[16.5122365,48.14742],[16.5121927,48.1474363]]]},"properties":{"voltage":"","name":""}},{"type":"Feature","geometry":{"type":"Polygon","coordinates":[[[16.3487489,48.0880832],[16.3487423,48.0880427],[16.3488062,48.088038],[16.3488129,48.0880785],[16.3487489,48.0880832]]]},"properties":{"voltage":"20000;400","name":""}},{"type":"Feature","geometry":{"type":"Polygon","coordinates":[[[16.7991725,48.9434836],[16.799206,48.9434912],[16.7992212,48.9434615],[16.7991877,48.9434539],[16.7991725,48.9434836]]]},"properties":{"voltage":"22000","name":"Horn\u00ed Bojanovice S\u00ddPKA"}},{"type":"Feature","geometry":{"type":"Polygon","coordinates":[[[16.1237194,48.1854545],[16.1236332,48.1854122],[16.123599,48.1854433],[16.1236851,48.1854855],[16.1237194,48.1854545]]]},"properties":{"voltage":"20000","name":""}},{"type":"Feature","geometry":{"type":"Polygon","coordinates":[[[15.6557833,48.4076331],[15.655844,48.407616],[15.6558247,48.4075859],[15.6557641,48.4076031],[15.6557833,48.4076331]]]},"properties":{"voltage":"","name":""}},{"type":"Feature","geometry":{"type":"Polygon","coordinates":[[[15.6553531,48.4039945],[15.6553865,48.4039766],[15.6553671,48.4039606],[15.6553337,48.4039785],[15.6553531,48.4039945]]]},"properties":{"voltage":"","name":""}},{"type":"Feature","geometry":{"type":"Polygon","coordinates":[[[16.3134742,48.0769927],[16.3134888,48.0770181],[16.3135532,48.0770015],[16.3135386,48.0769762],[16.3134742,48.0769927]]]},"properties":{"voltage":"20000;400","name":""}},{"type":"Feature","geometry":{"type":"Polygon","coordinates":[[[16.3654486,48.3336227],[16.3654738,48.3336722],[16.3655414,48.3336569],[16.3655162,48.3336075],[16.3654486,48.3336227]]]},"properties":{"voltage":"","name":""}},{"type":"Feature","geometry":{"type":"Polygon","coordinates":[[[16.3302245,48.0825271],[16.3302203,48.082498],[16.3302629,48.0824952],[16.3302671,48.0825244],[16.3302245,48.0825271]]]},"properties":{"voltage":"","name":""}},{"type":"Feature","geometry":{"type":"Polygon","coordinates":[[[16.2597301,48.0986448],[16.2597351,48.0986285],[16.25974,48.0986123],[16.2596879,48.098605],[16.2596779,48.0986377],[16.2597301,48.0986448]]]},"properties":{"voltage":"20000","name":""}},{"type":"Feature","geometry":{"type":"Polygon","coordinates":[[[16.4530349,48.0137746],[16.4530406,48.0138026],[16.4530609,48.0138007],[16.4530799,48.0137989],[16.4530742,48.013771],[16.4530349,48.0137746]]]},"properties":{"voltage":"20000;400","name":""}},{"type":"Feature","geometry":{"type":"Polygon","coordinates":[[[16.9898247,48.9566871],[16.9898445,48.9566937],[16.9898647,48.9567004],[16.9898808,48.9566786],[16.9898419,48.9566642],[16.9898247,48.9566871]]]},"properties":{"voltage":"","name":""}},{"type":"Feature","geometry":{"type":"Polygon","coordinates":[[[16.3293274,48.1731464],[16.3292992,48.1731771],[16.3294085,48.1732218],[16.3294367,48.1731911],[16.3293274,48.1731464]]]},"properties":{"voltage":"","name":"Unterwerk Philadelphiabr\u00fccke"}},{"type":"Feature","geometry":{"type":"Polygon","coordinates":[[[15.6289837,48.4071629],[15.629129,48.4071387],[15.6290859,48.4070244],[15.6289406,48.4070485],[15.6289837,48.4071629]]]},"properties":{"voltage":"","name":""}},{"type":"Feature","geometry":{"type":"Polygon","coordinates":[[[16.3278901,48.2277914],[16.3279322,48.2277631],[16.3278832,48.2277307],[16.327841,48.2277591],[16.3278901,48.2277914]]]},"properties":{"voltage":"","name":""}},{"type":"Feature","geometry":{"type":"Polygon","coordinates":[[[16.3342056,48.0611818],[16.3342545,48.0611472],[16.334171,48.0610945],[16.3341221,48.0611291],[16.3342056,48.0611818]]]},"properties":{"voltage":"20000;400","name":"IZ Trafo 1"}},{"type":"Feature","geometry":{"type":"Polygon","coordinates":[[[16.3336564,48.0616681],[16.3336806,48.0617054],[16.3337749,48.0616782],[16.3337509,48.0616408],[16.3336564,48.0616681]]]},"properties":{"voltage":"20000;400","name":""}},{"type":"Feature","geometry":{"type":"Polygon","coordinates":[[[16.3258734,48.0736999],[16.3258291,48.0736229],[16.3257872,48.0736336],[16.3258314,48.0737107],[16.3258734,48.0736999]]]},"properties":{"voltage":"20000;400","name":""}},{"type":"Feature","geometry":{"type":"Polygon","coordinates":[[[16.3256316,48.0740154],[16.3256498,48.0740478],[16.3257071,48.0740335],[16.325689,48.074001],[16.3256316,48.0740154]]]},"properties":{"voltage":"20000;400","name":""}},{"type":"Feature","geometry":{"type":"Polygon","coordinates":[[[16.3230745,48.0743989],[16.3231247,48.0743868],[16.3230925,48.0743272],[16.3230423,48.0743393],[16.3230745,48.0743989]]]},"properties":{"voltage":"20000;400","name":""}},{"type":"Feature","geometry":{"type":"Polygon","coordinates":[[[16.3078965,48.0437053],[16.3078161,48.0437425],[16.3078479,48.0437733],[16.3079284,48.0437361],[16.3078965,48.0437053]]]},"properties":{"voltage":"20000;400","name":""}},{"type":"Feature","geometry":{"type":"Polygon","coordinates":[[[15.6398649,48.4054944],[15.6398955,48.4054826],[15.6399198,48.4055103],[15.6398893,48.4055221],[15.6398649,48.4054944]]]},"properties":{"voltage":"","name":""}},{"type":"Feature","geometry":{"type":"Polygon","coordinates":[[[15.6406619,48.4065742],[15.6406993,48.406618],[15.6407223,48.4066093],[15.6407497,48.406599],[15.640757,48.4065963],[15.6407196,48.4065525],[15.6406619,48.4065742]]]},"properties":{"voltage":"","name":""}},{"type":"Feature","geometry":{"type":"Polygon","coordinates":[[[15.640675,48.4066856],[15.6407289,48.4067489],[15.6407927,48.4067249],[15.640814,48.4067169],[15.6407652,48.4066596],[15.6407601,48.4066536],[15.640737,48.4066623],[15.640675,48.4066856]]]},"properties":{"voltage":"","name":""}},{"type":"Feature","geometry":{"type":"Polygon","coordinates":[[[15.3891702,48.197384],[15.3903082,48.19719],[15.3903157,48.1972102],[15.3903536,48.197312],[15.3903664,48.1973462],[15.3904027,48.1974373],[15.3903518,48.1974471],[15.390229,48.1975535],[15.3892781,48.1977162],[15.3891702,48.197384]]]},"properties":{"voltage":"110000","name":"Umspannwerk Loosdorf"}},{"type":"Feature","geometry":{"type":"Polygon","coordinates":[[[16.3819777,48.312443],[16.3819761,48.3124031],[16.3820763,48.3124012],[16.382078,48.3124412],[16.3819777,48.312443]]]},"properties":{"voltage":"20000","name":""}},{"type":"Feature","geometry":{"type":"Polygon","coordinates":[[[15.7355158,48.4692664],[15.7355373,48.4692664],[15.7355373,48.4692509],[15.7355158,48.4692509],[15.7355158,48.4692664]]]},"properties":{"voltage":"","name":""}},{"type":"Feature","geometry":{"type":"Polygon","coordinates":[[[15.603591,48.5341376],[15.6036361,48.5341394],[15.6036391,48.5341068],[15.6035939,48.534105],[15.603591,48.5341376]]]},"properties":{"voltage":"20000;400","name":""}},{"type":"Feature","geometry":{"type":"Polygon","coordinates":[[[16.3926034,48.1569358],[16.3926541,48.1569483],[16.3926782,48.1569044],[16.3926275,48.156892],[16.3926034,48.1569358]]]},"properties":{"voltage":"","name":""}},{"type":"Feature","geometry":{"type":"Polygon","coordinates":[[[15.0842381,48.1755322],[15.0843068,48.1755144],[15.0842803,48.1754692],[15.0842117,48.1754871],[15.0842381,48.1755322]]]},"properties":{"voltage":"","name":""}},{"type":"Feature","geometry":{"type":"Polygon","coordinates":[[[15.6638669,48.4278301],[15.6638358,48.4278482],[15.6638625,48.4278685],[15.6638937,48.4278504],[15.6638669,48.4278301]]]},"properties":{"voltage":"","name":""}},{"type":"Feature","geometry":{"type":"Polygon","coordinates":[[[16.2207878,48.0096454],[16.2207475,48.0096375],[16.2207374,48.0096606],[16.2207777,48.0096685],[16.2207878,48.0096454]]]},"properties":{"voltage":"20000","name":""}},{"type":"Feature","geometry":{"type":"Polygon","coordinates":[[[16.28412,48.192769],[16.2841932,48.1927447],[16.2841657,48.1927079],[16.2840925,48.1927322],[16.28412,48.192769]]]},"properties":{"voltage":"","name":""}},{"type":"Feature","geometry":{"type":"Polygon","coordinates":[[[16.1310919,48.9180186],[16.1310943,48.9180443],[16.1311332,48.9180427],[16.1311312,48.9180171],[16.1310919,48.9180186]]]},"properties":{"voltage":"","name":""}},{"type":"Feature","geometry":{"type":"Polygon","coordinates":[[[16.1391259,48.9186141],[16.1391297,48.9186257],[16.1391334,48.9186367],[16.1391673,48.9186321],[16.1391599,48.9186095],[16.1391259,48.9186141]]]},"properties":{"voltage":"","name":""}},{"type":"Feature","geometry":{"type":"Polygon","coordinates":[[[15.6767308,48.3393778],[15.6767655,48.339373],[15.6767587,48.3393515],[15.676724,48.3393563],[15.6767308,48.3393778]]]},"properties":{"voltage":"","name":""}},{"type":"Feature","geometry":{"type":"Polygon","coordinates":[[[15.4760922,48.3276281],[15.4761237,48.3276281],[15.4761238,48.3276471],[15.4760922,48.3276472],[15.4760922,48.3276281]]]},"properties":{"voltage":"","name":""}},{"type":"Feature","geometry":{"type":"Polygon","coordinates":[[[17.0361673,48.0490073],[17.0361396,48.048987],[17.0361935,48.0489542],[17.0362211,48.0489745],[17.0361673,48.0490073]]]},"properties":{"voltage":"","name":""}},{"type":"Feature","geometry":{"type":"Polygon","coordinates":[[[15.4520621,48.3241816],[15.4520886,48.324181],[15.4520873,48.3241554],[15.4520609,48.324156],[15.4520621,48.3241816]]]},"properties":{"voltage":"","name":""}},{"type":"Feature","geometry":{"type":"Polygon","coordinates":[[[16.4671592,48.2945743],[16.4671668,48.2946109],[16.467231,48.2946049],[16.4672233,48.2945684],[16.4671592,48.2945743]]]},"properties":{"voltage":"","name":""}},{"type":"Feature","geometry":{"type":"Polygon","coordinates":[[[15.7005518,48.3532118],[15.7005528,48.3531897],[15.7005195,48.353189],[15.7005185,48.3532111],[15.7005518,48.3532118]]]},"properties":{"voltage":"","name":""}},{"type":"Feature","geometry":{"type":"Polygon","coordinates":[[[16.4242599,48.1543222],[16.4244725,48.154439],[16.4247214,48.1545664],[16.4248092,48.1545346],[16.4249236,48.1544965],[16.4250552,48.1544723],[16.4251315,48.1544596],[16.425223,48.1544596],[16.424773,48.1538126],[16.4246503,48.153638],[16.424656,48.1537148],[16.4246128,48.1538563],[16.424559,48.1539646],[16.4244976,48.1540639],[16.4244198,48.154169],[16.4243535,48.1542439],[16.4242599,48.1543222]]]},"properties":{"voltage":"380000","name":"Kabel\u00fcberf\u00fchrungsstation Schemmerlstra\u00dfe"}},{"type":"Feature","geometry":{"type":"Polygon","coordinates":[[[15.9026427,48.971628],[15.9026535,48.9716225],[15.902673,48.9716126],[15.9026507,48.9715926],[15.9026201,48.9716077],[15.9026427,48.971628]]]},"properties":{"voltage":"","name":""}},{"type":"Feature","geometry":{"type":"Polygon","coordinates":[[[16.1719661,48.9257758],[16.1719971,48.9257672],[16.1719822,48.9257468],[16.1719696,48.9257506],[16.1719529,48.9257556],[16.1719661,48.9257758]]]},"properties":{"voltage":"","name":""}},{"type":"Feature","geometry":{"type":"Polygon","coordinates":[[[16.7454023,48.8316236],[16.7453713,48.8316124],[16.7453631,48.8316219],[16.7453549,48.8316314],[16.7453857,48.831643],[16.7454023,48.8316236]]]},"properties":{"voltage":"","name":""}},{"type":"Feature","geometry":{"type":"Polygon","coordinates":[[[15.8807487,48.1080845],[15.8807496,48.1081019],[15.8808053,48.1081007],[15.8808044,48.1080832],[15.8807487,48.1080845]]]},"properties":{"voltage":"20000","name":""}},{"type":"Feature","geometry":{"type":"Polygon","coordinates":[[[15.6059078,48.4511849],[15.6059375,48.4511944],[15.6059226,48.4512148],[15.6058929,48.4512052],[15.6059078,48.4511849]]]},"properties":{"voltage":"","name":""}},{"type":"Feature","geometry":{"type":"Polygon","coordinates":[[[16.2280746,48.2143784],[16.2280081,48.2143776],[16.2280072,48.2144132],[16.2280737,48.214414],[16.2280746,48.2143784]]]},"properties":{"voltage":"","name":""}},{"type":"Feature","geometry":{"type":"Polygon","coordinates":[[[15.5678593,48.4453329],[15.5678309,48.4453072],[15.5677963,48.445324],[15.5678246,48.4453497],[15.5678593,48.4453329]]]},"properties":{"voltage":"","name":""}},{"type":"Feature","geometry":{"type":"Polygon","coordinates":[[[15.6094844,48.3905472],[15.609516,48.3905482],[15.6095184,48.3905177],[15.6094867,48.3905167],[15.6094844,48.3905472]]]},"properties":{"voltage":"","name":""}},{"type":"Feature","geometry":{"type":"Polygon","coordinates":[[[16.2173826,48.0048306],[16.2173095,48.0048472],[16.2173484,48.004927],[16.2174197,48.0049074],[16.2173826,48.0048306]]]},"properties":{"voltage":"20000","name":""}},{"type":"Feature","geometry":{"type":"Polygon","coordinates":[[[16.1619887,48.9510992],[16.1620044,48.9511208],[16.1620224,48.9511151],[16.1620376,48.9511103],[16.1620218,48.9510888],[16.1619887,48.9510992]]]},"properties":{"voltage":"","name":""}},{"type":"Feature","geometry":{"type":"Polygon","coordinates":[[[16.6491714,48.1900597],[16.6491861,48.1900529],[16.6492043,48.1900445],[16.6491799,48.1900211],[16.649147,48.1900363],[16.6491714,48.1900597]]]},"properties":{"voltage":"","name":""}},{"type":"Feature","geometry":{"type":"Polygon","coordinates":[[[15.5678873,48.4519994],[15.5679663,48.4519918],[15.5679574,48.4519511],[15.5678783,48.4519587],[15.5678873,48.4519994]]]},"properties":{"voltage":"","name":""}},{"type":"Feature","geometry":{"type":"Polygon","coordinates":[[[16.5911643,48.8591882],[16.5911619,48.8592196],[16.5911972,48.8592209],[16.5911998,48.8591895],[16.5911643,48.8591882]]]},"properties":{"voltage":"","name":""}},{"type":"Feature","geometry":{"type":"Polygon","coordinates":[[[16.6952421,48.7800087],[16.6952354,48.7800374],[16.6952538,48.7800393],[16.6952732,48.7800412],[16.6952799,48.7800125],[16.6952421,48.7800087]]]},"properties":{"voltage":"","name":""}},{"type":"Feature","geometry":{"type":"Polygon","coordinates":[[[15.5609559,48.450504],[15.5609706,48.450529],[15.5609329,48.4505388],[15.5609182,48.4505138],[15.5609559,48.450504]]]},"properties":{"voltage":"","name":""}},{"type":"Feature","geometry":{"type":"Polygon","coordinates":[[[16.7620473,48.3862365],[16.7620332,48.3862564],[16.7628129,48.3865003],[16.7630491,48.3861672],[16.7622694,48.3859234],[16.7622274,48.3859825],[16.7620863,48.3861815],[16.7620473,48.3862365]]]},"properties":{"voltage":"110000","name":"Umspannwerk Prottes"}},{"type":"Feature","geometry":{"type":"Polygon","coordinates":[[[16.235332,48.2015018],[16.2353483,48.2015376],[16.2354126,48.2015247],[16.2353964,48.2014888],[16.235332,48.2015018]]]},"properties":{"voltage":"","name":""}},{"type":"Feature","geometry":{"type":"Polygon","coordinates":[[[15.5444825,48.4524071],[15.5445201,48.4524154],[15.5445325,48.4523906],[15.5444948,48.4523823],[15.5444825,48.4524071]]]},"properties":{"voltage":"","name":""}},{"type":"Feature","geometry":{"type":"Polygon","coordinates":[[[16.3134819,48.1061193],[16.3134819,48.1062095],[16.3135372,48.1062095],[16.3135372,48.1061193],[16.3134819,48.1061193]]]},"properties":{"voltage":"20000;400","name":""}},{"type":"Feature","geometry":{"type":"Polygon","coordinates":[[[16.6056579,48.00475],[16.6054514,48.0048417],[16.6055021,48.0048928],[16.6057086,48.0048012],[16.6056579,48.00475]]]},"properties":{"voltage":"20000","name":""}},{"type":"Feature","geometry":{"type":"Polygon","coordinates":[[[15.9116994,48.0266924],[15.9116283,48.0266825],[15.9116121,48.0267346],[15.9116832,48.0267445],[15.9116994,48.0266924]]]},"properties":{"voltage":"","name":""}},{"type":"Feature","geometry":{"type":"Polygon","coordinates":[[[15.5053221,48.4455628],[15.5053566,48.4455551],[15.5053462,48.4455347],[15.5053117,48.4455424],[15.5053221,48.4455628]]]},"properties":{"voltage":"","name":""}},{"type":"Feature","geometry":{"type":"Polygon","coordinates":[[[16.2929467,48.195783],[16.292908,48.195781],[16.2929036,48.1958116],[16.2929429,48.1958137],[16.2929467,48.195783]]]},"properties":{"voltage":"","name":""}},{"type":"Feature","geometry":{"type":"Polygon","coordinates":[[[16.3122091,48.884422],[16.3122245,48.8844111],[16.3122339,48.8844045],[16.3122083,48.8843888],[16.3121849,48.8844065],[16.3122091,48.884422]]]},"properties":{"voltage":"","name":""}},{"type":"Feature","geometry":{"type":"Polygon","coordinates":[[[16.8823017,48.9957098],[16.8823332,48.9957003],[16.882319,48.9956798],[16.8823029,48.9956844],[16.8822873,48.9956888],[16.8823017,48.9957098]]]},"properties":{"voltage":"","name":""}},{"type":"Feature","geometry":{"type":"Polygon","coordinates":[[[16.3806159,48.2837001],[16.3806667,48.2837193],[16.3806984,48.2836821],[16.3806476,48.2836629],[16.3806159,48.2837001]]]},"properties":{"voltage":"","name":""}},{"type":"Feature","geometry":{"type":"Polygon","coordinates":[[[15.0839872,48.5495305],[15.0839846,48.5495528],[15.0839671,48.5495519],[15.0839501,48.5495511],[15.0839527,48.5495288],[15.0839872,48.5495305]]]},"properties":{"voltage":"20000;400","name":""}},{"type":"Feature","geometry":{"type":"Polygon","coordinates":[[[16.9608788,48.8681584],[16.9608574,48.8681774],[16.9608849,48.8681916],[16.9609068,48.8681722],[16.9608934,48.8681656],[16.9608788,48.8681584]]]},"properties":{"voltage":"","name":""}},{"type":"Feature","geometry":{"type":"Polygon","coordinates":[[[17.1628586,48.9152176],[17.1628528,48.9151696],[17.1627796,48.9151735],[17.1627838,48.9152082],[17.1627854,48.9152215],[17.1628586,48.9152176]]]},"properties":{"voltage":"","name":""}},{"type":"Feature","geometry":{"type":"Polygon","coordinates":[[[16.3752354,48.2837588],[16.375212,48.2837948],[16.375021,48.2837473],[16.3750067,48.2837252],[16.3750211,48.2837039],[16.3752354,48.2837588]]]},"properties":{"voltage":"","name":""}},{"type":"Feature","geometry":{"type":"Polygon","coordinates":[[[15.5592776,48.4211399],[15.5592759,48.4211595],[15.5593131,48.421161],[15.5593148,48.4211414],[15.5592776,48.4211399]]]},"properties":{"voltage":"","name":""}},{"type":"Feature","geometry":{"type":"Polygon","coordinates":[[[16.7487351,48.2646721],[16.7490987,48.2645282],[16.7497125,48.2652156],[16.7475025,48.26609],[16.7468888,48.2654027],[16.7487351,48.2646721]]]},"properties":{"voltage":"110000","name":"Umspannwerk Untersiebenbrunn"}},{"type":"Feature","geometry":{"type":"Polygon","coordinates":[[[16.2778893,48.1237854],[16.2778622,48.1238061],[16.2779171,48.1238383],[16.2779443,48.1238176],[16.2778893,48.1237854]]]},"properties":{"voltage":"","name":""}},{"type":"Feature","geometry":{"type":"Polygon","coordinates":[[[16.2366446,48.6322474],[16.236626,48.632251],[16.2365999,48.632256],[16.2365763,48.6322024],[16.236621,48.6321938],[16.2366446,48.6322474]]]},"properties":{"voltage":"","name":""}},{"type":"Feature","geometry":{"type":"Polygon","coordinates":[[[15.5099999,48.5123784],[15.5100186,48.512338],[15.510096,48.5123537],[15.5100772,48.5123941],[15.5099999,48.5123784]]]},"properties":{"voltage":"20000;400","name":""}},{"type":"Feature","geometry":{"type":"Polygon","coordinates":[[[15.0612561,48.7842284],[15.0613056,48.7842299],[15.0613083,48.7841876],[15.0612589,48.7841862],[15.0612561,48.7842284]]]},"properties":{"voltage":"","name":""}},{"type":"Feature","geometry":{"type":"Polygon","coordinates":[[[15.8160319,48.321362],[15.8160281,48.3213342],[15.8160519,48.3213328],[15.8160558,48.3213606],[15.8160319,48.321362]]]},"properties":{"voltage":"","name":"TST Reidling Pflegeheim"}},{"type":"Feature","geometry":{"type":"Polygon","coordinates":[[[16.067775,48.3231557],[16.0678348,48.3231387],[16.0678153,48.3231013],[16.0677518,48.3231192],[16.067775,48.3231557]]]},"properties":{"voltage":"","name":"TST Tulln Anton Bruckner Str"}},{"type":"Feature","geometry":{"type":"Polygon","coordinates":[[[16.4037171,48.2673357],[16.4037852,48.2673161],[16.40377,48.2672928],[16.4037019,48.2673124],[16.4037171,48.2673357]]]},"properties":{"voltage":"","name":""}},{"type":"Feature","geometry":{"type":"Polygon","coordinates":[[[15.8210956,48.3336354],[15.8210958,48.3336475],[15.8211347,48.3336472],[15.8211345,48.3336351],[15.8210956,48.3336354]]]},"properties":{"voltage":"","name":"TST Reidling Europastra\u00dfe West"}},{"type":"Feature","geometry":{"type":"Polygon","coordinates":[[[15.8221953,48.3335626],[15.8221794,48.3335182],[15.822227,48.3335107],[15.8222428,48.3335551],[15.8221953,48.3335626]]]},"properties":{"voltage":"","name":"TST Reidling Europastra\u00dfe Ost"}},{"type":"Feature","geometry":{"type":"Polygon","coordinates":[[[15.8239605,48.3341898],[15.8239522,48.3341625],[15.8239742,48.3341596],[15.8239825,48.3341868],[15.8239605,48.3341898]]]},"properties":{"voltage":"","name":"TST Reidling Porzellanfabrik"}},{"type":"Feature","geometry":{"type":"Polygon","coordinates":[[[15.8942297,48.9975796],[15.8942639,48.9975771],[15.89426,48.997552],[15.8942261,48.9975544],[15.8942284,48.9975706],[15.8942297,48.9975796]]]},"properties":{"voltage":"","name":""}},{"type":"Feature","geometry":{"type":"Polygon","coordinates":[[[16.2490881,48.426165],[16.2491149,48.426171],[16.2491278,48.4261456],[16.249101,48.4261396],[16.2490881,48.426165]]]},"properties":{"voltage":"","name":""}},{"type":"Feature","geometry":{"type":"Polygon","coordinates":[[[16.5991093,48.4546626],[16.599059,48.4546413],[16.5990391,48.4546619],[16.5990894,48.4546833],[16.5991093,48.4546626]]]},"properties":{"voltage":"","name":""}},{"type":"Feature","geometry":{"type":"Polygon","coordinates":[[[16.2152597,48.3412424],[16.2153075,48.3412359],[16.2152949,48.3411952],[16.2152471,48.3412017],[16.2152597,48.3412424]]]},"properties":{"voltage":"20000;400","name":""}},{"type":"Feature","geometry":{"type":"Polygon","coordinates":[[[16.3272852,48.9195815],[16.3272889,48.9196042],[16.3273075,48.9196027],[16.3273237,48.9196014],[16.3273193,48.9195785],[16.3272852,48.9195815]]]},"properties":{"voltage":"","name":""}},{"type":"Feature","geometry":{"type":"Polygon","coordinates":[[[15.5831235,48.1786275],[15.5831002,48.1785929],[15.5831336,48.178583],[15.5831568,48.1786175],[15.5831235,48.1786275]]]},"properties":{"voltage":"","name":""}},{"type":"Feature","geometry":{"type":"Polygon","coordinates":[[[16.1969013,48.5791017],[16.1969324,48.5791045],[16.1969299,48.5791168],[16.1969277,48.5791272],[16.1968966,48.5791243],[16.1968988,48.5791137],[16.1969013,48.5791017]]]},"properties":{"voltage":"","name":""}},{"type":"Feature","geometry":{"type":"Polygon","coordinates":[[[17.0953272,48.1277099],[17.0953474,48.1276875],[17.0953135,48.1276739],[17.0952933,48.1276963],[17.0953272,48.1277099]]]},"properties":{"voltage":"","name":""}},{"type":"Feature","geometry":{"type":"Polygon","coordinates":[[[16.1872205,48.3872784],[16.1872093,48.3872594],[16.1872289,48.3872543],[16.1872401,48.3872733],[16.1872205,48.3872784]]]},"properties":{"voltage":"","name":""}},{"type":"Feature","geometry":{"type":"Polygon","coordinates":[[[15.5251352,48.5508288],[15.5251703,48.5508087],[15.5251533,48.5507953],[15.5251329,48.5507793],[15.5250979,48.5507994],[15.5251152,48.550813],[15.5251352,48.5508288]]]},"properties":{"voltage":"","name":""}},{"type":"Feature","geometry":{"type":"Polygon","coordinates":[[[16.4577751,48.2536632],[16.4578266,48.2536449],[16.4577857,48.253594],[16.4577343,48.2536123],[16.4577751,48.2536632]]]},"properties":{"voltage":"","name":""}},{"type":"Feature","geometry":{"type":"Polygon","coordinates":[[[16.4040981,48.2828348],[16.4041614,48.2828156],[16.4041447,48.2827882],[16.404079,48.2828105],[16.4040981,48.2828348]]]},"properties":{"voltage":"","name":""}},{"type":"Feature","geometry":{"type":"Polygon","coordinates":[[[16.4584222,48.3403642],[16.4585044,48.3403462],[16.4584796,48.3402961],[16.4583973,48.3403142],[16.4584222,48.3403642]]]},"properties":{"voltage":"","name":""}},{"type":"Feature","geometry":{"type":"Polygon","coordinates":[[[16.553358,48.4521552],[16.5533855,48.4521601],[16.5533976,48.4521303],[16.5533701,48.4521254],[16.553358,48.4521552]]]},"properties":{"voltage":"","name":"TST Kollnbrunn Blumental"}},{"type":"Feature","geometry":{"type":"Polygon","coordinates":[[[16.1629589,48.8359227],[16.1629561,48.835952],[16.162998,48.8359534],[16.1630027,48.8359261],[16.1629817,48.8359245],[16.1629589,48.8359227]]]},"properties":{"voltage":"","name":""}},{"type":"Feature","geometry":{"type":"Polygon","coordinates":[[[16.023504,48.8304635],[16.0235168,48.8304847],[16.0235498,48.8304771],[16.0235372,48.8304552],[16.023523,48.8304588],[16.023504,48.8304635]]]},"properties":{"voltage":"","name":""}},{"type":"Feature","geometry":{"type":"Polygon","coordinates":[[[16.3410513,48.2913244],[16.3409832,48.2913151],[16.3409704,48.2913569],[16.3410385,48.2913661],[16.3410513,48.2913244]]]},"properties":{"voltage":"","name":""}},{"type":"Feature","geometry":{"type":"Polygon","coordinates":[[[16.0230309,48.9829645],[16.0230655,48.9829592],[16.0230567,48.9829366],[16.0230394,48.9829395],[16.0230223,48.9829423],[16.0230309,48.9829645]]]},"properties":{"voltage":"","name":""}},{"type":"Feature","geometry":{"type":"Polygon","coordinates":[[[15.9482083,48.7652164],[15.9482309,48.765224],[15.9482499,48.7651995],[15.9482273,48.7651919],[15.9482083,48.7652164]]]},"properties":{"voltage":"20000;400","name":""}},{"type":"Feature","geometry":{"type":"Polygon","coordinates":[[[15.7959574,48.2627042],[15.7959577,48.262691],[15.7959594,48.2626283],[15.7958943,48.2626276],[15.7958923,48.2627035],[15.7959574,48.2627042]]]},"properties":{"voltage":"","name":""}},{"type":"Feature","geometry":{"type":"Polygon","coordinates":[[[15.5073299,48.3930768],[15.5073704,48.3930817],[15.5073744,48.3930672],[15.5073339,48.3930623],[15.5073299,48.3930768]]]},"properties":{"voltage":"","name":""}},{"type":"Feature","geometry":{"type":"Polygon","coordinates":[[[15.1703676,48.752322],[15.1703821,48.7522928],[15.1705554,48.7523302],[15.1705409,48.7523595],[15.1703676,48.752322]]]},"properties":{"voltage":"","name":""}},{"type":"Feature","geometry":{"type":"Polygon","coordinates":[[[15.2679248,48.7490674],[15.2678791,48.7489504],[15.2679277,48.7489422],[15.2679733,48.7490592],[15.2679248,48.7490674]]]},"properties":{"voltage":"","name":""}},{"type":"Feature","geometry":{"type":"Polygon","coordinates":[[[15.3309325,48.7155618],[15.3310409,48.7155128],[15.3310611,48.7155322],[15.3309528,48.7155813],[15.3309325,48.7155618]]]},"properties":{"voltage":"","name":""}},{"type":"Feature","geometry":{"type":"Polygon","coordinates":[[[16.0858902,48.786479],[16.0859075,48.7865004],[16.0859393,48.7864894],[16.08593,48.7864783],[16.0859216,48.7864684],[16.0858902,48.786479]]]},"properties":{"voltage":"","name":""}},{"type":"Feature","geometry":{"type":"Polygon","coordinates":[[[15.8878176,48.2177471],[15.8878038,48.2177331],[15.8878402,48.2177172],[15.887854,48.2177312],[15.8878176,48.2177471]]]},"properties":{"voltage":"","name":""}},{"type":"Feature","geometry":{"type":"Polygon","coordinates":[[[16.5765354,48.0655253],[16.5765531,48.0655357],[16.5765686,48.0655449],[16.5765316,48.0655729],[16.5765167,48.0655641],[16.5764984,48.0655533],[16.5765354,48.0655253]]]},"properties":{"voltage":"","name":""}},{"type":"Feature","geometry":{"type":"Polygon","coordinates":[[[15.0848405,48.7636997],[15.0848324,48.7636812],[15.0849745,48.763654],[15.0849826,48.7636725],[15.0848405,48.7636997]]]},"properties":{"voltage":"","name":""}},{"type":"Feature","geometry":{"type":"Polygon","coordinates":[[[16.5469153,48.0511682],[16.5469516,48.0511735],[16.5469601,48.0511473],[16.5469414,48.0511446],[16.5469238,48.051142],[16.5469153,48.0511682]]]},"properties":{"voltage":"","name":""}},{"type":"Feature","geometry":{"type":"Polygon","coordinates":[[[16.1940319,48.1661517],[16.1940497,48.1661333],[16.1940222,48.1661214],[16.1940043,48.1661398],[16.1940319,48.1661517]]]},"properties":{"voltage":"","name":""}},{"type":"Feature","geometry":{"type":"Polygon","coordinates":[[[16.8190054,48.9050214],[16.8189736,48.9050287],[16.8189849,48.9050499],[16.8190165,48.9050436],[16.8190108,48.9050322],[16.8190054,48.9050214]]]},"properties":{"voltage":"22000;400","name":""}},{"type":"Feature","geometry":{"type":"Polygon","coordinates":[[[16.6057483,48.1149315],[16.6057803,48.1149607],[16.6058262,48.1149382],[16.6058104,48.1149238],[16.6057942,48.114909],[16.6057483,48.1149315]]]},"properties":{"voltage":"20000","name":""}},{"type":"Feature","geometry":{"type":"Polygon","coordinates":[[[15.9412842,48.3301889],[15.9412479,48.3296097],[15.9416748,48.3295979],[15.9417102,48.3295955],[15.9417515,48.3295926],[15.9418135,48.3301742],[15.9412842,48.3301889]]]},"properties":{"voltage":"110000","name":"Umspannwerk Pischelsdorf"}},{"type":"Feature","geometry":{"type":"Polygon","coordinates":[[[16.0645558,48.3182971],[16.0645737,48.3182593],[16.0646147,48.3182679],[16.0645968,48.3183057],[16.0645558,48.3182971]]]},"properties":{"voltage":"","name":""}},{"type":"Feature","geometry":{"type":"Polygon","coordinates":[[[16.10756,48.3913977],[16.1075579,48.3913764],[16.1076637,48.3913718],[16.1076658,48.3913931],[16.10756,48.3913977]]]},"properties":{"voltage":"","name":""}},{"type":"Feature","geometry":{"type":"Polygon","coordinates":[[[16.1748594,48.4292168],[16.1748135,48.4291188],[16.1748427,48.4291127],[16.1748886,48.4292108],[16.1748594,48.4292168]]]},"properties":{"voltage":"","name":""}},{"type":"Feature","geometry":{"type":"Polygon","coordinates":[[[16.3590209,48.1121812],[16.3590141,48.1121449],[16.3590637,48.1121408],[16.3590705,48.112177],[16.3590209,48.1121812]]]},"properties":{"voltage":"","name":""}},{"type":"Feature","geometry":{"type":"Polygon","coordinates":[[[15.2860437,48.8105009],[15.2861161,48.8105075],[15.2861038,48.8105577],[15.2860314,48.8105527],[15.2860437,48.8105009]]]},"properties":{"voltage":"","name":""}},{"type":"Feature","geometry":{"type":"Polygon","coordinates":[[[16.2036484,48.1712377],[16.203672,48.1712555],[16.2036457,48.171271],[16.2036221,48.1712533],[16.2036484,48.1712377]]]},"properties":{"voltage":"","name":""}},{"type":"Feature","geometry":{"type":"Polygon","coordinates":[[[16.3280741,48.3445],[16.3281757,48.3443489],[16.3282167,48.3443611],[16.3281151,48.3445122],[16.3280741,48.3445]]]},"properties":{"voltage":"","name":""}},{"type":"Feature","geometry":{"type":"Polygon","coordinates":[[[16.6035142,48.3580866],[16.6035812,48.3580785],[16.6035731,48.3580487],[16.6035061,48.3580567],[16.6035142,48.3580866]]]},"properties":{"voltage":"","name":""}},{"type":"Feature","geometry":{"type":"Polygon","coordinates":[[[15.9180239,48.3405864],[15.9180239,48.3405377],[15.918094,48.3405377],[15.918094,48.3405864],[15.9180239,48.3405864]]]},"properties":{"voltage":"","name":""}},{"type":"Feature","geometry":{"type":"Polygon","coordinates":[[[15.3472578,48.9934167],[15.3472783,48.9934078],[15.3472709,48.9934013],[15.3472628,48.9933943],[15.3472544,48.9933983],[15.3472431,48.9934036],[15.3472578,48.9934167]]]},"properties":{"voltage":"","name":""}},{"type":"Feature","geometry":{"type":"Polygon","coordinates":[[[15.4006438,48.9832065],[15.4006675,48.9832244],[15.400693,48.9832084],[15.4006704,48.9831917],[15.4006438,48.9832065]]]},"properties":{"voltage":"","name":""}},{"type":"Feature","geometry":{"type":"Polygon","coordinates":[[[16.2083289,48.2773596],[16.2083745,48.2773694],[16.2083832,48.277352],[16.208341,48.2773409],[16.2083289,48.2773596]]]},"properties":{"voltage":"","name":""}},{"type":"Feature","geometry":{"type":"Polygon","coordinates":[[[16.3369256,48.315241],[16.3369015,48.3152781],[16.3368365,48.3152594],[16.3368605,48.3152224],[16.3369256,48.315241]]]},"properties":{"voltage":"10000","name":""}},{"type":"Feature","geometry":{"type":"Polygon","coordinates":[[[15.017746,48.0080693],[15.017793,48.0080625],[15.0177909,48.008041],[15.017742,48.0080477],[15.017746,48.0080693]]]},"properties":{"voltage":"","name":"TST Unteramt Mitterberg"}},{"type":"Feature","geometry":{"type":"Polygon","coordinates":[[[16.4328499,48.2614806],[16.432929,48.2614762],[16.4329236,48.2614334],[16.4328445,48.2614379],[16.4328499,48.2614806]]]},"properties":{"voltage":"","name":""}},{"type":"Feature","geometry":{"type":"Polygon","coordinates":[[[16.4058072,48.1029033],[16.4058412,48.1029575],[16.4059438,48.1029289],[16.4059098,48.1028747],[16.4058072,48.1029033]]]},"properties":{"voltage":"20000;400","name":""}},{"type":"Feature","geometry":{"type":"Polygon","coordinates":[[[16.3493977,48.2216612],[16.3494308,48.221701],[16.3494085,48.2217102],[16.3493823,48.2217209],[16.3493475,48.2216788],[16.3493977,48.2216612]]]},"properties":{"voltage":"","name":""}},{"type":"Feature","geometry":{"type":"Polygon","coordinates":[[[16.2954836,48.3447687],[16.2955613,48.3447339],[16.2955265,48.3447027],[16.2954554,48.3447402],[16.2954836,48.3447687]]]},"properties":{"voltage":"","name":""}},{"type":"Feature","geometry":{"type":"Polygon","coordinates":[[[15.2757268,48.548793],[15.2757573,48.5488041],[15.2757742,48.5487838],[15.2757438,48.5487727],[15.2757268,48.548793]]]},"properties":{"voltage":"","name":""}},{"type":"Feature","geometry":{"type":"Polygon","coordinates":[[[16.4024066,48.2028029],[16.4024357,48.2027982],[16.4024308,48.2027847],[16.4024017,48.2027894],[16.4024066,48.2028029]]]},"properties":{"voltage":"","name":""}},{"type":"Feature","geometry":{"type":"Polygon","coordinates":[[[15.3559557,48.4934],[15.3560087,48.4933854],[15.3559959,48.4933657],[15.3559866,48.4933513],[15.3559322,48.493364],[15.3559557,48.4934]]]},"properties":{"voltage":"","name":""}},{"type":"Feature","geometry":{"type":"Polygon","coordinates":[[[16.473134,48.241088],[16.4731859,48.2410682],[16.4732499,48.2411425],[16.473198,48.2411624],[16.473134,48.241088]]]},"properties":{"voltage":"","name":"Wiener Linien Unterwerk Spargelfeld"}},{"type":"Feature","geometry":{"type":"Polygon","coordinates":[[[16.2874776,48.9835142],[16.2874434,48.9835236],[16.2874503,48.9835341],[16.2874575,48.983545],[16.2874911,48.9835358],[16.2874776,48.9835142]]]},"properties":{"voltage":"","name":""}},{"type":"Feature","geometry":{"type":"Polygon","coordinates":[[[16.4408371,48.9930218],[16.4408472,48.9930447],[16.4408819,48.9930383],[16.4408764,48.9930266],[16.4408715,48.9930159],[16.4408371,48.9930218]]]},"properties":{"voltage":"","name":""}},{"type":"Feature","geometry":{"type":"Polygon","coordinates":[[[16.0401142,48.3236214],[16.0401853,48.3236259],[16.0402081,48.3235278],[16.040133,48.3235215],[16.0401142,48.3236214]]]},"properties":{"voltage":"","name":""}},{"type":"Feature","geometry":{"type":"Polygon","coordinates":[[[15.284105,48.5272239],[15.2841154,48.5271963],[15.2841583,48.5272034],[15.2841478,48.527231],[15.284105,48.5272239]]]},"properties":{"voltage":"","name":""}},{"type":"Feature","geometry":{"type":"Polygon","coordinates":[[[15.0625753,48.6633264],[15.0625944,48.6633032],[15.0625751,48.6632963],[15.062556,48.6633194],[15.0625753,48.6633264]]]},"properties":{"voltage":"","name":""}},{"type":"Feature","geometry":{"type":"Polygon","coordinates":[[[15.0119439,48.014057],[15.0119705,48.0140496],[15.0119501,48.0140212],[15.011926,48.0140292],[15.0119439,48.014057]]]},"properties":{"voltage":"","name":"TST Mitterberg Th\u00f6rl"}},{"type":"Feature","geometry":{"type":"Polygon","coordinates":[[[15.0655078,48.0067914],[15.0655615,48.0067716],[15.0655185,48.0067295],[15.0654716,48.0067465],[15.0655078,48.0067914]]]},"properties":{"voltage":"","name":"TST H\u00f6rmans\u00f6d"}},{"type":"Feature","geometry":{"type":"Polygon","coordinates":[[[15.052017,48.0094849],[15.0520673,48.0094692],[15.0520438,48.0094369],[15.0519955,48.0094544],[15.052017,48.0094849]]]},"properties":{"voltage":"","name":"TST Kerschenberg K\u00f6nigshof"}},{"type":"Feature","geometry":{"type":"Polygon","coordinates":[[[15.0623005,48.0739445],[15.0623472,48.0738732],[15.0624851,48.0739136],[15.0624384,48.0739849],[15.0623005,48.0739445]]]},"properties":{"voltage":"25000","name":""}},{"type":"Feature","geometry":{"type":"Polygon","coordinates":[[[16.237338,48.7813542],[16.2373238,48.7813623],[16.237311,48.7813697],[16.2373345,48.7813876],[16.2373612,48.7813721],[16.237338,48.7813542]]]},"properties":{"voltage":"","name":""}},{"type":"Feature","geometry":{"type":"Polygon","coordinates":[[[15.4851915,48.6050239],[15.4852157,48.6050323],[15.4852375,48.6050048],[15.485195,48.6049901],[15.4851732,48.6050176],[15.4851915,48.6050239]]]},"properties":{"voltage":"","name":""}},{"type":"Feature","geometry":{"type":"Polygon","coordinates":[[[15.2607124,48.5231721],[15.2607128,48.5231466],[15.2607513,48.5231468],[15.260751,48.5231723],[15.2607124,48.5231721]]]},"properties":{"voltage":"","name":""}},{"type":"Feature","geometry":{"type":"Polygon","coordinates":[[[15.4039275,48.7519306],[15.4039578,48.7519307],[15.403958,48.7518922],[15.4039277,48.7518921],[15.4039275,48.7519306]]]},"properties":{"voltage":"","name":""}},{"type":"Feature","geometry":{"type":"Polygon","coordinates":[[[15.943056,48.5074494],[15.9430777,48.5074531],[15.943088,48.5074266],[15.9430663,48.5074229],[15.943056,48.5074494]]]},"properties":{"voltage":"20000;400","name":""}},{"type":"Feature","geometry":{"type":"Polygon","coordinates":[[[16.2822784,48.0939964],[16.282253,48.0939741],[16.2821984,48.0940019],[16.2822238,48.0940242],[16.2822784,48.0939964]]]},"properties":{"voltage":"20000","name":""}},{"type":"Feature","geometry":{"type":"Polygon","coordinates":[[[16.5028777,48.3708348],[16.5028186,48.3708569],[16.5028515,48.3708956],[16.5029106,48.3708735],[16.5028777,48.3708348]]]},"properties":{"voltage":"","name":""}},{"type":"Feature","geometry":{"type":"Polygon","coordinates":[[[16.4614973,48.2466746],[16.4615355,48.2466653],[16.4615086,48.2466163],[16.4614704,48.2466256],[16.4614973,48.2466746]]]},"properties":{"voltage":"","name":""}},{"type":"Feature","geometry":{"type":"Polygon","coordinates":[[[16.4320709,48.1384698],[16.4318349,48.1384798],[16.4309762,48.1384899],[16.4309946,48.1388397],[16.4309432,48.1389345],[16.4309601,48.1394556],[16.4314068,48.1394955],[16.4314599,48.1394671],[16.4315012,48.1394664],[16.4315392,48.1394636],[16.4316168,48.1395143],[16.4321165,48.139507],[16.4320709,48.1384698]]]},"properties":{"voltage":"220000","name":"Umspannwerk Kledering"}},{"type":"Feature","geometry":{"type":"Polygon","coordinates":[[[16.4211385,48.1769354],[16.4211996,48.176921],[16.4212691,48.1770528],[16.4212081,48.1770671],[16.4211385,48.1769354]]]},"properties":{"voltage":"","name":""}},{"type":"Feature","geometry":{"type":"Polygon","coordinates":[[[15.5358364,48.1502124],[15.5358245,48.1502559],[15.5359,48.1502651],[15.5359119,48.1502216],[15.5358364,48.1502124]]]},"properties":{"voltage":"","name":""}},{"type":"Feature","geometry":{"type":"Polygon","coordinates":[[[15.5502228,48.1498505],[15.5501797,48.1498693],[15.5502186,48.1499089],[15.5502617,48.1498901],[15.5502228,48.1498505]]]},"properties":{"voltage":"","name":""}},{"type":"Feature","geometry":{"type":"Polygon","coordinates":[[[15.5680005,48.1575095],[15.5679862,48.1575308],[15.5680184,48.1575404],[15.5680326,48.1575192],[15.5680005,48.1575095]]]},"properties":{"voltage":"","name":""}},{"type":"Feature","geometry":{"type":"Polygon","coordinates":[[[15.481689,48.1316618],[15.4816955,48.1316797],[15.4817338,48.1316734],[15.4817272,48.1316556],[15.481689,48.1316618]]]},"properties":{"voltage":"","name":""}},{"type":"Feature","geometry":{"type":"Polygon","coordinates":[[[16.4150318,48.2568884],[16.4150731,48.2568927],[16.4150821,48.2568535],[16.4150409,48.2568493],[16.4150318,48.2568884]]]},"properties":{"voltage":"","name":""}},{"type":"Feature","geometry":{"type":"Polygon","coordinates":[[[16.7325696,48.0327554],[16.7325119,48.0327564],[16.7325095,48.0326989],[16.7325673,48.0326978],[16.7325696,48.0327554]]]},"properties":{"voltage":"","name":""}},{"type":"Feature","geometry":{"type":"Polygon","coordinates":[[[15.5853218,48.437893],[15.5853467,48.4378933],[15.5853475,48.4378661],[15.5853226,48.4378658],[15.5853218,48.437893]]]},"properties":{"voltage":"","name":""}},{"type":"Feature","geometry":{"type":"Polygon","coordinates":[[[16.5420522,48.1857582],[16.5421146,48.1857482],[16.5421002,48.1857082],[16.5420378,48.1857182],[16.5420522,48.1857582]]]},"properties":{"voltage":"","name":""}},{"type":"Feature","geometry":{"type":"Polygon","coordinates":[[[15.3291243,48.7155041],[15.3290949,48.7154813],[15.3291283,48.7154626],[15.3291577,48.7154854],[15.3291243,48.7155041]]]},"properties":{"voltage":"","name":""}},{"type":"Feature","geometry":{"type":"Polygon","coordinates":[[[15.9007584,48.4328948],[15.9007995,48.4328916],[15.9007923,48.432851],[15.9007513,48.4328542],[15.9007584,48.4328948]]]},"properties":{"voltage":"","name":""}},{"type":"Feature","geometry":{"type":"Polygon","coordinates":[[[16.5673401,48.5800979],[16.5673455,48.5800635],[16.5672944,48.58006],[16.567289,48.5800943],[16.5673401,48.5800979]]]},"properties":{"voltage":"20000;400","name":""}},{"type":"Feature","geometry":{"type":"Polygon","coordinates":[[[16.3460228,48.2859469],[16.3461287,48.285983],[16.3461582,48.2859448],[16.3460522,48.2859087],[16.3460228,48.2859469]]]},"properties":{"voltage":"","name":""}},{"type":"Feature","geometry":{"type":"Polygon","coordinates":[[[16.308492,48.0465609],[16.3085242,48.046599],[16.3085802,48.0465779],[16.308548,48.0465398],[16.308492,48.0465609]]]},"properties":{"voltage":"","name":""}},{"type":"Feature","geometry":{"type":"Polygon","coordinates":[[[15.7135413,48.5704734],[15.7135396,48.5704375],[15.7135919,48.5704364],[15.7135936,48.5704723],[15.7135413,48.5704734]]]},"properties":{"voltage":"","name":""}},{"type":"Feature","geometry":{"type":"Polygon","coordinates":[[[15.4214798,48.3668958],[15.4215087,48.3668775],[15.4214881,48.3668632],[15.4214592,48.3668814],[15.4214798,48.3668958]]]},"properties":{"voltage":"20000;400","name":""}},{"type":"Feature","geometry":{"type":"Polygon","coordinates":[[[15.8269429,48.1744501],[15.8269637,48.1744428],[15.8269474,48.1744232],[15.826928,48.1744307],[15.8269429,48.1744501]]]},"properties":{"voltage":"","name":""}},{"type":"Feature","geometry":{"type":"Polygon","coordinates":[[[16.2812484,48.7159781],[16.281748,48.7160466],[16.2820645,48.7160901],[16.2827451,48.7161834],[16.2828433,48.7158928],[16.2827575,48.7157707],[16.2813815,48.7155778],[16.2812484,48.7159781]]]},"properties":{"voltage":"110000","name":"Schaltwerk Pernhofen"}},{"type":"Feature","geometry":{"type":"Polygon","coordinates":[[[16.4185854,48.2152583],[16.4186721,48.2151914],[16.4186791,48.2151956],[16.4187223,48.215164],[16.4186498,48.2151183],[16.418594,48.2151549],[16.4185596,48.2151339],[16.4185323,48.2151339],[16.4185169,48.2151444],[16.4185273,48.2151515],[16.4184788,48.2151866],[16.4185854,48.2152583]]]},"properties":{"voltage":"","name":""}},{"type":"Feature","geometry":{"type":"Polygon","coordinates":[[[15.6179569,48.2009796],[15.6179728,48.2009315],[15.6180475,48.2009425],[15.6180316,48.2009906],[15.6179569,48.2009796]]]},"properties":{"voltage":"20000;400","name":""}},{"type":"Feature","geometry":{"type":"Polygon","coordinates":[[[15.7133219,48.2821135],[15.7133272,48.2821382],[15.7133508,48.282136],[15.7133454,48.2821112],[15.7133219,48.2821135]]]},"properties":{"voltage":"","name":""}},{"type":"Feature","geometry":{"type":"Polygon","coordinates":[[[16.4311025,48.276718],[16.4311642,48.2767124],[16.4311498,48.2766424],[16.4310882,48.276648],[16.4311025,48.276718]]]},"properties":{"voltage":"","name":""}},{"type":"Feature","geometry":{"type":"Polygon","coordinates":[[[16.9856889,48.230397],[16.9860885,48.2298668],[16.9864496,48.2299875],[16.98605,48.2305177],[16.9856889,48.230397]]]},"properties":{"voltage":"","name":"VW-BA"}},{"type":"Feature","geometry":{"type":"Polygon","coordinates":[[[15.4004532,48.3408823],[15.400461,48.3409066],[15.4004803,48.3409039],[15.4004984,48.3409013],[15.4004905,48.340877],[15.4004712,48.3408797],[15.4004532,48.3408823]]]},"properties":{"voltage":"20000;400","name":""}},{"type":"Feature","geometry":{"type":"Polygon","coordinates":[[[16.5855779,48.138482],[16.5856415,48.1384765],[16.5856296,48.1384147],[16.585566,48.1384202],[16.5855779,48.138482]]]},"properties":{"voltage":"","name":""}},{"type":"Feature","geometry":{"type":"Polygon","coordinates":[[[16.4796575,48.2682354],[16.479659,48.2682057],[16.4797345,48.2682067],[16.4797345,48.2682375],[16.4796575,48.2682354]]]},"properties":{"voltage":"","name":""}},{"type":"Feature","geometry":{"type":"Polygon","coordinates":[[[16.3096125,48.3281733],[16.309673,48.3281194],[16.3096192,48.3280927],[16.3095587,48.3281466],[16.3096125,48.3281733]]]},"properties":{"voltage":"","name":""}},{"type":"Feature","geometry":{"type":"Polygon","coordinates":[[[15.9463458,48.3291575],[15.9463418,48.3291384],[15.9463841,48.3291345],[15.9463881,48.3291536],[15.9463458,48.3291575]]]},"properties":{"voltage":"","name":""}},{"type":"Feature","geometry":{"type":"Polygon","coordinates":[[[15.4075944,48.3159337],[15.4075942,48.3159598],[15.4076363,48.3159599],[15.4076363,48.3159477],[15.4076364,48.3159338],[15.4075944,48.3159337]]]},"properties":{"voltage":"20000;400","name":""}},{"type":"Feature","geometry":{"type":"Polygon","coordinates":[[[15.4078212,48.3231997],[15.4078384,48.3232033],[15.407857,48.3232073],[15.4078667,48.3231872],[15.4078493,48.3231835],[15.4078308,48.3231796],[15.4078212,48.3231997]]]},"properties":{"voltage":"20000;400","name":""}},{"type":"Feature","geometry":{"type":"Polygon","coordinates":[[[16.3784941,48.166216],[16.3785175,48.1662556],[16.3786026,48.1662331],[16.3785792,48.1661936],[16.3784941,48.166216]]]},"properties":{"voltage":"","name":""}},{"type":"Feature","geometry":{"type":"Polygon","coordinates":[[[15.9111508,48.3408612],[15.9111491,48.3408461],[15.9112028,48.3408434],[15.9112046,48.3408585],[15.9111508,48.3408612]]]},"properties":{"voltage":"","name":""}},{"type":"Feature","geometry":{"type":"Polygon","coordinates":[[[15.6041688,48.1015052],[15.6042334,48.1014767],[15.6041883,48.1014311],[15.6041238,48.1014596],[15.6041351,48.1014711],[15.6041688,48.1015052]]]},"properties":{"voltage":"","name":"TST Wilhelmsburg S\u00fcd"}},{"type":"Feature","geometry":{"type":"Polygon","coordinates":[[[15.9857056,48.3276859],[15.9857583,48.3277021],[15.9857725,48.3276818],[15.9857198,48.3276656],[15.9857056,48.3276859]]]},"properties":{"voltage":"20000;400","name":"TST Langensch\u00f6nbichl Siedlung"}},{"type":"Feature","geometry":{"type":"Polygon","coordinates":[[[16.2924007,48.1301273],[16.2923846,48.1300805],[16.292447,48.1300709],[16.2924631,48.1301177],[16.2924007,48.1301273]]]},"properties":{"voltage":"","name":""}},{"type":"Feature","geometry":{"type":"Polygon","coordinates":[[[16.3051191,48.0749821],[16.3050931,48.0749897],[16.3051066,48.0750105],[16.3051327,48.0750029],[16.3051191,48.0749821]]]},"properties":{"voltage":"20000;400","name":""}},{"type":"Feature","geometry":{"type":"Polygon","coordinates":[[[16.2829138,48.1323356],[16.2829325,48.1323895],[16.2829986,48.1323766],[16.2829805,48.1323251],[16.2829138,48.1323356]]]},"properties":{"voltage":"","name":""}},{"type":"Feature","geometry":{"type":"Polygon","coordinates":[[[16.6157121,48.1402348],[16.6156802,48.1401903],[16.6157183,48.1401774],[16.6157514,48.1402219],[16.6157121,48.1402348]]]},"properties":{"voltage":"","name":""}},{"type":"Feature","geometry":{"type":"Polygon","coordinates":[[[16.2976808,48.0220577],[16.297662,48.0220043],[16.2977297,48.0219937],[16.2977485,48.0220471],[16.2976808,48.0220577]]]},"properties":{"voltage":"20000;400","name":""}},{"type":"Feature","geometry":{"type":"Polygon","coordinates":[[[16.4619027,48.3394014],[16.4618725,48.3393639],[16.4619518,48.3393356],[16.4619821,48.3393731],[16.4619027,48.3394014]]]},"properties":{"voltage":"","name":""}},{"type":"Feature","geometry":{"type":"Polygon","coordinates":[[[15.5690883,48.7630107],[15.5691102,48.7629848],[15.5690818,48.7629741],[15.5690602,48.7630011],[15.5690883,48.7630107]]]},"properties":{"voltage":"","name":""}},{"type":"Feature","geometry":{"type":"Polygon","coordinates":[[[15.498311,48.8003276],[15.498313,48.8002965],[15.4983609,48.8002978],[15.4983589,48.800329],[15.498311,48.8003276]]]},"properties":{"voltage":"","name":""}},{"type":"Feature","geometry":{"type":"Polygon","coordinates":[[[15.2317329,48.877507],[15.2317322,48.8774766],[15.2317772,48.8774761],[15.2317778,48.8775066],[15.2317329,48.877507]]]},"properties":{"voltage":"","name":""}},{"type":"Feature","geometry":{"type":"Polygon","coordinates":[[[16.405315,48.2316513],[16.4053776,48.2316377],[16.4053585,48.2315984],[16.4052958,48.231612],[16.405315,48.2316513]]]},"properties":{"voltage":"","name":""}},{"type":"Feature","geometry":{"type":"Polygon","coordinates":[[[15.2508209,48.2233015],[15.2508103,48.2233329],[15.2508687,48.2233417],[15.2508743,48.2233252],[15.2508794,48.2233103],[15.2508209,48.2233015]]]},"properties":{"voltage":"20000;400","name":""}},{"type":"Feature","geometry":{"type":"Polygon","coordinates":[[[15.9102921,48.1864159],[15.9102524,48.1864008],[15.9102671,48.1863836],[15.9102799,48.1863685],[15.9103003,48.1863762],[15.9103196,48.1863836],[15.9102921,48.1864159]]]},"properties":{"voltage":"","name":""}},{"type":"Feature","geometry":{"type":"Polygon","coordinates":[[[16.3090026,48.1408359],[16.3091433,48.1408329],[16.3091408,48.1407825],[16.3090001,48.1407856],[16.3090026,48.1408359]]]},"properties":{"voltage":"","name":""}},{"type":"Feature","geometry":{"type":"Polygon","coordinates":[[[16.2838969,48.1821484],[16.2839241,48.1821122],[16.2839917,48.1821363],[16.2839617,48.1821724],[16.2839463,48.1821667],[16.2838969,48.1821484]]]},"properties":{"voltage":"","name":""}},{"type":"Feature","geometry":{"type":"Polygon","coordinates":[[[16.4196434,48.126159],[16.4196829,48.1261587],[16.4197741,48.126158],[16.4198304,48.1261575],[16.4198237,48.1257869],[16.4197675,48.1257874],[16.4196588,48.1257882],[16.4196367,48.1257884],[16.4196388,48.1259059],[16.4196402,48.1259803],[16.4196434,48.126159]]]},"properties":{"voltage":"110000","name":""}},{"type":"Feature","geometry":{"type":"Polygon","coordinates":[[[16.6784215,48.9898283],[16.6784557,48.9898514],[16.6784801,48.9898359],[16.6784461,48.9898127],[16.6784392,48.989817],[16.6784215,48.9898283]]]},"properties":{"voltage":"22000;400","name":"H\u0159bitov"}},{"type":"Feature","geometry":{"type":"Polygon","coordinates":[[[16.0727558,48.578521],[16.0727772,48.5784739],[16.0728179,48.578482],[16.0727965,48.5785291],[16.0727558,48.578521]]]},"properties":{"voltage":"","name":""}},{"type":"Feature","geometry":{"type":"Polygon","coordinates":[[[16.4957867,48.2032131],[16.4958731,48.2031977],[16.4958566,48.2031566],[16.4957702,48.203172],[16.4957867,48.2032131]]]},"properties":{"voltage":"","name":""}},{"type":"Feature","geometry":{"type":"Polygon","coordinates":[[[17.0354342,48.4188345],[17.0354299,48.4187938],[17.035471,48.4187922],[17.0354756,48.4188331],[17.0354342,48.4188345]]]},"properties":{"voltage":"","name":""}},{"type":"Feature","geometry":{"type":"Polygon","coordinates":[[[17.0356637,48.4204086],[17.0356554,48.4203682],[17.0356963,48.4203648],[17.035705,48.4204054],[17.0356637,48.4204086]]]},"properties":{"voltage":"","name":""}},{"type":"Feature","geometry":{"type":"Polygon","coordinates":[[[16.4189027,48.2216119],[16.4189682,48.2215642],[16.4189196,48.2215346],[16.4188541,48.2215823],[16.4189027,48.2216119]]]},"properties":{"voltage":"","name":""}},{"type":"Feature","geometry":{"type":"Polygon","coordinates":[[[15.2111713,48.4769039],[15.2111868,48.4768824],[15.2112207,48.4768932],[15.2112051,48.4769146],[15.2111713,48.4769039]]]},"properties":{"voltage":"","name":""}},{"type":"Feature","geometry":{"type":"Polygon","coordinates":[[[17.1391962,48.368779],[17.1392112,48.3687903],[17.1392279,48.3688028],[17.1392621,48.3687828],[17.1392304,48.3687589],[17.1391962,48.368779]]]},"properties":{"voltage":"22000;400","name":""}},{"type":"Feature","geometry":{"type":"Polygon","coordinates":[[[17.1562658,48.4079466],[17.1562616,48.4079764],[17.1562721,48.407977],[17.1563079,48.4079793],[17.1563121,48.4079495],[17.1562658,48.4079466]]]},"properties":{"voltage":"22000;400","name":""}},{"type":"Feature","geometry":{"type":"Polygon","coordinates":[[[15.2611887,48.1533388],[15.2612002,48.1533594],[15.2612361,48.1533505],[15.2612246,48.1533299],[15.2611887,48.1533388]]]},"properties":{"voltage":"","name":""}},{"type":"Feature","geometry":{"type":"Polygon","coordinates":[[[15.2398874,48.4616001],[15.2398827,48.4615768],[15.2399202,48.4615736],[15.239925,48.4615974],[15.2398874,48.4616001]]]},"properties":{"voltage":"","name":""}},{"type":"Feature","geometry":{"type":"Polygon","coordinates":[[[16.0957811,48.7846616],[16.0957974,48.7846613],[16.0958175,48.7846609],[16.0958169,48.7846369],[16.0957806,48.7846373],[16.0957811,48.7846616]]]},"properties":{"voltage":"","name":""}},{"type":"Feature","geometry":{"type":"Polygon","coordinates":[[[15.7087899,48.195739],[15.7087896,48.1957647],[15.708816,48.1957648],[15.7088164,48.1957391],[15.7087899,48.195739]]]},"properties":{"voltage":"","name":""}},{"type":"Feature","geometry":{"type":"Polygon","coordinates":[[[17.0411604,48.042416],[17.0412158,48.0423824],[17.0411861,48.0423605],[17.0411307,48.0423941],[17.0411604,48.042416]]]},"properties":{"voltage":"","name":""}},{"type":"Feature","geometry":{"type":"Polygon","coordinates":[[[15.6147163,48.179501],[15.6147117,48.1795283],[15.6147604,48.1795319],[15.614765,48.1795046],[15.6147163,48.179501]]]},"properties":{"voltage":"20000;400","name":""}},{"type":"Feature","geometry":{"type":"Polygon","coordinates":[[[15.267479,48.4555809],[15.2674806,48.4555515],[15.2675089,48.4555522],[15.2675073,48.4555815],[15.267479,48.4555809]]]},"properties":{"voltage":"","name":""}},{"type":"Feature","geometry":{"type":"Polygon","coordinates":[[[16.2769451,48.7729935],[16.2769446,48.7729816],[16.2769439,48.7729667],[16.2769038,48.7729674],[16.2769045,48.7729942],[16.2769451,48.7729935]]]},"properties":{"voltage":"","name":""}},{"type":"Feature","geometry":{"type":"Polygon","coordinates":[[[16.6820527,48.9887195],[16.6819908,48.9887245],[16.681983,48.9886932],[16.6820459,48.988688],[16.6820527,48.9887195]]]},"properties":{"voltage":"22000","name":""}},{"type":"Feature","geometry":{"type":"Polygon","coordinates":[[[16.4092873,48.2328819],[16.4092434,48.2329159],[16.4093228,48.2329614],[16.4093667,48.2329274],[16.4092873,48.2328819]]]},"properties":{"voltage":"","name":""}},{"type":"Feature","geometry":{"type":"Polygon","coordinates":[[[15.3073097,48.4507254],[15.3073017,48.4507053],[15.3073391,48.4506987],[15.3073471,48.4507189],[15.3073097,48.4507254]]]},"properties":{"voltage":"","name":""}},{"type":"Feature","geometry":{"type":"Polygon","coordinates":[[[17.1373011,48.0582621],[17.1372767,48.058223],[17.1373006,48.0582176],[17.137325,48.0582556],[17.1373011,48.0582621]]]},"properties":{"voltage":"","name":""}},{"type":"Feature","geometry":{"type":"Polygon","coordinates":[[[16.3755342,48.2918641],[16.3755661,48.291831],[16.375623,48.2918553],[16.3755912,48.2918884],[16.3755342,48.2918641]]]},"properties":{"voltage":"","name":""}},{"type":"Feature","geometry":{"type":"Polygon","coordinates":[[[17.0970301,48.1268496],[17.0970831,48.126874],[17.0971055,48.1268523],[17.0970525,48.1268279],[17.0970301,48.1268496]]]},"properties":{"voltage":"","name":""}},{"type":"Feature","geometry":{"type":"Polygon","coordinates":[[[16.1191962,48.2883227],[16.1192353,48.2883384],[16.1192594,48.2883099],[16.1192186,48.2882925],[16.1191962,48.2883227]]]},"properties":{"voltage":"","name":"TST Tulbing S\u00fcd"}},{"type":"Feature","geometry":{"type":"Polygon","coordinates":[[[16.4256718,48.1730628],[16.4256741,48.1730586],[16.4256924,48.173025],[16.4257541,48.1730399],[16.4257356,48.173074],[16.4257335,48.1730778],[16.4256718,48.1730628]]]},"properties":{"voltage":"","name":""}},{"type":"Feature","geometry":{"type":"Polygon","coordinates":[[[15.0633425,48.3262267],[15.0633007,48.3262248],[15.0633052,48.3261811],[15.0633469,48.326183],[15.0633425,48.3262267]]]},"properties":{"voltage":"","name":""}},{"type":"Feature","geometry":{"type":"Polygon","coordinates":[[[15.7737692,48.4147917],[15.7737788,48.4147586],[15.7738082,48.4147624],[15.7737987,48.4147955],[15.7737692,48.4147917]]]},"properties":{"voltage":"","name":""}},{"type":"Feature","geometry":{"type":"Polygon","coordinates":[[[17.0290372,48.2362827],[17.0291257,48.2362122],[17.0291617,48.2362323],[17.029068,48.2363026],[17.0290372,48.2362827]]]},"properties":{"voltage":"22000;400","name":"TS-1219"}},{"type":"Feature","geometry":{"type":"Polygon","coordinates":[[[15.2183291,48.2045097],[15.218288,48.2051308],[15.2186648,48.2051393],[15.2186682,48.2050509],[15.2186715,48.2049988],[15.2186952,48.2049995],[15.2187257,48.2045216],[15.2183291,48.2045097]]]},"properties":{"voltage":"110000","name":"Umspannwerk P\u00f6chlarn"}},{"type":"Feature","geometry":{"type":"Polygon","coordinates":[[[15.4565512,48.3815783],[15.456539,48.3815673],[15.4565674,48.3815535],[15.4565795,48.3815645],[15.4565512,48.3815783]]]},"properties":{"voltage":"20000;400","name":""}},{"type":"Feature","geometry":{"type":"Polygon","coordinates":[[[16.30358,48.1096061],[16.3035797,48.109534],[16.3035109,48.1095341],[16.3035112,48.1096063],[16.30358,48.1096061]]]},"properties":{"voltage":"20000;400","name":""}},{"type":"Feature","geometry":{"type":"Polygon","coordinates":[[[15.1947408,48.4999301],[15.1947742,48.4999453],[15.1947973,48.499923],[15.1947639,48.4999078],[15.1947408,48.4999301]]]},"properties":{"voltage":"","name":""}},{"type":"Feature","geometry":{"type":"Polygon","coordinates":[[[17.1002841,48.1236449],[17.1002498,48.1236566],[17.1002786,48.1236942],[17.1003129,48.1236825],[17.1002841,48.1236449]]]},"properties":{"voltage":"","name":""}},{"type":"Feature","geometry":{"type":"Polygon","coordinates":[[[16.8459761,48.0589898],[16.8459596,48.0589529],[16.8460051,48.0589438],[16.8460216,48.0589807],[16.8459761,48.0589898]]]},"properties":{"voltage":"","name":""}},{"type":"Feature","geometry":{"type":"Polygon","coordinates":[[[15.6127601,48.1333197],[15.6127618,48.1333455],[15.6127885,48.1333447],[15.6127868,48.1333189],[15.6127601,48.1333197]]]},"properties":{"voltage":"","name":""}},{"type":"Feature","geometry":{"type":"Polygon","coordinates":[[[15.2181757,48.2074619],[15.2182434,48.2074881],[15.2182216,48.2075131],[15.2181539,48.207487],[15.2181757,48.2074619]]]},"properties":{"voltage":"","name":"OV P\u00f6chlarn"}},{"type":"Feature","geometry":{"type":"Polygon","coordinates":[[[15.0943776,48.6679382],[15.0943759,48.6679111],[15.094416,48.66791],[15.0944176,48.6679371],[15.0943776,48.6679382]]]},"properties":{"voltage":"","name":""}},{"type":"Feature","geometry":{"type":"Polygon","coordinates":[[[16.4261969,48.2684976],[16.4261895,48.2684293],[16.4262472,48.2684267],[16.4262579,48.2684941],[16.4261969,48.2684976]]]},"properties":{"voltage":"","name":""}},{"type":"Feature","geometry":{"type":"Polygon","coordinates":[[[15.1913863,48.1902011],[15.1914407,48.1901794],[15.1914653,48.1902068],[15.1914108,48.1902285],[15.1913863,48.1902011]]]},"properties":{"voltage":"","name":""}},{"type":"Feature","geometry":{"type":"Polygon","coordinates":[[[15.6467171,48.9860515],[15.6467192,48.9860623],[15.6467215,48.9860747],[15.6467572,48.9860718],[15.6467522,48.9860485],[15.6467171,48.9860515]]]},"properties":{"voltage":"","name":""}},{"type":"Feature","geometry":{"type":"Polygon","coordinates":[[[17.1560097,48.1674853],[17.1560379,48.1675042],[17.1560564,48.1674919],[17.1560282,48.167473],[17.1560097,48.1674853]]]},"properties":{"voltage":"","name":""}},{"type":"Feature","geometry":{"type":"Polygon","coordinates":[[[16.2643205,48.9620495],[16.2643266,48.962073],[16.2643614,48.9620697],[16.2643593,48.9620592],[16.2643566,48.9620454],[16.2643205,48.9620495]]]},"properties":{"voltage":"","name":""}},{"type":"Feature","geometry":{"type":"Polygon","coordinates":[[[15.93021,48.1873114],[15.9301691,48.1873084],[15.9301649,48.1873337],[15.9302057,48.1873367],[15.93021,48.1873114]]]},"properties":{"voltage":"","name":""}},{"type":"Feature","geometry":{"type":"Polygon","coordinates":[[[15.7007768,48.2903546],[15.7008034,48.2903567],[15.7008078,48.2903322],[15.7007812,48.2903301],[15.7007768,48.2903546]]]},"properties":{"voltage":"","name":""}},{"type":"Feature","geometry":{"type":"Polygon","coordinates":[[[15.9013806,48.3437238],[15.9013714,48.3436762],[15.9014233,48.3436718],[15.9014325,48.3437195],[15.9013806,48.3437238]]]},"properties":{"voltage":"","name":""}},{"type":"Feature","geometry":{"type":"Polygon","coordinates":[[[15.9126685,48.3411074],[15.9126607,48.3410666],[15.9127318,48.3410605],[15.9127396,48.3411014],[15.9126685,48.3411074]]]},"properties":{"voltage":"","name":""}},{"type":"Feature","geometry":{"type":"Polygon","coordinates":[[[15.9195674,48.3406744],[15.919581,48.3406476],[15.9196423,48.3406613],[15.9196287,48.3406882],[15.9195674,48.3406744]]]},"properties":{"voltage":"","name":""}},{"type":"Feature","geometry":{"type":"Polygon","coordinates":[[[15.9073973,48.3431937],[15.9073943,48.3431653],[15.9074353,48.3431634],[15.9074383,48.3431918],[15.9073973,48.3431937]]]},"properties":{"voltage":"","name":""}},{"type":"Feature","geometry":{"type":"Polygon","coordinates":[[[15.9000985,48.345235],[15.9001014,48.345207],[15.9001487,48.3452092],[15.9001458,48.3452372],[15.9000985,48.345235]]]},"properties":{"voltage":"","name":""}},{"type":"Feature","geometry":{"type":"Polygon","coordinates":[[[15.9041957,48.3455541],[15.9042268,48.3455391],[15.9042657,48.3455748],[15.9042346,48.3455898],[15.9041957,48.3455541]]]},"properties":{"voltage":"","name":""}},{"type":"Feature","geometry":{"type":"Polygon","coordinates":[[[15.8993892,48.3452393],[15.8993946,48.3451941],[15.8994529,48.3451973],[15.8994475,48.3452424],[15.8993892,48.3452393]]]},"properties":{"voltage":"","name":""}},{"type":"Feature","geometry":{"type":"Polygon","coordinates":[[[15.9152583,48.3435974],[15.9152571,48.3435807],[15.9152993,48.3435794],[15.9153005,48.3435961],[15.9152583,48.3435974]]]},"properties":{"voltage":"","name":""}},{"type":"Feature","geometry":{"type":"Polygon","coordinates":[[[16.0436563,48.3289194],[16.0437312,48.3289077],[16.0437091,48.3288451],[16.0436342,48.3288568],[16.0436563,48.3289194]]]},"properties":{"voltage":"","name":"TST Tulln West"}},{"type":"Feature","geometry":{"type":"Polygon","coordinates":[[[16.0385478,48.3291244],[16.0385539,48.3290921],[16.0385786,48.3290942],[16.0385726,48.3291265],[16.0385478,48.3291244]]]},"properties":{"voltage":"","name":""}},{"type":"Feature","geometry":{"type":"Polygon","coordinates":[[[15.9278895,48.3035492],[15.9278576,48.3034874],[15.9279226,48.3034726],[15.9279544,48.3035343],[15.9278895,48.3035492]]]},"properties":{"voltage":"","name":""}},{"type":"Feature","geometry":{"type":"Polygon","coordinates":[[[15.93064,48.3394971],[15.9306388,48.3394667],[15.9306788,48.3394659],[15.9306801,48.3394964],[15.93064,48.3394971]]]},"properties":{"voltage":"","name":""}},{"type":"Feature","geometry":{"type":"Polygon","coordinates":[[[16.2728517,48.220506],[16.2729135,48.2205049],[16.2729109,48.2204358],[16.2728491,48.2204369],[16.2728517,48.220506]]]},"properties":{"voltage":"","name":""}},{"type":"Feature","geometry":{"type":"Polygon","coordinates":[[[16.3461963,48.0860305],[16.3462011,48.0860774],[16.3461301,48.0860806],[16.3461254,48.0860337],[16.3461963,48.0860305]]]},"properties":{"voltage":"20000;400","name":""}},{"type":"Feature","geometry":{"type":"Polygon","coordinates":[[[15.0618852,48.5652596],[15.0618761,48.5652351],[15.0618945,48.5652321],[15.0619164,48.5652285],[15.0619255,48.565253],[15.0618852,48.5652596]]]},"properties":{"voltage":"20000;400","name":""}},{"type":"Feature","geometry":{"type":"Polygon","coordinates":[[[15.6487974,48.2317978],[15.6487839,48.2318132],[15.6488192,48.2318267],[15.6488325,48.2318112],[15.6487974,48.2317978]]]},"properties":{"voltage":"","name":""}},{"type":"Feature","geometry":{"type":"Polygon","coordinates":[[[15.0190576,48.558209],[15.0190541,48.5581822],[15.0190752,48.558181],[15.0190955,48.5581798],[15.019099,48.5582066],[15.0190576,48.558209]]]},"properties":{"voltage":"20000;400","name":""}},{"type":"Feature","geometry":{"type":"Polygon","coordinates":[[[16.3506209,48.3010234],[16.3506657,48.3009949],[16.35062,48.3009631],[16.3505752,48.3009916],[16.3506209,48.3010234]]]},"properties":{"voltage":"","name":""}},{"type":"Feature","geometry":{"type":"Polygon","coordinates":[[[17.034864,48.1975721],[17.0348752,48.1975441],[17.0349097,48.1975503],[17.0348985,48.1975782],[17.034864,48.1975721]]]},"properties":{"voltage":"","name":"Ts-1765"}},{"type":"Feature","geometry":{"type":"Polygon","coordinates":[[[15.0722289,48.5267485],[15.0722227,48.526708],[15.0722972,48.5267023],[15.0723023,48.5267431],[15.0722289,48.5267485]]]},"properties":{"voltage":"","name":""}},{"type":"Feature","geometry":{"type":"Polygon","coordinates":[[[15.0723537,48.5267301],[15.0723455,48.5266764],[15.0724122,48.5266699],[15.072422,48.5267233],[15.0723537,48.5267301]]]},"properties":{"voltage":"","name":""}},{"type":"Feature","geometry":{"type":"Polygon","coordinates":[[[15.0884016,48.5240424],[15.088381,48.5240313],[15.0884104,48.5240108],[15.0884287,48.5240225],[15.0884016,48.5240424]]]},"properties":{"voltage":"","name":""}},{"type":"Feature","geometry":{"type":"Polygon","coordinates":[[[15.0937013,48.5267603],[15.0936944,48.5267333],[15.0937184,48.5267299],[15.0937252,48.5267568],[15.0937013,48.5267603]]]},"properties":{"voltage":"","name":""}},{"type":"Feature","geometry":{"type":"Polygon","coordinates":[[[16.722945,48.3568573],[16.7230179,48.3568375],[16.7230022,48.3568119],[16.7229292,48.3568317],[16.722945,48.3568573]]]},"properties":{"voltage":"","name":""}},{"type":"Feature","geometry":{"type":"Polygon","coordinates":[[[17.1269239,48.1833015],[17.126957,48.1832861],[17.1269194,48.183251],[17.1268874,48.1832655],[17.1269239,48.1833015]]]},"properties":{"voltage":"","name":"Ts-1682"}},{"type":"Feature","geometry":{"type":"Polygon","coordinates":[[[16.8704302,48.3178618],[16.8705835,48.3176411],[16.8708597,48.3173327],[16.8708517,48.3167784],[16.8708525,48.3167381],[16.8699318,48.3167426],[16.8699333,48.3167848],[16.8699424,48.3174494],[16.8704302,48.3178618]]]},"properties":{"voltage":"110000","name":"Umspannwerk Baumgarten"}},{"type":"Feature","geometry":{"type":"Polygon","coordinates":[[[16.4169873,48.1861632],[16.4169282,48.1861808],[16.4169588,48.1862263],[16.4170178,48.1862086],[16.4169873,48.1861632]]]},"properties":{"voltage":"","name":""}},{"type":"Feature","geometry":{"type":"Polygon","coordinates":[[[16.2856022,48.0199669],[16.2856464,48.019979],[16.2856669,48.0199494],[16.2856213,48.0199375],[16.285612,48.0199518],[16.2856022,48.0199669]]]},"properties":{"voltage":"20000;400","name":""}},{"type":"Feature","geometry":{"type":"Polygon","coordinates":[[[16.2845396,48.0106166],[16.2845733,48.01066],[16.2846407,48.0106376],[16.2846056,48.0105932],[16.2845396,48.0106166]]]},"properties":{"voltage":"","name":""}},{"type":"Feature","geometry":{"type":"Polygon","coordinates":[[[16.2876921,48.0138414],[16.2877037,48.0138071],[16.2876712,48.0138018],[16.2876278,48.0137948],[16.2876148,48.0138286],[16.2876921,48.0138414]]]},"properties":{"voltage":"","name":""}},{"type":"Feature","geometry":{"type":"Polygon","coordinates":[[[17.1920423,48.0292213],[17.1920153,48.0291799],[17.1920505,48.0291691],[17.1920783,48.0292111],[17.1920423,48.0292213]]]},"properties":{"voltage":"","name":""}},{"type":"Feature","geometry":{"type":"Polygon","coordinates":[[[16.732524,48.3609034],[16.7325125,48.3608877],[16.7325403,48.3608787],[16.7325518,48.3608944],[16.732524,48.3609034]]]},"properties":{"voltage":"","name":""}},{"type":"Feature","geometry":{"type":"Polygon","coordinates":[[[15.6978399,48.4601496],[15.6978849,48.4601149],[15.6978462,48.4600928],[15.6978146,48.4601171],[15.6978244,48.4601227],[15.6978109,48.4601331],[15.6978399,48.4601496]]]},"properties":{"voltage":"","name":""}},{"type":"Feature","geometry":{"type":"Polygon","coordinates":[[[15.6956606,48.463075],[15.6956737,48.4630904],[15.6957052,48.4630786],[15.6956921,48.4630632],[15.6956606,48.463075]]]},"properties":{"voltage":"","name":"TST Gobelsburg Hauptstra\u00dfe"}},{"type":"Feature","geometry":{"type":"Polygon","coordinates":[[[16.2377252,48.0213561],[16.2377004,48.0213253],[16.2377403,48.0213109],[16.2377519,48.0213253],[16.2377651,48.0213417],[16.2377252,48.0213561]]]},"properties":{"voltage":"","name":""}},{"type":"Feature","geometry":{"type":"Polygon","coordinates":[[[15.810242,48.4685183],[15.8102649,48.4685103],[15.8102795,48.4685287],[15.8102566,48.4685367],[15.810242,48.4685183]]]},"properties":{"voltage":"","name":"TST G\u00f6sing West"}},{"type":"Feature","geometry":{"type":"Polygon","coordinates":[[[16.6677387,48.6540178],[16.6677806,48.654005],[16.6677996,48.6540319],[16.6677577,48.6540448],[16.6677475,48.6540302],[16.6677387,48.6540178]]]},"properties":{"voltage":"","name":""}},{"type":"Feature","geometry":{"type":"Polygon","coordinates":[[[16.6487089,48.65153],[16.6487015,48.651514],[16.6487138,48.6515113],[16.6487298,48.6515078],[16.6487371,48.6515243],[16.6487089,48.65153]]]},"properties":{"voltage":"","name":""}},{"type":"Feature","geometry":{"type":"Polygon","coordinates":[[[16.3663493,48.699688],[16.366342,48.6996622],[16.3663817,48.6996573],[16.3663853,48.6996701],[16.366389,48.6996831],[16.3663493,48.699688]]]},"properties":{"voltage":"","name":""}},{"type":"Feature","geometry":{"type":"Polygon","coordinates":[[[16.4141393,48.6534374],[16.4141443,48.6534234],[16.4141484,48.6534122],[16.4141966,48.6534198],[16.4141874,48.653445],[16.4141393,48.6534374]]]},"properties":{"voltage":"","name":""}},{"type":"Feature","geometry":{"type":"Polygon","coordinates":[[[16.4453531,48.6483793],[16.4453649,48.6483641],[16.4453752,48.6483509],[16.4454177,48.6483653],[16.4453956,48.6483938],[16.4453531,48.6483793]]]},"properties":{"voltage":"","name":""}},{"type":"Feature","geometry":{"type":"Polygon","coordinates":[[[16.4963587,48.723229],[16.4963424,48.7232018],[16.4963869,48.7231902],[16.4963944,48.7232027],[16.4964032,48.7232174],[16.4963587,48.723229]]]},"properties":{"voltage":"","name":""}},{"type":"Feature","geometry":{"type":"Polygon","coordinates":[[[16.5873991,48.7276093],[16.58739,48.7275991],[16.5873804,48.7275883],[16.587413,48.7275756],[16.5874318,48.7275966],[16.5873991,48.7276093]]]},"properties":{"voltage":"","name":""}},{"type":"Feature","geometry":{"type":"Polygon","coordinates":[[[16.7853615,48.680506],[16.7853843,48.680511],[16.7854082,48.6805163],[16.7854265,48.6804799],[16.7853799,48.6804697],[16.7853615,48.680506]]]},"properties":{"voltage":"","name":""}},{"type":"Feature","geometry":{"type":"Polygon","coordinates":[[[17.0509984,48.1512131],[17.0509969,48.1511912],[17.0509442,48.1511928],[17.0509457,48.1512147],[17.0509984,48.1512131]]]},"properties":{"voltage":"","name":"TS-1272"}},{"type":"Feature","geometry":{"type":"Polygon","coordinates":[[[16.3965627,48.2054698],[16.3965715,48.205419],[16.3966519,48.2054252],[16.396643,48.205476],[16.3965627,48.2054698]]]},"properties":{"voltage":"","name":""}},{"type":"Feature","geometry":{"type":"Polygon","coordinates":[[[16.3080955,48.7171972],[16.3081145,48.7171739],[16.3081302,48.7171794],[16.3081451,48.7171847],[16.3081261,48.717208],[16.3080955,48.7171972]]]},"properties":{"voltage":"20000;400","name":""}},{"type":"Feature","geometry":{"type":"Polygon","coordinates":[[[16.2992379,48.7156269],[16.2992377,48.7156109],[16.2992376,48.7155987],[16.2992808,48.7155985],[16.299281,48.7156121],[16.2992811,48.7156267],[16.2992379,48.7156269]]]},"properties":{"voltage":"20000;400","name":""}},{"type":"Feature","geometry":{"type":"Polygon","coordinates":[[[16.2425569,48.6623341],[16.2425447,48.6623216],[16.2425303,48.6623069],[16.2425692,48.6622903],[16.2425831,48.6623046],[16.2425957,48.6623175],[16.2425569,48.6623341]]]},"properties":{"voltage":"","name":""}},{"type":"Feature","geometry":{"type":"Polygon","coordinates":[[[16.3088609,48.6364417],[16.3088369,48.6364272],[16.3088479,48.6364192],[16.3088591,48.6364111],[16.3088831,48.6364255],[16.3088609,48.6364417]]]},"properties":{"voltage":"","name":""}},{"type":"Feature","geometry":{"type":"Polygon","coordinates":[[[16.7246652,48.6265637],[16.7246557,48.6265439],[16.7246842,48.626538],[16.7246937,48.6265577],[16.7246776,48.6265611],[16.7246652,48.6265637]]]},"properties":{"voltage":"","name":""}},{"type":"Feature","geometry":{"type":"Polygon","coordinates":[[[16.4745827,48.5922105],[16.4745674,48.5921896],[16.4746008,48.5921789],[16.4746085,48.5921896],[16.4746161,48.5921999],[16.4745827,48.5922105]]]},"properties":{"voltage":"","name":""}},{"type":"Feature","geometry":{"type":"Polygon","coordinates":[[[16.5792288,48.504894],[16.5792308,48.5048678],[16.5792711,48.5048691],[16.57927,48.5048829],[16.5792691,48.5048954],[16.5792288,48.504894]]]},"properties":{"voltage":"","name":""}},{"type":"Feature","geometry":{"type":"Polygon","coordinates":[[[16.8146871,48.6001511],[16.8146861,48.6001272],[16.8147051,48.6001269],[16.8147232,48.6001265],[16.8147242,48.6001504],[16.8146871,48.6001511]]]},"properties":{"voltage":"","name":""}},{"type":"Feature","geometry":{"type":"Polygon","coordinates":[[[16.8244948,48.6042789],[16.8244986,48.6042508],[16.8245171,48.6042519],[16.8245356,48.604253],[16.8245318,48.6042811],[16.8244948,48.6042789]]]},"properties":{"voltage":"","name":""}},{"type":"Feature","geometry":{"type":"Polygon","coordinates":[[[16.8860258,48.5293644],[16.8860286,48.5293519],[16.8860312,48.5293408],[16.8860719,48.5293449],[16.8860665,48.5293685],[16.8860258,48.5293644]]]},"properties":{"voltage":"","name":""}},{"type":"Feature","geometry":{"type":"Polygon","coordinates":[[[16.8827284,48.5121524],[16.8827248,48.5121232],[16.8827681,48.5121209],[16.8827717,48.5121501],[16.8827485,48.5121513],[16.8827284,48.5121524]]]},"properties":{"voltage":"","name":""}},{"type":"Feature","geometry":{"type":"Polygon","coordinates":[[[16.8467245,48.5613854],[16.8467119,48.5613749],[16.8466992,48.5613644],[16.8467311,48.5613475],[16.8467564,48.5613685],[16.8467245,48.5613854]]]},"properties":{"voltage":"","name":""}},{"type":"Feature","geometry":{"type":"Polygon","coordinates":[[[16.7766489,48.5985662],[16.7766485,48.5985554],[16.7766481,48.5985434],[16.7767029,48.5985426],[16.7767037,48.5985654],[16.7766489,48.5985662]]]},"properties":{"voltage":"","name":""}},{"type":"Feature","geometry":{"type":"Polygon","coordinates":[[[16.3566706,48.3096798],[16.3566269,48.3096337],[16.3565637,48.3096602],[16.3566074,48.3097063],[16.3566706,48.3096798]]]},"properties":{"voltage":"","name":""}},{"type":"Feature","geometry":{"type":"Polygon","coordinates":[[[16.7739232,48.1089652],[16.7739256,48.108997],[16.7739653,48.1089956],[16.7739628,48.1089638],[16.7739232,48.1089652]]]},"properties":{"voltage":"","name":"TST Regelsbrunn Siedlung"}},{"type":"Feature","geometry":{"type":"Polygon","coordinates":[[[16.0895147,48.012145],[16.0895327,48.0121526],[16.0895508,48.0121602],[16.0895762,48.012133],[16.0895596,48.0121261],[16.0895404,48.0121179],[16.0895147,48.012145]]]},"properties":{"voltage":"","name":""}},{"type":"Feature","geometry":{"type":"Polygon","coordinates":[[[16.0612979,48.010179],[16.0613245,48.0101763],[16.0613187,48.0101488],[16.0612917,48.0101515],[16.0612979,48.010179]]]},"properties":{"voltage":"","name":""}},{"type":"Feature","geometry":{"type":"Polygon","coordinates":[[[16.0621284,48.0042206],[16.0622077,48.0042206],[16.0622057,48.0042784],[16.0621254,48.0042771],[16.0621284,48.0042206]]]},"properties":{"voltage":"","name":""}},{"type":"Feature","geometry":{"type":"Polygon","coordinates":[[[16.0622339,48.0042468],[16.0622766,48.0042477],[16.0622768,48.0042235],[16.0622344,48.0042228],[16.0622339,48.0042468]]]},"properties":{"voltage":"","name":""}},{"type":"Feature","geometry":{"type":"Polygon","coordinates":[[[16.8121068,48.3779385],[16.8127656,48.3777567],[16.8132906,48.3780192],[16.8142793,48.3785232],[16.8142074,48.3785833],[16.8142972,48.3786555],[16.814407,48.3787095],[16.8140185,48.3786821],[16.8133987,48.3786715],[16.8121666,48.3780225],[16.8121068,48.3779385]]]},"properties":{"voltage":"110000;15000","name":"Unterwerk Angern"}},{"type":"Feature","geometry":{"type":"Polygon","coordinates":[[[16.3516957,48.1757605],[16.351794,48.1757825],[16.3518113,48.1757481],[16.3517129,48.1757261],[16.3516957,48.1757605]]]},"properties":{"voltage":"","name":""}},{"type":"Feature","geometry":{"type":"Polygon","coordinates":[[[16.3488819,48.175144],[16.3488886,48.1751455],[16.3489026,48.1751486],[16.3489452,48.1751579],[16.348963,48.1751217],[16.3488996,48.1751078],[16.3488819,48.175144]]]},"properties":{"voltage":"","name":""}},{"type":"Feature","geometry":{"type":"Polygon","coordinates":[[[15.2137202,48.0607265],[15.2138007,48.0608045],[15.2138847,48.0607657],[15.2138043,48.0606877],[15.2137202,48.0607265]]]},"properties":{"voltage":"25000","name":""}},{"type":"Feature","geometry":{"type":"Polygon","coordinates":[[[15.6436991,48.2287556],[15.6437121,48.2287699],[15.6437463,48.228756],[15.6437333,48.2287417],[15.6436991,48.2287556]]]},"properties":{"voltage":"","name":""}},{"type":"Feature","geometry":{"type":"Polygon","coordinates":[[[16.2712411,48.152427],[16.2712925,48.1524143],[16.271238,48.1523167],[16.2711849,48.15233],[16.2712411,48.152427]]]},"properties":{"voltage":"","name":""}},{"type":"Feature","geometry":{"type":"Polygon","coordinates":[[[16.4212017,48.2610122],[16.4211763,48.2609615],[16.4212257,48.2609506],[16.4212511,48.2610012],[16.4212017,48.2610122]]]},"properties":{"voltage":"","name":""}},{"type":"Feature","geometry":{"type":"Polygon","coordinates":[[[16.2873123,48.1625877],[16.2873464,48.1625842],[16.2873427,48.1625682],[16.2873086,48.1625717],[16.2873123,48.1625877]]]},"properties":{"voltage":"","name":""}},{"type":"Feature","geometry":{"type":"Polygon","coordinates":[[[16.2560742,48.1637342],[16.2561355,48.1637155],[16.2561022,48.1636646],[16.2560409,48.1636839],[16.2560742,48.1637342]]]},"properties":{"voltage":"","name":""}},{"type":"Feature","geometry":{"type":"Polygon","coordinates":[[[16.3188285,48.1610846],[16.3188507,48.161128],[16.3188833,48.1611206],[16.3188617,48.1610765],[16.3188285,48.1610846]]]},"properties":{"voltage":"","name":""}},{"type":"Feature","geometry":{"type":"Polygon","coordinates":[[[15.3333936,48.0333789],[15.3334155,48.0333582],[15.3333703,48.0333368],[15.3333484,48.0333574],[15.3333936,48.0333789]]]},"properties":{"voltage":"","name":"TST St. Gotthard"}},{"type":"Feature","geometry":{"type":"Polygon","coordinates":[[[16.7293973,48.3832441],[16.7294125,48.3832296],[16.7293795,48.3832143],[16.7293643,48.3832289],[16.7293973,48.3832441]]]},"properties":{"voltage":"","name":""}},{"type":"Feature","geometry":{"type":"Polygon","coordinates":[[[16.4114225,48.23147],[16.411492,48.2314205],[16.4114453,48.2313914],[16.4113758,48.2314409],[16.4114225,48.23147]]]},"properties":{"voltage":"","name":""}},{"type":"Feature","geometry":{"type":"Polygon","coordinates":[[[16.6134099,48.1173542],[16.6134475,48.11735],[16.613427,48.1172689],[16.6133894,48.1172731],[16.6134099,48.1173542]]]},"properties":{"voltage":"20000","name":""}},{"type":"Feature","geometry":{"type":"Polygon","coordinates":[[[17.1092225,48.1513563],[17.1092069,48.1512887],[17.1093222,48.1512773],[17.1093359,48.1513448],[17.1092225,48.1513563]]]},"properties":{"voltage":"","name":""}},{"type":"Feature","geometry":{"type":"Polygon","coordinates":[[[15.7372726,48.3390026],[15.7372474,48.3390097],[15.7372635,48.3390351],[15.7372887,48.339028],[15.7372726,48.3390026]]]},"properties":{"voltage":"","name":""}},{"type":"Feature","geometry":{"type":"Polygon","coordinates":[[[16.3547283,48.0025844],[16.3547435,48.0026129],[16.3547733,48.0026076],[16.3547579,48.0025776],[16.3547283,48.0025844]]]},"properties":{"voltage":"","name":""}},{"type":"Feature","geometry":{"type":"Polygon","coordinates":[[[16.3488936,48.0002827],[16.3489476,48.0002699],[16.3489272,48.0002254],[16.3488711,48.0002368],[16.3488936,48.0002827]]]},"properties":{"voltage":"","name":""}},{"type":"Feature","geometry":{"type":"Polygon","coordinates":[[[15.6213746,48.1869276],[15.6214274,48.1869195],[15.6214098,48.1868685],[15.621357,48.1868766],[15.6213746,48.1869276]]]},"properties":{"voltage":"","name":""}},{"type":"Feature","geometry":{"type":"Polygon","coordinates":[[[16.4755952,48.2045242],[16.4756622,48.2044869],[16.4756989,48.2045161],[16.475632,48.2045535],[16.4755952,48.2045242]]]},"properties":{"voltage":"","name":""}},{"type":"Feature","geometry":{"type":"Polygon","coordinates":[[[16.2896244,48.1664419],[16.2896475,48.1664301],[16.2896694,48.16645],[16.2896475,48.1664615],[16.2896244,48.1664419]]]},"properties":{"voltage":"","name":""}},{"type":"Feature","geometry":{"type":"Polygon","coordinates":[[[15.160965,48.0095219],[15.1609772,48.0094994],[15.1609538,48.0094937],[15.1609415,48.0095161],[15.160965,48.0095219]]]},"properties":{"voltage":"","name":"TST Scheibbs Feuerwehr"}},{"type":"Feature","geometry":{"type":"Polygon","coordinates":[[[15.1370766,48.1051678],[15.1370942,48.1051926],[15.1371198,48.1051845],[15.1371022,48.1051597],[15.1370766,48.1051678]]]},"properties":{"voltage":"","name":"TST M\u00fchling Bundesstra\u00dfe"}},{"type":"Feature","geometry":{"type":"Polygon","coordinates":[[[16.2896629,48.1899826],[16.2896515,48.1899616],[16.2896828,48.1899541],[16.2896942,48.189975],[16.2896629,48.1899826]]]},"properties":{"voltage":"","name":""}},{"type":"Feature","geometry":{"type":"Polygon","coordinates":[[[15.1235485,48.0182342],[15.1235561,48.0182169],[15.1235972,48.0182249],[15.1235896,48.0182423],[15.1235485,48.0182342]]]},"properties":{"voltage":"","name":"TST S\u00f6llingerwald"}},{"type":"Feature","geometry":{"type":"Polygon","coordinates":[[[16.3234574,48.0796237],[16.3235164,48.0796189],[16.3235095,48.079581],[16.3234505,48.0795858],[16.3234574,48.0796237]]]},"properties":{"voltage":"20000;400","name":""}},{"type":"Feature","geometry":{"type":"Polygon","coordinates":[[[15.138447,48.0189596],[15.1384502,48.0189743],[15.1384907,48.0189704],[15.1384875,48.0189556],[15.138447,48.0189596]]]},"properties":{"voltage":"","name":"TST Brandstatt-Saffengraben"}},{"type":"Feature","geometry":{"type":"Polygon","coordinates":[[[15.0956538,48.0133317],[15.0956538,48.0133466],[15.0956939,48.0133466],[15.0956939,48.0133317],[15.0956538,48.0133317]]]},"properties":{"voltage":"","name":"TST Rogatsboden-Zehetm\u00fchle"}},{"type":"Feature","geometry":{"type":"Polygon","coordinates":[[[16.3306491,48.0647188],[16.3306354,48.0646885],[16.3306874,48.0646782],[16.3307009,48.0647085],[16.3306491,48.0647188]]]},"properties":{"voltage":"20000;400","name":""}},{"type":"Feature","geometry":{"type":"Polygon","coordinates":[[[16.3353563,48.0700372],[16.3353979,48.0700411],[16.3353887,48.0700856],[16.3353472,48.0700818],[16.3353563,48.0700372]]]},"properties":{"voltage":"20000;400","name":""}},{"type":"Feature","geometry":{"type":"Polygon","coordinates":[[[16.3893574,48.2474113],[16.3894105,48.247358],[16.3894591,48.2473795],[16.389406,48.2474328],[16.3893574,48.2474113]]]},"properties":{"voltage":"","name":""}},{"type":"Feature","geometry":{"type":"Polygon","coordinates":[[[16.3935409,48.2412541],[16.3935961,48.2412026],[16.3936461,48.2412263],[16.3935909,48.2412778],[16.3935409,48.2412541]]]},"properties":{"voltage":"","name":""}},{"type":"Feature","geometry":{"type":"Polygon","coordinates":[[[16.4010019,48.2347629],[16.4010364,48.2347015],[16.4010947,48.2347161],[16.4010601,48.2347774],[16.4010019,48.2347629]]]},"properties":{"voltage":"","name":""}},{"type":"Feature","geometry":{"type":"Polygon","coordinates":[[[15.1383291,48.127963],[15.1383265,48.1279901],[15.1383963,48.1279931],[15.1383989,48.1279659],[15.1383291,48.127963]]]},"properties":{"voltage":"","name":""}},{"type":"Feature","geometry":{"type":"Polygon","coordinates":[[[16.3761604,48.3109172],[16.3761814,48.3109021],[16.3761499,48.3108828],[16.3761289,48.3108979],[16.3761604,48.3109172]]]},"properties":{"voltage":"20000","name":""}},{"type":"Feature","geometry":{"type":"Polygon","coordinates":[[[15.5037455,48.1948178],[15.5037701,48.1948006],[15.5037409,48.1947821],[15.5037163,48.1947993],[15.5037455,48.1948178]]]},"properties":{"voltage":"","name":""}},{"type":"Feature","geometry":{"type":"Polygon","coordinates":[[[16.173322,48.0155606],[16.1733369,48.0155725],[16.1733703,48.0155538],[16.1733554,48.0155419],[16.173322,48.0155606]]]},"properties":{"voltage":"20000;400","name":""}},{"type":"Feature","geometry":{"type":"Polygon","coordinates":[[[16.4300219,48.2654267],[16.4300818,48.2654801],[16.4300346,48.2655036],[16.4299747,48.2654502],[16.4300219,48.2654267]]]},"properties":{"voltage":"","name":""}},{"type":"Feature","geometry":{"type":"Polygon","coordinates":[[[16.3234099,48.3468132],[16.3234406,48.3467854],[16.3233904,48.346761],[16.3233598,48.3467889],[16.3234099,48.3468132]]]},"properties":{"voltage":"","name":""}},{"type":"Feature","geometry":{"type":"Polygon","coordinates":[[[16.1193593,48.0458439],[16.1193799,48.0458197],[16.1194187,48.0458331],[16.1193984,48.0458571],[16.1193593,48.0458439]]]},"properties":{"voltage":"","name":""}},{"type":"Feature","geometry":{"type":"Polygon","coordinates":[[[16.1194788,48.0514588],[16.1195185,48.0514493],[16.11951,48.051432],[16.1194687,48.0514419],[16.1194788,48.0514588]]]},"properties":{"voltage":"20000","name":""}},{"type":"Feature","geometry":{"type":"Polygon","coordinates":[[[16.1333683,48.044301],[16.1333966,48.0443035],[16.1334034,48.0442747],[16.133376,48.0442719],[16.1333683,48.044301]]]},"properties":{"voltage":"20000;400","name":""}},{"type":"Feature","geometry":{"type":"Polygon","coordinates":[[[16.1027634,48.0243768],[16.1028042,48.0243895],[16.1028234,48.0243603],[16.1028054,48.0243546],[16.1027836,48.0243478],[16.1027705,48.0243665],[16.1027634,48.0243768]]]},"properties":{"voltage":"","name":""}},{"type":"Feature","geometry":{"type":"Polygon","coordinates":[[[16.1132792,48.0335162],[16.1132273,48.0334941],[16.1132709,48.0334507],[16.113324,48.0334752],[16.1132792,48.0335162]]]},"properties":{"voltage":"","name":""}},{"type":"Feature","geometry":{"type":"Polygon","coordinates":[[[16.0857606,48.039985],[16.0857829,48.0399838],[16.0858064,48.0399826],[16.0858095,48.0400117],[16.0857641,48.0400141],[16.0857606,48.039985]]]},"properties":{"voltage":"","name":""}},{"type":"Feature","geometry":{"type":"Polygon","coordinates":[[[16.4240031,48.1559616],[16.4239725,48.1559297],[16.4240261,48.1559068],[16.4240567,48.1559387],[16.4240031,48.1559616]]]},"properties":{"voltage":"","name":""}},{"type":"Feature","geometry":{"type":"Polygon","coordinates":[[[15.5002482,48.1936855],[15.5002753,48.1936706],[15.500257,48.1936559],[15.50023,48.1936707],[15.5002482,48.1936855]]]},"properties":{"voltage":"","name":""}},{"type":"Feature","geometry":{"type":"Polygon","coordinates":[[[16.4981375,48.216739],[16.498221,48.2167271],[16.498202,48.2166679],[16.4981185,48.2166798],[16.4981375,48.216739]]]},"properties":{"voltage":"","name":""}},{"type":"Feature","geometry":{"type":"Polygon","coordinates":[[[16.4401625,48.2427543],[16.440127,48.2427624],[16.4401142,48.2427375],[16.4401498,48.2427294],[16.4401625,48.2427543]]]},"properties":{"voltage":"","name":""}},{"type":"Feature","geometry":{"type":"Polygon","coordinates":[[[16.1822126,48.0190054],[16.18224,48.0190108],[16.1822536,48.0189796],[16.1822261,48.0189743],[16.1822126,48.0190054]]]},"properties":{"voltage":"20000;400","name":""}},{"type":"Feature","geometry":{"type":"Polygon","coordinates":[[[16.3096957,48.0957022],[16.3098104,48.0957015],[16.3098097,48.0956508],[16.309695,48.0956515],[16.3096957,48.0957022]]]},"properties":{"voltage":"20000;400","name":""}},{"type":"Feature","geometry":{"type":"Polygon","coordinates":[[[16.3085448,48.0965246],[16.3085917,48.0965246],[16.308592,48.0965083],[16.3085446,48.0965084],[16.3085448,48.0965246]]]},"properties":{"voltage":"","name":""}},{"type":"Feature","geometry":{"type":"Polygon","coordinates":[[[16.3115001,48.0982745],[16.3115366,48.0982741],[16.3115366,48.0982599],[16.3114998,48.0982603],[16.3115001,48.0982745]]]},"properties":{"voltage":"","name":""}},{"type":"Feature","geometry":{"type":"Polygon","coordinates":[[[16.312011,48.0982676],[16.3120626,48.0982661],[16.3120606,48.0982311],[16.3120087,48.0982329],[16.312011,48.0982676]]]},"properties":{"voltage":"","name":""}},{"type":"Feature","geometry":{"type":"Polygon","coordinates":[[[16.3051717,48.0988713],[16.3051714,48.0988492],[16.305222,48.098849],[16.305222,48.0988707],[16.3051717,48.0988713]]]},"properties":{"voltage":"","name":""}},{"type":"Feature","geometry":{"type":"Polygon","coordinates":[[[16.3082445,48.0986312],[16.3082445,48.0985789],[16.3081469,48.0985816],[16.308149,48.0986318],[16.3082445,48.0986312]]]},"properties":{"voltage":"","name":""}},{"type":"Feature","geometry":{"type":"Polygon","coordinates":[[[16.0672678,48.0700733],[16.0673075,48.0700722],[16.0673052,48.0700375],[16.0672651,48.0700385],[16.0672678,48.0700733]]]},"properties":{"voltage":"","name":""}},{"type":"Feature","geometry":{"type":"Polygon","coordinates":[[[16.0647989,48.0663544],[16.0648211,48.0663651],[16.0648509,48.0663419],[16.0648278,48.0663303],[16.0647989,48.0663544]]]},"properties":{"voltage":"","name":""}},{"type":"Feature","geometry":{"type":"Polygon","coordinates":[[[16.0682325,48.0634939],[16.0682541,48.0635044],[16.0682825,48.063482],[16.0682612,48.0634709],[16.0682325,48.0634939]]]},"properties":{"voltage":"","name":""}},{"type":"Feature","geometry":{"type":"Polygon","coordinates":[[[16.0300872,48.0339642],[16.030114,48.0339906],[16.0301381,48.0339785],[16.0301113,48.0339521],[16.0300872,48.0339642]]]},"properties":{"voltage":"","name":""}},{"type":"Feature","geometry":{"type":"Polygon","coordinates":[[[16.2798162,48.0232389],[16.2798763,48.0232077],[16.279832,48.0231722],[16.2797719,48.0232038],[16.2797924,48.0232201],[16.2798162,48.0232389]]]},"properties":{"voltage":"","name":""}},{"type":"Feature","geometry":{"type":"Polygon","coordinates":[[[16.2864755,48.030002],[16.2864903,48.0300134],[16.2865047,48.0300244],[16.286546,48.0300005],[16.2865151,48.0299786],[16.2864755,48.030002]]]},"properties":{"voltage":"","name":""}},{"type":"Feature","geometry":{"type":"Polygon","coordinates":[[[16.4367368,48.1402393],[16.4367207,48.1401988],[16.4368254,48.1401802],[16.4368415,48.1402207],[16.4367368,48.1402393]]]},"properties":{"voltage":"","name":""}},{"type":"Feature","geometry":{"type":"Polygon","coordinates":[[[16.263867,48.0062732],[16.2639271,48.0062568],[16.2639078,48.0062234],[16.2639029,48.0062144],[16.2638705,48.0062229],[16.2638415,48.0062305],[16.263867,48.0062732]]]},"properties":{"voltage":"","name":""}},{"type":"Feature","geometry":{"type":"Polygon","coordinates":[[[17.1414254,48.0727583],[17.142272,48.0724899],[17.1424723,48.0727782],[17.1416499,48.073057],[17.1414254,48.0727583]]]},"properties":{"voltage":"","name":""}},{"type":"Feature","geometry":{"type":"Polygon","coordinates":[[[15.0701907,48.0021363],[15.0702265,48.0021471],[15.0702367,48.0021321],[15.0702009,48.0021212],[15.0701907,48.0021363]]]},"properties":{"voltage":"","name":"TST Robitzboden Brandstatt"}},{"type":"Feature","geometry":{"type":"Polygon","coordinates":[[[16.3254902,48.0667617],[16.3255475,48.0667468],[16.32557,48.0667854],[16.3255127,48.0668003],[16.3254902,48.0667617]]]},"properties":{"voltage":"20000;400","name":""}},{"type":"Feature","geometry":{"type":"Polygon","coordinates":[[[16.3198447,48.0682398],[16.3199046,48.0682256],[16.3199203,48.0682548],[16.3198604,48.0682691],[16.3198447,48.0682398]]]},"properties":{"voltage":"20000;400","name":""}},{"type":"Feature","geometry":{"type":"Polygon","coordinates":[[[16.3199046,48.0682256],[16.3199616,48.0682119],[16.3199951,48.0682738],[16.319938,48.0682875],[16.3199203,48.0682548],[16.3199046,48.0682256]]]},"properties":{"voltage":"20000;400","name":""}},{"type":"Feature","geometry":{"type":"Polygon","coordinates":[[[16.3147847,48.0691357],[16.3148236,48.0691595],[16.3147396,48.0692207],[16.3147007,48.0691968],[16.3147847,48.0691357]]]},"properties":{"voltage":"20000;400","name":""}},{"type":"Feature","geometry":{"type":"Polygon","coordinates":[[[16.1298158,48.0575091],[16.1298591,48.0575187],[16.1298685,48.0574991],[16.129879,48.0574772],[16.1298341,48.0574687],[16.1298158,48.0575091]]]},"properties":{"voltage":"","name":"TST Heiligenkreuz"}},{"type":"Feature","geometry":{"type":"Polygon","coordinates":[[[16.1389746,48.0567064],[16.1390158,48.0567133],[16.139024,48.0566956],[16.1389818,48.0566892],[16.1389746,48.0567064]]]},"properties":{"voltage":"20000","name":"TST Heiligenkreuz Friedhof"}},{"type":"Feature","geometry":{"type":"Polygon","coordinates":[[[16.1243082,48.0592689],[16.1243434,48.0592846],[16.1243569,48.0592713],[16.1243215,48.0592557],[16.1243082,48.0592689]]]},"properties":{"voltage":"","name":""}},{"type":"Feature","geometry":{"type":"Polygon","coordinates":[[[16.1285956,48.0558966],[16.1285711,48.0559145],[16.128612,48.0559356],[16.1286348,48.0559176],[16.1285956,48.0558966]]]},"properties":{"voltage":"","name":""}},{"type":"Feature","geometry":{"type":"Polygon","coordinates":[[[16.1588682,48.0247373],[16.1589156,48.0247242],[16.1589279,48.024743],[16.1588813,48.0247566],[16.1588682,48.0247373]]]},"properties":{"voltage":"","name":""}},{"type":"Feature","geometry":{"type":"Polygon","coordinates":[[[16.1725979,48.0398933],[16.1726265,48.0398931],[16.1726274,48.0398673],[16.1725986,48.039867],[16.1725979,48.0398933]]]},"properties":{"voltage":"","name":""}},{"type":"Feature","geometry":{"type":"Polygon","coordinates":[[[16.166961,48.0219096],[16.1669916,48.0219304],[16.1670111,48.0219163],[16.166979,48.0218969],[16.166961,48.0219096]]]},"properties":{"voltage":"","name":""}},{"type":"Feature","geometry":{"type":"Polygon","coordinates":[[[16.1783534,48.0311054],[16.1783779,48.0311147],[16.1783977,48.0310902],[16.1783728,48.0310807],[16.1783534,48.0311054]]]},"properties":{"voltage":"20000;400","name":""}},{"type":"Feature","geometry":{"type":"Polygon","coordinates":[[[16.1002116,48.0415872],[16.1002772,48.0416166],[16.1002566,48.041635],[16.1001926,48.0416054],[16.1002116,48.0415872]]]},"properties":{"voltage":"","name":""}},{"type":"Feature","geometry":{"type":"Polygon","coordinates":[[[16.0967034,48.0453358],[16.0967431,48.0453207],[16.0967284,48.0453048],[16.096689,48.0453209],[16.0967034,48.0453358]]]},"properties":{"voltage":"","name":""}},{"type":"Feature","geometry":{"type":"Polygon","coordinates":[[[16.1036939,48.0533401],[16.1037168,48.0533636],[16.1037379,48.0533556],[16.103713,48.0533315],[16.1036939,48.0533401]]]},"properties":{"voltage":"","name":""}},{"type":"Feature","geometry":{"type":"Polygon","coordinates":[[[16.0927927,48.0413378],[16.0927642,48.0413167],[16.0927964,48.0412988],[16.0928249,48.0413203],[16.0927927,48.0413378]]]},"properties":{"voltage":"","name":""}},{"type":"Feature","geometry":{"type":"Polygon","coordinates":[[[16.0960088,48.1246228],[16.0960092,48.124606],[16.0960515,48.1246065],[16.0960511,48.1246232],[16.0960088,48.1246228]]]},"properties":{"voltage":"20000","name":""}},{"type":"Feature","geometry":{"type":"Polygon","coordinates":[[[17.049104,48.1565915],[17.0492452,48.1563926],[17.0492909,48.1564071],[17.0494346,48.1564525],[17.0495058,48.156475],[17.0494077,48.1565273],[17.0493431,48.1565069],[17.0492501,48.1566377],[17.049104,48.1565915]]]},"properties":{"voltage":"","name":""}},{"type":"Feature","geometry":{"type":"Polygon","coordinates":[[[17.1535276,48.148537],[17.1535335,48.1485203],[17.1534938,48.1485145],[17.1534881,48.1485315],[17.1535276,48.148537]]]},"properties":{"voltage":"","name":"Ts 1761"}},{"type":"Feature","geometry":{"type":"Polygon","coordinates":[[[15.7413354,48.3531697],[15.7413639,48.3531912],[15.7413863,48.3531797],[15.7413564,48.3531578],[15.7413354,48.3531697]]]},"properties":{"voltage":"","name":""}},{"type":"Feature","geometry":{"type":"Polygon","coordinates":[[[15.1364567,48.0761904],[15.1364968,48.07619],[15.1364962,48.0761621],[15.1364561,48.0761625],[15.1364567,48.0761904]]]},"properties":{"voltage":"","name":"TST Heidegrund"}},{"type":"Feature","geometry":{"type":"Polygon","coordinates":[[[15.1343875,48.0938077],[15.1344117,48.0938122],[15.134422,48.0937874],[15.1343978,48.0937829],[15.1343875,48.0938077]]]},"properties":{"voltage":"","name":"TST M\u00fchling Ort"}},{"type":"Feature","geometry":{"type":"Polygon","coordinates":[[[16.0692552,48.018034],[16.0692167,48.0180434],[16.0692269,48.0180617],[16.0692652,48.0180522],[16.0692552,48.018034]]]},"properties":{"voltage":"","name":""}},{"type":"Feature","geometry":{"type":"Polygon","coordinates":[[[15.1681247,48.1266752],[15.1681431,48.1266833],[15.1681646,48.1266615],[15.1681462,48.1266534],[15.1681247,48.1266752]]]},"properties":{"voltage":"","name":"TST Pre\u00dfbach"}},{"type":"Feature","geometry":{"type":"Polygon","coordinates":[[[15.7556119,48.2624094],[15.755608,48.2624172],[15.7556231,48.2624205],[15.755627,48.2624127],[15.7556119,48.2624094]]]},"properties":{"voltage":"","name":""}},{"type":"Feature","geometry":{"type":"Polygon","coordinates":[[[16.360778,48.2973359],[16.3608124,48.2973594],[16.3608482,48.2973362],[16.3608138,48.2973127],[16.360778,48.2973359]]]},"properties":{"voltage":"","name":""}},{"type":"Feature","geometry":{"type":"Polygon","coordinates":[[[15.6102926,48.1520346],[15.6103337,48.1520325],[15.6103356,48.1520489],[15.6102944,48.152051],[15.6102926,48.1520346]]]},"properties":{"voltage":"","name":""}},{"type":"Feature","geometry":{"type":"Polygon","coordinates":[[[15.4169395,48.3649795],[15.4169637,48.3649693],[15.4169879,48.3649947],[15.4169637,48.3650049],[15.4169395,48.3649795]]]},"properties":{"voltage":"20000;400","name":""}},{"type":"Feature","geometry":{"type":"Polygon","coordinates":[[[15.4175239,48.3628768],[15.4175551,48.3628506],[15.4175832,48.3628654],[15.417552,48.3628916],[15.4175239,48.3628768]]]},"properties":{"voltage":"20000;400","name":""}},{"type":"Feature","geometry":{"type":"Polygon","coordinates":[[[15.4217293,48.3653083],[15.4217141,48.3653387],[15.4216851,48.3653323],[15.4217003,48.3653019],[15.4217293,48.3653083]]]},"properties":{"voltage":"","name":""}},{"type":"Feature","geometry":{"type":"Polygon","coordinates":[[[15.4217846,48.3653202],[15.4217788,48.3653345],[15.4217457,48.3653287],[15.4217514,48.3653143],[15.4217846,48.3653202]]]},"properties":{"voltage":"","name":""}},{"type":"Feature","geometry":{"type":"Polygon","coordinates":[[[16.2739201,48.0496111],[16.273949,48.0496353],[16.2739271,48.0496456],[16.2739034,48.0496568],[16.2738765,48.0496317],[16.2739201,48.0496111]]]},"properties":{"voltage":"","name":""}},{"type":"Feature","geometry":{"type":"Polygon","coordinates":[[[15.0270672,48.0455927],[15.0270926,48.0455834],[15.0271138,48.0456094],[15.0270884,48.0456186],[15.0270672,48.0455927]]]},"properties":{"voltage":"","name":"TST Wang Ort"}},{"type":"Feature","geometry":{"type":"Polygon","coordinates":[[[16.7614932,48.3860308],[16.7615328,48.386043],[16.7615674,48.3859964],[16.7615262,48.3859836],[16.7614932,48.3860308]]]},"properties":{"voltage":"","name":""}},{"type":"Feature","geometry":{"type":"Polygon","coordinates":[[[16.3135294,48.031012],[16.3135476,48.0310323],[16.3135685,48.0310555],[16.3136336,48.0310293],[16.3136141,48.0310055],[16.313598,48.0309858],[16.3135294,48.031012]]]},"properties":{"voltage":"","name":""}},{"type":"Feature","geometry":{"type":"Polygon","coordinates":[[[16.3153898,48.0200425],[16.3154203,48.0200665],[16.3154372,48.0200571],[16.3154581,48.0200455],[16.3154262,48.0200216],[16.3154076,48.0200323],[16.3153898,48.0200425]]]},"properties":{"voltage":"","name":""}},{"type":"Feature","geometry":{"type":"Polygon","coordinates":[[[16.3206716,48.0184846],[16.3207137,48.0184764],[16.3207023,48.0184456],[16.3206591,48.0184534],[16.3206655,48.0184693],[16.3206716,48.0184846]]]},"properties":{"voltage":"","name":""}},{"type":"Feature","geometry":{"type":"Polygon","coordinates":[[[16.2291286,48.1273901],[16.2291466,48.1273616],[16.2292033,48.1273776],[16.2291852,48.1274061],[16.2291286,48.1273901]]]},"properties":{"voltage":"","name":""}},{"type":"Feature","geometry":{"type":"Polygon","coordinates":[[[16.7849998,48.0478921],[16.7852749,48.0468581],[16.7860345,48.0474763],[16.7864931,48.0478539],[16.7852356,48.0484126],[16.7850079,48.0485037],[16.7848375,48.0485791],[16.7849551,48.048115],[16.7849998,48.0478921]]]},"properties":{"voltage":"110000","name":"Umspannwerk H\u00f6flein"}},{"type":"Feature","geometry":{"type":"Polygon","coordinates":[[[16.2171706,48.1229926],[16.2172296,48.1230433],[16.2171771,48.1230705],[16.217118,48.1230198],[16.2171706,48.1229926]]]},"properties":{"voltage":"","name":""}},{"type":"Feature","geometry":{"type":"Polygon","coordinates":[[[16.461768,48.263224],[16.4618285,48.2632043],[16.4618716,48.2632628],[16.461811,48.2632825],[16.461768,48.263224]]]},"properties":{"voltage":"","name":""}},{"type":"Feature","geometry":{"type":"Polygon","coordinates":[[[16.481334,48.2830436],[16.4813633,48.2831303],[16.4813035,48.2831392],[16.4812742,48.2830525],[16.481334,48.2830436]]]},"properties":{"voltage":"","name":""}},{"type":"Feature","geometry":{"type":"Polygon","coordinates":[[[16.4815393,48.2828732],[16.4815508,48.28291],[16.4815042,48.2829165],[16.4814927,48.2828797],[16.4815393,48.2828732]]]},"properties":{"voltage":"","name":""}},{"type":"Feature","geometry":{"type":"Polygon","coordinates":[[[15.3444534,48.1467643],[15.3444376,48.1467474],[15.3444251,48.1467341],[15.3444615,48.1467189],[15.3444898,48.1467491],[15.3444534,48.1467643]]]},"properties":{"voltage":"20000;400","name":""}},{"type":"Feature","geometry":{"type":"Polygon","coordinates":[[[16.4166357,48.2541502],[16.416636,48.2541269],[16.4167019,48.2541272],[16.4167016,48.2541505],[16.4166357,48.2541502]]]},"properties":{"voltage":"","name":""}},{"type":"Feature","geometry":{"type":"Polygon","coordinates":[[[15.3987732,48.7990973],[15.3988115,48.7991005],[15.3988073,48.7991219],[15.3987691,48.7991187],[15.3987732,48.7990973]]]},"properties":{"voltage":"","name":""}},{"type":"Feature","geometry":{"type":"Polygon","coordinates":[[[16.2518603,48.0006718],[16.2518816,48.0006654],[16.2518977,48.000689],[16.2518761,48.0006952],[16.2518685,48.0006839],[16.2518603,48.0006718]]]},"properties":{"voltage":"","name":""}},{"type":"Feature","geometry":{"type":"Polygon","coordinates":[[[15.6251221,48.1975337],[15.6251987,48.1975341],[15.6251991,48.1974912],[15.6251225,48.1974908],[15.6251221,48.1975337]]]},"properties":{"voltage":"","name":""}},{"type":"Feature","geometry":{"type":"Polygon","coordinates":[[[16.3792054,48.3616926],[16.379279,48.361681],[16.3792611,48.3616306],[16.3791875,48.3616422],[16.3792054,48.3616926]]]},"properties":{"voltage":"","name":""}},{"type":"Feature","geometry":{"type":"Polygon","coordinates":[[[16.7105506,48.1989387],[16.7105707,48.1989476],[16.7105943,48.198924],[16.7105742,48.1989151],[16.7105506,48.1989387]]]},"properties":{"voltage":"","name":""}},{"type":"Feature","geometry":{"type":"Polygon","coordinates":[[[16.7058229,48.1949409],[16.7058445,48.1949508],[16.7058695,48.1949268],[16.7058479,48.1949168],[16.7058229,48.1949409]]]},"properties":{"voltage":"","name":""}},{"type":"Feature","geometry":{"type":"Polygon","coordinates":[[[15.925378,48.3271499],[15.9259013,48.3277064],[15.9265174,48.3274503],[15.9259942,48.3268938],[15.925378,48.3271499]]]},"properties":{"voltage":"110000","name":""}},{"type":"Feature","geometry":{"type":"Polygon","coordinates":[[[15.9245414,48.3274975],[15.9253009,48.3271905],[15.9255822,48.3274981],[15.9248226,48.327805],[15.9245414,48.3274975]]]},"properties":{"voltage":"380000","name":""}},{"type":"Feature","geometry":{"type":"Polygon","coordinates":[[[15.7082362,48.3948468],[15.7082773,48.3948431],[15.7082741,48.3948272],[15.7082329,48.3948309],[15.7082362,48.3948468]]]},"properties":{"voltage":"","name":""}},{"type":"Feature","geometry":{"type":"Polygon","coordinates":[[[16.2918987,48.0330756],[16.2917633,48.0329341],[16.2919198,48.0328672],[16.2920551,48.0330087],[16.2918987,48.0330756]]]},"properties":{"voltage":"","name":""}},{"type":"Feature","geometry":{"type":"Polygon","coordinates":[[[16.2864573,48.1340443],[16.2865304,48.1340438],[16.2865297,48.1340013],[16.2864566,48.1340018],[16.2864573,48.1340443]]]},"properties":{"voltage":"","name":""}},{"type":"Feature","geometry":{"type":"Polygon","coordinates":[[[16.4239961,48.2601386],[16.4239399,48.2601233],[16.4239593,48.2600917],[16.4240155,48.2601069],[16.4239961,48.2601386]]]},"properties":{"voltage":"","name":""}},{"type":"Feature","geometry":{"type":"Polygon","coordinates":[[[15.1492265,48.1416139],[15.149241,48.1416033],[15.1492697,48.1416207],[15.1492553,48.1416313],[15.1492265,48.1416139]]]},"properties":{"voltage":"","name":""}},{"type":"Feature","geometry":{"type":"Polygon","coordinates":[[[16.4008843,48.3114978],[16.4009437,48.3114912],[16.4009329,48.3114477],[16.4008735,48.3114542],[16.4008843,48.3114978]]]},"properties":{"voltage":"","name":""}},{"type":"Feature","geometry":{"type":"Polygon","coordinates":[[[16.4024223,48.2719269],[16.4024764,48.2719134],[16.4024392,48.2718477],[16.4023851,48.2718613],[16.4024223,48.2719269]]]},"properties":{"voltage":"","name":""}},{"type":"Feature","geometry":{"type":"Polygon","coordinates":[[[16.2937564,48.1383289],[16.2937545,48.1383958],[16.2938566,48.1383971],[16.2938584,48.1383301],[16.2937564,48.1383289]]]},"properties":{"voltage":"","name":""}},{"type":"Feature","geometry":{"type":"Polygon","coordinates":[[[16.4054244,48.2712841],[16.40539,48.2712226],[16.4054516,48.2712073],[16.405486,48.2712688],[16.4054244,48.2712841]]]},"properties":{"voltage":"","name":""}},{"type":"Feature","geometry":{"type":"Polygon","coordinates":[[[16.2980916,48.1312764],[16.2981543,48.1312752],[16.2981505,48.1311871],[16.2980878,48.1311883],[16.2980916,48.1312764]]]},"properties":{"voltage":"20000;400","name":""}},{"type":"Feature","geometry":{"type":"Polygon","coordinates":[[[15.8011511,48.4270581],[15.8011934,48.4270557],[15.8011964,48.4270798],[15.8011541,48.4270822],[15.8011529,48.4270727],[15.8011511,48.4270581]]]},"properties":{"voltage":"","name":""}},{"type":"Feature","geometry":{"type":"Polygon","coordinates":[[[16.2785736,48.1336523],[16.2785129,48.1336724],[16.2784996,48.1336768],[16.2785146,48.1336971],[16.27854,48.1336887],[16.2785622,48.1337186],[16.2786092,48.1337031],[16.2785736,48.1336523]]]},"properties":{"voltage":"","name":""}},{"type":"Feature","geometry":{"type":"Polygon","coordinates":[[[16.3745274,48.3317958],[16.3745347,48.3318075],[16.3745436,48.3318218],[16.3744877,48.3318371],[16.3744715,48.3318111],[16.3745274,48.3317958]]]},"properties":{"voltage":"","name":""}},{"type":"Feature","geometry":{"type":"Polygon","coordinates":[[[15.5136105,48.6570981],[15.5136497,48.6571165],[15.5136266,48.6571378],[15.5135875,48.6571194],[15.5136105,48.6570981]]]},"properties":{"voltage":"","name":""}},{"type":"Feature","geometry":{"type":"Polygon","coordinates":[[[16.344104,48.0010065],[16.3441284,48.0010373],[16.3441725,48.0010218],[16.344148,48.0009909],[16.344104,48.0010065]]]},"properties":{"voltage":"","name":""}},{"type":"Feature","geometry":{"type":"Polygon","coordinates":[[[16.2750842,48.1294685],[16.2751516,48.1294683],[16.2751513,48.1294251],[16.2750839,48.1294253],[16.2750842,48.1294685]]]},"properties":{"voltage":"","name":""}},{"type":"Feature","geometry":{"type":"Polygon","coordinates":[[[15.1383251,48.1297112],[15.1383362,48.1296965],[15.1383055,48.1296862],[15.1382944,48.1297009],[15.1383251,48.1297112]]]},"properties":{"voltage":"","name":""}},{"type":"Feature","geometry":{"type":"Polygon","coordinates":[[[16.3045512,48.1327436],[16.3046102,48.1327312],[16.3045892,48.1326868],[16.3045304,48.1326999],[16.3045512,48.1327436]]]},"properties":{"voltage":"","name":""}},{"type":"Feature","geometry":{"type":"Polygon","coordinates":[[[16.2920533,48.1258751],[16.2920457,48.125897],[16.2920924,48.1259043],[16.2921,48.1258824],[16.2920533,48.1258751]]]},"properties":{"voltage":"","name":""}},{"type":"Feature","geometry":{"type":"Polygon","coordinates":[[[16.2914276,48.1367487],[16.2914296,48.136714],[16.2914828,48.1367154],[16.2916333,48.1367194],[16.2916312,48.1367541],[16.2914276,48.1367487]]]},"properties":{"voltage":"","name":""}},{"type":"Feature","geometry":{"type":"Polygon","coordinates":[[[16.2911381,48.2336635],[16.2912264,48.2336863],[16.291212,48.2337109],[16.2911237,48.2336881],[16.2911381,48.2336635]]]},"properties":{"voltage":"","name":"Unterwerk Neuwaldegg"}},{"type":"Feature","geometry":{"type":"Polygon","coordinates":[[[16.30662,48.1330079],[16.3066791,48.1329945],[16.306651,48.132933],[16.3065914,48.1329431],[16.30662,48.1330079]]]},"properties":{"voltage":"","name":""}},{"type":"Feature","geometry":{"type":"Polygon","coordinates":[[[16.3905243,48.1258548],[16.3905365,48.1259048],[16.3904964,48.1259092],[16.3904844,48.12586],[16.3905243,48.1258548]]]},"properties":{"voltage":"20000","name":""}},{"type":"Feature","geometry":{"type":"Polygon","coordinates":[[[16.4330708,48.1319059],[16.4331269,48.1318797],[16.4331022,48.1318562],[16.4330461,48.1318824],[16.4330708,48.1319059]]]},"properties":{"voltage":"","name":""}},{"type":"Feature","geometry":{"type":"Polygon","coordinates":[[[16.2882267,48.1273674],[16.2882356,48.1273112],[16.2882833,48.1273146],[16.2882744,48.1273708],[16.2882569,48.1273695],[16.2882267,48.1273674]]]},"properties":{"voltage":"20000;400","name":""}},{"type":"Feature","geometry":{"type":"Polygon","coordinates":[[[16.4585927,48.2955728],[16.4586427,48.2955657],[16.4586207,48.295497],[16.4585708,48.295504],[16.4585927,48.2955728]]]},"properties":{"voltage":"","name":""}},{"type":"Feature","geometry":{"type":"Polygon","coordinates":[[[16.2697804,48.1311927],[16.2697696,48.1312309],[16.2698353,48.1312392],[16.2698461,48.131201],[16.2697804,48.1311927]]]},"properties":{"voltage":"","name":""}},{"type":"Feature","geometry":{"type":"Polygon","coordinates":[[[16.6397903,48.2444171],[16.6398567,48.2444164],[16.6398562,48.2443943],[16.6397898,48.244395],[16.6397903,48.2444171]]]},"properties":{"voltage":"","name":""}},{"type":"Feature","geometry":{"type":"Polygon","coordinates":[[[16.3754948,48.2747958],[16.3755195,48.2748039],[16.3755014,48.2748283],[16.3754768,48.2748202],[16.3754948,48.2747958]]]},"properties":{"voltage":"","name":""}},{"type":"Feature","geometry":{"type":"Polygon","coordinates":[[[16.3775019,48.2844324],[16.3775227,48.2844066],[16.3775916,48.284431],[16.3775708,48.2844569],[16.3775019,48.2844324]]]},"properties":{"voltage":"","name":""}},{"type":"Feature","geometry":{"type":"Polygon","coordinates":[[[16.3779139,48.2848581],[16.3779346,48.2848322],[16.3780035,48.2848567],[16.3779828,48.2848826],[16.3779139,48.2848581]]]},"properties":{"voltage":"","name":""}},{"type":"Feature","geometry":{"type":"Polygon","coordinates":[[[16.3793607,48.2854348],[16.3793939,48.2853947],[16.3795691,48.2854591],[16.3795359,48.2854991],[16.3793607,48.2854348]]]},"properties":{"voltage":"","name":""}},{"type":"Feature","geometry":{"type":"Polygon","coordinates":[[[16.395371,48.2659743],[16.3954425,48.2659613],[16.3954538,48.2659886],[16.3953822,48.2660016],[16.395371,48.2659743]]]},"properties":{"voltage":"","name":""}},{"type":"Feature","geometry":{"type":"Polygon","coordinates":[[[16.4034211,48.2645487],[16.4033888,48.264487],[16.4033266,48.2645014],[16.4033589,48.2645631],[16.4034211,48.2645487]]]},"properties":{"voltage":"","name":""}},{"type":"Feature","geometry":{"type":"Polygon","coordinates":[[[16.2613107,48.1205451],[16.2613564,48.1205557],[16.2613654,48.1205383],[16.2613197,48.1205277],[16.2613107,48.1205451]]]},"properties":{"voltage":"","name":""}},{"type":"Feature","geometry":{"type":"Polygon","coordinates":[[[15.3738387,48.4115178],[15.3738681,48.4115363],[15.3738333,48.4115606],[15.3738039,48.4115421],[15.3738387,48.4115178]]]},"properties":{"voltage":"","name":""}},{"type":"Feature","geometry":{"type":"Polygon","coordinates":[[[16.3806191,48.255604],[16.3806375,48.2555347],[16.3805707,48.2555268],[16.3805523,48.2555962],[16.3806191,48.255604]]]},"properties":{"voltage":"","name":""}},{"type":"Feature","geometry":{"type":"Polygon","coordinates":[[[15.1509964,48.1443411],[15.1510412,48.1443823],[15.1510962,48.1443557],[15.1510514,48.1443145],[15.1509964,48.1443411]]]},"properties":{"voltage":"","name":""}},{"type":"Feature","geometry":{"type":"Polygon","coordinates":[[[15.0530861,48.071248],[15.0530867,48.0712638],[15.0531314,48.071263],[15.0531308,48.0712472],[15.0530861,48.071248]]]},"properties":{"voltage":"","name":""}},{"type":"Feature","geometry":{"type":"Polygon","coordinates":[[[16.4462066,48.289218],[16.4462135,48.2892149],[16.4462506,48.289252],[16.4461951,48.2892766],[16.446158,48.2892394],[16.4462066,48.289218]]]},"properties":{"voltage":"","name":""}},{"type":"Feature","geometry":{"type":"Polygon","coordinates":[[[16.2983597,48.1399751],[16.2983602,48.1399307],[16.2984197,48.139931],[16.2984192,48.1399754],[16.2983597,48.1399751]]]},"properties":{"voltage":"20000;400","name":""}},{"type":"Feature","geometry":{"type":"Polygon","coordinates":[[[16.679695,48.3294343],[16.6797036,48.3294128],[16.6797312,48.3294171],[16.6797223,48.3294391],[16.679695,48.3294343]]]},"properties":{"voltage":"","name":"TST Sch\u00f6nkirchen J\u00e4gergasse"}},{"type":"Feature","geometry":{"type":"Polygon","coordinates":[[[16.68402,48.330048],[16.6840286,48.3300265],[16.6840562,48.3300308],[16.6840473,48.3300528],[16.68402,48.330048]]]},"properties":{"voltage":"","name":""}},{"type":"Feature","geometry":{"type":"Polygon","coordinates":[[[16.3640332,48.1158987],[16.3640559,48.1158922],[16.36408,48.1158853],[16.3640996,48.1159159],[16.3640528,48.1159293],[16.3640332,48.1158987]]]},"properties":{"voltage":"20000;400","name":""}},{"type":"Feature","geometry":{"type":"Polygon","coordinates":[[[16.4447552,48.0768231],[16.4447741,48.0768148],[16.4447976,48.0768046],[16.444823,48.0768305],[16.4447805,48.076849],[16.4447552,48.0768231]]]},"properties":{"voltage":"","name":""}},{"type":"Feature","geometry":{"type":"Polygon","coordinates":[[[16.2585784,48.1366443],[16.2585831,48.1366898],[16.2586423,48.1367047],[16.258633,48.136614],[16.2585756,48.1366166],[16.2585784,48.1366443]]]},"properties":{"voltage":"","name":""}},{"type":"Feature","geometry":{"type":"Polygon","coordinates":[[[16.2852021,48.1303228],[16.2852,48.1303427],[16.2851564,48.1303406],[16.2851585,48.1303207],[16.2852021,48.1303228]]]},"properties":{"voltage":"","name":""}},{"type":"Feature","geometry":{"type":"Polygon","coordinates":[[[15.7664684,48.904309],[15.7665228,48.9043097],[15.7665248,48.9042726],[15.7664989,48.904272],[15.7664704,48.9042713],[15.7664684,48.904309]]]},"properties":{"voltage":"","name":""}},{"type":"Feature","geometry":{"type":"Polygon","coordinates":[[[16.2625914,48.1450564],[16.2625906,48.1450273],[16.2625656,48.1450276],[16.2625664,48.1450567],[16.2625914,48.1450564]]]},"properties":{"voltage":"","name":""}},{"type":"Feature","geometry":{"type":"Polygon","coordinates":[[[15.8611877,48.9835213],[15.8611976,48.983497],[15.8611619,48.9834904],[15.8611506,48.983515],[15.8611678,48.9835179],[15.8611877,48.9835213]]]},"properties":{"voltage":"","name":""}},{"type":"Feature","geometry":{"type":"Polygon","coordinates":[[[16.4523683,48.2702736],[16.4524267,48.2702696],[16.4524212,48.2702339],[16.4523628,48.270238],[16.4523683,48.2702736]]]},"properties":{"voltage":"","name":""}},{"type":"Feature","geometry":{"type":"Polygon","coordinates":[[[16.2599308,48.0187549],[16.259953,48.0187925],[16.2600145,48.0187762],[16.2599923,48.0187386],[16.2599308,48.0187549]]]},"properties":{"voltage":"","name":""}},{"type":"Feature","geometry":{"type":"Polygon","coordinates":[[[16.2646003,48.0198975],[16.264661,48.0198726],[16.2647025,48.0199179],[16.2646419,48.0199428],[16.2646003,48.0198975]]]},"properties":{"voltage":"","name":""}},{"type":"Feature","geometry":{"type":"Polygon","coordinates":[[[16.2635897,48.0144907],[16.2635412,48.0145095],[16.2635983,48.0145753],[16.2636467,48.0145565],[16.2635897,48.0144907]]]},"properties":{"voltage":"20000","name":""}},{"type":"Feature","geometry":{"type":"Polygon","coordinates":[[[16.4475922,48.1750731],[16.4476228,48.1750508],[16.4476467,48.1750654],[16.447616,48.1750877],[16.4475922,48.1750731]]]},"properties":{"voltage":"","name":""}},{"type":"Feature","geometry":{"type":"Polygon","coordinates":[[[16.4549067,48.1715888],[16.4549296,48.1716306],[16.4549988,48.1716137],[16.4549758,48.171572],[16.4549067,48.1715888]]]},"properties":{"voltage":"","name":""}},{"type":"Feature","geometry":{"type":"Polygon","coordinates":[[[16.4604128,48.1802913],[16.4604712,48.1802369],[16.4605292,48.1802646],[16.4604708,48.180319],[16.4604128,48.1802913]]]},"properties":{"voltage":"","name":""}},{"type":"Feature","geometry":{"type":"Polygon","coordinates":[[[16.2690399,48.2078835],[16.2690665,48.2078726],[16.2690786,48.2078857],[16.269052,48.2078966],[16.2690399,48.2078835]]]},"properties":{"voltage":"","name":""}},{"type":"Feature","geometry":{"type":"Polygon","coordinates":[[[16.730581,48.6447245],[16.7305647,48.6446924],[16.7306112,48.6446821],[16.7306275,48.6447141],[16.730581,48.6447245]]]},"properties":{"voltage":"","name":""}},{"type":"Feature","geometry":{"type":"Polygon","coordinates":[[[16.3058387,48.1371375],[16.30574,48.1371433],[16.3057347,48.1371029],[16.3058334,48.1370971],[16.3058387,48.1371375]]]},"properties":{"voltage":"","name":""}},{"type":"Feature","geometry":{"type":"Polygon","coordinates":[[[16.3088379,48.1368583],[16.308973,48.1368474],[16.3089658,48.1368078],[16.3088307,48.1368186],[16.3088379,48.1368583]]]},"properties":{"voltage":"","name":""}},{"type":"Feature","geometry":{"type":"Polygon","coordinates":[[[16.3101861,48.1339627],[16.310318,48.1339346],[16.3102972,48.1338901],[16.3101643,48.1339179],[16.3101861,48.1339627]]]},"properties":{"voltage":"","name":""}},{"type":"Feature","geometry":{"type":"Polygon","coordinates":[[[16.3170066,48.1280051],[16.3170981,48.1279811],[16.3170634,48.1279222],[16.3169719,48.1279462],[16.3170066,48.1280051]]]},"properties":{"voltage":"","name":""}},{"type":"Feature","geometry":{"type":"Polygon","coordinates":[[[16.318009,48.1256495],[16.3180357,48.1257155],[16.3181013,48.1257036],[16.3180746,48.1256377],[16.318009,48.1256495]]]},"properties":{"voltage":"","name":""}},{"type":"Feature","geometry":{"type":"Polygon","coordinates":[[[16.339682,48.0602266],[16.3397178,48.0602282],[16.3397084,48.060322],[16.3396726,48.0603204],[16.339682,48.0602266]]]},"properties":{"voltage":"","name":""}},{"type":"Feature","geometry":{"type":"Polygon","coordinates":[[[15.0929319,48.5699551],[15.0929346,48.5699303],[15.0929806,48.5699326],[15.0929779,48.5699573],[15.0929319,48.5699551]]]},"properties":{"voltage":"","name":""}},{"type":"Feature","geometry":{"type":"Polygon","coordinates":[[[16.4085695,48.1688209],[16.4085362,48.1687975],[16.4086349,48.1687352],[16.4086158,48.1687217],[16.4086519,48.168699],[16.4087043,48.1687359],[16.4085695,48.1688209]]]},"properties":{"voltage":"","name":""}},{"type":"Feature","geometry":{"type":"Polygon","coordinates":[[[17.1484214,48.05056],[17.1484423,48.0505433],[17.1484816,48.0505669],[17.1484599,48.0505828],[17.1484214,48.05056]]]},"properties":{"voltage":"","name":""}},{"type":"Feature","geometry":{"type":"Polygon","coordinates":[[[16.4114959,48.2603306],[16.4114779,48.2603204],[16.4114948,48.2603071],[16.4115128,48.2603173],[16.4114959,48.2603306]]]},"properties":{"voltage":"","name":""}},{"type":"Feature","geometry":{"type":"Polygon","coordinates":[[[16.3884128,48.2757713],[16.388433,48.275725],[16.3885177,48.2757414],[16.3884974,48.2757877],[16.3884921,48.2757867],[16.3884128,48.2757713]]]},"properties":{"voltage":"","name":""}},{"type":"Feature","geometry":{"type":"Polygon","coordinates":[[[16.3256411,48.2574623],[16.325678,48.2574517],[16.3256871,48.2574658],[16.3256502,48.2574764],[16.3256411,48.2574623]]]},"properties":{"voltage":"","name":""}},{"type":"Feature","geometry":{"type":"Polygon","coordinates":[[[16.3086097,48.0302223],[16.3086685,48.0302091],[16.3086594,48.0301909],[16.308645,48.0301623],[16.3085862,48.0301756],[16.3085969,48.0301968],[16.3086097,48.0302223]]]},"properties":{"voltage":"20000;400","name":""}},{"type":"Feature","geometry":{"type":"Polygon","coordinates":[[[16.3121356,48.1547682],[16.3120965,48.1548352],[16.3121553,48.1548505],[16.3121945,48.1547835],[16.3121356,48.1547682]]]},"properties":{"voltage":"","name":""}},{"type":"Feature","geometry":{"type":"Polygon","coordinates":[[[16.2892035,48.1488826],[16.2892319,48.1488752],[16.2892205,48.1488556],[16.2891921,48.1488629],[16.2892035,48.1488826]]]},"properties":{"voltage":"","name":""}},{"type":"Feature","geometry":{"type":"Polygon","coordinates":[[[16.8335951,48.1081165],[16.8335815,48.1081363],[16.8336128,48.1081459],[16.8336264,48.1081261],[16.8335951,48.1081165]]]},"properties":{"voltage":"","name":""}},{"type":"Feature","geometry":{"type":"Polygon","coordinates":[[[16.8408533,48.1061909],[16.840882,48.1062004],[16.8408972,48.1061802],[16.8408685,48.1061706],[16.8408533,48.1061909]]]},"properties":{"voltage":"","name":""}},{"type":"Feature","geometry":{"type":"Polygon","coordinates":[[[16.8384689,48.1102321],[16.8385029,48.1102399],[16.8385137,48.110219],[16.8384797,48.1102112],[16.8384689,48.1102321]]]},"properties":{"voltage":"","name":""}},{"type":"Feature","geometry":{"type":"Polygon","coordinates":[[[16.2860099,48.0328111],[16.2860423,48.0327979],[16.2860057,48.0327579],[16.2859734,48.0327711],[16.2860099,48.0328111]]]},"properties":{"voltage":"20000;400","name":""}},{"type":"Feature","geometry":{"type":"Polygon","coordinates":[[[16.2851495,48.0323258],[16.2851833,48.0323596],[16.2852707,48.0323207],[16.2852368,48.0322868],[16.2851495,48.0323258]]]},"properties":{"voltage":"20000;400","name":""}},{"type":"Feature","geometry":{"type":"Polygon","coordinates":[[[16.324671,48.1096058],[16.3247012,48.1096007],[16.324693,48.109579],[16.3246628,48.1095841],[16.324671,48.1096058]]]},"properties":{"voltage":"","name":""}},{"type":"Feature","geometry":{"type":"Polygon","coordinates":[[[16.3252487,48.111346],[16.3252789,48.1113409],[16.3252707,48.1113192],[16.3252405,48.1113243],[16.3252487,48.111346]]]},"properties":{"voltage":"","name":""}},{"type":"Feature","geometry":{"type":"Polygon","coordinates":[[[15.6176843,48.2000257],[15.6176592,48.2000397],[15.6176994,48.2000718],[15.6177246,48.2000577],[15.6176843,48.2000257]]]},"properties":{"voltage":"","name":""}},{"type":"Feature","geometry":{"type":"Polygon","coordinates":[[[17.1731998,48.1816707],[17.1732168,48.1816467],[17.1731574,48.1816279],[17.1731403,48.1816519],[17.1731998,48.1816707]]]},"properties":{"voltage":"","name":""}},{"type":"Feature","geometry":{"type":"Polygon","coordinates":[[[16.3523591,48.2797945],[16.3523429,48.2797849],[16.3523672,48.2797667],[16.3523834,48.2797763],[16.3523591,48.2797945]]]},"properties":{"voltage":"","name":""}},{"type":"Feature","geometry":{"type":"Polygon","coordinates":[[[16.3385341,48.2860005],[16.3385808,48.2860468],[16.3385432,48.2860636],[16.3384966,48.2860172],[16.3385341,48.2860005]]]},"properties":{"voltage":"10000","name":""}},{"type":"Feature","geometry":{"type":"Polygon","coordinates":[[[16.4115289,48.1245512],[16.4115703,48.1245479],[16.4115805,48.1246055],[16.4115391,48.1246088],[16.4115289,48.1245512]]]},"properties":{"voltage":"","name":""}},{"type":"Feature","geometry":{"type":"Polygon","coordinates":[[[16.4125347,48.122298],[16.4125705,48.1222962],[16.4125649,48.1222465],[16.412529,48.1222483],[16.4125347,48.122298]]]},"properties":{"voltage":"","name":""}},{"type":"Feature","geometry":{"type":"Polygon","coordinates":[[[16.4293557,48.1243159],[16.429342,48.1243577],[16.4293793,48.1243631],[16.429393,48.1243213],[16.4293557,48.1243159]]]},"properties":{"voltage":"","name":""}},{"type":"Feature","geometry":{"type":"Polygon","coordinates":[[[16.2903876,48.144927],[16.2904316,48.1449207],[16.2904163,48.1448735],[16.2903724,48.1448799],[16.2903876,48.144927]]]},"properties":{"voltage":"","name":""}},{"type":"Feature","geometry":{"type":"Polygon","coordinates":[[[16.4015464,48.1868094],[16.4015969,48.1868295],[16.4016312,48.1867905],[16.4015808,48.1867704],[16.4015464,48.1868094]]]},"properties":{"voltage":"","name":""}},{"type":"Feature","geometry":{"type":"Polygon","coordinates":[[[16.3889717,48.1711012],[16.3890038,48.1711834],[16.3890926,48.1711679],[16.3890605,48.1710858],[16.3889717,48.1711012]]]},"properties":{"voltage":"","name":""}},{"type":"Feature","geometry":{"type":"Polygon","coordinates":[[[16.3547727,48.0725939],[16.354826,48.0725862],[16.3548378,48.0726228],[16.3547845,48.0726305],[16.3547727,48.0725939]]]},"properties":{"voltage":"20000;400","name":""}},{"type":"Feature","geometry":{"type":"Polygon","coordinates":[[[16.5214141,48.2643128],[16.5214544,48.264307],[16.5214401,48.264263],[16.5213998,48.2642688],[16.5214141,48.2643128]]]},"properties":{"voltage":"","name":""}},{"type":"Feature","geometry":{"type":"Polygon","coordinates":[[[16.3785601,48.0335512],[16.3785916,48.0335991],[16.3785385,48.0336148],[16.3785069,48.0335668],[16.3785601,48.0335512]]]},"properties":{"voltage":"20000;400","name":""}},{"type":"Feature","geometry":{"type":"Polygon","coordinates":[[[16.2976859,48.1542617],[16.2977401,48.1542437],[16.2977847,48.1543033],[16.2977305,48.1543213],[16.2977181,48.1543047],[16.2976859,48.1542617]]]},"properties":{"voltage":"","name":""}},{"type":"Feature","geometry":{"type":"Polygon","coordinates":[[[16.2834714,48.1439153],[16.2835632,48.1439021],[16.283549,48.143858],[16.2834572,48.1438711],[16.2834714,48.1439153]]]},"properties":{"voltage":"","name":""}},{"type":"Feature","geometry":{"type":"Polygon","coordinates":[[[16.3784685,48.0257263],[16.3785144,48.0257473],[16.3784901,48.0257711],[16.3784441,48.0257501],[16.3784685,48.0257263]]]},"properties":{"voltage":"20000;400","name":""}},{"type":"Feature","geometry":{"type":"Polygon","coordinates":[[[16.4129605,48.0322419],[16.4130133,48.0322469],[16.4130088,48.032268],[16.4129561,48.032263],[16.4129605,48.0322419]]]},"properties":{"voltage":"20000;400","name":""}},{"type":"Feature","geometry":{"type":"Polygon","coordinates":[[[16.4231515,48.0348996],[16.4231826,48.0349166],[16.4231567,48.0349377],[16.4231411,48.0349292],[16.4231256,48.0349207],[16.4231515,48.0348996]]]},"properties":{"voltage":"20000","name":""}},{"type":"Feature","geometry":{"type":"Polygon","coordinates":[[[16.430647,48.0364812],[16.4306903,48.0364694],[16.4307053,48.0364941],[16.430683,48.0365002],[16.4306619,48.0365059],[16.430647,48.0364812]]]},"properties":{"voltage":"20000","name":""}},{"type":"Feature","geometry":{"type":"Polygon","coordinates":[[[16.4521665,48.2753548],[16.4522334,48.2753487],[16.452224,48.2753031],[16.4521571,48.2753092],[16.4521665,48.2753548]]]},"properties":{"voltage":"","name":""}},{"type":"Feature","geometry":{"type":"Polygon","coordinates":[[[16.3746023,48.1688577],[16.3746304,48.1689033],[16.3745749,48.1689183],[16.3745695,48.1689092],[16.3745358,48.1689191],[16.3745098,48.1688811],[16.3746023,48.1688577]]]},"properties":{"voltage":"","name":""}},{"type":"Feature","geometry":{"type":"Polygon","coordinates":[[[16.3522345,48.1174449],[16.3522398,48.1174225],[16.3523057,48.1174293],[16.3523004,48.1174517],[16.3522345,48.1174449]]]},"properties":{"voltage":"20000;400","name":""}},{"type":"Feature","geometry":{"type":"Polygon","coordinates":[[[17.0379029,48.224316],[17.0379286,48.2242985],[17.0378977,48.2242783],[17.037872,48.2242957],[17.0379029,48.224316]]]},"properties":{"voltage":"","name":""}},{"type":"Feature","geometry":{"type":"Polygon","coordinates":[[[16.3404216,48.2973097],[16.3404645,48.2972483],[16.3405172,48.2972647],[16.3404743,48.297326],[16.3404216,48.2973097]]]},"properties":{"voltage":"","name":""}},{"type":"Feature","geometry":{"type":"Polygon","coordinates":[[[15.3314665,48.5924099],[15.3315061,48.5925431],[15.3329071,48.5923695],[15.3328878,48.5923005],[15.3322718,48.5923806],[15.3322502,48.592308],[15.3314665,48.5924099]]]},"properties":{"voltage":"110000;20000","name":"Umspannwerk Ottenstein"}},{"type":"Feature","geometry":{"type":"Polygon","coordinates":[[[16.4114477,48.0372317],[16.4114647,48.0372283],[16.4114909,48.037223],[16.4115025,48.0372486],[16.4114592,48.0372573],[16.4114477,48.0372317]]]},"properties":{"voltage":"20000;400","name":""}},{"type":"Feature","geometry":{"type":"Polygon","coordinates":[[[16.3851808,48.0299487],[16.3852396,48.0299387],[16.3852495,48.0299647],[16.3851906,48.0299746],[16.3851808,48.0299487]]]},"properties":{"voltage":"20000;400","name":""}},{"type":"Feature","geometry":{"type":"Polygon","coordinates":[[[16.4059092,48.0249106],[16.4058806,48.0248713],[16.4059174,48.0248594],[16.4059459,48.0248987],[16.4059092,48.0249106]]]},"properties":{"voltage":"20000;400","name":""}},{"type":"Feature","geometry":{"type":"Polygon","coordinates":[[[16.467909,48.1983723],[16.4679695,48.1984153],[16.4680107,48.1983896],[16.4679502,48.1983466],[16.467909,48.1983723]]]},"properties":{"voltage":"","name":""}},{"type":"Feature","geometry":{"type":"Polygon","coordinates":[[[16.3960644,48.0832324],[16.3960747,48.083213],[16.3961382,48.0832279],[16.3961279,48.0832473],[16.3960644,48.0832324]]]},"properties":{"voltage":"20000;400","name":""}},{"type":"Feature","geometry":{"type":"Polygon","coordinates":[[[16.3687651,48.0815103],[16.3687672,48.0814682],[16.3687999,48.0814688],[16.3687978,48.0815109],[16.3687651,48.0815103]]]},"properties":{"voltage":"20000;400","name":""}},{"type":"Feature","geometry":{"type":"Polygon","coordinates":[[[16.8608604,48.0201312],[16.8610792,48.0202013],[16.8614581,48.0209679],[16.8597974,48.0214316],[16.8591782,48.0210071],[16.8599627,48.0205331],[16.8602163,48.0203956],[16.8606037,48.0202062],[16.8608604,48.0201312]]]},"properties":{"voltage":"110000","name":"Umspannwerk Bruckneudorf"}},{"type":"Feature","geometry":{"type":"Polygon","coordinates":[[[16.438995,48.3447532],[16.4389762,48.3447244],[16.4390471,48.3447039],[16.439066,48.3447327],[16.438995,48.3447532]]]},"properties":{"voltage":"","name":""}},{"type":"Feature","geometry":{"type":"Polygon","coordinates":[[[16.5942517,48.0713417],[16.5942867,48.0713627],[16.5943188,48.0713389],[16.5943002,48.0713277],[16.5942838,48.0713178],[16.5942517,48.0713417]]]},"properties":{"voltage":"","name":""}},{"type":"Feature","geometry":{"type":"Polygon","coordinates":[[[16.5889292,48.0652021],[16.5889333,48.0651601],[16.588948,48.0651607],[16.5889632,48.0651614],[16.5889732,48.0651618],[16.588969,48.0652044],[16.5889292,48.0652021]]]},"properties":{"voltage":"","name":""}},{"type":"Feature","geometry":{"type":"Polygon","coordinates":[[[16.5989129,48.0906514],[16.5989426,48.090694],[16.5988848,48.090712],[16.598855,48.0906695],[16.5988852,48.0906601],[16.5989129,48.0906514]]]},"properties":{"voltage":"","name":""}},{"type":"Feature","geometry":{"type":"Polygon","coordinates":[[[16.6058578,48.0904081],[16.6059054,48.090395],[16.605899,48.0903845],[16.6058926,48.0903741],[16.6058721,48.0903797],[16.6058449,48.0903872],[16.6058578,48.0904081]]]},"properties":{"voltage":"","name":""}},{"type":"Feature","geometry":{"type":"Polygon","coordinates":[[[16.6059281,48.1005833],[16.6059525,48.1005827],[16.6059774,48.1005821],[16.6059756,48.1005485],[16.6059517,48.100549],[16.6059264,48.1005496],[16.6059281,48.1005833]]]},"properties":{"voltage":"","name":""}},{"type":"Feature","geometry":{"type":"Polygon","coordinates":[[[16.6059374,48.1009753],[16.6059827,48.1009753],[16.6059829,48.1009438],[16.6059606,48.1009438],[16.6059375,48.1009437],[16.6059374,48.1009753]]]},"properties":{"voltage":"","name":""}},{"type":"Feature","geometry":{"type":"Polygon","coordinates":[[[16.5426534,48.0793743],[16.5426629,48.0793862],[16.5426752,48.0794017],[16.5427252,48.0793839],[16.542714,48.0793698],[16.5427033,48.0793565],[16.5426534,48.0793743]]]},"properties":{"voltage":"20000;400","name":""}},{"type":"Feature","geometry":{"type":"Polygon","coordinates":[[[16.5358803,48.0813859],[16.5359422,48.081368],[16.5359126,48.0813224],[16.5358507,48.0813403],[16.5358803,48.0813859]]]},"properties":{"voltage":"","name":""}},{"type":"Feature","geometry":{"type":"Polygon","coordinates":[[[16.3877783,48.3898483],[16.3878231,48.3898436],[16.3878182,48.3898226],[16.3877734,48.3898272],[16.3877783,48.3898483]]]},"properties":{"voltage":"","name":""}},{"type":"Feature","geometry":{"type":"Polygon","coordinates":[[[15.5885107,48.2951792],[15.5885288,48.2951672],[15.5885043,48.2951508],[15.5884863,48.2951628],[15.5885107,48.2951792]]]},"properties":{"voltage":"","name":""}},{"type":"Feature","geometry":{"type":"Polygon","coordinates":[[[16.3526701,48.0042147],[16.3526998,48.0042475],[16.3527595,48.0042233],[16.3527298,48.0041905],[16.3526701,48.0042147]]]},"properties":{"voltage":"","name":""}},{"type":"Feature","geometry":{"type":"Polygon","coordinates":[[[16.6591022,48.1124585],[16.6591447,48.112452],[16.6591514,48.1124718],[16.6591089,48.1124783],[16.6591022,48.1124585]]]},"properties":{"voltage":"","name":"TST Ma. Ellend HD S\u00fcd"}},{"type":"Feature","geometry":{"type":"Polygon","coordinates":[[[16.4433525,48.0430504],[16.4433997,48.04303],[16.4433686,48.0429979],[16.4433214,48.0430183],[16.4433354,48.0430327],[16.4433525,48.0430504]]]},"properties":{"voltage":"","name":""}},{"type":"Feature","geometry":{"type":"Polygon","coordinates":[[[16.3258814,48.1329778],[16.3258677,48.1330267],[16.3259285,48.1330343],[16.3259422,48.1329854],[16.3258814,48.1329778]]]},"properties":{"voltage":"","name":""}},{"type":"Feature","geometry":{"type":"Polygon","coordinates":[[[15.6504383,48.2200785],[15.6504848,48.2201094],[15.6505591,48.22006],[15.6505126,48.220029],[15.6504383,48.2200785]]]},"properties":{"voltage":"","name":""}},{"type":"Feature","geometry":{"type":"Polygon","coordinates":[[[16.3687349,48.2850335],[16.3687596,48.284994],[16.3688469,48.2850181],[16.3688222,48.2850576],[16.3687349,48.2850335]]]},"properties":{"voltage":"","name":""}},{"type":"Feature","geometry":{"type":"Polygon","coordinates":[[[16.3739109,48.2836217],[16.3738369,48.2836042],[16.3738249,48.2836262],[16.3737964,48.2836804],[16.3737803,48.2837127],[16.3738434,48.2837287],[16.3739109,48.2836217]]]},"properties":{"voltage":"","name":""}},{"type":"Feature","geometry":{"type":"Polygon","coordinates":[[[15.6368052,48.1749095],[15.6368282,48.1749101],[15.6368298,48.1748831],[15.6368068,48.1748825],[15.6368052,48.1749095]]]},"properties":{"voltage":"","name":""}},{"type":"Feature","geometry":{"type":"Polygon","coordinates":[[[16.3858537,48.0736145],[16.3858816,48.073606],[16.3858628,48.0735785],[16.3858349,48.073587],[16.3858537,48.0736145]]]},"properties":{"voltage":"20000;400","name":""}},{"type":"Feature","geometry":{"type":"Polygon","coordinates":[[[16.3823735,48.0505757],[16.382328,48.0505791],[16.3823367,48.0506311],[16.3823822,48.0506277],[16.3823735,48.0505757]]]},"properties":{"voltage":"20000;400","name":""}},{"type":"Feature","geometry":{"type":"Polygon","coordinates":[[[16.2888842,48.0034936],[16.2889315,48.0035326],[16.2889665,48.0035137],[16.2889436,48.0034948],[16.2889192,48.0034746],[16.2889002,48.0034849],[16.2888842,48.0034936]]]},"properties":{"voltage":"","name":""}},{"type":"Feature","geometry":{"type":"Polygon","coordinates":[[[16.2841322,48.0070691],[16.2841771,48.0070488],[16.2841556,48.0070276],[16.2841311,48.0070034],[16.2840862,48.0070237],[16.2841322,48.0070691]]]},"properties":{"voltage":"","name":""}},{"type":"Feature","geometry":{"type":"Polygon","coordinates":[[[16.2726026,48.006199],[16.2726081,48.006175],[16.2726126,48.0061554],[16.272664,48.0061606],[16.2726541,48.0062042],[16.2726026,48.006199]]]},"properties":{"voltage":"","name":""}},{"type":"Feature","geometry":{"type":"Polygon","coordinates":[[[15.6543786,48.2323868],[15.6544004,48.2323699],[15.6543592,48.2323462],[15.6543374,48.2323631],[15.6543786,48.2323868]]]},"properties":{"voltage":"","name":""}},{"type":"Feature","geometry":{"type":"Polygon","coordinates":[[[16.4643578,48.1278215],[16.4643971,48.1278664],[16.4643301,48.1278925],[16.4642908,48.1278476],[16.4643578,48.1278215]]]},"properties":{"voltage":"","name":""}},{"type":"Feature","geometry":{"type":"Polygon","coordinates":[[[16.4313581,48.2673329],[16.4314369,48.2673268],[16.4314317,48.2672968],[16.4313529,48.2673029],[16.4313581,48.2673329]]]},"properties":{"voltage":"","name":""}},{"type":"Feature","geometry":{"type":"Polygon","coordinates":[[[15.620133,48.2059079],[15.6202072,48.2059039],[15.6202019,48.2058605],[15.6201277,48.2058645],[15.620133,48.2059079]]]},"properties":{"voltage":"","name":""}},{"type":"Feature","geometry":{"type":"Polygon","coordinates":[[[16.3586707,48.1117825],[16.3586279,48.1117801],[16.358634,48.1117315],[16.3586768,48.1117339],[16.3586707,48.1117825]]]},"properties":{"voltage":"20000;400","name":""}},{"type":"Feature","geometry":{"type":"Polygon","coordinates":[[[15.6472312,48.296158],[15.6472068,48.296178],[15.6472235,48.2961871],[15.647248,48.2961671],[15.6472312,48.296158]]]},"properties":{"voltage":"","name":""}},{"type":"Feature","geometry":{"type":"Polygon","coordinates":[[[15.8591345,48.0253398],[15.8591432,48.0253298],[15.859152,48.0253196],[15.8591864,48.0253329],[15.8591688,48.0253532],[15.8591528,48.025347],[15.8591345,48.0253398]]]},"properties":{"voltage":"","name":""}},{"type":"Feature","geometry":{"type":"Polygon","coordinates":[[[16.4633057,48.1749335],[16.4632446,48.1748512],[16.4631784,48.1748731],[16.4631742,48.1748745],[16.4632353,48.1749568],[16.4632395,48.1749554],[16.4633057,48.1749335]]]},"properties":{"voltage":"","name":""}},{"type":"Feature","geometry":{"type":"Polygon","coordinates":[[[15.7041671,48.5520266],[15.7041987,48.5520158],[15.7041823,48.5519949],[15.7041508,48.5520057],[15.7041671,48.5520266]]]},"properties":{"voltage":"","name":""}},{"type":"Feature","geometry":{"type":"Polygon","coordinates":[[[16.2930264,48.2499461],[16.293033,48.2499584],[16.2930168,48.2499623],[16.2930102,48.24995],[16.2930264,48.2499461]]]},"properties":{"voltage":"","name":""}},{"type":"Feature","geometry":{"type":"Polygon","coordinates":[[[16.7293266,48.3400314],[16.7293451,48.3399876],[16.729398,48.3399974],[16.7293795,48.3400413],[16.7293266,48.3400314]]]},"properties":{"voltage":"","name":""}},{"type":"Feature","geometry":{"type":"Polygon","coordinates":[[[16.6498271,48.3236765],[16.6498654,48.3236756],[16.6498644,48.3236564],[16.6498261,48.3236573],[16.6498271,48.3236765]]]},"properties":{"voltage":"","name":""}},{"type":"Feature","geometry":{"type":"Polygon","coordinates":[[[16.5966591,48.3103946],[16.5965885,48.3103879],[16.596593,48.3103671],[16.5966636,48.3103739],[16.5966591,48.3103946]]]},"properties":{"voltage":"","name":""}},{"type":"Feature","geometry":{"type":"Polygon","coordinates":[[[15.9679317,48.017771],[15.9679204,48.0177483],[15.9679729,48.0177366],[15.9679841,48.0177593],[15.9679317,48.017771]]]},"properties":{"voltage":"20000","name":""}},{"type":"Feature","geometry":{"type":"Polygon","coordinates":[[[15.8829881,48.3551967],[15.8830367,48.3552276],[15.8830812,48.3551968],[15.8830325,48.3551658],[15.8829881,48.3551967]]]},"properties":{"voltage":"","name":"TST Zwentendorf Kraftwerk 2"}},{"type":"Feature","geometry":{"type":"Polygon","coordinates":[[[16.4681103,48.2994903],[16.4680792,48.299454],[16.4681389,48.2994314],[16.46817,48.2994678],[16.4681103,48.2994903]]]},"properties":{"voltage":"","name":""}},{"type":"Feature","geometry":{"type":"Polygon","coordinates":[[[16.4616059,48.302188],[16.4617199,48.3021406],[16.4616929,48.3021119],[16.4615789,48.3021592],[16.4616059,48.302188]]]},"properties":{"voltage":"","name":""}},{"type":"Feature","geometry":{"type":"Polygon","coordinates":[[[15.6272189,48.0930663],[15.6272191,48.0930487],[15.6272629,48.093049],[15.6272626,48.0930666],[15.6272189,48.0930663]]]},"properties":{"voltage":"","name":""}},{"type":"Feature","geometry":{"type":"Polygon","coordinates":[[[16.4136983,48.2431918],[16.4136758,48.2431699],[16.4136962,48.2431606],[16.4137187,48.2431824],[16.4136983,48.2431918]]]},"properties":{"voltage":"","name":""}},{"type":"Feature","geometry":{"type":"Polygon","coordinates":[[[15.0966707,48.8723603],[15.09671,48.8723448],[15.096693,48.8723253],[15.0966538,48.8723405],[15.0966707,48.8723603]]]},"properties":{"voltage":"","name":""}},{"type":"Feature","geometry":{"type":"Polygon","coordinates":[[[16.5788217,48.0099877],[16.5788388,48.0099771],[16.5788105,48.0099567],[16.5787934,48.0099673],[16.5788217,48.0099877]]]},"properties":{"voltage":"20000","name":""}},{"type":"Feature","geometry":{"type":"Polygon","coordinates":[[[16.5787133,48.0140364],[16.5787454,48.0140208],[16.5787217,48.0139989],[16.5786896,48.0140145],[16.5787133,48.0140364]]]},"properties":{"voltage":"20000","name":""}},{"type":"Feature","geometry":{"type":"Polygon","coordinates":[[[15.6199489,48.1133986],[15.6199852,48.1133827],[15.6199703,48.1133674],[15.6199339,48.1133833],[15.6199489,48.1133986]]]},"properties":{"voltage":"","name":""}},{"type":"Feature","geometry":{"type":"Polygon","coordinates":[[[16.3061098,48.1532793],[16.3061131,48.1532435],[16.3062334,48.1532509],[16.3062321,48.1532858],[16.3061098,48.1532793]]]},"properties":{"voltage":"","name":""}},{"type":"Feature","geometry":{"type":"Polygon","coordinates":[[[16.3109678,48.2311541],[16.3109927,48.2311365],[16.3110119,48.2311484],[16.3109854,48.231165],[16.3109678,48.2311541]]]},"properties":{"voltage":"","name":""}},{"type":"Feature","geometry":{"type":"Polygon","coordinates":[[[16.3015234,48.2353162],[16.3015202,48.235392],[16.3014596,48.2353933],[16.3014628,48.2353176],[16.3015234,48.2353162]]]},"properties":{"voltage":"","name":""}},{"type":"Feature","geometry":{"type":"Polygon","coordinates":[[[16.401491,48.176795],[16.4014815,48.1767555],[16.4016112,48.1767417],[16.4016206,48.1767812],[16.401491,48.176795]]]},"properties":{"voltage":"","name":""}},{"type":"Feature","geometry":{"type":"Polygon","coordinates":[[[16.3998958,48.1748691],[16.3999457,48.1748672],[16.3999412,48.174812],[16.3998913,48.1748138],[16.3998958,48.1748691]]]},"properties":{"voltage":"","name":"Gleichrichterst\u00fctzpunkt Geiselbergstra\u00dfe"}},{"type":"Feature","geometry":{"type":"Polygon","coordinates":[[[16.3864614,48.1668079],[16.3864678,48.1668276],[16.3864261,48.1668337],[16.3864196,48.1668139],[16.3864614,48.1668079]]]},"properties":{"voltage":"","name":""}},{"type":"Feature","geometry":{"type":"Polygon","coordinates":[[[16.6586534,48.1820831],[16.6586754,48.1820886],[16.6586988,48.1820945],[16.6586887,48.1821124],[16.6586793,48.1821292],[16.6586567,48.1821236],[16.6586336,48.1821177],[16.6586435,48.1821004],[16.6586534,48.1820831]]]},"properties":{"voltage":"","name":""}},{"type":"Feature","geometry":{"type":"Polygon","coordinates":[[[16.7672883,48.6054341],[16.7672827,48.605446],[16.7672772,48.6054577],[16.7673271,48.6054679],[16.7673381,48.6054443],[16.7672883,48.6054341]]]},"properties":{"voltage":"","name":""}},{"type":"Feature","geometry":{"type":"Polygon","coordinates":[[[16.7344548,48.6032552],[16.7343955,48.6032553],[16.7343957,48.6032837],[16.7344549,48.6032836],[16.7344549,48.6032705],[16.7344548,48.6032552]]]},"properties":{"voltage":"","name":""}},{"type":"Feature","geometry":{"type":"Polygon","coordinates":[[[16.7408733,48.6031896],[16.7409257,48.6031892],[16.7409259,48.6032024],[16.7409261,48.6032144],[16.7408738,48.6032148],[16.7408735,48.6032017],[16.7408733,48.6031896]]]},"properties":{"voltage":"","name":""}},{"type":"Feature","geometry":{"type":"Polygon","coordinates":[[[16.2752398,48.3157618],[16.2752601,48.3157573],[16.2752511,48.3157393],[16.2752308,48.3157438],[16.2752398,48.3157618]]]},"properties":{"voltage":"","name":""}},{"type":"Feature","geometry":{"type":"Polygon","coordinates":[[[16.722536,48.0092336],[16.7225539,48.0092337],[16.7225733,48.0092338],[16.7225736,48.0092049],[16.7225363,48.0092047],[16.722536,48.0092336]]]},"properties":{"voltage":"","name":""}},{"type":"Feature","geometry":{"type":"Polygon","coordinates":[[[17.0687807,48.0360115],[17.0687952,48.0360024],[17.0688106,48.0359927],[17.0688398,48.0360135],[17.06881,48.0360323],[17.0687807,48.0360115]]]},"properties":{"voltage":"","name":""}},{"type":"Feature","geometry":{"type":"Polygon","coordinates":[[[16.2887165,48.2831509],[16.2887493,48.283125],[16.2887849,48.2831455],[16.2887594,48.2831665],[16.288754,48.2831629],[16.2887473,48.2831678],[16.2887165,48.2831509]]]},"properties":{"voltage":"","name":""}},{"type":"Feature","geometry":{"type":"Polygon","coordinates":[[[16.3054491,48.0208716],[16.3054893,48.0208567],[16.3054537,48.0208139],[16.3054135,48.0208288],[16.3054491,48.0208716]]]},"properties":{"voltage":"20000;400","name":""}},{"type":"Feature","geometry":{"type":"Polygon","coordinates":[[[16.3200336,48.0489493],[16.3199874,48.048909],[16.3200214,48.0488916],[16.3200676,48.0489319],[16.3200336,48.0489493]]]},"properties":{"voltage":"20000;400","name":""}},{"type":"Feature","geometry":{"type":"Polygon","coordinates":[[[15.3548344,48.2092726],[15.3548732,48.2092443],[15.354898,48.2092594],[15.3548593,48.2092877],[15.3548344,48.2092726]]]},"properties":{"voltage":"","name":""}},{"type":"Feature","geometry":{"type":"Polygon","coordinates":[[[16.3750454,48.2609246],[16.3750722,48.2608876],[16.3751315,48.2609066],[16.3751047,48.2609436],[16.3750454,48.2609246]]]},"properties":{"voltage":"","name":""}},{"type":"Feature","geometry":{"type":"Polygon","coordinates":[[[16.3509783,48.1536642],[16.3509075,48.1536803],[16.3508907,48.1536476],[16.3509615,48.1536314],[16.3509783,48.1536642]]]},"properties":{"voltage":"","name":""}},{"type":"Feature","geometry":{"type":"Polygon","coordinates":[[[16.4063755,48.1610819],[16.4062922,48.1610198],[16.4062506,48.1610446],[16.406334,48.1611068],[16.4063755,48.1610819]]]},"properties":{"voltage":"","name":""}},{"type":"Feature","geometry":{"type":"Polygon","coordinates":[[[16.4089241,48.1627912],[16.4088909,48.1628054],[16.4089237,48.1628395],[16.4089568,48.1628253],[16.4089241,48.1627912]]]},"properties":{"voltage":"","name":""}},{"type":"Feature","geometry":{"type":"Polygon","coordinates":[[[16.4089902,48.1628594],[16.408929,48.1628854],[16.4089614,48.1629192],[16.4090226,48.1628932],[16.4089902,48.1628594]]]},"properties":{"voltage":"","name":""}},{"type":"Feature","geometry":{"type":"Polygon","coordinates":[[[16.4091727,48.1668667],[16.409227,48.1668962],[16.409183,48.1669322],[16.4091287,48.1669027],[16.4091727,48.1668667]]]},"properties":{"voltage":"","name":""}},{"type":"Feature","geometry":{"type":"Polygon","coordinates":[[[16.3579813,48.2990208],[16.3580371,48.2990692],[16.3581301,48.2990217],[16.358121,48.2990138],[16.3580743,48.2989733],[16.3579813,48.2990208]]]},"properties":{"voltage":"","name":""}},{"type":"Feature","geometry":{"type":"Polygon","coordinates":[[[16.3465015,48.0646413],[16.3465177,48.0646833],[16.3464634,48.0646927],[16.3464471,48.0646507],[16.3465015,48.0646413]]]},"properties":{"voltage":"20000;400","name":""}},{"type":"Feature","geometry":{"type":"Polygon","coordinates":[[[16.3833913,48.0829348],[16.383429,48.0828998],[16.3834834,48.082926],[16.3834456,48.082961],[16.3833913,48.0829348]]]},"properties":{"voltage":"20000;400","name":""}},{"type":"Feature","geometry":{"type":"Polygon","coordinates":[[[16.3806605,48.0803915],[16.3806758,48.0804271],[16.3807507,48.0804127],[16.3807354,48.0803771],[16.3806605,48.0803915]]]},"properties":{"voltage":"20000;400","name":""}},{"type":"Feature","geometry":{"type":"Polygon","coordinates":[[[16.8813008,48.2753273],[16.8813104,48.2753009],[16.8813487,48.2753071],[16.881339,48.2753335],[16.8813008,48.2753273]]]},"properties":{"voltage":"","name":""}},{"type":"Feature","geometry":{"type":"Polygon","coordinates":[[[16.7671292,48.344099],[16.7671656,48.3440921],[16.7671776,48.3441225],[16.7671429,48.3441289],[16.7671292,48.344099]]]},"properties":{"voltage":"","name":""}},{"type":"Feature","geometry":{"type":"Polygon","coordinates":[[[16.4347482,48.2771241],[16.4347911,48.2771199],[16.4348021,48.2771699],[16.4347592,48.2771741],[16.4347482,48.2771241]]]},"properties":{"voltage":"","name":""}},{"type":"Feature","geometry":{"type":"Polygon","coordinates":[[[16.355477,48.0753549],[16.3554934,48.0753992],[16.3554294,48.0754098],[16.355413,48.0753654],[16.355477,48.0753549]]]},"properties":{"voltage":"20000;400","name":""}},{"type":"Feature","geometry":{"type":"Polygon","coordinates":[[[16.3838714,48.0411345],[16.3839629,48.0411241],[16.3839729,48.041164],[16.3838815,48.0411743],[16.3838714,48.0411345]]]},"properties":{"voltage":"20000;400","name":""}},{"type":"Feature","geometry":{"type":"Polygon","coordinates":[[[16.3830214,48.0395997],[16.3830315,48.0396402],[16.3829481,48.0396495],[16.382938,48.0396089],[16.3830214,48.0395997]]]},"properties":{"voltage":"20000;400","name":""}},{"type":"Feature","geometry":{"type":"Polygon","coordinates":[[[16.3788292,48.0358406],[16.3788821,48.0358254],[16.3789231,48.035889],[16.3788702,48.0359042],[16.3788292,48.0358406]]]},"properties":{"voltage":"20000;400","name":""}},{"type":"Feature","geometry":{"type":"Polygon","coordinates":[[[16.3514777,48.1092893],[16.3514916,48.1093209],[16.3513889,48.1093411],[16.351375,48.1093095],[16.3514777,48.1092893]]]},"properties":{"voltage":"20000;400","name":""}},{"type":"Feature","geometry":{"type":"Polygon","coordinates":[[[16.3653084,48.0821511],[16.3653792,48.0821264],[16.3654081,48.0821635],[16.3653372,48.0821881],[16.3653084,48.0821511]]]},"properties":{"voltage":"20000;400","name":""}},{"type":"Feature","geometry":{"type":"Polygon","coordinates":[[[16.4886073,48.2405848],[16.4886623,48.2405664],[16.4886014,48.2404857],[16.4885464,48.2405041],[16.4886073,48.2405848]]]},"properties":{"voltage":"","name":""}},{"type":"Feature","geometry":{"type":"Polygon","coordinates":[[[16.4519932,48.0169471],[16.4520142,48.0169435],[16.4520362,48.0169397],[16.4520476,48.0169697],[16.4520046,48.016977],[16.4519932,48.0169471]]]},"properties":{"voltage":"20000;400","name":""}},{"type":"Feature","geometry":{"type":"Polygon","coordinates":[[[16.3242997,48.3183026],[16.3243724,48.3182575],[16.3243291,48.3182267],[16.3242564,48.3182718],[16.3242997,48.3183026]]]},"properties":{"voltage":"10000","name":""}},{"type":"Feature","geometry":{"type":"Polygon","coordinates":[[[16.6301856,48.2041246],[16.6301679,48.2041086],[16.6302055,48.2040901],[16.6302232,48.2041061],[16.6301856,48.2041246]]]},"properties":{"voltage":"","name":""}},{"type":"Feature","geometry":{"type":"Polygon","coordinates":[[[16.3237313,48.3071363],[16.323787,48.307158],[16.3238071,48.3071351],[16.3237514,48.3071134],[16.3237313,48.3071363]]]},"properties":{"voltage":"20000;400","name":""}},{"type":"Feature","geometry":{"type":"Polygon","coordinates":[[[16.3368116,48.0340129],[16.3368506,48.0339992],[16.3368911,48.0340506],[16.3368522,48.0340643],[16.3368116,48.0340129]]]},"properties":{"voltage":"20000;400","name":""}},{"type":"Feature","geometry":{"type":"Polygon","coordinates":[[[16.7458997,48.4641691],[16.7459439,48.4641712],[16.7459461,48.4641513],[16.7459019,48.4641491],[16.7458997,48.4641691]]]},"properties":{"voltage":"","name":""}},{"type":"Feature","geometry":{"type":"Polygon","coordinates":[[[16.3833489,48.0796549],[16.3833869,48.0796609],[16.3833919,48.0796465],[16.3833539,48.0796406],[16.3833489,48.0796549]]]},"properties":{"voltage":"20000;400","name":""}},{"type":"Feature","geometry":{"type":"Polygon","coordinates":[[[16.3550922,48.068417],[16.3551224,48.0684343],[16.3551638,48.068402],[16.3551335,48.0683847],[16.3550922,48.068417]]]},"properties":{"voltage":"20000;400","name":""}},{"type":"Feature","geometry":{"type":"Polygon","coordinates":[[[16.7455856,48.536165],[16.7455839,48.5362026],[16.7456864,48.5362046],[16.745688,48.536167],[16.7455856,48.536165]]]},"properties":{"voltage":"","name":""}},{"type":"Feature","geometry":{"type":"Polygon","coordinates":[[[16.3219351,48.0448389],[16.321975,48.0448652],[16.3219266,48.0448981],[16.3218866,48.0448719],[16.3219351,48.0448389]]]},"properties":{"voltage":"20000;400","name":""}},{"type":"Feature","geometry":{"type":"Polygon","coordinates":[[[16.3441678,48.2909698],[16.3442611,48.2909876],[16.3442802,48.2909435],[16.3441868,48.2909257],[16.3441678,48.2909698]]]},"properties":{"voltage":"","name":""}},{"type":"Feature","geometry":{"type":"Polygon","coordinates":[[[16.3720459,48.3025104],[16.3721385,48.3025526],[16.3720712,48.3025819],[16.3720144,48.3025241],[16.3720459,48.3025104]]]},"properties":{"voltage":"","name":""}},{"type":"Feature","geometry":{"type":"Polygon","coordinates":[[[16.3422383,48.2949953],[16.3422877,48.2950164],[16.3422488,48.2950567],[16.3421995,48.2950357],[16.3422383,48.2949953]]]},"properties":{"voltage":"","name":""}},{"type":"Feature","geometry":{"type":"Polygon","coordinates":[[[16.3571009,48.3044022],[16.357155,48.3043742],[16.3571154,48.3043403],[16.3570612,48.3043684],[16.3571009,48.3044022]]]},"properties":{"voltage":"","name":""}},{"type":"Feature","geometry":{"type":"Polygon","coordinates":[[[16.3401693,48.3246693],[16.3401953,48.3246799],[16.340211,48.3246628],[16.340185,48.3246522],[16.3401693,48.3246693]]]},"properties":{"voltage":"","name":""}},{"type":"Feature","geometry":{"type":"Polygon","coordinates":[[[16.4307916,48.358267],[16.430845,48.3582654],[16.4308469,48.3582944],[16.4307936,48.358296],[16.4307916,48.358267]]]},"properties":{"voltage":"","name":""}},{"type":"Feature","geometry":{"type":"Polygon","coordinates":[[[16.4269645,48.3635351],[16.4270064,48.3635545],[16.4270216,48.3635396],[16.4270368,48.3635246],[16.426991,48.3635047],[16.4269645,48.3635351]]]},"properties":{"voltage":"20000","name":""}},{"type":"Feature","geometry":{"type":"Polygon","coordinates":[[[16.3085344,48.0768953],[16.3085639,48.076891],[16.3085767,48.0769306],[16.3085471,48.0769348],[16.3085344,48.0768953]]]},"properties":{"voltage":"20000;400","name":""}},{"type":"Feature","geometry":{"type":"Polygon","coordinates":[[[16.3375139,48.0613086],[16.3375758,48.061312],[16.3375701,48.0613584],[16.3375081,48.061355],[16.3375139,48.0613086]]]},"properties":{"voltage":"20000;400","name":""}},{"type":"Feature","geometry":{"type":"Polygon","coordinates":[[[16.3158505,48.073963],[16.3158193,48.0739716],[16.3157958,48.0739337],[16.315827,48.0739251],[16.3158505,48.073963]]]},"properties":{"voltage":"20000;400","name":""}},{"type":"Feature","geometry":{"type":"Polygon","coordinates":[[[16.329254,48.0657549],[16.3292711,48.0657926],[16.3293221,48.0657822],[16.3293049,48.0657445],[16.329254,48.0657549]]]},"properties":{"voltage":"20000;400","name":""}},{"type":"Feature","geometry":{"type":"Polygon","coordinates":[[[16.312449,48.0811974],[16.3124955,48.0811621],[16.3126033,48.0812255],[16.3125568,48.0812608],[16.312449,48.0811974]]]},"properties":{"voltage":"20000;400","name":""}},{"type":"Feature","geometry":{"type":"Polygon","coordinates":[[[16.3309905,48.0622519],[16.331071,48.0622289],[16.3310979,48.062271],[16.3310174,48.062294],[16.3309905,48.0622519]]]},"properties":{"voltage":"20000;400","name":""}},{"type":"Feature","geometry":{"type":"Polygon","coordinates":[[[16.3107356,48.0765481],[16.3107505,48.0765466],[16.3107719,48.0765443],[16.3107978,48.0765415],[16.3108135,48.0766077],[16.3107514,48.0766143],[16.3107356,48.0765481]]]},"properties":{"voltage":"","name":""}},{"type":"Feature","geometry":{"type":"Polygon","coordinates":[[[16.3380303,48.0618661],[16.3380157,48.0619506],[16.3379648,48.0619467],[16.3379793,48.0618622],[16.3380303,48.0618661]]]},"properties":{"voltage":"20000;400","name":""}},{"type":"Feature","geometry":{"type":"Polygon","coordinates":[[[16.3250119,48.0772973],[16.3250472,48.077289],[16.3250699,48.077332],[16.3250345,48.0773404],[16.3250119,48.0772973]]]},"properties":{"voltage":"20000;400","name":""}},{"type":"Feature","geometry":{"type":"Polygon","coordinates":[[[16.325984,48.0739239],[16.3259184,48.0739403],[16.325906,48.0739181],[16.3259715,48.0739017],[16.325984,48.0739239]]]},"properties":{"voltage":"20000;400","name":""}},{"type":"Feature","geometry":{"type":"Polygon","coordinates":[[[16.3126232,48.0734592],[16.312628,48.0735004],[16.3125924,48.0735023],[16.3125875,48.0734611],[16.3126232,48.0734592]]]},"properties":{"voltage":"20000;400","name":""}},{"type":"Feature","geometry":{"type":"Polygon","coordinates":[[[16.3195777,48.0776191],[16.3196458,48.077612],[16.3196514,48.0776364],[16.3195833,48.0776435],[16.3195777,48.0776191]]]},"properties":{"voltage":"20000;400","name":""}},{"type":"Feature","geometry":{"type":"Polygon","coordinates":[[[16.3282804,48.0635539],[16.3283444,48.0635397],[16.3283562,48.0635635],[16.3282922,48.0635777],[16.3282804,48.0635539]]]},"properties":{"voltage":"20000;400","name":""}},{"type":"Feature","geometry":{"type":"Polygon","coordinates":[[[16.3316407,48.075528],[16.3316096,48.0754717],[16.3316933,48.0754511],[16.3317243,48.0755074],[16.3316407,48.075528]]]},"properties":{"voltage":"20000;400","name":""}},{"type":"Feature","geometry":{"type":"Polygon","coordinates":[[[16.3219955,48.0749119],[16.3220324,48.0749026],[16.3220231,48.0748861],[16.3219861,48.0748952],[16.3219955,48.0749119]]]},"properties":{"voltage":"20000;400","name":""}},{"type":"Feature","geometry":{"type":"Polygon","coordinates":[[[16.3052996,48.0751322],[16.3053192,48.0751623],[16.3052734,48.0751756],[16.3052538,48.0751455],[16.3052996,48.0751322]]]},"properties":{"voltage":"","name":""}},{"type":"Feature","geometry":{"type":"Polygon","coordinates":[[[16.3178458,48.0799086],[16.3179146,48.0799062],[16.3179177,48.0799459],[16.3178491,48.0799485],[16.3178458,48.0799086]]]},"properties":{"voltage":"20000;400","name":""}},{"type":"Feature","geometry":{"type":"Polygon","coordinates":[[[16.2647026,48.1048458],[16.2647479,48.1048484],[16.2647504,48.1048298],[16.264705,48.1048272],[16.2647026,48.1048458]]]},"properties":{"voltage":"","name":""}},{"type":"Feature","geometry":{"type":"Polygon","coordinates":[[[16.2764573,48.109313],[16.2763869,48.1092895],[16.2764135,48.1092539],[16.2764839,48.1092773],[16.2764573,48.109313]]]},"properties":{"voltage":"","name":""}},{"type":"Feature","geometry":{"type":"Polygon","coordinates":[[[16.4586441,48.340331],[16.4586224,48.3402905],[16.4586802,48.3402768],[16.4587019,48.3403173],[16.4586441,48.340331]]]},"properties":{"voltage":"","name":""}},{"type":"Feature","geometry":{"type":"Polygon","coordinates":[[[16.4327801,48.0318204],[16.4328246,48.0318038],[16.4328103,48.0317866],[16.4327985,48.0317724],[16.432754,48.031789],[16.4327801,48.0318204]]]},"properties":{"voltage":"","name":""}},{"type":"Feature","geometry":{"type":"Polygon","coordinates":[[[16.4267618,48.0257768],[16.4268029,48.0257675],[16.42681,48.0257815],[16.4268175,48.0257965],[16.4267764,48.0258058],[16.4267618,48.0257768]]]},"properties":{"voltage":"","name":""}},{"type":"Feature","geometry":{"type":"Polygon","coordinates":[[[16.4238274,48.0216696],[16.4238593,48.0216577],[16.4238688,48.0216691],[16.4238795,48.0216819],[16.4238476,48.0216938],[16.4238274,48.0216696]]]},"properties":{"voltage":"","name":""}},{"type":"Feature","geometry":{"type":"Polygon","coordinates":[[[16.4264724,48.1015451],[16.4264982,48.1015567],[16.4265189,48.1015362],[16.4265064,48.1015306],[16.4264931,48.1015246],[16.4264724,48.1015451]]]},"properties":{"voltage":"20000;400","name":""}},{"type":"Feature","geometry":{"type":"Polygon","coordinates":[[[16.4463351,48.110487],[16.4463924,48.1104655],[16.4463618,48.1104291],[16.4463045,48.1104506],[16.4463351,48.110487]]]},"properties":{"voltage":"","name":""}},{"type":"Feature","geometry":{"type":"Polygon","coordinates":[[[16.4461129,48.1128228],[16.4461522,48.112807],[16.4461358,48.1127889],[16.4460965,48.1128046],[16.4461129,48.1128228]]]},"properties":{"voltage":"","name":""}},{"type":"Feature","geometry":{"type":"Polygon","coordinates":[[[16.3108782,48.1056958],[16.3109335,48.1056998],[16.3109226,48.1057677],[16.3108673,48.1057637],[16.3108782,48.1056958]]]},"properties":{"voltage":"20000;400","name":""}},{"type":"Feature","geometry":{"type":"Polygon","coordinates":[[[16.2905472,48.0756622],[16.2906387,48.0756833],[16.2906568,48.0756481],[16.2905653,48.0756271],[16.2905472,48.0756622]]]},"properties":{"voltage":"20000;400","name":""}},{"type":"Feature","geometry":{"type":"Polygon","coordinates":[[[16.4452114,48.1012874],[16.4452568,48.1012706],[16.4452817,48.1013006],[16.4452608,48.1013082],[16.4452362,48.1013174],[16.4452114,48.1012874]]]},"properties":{"voltage":"","name":""}},{"type":"Feature","geometry":{"type":"Polygon","coordinates":[[[16.4585625,48.1150255],[16.458603,48.1150583],[16.4585514,48.1150867],[16.4585109,48.1150539],[16.4585625,48.1150255]]]},"properties":{"voltage":"","name":""}},{"type":"Feature","geometry":{"type":"Polygon","coordinates":[[[16.4662431,48.1199625],[16.4662878,48.1199456],[16.4662653,48.1199192],[16.4662455,48.1199267],[16.4662206,48.1199362],[16.4662431,48.1199625]]]},"properties":{"voltage":"","name":""}},{"type":"Feature","geometry":{"type":"Polygon","coordinates":[[[16.5020591,48.1136696],[16.5021121,48.1136814],[16.5021298,48.1136461],[16.5021032,48.1136402],[16.5020768,48.1136343],[16.5020591,48.1136696]]]},"properties":{"voltage":"","name":""}},{"type":"Feature","geometry":{"type":"Polygon","coordinates":[[[16.5484859,48.0547917],[16.5485303,48.054817],[16.5485673,48.054788],[16.5485457,48.0547757],[16.5485229,48.0547627],[16.5484859,48.0547917]]]},"properties":{"voltage":"","name":""}},{"type":"Feature","geometry":{"type":"Polygon","coordinates":[[[16.5554807,48.0551376],[16.5555025,48.0551497],[16.5555196,48.0551591],[16.5555541,48.0551311],[16.5555153,48.0551097],[16.5554807,48.0551376]]]},"properties":{"voltage":"","name":""}},{"type":"Feature","geometry":{"type":"Polygon","coordinates":[[[16.5618977,48.0607669],[16.5619451,48.0607867],[16.5619718,48.0607581],[16.5619244,48.0607383],[16.5618977,48.0607669]]]},"properties":{"voltage":"","name":""}},{"type":"Feature","geometry":{"type":"Polygon","coordinates":[[[16.4182861,48.0255428],[16.4183488,48.025487],[16.4182985,48.0254617],[16.4182358,48.0255175],[16.4182861,48.0255428]]]},"properties":{"voltage":"20000;400","name":""}},{"type":"Feature","geometry":{"type":"Polygon","coordinates":[[[16.4158758,48.0229221],[16.4159014,48.022918],[16.4159255,48.0229142],[16.4159131,48.0228792],[16.4158633,48.0228872],[16.4158758,48.0229221]]]},"properties":{"voltage":"20000;400","name":""}},{"type":"Feature","geometry":{"type":"Polygon","coordinates":[[[15.8948353,48.6633488],[15.8948124,48.6633135],[15.8948468,48.6633038],[15.8948696,48.6633391],[15.8948353,48.6633488]]]},"properties":{"voltage":"","name":"Stromtransformator EVN"}},{"type":"Feature","geometry":{"type":"Polygon","coordinates":[[[16.3046432,48.0423357],[16.3045843,48.0423643],[16.3045635,48.0423451],[16.3046224,48.0423166],[16.3046432,48.0423357]]]},"properties":{"voltage":"20000;400","name":""}},{"type":"Feature","geometry":{"type":"Polygon","coordinates":[[[16.3106031,48.0515937],[16.3106754,48.0515297],[16.3107102,48.0515474],[16.3106388,48.0516117],[16.3106031,48.0515937]]]},"properties":{"voltage":"20000;400","name":""}},{"type":"Feature","geometry":{"type":"Polygon","coordinates":[[[16.3197295,48.0509015],[16.319764,48.0509373],[16.3198147,48.0509154],[16.3197801,48.0508796],[16.3197295,48.0509015]]]},"properties":{"voltage":"20000;400","name":""}},{"type":"Feature","geometry":{"type":"Polygon","coordinates":[[[16.3170195,48.0473913],[16.3170699,48.0473875],[16.3170811,48.0474532],[16.3170308,48.047457],[16.3170195,48.0473913]]]},"properties":{"voltage":"20000;400","name":""}},{"type":"Feature","geometry":{"type":"Polygon","coordinates":[[[16.3195922,48.06745],[16.3195804,48.067428],[16.3196488,48.0674117],[16.3196605,48.0674336],[16.3195922,48.06745]]]},"properties":{"voltage":"20000;400","name":""}},{"type":"Feature","geometry":{"type":"Polygon","coordinates":[[[16.3053089,48.0472297],[16.3053109,48.0471859],[16.3053914,48.0471877],[16.3053893,48.0472314],[16.3053089,48.0472297]]]},"properties":{"voltage":"20000;400","name":""}},{"type":"Feature","geometry":{"type":"Polygon","coordinates":[[[16.2924244,48.0363075],[16.2923765,48.0363416],[16.2922904,48.0362875],[16.2923382,48.0362534],[16.2924244,48.0363075]]]},"properties":{"voltage":"20000;400","name":""}},{"type":"Feature","geometry":{"type":"Polygon","coordinates":[[[16.3144618,48.0434557],[16.3144965,48.0434524],[16.3145131,48.0435296],[16.3144783,48.043533],[16.3144618,48.0434557]]]},"properties":{"voltage":"20000;400","name":""}},{"type":"Feature","geometry":{"type":"Polygon","coordinates":[[[16.3310872,48.0564994],[16.3311035,48.0564746],[16.3311718,48.0564947],[16.3311554,48.0565195],[16.3310872,48.0564994]]]},"properties":{"voltage":"20000;400","name":""}},{"type":"Feature","geometry":{"type":"Polygon","coordinates":[[[16.3066673,48.0747332],[16.3067031,48.0747141],[16.306672,48.0746881],[16.3066361,48.0747072],[16.3066673,48.0747332]]]},"properties":{"voltage":"20000;400","name":""}},{"type":"Feature","geometry":{"type":"Polygon","coordinates":[[[16.3276896,48.0615384],[16.3276579,48.0615469],[16.3276825,48.0615881],[16.3277142,48.0615796],[16.3276896,48.0615384]]]},"properties":{"voltage":"20000;400","name":""}},{"type":"Feature","geometry":{"type":"Polygon","coordinates":[[[16.2791713,48.0401517],[16.2792143,48.0401208],[16.2792533,48.040145],[16.2792102,48.040176],[16.2791713,48.0401517]]]},"properties":{"voltage":"20000;400","name":""}},{"type":"Feature","geometry":{"type":"Polygon","coordinates":[[[15.8018979,48.3153468],[15.8019319,48.3153165],[15.8019942,48.3153474],[15.8019603,48.3153777],[15.8018979,48.3153468]]]},"properties":{"voltage":"","name":""}},{"type":"Feature","geometry":{"type":"Polygon","coordinates":[[[16.4432111,48.0826919],[16.4433067,48.0827072],[16.4433209,48.0826687],[16.4432248,48.0826535],[16.4432111,48.0826919]]]},"properties":{"voltage":"20000;400","name":""}},{"type":"Feature","geometry":{"type":"Polygon","coordinates":[[[16.270436,48.0053664],[16.2704957,48.0053831],[16.2705238,48.0053409],[16.2704616,48.0053252],[16.2704499,48.0053441],[16.270436,48.0053664]]]},"properties":{"voltage":"20000","name":""}},{"type":"Feature","geometry":{"type":"Polygon","coordinates":[[[16.2689081,48.0066592],[16.2689405,48.0066687],[16.2689754,48.0066788],[16.269003,48.0066363],[16.268974,48.0066279],[16.2689357,48.0066168],[16.2689081,48.0066592]]]},"properties":{"voltage":"","name":""}},{"type":"Feature","geometry":{"type":"Polygon","coordinates":[[[16.2630492,48.0033905],[16.2631044,48.003395],[16.2630947,48.0034624],[16.2630667,48.0034601],[16.2630389,48.0034579],[16.2630492,48.0033905]]]},"properties":{"voltage":"","name":""}},{"type":"Feature","geometry":{"type":"Polygon","coordinates":[[[16.2649952,48.0059049],[16.2650532,48.0059241],[16.265117,48.0058517],[16.2650604,48.0058294],[16.2650313,48.0058631],[16.2649952,48.0059049]]]},"properties":{"voltage":"","name":""}},{"type":"Feature","geometry":{"type":"Polygon","coordinates":[[[16.2656925,48.0058084],[16.2657143,48.0057798],[16.2657328,48.0057557],[16.265771,48.0057686],[16.2657773,48.0057933],[16.2657507,48.0058286],[16.2656925,48.0058084]]]},"properties":{"voltage":"","name":""}},{"type":"Feature","geometry":{"type":"Polygon","coordinates":[[[16.2751886,48.0153611],[16.2753143,48.0153356],[16.2753014,48.0153083],[16.2751761,48.0153346],[16.2751886,48.0153611]]]},"properties":{"voltage":"20000;400","name":""}},{"type":"Feature","geometry":{"type":"Polygon","coordinates":[[[16.2850757,48.0255177],[16.2850998,48.0255046],[16.2851174,48.025495],[16.2851885,48.0255533],[16.2851468,48.025576],[16.2850811,48.0255222],[16.2850757,48.0255177]]]},"properties":{"voltage":"20000;400","name":""}},{"type":"Feature","geometry":{"type":"Polygon","coordinates":[[[16.3259223,48.0186059],[16.3259791,48.0185881],[16.3260294,48.0185723],[16.3260572,48.0186121],[16.3259501,48.0186456],[16.3259223,48.0186059]]]},"properties":{"voltage":"","name":""}},{"type":"Feature","geometry":{"type":"Polygon","coordinates":[[[16.3076998,48.0377796],[16.3077294,48.0377744],[16.3077704,48.0377671],[16.3077868,48.0378083],[16.3077163,48.0378209],[16.3076998,48.0377796]]]},"properties":{"voltage":"","name":""}},{"type":"Feature","geometry":{"type":"Polygon","coordinates":[[[16.3051147,48.037641],[16.3051786,48.0376286],[16.3051577,48.0375804],[16.3051285,48.037586],[16.3050937,48.0375928],[16.3051147,48.037641]]]},"properties":{"voltage":"","name":""}},{"type":"Feature","geometry":{"type":"Polygon","coordinates":[[[16.3014245,48.0267674],[16.3014873,48.0267498],[16.3014719,48.0267251],[16.3014597,48.0267055],[16.3013968,48.0267232],[16.3014245,48.0267674]]]},"properties":{"voltage":"20000;400","name":""}},{"type":"Feature","geometry":{"type":"Polygon","coordinates":[[[16.3057935,48.0272256],[16.3058111,48.0272208],[16.3058367,48.0272138],[16.3057985,48.0271514],[16.3057552,48.0271632],[16.3057935,48.0272256]]]},"properties":{"voltage":"","name":""}},{"type":"Feature","geometry":{"type":"Polygon","coordinates":[[[16.3068263,48.0245765],[16.3068429,48.0245847],[16.3068747,48.0246006],[16.3067603,48.0247033],[16.3067119,48.0246791],[16.3068263,48.0245765]]]},"properties":{"voltage":"20000;400","name":""}},{"type":"Feature","geometry":{"type":"Polygon","coordinates":[[[16.4899968,48.1782358],[16.4899736,48.1782199],[16.4900283,48.1781844],[16.4900515,48.1782002],[16.4899968,48.1782358]]]},"properties":{"voltage":"","name":""}},{"type":"Feature","geometry":{"type":"Polygon","coordinates":[[[15.6087298,48.1001987],[15.6087231,48.1001721],[15.6087622,48.1001677],[15.608769,48.1001943],[15.6087298,48.1001987]]]},"properties":{"voltage":"","name":"TST Kreisbach"}},{"type":"Feature","geometry":{"type":"Polygon","coordinates":[[[16.328898,48.0738654],[16.3289563,48.0738513],[16.328936,48.0738139],[16.3288777,48.0738281],[16.328898,48.0738654]]]},"properties":{"voltage":"20000;400","name":""}},{"type":"Feature","geometry":{"type":"Polygon","coordinates":[[[16.3449234,48.0835415],[16.3449831,48.0835346],[16.3449896,48.0835602],[16.3449299,48.083567],[16.3449234,48.0835415]]]},"properties":{"voltage":"20000;400","name":""}},{"type":"Feature","geometry":{"type":"Polygon","coordinates":[[[16.3512589,48.069959],[16.351285,48.0699501],[16.3513052,48.0699765],[16.3512791,48.0699854],[16.3512589,48.069959]]]},"properties":{"voltage":"20000;400","name":""}},{"type":"Feature","geometry":{"type":"Polygon","coordinates":[[[17.1405445,48.1450026],[17.1405828,48.1449986],[17.1405724,48.1449546],[17.1405341,48.1449586],[17.1405445,48.1450026]]]},"properties":{"voltage":"","name":"TS-2024"}},{"type":"Feature","geometry":{"type":"Polygon","coordinates":[[[16.3019465,48.1111634],[16.302073,48.1111613],[16.3020713,48.1111171],[16.3019448,48.1111192],[16.3019465,48.1111634]]]},"properties":{"voltage":"20000;400","name":""}},{"type":"Feature","geometry":{"type":"Polygon","coordinates":[[[16.2932518,48.1125686],[16.2933203,48.1125708],[16.2933243,48.1125226],[16.2932557,48.1125204],[16.2932518,48.1125686]]]},"properties":{"voltage":"20000;400","name":""}},{"type":"Feature","geometry":{"type":"Polygon","coordinates":[[[16.2998662,48.1088968],[16.2998935,48.1088926],[16.2999024,48.1089186],[16.2998751,48.1089228],[16.2998662,48.1088968]]]},"properties":{"voltage":"20000;400","name":""}},{"type":"Feature","geometry":{"type":"Polygon","coordinates":[[[16.5181684,48.4985197],[16.5182019,48.4985069],[16.5182226,48.4985308],[16.5181891,48.4985436],[16.5181684,48.4985197]]]},"properties":{"voltage":"","name":""}},{"type":"Feature","geometry":{"type":"Polygon","coordinates":[[[16.1899627,48.0745773],[16.1899621,48.0745295],[16.1900395,48.0745291],[16.1900401,48.074577],[16.1899627,48.0745773]]]},"properties":{"voltage":"","name":""}},{"type":"Feature","geometry":{"type":"Polygon","coordinates":[[[16.326497,48.064567],[16.3264792,48.0645352],[16.3265366,48.0645209],[16.3265543,48.0645527],[16.326497,48.064567]]]},"properties":{"voltage":"20000;400","name":""}},{"type":"Feature","geometry":{"type":"Polygon","coordinates":[[[16.3342529,48.0667606],[16.3341907,48.0667753],[16.3342564,48.0668992],[16.3343185,48.0668845],[16.3342529,48.0667606]]]},"properties":{"voltage":"20000;400","name":""}},{"type":"Feature","geometry":{"type":"Polygon","coordinates":[[[16.289813,48.1944881],[16.2898677,48.1944724],[16.2898284,48.1944115],[16.2897737,48.1944271],[16.289813,48.1944881]]]},"properties":{"voltage":"","name":""}},{"type":"Feature","geometry":{"type":"Polygon","coordinates":[[[16.2088929,48.0383119],[16.2088988,48.0382585],[16.2088524,48.0382562],[16.2088464,48.0383096],[16.2088929,48.0383119]]]},"properties":{"voltage":"20000;400","name":""}},{"type":"Feature","geometry":{"type":"Polygon","coordinates":[[[16.3086883,48.0475577],[16.3087398,48.0475449],[16.3087712,48.0476014],[16.3087197,48.0476142],[16.3086883,48.0475577]]]},"properties":{"voltage":"20000;400","name":""}},{"type":"Feature","geometry":{"type":"Polygon","coordinates":[[[16.3332341,48.072071],[16.3332451,48.0720903],[16.33331,48.0720737],[16.333299,48.0720544],[16.3332341,48.072071]]]},"properties":{"voltage":"20000;400","name":""}},{"type":"Feature","geometry":{"type":"Polygon","coordinates":[[[16.3358573,48.0695182],[16.3358919,48.0695215],[16.3359515,48.0692356],[16.3359179,48.0692324],[16.3358573,48.0695182]]]},"properties":{"voltage":"20000;400","name":""}},{"type":"Feature","geometry":{"type":"Polygon","coordinates":[[[16.8438942,48.4071976],[16.8438961,48.4072232],[16.8439368,48.4072219],[16.8439349,48.4071963],[16.8438942,48.4071976]]]},"properties":{"voltage":"","name":""}},{"type":"Feature","geometry":{"type":"Polygon","coordinates":[[[15.5998198,48.0692269],[15.5998385,48.0692048],[15.5998731,48.0692179],[15.5998543,48.06924],[15.5998198,48.0692269]]]},"properties":{"voltage":"","name":"TST Rotheau"}},{"type":"Feature","geometry":{"type":"Polygon","coordinates":[[[16.3044451,48.0436947],[16.3044817,48.0436887],[16.3044983,48.0437341],[16.3044616,48.04374],[16.3044451,48.0436947]]]},"properties":{"voltage":"20000;400","name":""}},{"type":"Feature","geometry":{"type":"Polygon","coordinates":[[[16.3158214,48.0523673],[16.3158256,48.0523857],[16.3158678,48.0523814],[16.3158637,48.052363],[16.3158214,48.0523673]]]},"properties":{"voltage":"20000;400","name":""}},{"type":"Feature","geometry":{"type":"Polygon","coordinates":[[[16.3865614,48.0832009],[16.3865793,48.0831903],[16.3866028,48.083208],[16.3865849,48.0832186],[16.3865614,48.0832009]]]},"properties":{"voltage":"20000;400","name":""}},{"type":"Feature","geometry":{"type":"Polygon","coordinates":[[[16.3644871,48.9104851],[16.3645,48.910492],[16.3645136,48.9104994],[16.3645362,48.9104819],[16.3645096,48.9104672],[16.3644871,48.9104851]]]},"properties":{"voltage":"","name":""}},{"type":"Feature","geometry":{"type":"Polygon","coordinates":[[[16.7545861,48.248874],[16.7554515,48.2489089],[16.7556333,48.248887],[16.7558546,48.2488782],[16.7559803,48.2488107],[16.7561388,48.2487207],[16.7563127,48.248651],[16.7566606,48.2485417],[16.7563433,48.2485308],[16.7555384,48.2484929],[16.7555358,48.2485463],[16.7545925,48.2484847],[16.7545584,48.2486734],[16.7545861,48.248874]]]},"properties":{"voltage":"110000;15000","name":"Unterwerk Untersiebenbrunn"}},{"type":"Feature","geometry":{"type":"Polygon","coordinates":[[[16.6579902,48.1532262],[16.6580526,48.1532562],[16.6580225,48.153284],[16.6579601,48.153254],[16.6579902,48.1532262]]]},"properties":{"voltage":"20000","name":""}},{"type":"Feature","geometry":{"type":"Polygon","coordinates":[[[16.3009994,48.1111122],[16.3009232,48.1111127],[16.3009223,48.1110481],[16.3009974,48.1110476],[16.3009994,48.1111122]]]},"properties":{"voltage":"20000;400","name":""}},{"type":"Feature","geometry":{"type":"Polygon","coordinates":[[[16.3545606,48.085881],[16.3545647,48.0859182],[16.3546411,48.0859144],[16.354637,48.0858772],[16.3545606,48.085881]]]},"properties":{"voltage":"20000;400","name":""}},{"type":"Feature","geometry":{"type":"Polygon","coordinates":[[[15.2802884,48.8997691],[15.2803283,48.8997629],[15.2803348,48.8997812],[15.2802949,48.8997873],[15.2802884,48.8997691]]]},"properties":{"voltage":"","name":""}},{"type":"Feature","geometry":{"type":"Polygon","coordinates":[[[16.3192421,48.1145039],[16.3192933,48.1144986],[16.3192973,48.1145161],[16.3192461,48.1145214],[16.3192421,48.1145039]]]},"properties":{"voltage":"20000;400","name":""}},{"type":"Feature","geometry":{"type":"Polygon","coordinates":[[[16.2936964,48.1189754],[16.293736,48.1189706],[16.2937403,48.1189867],[16.2937007,48.1189915],[16.2936964,48.1189754]]]},"properties":{"voltage":"20000;400","name":""}},{"type":"Feature","geometry":{"type":"Polygon","coordinates":[[[16.2935982,48.1113994],[16.2936191,48.1113785],[16.2936828,48.1114068],[16.2936619,48.1114277],[16.2935982,48.1113994]]]},"properties":{"voltage":"20000;400","name":""}},{"type":"Feature","geometry":{"type":"Polygon","coordinates":[[[16.37885,48.04192],[16.3788879,48.0419153],[16.3788766,48.0418746],[16.3788386,48.0418793],[16.37885,48.04192]]]},"properties":{"voltage":"20000;400","name":""}},{"type":"Feature","geometry":{"type":"Polygon","coordinates":[[[16.3187228,48.0832557],[16.3187874,48.0832602],[16.3187921,48.0832299],[16.3187274,48.0832254],[16.3187228,48.0832557]]]},"properties":{"voltage":"20000;400","name":""}},{"type":"Feature","geometry":{"type":"Polygon","coordinates":[[[16.3184789,48.0882748],[16.3185266,48.0882665],[16.3185517,48.0883307],[16.318504,48.088339],[16.3184789,48.0882748]]]},"properties":{"voltage":"20000;400","name":""}},{"type":"Feature","geometry":{"type":"Polygon","coordinates":[[[16.3158497,48.0879677],[16.3159272,48.0880175],[16.315964,48.087992],[16.3158864,48.0879421],[16.3158497,48.0879677]]]},"properties":{"voltage":"20000;400","name":""}},{"type":"Feature","geometry":{"type":"Polygon","coordinates":[[[16.3192153,48.0861141],[16.3192146,48.0860924],[16.3192674,48.0860916],[16.3192681,48.0861134],[16.3192153,48.0861141]]]},"properties":{"voltage":"20000;400","name":""}},{"type":"Feature","geometry":{"type":"Polygon","coordinates":[[[16.4419165,48.2451815],[16.4419346,48.245231],[16.4419683,48.2452256],[16.4419502,48.245176],[16.4419165,48.2451815]]]},"properties":{"voltage":"","name":""}},{"type":"Feature","geometry":{"type":"Polygon","coordinates":[[[16.4273079,48.0896652],[16.4273872,48.0896284],[16.4274173,48.0896573],[16.4273381,48.0896941],[16.4273079,48.0896652]]]},"properties":{"voltage":"20000;400","name":""}},{"type":"Feature","geometry":{"type":"Polygon","coordinates":[[[16.4269476,48.0894466],[16.4269945,48.0894362],[16.4270099,48.0894671],[16.4269891,48.0894722],[16.4269625,48.0894781],[16.4269476,48.0894466]]]},"properties":{"voltage":"20000;400","name":""}},{"type":"Feature","geometry":{"type":"Polygon","coordinates":[[[16.4264475,48.0876708],[16.4264783,48.0877038],[16.4264255,48.0877257],[16.4263948,48.0876928],[16.4264475,48.0876708]]]},"properties":{"voltage":"20000;400","name":""}},{"type":"Feature","geometry":{"type":"Polygon","coordinates":[[[16.4283907,48.0851151],[16.4284579,48.0851322],[16.4284355,48.0851714],[16.4283683,48.0851543],[16.4283907,48.0851151]]]},"properties":{"voltage":"20000;400","name":""}},{"type":"Feature","geometry":{"type":"Polygon","coordinates":[[[16.4305889,48.081872],[16.4306262,48.0818764],[16.4306146,48.0819212],[16.4305772,48.0819168],[16.4305889,48.081872]]]},"properties":{"voltage":"20000;400","name":""}},{"type":"Feature","geometry":{"type":"Polygon","coordinates":[[[16.4370602,48.0885906],[16.4371075,48.088614],[16.4370699,48.0886479],[16.4370226,48.0886245],[16.4370602,48.0885906]]]},"properties":{"voltage":"20000;400","name":""}},{"type":"Feature","geometry":{"type":"Polygon","coordinates":[[[16.441721,48.0875797],[16.4417838,48.0875729],[16.4417937,48.0876139],[16.4417309,48.0876207],[16.441721,48.0875797]]]},"properties":{"voltage":"20000;400","name":""}},{"type":"Feature","geometry":{"type":"Polygon","coordinates":[[[16.4504523,48.0839055],[16.4505192,48.0838881],[16.4505475,48.0839366],[16.4504806,48.083954],[16.4504523,48.0839055]]]},"properties":{"voltage":"20000;400","name":""}},{"type":"Feature","geometry":{"type":"Polygon","coordinates":[[[16.4474603,48.0854295],[16.4475191,48.0854148],[16.4475433,48.0854581],[16.4474845,48.0854728],[16.4474603,48.0854295]]]},"properties":{"voltage":"20000;400","name":""}},{"type":"Feature","geometry":{"type":"Polygon","coordinates":[[[16.4495144,48.0796326],[16.4495669,48.0796337],[16.4495661,48.0796397],[16.4495661,48.0796699],[16.4495127,48.0796694],[16.4495144,48.0796326]]]},"properties":{"voltage":"20000;400","name":""}},{"type":"Feature","geometry":{"type":"Polygon","coordinates":[[[16.4492604,48.079572],[16.4493174,48.0795726],[16.4493188,48.0795103],[16.4492619,48.0795097],[16.4492604,48.079572]]]},"properties":{"voltage":"20000;400","name":""}},{"type":"Feature","geometry":{"type":"Polygon","coordinates":[[[16.4492873,48.0794424],[16.449328,48.0794438],[16.4493256,48.0794741],[16.4492849,48.0794727],[16.4492873,48.0794424]]]},"properties":{"voltage":"20000;400","name":""}},{"type":"Feature","geometry":{"type":"Polygon","coordinates":[[[16.4505336,48.0774255],[16.4505912,48.0774111],[16.4506115,48.0774473],[16.4505539,48.0774617],[16.4505336,48.0774255]]]},"properties":{"voltage":"20000;400","name":""}},{"type":"Feature","geometry":{"type":"Polygon","coordinates":[[[16.4548868,48.0725757],[16.4549715,48.0725462],[16.4549985,48.0725808],[16.4549138,48.0726104],[16.4548868,48.0725757]]]},"properties":{"voltage":"20000;400","name":""}},{"type":"Feature","geometry":{"type":"Polygon","coordinates":[[[16.5338276,48.2834446],[16.5338189,48.2834252],[16.5338633,48.2834164],[16.533872,48.2834359],[16.5338276,48.2834446]]]},"properties":{"voltage":"","name":"TST Aderklaa West"}},{"type":"Feature","geometry":{"type":"Polygon","coordinates":[[[16.3377465,48.0301424],[16.3377827,48.0301329],[16.3378068,48.0301741],[16.3377706,48.0301836],[16.3377465,48.0301424]]]},"properties":{"voltage":"20000;400","name":""}},{"type":"Feature","geometry":{"type":"Polygon","coordinates":[[[16.3208488,48.1079702],[16.3208463,48.1079439],[16.3209119,48.1079412],[16.3209143,48.1079675],[16.3208488,48.1079702]]]},"properties":{"voltage":"","name":""}},{"type":"Feature","geometry":{"type":"Polygon","coordinates":[[[16.5488394,48.2055131],[16.5488712,48.2055518],[16.5488094,48.2055744],[16.5487768,48.2055352],[16.5488394,48.2055131]]]},"properties":{"voltage":"20000;400","name":""}},{"type":"Feature","geometry":{"type":"Polygon","coordinates":[[[15.6268607,48.1849242],[15.6268598,48.1849049],[15.6269044,48.184904],[15.6269053,48.1849234],[15.6268607,48.1849242]]]},"properties":{"voltage":"","name":""}},{"type":"Feature","geometry":{"type":"Polygon","coordinates":[[[15.3266521,48.795255],[15.3266945,48.795238],[15.3266685,48.7952098],[15.326626,48.7952267],[15.3266521,48.795255]]]},"properties":{"voltage":"","name":""}},{"type":"Feature","geometry":{"type":"Polygon","coordinates":[[[16.3735003,48.1640094],[16.3735952,48.1639838],[16.3736151,48.1640167],[16.3735201,48.1640423],[16.3735003,48.1640094]]]},"properties":{"voltage":"","name":""}},{"type":"Feature","geometry":{"type":"Polygon","coordinates":[[[15.4363224,48.8145721],[15.4363659,48.8145715],[15.436365,48.8145419],[15.4363215,48.8145425],[15.4363224,48.8145721]]]},"properties":{"voltage":"","name":"Transformator"}},{"type":"Feature","geometry":{"type":"Polygon","coordinates":[[[16.3546702,48.1940106],[16.3546048,48.1940072],[16.3546113,48.193951],[16.3546767,48.1939544],[16.3546702,48.1940106]]]},"properties":{"voltage":"","name":""}},{"type":"Feature","geometry":{"type":"Polygon","coordinates":[[[15.3401353,48.3346442],[15.3401018,48.3346245],[15.3401319,48.3346156],[15.3401547,48.3346326],[15.3401353,48.3346442]]]},"properties":{"voltage":"","name":"TST Jauerling"}},{"type":"Feature","geometry":{"type":"Polygon","coordinates":[[[16.2856061,48.0270264],[16.2856308,48.0270207],[16.2856142,48.0269888],[16.2855895,48.0269945],[16.2856061,48.0270264]]]},"properties":{"voltage":"20000;400","name":""}},{"type":"Feature","geometry":{"type":"Polygon","coordinates":[[[16.2692062,48.1181461],[16.2692651,48.1181573],[16.2692505,48.1181917],[16.2691915,48.1181805],[16.2692062,48.1181461]]]},"properties":{"voltage":"20000;400","name":""}},{"type":"Feature","geometry":{"type":"Polygon","coordinates":[[[15.5336589,48.9018873],[15.5336833,48.9018877],[15.5336975,48.901888],[15.5336965,48.9019107],[15.533658,48.90191],[15.5336589,48.9018873]]]},"properties":{"voltage":"","name":""}},{"type":"Feature","geometry":{"type":"Polygon","coordinates":[[[16.2124228,48.007437],[16.2124456,48.0074536],[16.2123912,48.0074873],[16.2123683,48.0074706],[16.2124228,48.007437]]]},"properties":{"voltage":"20000;400","name":""}},{"type":"Feature","geometry":{"type":"Polygon","coordinates":[[[16.2094147,48.0091525],[16.2094975,48.0091213],[16.209527,48.0091564],[16.2094442,48.0091876],[16.2094147,48.0091525]]]},"properties":{"voltage":"20000;400","name":""}},{"type":"Feature","geometry":{"type":"Polygon","coordinates":[[[15.140973,48.1334242],[15.1409573,48.1334107],[15.140988,48.1333948],[15.1410037,48.1334083],[15.140973,48.1334242]]]},"properties":{"voltage":"","name":""}},{"type":"Feature","geometry":{"type":"Polygon","coordinates":[[[16.3017438,48.0268133],[16.3017772,48.0268048],[16.3017993,48.026844],[16.3017815,48.0268485],[16.3017659,48.0268524],[16.3017438,48.0268133]]]},"properties":{"voltage":"20000;400","name":""}},{"type":"Feature","geometry":{"type":"Polygon","coordinates":[[[16.3011556,48.0234746],[16.3011851,48.0235079],[16.3010969,48.0235429],[16.3010673,48.0235096],[16.3011556,48.0234746]]]},"properties":{"voltage":"20000;400","name":""}},{"type":"Feature","geometry":{"type":"Polygon","coordinates":[[[16.2967198,48.025986],[16.2967809,48.0260047],[16.2967985,48.025979],[16.2967374,48.0259603],[16.2967198,48.025986]]]},"properties":{"voltage":"20000;400","name":""}},{"type":"Feature","geometry":{"type":"Polygon","coordinates":[[[16.290995,48.0258194],[16.2910578,48.0258345],[16.2910385,48.0258703],[16.2909758,48.0258552],[16.290995,48.0258194]]]},"properties":{"voltage":"20000;400","name":""}},{"type":"Feature","geometry":{"type":"Polygon","coordinates":[[[15.5819633,48.4093548],[15.5819669,48.409335],[15.5820083,48.4093384],[15.5820047,48.4093581],[15.5819633,48.4093548]]]},"properties":{"voltage":"","name":""}},{"type":"Feature","geometry":{"type":"Polygon","coordinates":[[[15.5910735,48.4064388],[15.5911013,48.4064144],[15.5910571,48.4063922],[15.5910293,48.4064167],[15.5910735,48.4064388]]]},"properties":{"voltage":"","name":""}},{"type":"Feature","geometry":{"type":"Polygon","coordinates":[[[16.4779562,48.2779652],[16.4780072,48.2779559],[16.4779953,48.2779271],[16.4779443,48.2779364],[16.4779562,48.2779652]]]},"properties":{"voltage":"","name":""}},{"type":"Feature","geometry":{"type":"Polygon","coordinates":[[[16.4779531,48.2778964],[16.4780086,48.2778902],[16.4780188,48.277889],[16.4780022,48.2778231],[16.4779895,48.2778245],[16.4779365,48.2778305],[16.4779531,48.2778964]]]},"properties":{"voltage":"","name":""}},{"type":"Feature","geometry":{"type":"Polygon","coordinates":[[[16.48151,48.2971964],[16.4815588,48.2971915],[16.481555,48.2971751],[16.4815063,48.2971801],[16.48151,48.2971964]]]},"properties":{"voltage":"","name":""}},{"type":"Feature","geometry":{"type":"Polygon","coordinates":[[[16.471791,48.2956318],[16.4717768,48.2956074],[16.4718034,48.2956005],[16.4718177,48.2956249],[16.471791,48.2956318]]]},"properties":{"voltage":"","name":""}},{"type":"Feature","geometry":{"type":"Polygon","coordinates":[[[16.4604406,48.3470123],[16.4605735,48.3469965],[16.4605633,48.3469587],[16.4604304,48.3469745],[16.4604406,48.3470123]]]},"properties":{"voltage":"20000","name":""}},{"type":"Feature","geometry":{"type":"Polygon","coordinates":[[[16.459793,48.3443635],[16.459813,48.3443906],[16.4599145,48.3443574],[16.4598945,48.3443303],[16.459793,48.3443635]]]},"properties":{"voltage":"20000","name":""}},{"type":"Feature","geometry":{"type":"Polygon","coordinates":[[[16.4596096,48.3444246],[16.4596293,48.3444506],[16.4597802,48.3444002],[16.4597605,48.3443741],[16.4596096,48.3444246]]]},"properties":{"voltage":"20000","name":""}},{"type":"Feature","geometry":{"type":"Polygon","coordinates":[[[16.4582179,48.3431186],[16.4582641,48.3430895],[16.458337,48.3431406],[16.4582907,48.3431697],[16.4582179,48.3431186]]]},"properties":{"voltage":"20000","name":""}},{"type":"Feature","geometry":{"type":"Polygon","coordinates":[[[16.1665098,48.2485415],[16.1665487,48.2485355],[16.1665661,48.2485858],[16.1665272,48.2485917],[16.1665098,48.2485415]]]},"properties":{"voltage":"20000","name":""}},{"type":"Feature","geometry":{"type":"Polygon","coordinates":[[[17.0546416,48.1778011],[17.0546711,48.1777841],[17.0546292,48.177751],[17.0546007,48.1777665],[17.0546416,48.1778011]]]},"properties":{"voltage":"","name":""}},{"type":"Feature","geometry":{"type":"Polygon","coordinates":[[[16.3708956,48.1688594],[16.370879,48.1688028],[16.3709192,48.1687975],[16.3709359,48.1688541],[16.3708956,48.1688594]]]},"properties":{"voltage":"","name":"Unterwerk Laxenburger Stra\u00dfe"}},{"type":"Feature","geometry":{"type":"Polygon","coordinates":[[[16.6103646,48.1142915],[16.6104317,48.1143036],[16.6104477,48.1142643],[16.6103806,48.1142521],[16.6103646,48.1142915]]]},"properties":{"voltage":"20000","name":""}},{"type":"Feature","geometry":{"type":"Polygon","coordinates":[[[16.6119518,48.1136157],[16.6121126,48.1136257],[16.612121,48.1135656],[16.6119602,48.1135556],[16.6119518,48.1136157]]]},"properties":{"voltage":"20000","name":""}},{"type":"Feature","geometry":{"type":"Polygon","coordinates":[[[16.6165322,48.1114608],[16.6165377,48.1114322],[16.6166029,48.1114378],[16.6165974,48.1114664],[16.6165322,48.1114608]]]},"properties":{"voltage":"20000","name":""}},{"type":"Feature","geometry":{"type":"Polygon","coordinates":[[[16.6161987,48.1180563],[16.6162934,48.118056],[16.6162931,48.1180173],[16.6161984,48.1180176],[16.6161987,48.1180563]]]},"properties":{"voltage":"20000","name":""}},{"type":"Feature","geometry":{"type":"Polygon","coordinates":[[[16.6100479,48.1167664],[16.6101275,48.1167667],[16.6101278,48.1167346],[16.6100481,48.1167343],[16.6100479,48.1167664]]]},"properties":{"voltage":"20000","name":""}},{"type":"Feature","geometry":{"type":"Polygon","coordinates":[[[16.6152431,48.1082039],[16.6152901,48.1082079],[16.6152992,48.1081594],[16.6152522,48.1081554],[16.6152431,48.1082039]]]},"properties":{"voltage":"20000","name":""}},{"type":"Feature","geometry":{"type":"Polygon","coordinates":[[[16.6146852,48.1097636],[16.6147428,48.109767],[16.6147523,48.1096956],[16.6146947,48.1096922],[16.6146852,48.1097636]]]},"properties":{"voltage":"20000","name":""}},{"type":"Feature","geometry":{"type":"Polygon","coordinates":[[[16.621043,48.1100702],[16.6211039,48.1100707],[16.6211046,48.1100306],[16.6210437,48.1100301],[16.621043,48.1100702]]]},"properties":{"voltage":"20000","name":""}},{"type":"Feature","geometry":{"type":"Polygon","coordinates":[[[16.6257406,48.1112017],[16.6257662,48.1112012],[16.6257891,48.1112006],[16.6257877,48.1111733],[16.6257392,48.1111744],[16.6257406,48.1112017]]]},"properties":{"voltage":"20000","name":""}},{"type":"Feature","geometry":{"type":"Polygon","coordinates":[[[16.6263039,48.1150114],[16.6263666,48.1150106],[16.6263654,48.1149681],[16.6263028,48.1149689],[16.6263039,48.1150114]]]},"properties":{"voltage":"20000","name":""}},{"type":"Feature","geometry":{"type":"Polygon","coordinates":[[[16.3821081,48.0792796],[16.3820657,48.0792649],[16.3820842,48.0792411],[16.3821266,48.0792558],[16.3821081,48.0792796]]]},"properties":{"voltage":"20000;400","name":""}},{"type":"Feature","geometry":{"type":"Polygon","coordinates":[[[16.4005724,48.2159475],[16.4004798,48.2160108],[16.4004381,48.2159838],[16.4005307,48.2159205],[16.4005724,48.2159475]]]},"properties":{"voltage":"","name":""}},{"type":"Feature","geometry":{"type":"Polygon","coordinates":[[[16.2456378,48.2646931],[16.2457085,48.2646809],[16.2457234,48.2647194],[16.2456527,48.2647315],[16.2456378,48.2646931]]]},"properties":{"voltage":"20000;400","name":""}},{"type":"Feature","geometry":{"type":"Polygon","coordinates":[[[16.1453903,48.3026991],[16.1454119,48.3026716],[16.1454478,48.302684],[16.1454262,48.3027116],[16.1453903,48.3026991]]]},"properties":{"voltage":"","name":""}},{"type":"Feature","geometry":{"type":"Polygon","coordinates":[[[16.358584,48.0706823],[16.3586178,48.0706478],[16.3585554,48.0706205],[16.3585216,48.070655],[16.358584,48.0706823]]]},"properties":{"voltage":"20000;400","name":""}},{"type":"Feature","geometry":{"type":"Polygon","coordinates":[[[16.1807751,48.2096751],[16.1808374,48.2096696],[16.1808443,48.2097043],[16.1807821,48.2097098],[16.1807751,48.2096751]]]},"properties":{"voltage":"","name":""}},{"type":"Feature","geometry":{"type":"Polygon","coordinates":[[[16.5597175,48.6775076],[16.5596775,48.6774921],[16.5596999,48.6774669],[16.5597399,48.6774824],[16.5597175,48.6775076]]]},"properties":{"voltage":"","name":""}},{"type":"Feature","geometry":{"type":"Polygon","coordinates":[[[16.9471255,48.7270241],[16.9471639,48.7270546],[16.9471894,48.7270407],[16.947211,48.727029],[16.9471727,48.7269985],[16.9471255,48.7270241]]]},"properties":{"voltage":"","name":""}},{"type":"Feature","geometry":{"type":"Polygon","coordinates":[[[16.2874502,48.160071],[16.2874127,48.1601001],[16.2873523,48.1600656],[16.2873898,48.1600364],[16.2874502,48.160071]]]},"properties":{"voltage":"","name":""}},{"type":"Feature","geometry":{"type":"Polygon","coordinates":[[[16.2839983,48.1417746],[16.2840939,48.1417605],[16.2840809,48.1417213],[16.2839853,48.1417355],[16.2839983,48.1417746]]]},"properties":{"voltage":"","name":""}},{"type":"Feature","geometry":{"type":"Polygon","coordinates":[[[16.3066684,48.0825844],[16.3067479,48.0825785],[16.3067366,48.0825102],[16.3066571,48.082516],[16.3066684,48.0825844]]]},"properties":{"voltage":"","name":""}},{"type":"Feature","geometry":{"type":"Polygon","coordinates":[[[16.317858,48.0801929],[16.3179268,48.0801973],[16.317931,48.0801676],[16.3178622,48.0801632],[16.317858,48.0801929]]]},"properties":{"voltage":"20000;400","name":""}},{"type":"Feature","geometry":{"type":"Polygon","coordinates":[[[16.2867678,48.087788],[16.2868161,48.0877954],[16.2868335,48.0877447],[16.2867852,48.0877373],[16.2867678,48.087788]]]},"properties":{"voltage":"","name":""}},{"type":"Feature","geometry":{"type":"Polygon","coordinates":[[[15.1480042,48.7633723],[15.1479775,48.7633536],[15.1479978,48.763341],[15.1480245,48.7633597],[15.1480042,48.7633723]]]},"properties":{"voltage":"","name":""}},{"type":"Feature","geometry":{"type":"Polygon","coordinates":[[[16.4786211,48.1522412],[16.4786729,48.1522153],[16.4786317,48.1521787],[16.4785799,48.1522046],[16.4786211,48.1522412]]]},"properties":{"voltage":"","name":""}},{"type":"Feature","geometry":{"type":"Polygon","coordinates":[[[16.2841177,48.1261086],[16.284041,48.126103],[16.2840514,48.1260399],[16.284128,48.1260455],[16.2841177,48.1261086]]]},"properties":{"voltage":"20000;400","name":""}},{"type":"Feature","geometry":{"type":"Polygon","coordinates":[[[16.3636498,48.083578],[16.3636406,48.0835384],[16.36377,48.083525],[16.3637792,48.0835646],[16.3636498,48.083578]]]},"properties":{"voltage":"20000;400","name":""}},{"type":"Feature","geometry":{"type":"Polygon","coordinates":[[[16.2050992,48.0539887],[16.2051171,48.0540225],[16.2051766,48.0540084],[16.2051587,48.0539746],[16.2050992,48.0539887]]]},"properties":{"voltage":"20000;400","name":"Netztransformatorstation Schulgasse"}},{"type":"Feature","geometry":{"type":"Polygon","coordinates":[[[16.6023418,48.0889987],[16.602299,48.0890382],[16.6023335,48.0890549],[16.6023763,48.0890153],[16.6023418,48.0889987]]]},"properties":{"voltage":"20000","name":""}},{"type":"Feature","geometry":{"type":"Polygon","coordinates":[[[16.3830517,48.0396272],[16.3830475,48.0396059],[16.3830959,48.0396017],[16.3831001,48.0396229],[16.3830517,48.0396272]]]},"properties":{"voltage":"20000;400","name":""}},{"type":"Feature","geometry":{"type":"Polygon","coordinates":[[[16.3387233,48.1378576],[16.3387061,48.1378171],[16.338795,48.1377997],[16.3388167,48.137838],[16.3387233,48.1378576]]]},"properties":{"voltage":"","name":""}},{"type":"Feature","geometry":{"type":"Polygon","coordinates":[[[16.3524174,48.3122377],[16.3524721,48.3122265],[16.3524629,48.3122067],[16.3524082,48.3122179],[16.3524174,48.3122377]]]},"properties":{"voltage":"","name":""}},{"type":"Feature","geometry":{"type":"Polygon","coordinates":[[[16.8206468,48.0335247],[16.8207165,48.0335076],[16.8206899,48.0334592],[16.8206202,48.0334763],[16.8206468,48.0335247]]]},"properties":{"voltage":"20000","name":""}},{"type":"Feature","geometry":{"type":"Polygon","coordinates":[[[16.2478822,48.0079241],[16.2479556,48.0079289],[16.2479651,48.007864],[16.2478916,48.0078592],[16.2478822,48.0079241]]]},"properties":{"voltage":"20000","name":""}},{"type":"Feature","geometry":{"type":"Polygon","coordinates":[[[16.2559849,48.0081052],[16.2559265,48.0080977],[16.2559392,48.0080533],[16.2559975,48.0080608],[16.2559849,48.0081052]]]},"properties":{"voltage":"20000","name":""}},{"type":"Feature","geometry":{"type":"Polygon","coordinates":[[[16.2594209,48.0086035],[16.2594917,48.0086159],[16.2594696,48.0086723],[16.2593989,48.0086599],[16.2594209,48.0086035]]]},"properties":{"voltage":"20000","name":""}},{"type":"Feature","geometry":{"type":"Polygon","coordinates":[[[16.244655,48.0084329],[16.2446815,48.0084326],[16.244681,48.0084113],[16.2446545,48.0084116],[16.244655,48.0084329]]]},"properties":{"voltage":"20000","name":""}},{"type":"Feature","geometry":{"type":"Polygon","coordinates":[[[16.2563577,48.0143415],[16.2563808,48.0143519],[16.256406,48.0143268],[16.2563829,48.0143164],[16.2563577,48.0143415]]]},"properties":{"voltage":"20000","name":""}},{"type":"Feature","geometry":{"type":"Polygon","coordinates":[[[16.0114122,48.8096127],[16.0114407,48.809627],[16.0114622,48.8096076],[16.0114494,48.8096014],[16.0114343,48.8095941],[16.0114122,48.8096127]]]},"properties":{"voltage":"","name":""}},{"type":"Feature","geometry":{"type":"Polygon","coordinates":[[[16.0681294,48.7679579],[16.0681812,48.7679419],[16.0681431,48.7678912],[16.0680927,48.7679078],[16.0681107,48.7679324],[16.0681294,48.7679579]]]},"properties":{"voltage":"","name":""}},{"type":"Feature","geometry":{"type":"Polygon","coordinates":[[[16.2206025,48.7923286],[16.2206284,48.7923144],[16.2206063,48.7922957],[16.2205945,48.7923021],[16.2205788,48.7923107],[16.2206025,48.7923286]]]},"properties":{"voltage":"","name":""}},{"type":"Feature","geometry":{"type":"Polygon","coordinates":[[[16.1878044,48.9046154],[16.1878316,48.9046007],[16.1878096,48.9045828],[16.1877965,48.9045898],[16.1877822,48.9045975],[16.1878044,48.9046154]]]},"properties":{"voltage":"","name":""}},{"type":"Feature","geometry":{"type":"Polygon","coordinates":[[[16.3751175,48.9223311],[16.3751383,48.9223554],[16.3751519,48.9223498],[16.3751745,48.9223407],[16.3751529,48.9223159],[16.3751175,48.9223311]]]},"properties":{"voltage":"","name":""}},{"type":"Feature","geometry":{"type":"Polygon","coordinates":[[[16.3569453,48.0867471],[16.3570076,48.0867437],[16.3570111,48.0867713],[16.3569487,48.0867748],[16.3569453,48.0867471]]]},"properties":{"voltage":"20000;400","name":""}},{"type":"Feature","geometry":{"type":"Polygon","coordinates":[[[16.3679092,48.1151337],[16.3679022,48.1151066],[16.3678628,48.1151111],[16.3678697,48.1151382],[16.3678888,48.115136],[16.3679092,48.1151337]]]},"properties":{"voltage":"20000;400","name":""}},{"type":"Feature","geometry":{"type":"Polygon","coordinates":[[[16.3813788,48.0348017],[16.3814163,48.0347938],[16.3814223,48.0348066],[16.3813847,48.0348145],[16.3813788,48.0348017]]]},"properties":{"voltage":"20000;400","name":""}},{"type":"Feature","geometry":{"type":"Polygon","coordinates":[[[16.3711411,48.1045934],[16.3711866,48.104573],[16.3711493,48.104536],[16.3711038,48.1045564],[16.3711411,48.1045934]]]},"properties":{"voltage":"20000;400","name":""}},{"type":"Feature","geometry":{"type":"Polygon","coordinates":[[[16.3686018,48.111736],[16.3686523,48.1117241],[16.368673,48.1117634],[16.3686225,48.1117753],[16.3686018,48.111736]]]},"properties":{"voltage":"20000;400","name":""}},{"type":"Feature","geometry":{"type":"Polygon","coordinates":[[[16.2524437,48.1993576],[16.2524914,48.1993101],[16.2524629,48.1992974],[16.2524152,48.1993448],[16.2524437,48.1993576]]]},"properties":{"voltage":"","name":""}},{"type":"Feature","geometry":{"type":"Polygon","coordinates":[[[16.46862,48.1945318],[16.4686474,48.1945479],[16.4686918,48.1945144],[16.4686644,48.1944983],[16.46862,48.1945318]]]},"properties":{"voltage":"","name":""}},{"type":"Feature","geometry":{"type":"Polygon","coordinates":[[[16.5677673,48.2976117],[16.5677967,48.2976545],[16.5678376,48.297642],[16.5678082,48.2975993],[16.5677673,48.2976117]]]},"properties":{"voltage":"","name":"TST Deutsch-Wagram Friedhof"}},{"type":"Feature","geometry":{"type":"Polygon","coordinates":[[[16.5795964,48.2903182],[16.5796251,48.2903161],[16.5796231,48.2903042],[16.5795944,48.2903063],[16.5795964,48.2903182]]]},"properties":{"voltage":"20000","name":""}},{"type":"Feature","geometry":{"type":"Polygon","coordinates":[[[16.5811969,48.2921539],[16.5812352,48.2921516],[16.5812337,48.2921406],[16.5811954,48.2921428],[16.5811969,48.2921539]]]},"properties":{"voltage":"20000","name":""}},{"type":"Feature","geometry":{"type":"Polygon","coordinates":[[[16.5780593,48.2883371],[16.5780681,48.2883563],[16.5781253,48.2883446],[16.5781165,48.2883255],[16.5780593,48.2883371]]]},"properties":{"voltage":"20000","name":""}},{"type":"Feature","geometry":{"type":"Polygon","coordinates":[[[16.604252,48.2798569],[16.6042561,48.2798726],[16.6042995,48.2798677],[16.6042955,48.279852],[16.604252,48.2798569]]]},"properties":{"voltage":"","name":"TST Parbasdorf Bergvierteln"}},{"type":"Feature","geometry":{"type":"Polygon","coordinates":[[[16.1717469,48.2024833],[16.1717881,48.202489],[16.1717938,48.2024707],[16.1717526,48.202465],[16.1717469,48.2024833]]]},"properties":{"voltage":"","name":""}},{"type":"Feature","geometry":{"type":"Polygon","coordinates":[[[16.2791357,48.1207911],[16.2791277,48.1208008],[16.2790891,48.1207866],[16.2790971,48.1207769],[16.2791357,48.1207911]]]},"properties":{"voltage":"","name":""}},{"type":"Feature","geometry":{"type":"Polygon","coordinates":[[[16.2304799,48.0079569],[16.2305115,48.0079583],[16.2305079,48.007993],[16.2304764,48.0079915],[16.2304799,48.0079569]]]},"properties":{"voltage":"20000","name":""}},{"type":"Feature","geometry":{"type":"Polygon","coordinates":[[[16.2217781,48.0013757],[16.2217559,48.0013375],[16.2216122,48.001375],[16.2216344,48.0014132],[16.2217781,48.0013757]]]},"properties":{"voltage":"20000","name":""}},{"type":"Feature","geometry":{"type":"Polygon","coordinates":[[[16.2168649,48.0018486],[16.2169021,48.0018369],[16.2169128,48.0018521],[16.2168756,48.0018638],[16.2168649,48.0018486]]]},"properties":{"voltage":"20000","name":""}},{"type":"Feature","geometry":{"type":"Polygon","coordinates":[[[16.8353384,48.0971255],[16.8353677,48.0971405],[16.8353889,48.0971221],[16.8353596,48.0971071],[16.8353384,48.0971255]]]},"properties":{"voltage":"","name":""}},{"type":"Feature","geometry":{"type":"Polygon","coordinates":[[[16.8411419,48.097188],[16.8411754,48.0971984],[16.84119,48.0971773],[16.8411565,48.097167],[16.8411419,48.097188]]]},"properties":{"voltage":"","name":""}},{"type":"Feature","geometry":{"type":"Polygon","coordinates":[[[16.8380874,48.1119466],[16.838156,48.1119624],[16.838192,48.1118928],[16.8381234,48.111877],[16.8380874,48.1119466]]]},"properties":{"voltage":"","name":"TST Petronell Naturfilteranlage"}},{"type":"Feature","geometry":{"type":"Polygon","coordinates":[[[16.3963874,48.1073474],[16.3964027,48.1073774],[16.3964432,48.1073682],[16.3964279,48.1073383],[16.3964068,48.1073431],[16.3963874,48.1073474]]]},"properties":{"voltage":"20000","name":""}},{"type":"Feature","geometry":{"type":"Polygon","coordinates":[[[16.0930703,48.4747337],[16.093091,48.4747285],[16.0931127,48.474723],[16.0930996,48.4747004],[16.0930573,48.4747111],[16.0930703,48.4747337]]]},"properties":{"voltage":"20000;400","name":""}},{"type":"Feature","geometry":{"type":"Polygon","coordinates":[[[16.0252502,48.0163302],[16.0252774,48.0163479],[16.0252964,48.0163348],[16.0252692,48.0163171],[16.0252502,48.0163302]]]},"properties":{"voltage":"20000","name":""}},{"type":"Feature","geometry":{"type":"Polygon","coordinates":[[[16.0133647,48.0177761],[16.0134062,48.0177843],[16.0134144,48.0177658],[16.0133729,48.0177576],[16.0133647,48.0177761]]]},"properties":{"voltage":"20000","name":""}},{"type":"Feature","geometry":{"type":"Polygon","coordinates":[[[16.2444128,48.1372964],[16.2445233,48.1373108],[16.2445376,48.1372622],[16.244427,48.1372478],[16.2444128,48.1372964]]]},"properties":{"voltage":"","name":""}},{"type":"Feature","geometry":{"type":"Polygon","coordinates":[[[16.4643346,48.2463898],[16.4643659,48.2464219],[16.4643108,48.2464457],[16.4642795,48.2464137],[16.4643346,48.2463898]]]},"properties":{"voltage":"","name":""}},{"type":"Feature","geometry":{"type":"Polygon","coordinates":[[[16.3143401,48.1275152],[16.3144045,48.1275006],[16.3143668,48.1274268],[16.3143024,48.1274414],[16.3143401,48.1275152]]]},"properties":{"voltage":"","name":""}},{"type":"Feature","geometry":{"type":"Polygon","coordinates":[[[16.2902106,48.1526848],[16.2902191,48.15273],[16.2902786,48.1527249],[16.29027,48.1526798],[16.2902106,48.1526848]]]},"properties":{"voltage":"","name":""}},{"type":"Feature","geometry":{"type":"Polygon","coordinates":[[[16.2243753,48.0027409],[16.2244063,48.0028128],[16.2243019,48.0028329],[16.2242709,48.002761],[16.2243753,48.0027409]]]},"properties":{"voltage":"20000","name":""}},{"type":"Feature","geometry":{"type":"Polygon","coordinates":[[[16.2124011,48.004098],[16.2123895,48.0040717],[16.2124603,48.0040578],[16.2124719,48.0040841],[16.2124011,48.004098]]]},"properties":{"voltage":"20000","name":""}},{"type":"Feature","geometry":{"type":"Polygon","coordinates":[[[16.2300856,48.0026052],[16.2300693,48.0025508],[16.230138,48.0025377],[16.2301607,48.0025908],[16.2300856,48.0026052]]]},"properties":{"voltage":"20000","name":""}},{"type":"Feature","geometry":{"type":"Polygon","coordinates":[[[16.3816771,48.0599938],[16.3816606,48.0600233],[16.3816904,48.0600307],[16.3817069,48.0600012],[16.3816771,48.0599938]]]},"properties":{"voltage":"20000;400","name":""}},{"type":"Feature","geometry":{"type":"Polygon","coordinates":[[[16.2362826,48.0102232],[16.2363128,48.0102289],[16.2363255,48.0101989],[16.2362953,48.0101931],[16.2362826,48.0102232]]]},"properties":{"voltage":"20000","name":""}},{"type":"Feature","geometry":{"type":"Polygon","coordinates":[[[15.1786768,48.8075891],[15.1786487,48.807569],[15.1786808,48.8075495],[15.1787089,48.8075696],[15.1786768,48.8075891]]]},"properties":{"voltage":"","name":""}},{"type":"Feature","geometry":{"type":"Polygon","coordinates":[[[16.6669653,48.1520781],[16.666997,48.1520783],[16.6669975,48.1520446],[16.6669658,48.1520444],[16.6669655,48.1520613],[16.6669653,48.1520781]]]},"properties":{"voltage":"20000","name":""}},{"type":"Feature","geometry":{"type":"Polygon","coordinates":[[[16.1412342,48.0314288],[16.1412554,48.0314408],[16.1412859,48.0314168],[16.1412647,48.0314048],[16.1412342,48.0314288]]]},"properties":{"voltage":"20000","name":""}},{"type":"Feature","geometry":{"type":"Polygon","coordinates":[[[16.1502299,48.0653263],[16.1502126,48.0653092],[16.1502522,48.0652913],[16.1502695,48.0653084],[16.1502299,48.0653263]]]},"properties":{"voltage":"20000","name":""}},{"type":"Feature","geometry":{"type":"Polygon","coordinates":[[[17.1694361,48.8255784],[17.1696999,48.8251544],[17.1699825,48.8247001],[17.1710917,48.8249642],[17.1708254,48.8253632],[17.1705739,48.8257402],[17.1700001,48.8256476],[17.1699572,48.825584],[17.1698988,48.8255708],[17.1698593,48.8255628],[17.1697922,48.8256255],[17.1694361,48.8255784]]]},"properties":{"voltage":"110000","name":""}},{"type":"Feature","geometry":{"type":"Polygon","coordinates":[[[16.3124325,48.0704736],[16.3125037,48.0704805],[16.31249,48.0705428],[16.3124189,48.0705358],[16.3124325,48.0704736]]]},"properties":{"voltage":"20000;400","name":""}},{"type":"Feature","geometry":{"type":"Polygon","coordinates":[[[16.4410705,48.3174174],[16.441058,48.3173723],[16.4411273,48.3173638],[16.4411398,48.3174089],[16.4410705,48.3174174]]]},"properties":{"voltage":"20000","name":""}},{"type":"Feature","geometry":{"type":"Polygon","coordinates":[[[16.4020805,48.1050889],[16.4020971,48.1051305],[16.4021359,48.1051236],[16.4021984,48.1051125],[16.4021818,48.1050709],[16.4020805,48.1050889]]]},"properties":{"voltage":"20000;400","name":""}},{"type":"Feature","geometry":{"type":"Polygon","coordinates":[[[16.2658379,48.1318785],[16.2659174,48.1319032],[16.265943,48.1318666],[16.2658635,48.1318418],[16.2658379,48.1318785]]]},"properties":{"voltage":"","name":""}},{"type":"Feature","geometry":{"type":"Polygon","coordinates":[[[16.3212223,48.1174484],[16.3212414,48.1175092],[16.3211728,48.1175188],[16.3211537,48.117458],[16.3212223,48.1174484]]]},"properties":{"voltage":"20000;400","name":""}},{"type":"Feature","geometry":{"type":"Polygon","coordinates":[[[16.3209757,48.1230562],[16.3211055,48.123039],[16.3211163,48.1230755],[16.3209865,48.1230927],[16.3209757,48.1230562]]]},"properties":{"voltage":"20000;400","name":""}},{"type":"Feature","geometry":{"type":"Polygon","coordinates":[[[16.3418601,48.1228946],[16.3419112,48.1228798],[16.341941,48.1229256],[16.3418898,48.1229404],[16.3418601,48.1228946]]]},"properties":{"voltage":"20000;400","name":""}},{"type":"Feature","geometry":{"type":"Polygon","coordinates":[[[16.3339817,48.2663932],[16.334042,48.266369],[16.3340071,48.2663304],[16.3339467,48.2663547],[16.3339817,48.2663932]]]},"properties":{"voltage":"","name":""}},{"type":"Feature","geometry":{"type":"Polygon","coordinates":[[[16.5397864,48.2453505],[16.5398437,48.2453432],[16.5398572,48.2453907],[16.5397999,48.245398],[16.5397864,48.2453505]]]},"properties":{"voltage":"","name":""}},{"type":"Feature","geometry":{"type":"Polygon","coordinates":[[[16.4149844,48.2691487],[16.4150776,48.269244],[16.4151295,48.2692215],[16.4150363,48.2691262],[16.4149844,48.2691487]]]},"properties":{"voltage":"","name":""}},{"type":"Feature","geometry":{"type":"Polygon","coordinates":[[[16.9269831,48.2390288],[16.9269765,48.2390396],[16.9269678,48.2390541],[16.926919,48.239041],[16.9269343,48.2390157],[16.9269831,48.2390288]]]},"properties":{"voltage":"","name":""}},{"type":"Feature","geometry":{"type":"Polygon","coordinates":[[[16.7647891,48.1078176],[16.7647957,48.1078725],[16.7648346,48.1078704],[16.7648281,48.1078156],[16.7647891,48.1078176]]]},"properties":{"voltage":"","name":"TST Regelsbrunn G\u00e4rtnerei"}},{"type":"Feature","geometry":{"type":"Polygon","coordinates":[[[16.235119,48.498702],[16.2350777,48.4986947],[16.2350844,48.498678],[16.2351257,48.4986852],[16.235119,48.498702]]]},"properties":{"voltage":"","name":""}},{"type":"Feature","geometry":{"type":"Polygon","coordinates":[[[16.1727915,48.4487256],[16.1728001,48.4487083],[16.1728407,48.4487171],[16.1728322,48.4487344],[16.1727915,48.4487256]]]},"properties":{"voltage":"","name":""}},{"type":"Feature","geometry":{"type":"Polygon","coordinates":[[[16.3141268,48.2876358],[16.3141396,48.2875893],[16.3141898,48.2875955],[16.3141769,48.287642],[16.3141268,48.2876358]]]},"properties":{"voltage":"","name":""}},{"type":"Feature","geometry":{"type":"Polygon","coordinates":[[[16.2647755,48.0892932],[16.2648883,48.0892891],[16.264891,48.089323],[16.2647783,48.089327],[16.2647755,48.0892932]]]},"properties":{"voltage":"","name":""}},{"type":"Feature","geometry":{"type":"Polygon","coordinates":[[[16.260852,48.082419],[16.2607975,48.0824462],[16.2608471,48.0824906],[16.2609016,48.0824633],[16.260852,48.082419]]]},"properties":{"voltage":"","name":""}},{"type":"Feature","geometry":{"type":"Polygon","coordinates":[[[16.2108208,48.0568275],[16.2108778,48.0568567],[16.2108986,48.0568374],[16.2108423,48.0568087],[16.2108208,48.0568275]]]},"properties":{"voltage":"20000","name":"Netztransformatorstation Hauptstra\u00dfe 40"}},{"type":"Feature","geometry":{"type":"Polygon","coordinates":[[[17.061274,48.1737854],[17.0612658,48.1738295],[17.0615168,48.1740591],[17.0613956,48.1741158],[17.0613353,48.174062],[17.0611712,48.1741469],[17.0611986,48.1741714],[17.0611831,48.1741793],[17.0612168,48.1742075],[17.0612754,48.1741777],[17.0613814,48.1742697],[17.0613768,48.1742716],[17.0616238,48.1744964],[17.06175,48.1744338],[17.0617796,48.1744705],[17.0618247,48.1744547],[17.0618816,48.1744347],[17.0618855,48.174407],[17.0627479,48.1739714],[17.0621243,48.1733892],[17.061274,48.1737854]]]},"properties":{"voltage":"110000;22000","name":"Lama\u010d"}},{"type":"Feature","geometry":{"type":"Polygon","coordinates":[[[16.8149848,48.2450517],[16.8150128,48.2450566],[16.8150235,48.2450292],[16.8149956,48.2450243],[16.8149848,48.2450517]]]},"properties":{"voltage":"","name":""}},{"type":"Feature","geometry":{"type":"Polygon","coordinates":[[[16.8292704,48.2170756],[16.8292507,48.2170891],[16.8292781,48.2171068],[16.8292977,48.2170933],[16.8292704,48.2170756]]]},"properties":{"voltage":"","name":""}},{"type":"Feature","geometry":{"type":"Polygon","coordinates":[[[16.2274628,48.4123795],[16.2274736,48.4124011],[16.2274525,48.4124057],[16.2274417,48.4123841],[16.2274628,48.4123795]]]},"properties":{"voltage":"","name":"TST Leitzersdorf Druckverst\u00e4rker"}},{"type":"Feature","geometry":{"type":"Polygon","coordinates":[[[16.226374,48.413131],[16.2264319,48.4131125],[16.2264089,48.4130806],[16.2263509,48.4130991],[16.226374,48.413131]]]},"properties":{"voltage":"","name":""}},{"type":"Feature","geometry":{"type":"Polygon","coordinates":[[[16.4897673,48.1587961],[16.490438,48.1586081],[16.4905392,48.1585811],[16.4911927,48.1588514],[16.4901654,48.1593263],[16.4898722,48.1591646],[16.4900974,48.1590125],[16.4897924,48.1588374],[16.4897673,48.1587961]]]},"properties":{"voltage":"110000","name":"Umspannwerk Albern"}},{"type":"Feature","geometry":{"type":"Polygon","coordinates":[[[16.2384072,48.1300362],[16.238386,48.1300742],[16.2384626,48.1300932],[16.238473,48.1300745],[16.2384837,48.1300557],[16.2384072,48.1300362]]]},"properties":{"voltage":"","name":""}},{"type":"Feature","geometry":{"type":"Polygon","coordinates":[[[16.3713236,48.3913818],[16.371343,48.391404],[16.3713651,48.3913955],[16.3713457,48.3913733],[16.3713236,48.3913818]]]},"properties":{"voltage":"","name":"TST Harmannsdorf Mitte"}},{"type":"Feature","geometry":{"type":"Polygon","coordinates":[[[16.375948,48.391092],[16.3759743,48.3910911],[16.3759722,48.3910667],[16.375946,48.3910676],[16.375948,48.391092]]]},"properties":{"voltage":"","name":""}},{"type":"Feature","geometry":{"type":"Polygon","coordinates":[[[16.371832,48.4004487],[16.3718719,48.4004596],[16.3718815,48.4004442],[16.3718416,48.4004333],[16.371832,48.4004487]]]},"properties":{"voltage":"","name":""}},{"type":"Feature","geometry":{"type":"Polygon","coordinates":[[[16.9939406,48.3322689],[16.9948954,48.3321342],[16.9948039,48.3318477],[16.9938491,48.3319824],[16.9939406,48.3322689]]]},"properties":{"voltage":"","name":"\u017dSR Zohor"}},{"type":"Feature","geometry":{"type":"Polygon","coordinates":[[[15.3472494,48.2155254],[15.3472515,48.2155883],[15.3472032,48.215589],[15.3472011,48.2155261],[15.3472494,48.2155254]]]},"properties":{"voltage":"20000;400","name":""}},{"type":"Feature","geometry":{"type":"Polygon","coordinates":[[[16.2683568,48.1472703],[16.2683539,48.1472363],[16.2684214,48.1472338],[16.2684242,48.1472678],[16.2683568,48.1472703]]]},"properties":{"voltage":"","name":""}},{"type":"Feature","geometry":{"type":"Polygon","coordinates":[[[16.2684304,48.1473372],[16.2685006,48.1473352],[16.2684963,48.1472667],[16.268426,48.1472687],[16.2684304,48.1473372]]]},"properties":{"voltage":"","name":""}},{"type":"Feature","geometry":{"type":"Polygon","coordinates":[[[16.3769169,48.0301441],[16.3769536,48.0301382],[16.3769599,48.0301555],[16.3769231,48.0301614],[16.3769169,48.0301441]]]},"properties":{"voltage":"20000;400","name":""}},{"type":"Feature","geometry":{"type":"Polygon","coordinates":[[[16.6150354,48.1186597],[16.6151097,48.118655],[16.6151052,48.1186226],[16.6150309,48.1186273],[16.6150354,48.1186597]]]},"properties":{"voltage":"20000","name":""}},{"type":"Feature","geometry":{"type":"Polygon","coordinates":[[[15.5043615,48.3961203],[15.5043927,48.3961048],[15.5043567,48.3960749],[15.5043259,48.3960936],[15.5043615,48.3961203]]]},"properties":{"voltage":"","name":""}},{"type":"Feature","geometry":{"type":"Polygon","coordinates":[[[15.5044233,48.3960263],[15.5044551,48.3960076],[15.5044195,48.3959809],[15.5043877,48.3959996],[15.5044233,48.3960263]]]},"properties":{"voltage":"","name":""}},{"type":"Feature","geometry":{"type":"Polygon","coordinates":[[[16.6545834,48.4927437],[16.6545793,48.4927776],[16.6545259,48.4927748],[16.65453,48.4927409],[16.6545834,48.4927437]]]},"properties":{"voltage":"","name":"TST Nexing"}},{"type":"Feature","geometry":{"type":"Polygon","coordinates":[[[16.7029008,48.5180836],[16.7028901,48.5180911],[16.702879,48.518099],[16.7028943,48.5181086],[16.702913,48.5181201],[16.7029348,48.5181047],[16.7029008,48.5180836]]]},"properties":{"voltage":"","name":""}},{"type":"Feature","geometry":{"type":"Polygon","coordinates":[[[16.2707662,48.0080014],[16.2708326,48.0079955],[16.2708429,48.0080474],[16.2707766,48.0080533],[16.2707662,48.0080014]]]},"properties":{"voltage":"20000","name":""}},{"type":"Feature","geometry":{"type":"Polygon","coordinates":[[[15.8425432,48.1319254],[15.842563,48.1319321],[15.8425793,48.1319105],[15.8425595,48.1319039],[15.8425432,48.1319254]]]},"properties":{"voltage":"","name":""}},{"type":"Feature","geometry":{"type":"Polygon","coordinates":[[[15.6903817,48.4104972],[15.6904079,48.4104971],[15.6904077,48.4104706],[15.6903815,48.4104707],[15.6903817,48.4104972]]]},"properties":{"voltage":"","name":""}},{"type":"Feature","geometry":{"type":"Polygon","coordinates":[[[16.5627977,48.1073118],[16.5628053,48.1073239],[16.5628136,48.1073366],[16.5627733,48.1073482],[16.5627572,48.1073235],[16.5627977,48.1073118]]]},"properties":{"voltage":"20000","name":""}},{"type":"Feature","geometry":{"type":"Polygon","coordinates":[[[16.4366779,48.0829388],[16.436748,48.0829393],[16.4367473,48.0829861],[16.4366772,48.0829856],[16.4366779,48.0829388]]]},"properties":{"voltage":"20000;400","name":""}},{"type":"Feature","geometry":{"type":"Polygon","coordinates":[[[16.4341278,48.0813777],[16.4341378,48.081355],[16.4340403,48.0813359],[16.4340302,48.0813589],[16.4341278,48.0813777]]]},"properties":{"voltage":"20000;400","name":""}},{"type":"Feature","geometry":{"type":"Polygon","coordinates":[[[16.4422162,48.0837884],[16.4422543,48.0837789],[16.4422285,48.0837328],[16.4421903,48.0837423],[16.4422162,48.0837884]]]},"properties":{"voltage":"20000;400","name":""}},{"type":"Feature","geometry":{"type":"Polygon","coordinates":[[[16.4569892,48.0846806],[16.4570392,48.0846642],[16.4570693,48.0847055],[16.457038,48.0847157],[16.4570194,48.0847218],[16.4569892,48.0846806]]]},"properties":{"voltage":"20000;400","name":""}},{"type":"Feature","geometry":{"type":"Polygon","coordinates":[[[16.4529486,48.0732657],[16.4530146,48.0732434],[16.4530323,48.0732668],[16.4529663,48.0732891],[16.4529486,48.0732657]]]},"properties":{"voltage":"20000;400","name":""}},{"type":"Feature","geometry":{"type":"Polygon","coordinates":[[[16.4447311,48.0773401],[16.4447689,48.0773692],[16.4446924,48.0774136],[16.4446546,48.0773844],[16.4447311,48.0773401]]]},"properties":{"voltage":"20000;400","name":""}},{"type":"Feature","geometry":{"type":"Polygon","coordinates":[[[16.4434632,48.0782606],[16.443515,48.0783007],[16.4435274,48.0783103],[16.4435763,48.0782821],[16.4435121,48.0782324],[16.4434632,48.0782606]]]},"properties":{"voltage":"20000;400","name":""}},{"type":"Feature","geometry":{"type":"Polygon","coordinates":[[[16.444404,48.0803049],[16.44442,48.0803039],[16.4444661,48.080301],[16.4444752,48.0803648],[16.4444605,48.0803657],[16.444413,48.0803687],[16.444404,48.0803049]]]},"properties":{"voltage":"20000;400","name":""}},{"type":"Feature","geometry":{"type":"Polygon","coordinates":[[[16.4394191,48.077244],[16.4394627,48.0772125],[16.4395088,48.077241],[16.4394651,48.0772725],[16.4394191,48.077244]]]},"properties":{"voltage":"20000;400","name":""}},{"type":"Feature","geometry":{"type":"Polygon","coordinates":[[[16.4062815,48.1030276],[16.4063118,48.1030197],[16.4063407,48.1030691],[16.4063103,48.103077],[16.4062815,48.1030276]]]},"properties":{"voltage":"20000;400","name":""}},{"type":"Feature","geometry":{"type":"Polygon","coordinates":[[[16.4178925,48.0971994],[16.4179503,48.0971773],[16.4179798,48.0972117],[16.4179221,48.0972338],[16.4178925,48.0971994]]]},"properties":{"voltage":"20000;400","name":""}},{"type":"Feature","geometry":{"type":"Polygon","coordinates":[[[16.4181983,48.1069072],[16.4183227,48.1069365],[16.4183038,48.1069722],[16.4181794,48.1069429],[16.4181983,48.1069072]]]},"properties":{"voltage":"20000;400","name":""}},{"type":"Feature","geometry":{"type":"Polygon","coordinates":[[[16.4176745,48.1069761],[16.4177191,48.1069888],[16.4176845,48.1070432],[16.4176398,48.1070306],[16.4176745,48.1069761]]]},"properties":{"voltage":"20000;400","name":""}},{"type":"Feature","geometry":{"type":"Polygon","coordinates":[[[16.4176335,48.1070674],[16.4176678,48.1070762],[16.4176442,48.1071172],[16.4176099,48.1071084],[16.4176335,48.1070674]]]},"properties":{"voltage":"20000;400","name":""}},{"type":"Feature","geometry":{"type":"Polygon","coordinates":[[[16.4199256,48.0950799],[16.4199668,48.0950822],[16.4199597,48.095139],[16.4199184,48.0951367],[16.4199256,48.0950799]]]},"properties":{"voltage":"20000;400","name":""}},{"type":"Feature","geometry":{"type":"Polygon","coordinates":[[[16.4171468,48.102083],[16.4171148,48.1021413],[16.4171562,48.1021512],[16.4171882,48.1020929],[16.4171468,48.102083]]]},"properties":{"voltage":"20000;400","name":""}},{"type":"Feature","geometry":{"type":"Polygon","coordinates":[[[16.4223012,48.1007543],[16.4223404,48.1007831],[16.4222906,48.1008134],[16.4222513,48.1007846],[16.4223012,48.1007543]]]},"properties":{"voltage":"20000;400","name":""}},{"type":"Feature","geometry":{"type":"Polygon","coordinates":[[[16.4178922,48.107028],[16.4178702,48.1070586],[16.4179618,48.107088],[16.4179838,48.1070574],[16.4178922,48.107028]]]},"properties":{"voltage":"20000;400","name":""}},{"type":"Feature","geometry":{"type":"Polygon","coordinates":[[[16.4176131,48.1067956],[16.417599,48.1068184],[16.4176631,48.106836],[16.4176771,48.1068132],[16.4176131,48.1067956]]]},"properties":{"voltage":"20000;400","name":""}},{"type":"Feature","geometry":{"type":"Polygon","coordinates":[[[16.4104866,48.1073659],[16.4105847,48.1073529],[16.4105992,48.1074021],[16.4105011,48.107415],[16.4104866,48.1073659]]]},"properties":{"voltage":"20000;400","name":""}},{"type":"Feature","geometry":{"type":"Polygon","coordinates":[[[16.409286,48.1076813],[16.4093856,48.1076782],[16.4093886,48.1077216],[16.409289,48.1077246],[16.409286,48.1076813]]]},"properties":{"voltage":"20000;400","name":""}},{"type":"Feature","geometry":{"type":"Polygon","coordinates":[[[16.4308836,48.1026228],[16.4309079,48.1026049],[16.4309633,48.1026386],[16.4309389,48.1026565],[16.4308836,48.1026228]]]},"properties":{"voltage":"20000;400","name":""}},{"type":"Feature","geometry":{"type":"Polygon","coordinates":[[[16.474074,48.2667736],[16.4740162,48.2667861],[16.4739944,48.2667411],[16.4740522,48.2667287],[16.474074,48.2667736]]]},"properties":{"voltage":"","name":""}},{"type":"Feature","geometry":{"type":"Polygon","coordinates":[[[16.3807795,48.3970471],[16.3808061,48.397043],[16.3807967,48.397016],[16.3807701,48.3970201],[16.3807795,48.3970471]]]},"properties":{"voltage":"","name":"TST R\u00fcckersdorf M\u00fchlgasse"}},{"type":"Feature","geometry":{"type":"Polygon","coordinates":[[[16.288741,48.124641],[16.2887219,48.1246751],[16.2888272,48.1247012],[16.2888462,48.1246671],[16.288741,48.124641]]]},"properties":{"voltage":"","name":""}},{"type":"Feature","geometry":{"type":"Polygon","coordinates":[[[16.3000998,48.232853],[16.300119,48.2328903],[16.3000301,48.2329106],[16.3000109,48.2328733],[16.3000998,48.232853]]]},"properties":{"voltage":"","name":""}},{"type":"Feature","geometry":{"type":"Polygon","coordinates":[[[16.2751686,48.1216242],[16.275114,48.1216712],[16.2751583,48.1216942],[16.2752123,48.1216468],[16.2751686,48.1216242]]]},"properties":{"voltage":"","name":""}},{"type":"Feature","geometry":{"type":"Polygon","coordinates":[[[16.2760678,48.1195851],[16.2760228,48.1196348],[16.2759757,48.1196158],[16.2760206,48.1195661],[16.2760678,48.1195851]]]},"properties":{"voltage":"","name":""}},{"type":"Feature","geometry":{"type":"Polygon","coordinates":[[[16.2529685,48.0525509],[16.253065,48.0525392],[16.2530778,48.0525862],[16.2529813,48.052598],[16.2529685,48.0525509]]]},"properties":{"voltage":"","name":""}},{"type":"Feature","geometry":{"type":"Polygon","coordinates":[[[17.0640446,48.0794669],[17.0640659,48.0794891],[17.0640895,48.079479],[17.0640682,48.0794568],[17.0640446,48.0794669]]]},"properties":{"voltage":"","name":""}},{"type":"Feature","geometry":{"type":"Polygon","coordinates":[[[17.0114889,48.0595164],[17.0114685,48.0594974],[17.0114399,48.0595111],[17.0114603,48.0595301],[17.0114889,48.0595164]]]},"properties":{"voltage":"","name":""}},{"type":"Feature","geometry":{"type":"Polygon","coordinates":[[[17.0101315,48.0581803],[17.0101111,48.0581613],[17.0100825,48.058175],[17.0101029,48.058194],[17.0101315,48.0581803]]]},"properties":{"voltage":"","name":""}},{"type":"Feature","geometry":{"type":"Polygon","coordinates":[[[17.0087769,48.056845],[17.0087565,48.056826],[17.0087279,48.0568397],[17.0087483,48.0568587],[17.0087769,48.056845]]]},"properties":{"voltage":"","name":""}},{"type":"Feature","geometry":{"type":"Polygon","coordinates":[[[17.0074322,48.0555068],[17.0074118,48.0554878],[17.0073832,48.0555015],[17.0074036,48.0555205],[17.0074322,48.0555068]]]},"properties":{"voltage":"","name":""}},{"type":"Feature","geometry":{"type":"Polygon","coordinates":[[[16.280636,48.0462325],[16.2806558,48.046257],[16.2807206,48.0462335],[16.2807007,48.046209],[16.280636,48.0462325]]]},"properties":{"voltage":"20000","name":""}},{"type":"Feature","geometry":{"type":"Polygon","coordinates":[[[16.2842614,48.0442363],[16.2842822,48.044255],[16.2842445,48.0442737],[16.2842237,48.0442551],[16.2842614,48.0442363]]]},"properties":{"voltage":"20000","name":""}},{"type":"Feature","geometry":{"type":"Polygon","coordinates":[[[16.2892211,48.0417765],[16.2892478,48.0418038],[16.2893338,48.0417661],[16.2893071,48.0417388],[16.2892211,48.0417765]]]},"properties":{"voltage":"20000","name":""}},{"type":"Feature","geometry":{"type":"Polygon","coordinates":[[[16.3383599,48.0337607],[16.338409,48.0337333],[16.338514,48.0338176],[16.3384648,48.033845],[16.3383599,48.0337607]]]},"properties":{"voltage":"20000;400","name":""}},{"type":"Feature","geometry":{"type":"Polygon","coordinates":[[[16.1338937,48.1055047],[16.1339236,48.1055004],[16.1339142,48.1054713],[16.1338844,48.1054756],[16.1338937,48.1055047]]]},"properties":{"voltage":"20000","name":""}},{"type":"Feature","geometry":{"type":"Polygon","coordinates":[[[16.1360632,48.101696],[16.1360447,48.1017076],[16.1360792,48.1017321],[16.1360977,48.1017205],[16.1360632,48.101696]]]},"properties":{"voltage":"","name":""}},{"type":"Feature","geometry":{"type":"Polygon","coordinates":[[[16.3731089,48.4286035],[16.3730807,48.4285906],[16.3731056,48.4285665],[16.3731338,48.4285793],[16.3731089,48.4286035]]]},"properties":{"voltage":"","name":""}},{"type":"Feature","geometry":{"type":"Polygon","coordinates":[[[16.2502846,48.0126892],[16.2502572,48.0127007],[16.2503001,48.0127465],[16.2503274,48.012735],[16.2502846,48.0126892]]]},"properties":{"voltage":"20000","name":""}},{"type":"Feature","geometry":{"type":"Polygon","coordinates":[[[16.3698159,48.3855028],[16.3697946,48.3855088],[16.3697806,48.3854868],[16.3698019,48.3854808],[16.3698159,48.3855028]]]},"properties":{"voltage":"","name":"TST Harmannsdorf Feldgasse"}},{"type":"Feature","geometry":{"type":"Polygon","coordinates":[[[15.7939803,48.2399623],[15.7940115,48.2399784],[15.7940286,48.2399638],[15.7939974,48.2399476],[15.7939803,48.2399623]]]},"properties":{"voltage":"","name":""}},{"type":"Feature","geometry":{"type":"Polygon","coordinates":[[[16.1444436,48.1011613],[16.1445157,48.1011743],[16.1445288,48.1011415],[16.1444567,48.1011286],[16.1444436,48.1011613]]]},"properties":{"voltage":"","name":""}},{"type":"Feature","geometry":{"type":"Polygon","coordinates":[[[16.1476284,48.1049712],[16.1476067,48.1050072],[16.1475639,48.1049958],[16.1475855,48.1049597],[16.1476284,48.1049712]]]},"properties":{"voltage":"20000","name":""}},{"type":"Feature","geometry":{"type":"Polygon","coordinates":[[[16.2164143,48.0062488],[16.2164686,48.0062379],[16.2164441,48.0061831],[16.2163898,48.006194],[16.2164143,48.0062488]]]},"properties":{"voltage":"","name":""}},{"type":"Feature","geometry":{"type":"Polygon","coordinates":[[[16.4210113,48.2358105],[16.421063,48.2357871],[16.4210229,48.2357477],[16.4209712,48.2357711],[16.4210113,48.2358105]]]},"properties":{"voltage":"","name":""}},{"type":"Feature","geometry":{"type":"Polygon","coordinates":[[[16.7552838,48.5440921],[16.7552765,48.5440666],[16.7552444,48.5440707],[16.7552517,48.5440962],[16.7552838,48.5440921]]]},"properties":{"voltage":"","name":""}},{"type":"Feature","geometry":{"type":"Polygon","coordinates":[[[15.7995087,48.3301163],[15.7994899,48.3301079],[15.7995115,48.3300865],[15.7995303,48.3300949],[15.7995087,48.3301163]]]},"properties":{"voltage":"","name":"TST Ahrenberg Karl Fischerstra\u00dfe"}},{"type":"Feature","geometry":{"type":"Polygon","coordinates":[[[15.8924993,48.6650304],[15.8924974,48.6650052],[15.8925275,48.6650042],[15.8925293,48.6650294],[15.8924993,48.6650304]]]},"properties":{"voltage":"","name":"Stromtransformator EVN"}},{"type":"Feature","geometry":{"type":"Polygon","coordinates":[[[16.1757957,48.1348445],[16.1758288,48.1348364],[16.175822,48.1348241],[16.1757889,48.1348322],[16.1757957,48.1348445]]]},"properties":{"voltage":"20000","name":""}},{"type":"Feature","geometry":{"type":"Polygon","coordinates":[[[16.1972742,48.1334167],[16.1972768,48.1334574],[16.1973432,48.1334555],[16.1973406,48.1334148],[16.1972742,48.1334167]]]},"properties":{"voltage":"20000","name":""}},{"type":"Feature","geometry":{"type":"Polygon","coordinates":[[[16.8883128,48.1828984],[16.8883423,48.1828988],[16.8883429,48.1828782],[16.8883133,48.1828778],[16.8883128,48.1828984]]]},"properties":{"voltage":"","name":""}},{"type":"Feature","geometry":{"type":"Polygon","coordinates":[[[16.3028837,48.768898],[16.302953,48.7689038],[16.302959,48.7688724],[16.3028897,48.7688666],[16.3028837,48.768898]]]},"properties":{"voltage":"","name":"TS"}},{"type":"Feature","geometry":{"type":"Polygon","coordinates":[[[16.0658875,48.8954295],[16.0659479,48.89543],[16.0659897,48.8954304],[16.0659904,48.8953941],[16.0658882,48.8953932],[16.0658875,48.8954295]]]},"properties":{"voltage":"","name":""}},{"type":"Feature","geometry":{"type":"Polygon","coordinates":[[[16.1612948,48.4212789],[16.1613265,48.421256],[16.1613054,48.4212431],[16.1612736,48.421266],[16.1612948,48.4212789]]]},"properties":{"voltage":"","name":"TST Sierndorf Sportanlage"}},{"type":"Feature","geometry":{"type":"Polygon","coordinates":[[[16.1627563,48.4265657],[16.1627951,48.4265572],[16.1627847,48.4265364],[16.1627459,48.4265449],[16.1627563,48.4265657]]]},"properties":{"voltage":"","name":""}},{"type":"Feature","geometry":{"type":"Polygon","coordinates":[[[17.0376206,48.0839973],[17.0376711,48.0839865],[17.0376478,48.0839382],[17.0375974,48.0839491],[17.0376206,48.0839973]]]},"properties":{"voltage":"","name":""}},{"type":"Feature","geometry":{"type":"Polygon","coordinates":[[[17.0224295,48.0877032],[17.0225601,48.0876801],[17.0225418,48.0876339],[17.0224111,48.087657],[17.0224295,48.0877032]]]},"properties":{"voltage":"","name":""}},{"type":"Feature","geometry":{"type":"Polygon","coordinates":[[[17.0223386,48.0877195],[17.0224053,48.0877083],[17.0223879,48.0876619],[17.0223212,48.0876731],[17.0223386,48.0877195]]]},"properties":{"voltage":"","name":""}},{"type":"Feature","geometry":{"type":"Polygon","coordinates":[[[16.3794199,48.3916979],[16.3793952,48.3917072],[16.3794161,48.3917317],[16.3794408,48.3917224],[16.3794199,48.3916979]]]},"properties":{"voltage":"","name":"TST R\u00fcckersdorf Am Platzgraben"}},{"type":"Feature","geometry":{"type":"Polygon","coordinates":[[[16.930141,48.1047347],[16.9301975,48.1047294],[16.9301897,48.1046925],[16.9301332,48.1046978],[16.930141,48.1047347]]]},"properties":{"voltage":"","name":""}},{"type":"Feature","geometry":{"type":"Polygon","coordinates":[[[17.0430744,48.0843448],[17.0431509,48.0843595],[17.0431838,48.084279],[17.0431077,48.0842651],[17.0430744,48.0843448]]]},"properties":{"voltage":"","name":""}},{"type":"Feature","geometry":{"type":"Polygon","coordinates":[[[16.9781362,48.0694157],[16.9781678,48.0694086],[16.9781579,48.0693891],[16.9781264,48.0693962],[16.9781362,48.0694157]]]},"properties":{"voltage":"","name":"WP Prellenkirchen III / TST WKA 3"}},{"type":"Feature","geometry":{"type":"Polygon","coordinates":[[[16.9850893,48.0632986],[16.9851209,48.0632915],[16.985111,48.063272],[16.9850795,48.0632791],[16.9850893,48.0632986]]]},"properties":{"voltage":"","name":"WP Prellenkirchen III / TST WKA 7"}},{"type":"Feature","geometry":{"type":"Polygon","coordinates":[[[16.9891918,48.0662327],[16.9892234,48.0662256],[16.9892135,48.0662061],[16.989182,48.0662132],[16.9891918,48.0662327]]]},"properties":{"voltage":"","name":"WP Prellenkirchen III / TST WKA 6"}},{"type":"Feature","geometry":{"type":"Polygon","coordinates":[[[16.9939639,48.0684981],[16.9939955,48.068491],[16.9939856,48.0684715],[16.9939541,48.0684786],[16.9939639,48.0684981]]]},"properties":{"voltage":"","name":"WP Prellenkirchen IV / WKA 3"}},{"type":"Feature","geometry":{"type":"Polygon","coordinates":[[[16.9892281,48.0726256],[16.9892597,48.0726185],[16.9892498,48.072599],[16.9892183,48.0726061],[16.9892281,48.0726256]]]},"properties":{"voltage":"","name":"WP Prellenkirchen III / TST WKA 5"}},{"type":"Feature","geometry":{"type":"Polygon","coordinates":[[[16.9830913,48.0707997],[16.9831229,48.0707926],[16.983113,48.0707731],[16.9830815,48.0707802],[16.9830913,48.0707997]]]},"properties":{"voltage":"","name":"WP Prellenkirchen III / TST WKA 4"}},{"type":"Feature","geometry":{"type":"Polygon","coordinates":[[[16.981308,48.0769961],[16.9813396,48.076989],[16.9813297,48.0769695],[16.9812982,48.0769766],[16.981308,48.0769961]]]},"properties":{"voltage":"","name":"WP Prellenkirchen III / TST WKA 2"}},{"type":"Feature","geometry":{"type":"Polygon","coordinates":[[[16.9774822,48.0748425],[16.9775138,48.0748354],[16.9775039,48.0748159],[16.9774724,48.074823],[16.9774822,48.0748425]]]},"properties":{"voltage":"","name":"WP Prellenkirchen III / TST WKA 1"}},{"type":"Feature","geometry":{"type":"Polygon","coordinates":[[[16.9775232,48.0749138],[16.9775629,48.0749034],[16.9775368,48.0748588],[16.977497,48.0748692],[16.9775232,48.0749138]]]},"properties":{"voltage":"","name":"SST Prellenkirchen WKA III"}},{"type":"Feature","geometry":{"type":"Polygon","coordinates":[[[17.1312411,48.5620405],[17.1312168,48.5620807],[17.1312942,48.5621013],[17.1313186,48.562061],[17.1312411,48.5620405]]]},"properties":{"voltage":"","name":""}},{"type":"Feature","geometry":{"type":"Polygon","coordinates":[[[16.4250929,48.2423723],[16.4251112,48.2423513],[16.4250914,48.2423436],[16.425073,48.2423646],[16.4250929,48.2423723]]]},"properties":{"voltage":"","name":""}},{"type":"Feature","geometry":{"type":"Polygon","coordinates":[[[16.462555,48.2941832],[16.4626226,48.2942082],[16.4626411,48.2941861],[16.4625736,48.2941611],[16.462555,48.2941832]]]},"properties":{"voltage":"","name":""}},{"type":"Feature","geometry":{"type":"Polygon","coordinates":[[[16.4494833,48.3270717],[16.4495211,48.3271019],[16.4495714,48.3270742],[16.4495337,48.3270439],[16.4494833,48.3270717]]]},"properties":{"voltage":"","name":""}},{"type":"Feature","geometry":{"type":"Polygon","coordinates":[[[16.4163605,48.1036595],[16.4164362,48.1036794],[16.4164972,48.1035758],[16.4164214,48.1035559],[16.4163605,48.1036595]]]},"properties":{"voltage":"20000","name":""}},{"type":"Feature","geometry":{"type":"Polygon","coordinates":[[[16.4157489,48.1052711],[16.415804,48.1052851],[16.4157751,48.1053359],[16.4157199,48.1053219],[16.4157489,48.1052711]]]},"properties":{"voltage":"20000","name":""}},{"type":"Feature","geometry":{"type":"Polygon","coordinates":[[[16.5352949,48.1328446],[16.5353326,48.1328403],[16.535344,48.1328855],[16.5353063,48.1328898],[16.5352949,48.1328446]]]},"properties":{"voltage":"20000;400","name":""}},{"type":"Feature","geometry":{"type":"Polygon","coordinates":[[[16.5000047,48.1298414],[16.5000774,48.1298316],[16.5000692,48.1298047],[16.4999965,48.1298145],[16.5000047,48.1298414]]]},"properties":{"voltage":"20000","name":""}},{"type":"Feature","geometry":{"type":"Polygon","coordinates":[[[16.4916821,48.135755],[16.4917363,48.1357192],[16.4917051,48.1356981],[16.4916509,48.1357339],[16.4916821,48.135755]]]},"properties":{"voltage":"20000","name":""}},{"type":"Feature","geometry":{"type":"Polygon","coordinates":[[[16.4908177,48.1381094],[16.4908832,48.1381008],[16.4908709,48.1380592],[16.4908055,48.1380678],[16.4908177,48.1381094]]]},"properties":{"voltage":"20000","name":""}},{"type":"Feature","geometry":{"type":"Polygon","coordinates":[[[16.4919591,48.137716],[16.4920926,48.1376951],[16.4920781,48.1376541],[16.4919447,48.137675],[16.4919591,48.137716]]]},"properties":{"voltage":"20000","name":""}},{"type":"Feature","geometry":{"type":"Polygon","coordinates":[[[16.4941186,48.1376761],[16.4942222,48.1376296],[16.4941933,48.137516],[16.4940926,48.1375648],[16.4941186,48.1376761]]]},"properties":{"voltage":"20000","name":""}},{"type":"Feature","geometry":{"type":"Polygon","coordinates":[[[16.4399169,48.0919967],[16.4399587,48.0919823],[16.4399359,48.0919527],[16.4398946,48.0919672],[16.4399087,48.0919848],[16.4399169,48.0919967]]]},"properties":{"voltage":"20000","name":""}},{"type":"Feature","geometry":{"type":"Polygon","coordinates":[[[16.1298595,48.1444084],[16.1298872,48.1444085],[16.1298875,48.1443776],[16.1298598,48.1443775],[16.1298595,48.1444084]]]},"properties":{"voltage":"20000","name":""}},{"type":"Feature","geometry":{"type":"Polygon","coordinates":[[[16.1547562,48.1591532],[16.1547717,48.1591525],[16.1547731,48.1591671],[16.1547576,48.1591678],[16.1547562,48.1591532]]]},"properties":{"voltage":"20000","name":""}},{"type":"Feature","geometry":{"type":"Polygon","coordinates":[[[16.6403188,48.1915055],[16.6403307,48.191486],[16.6402687,48.1914692],[16.6402568,48.1914887],[16.6403188,48.1915055]]]},"properties":{"voltage":"","name":""}},{"type":"Feature","geometry":{"type":"Polygon","coordinates":[[[16.2834492,48.0957515],[16.2834467,48.095662],[16.2835465,48.0956608],[16.283549,48.0957503],[16.2834492,48.0957515]]]},"properties":{"voltage":"20000","name":""}},{"type":"Feature","geometry":{"type":"Polygon","coordinates":[[[16.4773214,48.1457134],[16.4773545,48.1457077],[16.4773381,48.145665],[16.477305,48.1456707],[16.4773214,48.1457134]]]},"properties":{"voltage":"","name":""}},{"type":"Feature","geometry":{"type":"Polygon","coordinates":[[[16.453015,48.2207281],[16.4530318,48.2206807],[16.4530778,48.2206879],[16.453061,48.2207354],[16.453015,48.2207281]]]},"properties":{"voltage":"","name":""}},{"type":"Feature","geometry":{"type":"Polygon","coordinates":[[[16.4516316,48.2206584],[16.4516509,48.2206057],[16.4516915,48.2206123],[16.4516722,48.220665],[16.4516316,48.2206584]]]},"properties":{"voltage":"","name":""}},{"type":"Feature","geometry":{"type":"Polygon","coordinates":[[[16.2821436,48.2303209],[16.2822093,48.2303234],[16.2822055,48.2303676],[16.2821398,48.2303651],[16.2821436,48.2303209]]]},"properties":{"voltage":"","name":""}},{"type":"Feature","geometry":{"type":"Polygon","coordinates":[[[16.4407493,48.222149],[16.4407811,48.2221488],[16.4407807,48.2221205],[16.4407489,48.2221207],[16.4407493,48.222149]]]},"properties":{"voltage":"","name":""}},{"type":"Feature","geometry":{"type":"Polygon","coordinates":[[[16.3429354,48.142505],[16.3429107,48.1424463],[16.3429786,48.1424328],[16.3430046,48.1424913],[16.3429354,48.142505]]]},"properties":{"voltage":"","name":""}},{"type":"Feature","geometry":{"type":"Polygon","coordinates":[[[16.4707226,48.143266],[16.4707013,48.1432553],[16.4707271,48.1432326],[16.4707483,48.1432432],[16.4707226,48.143266]]]},"properties":{"voltage":"","name":""}},{"type":"Feature","geometry":{"type":"Polygon","coordinates":[[[16.4270693,48.1855353],[16.4271258,48.1855231],[16.4270941,48.1854578],[16.4270376,48.18547],[16.4270693,48.1855353]]]},"properties":{"voltage":"","name":""}},{"type":"Feature","geometry":{"type":"Polygon","coordinates":[[[16.7052481,48.2855293],[16.7052673,48.285529],[16.7052681,48.2855513],[16.7052488,48.2855516],[16.7052481,48.2855293]]]},"properties":{"voltage":"","name":""}},{"type":"Feature","geometry":{"type":"Polygon","coordinates":[[[16.6585982,48.2533449],[16.6586267,48.2533352],[16.6586157,48.253321],[16.6585872,48.2533307],[16.6585982,48.2533449]]]},"properties":{"voltage":"","name":""}},{"type":"Feature","geometry":{"type":"Polygon","coordinates":[[[16.6988752,48.2814407],[16.6988944,48.2814404],[16.6988952,48.2814627],[16.6988759,48.281463],[16.6988752,48.2814407]]]},"properties":{"voltage":"","name":""}},{"type":"Feature","geometry":{"type":"Polygon","coordinates":[[[16.6708634,48.2810394],[16.6708826,48.2810391],[16.6708834,48.2810614],[16.6708641,48.2810617],[16.6708634,48.2810394]]]},"properties":{"voltage":"","name":""}},{"type":"Feature","geometry":{"type":"Polygon","coordinates":[[[16.6696696,48.2745927],[16.6697122,48.2746073],[16.6697452,48.2745644],[16.6697026,48.2745498],[16.6696696,48.2745927]]]},"properties":{"voltage":"","name":"TST Obersiebenbrunn Hochterassenpumpwerk"}},{"type":"Feature","geometry":{"type":"Polygon","coordinates":[[[16.6783349,48.2837176],[16.6783541,48.2837173],[16.6783549,48.2837396],[16.6783356,48.2837399],[16.6783349,48.2837176]]]},"properties":{"voltage":"","name":""}},{"type":"Feature","geometry":{"type":"Polygon","coordinates":[[[16.6614257,48.2491485],[16.6614621,48.2491446],[16.661457,48.2491237],[16.6614206,48.2491277],[16.6614257,48.2491485]]]},"properties":{"voltage":"","name":"WP Glinzendorf TST WKA 3"}},{"type":"Feature","geometry":{"type":"Polygon","coordinates":[[[16.6986807,48.2813281],[16.6987077,48.2813144],[16.6986788,48.2812892],[16.6986518,48.2813028],[16.6986807,48.2813281]]]},"properties":{"voltage":"","name":""}},{"type":"Feature","geometry":{"type":"Polygon","coordinates":[[[16.7004048,48.2943107],[16.700424,48.2943104],[16.7004248,48.2943327],[16.7004055,48.294333],[16.7004048,48.2943107]]]},"properties":{"voltage":"","name":""}},{"type":"Feature","geometry":{"type":"Polygon","coordinates":[[[16.6818392,48.2849703],[16.6818584,48.28497],[16.6818592,48.2849923],[16.6818399,48.2849926],[16.6818392,48.2849703]]]},"properties":{"voltage":"","name":""}},{"type":"Feature","geometry":{"type":"Polygon","coordinates":[[[16.68948,48.2876668],[16.6894992,48.2876665],[16.6895,48.2876888],[16.6894807,48.2876891],[16.68948,48.2876668]]]},"properties":{"voltage":"","name":""}},{"type":"Feature","geometry":{"type":"Polygon","coordinates":[[[16.7081972,48.265953],[16.7081919,48.2659948],[16.70811,48.2659903],[16.7081152,48.2659485],[16.7081972,48.265953]]]},"properties":{"voltage":"","name":"TST Obersiebenbrunn Schloss"}},{"type":"Feature","geometry":{"type":"Polygon","coordinates":[[[16.6724185,48.2500441],[16.672435,48.2500236],[16.67237,48.2500004],[16.6723535,48.2500209],[16.6724185,48.2500441]]]},"properties":{"voltage":"","name":"SSE Glinzendorf WP \u00dcbergabestation"}},{"type":"Feature","geometry":{"type":"Polygon","coordinates":[[[16.6610177,48.2557452],[16.6610514,48.2557445],[16.6610505,48.2557225],[16.6610167,48.2557232],[16.6610177,48.2557452]]]},"properties":{"voltage":"","name":""}},{"type":"Feature","geometry":{"type":"Polygon","coordinates":[[[16.6919248,48.2275193],[16.6918646,48.2275582],[16.6918269,48.2275323],[16.6918871,48.2274934],[16.6919248,48.2275193]]]},"properties":{"voltage":"","name":"TST Leopoldsdorf Gutshof"}},{"type":"Feature","geometry":{"type":"Polygon","coordinates":[[[16.6941908,48.2900242],[16.69421,48.2900239],[16.6942108,48.2900462],[16.6941915,48.2900465],[16.6941908,48.2900242]]]},"properties":{"voltage":"","name":""}},{"type":"Feature","geometry":{"type":"Polygon","coordinates":[[[16.7084395,48.2875721],[16.7084587,48.2875718],[16.7084595,48.2875941],[16.7084402,48.2875944],[16.7084395,48.2875721]]]},"properties":{"voltage":"","name":""}},{"type":"Feature","geometry":{"type":"Polygon","coordinates":[[[16.701897,48.2833733],[16.7019162,48.283373],[16.701917,48.2833953],[16.7018977,48.2833956],[16.701897,48.2833733]]]},"properties":{"voltage":"","name":""}},{"type":"Feature","geometry":{"type":"Polygon","coordinates":[[[16.6852204,48.2862087],[16.6852396,48.2862084],[16.6852404,48.2862307],[16.6852211,48.286231],[16.6852204,48.2862087]]]},"properties":{"voltage":"","name":""}},{"type":"Feature","geometry":{"type":"Polygon","coordinates":[[[16.67425,48.282275],[16.6742692,48.2822747],[16.67427,48.282297],[16.6742507,48.2822973],[16.67425,48.282275]]]},"properties":{"voltage":"","name":""}},{"type":"Feature","geometry":{"type":"Polygon","coordinates":[[[16.6693636,48.2745773],[16.669363,48.274606],[16.6694383,48.2746066],[16.6694388,48.2745779],[16.6693636,48.2745773]]]},"properties":{"voltage":"","name":"SSE Markgrafneusiedl, WP \u00dcbergabestation"}},{"type":"Feature","geometry":{"type":"Polygon","coordinates":[[[16.5183609,48.2061983],[16.5184269,48.2061963],[16.5184226,48.2061339],[16.5183566,48.2061359],[16.5183609,48.2061983]]]},"properties":{"voltage":"","name":""}},{"type":"Feature","geometry":{"type":"Polygon","coordinates":[[[16.54187,48.2295077],[16.5419117,48.2295],[16.5418925,48.229454],[16.5418508,48.2294618],[16.54187,48.2295077]]]},"properties":{"voltage":"","name":""}},{"type":"Feature","geometry":{"type":"Polygon","coordinates":[[[16.4875829,48.3026675],[16.4876651,48.3026593],[16.4876602,48.3026376],[16.487578,48.3026458],[16.4875829,48.3026675]]]},"properties":{"voltage":"","name":""}},{"type":"Feature","geometry":{"type":"Polygon","coordinates":[[[16.6967761,48.3445374],[16.6968211,48.3445169],[16.6967898,48.3444866],[16.6967448,48.3445071],[16.6967761,48.3445374]]]},"properties":{"voltage":"","name":"TST G\u00e4nserndorf Windpark West"}},{"type":"Feature","geometry":{"type":"Polygon","coordinates":[[[16.6881892,48.3440329],[16.6882071,48.3440165],[16.688169,48.3439981],[16.6881511,48.3440146],[16.6881892,48.3440329]]]},"properties":{"voltage":"","name":""}},{"type":"Feature","geometry":{"type":"Polygon","coordinates":[[[16.6968953,48.3445783],[16.6969631,48.3446442],[16.6969059,48.3446702],[16.696838,48.3446044],[16.6968953,48.3445783]]]},"properties":{"voltage":"","name":"Kompensationsstation WP G\u00e4nserndorf West"}},{"type":"Feature","geometry":{"type":"Polygon","coordinates":[[[16.5405351,48.2847738],[16.5405743,48.2847613],[16.5405627,48.2847451],[16.5405235,48.2847576],[16.5405351,48.2847738]]]},"properties":{"voltage":"","name":"TST Aderklaa Ost"}},{"type":"Feature","geometry":{"type":"Polygon","coordinates":[[[15.9369511,48.5316044],[15.9369335,48.5315849],[15.9369634,48.531573],[15.936981,48.5315926],[15.9369511,48.5316044]]]},"properties":{"voltage":"","name":""}},{"type":"Feature","geometry":{"type":"Polygon","coordinates":[[[15.7819614,48.5433647],[15.7819921,48.543348],[15.7819785,48.543337],[15.7819477,48.5433537],[15.7819614,48.5433647]]]},"properties":{"voltage":"","name":"Transformator"}},{"type":"Feature","geometry":{"type":"Polygon","coordinates":[[[16.4217656,48.156227],[16.42183,48.1561468],[16.4217763,48.1561276],[16.4217119,48.1562078],[16.4217656,48.156227]]]},"properties":{"voltage":"","name":""}},{"type":"Feature","geometry":{"type":"Polygon","coordinates":[[[16.4602053,48.240076],[16.460264,48.2400604],[16.4602392,48.2400191],[16.4601805,48.2400347],[16.4602053,48.240076]]]},"properties":{"voltage":"","name":""}},{"type":"Feature","geometry":{"type":"Polygon","coordinates":[[[16.4455257,48.2541633],[16.44553,48.2541619],[16.4455985,48.2541394],[16.4456317,48.2541844],[16.4455589,48.2542082],[16.4455257,48.2541633]]]},"properties":{"voltage":"","name":""}},{"type":"Feature","geometry":{"type":"Polygon","coordinates":[[[16.4681724,48.2570441],[16.4683052,48.2570104],[16.468329,48.257052],[16.4681963,48.2570857],[16.4681724,48.2570441]]]},"properties":{"voltage":"","name":""}},{"type":"Feature","geometry":{"type":"Polygon","coordinates":[[[16.4296436,48.276636],[16.4296337,48.2765967],[16.4297344,48.2765854],[16.4297443,48.2766247],[16.4296436,48.276636]]]},"properties":{"voltage":"","name":""}},{"type":"Feature","geometry":{"type":"Polygon","coordinates":[[[16.385368,48.2891141],[16.3854304,48.2890926],[16.3854005,48.2890543],[16.3853381,48.2890758],[16.385368,48.2891141]]]},"properties":{"voltage":"","name":""}},{"type":"Feature","geometry":{"type":"Polygon","coordinates":[[[16.3837256,48.2883665],[16.3836908,48.2883208],[16.383743,48.288301],[16.3837749,48.2883377],[16.3837256,48.2883665]]]},"properties":{"voltage":"","name":""}},{"type":"Feature","geometry":{"type":"Polygon","coordinates":[[[16.4000793,48.2516597],[16.4001661,48.2516424],[16.400152,48.2516111],[16.4000653,48.2516284],[16.4000793,48.2516597]]]},"properties":{"voltage":"","name":""}},{"type":"Feature","geometry":{"type":"Polygon","coordinates":[[[16.4345544,48.2797139],[16.4346159,48.2797051],[16.4346032,48.2796655],[16.4345417,48.2796743],[16.4345544,48.2797139]]]},"properties":{"voltage":"","name":""}},{"type":"Feature","geometry":{"type":"Polygon","coordinates":[[[16.2984134,48.246639],[16.2984386,48.2465923],[16.2984753,48.2466011],[16.2984501,48.2466478],[16.2984134,48.246639]]]},"properties":{"voltage":"","name":""}},{"type":"Feature","geometry":{"type":"Polygon","coordinates":[[[16.4251881,48.2527187],[16.4251491,48.2527263],[16.4251285,48.2526791],[16.4251675,48.2526716],[16.4251881,48.2527187]]]},"properties":{"voltage":"","name":""}},{"type":"Feature","geometry":{"type":"Polygon","coordinates":[[[16.3660213,48.0816866],[16.3660517,48.0816841],[16.3660499,48.0816742],[16.3660194,48.0816768],[16.3660213,48.0816866]]]},"properties":{"voltage":"20000","name":""}},{"type":"Feature","geometry":{"type":"Polygon","coordinates":[[[16.4615446,48.148072],[16.4615775,48.1481112],[16.4616356,48.1480894],[16.4616027,48.1480503],[16.4615446,48.148072]]]},"properties":{"voltage":"","name":""}},{"type":"Feature","geometry":{"type":"Polygon","coordinates":[[[15.6737292,48.2241231],[15.6737893,48.2241243],[15.6737904,48.2240994],[15.6737303,48.2240982],[15.6737292,48.2241231]]]},"properties":{"voltage":"","name":""}},{"type":"Feature","geometry":{"type":"Polygon","coordinates":[[[16.3555004,48.1456058],[16.355574,48.1455832],[16.355548,48.1455456],[16.3554744,48.1455682],[16.3555004,48.1456058]]]},"properties":{"voltage":"","name":""}},{"type":"Feature","geometry":{"type":"Polygon","coordinates":[[[16.3570499,48.144634],[16.3571073,48.1446195],[16.3570828,48.1445765],[16.3570255,48.144591],[16.3570499,48.144634]]]},"properties":{"voltage":"","name":""}},{"type":"Feature","geometry":{"type":"Polygon","coordinates":[[[15.940884,48.7606122],[15.9408685,48.7605951],[15.9408315,48.7606096],[15.940847,48.7606267],[15.940884,48.7606122]]]},"properties":{"voltage":"20000;400","name":"TST Retz Windm\u00fchle"}},{"type":"Feature","geometry":{"type":"Polygon","coordinates":[[[16.4956515,48.1478907],[16.4956934,48.1480048],[16.4956723,48.1480082],[16.4955762,48.1480239],[16.4955343,48.1479098],[16.4955463,48.1479079],[16.4956515,48.1478907]]]},"properties":{"voltage":"20000","name":""}},{"type":"Feature","geometry":{"type":"Polygon","coordinates":[[[16.1378562,48.1410529],[16.1379207,48.1410599],[16.1379264,48.1410367],[16.1378619,48.1410297],[16.1378562,48.1410529]]]},"properties":{"voltage":"20000","name":""}},{"type":"Feature","geometry":{"type":"Polygon","coordinates":[[[16.4418297,48.1472294],[16.4417989,48.1472018],[16.4418544,48.1471742],[16.4418852,48.1472019],[16.4418297,48.1472294]]]},"properties":{"voltage":"","name":""}},{"type":"Feature","geometry":{"type":"Polygon","coordinates":[[[17.0741514,48.8456029],[17.0741855,48.8456092],[17.0741986,48.8455784],[17.0741638,48.8455725],[17.0741514,48.8456029]]]},"properties":{"voltage":"","name":""}},{"type":"Feature","geometry":{"type":"Polygon","coordinates":[[[16.4560126,48.1409108],[16.456078,48.1409169],[16.4560689,48.1409602],[16.4560036,48.1409541],[16.4560126,48.1409108]]]},"properties":{"voltage":"","name":""}},{"type":"Feature","geometry":{"type":"Polygon","coordinates":[[[16.4289389,48.1792395],[16.4290142,48.1792424],[16.4290224,48.1791472],[16.4289471,48.1791443],[16.4289389,48.1792395]]]},"properties":{"voltage":"","name":""}},{"type":"Feature","geometry":{"type":"Polygon","coordinates":[[[16.4724418,48.2465154],[16.4724978,48.2464903],[16.4724651,48.2464556],[16.4724081,48.2464797],[16.4724418,48.2465154]]]},"properties":{"voltage":"","name":""}},{"type":"Feature","geometry":{"type":"Polygon","coordinates":[[[16.4619347,48.2475122],[16.4620003,48.247497],[16.461956,48.2474122],[16.4618904,48.2474273],[16.4619347,48.2475122]]]},"properties":{"voltage":"","name":""}},{"type":"Feature","geometry":{"type":"Polygon","coordinates":[[[16.4583877,48.2331688],[16.4583399,48.2331131],[16.458412,48.2330857],[16.4584598,48.2331414],[16.4583877,48.2331688]]]},"properties":{"voltage":"","name":""}},{"type":"Feature","geometry":{"type":"Polygon","coordinates":[[[16.4619935,48.2354829],[16.4620298,48.2354574],[16.4621007,48.2355023],[16.4620644,48.2355277],[16.4619935,48.2354829]]]},"properties":{"voltage":"","name":""}},{"type":"Feature","geometry":{"type":"Polygon","coordinates":[[[15.9941849,48.1378524],[15.9942123,48.1378487],[15.9942038,48.1378204],[15.9941764,48.137824],[15.9941849,48.1378524]]]},"properties":{"voltage":"20000","name":""}},{"type":"Feature","geometry":{"type":"Polygon","coordinates":[[[15.9786217,48.1362506],[15.9786492,48.1362686],[15.9786701,48.1362544],[15.9786426,48.1362364],[15.9786217,48.1362506]]]},"properties":{"voltage":"20000","name":""}},{"type":"Feature","geometry":{"type":"Polygon","coordinates":[[[15.986402,48.1378825],[15.9864266,48.1378783],[15.9864153,48.1378486],[15.9863907,48.1378527],[15.986402,48.1378825]]]},"properties":{"voltage":"20000","name":""}},{"type":"Feature","geometry":{"type":"Polygon","coordinates":[[[15.9846475,48.1391662],[15.9846921,48.1391653],[15.9846934,48.1391932],[15.9846488,48.1391942],[15.9846475,48.1391662]]]},"properties":{"voltage":"20000","name":""}},{"type":"Feature","geometry":{"type":"Polygon","coordinates":[[[16.016363,48.12722],[16.0163868,48.1272105],[16.0163638,48.1271849],[16.01634,48.1271945],[16.016363,48.12722]]]},"properties":{"voltage":"20000","name":""}},{"type":"Feature","geometry":{"type":"Polygon","coordinates":[[[17.110213,48.0944804],[17.1102135,48.0945016],[17.1101878,48.0945019],[17.1101884,48.0945279],[17.1102141,48.0945276],[17.1102156,48.0945947],[17.1103046,48.0945938],[17.110305,48.0946104],[17.1104857,48.0946086],[17.1104838,48.0945227],[17.1105103,48.094523],[17.1105097,48.0944947],[17.1104831,48.0944945],[17.1104827,48.0944777],[17.110213,48.0944804]]]},"properties":{"voltage":"750","name":"Meniare\u0148 Pan\u00f3nska"}},{"type":"Feature","geometry":{"type":"Polygon","coordinates":[[[16.9007495,48.197259],[16.900754,48.1972744],[16.9007972,48.1972687],[16.9007927,48.1972534],[16.9007495,48.197259]]]},"properties":{"voltage":"","name":""}},{"type":"Feature","geometry":{"type":"Polygon","coordinates":[[[16.1319101,48.0857103],[16.1319162,48.0856747],[16.1319742,48.0856792],[16.1319681,48.0857148],[16.1319384,48.0857125],[16.1319101,48.0857103]]]},"properties":{"voltage":"20000","name":""}},{"type":"Feature","geometry":{"type":"Polygon","coordinates":[[[16.1006789,48.1153907],[16.1007192,48.115401],[16.1007393,48.1153659],[16.1006989,48.1153556],[16.1006789,48.1153907]]]},"properties":{"voltage":"20000","name":""}},{"type":"Feature","geometry":{"type":"Polygon","coordinates":[[[16.1231163,48.1354319],[16.1231573,48.1353992],[16.1232149,48.1354313],[16.1231739,48.135464],[16.1231163,48.1354319]]]},"properties":{"voltage":"20000","name":""}},{"type":"Feature","geometry":{"type":"Polygon","coordinates":[[[17.1282731,48.1775043],[17.1283111,48.1775009],[17.128322,48.1775438],[17.1282845,48.1775491],[17.1282731,48.1775043]]]},"properties":{"voltage":"","name":"TS-2063"}},{"type":"Feature","geometry":{"type":"Polygon","coordinates":[[[16.0187863,48.083319],[16.0187971,48.083328],[16.0188153,48.0833431],[16.0188503,48.0833243],[16.0188359,48.0833123],[16.0188213,48.0833002],[16.0187863,48.083319]]]},"properties":{"voltage":"20000","name":""}},{"type":"Feature","geometry":{"type":"Polygon","coordinates":[[[16.0010974,48.0748016],[16.001105,48.0747802],[16.0011696,48.0747905],[16.001162,48.0748119],[16.0010974,48.0748016]]]},"properties":{"voltage":"20000","name":""}},{"type":"Feature","geometry":{"type":"Polygon","coordinates":[[[15.9835169,48.0947265],[15.9835436,48.0947259],[15.9835423,48.094702],[15.9835156,48.0947027],[15.9835169,48.0947265]]]},"properties":{"voltage":"20000","name":""}},{"type":"Feature","geometry":{"type":"Polygon","coordinates":[[[16.0105571,48.0914449],[16.0105872,48.0914622],[16.0106048,48.0914486],[16.0105747,48.0914313],[16.0105571,48.0914449]]]},"properties":{"voltage":"20000","name":""}},{"type":"Feature","geometry":{"type":"Polygon","coordinates":[[[16.009554,48.0895511],[16.0095831,48.0895308],[16.0095627,48.0895177],[16.0095335,48.089538],[16.009554,48.0895511]]]},"properties":{"voltage":"20000","name":""}},{"type":"Feature","geometry":{"type":"Polygon","coordinates":[[[15.9986509,48.1014169],[15.9986909,48.1014067],[15.9986806,48.1013887],[15.9986406,48.1013989],[15.9986509,48.1014169]]]},"properties":{"voltage":"20000","name":""}},{"type":"Feature","geometry":{"type":"Polygon","coordinates":[[[16.0068196,48.0978043],[16.006858,48.097788],[16.0068427,48.0977719],[16.0068043,48.0977882],[16.0068196,48.0978043]]]},"properties":{"voltage":"20000","name":""}},{"type":"Feature","geometry":{"type":"Polygon","coordinates":[[[16.0113297,48.1037247],[16.0113635,48.1037153],[16.0113444,48.1036847],[16.0113106,48.1036942],[16.0113297,48.1037247]]]},"properties":{"voltage":"20000","name":""}},{"type":"Feature","geometry":{"type":"Polygon","coordinates":[[[16.0124552,48.1067352],[16.012478,48.1067148],[16.012494,48.1067228],[16.0124713,48.1067432],[16.0124552,48.1067352]]]},"properties":{"voltage":"20000","name":""}},{"type":"Feature","geometry":{"type":"Polygon","coordinates":[[[15.9993515,48.1453236],[15.9993864,48.1453308],[15.9993941,48.1453143],[15.9993591,48.1453071],[15.9993515,48.1453236]]]},"properties":{"voltage":"20000","name":""}},{"type":"Feature","geometry":{"type":"Polygon","coordinates":[[[15.9586602,48.123482],[15.9586857,48.1234911],[15.9586966,48.1234775],[15.9586712,48.1234683],[15.9586602,48.123482]]]},"properties":{"voltage":"20000","name":""}},{"type":"Feature","geometry":{"type":"Polygon","coordinates":[[[15.9469664,48.0986675],[15.9469832,48.0986642],[15.9469759,48.0986479],[15.9469591,48.0986513],[15.9469664,48.0986675]]]},"properties":{"voltage":"20000","name":""}},{"type":"Feature","geometry":{"type":"Polygon","coordinates":[[[15.9182026,48.1042553],[15.9182363,48.1042532],[15.9182344,48.1042392],[15.9182007,48.1042412],[15.9182026,48.1042553]]]},"properties":{"voltage":"20000","name":""}},{"type":"Feature","geometry":{"type":"Polygon","coordinates":[[[15.9183487,48.0983509],[15.9183859,48.0983637],[15.9183994,48.0983461],[15.9183622,48.0983333],[15.9183487,48.0983509]]]},"properties":{"voltage":"20000","name":""}},{"type":"Feature","geometry":{"type":"Polygon","coordinates":[[[16.5572095,48.0619341],[16.557263,48.0619001],[16.557232,48.0618783],[16.5571785,48.0619124],[16.5572095,48.0619341]]]},"properties":{"voltage":"20000","name":""}},{"type":"Feature","geometry":{"type":"Polygon","coordinates":[[[16.6053815,48.083431],[16.6053898,48.0834558],[16.6054292,48.0834499],[16.6054209,48.0834251],[16.6053815,48.083431]]]},"properties":{"voltage":"20000","name":""}},{"type":"Feature","geometry":{"type":"Polygon","coordinates":[[[16.6101297,48.0890129],[16.6101794,48.089004],[16.6101934,48.089039],[16.6101438,48.0890479],[16.6101297,48.0890129]]]},"properties":{"voltage":"20000","name":""}},{"type":"Feature","geometry":{"type":"Polygon","coordinates":[[[16.6195864,48.0787373],[16.6196253,48.0787187],[16.6195991,48.0786943],[16.6195603,48.0787128],[16.6195739,48.0787256],[16.6195864,48.0787373]]]},"properties":{"voltage":"20000","name":""}},{"type":"Feature","geometry":{"type":"Polygon","coordinates":[[[15.6163052,48.1846157],[15.6163071,48.1846528],[15.6162681,48.1846536],[15.6162662,48.1846165],[15.6163052,48.1846157]]]},"properties":{"voltage":"20000;400","name":""}},{"type":"Feature","geometry":{"type":"Polygon","coordinates":[[[15.6189303,48.1793204],[15.6189364,48.1792758],[15.6189699,48.1792779],[15.6189637,48.1793225],[15.6189303,48.1793204]]]},"properties":{"voltage":"20000;400","name":""}},{"type":"Feature","geometry":{"type":"Polygon","coordinates":[[[15.6150963,48.1912604],[15.615097,48.1912298],[15.6151232,48.1912301],[15.6151225,48.1912607],[15.6150963,48.1912604]]]},"properties":{"voltage":"20000;400","name":""}},{"type":"Feature","geometry":{"type":"Polygon","coordinates":[[[15.6122839,48.1972578],[15.6122836,48.1972311],[15.612313,48.197231],[15.6123133,48.1972577],[15.6122839,48.1972578]]]},"properties":{"voltage":"20000;400","name":""}},{"type":"Feature","geometry":{"type":"Polygon","coordinates":[[[15.6198507,48.2007811],[15.6199034,48.2007697],[15.6199155,48.2007944],[15.6198627,48.2008059],[15.6198507,48.2007811]]]},"properties":{"voltage":"20000;400","name":""}},{"type":"Feature","geometry":{"type":"Polygon","coordinates":[[[15.6210971,48.1810113],[15.6211015,48.1809809],[15.6211276,48.1809826],[15.6211232,48.181013],[15.6210971,48.1810113]]]},"properties":{"voltage":"20000;400","name":""}},{"type":"Feature","geometry":{"type":"Polygon","coordinates":[[[15.6226471,48.1812001],[15.6226467,48.1811839],[15.6226865,48.1811836],[15.6226868,48.1811997],[15.6226471,48.1812001]]]},"properties":{"voltage":"20000;400","name":""}},{"type":"Feature","geometry":{"type":"Polygon","coordinates":[[[15.6138054,48.1956326],[15.613801,48.1955855],[15.6138718,48.1955826],[15.6138761,48.1956297],[15.6138054,48.1956326]]]},"properties":{"voltage":"20000;400","name":""}},{"type":"Feature","geometry":{"type":"Polygon","coordinates":[[[16.5103048,48.0150196],[16.5103456,48.0150434],[16.5103778,48.0150187],[16.5103578,48.015007],[16.510337,48.0149949],[16.5103048,48.0150196]]]},"properties":{"voltage":"20000","name":""}},{"type":"Feature","geometry":{"type":"Polygon","coordinates":[[[16.495707,48.0220373],[16.4956581,48.0220089],[16.4957367,48.0219482],[16.4957856,48.0219766],[16.495707,48.0220373]]]},"properties":{"voltage":"20000","name":""}},{"type":"Feature","geometry":{"type":"Polygon","coordinates":[[[16.4725697,48.0021024],[16.4726264,48.0021011],[16.4726305,48.0021782],[16.4725738,48.0021795],[16.4725697,48.0021024]]]},"properties":{"voltage":"20000","name":""}},{"type":"Feature","geometry":{"type":"Polygon","coordinates":[[[15.6903395,48.408716],[15.6903379,48.4087447],[15.6904484,48.4087473],[15.69045,48.4087186],[15.6903395,48.408716]]]},"properties":{"voltage":"20000","name":""}},{"type":"Feature","geometry":{"type":"Polygon","coordinates":[[[16.2645041,48.1770196],[16.2644884,48.1770531],[16.2644151,48.1770378],[16.2644308,48.1770043],[16.2645041,48.1770196]]]},"properties":{"voltage":"","name":""}},{"type":"Feature","geometry":{"type":"Polygon","coordinates":[[[16.4548734,48.0180329],[16.4549206,48.0180512],[16.4549471,48.0180208],[16.4548999,48.0180024],[16.4548734,48.0180329]]]},"properties":{"voltage":"20000","name":""}},{"type":"Feature","geometry":{"type":"Polygon","coordinates":[[[16.4618759,48.0225012],[16.4619304,48.0224974],[16.461925,48.0224628],[16.4618705,48.0224666],[16.4618729,48.0224818],[16.4618759,48.0225012]]]},"properties":{"voltage":"20000","name":""}},{"type":"Feature","geometry":{"type":"Polygon","coordinates":[[[16.4647053,48.0166242],[16.4646459,48.0166069],[16.464675,48.0165621],[16.4647344,48.0165793],[16.4647053,48.0166242]]]},"properties":{"voltage":"20000","name":""}},{"type":"Feature","geometry":{"type":"Polygon","coordinates":[[[16.4619988,48.0161488],[16.4620356,48.0161603],[16.4620665,48.016116],[16.4620296,48.0161045],[16.4619988,48.0161488]]]},"properties":{"voltage":"20000","name":""}},{"type":"Feature","geometry":{"type":"Polygon","coordinates":[[[16.4561331,48.0145435],[16.4561859,48.0145703],[16.4562267,48.0145343],[16.4561739,48.0145075],[16.4561331,48.0145435]]]},"properties":{"voltage":"20000","name":""}},{"type":"Feature","geometry":{"type":"Polygon","coordinates":[[[16.4249282,48.1805277],[16.4249841,48.1805361],[16.42499,48.1805186],[16.4249341,48.1805102],[16.4249282,48.1805277]]]},"properties":{"voltage":"","name":""}},{"type":"Feature","geometry":{"type":"Polygon","coordinates":[[[16.4248634,48.180518],[16.4249192,48.1805264],[16.4249251,48.1805088],[16.4248693,48.1805005],[16.4248634,48.180518]]]},"properties":{"voltage":"","name":""}},{"type":"Feature","geometry":{"type":"Polygon","coordinates":[[[16.4435467,48.1787808],[16.4435896,48.1787736],[16.4435799,48.178748],[16.443537,48.1787552],[16.4435467,48.1787808]]]},"properties":{"voltage":"","name":""}},{"type":"Feature","geometry":{"type":"Polygon","coordinates":[[[15.7208519,48.4074394],[15.7208875,48.4074282],[15.7208766,48.4074129],[15.720841,48.4074241],[15.7208519,48.4074394]]]},"properties":{"voltage":"","name":""}},{"type":"Feature","geometry":{"type":"Polygon","coordinates":[[[15.7152453,48.3923503],[15.7152874,48.3923463],[15.7152836,48.3923282],[15.7152415,48.3923321],[15.7152453,48.3923503]]]},"properties":{"voltage":"","name":""}},{"type":"Feature","geometry":{"type":"Polygon","coordinates":[[[16.1181105,48.1524374],[16.1181612,48.1524335],[16.1181554,48.1523996],[16.1181047,48.1524034],[16.1181105,48.1524374]]]},"properties":{"voltage":"20000","name":""}},{"type":"Feature","geometry":{"type":"Polygon","coordinates":[[[16.1766401,48.1835033],[16.176704,48.1835177],[16.176682,48.183561],[16.1766181,48.1835466],[16.1766401,48.1835033]]]},"properties":{"voltage":"20000","name":""}},{"type":"Feature","geometry":{"type":"Polygon","coordinates":[[[16.1159849,48.1546301],[16.1159911,48.1545877],[16.1160685,48.1545927],[16.1160624,48.1546351],[16.1159849,48.1546301]]]},"properties":{"voltage":"20000","name":""}},{"type":"Feature","geometry":{"type":"Polygon","coordinates":[[[16.1200368,48.1653985],[16.1200742,48.165398],[16.1200737,48.1653775],[16.1200362,48.1653779],[16.1200368,48.1653985]]]},"properties":{"voltage":"20000","name":""}},{"type":"Feature","geometry":{"type":"Polygon","coordinates":[[[16.1247093,48.1683178],[16.1247471,48.168331],[16.1247596,48.168315],[16.1247218,48.1683018],[16.1247093,48.1683178]]]},"properties":{"voltage":"20000","name":""}},{"type":"Feature","geometry":{"type":"Polygon","coordinates":[[[16.1519437,48.1362928],[16.1519701,48.136291],[16.1519649,48.1362573],[16.1519385,48.1362591],[16.1519437,48.1362928]]]},"properties":{"voltage":"20000","name":""}},{"type":"Feature","geometry":{"type":"Polygon","coordinates":[[[16.2559734,48.0967562],[16.2560392,48.0967525],[16.2560286,48.096667],[16.2559627,48.0966707],[16.2559734,48.0967562]]]},"properties":{"voltage":"20000","name":""}},{"type":"Feature","geometry":{"type":"Polygon","coordinates":[[[16.297963,48.0997442],[16.2979201,48.0997981],[16.2979956,48.0998249],[16.2980386,48.099771],[16.297963,48.0997442]]]},"properties":{"voltage":"20000","name":""}},{"type":"Feature","geometry":{"type":"Polygon","coordinates":[[[16.6114236,48.1208112],[16.611504,48.1207931],[16.6114737,48.1207331],[16.6113933,48.1207512],[16.6114236,48.1208112]]]},"properties":{"voltage":"20000","name":""}},{"type":"Feature","geometry":{"type":"Polygon","coordinates":[[[16.5990621,48.1219901],[16.5991352,48.1219805],[16.5991274,48.1219539],[16.5990543,48.1219635],[16.5990621,48.1219901]]]},"properties":{"voltage":"20000","name":""}},{"type":"Feature","geometry":{"type":"Polygon","coordinates":[[[16.1039801,48.1638336],[16.1040134,48.1638004],[16.1039528,48.1637733],[16.1039194,48.1638064],[16.1039801,48.1638336]]]},"properties":{"voltage":"20000","name":""}},{"type":"Feature","geometry":{"type":"Polygon","coordinates":[[[16.1016282,48.1701569],[16.1016591,48.170141],[16.101671,48.1701514],[16.1016402,48.1701672],[16.1016282,48.1701569]]]},"properties":{"voltage":"20000","name":""}},{"type":"Feature","geometry":{"type":"Polygon","coordinates":[[[16.1281371,48.1685791],[16.1282038,48.1685788],[16.1282046,48.1686471],[16.1281379,48.1686475],[16.1281371,48.1685791]]]},"properties":{"voltage":"20000","name":""}},{"type":"Feature","geometry":{"type":"Polygon","coordinates":[[[16.1425905,48.1702493],[16.1425926,48.1702268],[16.1426634,48.1702297],[16.1426614,48.1702521],[16.1425905,48.1702493]]]},"properties":{"voltage":"20000","name":""}},{"type":"Feature","geometry":{"type":"Polygon","coordinates":[[[16.1518883,48.1739716],[16.1519477,48.1739842],[16.1519592,48.17396],[16.1518999,48.1739474],[16.1518883,48.1739716]]]},"properties":{"voltage":"20000","name":""}},{"type":"Feature","geometry":{"type":"Polygon","coordinates":[[[16.4598236,48.3319924],[16.4598098,48.332007],[16.4598476,48.3320228],[16.4598614,48.3320081],[16.4598236,48.3319924]]]},"properties":{"voltage":"20000","name":""}},{"type":"Feature","geometry":{"type":"Polygon","coordinates":[[[16.3623935,48.3086672],[16.3624787,48.30872],[16.3625177,48.3086921],[16.3624325,48.3086393],[16.3623935,48.3086672]]]},"properties":{"voltage":"20000","name":""}},{"type":"Feature","geometry":{"type":"Polygon","coordinates":[[[15.0833351,48.8442855],[15.0833626,48.8442894],[15.0833715,48.8442627],[15.0833441,48.8442588],[15.0833351,48.8442855]]]},"properties":{"voltage":"","name":""}},{"type":"Feature","geometry":{"type":"Polygon","coordinates":[[[16.5696398,48.0060775],[16.5696799,48.0060649],[16.5696666,48.0060459],[16.5696265,48.0060585],[16.5696398,48.0060775]]]},"properties":{"voltage":"20000","name":""}},{"type":"Feature","geometry":{"type":"Polygon","coordinates":[[[16.5807663,48.0157994],[16.5807861,48.0157861],[16.5808165,48.0158064],[16.5807967,48.0158197],[16.5807663,48.0157994]]]},"properties":{"voltage":"20000","name":""}},{"type":"Feature","geometry":{"type":"Polygon","coordinates":[[[16.5829936,48.0153226],[16.583038,48.0152966],[16.5830616,48.0153146],[16.5830172,48.0153406],[16.5829936,48.0153226]]]},"properties":{"voltage":"20000","name":""}},{"type":"Feature","geometry":{"type":"Polygon","coordinates":[[[16.5909754,48.0149952],[16.5910228,48.0149913],[16.5910197,48.0149745],[16.5909724,48.0149783],[16.5909754,48.0149952]]]},"properties":{"voltage":"20000","name":""}},{"type":"Feature","geometry":{"type":"Polygon","coordinates":[[[16.584183,48.0178561],[16.5842212,48.0178332],[16.584188,48.0178084],[16.5841498,48.0178312],[16.584183,48.0178561]]]},"properties":{"voltage":"20000","name":""}},{"type":"Feature","geometry":{"type":"Polygon","coordinates":[[[16.5712651,48.0219987],[16.5712498,48.0220146],[16.5712839,48.0220293],[16.5712992,48.0220135],[16.5712651,48.0219987]]]},"properties":{"voltage":"20000","name":""}},{"type":"Feature","geometry":{"type":"Polygon","coordinates":[[[16.588447,48.0244245],[16.5884731,48.0244153],[16.5884541,48.0243913],[16.588428,48.0244005],[16.588447,48.0244245]]]},"properties":{"voltage":"20000","name":""}},{"type":"Feature","geometry":{"type":"Polygon","coordinates":[[[16.5835518,48.0111279],[16.5835801,48.0111321],[16.5835903,48.0111018],[16.583562,48.0110975],[16.5835518,48.0111279]]]},"properties":{"voltage":"20000","name":""}},{"type":"Feature","geometry":{"type":"Polygon","coordinates":[[[16.5851736,48.0091286],[16.5851449,48.0091065],[16.5851765,48.009088],[16.5852053,48.0091102],[16.5851736,48.0091286]]]},"properties":{"voltage":"20000","name":""}},{"type":"Feature","geometry":{"type":"Polygon","coordinates":[[[16.2140929,48.0029562],[16.2141616,48.0029895],[16.2141995,48.0029544],[16.2141308,48.0029212],[16.2140929,48.0029562]]]},"properties":{"voltage":"20000","name":""}},{"type":"Feature","geometry":{"type":"Polygon","coordinates":[[[16.315302,48.0630354],[16.3153271,48.0630345],[16.3153245,48.0630043],[16.3152994,48.0630053],[16.315302,48.0630354]]]},"properties":{"voltage":"20000","name":""}},{"type":"Feature","geometry":{"type":"Polygon","coordinates":[[[16.3182499,48.0601642],[16.318321,48.0601586],[16.3183291,48.0602041],[16.3182579,48.0602097],[16.3182499,48.0601642]]]},"properties":{"voltage":"20000","name":""}},{"type":"Feature","geometry":{"type":"Polygon","coordinates":[[[16.2251334,48.0125571],[16.2251785,48.0125571],[16.2251785,48.0125333],[16.2251335,48.0125332],[16.2251334,48.0125571]]]},"properties":{"voltage":"20000","name":""}},{"type":"Feature","geometry":{"type":"Polygon","coordinates":[[[16.2279711,48.0096971],[16.2279693,48.0096687],[16.2279155,48.0096703],[16.2279175,48.0096996],[16.2279711,48.0096971]]]},"properties":{"voltage":"20000","name":""}},{"type":"Feature","geometry":{"type":"Polygon","coordinates":[[[16.5963473,48.0050509],[16.5963419,48.0050267],[16.5963942,48.0050215],[16.5963996,48.0050457],[16.5963473,48.0050509]]]},"properties":{"voltage":"20000","name":""}},{"type":"Feature","geometry":{"type":"Polygon","coordinates":[[[16.6506588,48.0041499],[16.6507048,48.0041509],[16.6507056,48.0041322],[16.6506596,48.0041313],[16.6506588,48.0041499]]]},"properties":{"voltage":"20000","name":""}},{"type":"Feature","geometry":{"type":"Polygon","coordinates":[[[16.7833278,48.017607],[16.7833504,48.0175815],[16.783376,48.0175916],[16.7833533,48.0176172],[16.7833278,48.017607]]]},"properties":{"voltage":"","name":""}},{"type":"Feature","geometry":{"type":"Polygon","coordinates":[[[16.7807793,48.0194208],[16.7808222,48.0193992],[16.7807928,48.0193732],[16.78075,48.0193948],[16.7807793,48.0194208]]]},"properties":{"voltage":"","name":""}},{"type":"Feature","geometry":{"type":"Polygon","coordinates":[[[16.2959528,48.0900923],[16.2962705,48.0900803],[16.2962633,48.0899949],[16.2959456,48.0900069],[16.2959528,48.0900923]]]},"properties":{"voltage":"20000","name":""}},{"type":"Feature","geometry":{"type":"Polygon","coordinates":[[[15.9385236,48.249732],[15.9385254,48.2496969],[15.9385687,48.249698],[15.9385668,48.249733],[15.9385236,48.249732]]]},"properties":{"voltage":"","name":""}},{"type":"Feature","geometry":{"type":"Polygon","coordinates":[[[16.4631351,48.1469534],[16.4632475,48.1469193],[16.4631725,48.1468683],[16.4630825,48.1469214],[16.4631351,48.1469534]]]},"properties":{"voltage":"","name":""}},{"type":"Feature","geometry":{"type":"Polygon","coordinates":[[[15.1345436,48.4256014],[15.1345852,48.4256016],[15.1345855,48.4255812],[15.1345439,48.4255809],[15.1345436,48.4256014]]]},"properties":{"voltage":"","name":""}},{"type":"Feature","geometry":{"type":"Polygon","coordinates":[[[15.0666091,48.7934332],[15.0666743,48.7934397],[15.0666814,48.7934086],[15.0666163,48.7934021],[15.0666091,48.7934332]]]},"properties":{"voltage":"","name":""}},{"type":"Feature","geometry":{"type":"Polygon","coordinates":[[[15.8625679,48.2842892],[15.8626181,48.2842912],[15.8626198,48.2842719],[15.8625696,48.2842699],[15.8625679,48.2842892]]]},"properties":{"voltage":"","name":""}},{"type":"Feature","geometry":{"type":"Polygon","coordinates":[[[17.1272597,48.1782136],[17.1273382,48.1782082],[17.1273308,48.1781456],[17.1272497,48.1781528],[17.1272597,48.1782136]]]},"properties":{"voltage":"","name":"Ts-179"}},{"type":"Feature","geometry":{"type":"Polygon","coordinates":[[[16.4426942,48.2383873],[16.4427752,48.2383954],[16.4427833,48.2383591],[16.4427038,48.2383511],[16.4426942,48.2383873]]]},"properties":{"voltage":"","name":""}},{"type":"Feature","geometry":{"type":"Polygon","coordinates":[[[16.360733,48.2704545],[16.3607641,48.2704178],[16.3607344,48.2704067],[16.3607034,48.2704434],[16.360733,48.2704545]]]},"properties":{"voltage":"","name":""}},{"type":"Feature","geometry":{"type":"Polygon","coordinates":[[[16.455193,48.1672035],[16.4551724,48.1671772],[16.4551945,48.1671694],[16.4552152,48.1671957],[16.455193,48.1672035]]]},"properties":{"voltage":"","name":""}},{"type":"Feature","geometry":{"type":"Polygon","coordinates":[[[16.4461478,48.1703585],[16.4461606,48.1703385],[16.4461885,48.1703465],[16.4461757,48.1703664],[16.4461478,48.1703585]]]},"properties":{"voltage":"","name":""}},{"type":"Feature","geometry":{"type":"Polygon","coordinates":[[[16.0654144,48.1496089],[16.0654448,48.1496086],[16.0654441,48.1495789],[16.0654138,48.1495792],[16.0654144,48.1496089]]]},"properties":{"voltage":"20000","name":""}},{"type":"Feature","geometry":{"type":"Polygon","coordinates":[[[16.0816365,48.1544948],[16.0816799,48.1544919],[16.0816769,48.1544726],[16.0816336,48.1544755],[16.0816365,48.1544948]]]},"properties":{"voltage":"20000","name":""}},{"type":"Feature","geometry":{"type":"Polygon","coordinates":[[[16.0734299,48.1584577],[16.0734487,48.1584379],[16.0734712,48.1584473],[16.0734524,48.1584671],[16.0734299,48.1584577]]]},"properties":{"voltage":"20000","name":""}},{"type":"Feature","geometry":{"type":"Polygon","coordinates":[[[17.1445915,48.2485508],[17.1446086,48.2485387],[17.1445871,48.2485253],[17.1445701,48.2485374],[17.1445915,48.2485508]]]},"properties":{"voltage":"","name":"Ts-2038"}},{"type":"Feature","geometry":{"type":"Polygon","coordinates":[[[16.4031427,48.6142168],[16.4031842,48.6142076],[16.4031699,48.6141792],[16.4031284,48.6141884],[16.4031427,48.6142168]]]},"properties":{"voltage":"","name":""}},{"type":"Feature","geometry":{"type":"Polygon","coordinates":[[[16.1670545,48.1988532],[16.1671193,48.1988405],[16.1671051,48.1988083],[16.1670403,48.198821],[16.1670545,48.1988532]]]},"properties":{"voltage":"20000","name":""}},{"type":"Feature","geometry":{"type":"Polygon","coordinates":[[[16.727966,48.9337708],[16.728018,48.9337927],[16.7280576,48.9337522],[16.7280056,48.9337303],[16.7279875,48.9337488],[16.727966,48.9337708]]]},"properties":{"voltage":"","name":""}},{"type":"Feature","geometry":{"type":"Polygon","coordinates":[[[16.7708917,48.9079301],[16.770924,48.9079272],[16.7709195,48.9079052],[16.7709027,48.9079067],[16.7708872,48.9079081],[16.7708917,48.9079301]]]},"properties":{"voltage":"22000;400","name":"Zd\u011bn\u00e1"}},{"type":"Feature","geometry":{"type":"Polygon","coordinates":[[[16.4207965,48.1272284],[16.4207969,48.1271874],[16.420866,48.1271873],[16.4208656,48.1272282],[16.4207965,48.1272284]]]},"properties":{"voltage":"","name":""}},{"type":"Feature","geometry":{"type":"Polygon","coordinates":[[[16.2064177,48.1184428],[16.206259,48.1184166],[16.2062783,48.1183643],[16.2064371,48.1183905],[16.2064177,48.1184428]]]},"properties":{"voltage":"","name":""}},{"type":"Feature","geometry":{"type":"Polygon","coordinates":[[[15.1924164,48.845146],[15.1924605,48.8451456],[15.1924605,48.8451179],[15.1924171,48.8451175],[15.1924164,48.845146]]]},"properties":{"voltage":"","name":""}},{"type":"Feature","geometry":{"type":"Polygon","coordinates":[[[16.3594189,48.3668196],[16.3594353,48.366843],[16.3594583,48.3668359],[16.3594419,48.3668124],[16.3594189,48.3668196]]]},"properties":{"voltage":"","name":"TST Stetten Industriegebiet"}},{"type":"Feature","geometry":{"type":"Polygon","coordinates":[[[16.3553896,48.3675056],[16.3554031,48.3675237],[16.3553639,48.3675366],[16.3553504,48.3675185],[16.3553896,48.3675056]]]},"properties":{"voltage":"","name":"TST Tresdorf Gewerbepark"}},{"type":"Feature","geometry":{"type":"Polygon","coordinates":[[[16.3519504,48.3682238],[16.3519733,48.3682147],[16.3519519,48.3681909],[16.351929,48.3682],[16.3519504,48.3682238]]]},"properties":{"voltage":"","name":"TST Tresdorf Grimmstra\u00dfe"}},{"type":"Feature","geometry":{"type":"Polygon","coordinates":[[[15.3205363,48.0485052],[15.3205507,48.0484884],[15.3205853,48.0485016],[15.3205709,48.0485184],[15.3205363,48.0485052]]]},"properties":{"voltage":"","name":""}},{"type":"Feature","geometry":{"type":"Polygon","coordinates":[[[16.4566975,48.2209245],[16.4567344,48.2210686],[16.4569017,48.2210587],[16.4571041,48.2210446],[16.4570635,48.2208849],[16.4568639,48.2209078],[16.4566975,48.2209245]]]},"properties":{"voltage":"","name":"Unterwerk Hardeggasse"}},{"type":"Feature","geometry":{"type":"Polygon","coordinates":[[[16.0691835,48.1830806],[16.0691564,48.1830483],[16.0692172,48.1830257],[16.0692443,48.183058],[16.0691835,48.1830806]]]},"properties":{"voltage":"","name":""}},{"type":"Feature","geometry":{"type":"Polygon","coordinates":[[[16.7254735,48.3368795],[16.7254192,48.3368866],[16.7254053,48.3368401],[16.7254596,48.3368329],[16.725467,48.3368576],[16.7254735,48.3368795]]]},"properties":{"voltage":"","name":""}},{"type":"Feature","geometry":{"type":"Polygon","coordinates":[[[16.7324319,48.3418274],[16.7323922,48.3417972],[16.7324189,48.3417817],[16.7324586,48.3418118],[16.7324319,48.3418274]]]},"properties":{"voltage":"","name":""}},{"type":"Feature","geometry":{"type":"Polygon","coordinates":[[[16.2946194,48.2151902],[16.2946328,48.2151751],[16.2946684,48.215189],[16.294655,48.2152042],[16.2946194,48.2151902]]]},"properties":{"voltage":"","name":""}},{"type":"Feature","geometry":{"type":"Polygon","coordinates":[[[16.3295721,48.0777218],[16.3296073,48.0777143],[16.329585,48.0776672],[16.3295497,48.0776746],[16.3295721,48.0777218]]]},"properties":{"voltage":"20000","name":""}},{"type":"Feature","geometry":{"type":"Polygon","coordinates":[[[16.0163958,48.3165221],[16.0164632,48.3165042],[16.0164486,48.3164799],[16.0163812,48.3164978],[16.0163958,48.3165221]]]},"properties":{"voltage":"20000;400","name":"TST Asparn Lutz"}},{"type":"Feature","geometry":{"type":"Polygon","coordinates":[[[15.2959545,48.8314745],[15.2960085,48.8314861],[15.2960243,48.831454],[15.2959703,48.8314425],[15.2959545,48.8314745]]]},"properties":{"voltage":"","name":""}},{"type":"Feature","geometry":{"type":"Polygon","coordinates":[[[16.0039551,48.7667837],[16.0039895,48.7667729],[16.0040125,48.7668047],[16.0039781,48.7668155],[16.0039551,48.7667837]]]},"properties":{"voltage":"20000;400","name":""}},{"type":"Feature","geometry":{"type":"Polygon","coordinates":[[[16.0835678,48.7028751],[16.0835916,48.7028724],[16.0835985,48.7028996],[16.0835747,48.7029023],[16.0835678,48.7028751]]]},"properties":{"voltage":"20000;400","name":"TST Haugsdorf Billa"}},{"type":"Feature","geometry":{"type":"Polygon","coordinates":[[[16.0641361,48.7535855],[16.064167,48.7535806],[16.0641748,48.7536022],[16.0641439,48.7536071],[16.0641399,48.7535961],[16.0641361,48.7535855]]]},"properties":{"voltage":"20000;400","name":"TST Kleinhaugsdorf"}},{"type":"Feature","geometry":{"type":"Polygon","coordinates":[[[16.1075533,48.7082949],[16.1075935,48.7083009],[16.107587,48.70832],[16.1075467,48.708314],[16.1075533,48.7082949]]]},"properties":{"voltage":"20000;400","name":"TST Alberndorf OST"}},{"type":"Feature","geometry":{"type":"Polygon","coordinates":[[[15.9771304,48.7860548],[15.9771841,48.7860906],[15.9771529,48.7861109],[15.9770991,48.7860751],[15.9771304,48.7860548]]]},"properties":{"voltage":"20000;400","name":""}},{"type":"Feature","geometry":{"type":"Polygon","coordinates":[[[16.1001803,48.6297306],[16.1002132,48.6297204],[16.1002291,48.6297429],[16.1001962,48.6297531],[16.1001803,48.6297306]]]},"properties":{"voltage":"20000;400","name":""}},{"type":"Feature","geometry":{"type":"Polygon","coordinates":[[[16.097801,48.627735],[16.0978377,48.6277287],[16.0978447,48.6277466],[16.097808,48.6277529],[16.097801,48.627735]]]},"properties":{"voltage":"20000;400","name":""}},{"type":"Feature","geometry":{"type":"Polygon","coordinates":[[[16.1236491,48.7064086],[16.1236884,48.7064313],[16.1236579,48.7064542],[16.1236186,48.7064315],[16.1236491,48.7064086]]]},"properties":{"voltage":"20000;400","name":"TST Untermarkersdorf Ost"}},{"type":"Feature","geometry":{"type":"Polygon","coordinates":[[[16.1283475,48.7182421],[16.1283822,48.7182447],[16.128378,48.7182691],[16.1283433,48.7182665],[16.1283454,48.7182541],[16.1283475,48.7182421]]]},"properties":{"voltage":"20000;400","name":"TST Hadres Kellergasse"}},{"type":"Feature","geometry":{"type":"Polygon","coordinates":[[[16.1133479,48.713581],[16.1133896,48.7135811],[16.1133897,48.7135558],[16.1133481,48.7135557],[16.1133479,48.713581]]]},"properties":{"voltage":"20000;400","name":"TST Untermarkersdorf Kellergasse"}},{"type":"Feature","geometry":{"type":"Polygon","coordinates":[[[16.0090243,48.7629265],[16.0090723,48.7629678],[16.009043,48.7629826],[16.0089949,48.7629413],[16.0090243,48.7629265]]]},"properties":{"voltage":"20000;400","name":""}},{"type":"Feature","geometry":{"type":"Polygon","coordinates":[[[16.1748896,48.4292554],[16.1749099,48.429252],[16.1749022,48.4292317],[16.1748819,48.4292351],[16.1748896,48.4292554]]]},"properties":{"voltage":"","name":""}},{"type":"Feature","geometry":{"type":"Polygon","coordinates":[[[16.4544364,48.2640103],[16.4544871,48.2640431],[16.4545193,48.264021],[16.4544687,48.2639882],[16.4544364,48.2640103]]]},"properties":{"voltage":"","name":""}},{"type":"Feature","geometry":{"type":"Polygon","coordinates":[[[16.1042512,48.7044962],[16.1042741,48.7044975],[16.1042708,48.7045227],[16.1042478,48.7045214],[16.1042512,48.7044962]]]},"properties":{"voltage":"20000;400","name":"TST Alberndorf Hainburgersiedlung"}},{"type":"Feature","geometry":{"type":"Polygon","coordinates":[[[16.0788731,48.70315],[16.0789065,48.7031475],[16.0789116,48.7031764],[16.0788781,48.703179],[16.0788731,48.70315]]]},"properties":{"voltage":"20000;400","name":"TST Haugsdorf Berggasse"}},{"type":"Feature","geometry":{"type":"Polygon","coordinates":[[[16.1305435,48.7093059],[16.130588,48.7092948],[16.1306026,48.7093203],[16.1305581,48.7093314],[16.1305435,48.7093059]]]},"properties":{"voltage":"20000;400","name":"TST Hadres Mitte"}},{"type":"Feature","geometry":{"type":"Polygon","coordinates":[[[16.0794027,48.7110793],[16.0794062,48.711065],[16.0794101,48.7110491],[16.0793668,48.7110443],[16.0793592,48.7110745],[16.0794027,48.7110793]]]},"properties":{"voltage":"20000;400","name":"TST Haugsdorf 2"}},{"type":"Feature","geometry":{"type":"Polygon","coordinates":[[[16.0593587,48.7097511],[16.0593514,48.7097206],[16.0593082,48.7097249],[16.0593117,48.7097397],[16.0593154,48.7097555],[16.0593587,48.7097511]]]},"properties":{"voltage":"20000;400","name":"TST Jetzelsdorf 2"}},{"type":"Feature","geometry":{"type":"Polygon","coordinates":[[[16.0985231,48.7028605],[16.0985466,48.7028719],[16.0985215,48.7028946],[16.0984979,48.7028833],[16.0985231,48.7028605]]]},"properties":{"voltage":"20000;400","name":"TST Alberndorf Bundesstra\u00dfe"}},{"type":"Feature","geometry":{"type":"Polygon","coordinates":[[[16.1310112,48.7122974],[16.1310557,48.7123027],[16.1310477,48.7123319],[16.1310032,48.7123267],[16.1310112,48.7122974]]]},"properties":{"voltage":"20000;400","name":"TST Hadres Feuerwehrhaus"}},{"type":"Feature","geometry":{"type":"Polygon","coordinates":[[[16.1247353,48.7078397],[16.1247292,48.7078091],[16.1246854,48.7078127],[16.1246914,48.7078434],[16.1247353,48.7078397]]]},"properties":{"voltage":"20000;400","name":""}},{"type":"Feature","geometry":{"type":"Polygon","coordinates":[[[16.0539274,48.6480058],[16.0539155,48.6479852],[16.053886,48.6479927],[16.0538979,48.6480133],[16.0539274,48.6480058]]]},"properties":{"voltage":"20000;400","name":"TST Guntersdorf 1"}},{"type":"Feature","geometry":{"type":"Polygon","coordinates":[[[16.0428326,48.6517558],[16.0428167,48.6517453],[16.0427904,48.6517627],[16.0428063,48.6517732],[16.0428326,48.6517558]]]},"properties":{"voltage":"20000;400","name":"TST Guntersdorf Sportplatzgasse"}},{"type":"Feature","geometry":{"type":"Polygon","coordinates":[[[16.0854368,48.6418721],[16.0854673,48.6418534],[16.0854491,48.6418404],[16.0854185,48.6418591],[16.0854368,48.6418721]]]},"properties":{"voltage":"20000;400","name":"TST Kalladorf"}},{"type":"Feature","geometry":{"type":"Polygon","coordinates":[[[16.0734008,48.6172883],[16.0734108,48.6172681],[16.0733759,48.6172605],[16.0733658,48.6172807],[16.0734008,48.6172883]]]},"properties":{"voltage":"20000;400","name":""}},{"type":"Feature","geometry":{"type":"Polygon","coordinates":[[[16.0489138,48.6444607],[16.0489078,48.6444503],[16.0489019,48.6444401],[16.0488724,48.6444476],[16.0488843,48.6444682],[16.0489138,48.6444607]]]},"properties":{"voltage":"20000;400","name":""}},{"type":"Feature","geometry":{"type":"Polygon","coordinates":[[[16.069944,48.6012299],[16.0699323,48.6011864],[16.0698913,48.6011912],[16.069903,48.6012347],[16.0699234,48.6012323],[16.069944,48.6012299]]]},"properties":{"voltage":"20000;400","name":""}},{"type":"Feature","geometry":{"type":"Polygon","coordinates":[[[15.9955411,48.7690397],[15.9955999,48.7690532],[15.9955807,48.7690909],[15.9955213,48.7690773],[15.9955411,48.7690397]]]},"properties":{"voltage":"20000;400","name":""}},{"type":"Feature","geometry":{"type":"Polygon","coordinates":[[[16.3963286,48.1552887],[16.396382,48.1552988],[16.3964052,48.1552447],[16.3963785,48.1552396],[16.3963518,48.1552345],[16.3963286,48.1552887]]]},"properties":{"voltage":"","name":""}},{"type":"Feature","geometry":{"type":"Polygon","coordinates":[[[16.0992061,48.5057131],[16.0992316,48.5057067],[16.0992465,48.505733],[16.099221,48.5057394],[16.0992061,48.5057131]]]},"properties":{"voltage":"20000;400","name":""}},{"type":"Feature","geometry":{"type":"Polygon","coordinates":[[[16.1059493,48.5044384],[16.1059842,48.5044306],[16.1060045,48.5044705],[16.1059695,48.5044783],[16.1059493,48.5044384]]]},"properties":{"voltage":"20000;400","name":""}},{"type":"Feature","geometry":{"type":"Polygon","coordinates":[[[16.1152476,48.4952824],[16.1152255,48.4952747],[16.1152456,48.4952494],[16.1152677,48.4952572],[16.1152476,48.4952824]]]},"properties":{"voltage":"20000;400","name":"TST G\u00f6llersdorf Hollabrunnerstra\u00dfe"}},{"type":"Feature","geometry":{"type":"Polygon","coordinates":[[[16.024965,48.7036351],[16.0249979,48.7036351],[16.024998,48.7036586],[16.024965,48.7036586],[16.024965,48.7036472],[16.024965,48.7036351]]]},"properties":{"voltage":"20000;400","name":""}},{"type":"Feature","geometry":{"type":"Polygon","coordinates":[[[16.0062216,48.6996301],[16.006249,48.6996312],[16.0062461,48.6996618],[16.0062187,48.6996607],[16.0062216,48.6996301]]]},"properties":{"voltage":"20000;400","name":""}},{"type":"Feature","geometry":{"type":"Polygon","coordinates":[[[16.0203381,48.7006473],[16.0203748,48.7006342],[16.0203876,48.7006497],[16.0203508,48.7006629],[16.0203381,48.7006473]]]},"properties":{"voltage":"20000;400","name":""}},{"type":"Feature","geometry":{"type":"Polygon","coordinates":[[[16.0143462,48.6993376],[16.0143445,48.6993217],[16.0143909,48.6993197],[16.0143925,48.6993356],[16.0143462,48.6993376]]]},"properties":{"voltage":"20000;400","name":""}},{"type":"Feature","geometry":{"type":"Polygon","coordinates":[[[16.1010001,48.6999582],[16.1010351,48.6999725],[16.1010196,48.6999893],[16.1009845,48.699975],[16.1010001,48.6999582]]]},"properties":{"voltage":"20000;400","name":"TST Alberndorf Seetra\u00dfe"}},{"type":"Feature","geometry":{"type":"Polygon","coordinates":[[[16.1161946,48.7101163],[16.1162361,48.7101175],[16.1162349,48.7101372],[16.1161933,48.710136],[16.1161946,48.7101163]]]},"properties":{"voltage":"20000;400","name":"TST Untermarkersdorf Mitte"}},{"type":"Feature","geometry":{"type":"Polygon","coordinates":[[[16.390922,48.7182528],[16.390949,48.7182611],[16.3909307,48.7182869],[16.3909037,48.7182786],[16.390922,48.7182528]]]},"properties":{"voltage":"20000;400","name":""}},{"type":"Feature","geometry":{"type":"Polygon","coordinates":[[[16.2160915,48.7025494],[16.2160912,48.7025688],[16.2160478,48.7025686],[16.2160481,48.7025491],[16.2160915,48.7025494]]]},"properties":{"voltage":"20000;400","name":""}},{"type":"Feature","geometry":{"type":"Polygon","coordinates":[[[16.2321953,48.7034052],[16.2322248,48.7034102],[16.2322137,48.7034385],[16.2321842,48.7034335],[16.2321953,48.7034052]]]},"properties":{"voltage":"20000;400","name":"TST Zwingendorf 1"}},{"type":"Feature","geometry":{"type":"Polygon","coordinates":[[[16.2418716,48.7072416],[16.2419046,48.7072511],[16.2418966,48.7072631],[16.2418898,48.7072734],[16.2418568,48.7072639],[16.2418716,48.7072416]]]},"properties":{"voltage":"20000;400","name":""}},{"type":"Feature","geometry":{"type":"Polygon","coordinates":[[[16.3756821,48.7127164],[16.3757112,48.7127171],[16.3757096,48.712745],[16.3756805,48.7127443],[16.3756821,48.7127164]]]},"properties":{"voltage":"20000;400","name":""}},{"type":"Feature","geometry":{"type":"Polygon","coordinates":[[[16.3584887,48.2228235],[16.3585316,48.2227772],[16.3584612,48.2227483],[16.3584397,48.2227709],[16.3584175,48.2227943],[16.3584887,48.2228235]]]},"properties":{"voltage":"","name":""}},{"type":"Feature","geometry":{"type":"Polygon","coordinates":[[[15.9500047,48.7494357],[15.9500028,48.7494158],[15.9499598,48.7494173],[15.9499617,48.7494372],[15.9500047,48.7494357]]]},"properties":{"voltage":"20000;400","name":""}},{"type":"Feature","geometry":{"type":"Polygon","coordinates":[[[15.9248954,48.6939709],[15.9248799,48.6939538],[15.9248429,48.6939683],[15.9248584,48.6939854],[15.9248954,48.6939709]]]},"properties":{"voltage":"20000;400","name":""}},{"type":"Feature","geometry":{"type":"Polygon","coordinates":[[[15.8854326,48.6985113],[15.8854377,48.698532],[15.8854009,48.698536],[15.8853957,48.6985153],[15.8854326,48.6985113]]]},"properties":{"voltage":"20000;400","name":""}},{"type":"Feature","geometry":{"type":"Polygon","coordinates":[[[16.0267442,48.7273331],[16.0267528,48.7273083],[16.0266984,48.7273],[16.0266897,48.7273248],[16.0267442,48.7273331]]]},"properties":{"voltage":"20000;400","name":""}},{"type":"Feature","geometry":{"type":"Polygon","coordinates":[[[15.9412594,48.745225],[15.9412356,48.7452372],[15.9412613,48.7452598],[15.9412851,48.7452476],[15.9412594,48.745225]]]},"properties":{"voltage":"20000;400","name":""}},{"type":"Feature","geometry":{"type":"Polygon","coordinates":[[[15.850116,48.6972368],[15.8501169,48.6972252],[15.8501179,48.6972115],[15.8500824,48.6972103],[15.8500804,48.6972356],[15.850116,48.6972368]]]},"properties":{"voltage":"20000;400","name":""}},{"type":"Feature","geometry":{"type":"Polygon","coordinates":[[[15.9075339,48.7195653],[15.9075085,48.7195547],[15.9074858,48.7195785],[15.9075111,48.7195891],[15.9075339,48.7195653]]]},"properties":{"voltage":"20000;400","name":"TST Schrattenthal Siedlung"}},{"type":"Feature","geometry":{"type":"Polygon","coordinates":[[[15.9450921,48.7483972],[15.9450919,48.748377],[15.9450488,48.7483771],[15.9450489,48.7483972],[15.9450921,48.7483972]]]},"properties":{"voltage":"20000;400","name":"TST Obernalb 2"}},{"type":"Feature","geometry":{"type":"Polygon","coordinates":[[[15.909907,48.7132522],[15.9098715,48.713249],[15.9098666,48.7132729],[15.909902,48.7132761],[15.909907,48.7132522]]]},"properties":{"voltage":"20000;400","name":"TST Schrattenthal 1"}},{"type":"Feature","geometry":{"type":"Polygon","coordinates":[[[15.8316907,48.6974248],[15.8316611,48.6974282],[15.8316676,48.6974562],[15.8316972,48.6974528],[15.8316907,48.6974248]]]},"properties":{"voltage":"20000;400","name":""}},{"type":"Feature","geometry":{"type":"Polygon","coordinates":[[[16.2050663,48.3363295],[16.2051007,48.3363274],[16.2050968,48.3362996],[16.2050624,48.3363017],[16.2050663,48.3363295]]]},"properties":{"voltage":"20000;400","name":""}},{"type":"Feature","geometry":{"type":"Polygon","coordinates":[[[17.0643465,48.626756],[17.0649426,48.6262691],[17.0652198,48.6264219],[17.0672971,48.6275665],[17.0666925,48.6280477],[17.0643465,48.626756]]]},"properties":{"voltage":"110000","name":""}},{"type":"Feature","geometry":{"type":"Polygon","coordinates":[[[17.0946182,48.1183337],[17.0946478,48.1183227],[17.0946515,48.118327],[17.0946769,48.1183178],[17.0945817,48.1182007],[17.0945266,48.1182212],[17.0946182,48.1183337]]]},"properties":{"voltage":"","name":""}},{"type":"Feature","geometry":{"type":"Polygon","coordinates":[[[15.4497958,48.5887116],[15.449865,48.588713],[15.4498668,48.5886745],[15.4497975,48.5886731],[15.4497958,48.5887116]]]},"properties":{"voltage":"","name":""}},{"type":"Feature","geometry":{"type":"Polygon","coordinates":[[[16.4323513,48.1386468],[16.4324283,48.138645],[16.4324986,48.1386433],[16.4324926,48.1385305],[16.4323454,48.138534],[16.4323513,48.1386468]]]},"properties":{"voltage":"","name":""}},{"type":"Feature","geometry":{"type":"Polygon","coordinates":[[[16.4323659,48.1389343],[16.4324421,48.1389324],[16.4325106,48.1389306],[16.432504,48.1388156],[16.4323593,48.1388193],[16.4323659,48.1389343]]]},"properties":{"voltage":"","name":""}},{"type":"Feature","geometry":{"type":"Polygon","coordinates":[[[15.8974976,48.1096543],[15.8975224,48.1096554],[15.8975215,48.1096652],[15.8974966,48.1096642],[15.8974976,48.1096543]]]},"properties":{"voltage":"20000","name":""}},{"type":"Feature","geometry":{"type":"Polygon","coordinates":[[[15.8968419,48.1038659],[15.8968879,48.1038612],[15.8968836,48.1038423],[15.8968376,48.103847],[15.8968419,48.1038659]]]},"properties":{"voltage":"20000","name":""}},{"type":"Feature","geometry":{"type":"Polygon","coordinates":[[[15.8848442,48.1161218],[15.8848708,48.1161278],[15.8848869,48.1160964],[15.8848602,48.1160903],[15.8848442,48.1161218]]]},"properties":{"voltage":"20000","name":""}},{"type":"Feature","geometry":{"type":"Polygon","coordinates":[[[15.8822265,48.1107194],[15.8822375,48.1107363],[15.8822769,48.1107249],[15.8822659,48.110708],[15.8822265,48.1107194]]]},"properties":{"voltage":"20000","name":""}},{"type":"Feature","geometry":{"type":"Polygon","coordinates":[[[15.8811058,48.1035069],[15.8811248,48.1035064],[15.8811236,48.1034879],[15.8811046,48.1034884],[15.8811058,48.1035069]]]},"properties":{"voltage":"20000","name":""}},{"type":"Feature","geometry":{"type":"Polygon","coordinates":[[[15.9203618,48.082057],[15.9203637,48.0820909],[15.9202859,48.0820929],[15.920284,48.0820591],[15.9203618,48.082057]]]},"properties":{"voltage":"20000","name":""}},{"type":"Feature","geometry":{"type":"Polygon","coordinates":[[[15.8864408,48.0951795],[15.8864862,48.0951801],[15.8864866,48.0951671],[15.8864412,48.0951664],[15.8864408,48.0951795]]]},"properties":{"voltage":"20000","name":""}},{"type":"Feature","geometry":{"type":"Polygon","coordinates":[[[15.877437,48.0950485],[15.877466,48.0950488],[15.8774666,48.0950151],[15.8774377,48.0950149],[15.877437,48.0950485]]]},"properties":{"voltage":"20000","name":""}},{"type":"Feature","geometry":{"type":"Polygon","coordinates":[[[15.8676849,48.0875342],[15.867716,48.0875537],[15.8677364,48.0875392],[15.8677052,48.0875197],[15.8676849,48.0875342]]]},"properties":{"voltage":"20000","name":""}},{"type":"Feature","geometry":{"type":"Polygon","coordinates":[[[16.8976591,48.9185384],[16.8977082,48.9185417],[16.8977118,48.918519],[16.8976626,48.9185156],[16.8976591,48.9185384]]]},"properties":{"voltage":"","name":"Vrbice U kostela"}},{"type":"Feature","geometry":{"type":"Polygon","coordinates":[[[16.7566755,48.3527505],[16.75666,48.3527273],[16.7566814,48.352721],[16.7566968,48.3527442],[16.7566755,48.3527505]]]},"properties":{"voltage":"20000","name":""}},{"type":"Feature","geometry":{"type":"Polygon","coordinates":[[[15.4043399,48.2972713],[15.4043652,48.2972708],[15.4043664,48.297296],[15.404341,48.2972965],[15.4043399,48.2972713]]]},"properties":{"voltage":"20000;400","name":""}},{"type":"Feature","geometry":{"type":"Polygon","coordinates":[[[15.5877606,48.403652],[15.5877804,48.4036314],[15.5878086,48.4036434],[15.5877888,48.4036639],[15.5877606,48.403652]]]},"properties":{"voltage":"20000;400","name":""}},{"type":"Feature","geometry":{"type":"Polygon","coordinates":[[[15.0532686,48.1935274],[15.0532875,48.1935421],[15.0532537,48.1935615],[15.0532348,48.1935468],[15.0532686,48.1935274]]]},"properties":{"voltage":"20000;400","name":"TST Donaudorf"}},{"type":"Feature","geometry":{"type":"Polygon","coordinates":[[[15.0365632,48.1939923],[15.0365882,48.1939779],[15.0366211,48.1940033],[15.0365961,48.1940177],[15.0365632,48.1939923]]]},"properties":{"voltage":"20000;400","name":""}},{"type":"Feature","geometry":{"type":"Polygon","coordinates":[[[15.3885632,48.8940949],[15.3885936,48.8940854],[15.3885787,48.8940649],[15.3885484,48.8940745],[15.3885632,48.8940949]]]},"properties":{"voltage":"","name":""}},{"type":"Feature","geometry":{"type":"Polygon","coordinates":[[[16.2672363,48.1750033],[16.2673195,48.1750116],[16.2673296,48.1749661],[16.2672464,48.1749579],[16.2672363,48.1750033]]]},"properties":{"voltage":"","name":""}},{"type":"Feature","geometry":{"type":"Polygon","coordinates":[[[15.380143,48.9040124],[15.3801232,48.9039938],[15.3801536,48.9039799],[15.3801734,48.9039985],[15.380143,48.9040124]]]},"properties":{"voltage":"","name":""}},{"type":"Feature","geometry":{"type":"Polygon","coordinates":[[[16.2352908,48.0129756],[16.2353241,48.0129683],[16.2353028,48.0129249],[16.2352695,48.0129322],[16.2352908,48.0129756]]]},"properties":{"voltage":"20000","name":""}},{"type":"Feature","geometry":{"type":"Polygon","coordinates":[[[16.29974,48.0142778],[16.299791,48.014235],[16.299838,48.0142599],[16.2997872,48.0143028],[16.29974,48.0142778]]]},"properties":{"voltage":"20000","name":""}},{"type":"Feature","geometry":{"type":"Polygon","coordinates":[[[16.2971151,48.0124877],[16.2971515,48.0125078],[16.2972065,48.0124632],[16.2971701,48.0124431],[16.2971151,48.0124877]]]},"properties":{"voltage":"20000","name":""}},{"type":"Feature","geometry":{"type":"Polygon","coordinates":[[[16.5379115,48.2305867],[16.5379811,48.2305859],[16.5379804,48.2305615],[16.5379108,48.2305623],[16.5379115,48.2305867]]]},"properties":{"voltage":"","name":""}},{"type":"Feature","geometry":{"type":"Polygon","coordinates":[[[16.3514845,48.085068],[16.3515312,48.0850789],[16.3515628,48.0850182],[16.3515161,48.0850074],[16.3514845,48.085068]]]},"properties":{"voltage":"20000","name":""}},{"type":"Feature","geometry":{"type":"Polygon","coordinates":[[[16.3494026,48.0854189],[16.3494868,48.085412],[16.3494928,48.0854448],[16.3494087,48.0854517],[16.3494026,48.0854189]]]},"properties":{"voltage":"20000","name":""}},{"type":"Feature","geometry":{"type":"Polygon","coordinates":[[[16.3487317,48.0861868],[16.3487289,48.0861668],[16.3486819,48.0861698],[16.3486847,48.0861897],[16.3487317,48.0861868]]]},"properties":{"voltage":"20000","name":""}},{"type":"Feature","geometry":{"type":"Polygon","coordinates":[[[16.3468046,48.0894188],[16.3468705,48.0894092],[16.3468553,48.0893626],[16.3467894,48.0893723],[16.3468046,48.0894188]]]},"properties":{"voltage":"20000","name":""}},{"type":"Feature","geometry":{"type":"Polygon","coordinates":[[[16.3528803,48.0883796],[16.3528728,48.0883383],[16.3529521,48.088332],[16.3529595,48.0883733],[16.3528803,48.0883796]]]},"properties":{"voltage":"20000","name":""}},{"type":"Feature","geometry":{"type":"Polygon","coordinates":[[[16.3550125,48.083759],[16.3551258,48.0837522],[16.3551319,48.0837976],[16.3550186,48.0838044],[16.3550125,48.083759]]]},"properties":{"voltage":"20000","name":""}},{"type":"Feature","geometry":{"type":"Polygon","coordinates":[[[16.3540777,48.0827179],[16.3540826,48.0827177],[16.3541249,48.0827159],[16.3541196,48.082662],[16.3540724,48.0826641],[16.3540777,48.0827179]]]},"properties":{"voltage":"20000","name":""}},{"type":"Feature","geometry":{"type":"Polygon","coordinates":[[[16.337992,48.084236],[16.3379902,48.0842024],[16.3380385,48.0842013],[16.3380402,48.0842349],[16.337992,48.084236]]]},"properties":{"voltage":"20000","name":""}},{"type":"Feature","geometry":{"type":"Polygon","coordinates":[[[17.089608,48.1422433],[17.0895782,48.1421711],[17.0896794,48.1421525],[17.0897028,48.1422092],[17.0896716,48.1422149],[17.089678,48.1422305],[17.089608,48.1422433]]]},"properties":{"voltage":"","name":"TS-216"}},{"type":"Feature","geometry":{"type":"Polygon","coordinates":[[[16.0552836,48.0421065],[16.055307,48.0420971],[16.0552849,48.0420725],[16.0552615,48.0420819],[16.0552836,48.0421065]]]},"properties":{"voltage":"20000","name":""}},{"type":"Feature","geometry":{"type":"Polygon","coordinates":[[[16.0532443,48.0456596],[16.0532465,48.0456414],[16.0531999,48.045639],[16.0531978,48.0456571],[16.0532443,48.0456596]]]},"properties":{"voltage":"20000","name":""}},{"type":"Feature","geometry":{"type":"Polygon","coordinates":[[[16.0525108,48.0508363],[16.0525118,48.0508095],[16.0525129,48.0507801],[16.0524302,48.0507787],[16.052428,48.0508349],[16.0525108,48.0508363]]]},"properties":{"voltage":"20000","name":""}},{"type":"Feature","geometry":{"type":"Polygon","coordinates":[[[16.261138,48.3384208],[16.2611247,48.3383959],[16.2610622,48.3384107],[16.2610755,48.3384355],[16.261138,48.3384208]]]},"properties":{"voltage":"20000","name":""}},{"type":"Feature","geometry":{"type":"Polygon","coordinates":[[[16.4883557,48.2206506],[16.4884188,48.2206389],[16.4884017,48.2205977],[16.4883386,48.2206094],[16.4883557,48.2206506]]]},"properties":{"voltage":"","name":""}},{"type":"Feature","geometry":{"type":"Polygon","coordinates":[[[16.4874648,48.2396454],[16.4874043,48.239634],[16.4873879,48.2396728],[16.4874483,48.2396841],[16.4874648,48.2396454]]]},"properties":{"voltage":"","name":""}},{"type":"Feature","geometry":{"type":"Polygon","coordinates":[[[16.1758633,48.1539869],[16.1758556,48.1539538],[16.1757532,48.1539644],[16.175761,48.1539975],[16.1758633,48.1539869]]]},"properties":{"voltage":"20000","name":""}},{"type":"Feature","geometry":{"type":"Polygon","coordinates":[[[16.1729364,48.155774],[16.1729304,48.1557457],[16.1728652,48.1557519],[16.1728712,48.1557802],[16.1729364,48.155774]]]},"properties":{"voltage":"20000","name":""}},{"type":"Feature","geometry":{"type":"Polygon","coordinates":[[[16.1840125,48.1544768],[16.1840783,48.1544717],[16.1840728,48.1544399],[16.184007,48.154445],[16.1840125,48.1544768]]]},"properties":{"voltage":"20000","name":""}},{"type":"Feature","geometry":{"type":"Polygon","coordinates":[[[16.181224,48.1523567],[16.1812583,48.1523683],[16.1812849,48.1523334],[16.1812506,48.1523218],[16.181224,48.1523567]]]},"properties":{"voltage":"20000","name":""}},{"type":"Feature","geometry":{"type":"Polygon","coordinates":[[[16.4633228,48.2650147],[16.4633481,48.2650487],[16.463439,48.2650187],[16.4634136,48.2649847],[16.4633228,48.2650147]]]},"properties":{"voltage":"","name":""}},{"type":"Feature","geometry":{"type":"Polygon","coordinates":[[[16.4630054,48.2646979],[16.4630583,48.2646801],[16.4629996,48.2646027],[16.4629465,48.2646205],[16.4630054,48.2646979]]]},"properties":{"voltage":"","name":""}},{"type":"Feature","geometry":{"type":"Polygon","coordinates":[[[16.4653416,48.2635195],[16.4653953,48.2635019],[16.4654317,48.2635509],[16.4653779,48.2635685],[16.4653416,48.2635195]]]},"properties":{"voltage":"","name":""}},{"type":"Feature","geometry":{"type":"Polygon","coordinates":[[[16.2896983,48.0242088],[16.2896537,48.0242316],[16.2895925,48.024178],[16.2896372,48.0241552],[16.2896983,48.0242088]]]},"properties":{"voltage":"20000","name":""}},{"type":"Feature","geometry":{"type":"Polygon","coordinates":[[[16.2907015,48.0204856],[16.2906671,48.0204486],[16.2907276,48.0204235],[16.290762,48.0204605],[16.2907437,48.020468],[16.2907015,48.0204856]]]},"properties":{"voltage":"20000","name":""}},{"type":"Feature","geometry":{"type":"Polygon","coordinates":[[[16.2943616,48.0228771],[16.2943974,48.0229252],[16.2943032,48.0229566],[16.2942673,48.0229085],[16.2943616,48.0228771]]]},"properties":{"voltage":"20000","name":""}},{"type":"Feature","geometry":{"type":"Polygon","coordinates":[[[16.2909616,48.0173752],[16.2910262,48.0173507],[16.2910787,48.0174145],[16.2910136,48.0174384],[16.2909616,48.0173752]]]},"properties":{"voltage":"20000","name":""}},{"type":"Feature","geometry":{"type":"Polygon","coordinates":[[[17.1086014,48.0920974],[17.1087596,48.0920919],[17.1087527,48.0920029],[17.1085945,48.0920084],[17.1086014,48.0920974]]]},"properties":{"voltage":"750","name":""}},{"type":"Feature","geometry":{"type":"Polygon","coordinates":[[[16.4157492,48.1890616],[16.4157837,48.1890447],[16.4157699,48.1890321],[16.4157354,48.1890491],[16.4157492,48.1890616]]]},"properties":{"voltage":"","name":""}},{"type":"Feature","geometry":{"type":"Polygon","coordinates":[[[16.4157494,48.189081],[16.4156789,48.1891194],[16.4156368,48.1890851],[16.4157074,48.1890466],[16.4157494,48.189081]]]},"properties":{"voltage":"","name":""}},{"type":"Feature","geometry":{"type":"Polygon","coordinates":[[[16.2510835,48.0079103],[16.2510851,48.0078581],[16.2510169,48.0078571],[16.2510155,48.0079097],[16.2510835,48.0079103]]]},"properties":{"voltage":"20000","name":""}},{"type":"Feature","geometry":{"type":"Polygon","coordinates":[[[16.4497648,48.2660876],[16.4499017,48.2660777],[16.4498951,48.2660378],[16.4497583,48.2660478],[16.4497648,48.2660876]]]},"properties":{"voltage":"","name":""}},{"type":"Feature","geometry":{"type":"Polygon","coordinates":[[[15.7844857,48.2946791],[15.7844808,48.2946648],[15.7845166,48.2946594],[15.7845215,48.2946737],[15.7844857,48.2946791]]]},"properties":{"voltage":"","name":""}},{"type":"Feature","geometry":{"type":"Polygon","coordinates":[[[16.0807865,48.309868],[16.0808153,48.3098369],[16.0807315,48.3098026],[16.0807027,48.3098337],[16.0807865,48.309868]]]},"properties":{"voltage":"","name":""}},{"type":"Feature","geometry":{"type":"Polygon","coordinates":[[[16.4034083,48.2194289],[16.4034076,48.2193402],[16.4034777,48.2193395],[16.4034781,48.219429],[16.4034083,48.2194289]]]},"properties":{"voltage":"","name":""}},{"type":"Feature","geometry":{"type":"Polygon","coordinates":[[[16.3617018,48.2293656],[16.3616581,48.2293629],[16.3616486,48.2293089],[16.3616389,48.2292599],[16.3617133,48.2292642],[16.3617018,48.2293656]]]},"properties":{"voltage":"","name":""}},{"type":"Feature","geometry":{"type":"Polygon","coordinates":[[[16.5765024,48.5624397],[16.5765373,48.5624392],[16.5765378,48.5624541],[16.5765029,48.5624547],[16.5765024,48.5624397]]]},"properties":{"voltage":"20000;400","name":""}},{"type":"Feature","geometry":{"type":"Polygon","coordinates":[[[16.5667972,48.5665358],[16.5668431,48.5665523],[16.5668114,48.566591],[16.5667654,48.5665745],[16.5667972,48.5665358]]]},"properties":{"voltage":"20000;400","name":""}},{"type":"Feature","geometry":{"type":"Polygon","coordinates":[[[16.5828317,48.5678109],[16.5828603,48.5678228],[16.5828791,48.5678029],[16.5828504,48.5677911],[16.5828317,48.5678109]]]},"properties":{"voltage":"20000;400","name":""}},{"type":"Feature","geometry":{"type":"Polygon","coordinates":[[[16.5723712,48.5709773],[16.5723728,48.570963],[16.5724107,48.5709649],[16.572409,48.5709792],[16.5723712,48.5709773]]]},"properties":{"voltage":"20000;400","name":""}},{"type":"Feature","geometry":{"type":"Polygon","coordinates":[[[16.577356,48.5628572],[16.577347,48.5628796],[16.577325,48.5628757],[16.577334,48.5628533],[16.577356,48.5628572]]]},"properties":{"voltage":"20000;400","name":""}},{"type":"Feature","geometry":{"type":"Polygon","coordinates":[[[15.1977129,48.9141342],[15.1977255,48.9141543],[15.1977492,48.9141479],[15.1977366,48.9141278],[15.1977129,48.9141342]]]},"properties":{"voltage":"","name":""}},{"type":"Feature","geometry":{"type":"Polygon","coordinates":[[[15.9747754,48.1653076],[15.974803,48.1653069],[15.9748014,48.1652779],[15.9747739,48.1652785],[15.9747754,48.1653076]]]},"properties":{"voltage":"20000","name":""}},{"type":"Feature","geometry":{"type":"Polygon","coordinates":[[[15.9689683,48.1681762],[15.9690158,48.1681615],[15.9689939,48.1681301],[15.9689464,48.1681448],[15.9689683,48.1681762]]]},"properties":{"voltage":"20000","name":""}},{"type":"Feature","geometry":{"type":"Polygon","coordinates":[[[15.9609847,48.167444],[15.9610187,48.167448],[15.9610257,48.1674219],[15.9609917,48.1674179],[15.9609847,48.167444]]]},"properties":{"voltage":"20000","name":""}},{"type":"Feature","geometry":{"type":"Polygon","coordinates":[[[16.4937344,48.0170974],[16.4937689,48.0170846],[16.4938041,48.0171271],[16.4937696,48.0171399],[16.4937344,48.0170974]]]},"properties":{"voltage":"20000","name":""}},{"type":"Feature","geometry":{"type":"Polygon","coordinates":[[[16.1599448,48.0710347],[16.1599768,48.0710221],[16.1599486,48.07099],[16.1599166,48.0710026],[16.1599448,48.0710347]]]},"properties":{"voltage":"20000","name":""}},{"type":"Feature","geometry":{"type":"Polygon","coordinates":[[[15.9679716,48.1469588],[15.9679627,48.1469436],[15.9680056,48.1469324],[15.9680145,48.1469476],[15.9679716,48.1469588]]]},"properties":{"voltage":"20000","name":""}},{"type":"Feature","geometry":{"type":"Polygon","coordinates":[[[15.9555775,48.1557076],[15.9556117,48.1556881],[15.9556411,48.1557111],[15.9556069,48.1557306],[15.9555775,48.1557076]]]},"properties":{"voltage":"20000","name":""}},{"type":"Feature","geometry":{"type":"Polygon","coordinates":[[[15.9499927,48.1561018],[15.9500133,48.1560848],[15.9500492,48.1561042],[15.9500286,48.1561212],[15.9499927,48.1561018]]]},"properties":{"voltage":"20000","name":""}},{"type":"Feature","geometry":{"type":"Polygon","coordinates":[[[15.9506599,48.1573466],[15.9506645,48.1573017],[15.9507,48.1573032],[15.9506958,48.1573481],[15.9506599,48.1573466]]]},"properties":{"voltage":"20000","name":""}},{"type":"Feature","geometry":{"type":"Polygon","coordinates":[[[16.0349722,48.0604688],[16.0350123,48.0604698],[16.0350138,48.0604408],[16.0349738,48.0604398],[16.0349722,48.0604688]]]},"properties":{"voltage":"20000","name":""}},{"type":"Feature","geometry":{"type":"Polygon","coordinates":[[[16.0606433,48.1601883],[16.0606862,48.1601966],[16.0606936,48.1601794],[16.0606507,48.1601712],[16.0606433,48.1601883]]]},"properties":{"voltage":"20000","name":""}},{"type":"Feature","geometry":{"type":"Polygon","coordinates":[[[16.0482093,48.1542855],[16.0482572,48.1542855],[16.0482572,48.1542639],[16.0482093,48.1542639],[16.0482093,48.1542855]]]},"properties":{"voltage":"20000","name":""}},{"type":"Feature","geometry":{"type":"Polygon","coordinates":[[[16.0730262,48.1648324],[16.0730554,48.1648319],[16.0730542,48.1647995],[16.0730249,48.1648],[16.0730262,48.1648324]]]},"properties":{"voltage":"20000","name":""}},{"type":"Feature","geometry":{"type":"Polygon","coordinates":[[[16.0749825,48.1689778],[16.0749847,48.1689552],[16.0750368,48.1689574],[16.0750346,48.16898],[16.0749825,48.1689778]]]},"properties":{"voltage":"20000","name":""}},{"type":"Feature","geometry":{"type":"Polygon","coordinates":[[[15.3361578,48.1561584],[15.3361616,48.156124],[15.3361784,48.1561248],[15.3361968,48.1561257],[15.336193,48.1561601],[15.3361759,48.1561593],[15.3361578,48.1561584]]]},"properties":{"voltage":"","name":""}},{"type":"Feature","geometry":{"type":"Polygon","coordinates":[[[16.2894779,48.0119221],[16.2895469,48.0119025],[16.2895694,48.0119342],[16.2895964,48.0119388],[16.2895687,48.0119706],[16.2895049,48.0119601],[16.2894779,48.0119221]]]},"properties":{"voltage":"20000","name":""}},{"type":"Feature","geometry":{"type":"Polygon","coordinates":[[[16.2923717,48.0105903],[16.2924545,48.0106019],[16.2924235,48.0106975],[16.2923368,48.0106849],[16.2923717,48.0105903]]]},"properties":{"voltage":"20000","name":""}},{"type":"Feature","geometry":{"type":"Polygon","coordinates":[[[16.6269912,48.664921],[16.6269958,48.6648816],[16.6270667,48.6648853],[16.627062,48.6649246],[16.6269912,48.664921]]]},"properties":{"voltage":"","name":""}},{"type":"Feature","geometry":{"type":"Polygon","coordinates":[[[16.550994,48.1273355],[16.5511025,48.1272914],[16.5510762,48.1272626],[16.5509678,48.1273067],[16.550994,48.1273355]]]},"properties":{"voltage":"20000;400","name":""}},{"type":"Feature","geometry":{"type":"Polygon","coordinates":[[[16.2885603,48.1712473],[16.288627,48.171248],[16.2892629,48.1712823],[16.2892625,48.1712765],[16.2893303,48.1712756],[16.2892956,48.1707782],[16.2892947,48.1707665],[16.2892904,48.1707562],[16.289281,48.1707481],[16.2892649,48.1707421],[16.2891464,48.1707137],[16.2890127,48.1706816],[16.2886358,48.170596],[16.2885994,48.1706667],[16.2885603,48.1712473]]]},"properties":{"voltage":"110000","name":"Umspannwerk Speising"}},{"type":"Feature","geometry":{"type":"Polygon","coordinates":[[[16.0560671,48.3631626],[16.056091,48.3631563],[16.056106,48.3631815],[16.056082,48.3631878],[16.0560671,48.3631626]]]},"properties":{"voltage":"20000;400","name":"TST Tr\u00fcbensee Tankstelle"}},{"type":"Feature","geometry":{"type":"Polygon","coordinates":[[[16.0195367,48.3171354],[16.0195752,48.3171334],[16.0195773,48.3171517],[16.0195388,48.3171537],[16.0195367,48.3171354]]]},"properties":{"voltage":"20000;400","name":""}},{"type":"Feature","geometry":{"type":"Polygon","coordinates":[[[16.2133892,48.3839446],[16.2134562,48.3839493],[16.2134486,48.3839974],[16.2133811,48.3839927],[16.2133892,48.3839446]]]},"properties":{"voltage":"20000;400","name":"TST Stockerau Neubau"}},{"type":"Feature","geometry":{"type":"Polygon","coordinates":[[[16.2182263,48.3865061],[16.2182602,48.3865081],[16.2182567,48.3865336],[16.2182228,48.3865317],[16.2182263,48.3865061]]]},"properties":{"voltage":"20000;400","name":""}},{"type":"Feature","geometry":{"type":"Polygon","coordinates":[[[16.0266641,48.3226352],[16.0267003,48.322643],[16.0266913,48.3226607],[16.0266551,48.3226529],[16.0266641,48.3226352]]]},"properties":{"voltage":"20000;400","name":""}},{"type":"Feature","geometry":{"type":"Polygon","coordinates":[[[16.0193189,48.3187583],[16.0192972,48.3187678],[16.0192742,48.3187456],[16.0192959,48.3187361],[16.0193189,48.3187583]]]},"properties":{"voltage":"20000;400","name":""}},{"type":"Feature","geometry":{"type":"Polygon","coordinates":[[[16.0156503,48.3165479],[16.0156719,48.3165688],[16.0156487,48.3165794],[16.0156271,48.3165585],[16.0156503,48.3165479]]]},"properties":{"voltage":"20000;400","name":""}},{"type":"Feature","geometry":{"type":"Polygon","coordinates":[[[16.0586055,48.3375453],[16.0586436,48.3375449],[16.0586439,48.3375636],[16.0586058,48.337564],[16.0586055,48.3375453]]]},"properties":{"voltage":"20000;400","name":""}},{"type":"Feature","geometry":{"type":"Polygon","coordinates":[[[16.0179866,48.3187292],[16.0179919,48.3187462],[16.0179519,48.3187517],[16.0179466,48.3187347],[16.0179866,48.3187292]]]},"properties":{"voltage":"20000;400","name":""}},{"type":"Feature","geometry":{"type":"Polygon","coordinates":[[[16.2059159,48.3843374],[16.2059392,48.3843378],[16.2059382,48.3843628],[16.2059148,48.3843624],[16.2059159,48.3843374]]]},"properties":{"voltage":"20000;400","name":"TST Stockerau Wolfikstra\u00dfe"}},{"type":"Feature","geometry":{"type":"Polygon","coordinates":[[[16.0200831,48.3203955],[16.0201314,48.3203553],[16.0201929,48.3203879],[16.0201447,48.3204281],[16.0200831,48.3203955]]]},"properties":{"voltage":"20000;400","name":""}},{"type":"Feature","geometry":{"type":"Polygon","coordinates":[[[16.0262028,48.3219602],[16.0262386,48.3219667],[16.0262232,48.322004],[16.0261874,48.3219974],[16.0262028,48.3219602]]]},"properties":{"voltage":"20000;400","name":"TST Asparn Ost"}},{"type":"Feature","geometry":{"type":"Polygon","coordinates":[[[16.1825148,48.4042912],[16.1825443,48.4042988],[16.1825362,48.4043126],[16.1825067,48.404305],[16.1825148,48.4042912]]]},"properties":{"voltage":"20000;400","name":"TST Oberolberndorf WAG"}},{"type":"Feature","geometry":{"type":"Polygon","coordinates":[[[15.4180373,48.1838017],[15.4180295,48.1837486],[15.4180832,48.1837451],[15.418091,48.1837982],[15.4180373,48.1838017]]]},"properties":{"voltage":"","name":""}},{"type":"Feature","geometry":{"type":"Polygon","coordinates":[[[16.4749073,48.2595888],[16.4750008,48.2595631],[16.4749781,48.2595266],[16.4748846,48.2595523],[16.4749073,48.2595888]]]},"properties":{"voltage":"","name":""}},{"type":"Feature","geometry":{"type":"Polygon","coordinates":[[[16.6402535,48.3649052],[16.6403091,48.3649012],[16.6403201,48.3649683],[16.6402646,48.3649723],[16.6402535,48.3649052]]]},"properties":{"voltage":"","name":""}},{"type":"Feature","geometry":{"type":"Polygon","coordinates":[[[17.1369784,48.1929436],[17.1370268,48.1929117],[17.1370723,48.1929427],[17.1370231,48.1929736],[17.1369784,48.1929436]]]},"properties":{"voltage":"","name":"TS-2128"}},{"type":"Feature","geometry":{"type":"Polygon","coordinates":[[[16.5572647,48.276345],[16.5573065,48.276338],[16.5573133,48.276356],[16.5572714,48.2763629],[16.5572647,48.276345]]]},"properties":{"voltage":"20000","name":"TST Aderklaa Raasdorferstrasse"}},{"type":"Feature","geometry":{"type":"Polygon","coordinates":[[[16.4801454,48.7493859],[16.4802232,48.7493905],[16.4802249,48.7493788],[16.4802298,48.749343],[16.480152,48.7493383],[16.4801471,48.7493738],[16.4801454,48.7493859]]]},"properties":{"voltage":"20000;400","name":""}},{"type":"Feature","geometry":{"type":"Polygon","coordinates":[[[17.1411764,48.1435651],[17.1412421,48.143559],[17.1412368,48.1435333],[17.141171,48.1435393],[17.1411764,48.1435651]]]},"properties":{"voltage":"","name":"TS-2099"}},{"type":"Feature","geometry":{"type":"Polygon","coordinates":[[[15.5959522,48.4208833],[15.5960089,48.4208821],[15.5960079,48.4208619],[15.5959512,48.4208631],[15.5959522,48.4208833]]]},"properties":{"voltage":"","name":""}},{"type":"Feature","geometry":{"type":"Polygon","coordinates":[[[16.4480416,48.2671894],[16.4479688,48.2671935],[16.4479715,48.2672155],[16.4480444,48.2672115],[16.4480416,48.2671894]]]},"properties":{"voltage":"","name":""}},{"type":"Feature","geometry":{"type":"Polygon","coordinates":[[[16.3102727,48.106278],[16.3102756,48.1062603],[16.3102271,48.1062568],[16.3102242,48.1062746],[16.3102727,48.106278]]]},"properties":{"voltage":"20000","name":""}},{"type":"Feature","geometry":{"type":"Polygon","coordinates":[[[16.3579513,48.1124292],[16.3579656,48.1124199],[16.3579265,48.112393],[16.3579122,48.1124023],[16.3579513,48.1124292]]]},"properties":{"voltage":"20000","name":""}},{"type":"Feature","geometry":{"type":"Polygon","coordinates":[[[16.8017926,48.1101787],[16.8017943,48.1101959],[16.8018315,48.1101943],[16.8018299,48.1101771],[16.8017926,48.1101787]]]},"properties":{"voltage":"","name":""}},{"type":"Feature","geometry":{"type":"Polygon","coordinates":[[[16.8065936,48.1076645],[16.806595,48.1076931],[16.8066667,48.1076916],[16.8066653,48.107663],[16.8065936,48.1076645]]]},"properties":{"voltage":"","name":""}},{"type":"Feature","geometry":{"type":"Polygon","coordinates":[[[16.7796409,48.1092513],[16.7796541,48.1092902],[16.7796907,48.1092847],[16.7796774,48.1092458],[16.7796409,48.1092513]]]},"properties":{"voltage":"","name":"TST Regelsbrunn Mitte"}},{"type":"Feature","geometry":{"type":"Polygon","coordinates":[[[15.7759651,48.4345257],[15.7760424,48.4345018],[15.7760251,48.4344772],[15.7759478,48.4345011],[15.7759651,48.4345257]]]},"properties":{"voltage":"","name":""}},{"type":"Feature","geometry":{"type":"Polygon","coordinates":[[[16.2907882,48.1328976],[16.2908312,48.1328945],[16.2908232,48.1328456],[16.2907802,48.1328487],[16.2907882,48.1328976]]]},"properties":{"voltage":"","name":""}},{"type":"Feature","geometry":{"type":"Polygon","coordinates":[[[16.5849752,48.1768218],[16.5849587,48.1767981],[16.5850266,48.1767772],[16.585043,48.176801],[16.5849752,48.1768218]]]},"properties":{"voltage":"20000","name":""}},{"type":"Feature","geometry":{"type":"Polygon","coordinates":[[[16.5227063,48.0433572],[16.5227298,48.0434021],[16.5228303,48.0433785],[16.5228068,48.0433337],[16.5227063,48.0433572]]]},"properties":{"voltage":"20000","name":""}},{"type":"Feature","geometry":{"type":"Polygon","coordinates":[[[16.5144647,48.0406822],[16.5145701,48.0407688],[16.5146342,48.0407338],[16.5145288,48.0406473],[16.5144647,48.0406822]]]},"properties":{"voltage":"20000","name":""}},{"type":"Feature","geometry":{"type":"Polygon","coordinates":[[[16.5179576,48.0435002],[16.5179324,48.0435362],[16.5179845,48.0435525],[16.5180097,48.0435166],[16.5179576,48.0435002]]]},"properties":{"voltage":"20000","name":""}},{"type":"Feature","geometry":{"type":"Polygon","coordinates":[[[16.6795514,48.1098759],[16.6795337,48.1098381],[16.679497,48.1098457],[16.6795146,48.1098834],[16.6795514,48.1098759]]]},"properties":{"voltage":"","name":"TST Maria Ellend Kirchenstra\u00dfe"}},{"type":"Feature","geometry":{"type":"Polygon","coordinates":[[[16.5102533,48.1442879],[16.5103168,48.1442738],[16.5103058,48.1442519],[16.5102424,48.144266],[16.5102533,48.1442879]]]},"properties":{"voltage":"20000;400","name":""}},{"type":"Feature","geometry":{"type":"Polygon","coordinates":[[[16.812469,48.1100867],[16.8124948,48.1100702],[16.8124628,48.1100478],[16.8124369,48.1100643],[16.812469,48.1100867]]]},"properties":{"voltage":"","name":"TST Wildungsmauer Weingarten"}},{"type":"Feature","geometry":{"type":"Polygon","coordinates":[[[16.6851496,48.1120993],[16.685145,48.1120707],[16.6851184,48.1120726],[16.6851231,48.1121013],[16.6851496,48.1120993]]]},"properties":{"voltage":"","name":"TST Maria Ellend Landstra\u00dfe"}},{"type":"Feature","geometry":{"type":"Polygon","coordinates":[[[16.6821628,48.1094469],[16.6821941,48.1094523],[16.6822024,48.1094305],[16.6821711,48.1094252],[16.6821628,48.1094469]]]},"properties":{"voltage":"","name":"TST Maria Ellend Kernfeld 1"}},{"type":"Feature","geometry":{"type":"Polygon","coordinates":[[[16.3125212,48.1381111],[16.3126687,48.1381091],[16.3126672,48.1380621],[16.3125197,48.1380641],[16.3125212,48.1381111]]]},"properties":{"voltage":"","name":""}},{"type":"Feature","geometry":{"type":"Polygon","coordinates":[[[16.3092235,48.1363888],[16.3092927,48.1363898],[16.3092906,48.1364527],[16.3092214,48.1364516],[16.3092235,48.1363888]]]},"properties":{"voltage":"","name":""}},{"type":"Feature","geometry":{"type":"Polygon","coordinates":[[[16.2589956,48.1428341],[16.2590047,48.1428646],[16.2589371,48.1428736],[16.258928,48.1428432],[16.2589956,48.1428341]]]},"properties":{"voltage":"","name":""}},{"type":"Feature","geometry":{"type":"Polygon","coordinates":[[[16.3088343,48.0823392],[16.3088267,48.0823099],[16.3089043,48.0823009],[16.3089119,48.0823302],[16.3088343,48.0823392]]]},"properties":{"voltage":"20000","name":""}},{"type":"Feature","geometry":{"type":"Polygon","coordinates":[[[16.0633008,48.1777347],[16.063314,48.1777097],[16.0633719,48.1777212],[16.0633618,48.1777463],[16.0633008,48.1777347]]]},"properties":{"voltage":"","name":""}},{"type":"Feature","geometry":{"type":"Polygon","coordinates":[[[16.3776829,48.0253693],[16.3777243,48.0253969],[16.3777467,48.0253818],[16.3777054,48.0253542],[16.3776829,48.0253693]]]},"properties":{"voltage":"20000","name":""}},{"type":"Feature","geometry":{"type":"Polygon","coordinates":[[[16.0581316,48.1767865],[16.0581495,48.1767753],[16.0581767,48.1767947],[16.0581588,48.1768059],[16.0581316,48.1767865]]]},"properties":{"voltage":"","name":""}},{"type":"Feature","geometry":{"type":"Polygon","coordinates":[[[16.9965065,48.2047526],[16.9965285,48.2047532],[16.9965299,48.20473],[16.9965079,48.2047295],[16.9965065,48.2047526]]]},"properties":{"voltage":"","name":""}},{"type":"Feature","geometry":{"type":"Polygon","coordinates":[[[16.1691683,48.4461703],[16.1691492,48.4461458],[16.1691797,48.4461353],[16.1691989,48.4461597],[16.1691683,48.4461703]]]},"properties":{"voltage":"","name":"TST H\u00f6bersdorf Betriebsgebiet"}},{"type":"Feature","geometry":{"type":"Polygon","coordinates":[[[15.5576016,48.0941549],[15.5576223,48.0941282],[15.5576628,48.0941422],[15.5576422,48.0941689],[15.5576239,48.0941626],[15.5576016,48.0941549]]]},"properties":{"voltage":"","name":""}},{"type":"Feature","geometry":{"type":"Polygon","coordinates":[[[16.3093785,48.1067014],[16.3094256,48.1067056],[16.3094358,48.1066543],[16.3093887,48.1066501],[16.3093785,48.1067014]]]},"properties":{"voltage":"20000","name":""}},{"type":"Feature","geometry":{"type":"Polygon","coordinates":[[[16.3102289,48.1086143],[16.3102558,48.1086164],[16.3102603,48.108591],[16.3102334,48.1085889],[16.3102289,48.1086143]]]},"properties":{"voltage":"20000","name":""}},{"type":"Feature","geometry":{"type":"Polygon","coordinates":[[[16.3576296,48.1090511],[16.3577359,48.10904],[16.3577153,48.1089522],[16.3576924,48.1088547],[16.3575862,48.1088657],[16.3576296,48.1090511]]]},"properties":{"voltage":"","name":""}},{"type":"Feature","geometry":{"type":"Polygon","coordinates":[[[16.4212958,48.3297101],[16.4213629,48.3297289],[16.4213759,48.3297085],[16.4213088,48.3296896],[16.4212958,48.3297101]]]},"properties":{"voltage":"","name":""}},{"type":"Feature","geometry":{"type":"Polygon","coordinates":[[[16.4055652,48.2543559],[16.4056098,48.2543395],[16.4055962,48.254323],[16.4055515,48.2543394],[16.4055652,48.2543559]]]},"properties":{"voltage":"","name":""}},{"type":"Feature","geometry":{"type":"Polygon","coordinates":[[[16.3754897,48.0837874],[16.3756022,48.0838339],[16.3753981,48.0840458],[16.3753806,48.0840402],[16.375341,48.0840277],[16.3752867,48.0840104],[16.3754897,48.0837874]]]},"properties":{"voltage":"","name":""}},{"type":"Feature","geometry":{"type":"Polygon","coordinates":[[[16.2934979,48.0144845],[16.2935277,48.0144995],[16.2934972,48.0145267],[16.2934674,48.0145117],[16.2934979,48.0144845]]]},"properties":{"voltage":"20000","name":""}},{"type":"Feature","geometry":{"type":"Polygon","coordinates":[[[16.4261779,48.1795743],[16.4262138,48.1795638],[16.4262234,48.1795782],[16.4261874,48.1795888],[16.4261779,48.1795743]]]},"properties":{"voltage":"","name":""}},{"type":"Feature","geometry":{"type":"Polygon","coordinates":[[[16.5111381,48.2771023],[16.5111702,48.2770842],[16.5111532,48.2770709],[16.5111212,48.2770889],[16.5111381,48.2771023]]]},"properties":{"voltage":"","name":""}},{"type":"Feature","geometry":{"type":"Polygon","coordinates":[[[16.9118825,48.1414702],[16.9119519,48.1414622],[16.9119451,48.1414358],[16.9118757,48.1414438],[16.9118825,48.1414702]]]},"properties":{"voltage":"","name":""}},{"type":"Feature","geometry":{"type":"Polygon","coordinates":[[[16.8843997,48.1730646],[16.8844388,48.1730515],[16.8844272,48.173036],[16.8843881,48.173049],[16.8843997,48.1730646]]]},"properties":{"voltage":"","name":""}},{"type":"Feature","geometry":{"type":"Polygon","coordinates":[[[16.8839236,48.1781318],[16.8838922,48.1781318],[16.8838923,48.1780893],[16.8839237,48.1780894],[16.8839236,48.1781318]]]},"properties":{"voltage":"","name":"TST Engelhartstetten S\u00fcd"}},{"type":"Feature","geometry":{"type":"Polygon","coordinates":[[[16.5399413,48.2026327],[16.5399116,48.2025895],[16.5399964,48.2025636],[16.5400356,48.2026207],[16.5399898,48.2026347],[16.5399803,48.2026208],[16.5399413,48.2026327]]]},"properties":{"voltage":"","name":""}},{"type":"Feature","geometry":{"type":"Polygon","coordinates":[[[16.2803991,48.1988522],[16.2804258,48.1988593],[16.2804416,48.1988327],[16.2804149,48.1988257],[16.2803991,48.1988522]]]},"properties":{"voltage":"","name":""}},{"type":"Feature","geometry":{"type":"Polygon","coordinates":[[[16.3869935,48.1743949],[16.387008,48.1744326],[16.3870846,48.1744195],[16.38707,48.1743817],[16.3869935,48.1743949]]]},"properties":{"voltage":"","name":""}},{"type":"Feature","geometry":{"type":"Polygon","coordinates":[[[15.8115603,48.1034984],[15.8115819,48.1035084],[15.8116053,48.103486],[15.8115837,48.103476],[15.8115603,48.1034984]]]},"properties":{"voltage":"","name":""}},{"type":"Feature","geometry":{"type":"Polygon","coordinates":[[[16.386471,48.0299926],[16.3863955,48.0299918],[16.3864052,48.0301965],[16.3864685,48.0301968],[16.386471,48.0299926]]]},"properties":{"voltage":"","name":""}},{"type":"Feature","geometry":{"type":"Polygon","coordinates":[[[16.2024532,48.1336937],[16.2025152,48.1336967],[16.2025195,48.133657],[16.2024576,48.1336539],[16.2024532,48.1336937]]]},"properties":{"voltage":"20000","name":""}},{"type":"Feature","geometry":{"type":"Polygon","coordinates":[[[16.3081233,48.1084593],[16.3079884,48.1084609],[16.3079847,48.1083178],[16.3081196,48.1083162],[16.3081233,48.1084593]]]},"properties":{"voltage":"20000","name":""}},{"type":"Feature","geometry":{"type":"Polygon","coordinates":[[[16.184252,48.1357014],[16.1842668,48.1356656],[16.184189,48.1356513],[16.1841743,48.1356871],[16.184252,48.1357014]]]},"properties":{"voltage":"20000","name":""}},{"type":"Feature","geometry":{"type":"Polygon","coordinates":[[[16.3588152,48.2498677],[16.3588404,48.2498306],[16.358766,48.2498083],[16.3587479,48.2498351],[16.3587409,48.2498454],[16.3588152,48.2498677]]]},"properties":{"voltage":"","name":""}},{"type":"Feature","geometry":{"type":"Polygon","coordinates":[[[15.0172433,48.4895766],[15.0172795,48.4895758],[15.0172802,48.4895907],[15.017244,48.4895915],[15.0172433,48.4895766]]]},"properties":{"voltage":"20000;400","name":""}},{"type":"Feature","geometry":{"type":"Polygon","coordinates":[[[15.0425061,48.473223],[15.0425397,48.4732174],[15.0425482,48.4732397],[15.0425317,48.4732424],[15.0425145,48.4732453],[15.0425061,48.473223]]]},"properties":{"voltage":"20000;400","name":""}},{"type":"Feature","geometry":{"type":"Polygon","coordinates":[[[16.1887944,48.1362637],[16.1887882,48.1362873],[16.1888418,48.1362936],[16.188848,48.13627],[16.1887944,48.1362637]]]},"properties":{"voltage":"20000","name":""}},{"type":"Feature","geometry":{"type":"Polygon","coordinates":[[[15.7301526,48.4736305],[15.7301741,48.4736398],[15.7301851,48.4736285],[15.7301635,48.4736193],[15.7301526,48.4736305]]]},"properties":{"voltage":"","name":"TST Stra\u00df Gai\u00dfberg"}},{"type":"Feature","geometry":{"type":"Polygon","coordinates":[[[16.4706941,48.1689242],[16.4706612,48.1688709],[16.4709237,48.1687988],[16.4709567,48.1688522],[16.4706941,48.1689242]]]},"properties":{"voltage":"","name":""}},{"type":"Feature","geometry":{"type":"Polygon","coordinates":[[[17.0447553,48.1498035],[17.044741,48.1497716],[17.044778,48.1497642],[17.0447923,48.1497961],[17.0447553,48.1498035]]]},"properties":{"voltage":"","name":"TS-1185"}},{"type":"Feature","geometry":{"type":"Polygon","coordinates":[[[16.7929283,48.2041308],[16.7929776,48.2041246],[16.7929714,48.2041],[16.7929222,48.2041062],[16.7929283,48.2041308]]]},"properties":{"voltage":"20000;400","name":""}},{"type":"Feature","geometry":{"type":"Polygon","coordinates":[[[16.21494,48.1355064],[16.2150011,48.1355085],[16.2150039,48.1354713],[16.2149429,48.1354692],[16.21494,48.1355064]]]},"properties":{"voltage":"20000","name":""}},{"type":"Feature","geometry":{"type":"Polygon","coordinates":[[[16.6242256,48.5336353],[16.6236149,48.5355985],[16.6238412,48.5357887],[16.6249246,48.5359366],[16.6251971,48.5350618],[16.6253404,48.5350813],[16.6257266,48.5338401],[16.6242256,48.5336353]]]},"properties":{"voltage":"","name":""}},{"type":"Feature","geometry":{"type":"Polygon","coordinates":[[[16.1859086,48.1353021],[16.1858379,48.1352927],[16.1858269,48.1353299],[16.1858976,48.1353392],[16.1859086,48.1353021]]]},"properties":{"voltage":"20000","name":""}},{"type":"Feature","geometry":{"type":"Polygon","coordinates":[[[17.1986056,48.9702059],[17.1986174,48.9702315],[17.1986876,48.9702175],[17.1986757,48.9701918],[17.1986056,48.9702059]]]},"properties":{"voltage":"22000;400","name":"TS Bratislavsk\u00e1"}},{"type":"Feature","geometry":{"type":"Polygon","coordinates":[[[16.1136397,48.2784345],[16.1136582,48.2784093],[16.1136973,48.2784208],[16.1136781,48.2784481],[16.1136397,48.2784345]]]},"properties":{"voltage":"","name":""}},{"type":"Feature","geometry":{"type":"Polygon","coordinates":[[[16.5701114,48.357636],[16.5701211,48.3576553],[16.5701723,48.3576438],[16.5701626,48.3576246],[16.5701114,48.357636]]]},"properties":{"voltage":"","name":"TST Gro\u00df Engersdorf Mitte"}},{"type":"Feature","geometry":{"type":"Polygon","coordinates":[[[16.5701786,48.3532974],[16.5701685,48.3532673],[16.57025,48.3532576],[16.5702589,48.3532863],[16.5701786,48.3532974]]]},"properties":{"voltage":"","name":"TST Gro\u00dfengersdorf Lagerhausgasse"}},{"type":"Feature","geometry":{"type":"Polygon","coordinates":[[[15.3542767,48.4401481],[15.3543047,48.4401208],[15.3543262,48.4401305],[15.3542983,48.4401578],[15.3542767,48.4401481]]]},"properties":{"voltage":"","name":""}},{"type":"Feature","geometry":{"type":"Polygon","coordinates":[[[16.3423566,48.2186406],[16.3426157,48.2185967],[16.3425769,48.2185014],[16.3423186,48.2185473],[16.3423566,48.2186406]]]},"properties":{"voltage":"","name":""}},{"type":"Feature","geometry":{"type":"Polygon","coordinates":[[[16.1440008,48.1411305],[16.1439619,48.1411656],[16.1439908,48.1411798],[16.1440296,48.1411448],[16.1440008,48.1411305]]]},"properties":{"voltage":"20000","name":""}},{"type":"Feature","geometry":{"type":"Polygon","coordinates":[[[17.0503856,48.1512483],[17.0503843,48.1512301],[17.0504279,48.1512287],[17.0504292,48.1512469],[17.0503856,48.1512483]]]},"properties":{"voltage":"","name":"TS-1099"}},{"type":"Feature","geometry":{"type":"Polygon","coordinates":[[[16.5425089,48.1303032],[16.542575,48.1303752],[16.5426223,48.1303559],[16.5425562,48.1302839],[16.5425089,48.1303032]]]},"properties":{"voltage":"20000;400","name":""}},{"type":"Feature","geometry":{"type":"Polygon","coordinates":[[[16.4272633,48.282234],[16.4272619,48.2821763],[16.4273105,48.2821757],[16.427312,48.2822335],[16.4272633,48.282234]]]},"properties":{"voltage":"","name":""}},{"type":"Feature","geometry":{"type":"Polygon","coordinates":[[[16.2162781,48.0085236],[16.2162694,48.0085549],[16.2163751,48.0085681],[16.2163839,48.0085369],[16.2162781,48.0085236]]]},"properties":{"voltage":"20000","name":""}},{"type":"Feature","geometry":{"type":"Polygon","coordinates":[[[16.3946986,48.1846955],[16.3947286,48.1847186],[16.3946781,48.1847477],[16.3946481,48.1847246],[16.3946986,48.1846955]]]},"properties":{"voltage":"","name":""}},{"type":"Feature","geometry":{"type":"Polygon","coordinates":[[[17.1713641,48.8796132],[17.1712436,48.8797286],[17.1712297,48.8797404],[17.1709963,48.8796258],[17.1710083,48.8796152],[17.1711416,48.8794993],[17.1711506,48.879504],[17.1712225,48.879442],[17.1712357,48.8794331],[17.1713622,48.8795022],[17.1712817,48.8795726],[17.1713641,48.8796132]]]},"properties":{"voltage":"25000","name":"SpS Rohatec"}},{"type":"Feature","geometry":{"type":"Polygon","coordinates":[[[15.4831402,48.8435512],[15.4831625,48.8435712],[15.483199,48.8435535],[15.4831767,48.8435335],[15.4831402,48.8435512]]]},"properties":{"voltage":"","name":""}},{"type":"Feature","geometry":{"type":"Polygon","coordinates":[[[16.4134399,48.3365398],[16.4136239,48.3364972],[16.413642,48.3365371],[16.4134566,48.3365778],[16.4134399,48.3365398]]]},"properties":{"voltage":"","name":""}},{"type":"Feature","geometry":{"type":"Polygon","coordinates":[[[16.9131963,48.7775396],[16.9138186,48.7774905],[16.9143956,48.7773061],[16.9143004,48.776782],[16.9139202,48.7768076],[16.9136493,48.7768257],[16.91357,48.7768318],[16.9135271,48.7768311],[16.9131672,48.7768611],[16.9130827,48.7768628],[16.9131963,48.7775396]]]},"properties":{"voltage":"110000;25000","name":"TNS B\u0159eclav"}},{"type":"Feature","geometry":{"type":"Polygon","coordinates":[[[16.6675469,48.9240378],[16.6672545,48.9241561],[16.6673964,48.9243546],[16.6677028,48.9242581],[16.6676473,48.9241833],[16.6677142,48.9241621],[16.6676516,48.9240793],[16.6675911,48.9240973],[16.6675661,48.9240624],[16.6675469,48.9240378]]]},"properties":{"voltage":"25000","name":"SpS Popice"}},{"type":"Feature","geometry":{"type":"Polygon","coordinates":[[[15.4772351,48.6596863],[15.4772234,48.6596539],[15.4772783,48.6596469],[15.47729,48.6596786],[15.4772351,48.6596863]]]},"properties":{"voltage":"","name":""}},{"type":"Feature","geometry":{"type":"Polygon","coordinates":[[[15.3930468,48.8588705],[15.393043,48.8588431],[15.3931037,48.8588395],[15.3931075,48.8588668],[15.3930468,48.8588705]]]},"properties":{"voltage":"","name":""}},{"type":"Feature","geometry":{"type":"Polygon","coordinates":[[[15.6169347,48.4132625],[15.6168978,48.4132519],[15.6169216,48.4132153],[15.6169586,48.4132259],[15.6169347,48.4132625]]]},"properties":{"voltage":"","name":""}},{"type":"Feature","geometry":{"type":"Polygon","coordinates":[[[16.4888582,48.2399875],[16.4888764,48.2399499],[16.4890251,48.2399817],[16.4890069,48.2400194],[16.4888582,48.2399875]]]},"properties":{"voltage":"","name":""}},{"type":"Feature","geometry":{"type":"Polygon","coordinates":[[[15.6041575,48.0971588],[15.6041509,48.0971273],[15.6042294,48.0971199],[15.604236,48.0971514],[15.6041575,48.0971588]]]},"properties":{"voltage":"","name":""}},{"type":"Feature","geometry":{"type":"Polygon","coordinates":[[[16.3408974,48.2952814],[16.3409382,48.2952386],[16.3410281,48.2952765],[16.3409872,48.2953193],[16.3408974,48.2952814]]]},"properties":{"voltage":"","name":""}},{"type":"Feature","geometry":{"type":"Polygon","coordinates":[[[16.1241245,48.1847594],[16.1241557,48.1847357],[16.1242046,48.1847645],[16.1241734,48.1847881],[16.1241245,48.1847594]]]},"properties":{"voltage":"20000","name":""}},{"type":"Feature","geometry":{"type":"Polygon","coordinates":[[[16.1418691,48.1969913],[16.1419172,48.1969983],[16.1419341,48.1969468],[16.1418861,48.1969398],[16.1418691,48.1969913]]]},"properties":{"voltage":"20000","name":""}},{"type":"Feature","geometry":{"type":"Polygon","coordinates":[[[16.3941852,48.1236586],[16.394247,48.1236468],[16.3942281,48.1236025],[16.3941663,48.1236142],[16.3941852,48.1236586]]]},"properties":{"voltage":"20000","name":""}},{"type":"Feature","geometry":{"type":"Polygon","coordinates":[[[16.3965304,48.1175348],[16.3965717,48.1175385],[16.3965816,48.117489],[16.3965403,48.1174853],[16.3965304,48.1175348]]]},"properties":{"voltage":"20000","name":""}},{"type":"Feature","geometry":{"type":"Polygon","coordinates":[[[16.3910181,48.116753],[16.3910823,48.1167354],[16.3910518,48.1166858],[16.3909876,48.1167034],[16.3910181,48.116753]]]},"properties":{"voltage":"20000","name":""}},{"type":"Feature","geometry":{"type":"Polygon","coordinates":[[[16.1550317,48.2717759],[16.1550218,48.2717337],[16.1550664,48.2717291],[16.1550762,48.2717713],[16.1550317,48.2717759]]]},"properties":{"voltage":"","name":""}},{"type":"Feature","geometry":{"type":"Polygon","coordinates":[[[16.3865722,48.1139227],[16.3866129,48.1139137],[16.3865936,48.1138751],[16.3865529,48.1138841],[16.3865722,48.1139227]]]},"properties":{"voltage":"20000","name":""}},{"type":"Feature","geometry":{"type":"Polygon","coordinates":[[[16.3900574,48.1114981],[16.3901446,48.1114712],[16.3901727,48.1115118],[16.3900855,48.1115387],[16.3900574,48.1114981]]]},"properties":{"voltage":"20000","name":""}},{"type":"Feature","geometry":{"type":"Polygon","coordinates":[[[16.3877657,48.111099],[16.3877399,48.1110555],[16.3877,48.111066],[16.3877258,48.1111096],[16.3877657,48.111099]]]},"properties":{"voltage":"20000","name":""}},{"type":"Feature","geometry":{"type":"Polygon","coordinates":[[[16.3903112,48.1087192],[16.3903469,48.1087651],[16.3903069,48.1087789],[16.3902712,48.108733],[16.3903112,48.1087192]]]},"properties":{"voltage":"20000","name":""}},{"type":"Feature","geometry":{"type":"Polygon","coordinates":[[[16.3986359,48.1081422],[16.3986984,48.1081431],[16.3986989,48.1081265],[16.3986364,48.1081256],[16.3986359,48.1081422]]]},"properties":{"voltage":"20000","name":""}},{"type":"Feature","geometry":{"type":"Polygon","coordinates":[[[16.3975364,48.1089632],[16.3976058,48.1089457],[16.3976125,48.108944],[16.3976368,48.1089869],[16.3975607,48.1090062],[16.3975364,48.1089632]]]},"properties":{"voltage":"20000","name":""}},{"type":"Feature","geometry":{"type":"Polygon","coordinates":[[[16.3961142,48.1134794],[16.3961716,48.113463],[16.3961458,48.1134228],[16.3960884,48.1134392],[16.3961142,48.1134794]]]},"properties":{"voltage":"20000","name":""}},{"type":"Feature","geometry":{"type":"Polygon","coordinates":[[[16.4012524,48.1147313],[16.4012047,48.1146993],[16.4012537,48.1146667],[16.4013013,48.1146987],[16.4012524,48.1147313]]]},"properties":{"voltage":"20000","name":""}},{"type":"Feature","geometry":{"type":"Polygon","coordinates":[[[16.4102104,48.1003131],[16.4102735,48.1003072],[16.4102635,48.1002605],[16.4102005,48.1002665],[16.4102104,48.1003131]]]},"properties":{"voltage":"20000","name":""}},{"type":"Feature","geometry":{"type":"Polygon","coordinates":[[[16.4504049,48.0986435],[16.4504212,48.0986392],[16.4504076,48.0986165],[16.4503913,48.0986208],[16.4504049,48.0986435]]]},"properties":{"voltage":"20000","name":""}},{"type":"Feature","geometry":{"type":"Polygon","coordinates":[[[16.4548681,48.0986733],[16.4548956,48.0987131],[16.4549729,48.0986893],[16.4549454,48.0986495],[16.4548681,48.0986733]]]},"properties":{"voltage":"20000","name":""}},{"type":"Feature","geometry":{"type":"Polygon","coordinates":[[[16.2953415,48.3387558],[16.2953657,48.3387239],[16.2952542,48.3386864],[16.2952299,48.3387183],[16.2953415,48.3387558]]]},"properties":{"voltage":"10000","name":""}},{"type":"Feature","geometry":{"type":"Polygon","coordinates":[[[16.271969,48.3504182],[16.2720384,48.350417],[16.2720368,48.3503762],[16.2719674,48.3503774],[16.271969,48.3504182]]]},"properties":{"voltage":"10000","name":""}},{"type":"Feature","geometry":{"type":"Polygon","coordinates":[[[16.2544694,48.3504734],[16.2544691,48.350489],[16.2545188,48.3504894],[16.254519,48.3504738],[16.2544694,48.3504734]]]},"properties":{"voltage":"20000","name":""}},{"type":"Feature","geometry":{"type":"Polygon","coordinates":[[[16.2812066,48.3310212],[16.2812068,48.331035],[16.2812383,48.3310348],[16.2812381,48.331021],[16.2812066,48.3310212]]]},"properties":{"voltage":"10000","name":""}},{"type":"Feature","geometry":{"type":"Polygon","coordinates":[[[17.1535781,48.1681007],[17.1536021,48.1680752],[17.1535777,48.168065],[17.1535536,48.1680904],[17.1535781,48.1681007]]]},"properties":{"voltage":"","name":"TS-2152"}},{"type":"Feature","geometry":{"type":"Polygon","coordinates":[[[16.4001821,48.2675912],[16.4002382,48.2675811],[16.4002113,48.2675152],[16.4001552,48.2675254],[16.4001821,48.2675912]]]},"properties":{"voltage":"","name":""}},{"type":"Feature","geometry":{"type":"Polygon","coordinates":[[[15.1052346,48.7757889],[15.10523,48.7757711],[15.1052718,48.7757664],[15.1052763,48.7757842],[15.1052346,48.7757889]]]},"properties":{"voltage":"","name":""}},{"type":"Feature","geometry":{"type":"Polygon","coordinates":[[[16.6032958,48.0397922],[16.6033221,48.0397865],[16.6033078,48.0397571],[16.6032815,48.0397627],[16.6032958,48.0397922]]]},"properties":{"voltage":"20000","name":""}},{"type":"Feature","geometry":{"type":"Polygon","coordinates":[[[16.6019012,48.0475114],[16.601942,48.0474922],[16.6019709,48.0475197],[16.6019301,48.0475388],[16.6019012,48.0475114]]]},"properties":{"voltage":"20000","name":""}},{"type":"Feature","geometry":{"type":"Polygon","coordinates":[[[16.600503,48.0517067],[16.6004937,48.0516864],[16.6004576,48.0516938],[16.6004611,48.0517014],[16.600467,48.0517141],[16.6004801,48.0517114],[16.600503,48.0517067]]]},"properties":{"voltage":"20000","name":""}},{"type":"Feature","geometry":{"type":"Polygon","coordinates":[[[15.5988715,48.4052233],[15.5989155,48.4052249],[15.5989127,48.4052603],[15.5988686,48.4052587],[15.5988715,48.4052233]]]},"properties":{"voltage":"20000;400","name":""}},{"type":"Feature","geometry":{"type":"Polygon","coordinates":[[[16.3093659,48.0910086],[16.3093554,48.0910187],[16.3093705,48.0910257],[16.309381,48.0910157],[16.3093659,48.0910086]]]},"properties":{"voltage":"20000","name":""}},{"type":"Feature","geometry":{"type":"Polygon","coordinates":[[[16.3113614,48.0841816],[16.3114235,48.0841729],[16.3114099,48.0841299],[16.3113479,48.0841386],[16.3113614,48.0841816]]]},"properties":{"voltage":"20000","name":""}},{"type":"Feature","geometry":{"type":"Polygon","coordinates":[[[16.1493117,48.1334434],[16.1493293,48.1334477],[16.1493336,48.1334399],[16.1493159,48.1334357],[16.1493117,48.1334434]]]},"properties":{"voltage":"20000","name":""}},{"type":"Feature","geometry":{"type":"Polygon","coordinates":[[[16.2719802,48.1389493],[16.2719557,48.1389164],[16.2721338,48.1388573],[16.2721583,48.1388903],[16.2719802,48.1389493]]]},"properties":{"voltage":"20000","name":""}},{"type":"Feature","geometry":{"type":"Polygon","coordinates":[[[16.1847987,48.1278525],[16.1848455,48.1278687],[16.1848712,48.1278356],[16.1848244,48.1278195],[16.1847987,48.1278525]]]},"properties":{"voltage":"20000","name":""}},{"type":"Feature","geometry":{"type":"Polygon","coordinates":[[[16.1754764,48.12262],[16.1755102,48.1226321],[16.1755289,48.1226088],[16.175495,48.1225967],[16.1754764,48.12262]]]},"properties":{"voltage":"20000","name":""}},{"type":"Feature","geometry":{"type":"Polygon","coordinates":[[[16.4199867,48.1614186],[16.4199462,48.1613914],[16.4198771,48.1614413],[16.4199231,48.1614673],[16.4199867,48.1614186]]]},"properties":{"voltage":"","name":""}},{"type":"Feature","geometry":{"type":"Polygon","coordinates":[[[16.3369908,48.1411384],[16.3370561,48.1411275],[16.3370498,48.1411106],[16.3369845,48.1411215],[16.3369908,48.1411384]]]},"properties":{"voltage":"","name":""}},{"type":"Feature","geometry":{"type":"Polygon","coordinates":[[[16.1632584,48.2465162],[16.1633174,48.2464948],[16.1632863,48.2464569],[16.1632273,48.2464783],[16.1632584,48.2465162]]]},"properties":{"voltage":"20000","name":""}},{"type":"Feature","geometry":{"type":"Polygon","coordinates":[[[16.1616828,48.2437703],[16.1617442,48.2437482],[16.1617126,48.2437092],[16.1616511,48.2437312],[16.1616828,48.2437703]]]},"properties":{"voltage":"20000","name":""}},{"type":"Feature","geometry":{"type":"Polygon","coordinates":[[[16.1739654,48.2412869],[16.1740343,48.2412787],[16.1740215,48.2412307],[16.1739526,48.2412389],[16.1739654,48.2412869]]]},"properties":{"voltage":"20000","name":""}},{"type":"Feature","geometry":{"type":"Polygon","coordinates":[[[16.1765104,48.2406806],[16.1764968,48.2406417],[16.1764105,48.240655],[16.176424,48.2406939],[16.1765104,48.2406806]]]},"properties":{"voltage":"20000","name":""}},{"type":"Feature","geometry":{"type":"Polygon","coordinates":[[[16.1819563,48.237811],[16.1819664,48.2377933],[16.1819245,48.2377826],[16.1819144,48.2378003],[16.1819563,48.237811]]]},"properties":{"voltage":"20000","name":""}},{"type":"Feature","geometry":{"type":"Polygon","coordinates":[[[15.8209366,48.3187594],[15.8209365,48.3187335],[15.8209605,48.3187334],[15.8209607,48.3187593],[15.8209366,48.3187594]]]},"properties":{"voltage":"","name":"TST Reidling 1"}},{"type":"Feature","geometry":{"type":"Polygon","coordinates":[[[16.4020082,48.1409154],[16.4020174,48.1409313],[16.4020583,48.1409208],[16.4020491,48.1409049],[16.4020082,48.1409154]]]},"properties":{"voltage":"","name":""}},{"type":"Feature","geometry":{"type":"Polygon","coordinates":[[[15.8292998,48.2973534],[15.8293262,48.2973727],[15.8293432,48.2973623],[15.8293167,48.2973431],[15.8292998,48.2973534]]]},"properties":{"voltage":"","name":"TST Hasendorf"}},{"type":"Feature","geometry":{"type":"Polygon","coordinates":[[[15.8102006,48.3283053],[15.8102085,48.3282791],[15.8102314,48.3282822],[15.8102234,48.3283084],[15.8102006,48.3283053]]]},"properties":{"voltage":"","name":"TST Reidling Seepark"}},{"type":"Feature","geometry":{"type":"Polygon","coordinates":[[[16.109161,48.1807103],[16.1092136,48.1807066],[16.1092086,48.1806751],[16.1091561,48.1806787],[16.109161,48.1807103]]]},"properties":{"voltage":"20000","name":""}},{"type":"Feature","geometry":{"type":"Polygon","coordinates":[[[16.1037673,48.1846675],[16.1038179,48.1846778],[16.1038385,48.1846327],[16.1037879,48.1846224],[16.1037673,48.1846675]]]},"properties":{"voltage":"20000","name":""}},{"type":"Feature","geometry":{"type":"Polygon","coordinates":[[[16.0975528,48.1833391],[16.0975984,48.1833412],[16.0975956,48.1833689],[16.09755,48.1833668],[16.0975528,48.1833391]]]},"properties":{"voltage":"20000","name":""}},{"type":"Feature","geometry":{"type":"Polygon","coordinates":[[[16.1034225,48.1891744],[16.1034563,48.1891666],[16.1034342,48.189124],[16.1034004,48.1891318],[16.1034225,48.1891744]]]},"properties":{"voltage":"20000","name":""}},{"type":"Feature","geometry":{"type":"Polygon","coordinates":[[[16.0998899,48.1880796],[16.0999295,48.1880749],[16.099923,48.1880504],[16.0998834,48.1880551],[16.0998899,48.1880796]]]},"properties":{"voltage":"20000","name":""}},{"type":"Feature","geometry":{"type":"Polygon","coordinates":[[[16.0939849,48.1912069],[16.0940032,48.1911931],[16.0940353,48.1912121],[16.0940171,48.1912258],[16.0939849,48.1912069]]]},"properties":{"voltage":"20000","name":""}},{"type":"Feature","geometry":{"type":"Polygon","coordinates":[[[16.0910347,48.1909414],[16.091072,48.1909671],[16.091097,48.1909511],[16.0910597,48.1909253],[16.0910347,48.1909414]]]},"properties":{"voltage":"20000","name":""}},{"type":"Feature","geometry":{"type":"Polygon","coordinates":[[[16.0918391,48.1868656],[16.091841,48.1868457],[16.0917964,48.1868438],[16.0917945,48.1868637],[16.0918391,48.1868656]]]},"properties":{"voltage":"20000","name":""}},{"type":"Feature","geometry":{"type":"Polygon","coordinates":[[[16.0820343,48.1903825],[16.0820743,48.1903626],[16.0820569,48.190347],[16.0820169,48.1903669],[16.0820343,48.1903825]]]},"properties":{"voltage":"20000","name":""}},{"type":"Feature","geometry":{"type":"Polygon","coordinates":[[[16.0697524,48.178165],[16.0698,48.1781669],[16.0698019,48.1781456],[16.0697543,48.1781436],[16.0697524,48.178165]]]},"properties":{"voltage":"20000","name":""}},{"type":"Feature","geometry":{"type":"Polygon","coordinates":[[[16.3116656,48.0791755],[16.3116458,48.079111],[16.3117119,48.0791048],[16.3117304,48.0791644],[16.3116656,48.0791755]]]},"properties":{"voltage":"","name":""}},{"type":"Feature","geometry":{"type":"Polygon","coordinates":[[[16.257485,48.0072561],[16.2575035,48.0071867],[16.257406,48.007175],[16.2573874,48.0072444],[16.257485,48.0072561]]]},"properties":{"voltage":"","name":""}},{"type":"Feature","geometry":{"type":"Polygon","coordinates":[[[15.6330567,48.4256115],[15.633021,48.4256011],[15.6330302,48.4255873],[15.6330659,48.4255977],[15.6330567,48.4256115]]]},"properties":{"voltage":"","name":""}},{"type":"Feature","geometry":{"type":"Polygon","coordinates":[[[15.6513139,48.2112667],[15.6512848,48.2112984],[15.6512361,48.2112785],[15.6512652,48.2112468],[15.6513139,48.2112667]]]},"properties":{"voltage":"","name":""}},{"type":"Feature","geometry":{"type":"Polygon","coordinates":[[[16.4284044,48.1849368],[16.4284355,48.1849812],[16.4284702,48.1849705],[16.4284391,48.184926],[16.4284044,48.1849368]]]},"properties":{"voltage":"","name":""}},{"type":"Feature","geometry":{"type":"Polygon","coordinates":[[[15.780008,48.2897081],[15.7800315,48.2897027],[15.7800177,48.289676],[15.7799942,48.2896814],[15.780008,48.2897081]]]},"properties":{"voltage":"","name":"TST Heiligenkreuz"}},{"type":"Feature","geometry":{"type":"Polygon","coordinates":[[[16.4890546,48.2429407],[16.4890723,48.2429922],[16.4890417,48.2429968],[16.4890235,48.2429454],[16.4890546,48.2429407]]]},"properties":{"voltage":"","name":""}},{"type":"Feature","geometry":{"type":"Polygon","coordinates":[[[15.621207,48.1240715],[15.6212118,48.124056],[15.621256,48.1240621],[15.6212512,48.1240777],[15.621207,48.1240715]]]},"properties":{"voltage":"","name":"TST Ganzendorf"}},{"type":"Feature","geometry":{"type":"Polygon","coordinates":[[[16.4074636,48.1772066],[16.4074446,48.1771619],[16.4073858,48.177173],[16.4074048,48.1772177],[16.4074636,48.1772066]]]},"properties":{"voltage":"","name":""}},{"type":"Feature","geometry":{"type":"Polygon","coordinates":[[[16.3024423,48.2293969],[16.3024313,48.2293759],[16.3024531,48.2293709],[16.302464,48.2293918],[16.3024423,48.2293969]]]},"properties":{"voltage":"","name":""}},{"type":"Feature","geometry":{"type":"Polygon","coordinates":[[[15.5857618,48.0985384],[15.5857536,48.0985198],[15.5857948,48.0985117],[15.585803,48.0985303],[15.5857618,48.0985384]]]},"properties":{"voltage":"","name":"TST Grubtal 3"}},{"type":"Feature","geometry":{"type":"Polygon","coordinates":[[[15.9389488,48.3047633],[15.9389491,48.3047381],[15.93892,48.3047379],[15.9389196,48.3047631],[15.9389488,48.3047633]]]},"properties":{"voltage":"","name":"TST Rust B\u00e4ckerkreuz"}},{"type":"Feature","geometry":{"type":"Polygon","coordinates":[[[15.6412336,48.075882],[15.6412577,48.075896],[15.641298,48.075865],[15.6412739,48.075851],[15.6412336,48.075882]]]},"properties":{"voltage":"","name":"TST Schwarzenbach Auer"}},{"type":"Feature","geometry":{"type":"Polygon","coordinates":[[[16.0702849,48.0534206],[16.0702748,48.0533812],[16.070311,48.053377],[16.0703211,48.0534165],[16.0702849,48.0534206]]]},"properties":{"voltage":"","name":""}},{"type":"Feature","geometry":{"type":"Polygon","coordinates":[[[16.074613,48.0563723],[16.0745664,48.0563629],[16.0745756,48.0563426],[16.0746221,48.056352],[16.074613,48.0563723]]]},"properties":{"voltage":"","name":""}},{"type":"Feature","geometry":{"type":"Polygon","coordinates":[[[16.0764476,48.0581767],[16.0764465,48.058161],[16.0764924,48.0581595],[16.0764935,48.0581753],[16.0764476,48.0581767]]]},"properties":{"voltage":"","name":""}},{"type":"Feature","geometry":{"type":"Polygon","coordinates":[[[16.3283313,48.1525547],[16.3283507,48.1525864],[16.3283814,48.1525781],[16.328362,48.1525464],[16.3283313,48.1525547]]]},"properties":{"voltage":"","name":""}},{"type":"Feature","geometry":{"type":"Polygon","coordinates":[[[16.6375115,48.652723],[16.6375429,48.651802],[16.6401402,48.6518782],[16.6400554,48.6528332],[16.6375115,48.652723]]]},"properties":{"voltage":"","name":"Umspannwerk Poysdorf"}},{"type":"Feature","geometry":{"type":"Polygon","coordinates":[[[16.0970014,48.5584438],[16.0970298,48.5584438],[16.0970297,48.5584703],[16.0970013,48.5584703],[16.0970014,48.5584438]]]},"properties":{"voltage":"","name":""}},{"type":"Feature","geometry":{"type":"Polygon","coordinates":[[[16.5489366,48.1944145],[16.5489131,48.1943747],[16.548966,48.1943608],[16.5489895,48.1944006],[16.5489366,48.1944145]]]},"properties":{"voltage":"","name":""}},{"type":"Feature","geometry":{"type":"Polygon","coordinates":[[[15.9968273,48.293669],[15.9968247,48.2936865],[15.996786,48.293684],[15.9967885,48.2936665],[15.9968273,48.293669]]]},"properties":{"voltage":"20000;400","name":""}},{"type":"Feature","geometry":{"type":"Polygon","coordinates":[[[15.933603,48.2967855],[15.9336283,48.2967867],[15.9336256,48.296812],[15.9336002,48.2968108],[15.933603,48.2967855]]]},"properties":{"voltage":"20000;400","name":""}},{"type":"Feature","geometry":{"type":"Polygon","coordinates":[[[16.322546,48.3415482],[16.3226011,48.341582],[16.3225549,48.3416153],[16.3224997,48.3415816],[16.322546,48.3415482]]]},"properties":{"voltage":"20000;400","name":"TST Korneuburg Schiffwerft Wohnsiedl."}},{"type":"Feature","geometry":{"type":"Polygon","coordinates":[[[15.9412362,48.2981401],[15.9412393,48.2981575],[15.9412009,48.2981606],[15.9411978,48.2981432],[15.9412362,48.2981401]]]},"properties":{"voltage":"20000;400","name":""}},{"type":"Feature","geometry":{"type":"Polygon","coordinates":[[[16.8925674,48.8097265],[16.8925987,48.8097421],[16.892625,48.8097191],[16.8925937,48.8097036],[16.8925674,48.8097265]]]},"properties":{"voltage":"22000;400","name":""}},{"type":"Feature","geometry":{"type":"Polygon","coordinates":[[[16.2807447,48.1923624],[16.2807392,48.1923305],[16.2808545,48.1923218],[16.28086,48.1923537],[16.2807447,48.1923624]]]},"properties":{"voltage":"","name":""}},{"type":"Feature","geometry":{"type":"Polygon","coordinates":[[[16.4494749,48.2594755],[16.4495168,48.2595364],[16.4494628,48.2595528],[16.4494209,48.2594919],[16.4494749,48.2594755]]]},"properties":{"voltage":"","name":""}},{"type":"Feature","geometry":{"type":"Polygon","coordinates":[[[15.1357791,48.9475006],[15.1358134,48.9475199],[15.135841,48.9474987],[15.1358067,48.9474794],[15.1357791,48.9475006]]]},"properties":{"voltage":"","name":""}},{"type":"Feature","geometry":{"type":"Polygon","coordinates":[[[17.0624991,48.152415],[17.0625548,48.1524334],[17.0625737,48.1524079],[17.062518,48.1523896],[17.0624991,48.152415]]]},"properties":{"voltage":"","name":"TS-1130"}},{"type":"Feature","geometry":{"type":"Polygon","coordinates":[[[15.4225711,48.5076161],[15.4226134,48.5076165],[15.422613,48.507638],[15.4225706,48.5076376],[15.4225711,48.5076161]]]},"properties":{"voltage":"20000;400","name":""}},{"type":"Feature","geometry":{"type":"Polygon","coordinates":[[[15.2228775,48.2025649],[15.2229154,48.2025699],[15.2229212,48.2025502],[15.2228833,48.2025452],[15.2228775,48.2025649]]]},"properties":{"voltage":"","name":""}},{"type":"Feature","geometry":{"type":"Polygon","coordinates":[[[16.4626581,48.2670732],[16.4626126,48.267107],[16.4626378,48.267122],[16.4626833,48.2670882],[16.4626581,48.2670732]]]},"properties":{"voltage":"","name":""}},{"type":"Feature","geometry":{"type":"Polygon","coordinates":[[[16.567046,48.2453652],[16.567079,48.245355],[16.5670539,48.245319],[16.5670209,48.2453292],[16.567046,48.2453652]]]},"properties":{"voltage":"20000","name":""}},{"type":"Feature","geometry":{"type":"Polygon","coordinates":[[[16.4675526,48.2670851],[16.4674969,48.2671261],[16.46754,48.267152],[16.4675957,48.267111],[16.4675526,48.2670851]]]},"properties":{"voltage":"","name":""}},{"type":"Feature","geometry":{"type":"Polygon","coordinates":[[[16.4670202,48.2664755],[16.4670227,48.2664814],[16.46708,48.2664705],[16.4670526,48.2664065],[16.4669953,48.2664174],[16.4670063,48.2664431],[16.4670202,48.2664755]]]},"properties":{"voltage":"","name":""}},{"type":"Feature","geometry":{"type":"Polygon","coordinates":[[[16.4650666,48.2677934],[16.465113,48.2677735],[16.4651494,48.2678092],[16.4651041,48.2678291],[16.4650666,48.2677934]]]},"properties":{"voltage":"","name":""}},{"type":"Feature","geometry":{"type":"Polygon","coordinates":[[[16.4638993,48.2658519],[16.4638707,48.2658116],[16.4639062,48.2658004],[16.4639348,48.2658407],[16.4638993,48.2658519]]]},"properties":{"voltage":"","name":""}},{"type":"Feature","geometry":{"type":"Polygon","coordinates":[[[16.4693057,48.2587749],[16.4693306,48.2588175],[16.469364,48.2588089],[16.4693391,48.2587663],[16.4693057,48.2587749]]]},"properties":{"voltage":"","name":""}},{"type":"Feature","geometry":{"type":"Polygon","coordinates":[[[16.3776525,48.2874884],[16.3775748,48.2874678],[16.377583,48.2874549],[16.377589,48.2874564],[16.3776041,48.2874329],[16.3776763,48.2874514],[16.3776525,48.2874884]]]},"properties":{"voltage":"","name":""}},{"type":"Feature","geometry":{"type":"Polygon","coordinates":[[[16.3618989,48.1565116],[16.3618764,48.1564635],[16.3619641,48.1564453],[16.3619866,48.1564934],[16.3618989,48.1565116]]]},"properties":{"voltage":"","name":""}},{"type":"Feature","geometry":{"type":"Polygon","coordinates":[[[16.3637977,48.3063185],[16.3637751,48.3062946],[16.3638222,48.3062749],[16.3638448,48.3062989],[16.3637977,48.3063185]]]},"properties":{"voltage":"","name":""}},{"type":"Feature","geometry":{"type":"Polygon","coordinates":[[[16.2961935,48.0803796],[16.2961985,48.0804103],[16.2963445,48.0803964],[16.2963404,48.0803662],[16.2961935,48.0803796]]]},"properties":{"voltage":"20000","name":""}},{"type":"Feature","geometry":{"type":"Polygon","coordinates":[[[16.2983101,48.080362],[16.2983154,48.0802954],[16.2982639,48.0802934],[16.298259,48.080362],[16.2983101,48.080362]]]},"properties":{"voltage":"20000","name":""}},{"type":"Feature","geometry":{"type":"Polygon","coordinates":[[[16.2984363,48.0786248],[16.2984666,48.0786242],[16.2984679,48.0785923],[16.2984384,48.078593],[16.2984363,48.0786248]]]},"properties":{"voltage":"20000","name":""}},{"type":"Feature","geometry":{"type":"Polygon","coordinates":[[[16.4499099,48.0740184],[16.4498622,48.0740006],[16.4499378,48.0739099],[16.4499856,48.0739277],[16.4499099,48.0740184]]]},"properties":{"voltage":"","name":""}},{"type":"Feature","geometry":{"type":"Polygon","coordinates":[[[16.4464374,48.0765676],[16.4464587,48.0765549],[16.4464793,48.0765426],[16.4465158,48.0765699],[16.4464739,48.0765949],[16.4464374,48.0765676]]]},"properties":{"voltage":"","name":""}},{"type":"Feature","geometry":{"type":"Polygon","coordinates":[[[16.4495297,48.0794761],[16.4495334,48.079425],[16.4495766,48.0794264],[16.4495729,48.0794775],[16.4495297,48.0794761]]]},"properties":{"voltage":"","name":""}},{"type":"Feature","geometry":{"type":"Polygon","coordinates":[[[16.4495506,48.0793879],[16.4495557,48.0792807],[16.4495908,48.0792815],[16.4495858,48.0793887],[16.4495506,48.0793879]]]},"properties":{"voltage":"","name":""}},{"type":"Feature","geometry":{"type":"Polygon","coordinates":[[[16.4492337,48.079229],[16.4492111,48.0791898],[16.4492951,48.0791681],[16.4493178,48.0792073],[16.4492337,48.079229]]]},"properties":{"voltage":"","name":""}},{"type":"Feature","geometry":{"type":"Polygon","coordinates":[[[16.44499,48.0855266],[16.4450439,48.0855117],[16.44502,48.085473],[16.4449661,48.0854878],[16.44499,48.0855266]]]},"properties":{"voltage":"","name":""}},{"type":"Feature","geometry":{"type":"Polygon","coordinates":[[[16.4443769,48.0887127],[16.444438,48.0886938],[16.4444229,48.0886719],[16.4443618,48.0886908],[16.4443769,48.0887127]]]},"properties":{"voltage":"","name":""}},{"type":"Feature","geometry":{"type":"Polygon","coordinates":[[[15.4086714,48.7953736],[15.4087429,48.7953411],[15.4086739,48.7952729],[15.4086024,48.7953086],[15.4086714,48.7953736]]]},"properties":{"voltage":"","name":""}},{"type":"Feature","geometry":{"type":"Polygon","coordinates":[[[16.4355778,48.0769652],[16.4355788,48.0769302],[16.4356281,48.0769309],[16.435627,48.0769658],[16.4355778,48.0769652]]]},"properties":{"voltage":"","name":""}},{"type":"Feature","geometry":{"type":"Polygon","coordinates":[[[15.0867873,48.9896306],[15.0868204,48.9896132],[15.0867945,48.989592],[15.0867614,48.9896094],[15.0867873,48.9896306]]]},"properties":{"voltage":"","name":""}},{"type":"Feature","geometry":{"type":"Polygon","coordinates":[[[16.4405059,48.0873344],[16.4403627,48.0872435],[16.4403937,48.0872218],[16.4405368,48.0873127],[16.4405059,48.0873344]]]},"properties":{"voltage":"","name":""}},{"type":"Feature","geometry":{"type":"Polygon","coordinates":[[[16.4443457,48.0786569],[16.4443049,48.0786256],[16.4443572,48.0785961],[16.4443985,48.0786278],[16.4443457,48.0786569]]]},"properties":{"voltage":"","name":""}},{"type":"Feature","geometry":{"type":"Polygon","coordinates":[[[16.3911889,48.2289612],[16.3912229,48.2289335],[16.3911061,48.2288708],[16.3910688,48.2288998],[16.3911889,48.2289612]]]},"properties":{"voltage":"","name":""}},{"type":"Feature","geometry":{"type":"Polygon","coordinates":[[[16.4453234,48.0829728],[16.4454149,48.0829805],[16.4454202,48.0829527],[16.4453287,48.082945],[16.4453234,48.0829728]]]},"properties":{"voltage":"","name":""}},{"type":"Feature","geometry":{"type":"Polygon","coordinates":[[[16.4485404,48.0873489],[16.4484963,48.0872965],[16.4485261,48.0872853],[16.4485702,48.0873377],[16.4485404,48.0873489]]]},"properties":{"voltage":"","name":""}},{"type":"Feature","geometry":{"type":"Polygon","coordinates":[[[16.4501644,48.0876671],[16.4501641,48.0876188],[16.4502741,48.0876184],[16.4502744,48.0876668],[16.4501644,48.0876671]]]},"properties":{"voltage":"","name":""}},{"type":"Feature","geometry":{"type":"Polygon","coordinates":[[[16.0439185,48.1721656],[16.0439252,48.1721513],[16.0439596,48.1721584],[16.0439529,48.1721727],[16.0439185,48.1721656]]]},"properties":{"voltage":"","name":"TST Pressbaum Hintere D\u00fcrrwienstrasse"}},{"type":"Feature","geometry":{"type":"Polygon","coordinates":[[[16.081258,48.1848522],[16.0812796,48.1848287],[16.0813067,48.1848398],[16.0812852,48.1848633],[16.081258,48.1848522]]]},"properties":{"voltage":"","name":""}},{"type":"Feature","geometry":{"type":"Polygon","coordinates":[[[16.0441939,48.1747933],[16.0441937,48.1747758],[16.0442373,48.1747755],[16.0442375,48.174793],[16.0441939,48.1747933]]]},"properties":{"voltage":"","name":"TST Pressbaum Lastberg"}},{"type":"Feature","geometry":{"type":"Polygon","coordinates":[[[16.4385499,48.0842958],[16.4385322,48.084257],[16.438591,48.084245],[16.4386087,48.0842839],[16.4385499,48.0842958]]]},"properties":{"voltage":"","name":""}},{"type":"Feature","geometry":{"type":"Polygon","coordinates":[[[16.4358724,48.0813191],[16.4358735,48.0813099],[16.4358761,48.0812875],[16.4359408,48.0812909],[16.4359383,48.0813123],[16.4359371,48.0813225],[16.4358724,48.0813191]]]},"properties":{"voltage":"20000;400","name":""}},{"type":"Feature","geometry":{"type":"Polygon","coordinates":[[[16.4444267,48.0886615],[16.4444549,48.088653],[16.444446,48.0886398],[16.4444178,48.0886483],[16.4444267,48.0886615]]]},"properties":{"voltage":"","name":""}},{"type":"Feature","geometry":{"type":"Polygon","coordinates":[[[16.3624098,48.9383064],[16.3624609,48.9383007],[16.3624551,48.9382782],[16.362404,48.9382838],[16.3624098,48.9383064]]]},"properties":{"voltage":"22000","name":""}},{"type":"Feature","geometry":{"type":"Polygon","coordinates":[[[15.1671728,48.9233631],[15.1671942,48.9233461],[15.1672191,48.9233596],[15.1671977,48.9233766],[15.1671728,48.9233631]]]},"properties":{"voltage":"","name":""}},{"type":"Feature","geometry":{"type":"Polygon","coordinates":[[[16.4395997,48.1561123],[16.4396738,48.156205],[16.4397221,48.1561878],[16.4396481,48.1560951],[16.4395997,48.1561123]]]},"properties":{"voltage":"","name":""}},{"type":"Feature","geometry":{"type":"Polygon","coordinates":[[[16.2123523,48.0782656],[16.2123351,48.0782495],[16.2123469,48.0782438],[16.2123641,48.0782599],[16.2123523,48.0782656]]]},"properties":{"voltage":"","name":""}},{"type":"Feature","geometry":{"type":"Polygon","coordinates":[[[15.1706883,48.8959304],[15.1707055,48.8959085],[15.1707409,48.8959205],[15.1707237,48.8959424],[15.1706883,48.8959304]]]},"properties":{"voltage":"","name":""}},{"type":"Feature","geometry":{"type":"Polygon","coordinates":[[[16.6718003,48.1511542],[16.6718222,48.1511395],[16.6718558,48.1511618],[16.6718338,48.1511765],[16.6718003,48.1511542]]]},"properties":{"voltage":"20000","name":""}},{"type":"Feature","geometry":{"type":"Polygon","coordinates":[[[16.6198844,48.1719022],[16.6199442,48.1719245],[16.6199806,48.1718812],[16.6199208,48.1718589],[16.6198844,48.1719022]]]},"properties":{"voltage":"20000","name":""}},{"type":"Feature","geometry":{"type":"Polygon","coordinates":[[[16.6169895,48.1742251],[16.6170399,48.1742582],[16.6170812,48.1742303],[16.6170307,48.1741972],[16.6169895,48.1742251]]]},"properties":{"voltage":"20000","name":""}},{"type":"Feature","geometry":{"type":"Polygon","coordinates":[[[15.8182193,48.3304224],[15.8182763,48.330416],[15.8182587,48.3303463],[15.8182017,48.3303527],[15.8182193,48.3304224]]]},"properties":{"voltage":"","name":""}},{"type":"Feature","geometry":{"type":"Polygon","coordinates":[[[15.8533797,48.3353159],[15.8534035,48.3353163],[15.8534044,48.3352893],[15.8533805,48.335289],[15.8533797,48.3353159]]]},"properties":{"voltage":"","name":"TST Kaindorf"}},{"type":"Feature","geometry":{"type":"Polygon","coordinates":[[[15.8479593,48.334418],[15.8479818,48.3344257],[15.8479997,48.3344024],[15.8479772,48.3343948],[15.8479593,48.334418]]]},"properties":{"voltage":"","name":"TST Kaindorf Tullner Str."}},{"type":"Feature","geometry":{"type":"Polygon","coordinates":[[[17.1272129,48.1295681],[17.127366,48.1295616],[17.1279893,48.129543],[17.1279873,48.129501],[17.1279854,48.1294678],[17.1286362,48.1294368],[17.1286723,48.1298695],[17.1285669,48.1298724],[17.1285742,48.1299902],[17.1272642,48.1300519],[17.1272153,48.1295811],[17.1272129,48.1295681]]]},"properties":{"voltage":"","name":""}},{"type":"Feature","geometry":{"type":"Polygon","coordinates":[[[16.3369967,48.086569],[16.3369946,48.0865426],[16.337061,48.0865403],[16.3370631,48.0865667],[16.3369967,48.086569]]]},"properties":{"voltage":"","name":""}},{"type":"Feature","geometry":{"type":"Polygon","coordinates":[[[17.0495863,48.4420889],[17.0496534,48.4420951],[17.0496601,48.4420666],[17.0495957,48.4420595],[17.0495863,48.4420889]]]},"properties":{"voltage":"","name":""}},{"type":"Feature","geometry":{"type":"Polygon","coordinates":[[[15.8226176,48.3207177],[15.8226217,48.3206792],[15.8226634,48.3206811],[15.8226593,48.3207196],[15.8226176,48.3207177]]]},"properties":{"voltage":"","name":"TST Reidling Anton-Keiblinger-Str."}},{"type":"Feature","geometry":{"type":"Polygon","coordinates":[[[15.6172629,48.096228],[15.6172755,48.0962429],[15.6173151,48.0962279],[15.6173025,48.096213],[15.6172629,48.096228]]]},"properties":{"voltage":"","name":""}},{"type":"Feature","geometry":{"type":"Polygon","coordinates":[[[16.2078933,48.0072731],[16.2079501,48.0072417],[16.2078949,48.007197],[16.2078381,48.0072284],[16.2078933,48.0072731]]]},"properties":{"voltage":"20000","name":""}},{"type":"Feature","geometry":{"type":"Polygon","coordinates":[[[16.6397933,48.6689355],[16.6398,48.6689115],[16.639848,48.6689173],[16.6398413,48.6689413],[16.6397933,48.6689355]]]},"properties":{"voltage":"","name":""}}]}