{"type":"FeatureCollection","features":[{"type":"Feature","geometry":{"type":"LineString","coordinates":[[6.0721447,48.5195727],[6.0659534,48.5195174],[6.0615523,48.516317],[6.0567566,48.5127915],[6.0521641,48.5094481],[6.0467464,48.5054467],[6.0411254,48.5012945],[6.0353729,48.4971102],[6.0294646,48.4927964],[6.0240464,48.4888332],[6.0185815,48.4878572],[6.0114877,48.4866065],[6.004561,48.4853841],[5.9977444,48.4841669],[5.9890853,48.4826197],[5.9798959,48.4810241],[5.974546,48.480077],[5.9700048,48.4791258],[5.9616771,48.4773833],[5.9548852,48.4759696],[5.9473626,48.4743967],[5.9422679,48.4733452],[5.932186,48.4712123],[5.9248189,48.4696979],[5.9184107,48.468334],[5.9134454,48.468675],[5.9075852,48.4690318],[5.9003554,48.469487],[5.8932816,48.4699675],[5.8850774,48.4704829],[5.878081,48.4709507],[5.8714196,48.471363],[5.8625097,48.4719418],[5.8535759,48.4725286],[5.8457783,48.4730122],[5.8373827,48.4735514],[5.8314866,48.4738923],[5.8247056,48.474265],[5.8155924,48.4747803],[5.8087037,48.475153],[5.8030588,48.475486],[5.7950698,48.475922],[5.7859926,48.4764215],[5.7770615,48.4769341],[5.7678885,48.4774494],[5.7608683,48.4778538],[5.7540155,48.4782105],[5.7476889,48.4792491],[5.7398673,48.4805492],[5.7333016,48.4816274],[5.7263411,48.4827769],[5.7199069,48.4837836],[5.7127551,48.484941],[5.7049814,48.4861776],[5.6973871,48.4873983],[5.6878973,48.4888919],[5.6819752,48.4898505],[5.6751543,48.4909493],[5.6695572,48.491837],[5.6605636,48.4932874],[5.6491387,48.4951247],[5.6400889,48.4966161],[5.6336905,48.4976464],[5.626742,48.4987004],[5.6200806,48.4997702],[5.6147825,48.5006181],[5.6080134,48.5013155],[5.6027157,48.5018774],[5.5963755,48.5025167],[5.589225,48.5032886],[5.5823482,48.5039701],[5.575316,48.5046991],[5.5684393,48.5054123],[5.5609407,48.5061888],[5.5553077,48.5069415],[5.5489094,48.5078052],[5.5441734,48.5085341],[5.5375117,48.5079135],[5.5288504,48.507126],[5.5214139,48.5064516],[5.5151483,48.5058799],[5.5069234,48.5051286],[5.5001862,48.504501],[5.4938856,48.5039478],[5.4874732,48.5033758],[5.481815,48.502858],[5.4753064,48.5022587],[5.4670414,48.5015054],[5.4623342,48.501054],[5.4545964,48.5004042],[5.4480052,48.4997727],[5.4418834,48.4992234],[5.4345044,48.4985419],[5.4254218,48.4976991],[5.4205237,48.497258],[5.4135057,48.496604],[5.4079725,48.4960935],[5.4018429,48.4964576],[5.3957076,48.496838],[5.3901943,48.4971312],[5.3837481,48.4974958],[5.3782347,48.4978603],[5.3728051,48.4981615],[5.3675908,48.4984547],[5.3625797,48.4987479],[5.3563488,48.4991204],[5.3492938,48.499511],[5.3439869,48.4998231],[5.3352043,48.5003725],[5.3293202,48.5006578],[5.3205419,48.5011649],[5.3138685,48.5015532],[5.3075658,48.5019177],[5.300426,48.5023219],[5.2941113,48.5026864],[5.286452,48.5031285],[5.2798197,48.5035184],[5.2697161,48.504074],[5.2585556,48.5047229],[5.253126,48.5050557],[5.2434627,48.5055945],[5.2357249,48.5060541],[5.2286926,48.5065453],[5.2221269,48.5069891],[5.215298,48.5074486],[5.2079787,48.5079716],[5.200516,48.5084787],[5.1916061,48.5090808],[5.1834497,48.5096434],[5.1728655,48.5103723],[5.1627358,48.5110537],[5.1558351,48.5115449],[5.1498075,48.5119648],[5.1426916,48.5124402],[5.1312343,48.5132562],[5.1260559,48.5135889],[5.1211166,48.5140881],[5.1079395,48.5154367],[5.1011824,48.5158526],[5.0962491,48.5162784],[5.0900177,48.5166374],[5.0840653,48.5170013],[5.0772484,48.5174667],[5.0713882,48.5178826],[5.0657971,48.5178529],[5.0601014,48.5178232],[5.0520361,48.5177889],[5.0452279,48.5177883],[5.0379773,48.517758],[5.0319643,48.5177215],[5.0267533,48.517685],[5.0209752,48.5176494],[5.0142374,48.5176445],[5.0084937,48.5175918],[5.0013907,48.5175715],[4.9940795,48.5175431],[4.984815,48.5174944],[4.9780794,48.5174741],[4.970028,48.5173912],[4.9635427,48.5175309],[4.9573398,48.5176404],[4.9508062,48.5177986],[4.9449999,48.5178667],[4.9382917,48.5179917],[4.9308861,48.5181278],[4.9236903,48.5182611],[4.9151014,48.5184394],[4.9085617,48.5184719],[4.9022363,48.5183015],[4.8955497,48.5179325],[4.8880426,48.5175147],[4.8819621,48.5171699],[4.8749816,48.5167887],[4.8679888,48.5164074],[4.8605919,48.515081],[4.8547258,48.5140223],[4.8464532,48.5125337],[4.840134,48.5114019],[4.8346781,48.5104243],[4.8296203,48.5095197],[4.8209926,48.5079254],[4.8150714,48.5068909],[4.8086787,48.5057671],[4.8023533,48.5045906],[4.7970689,48.5036494],[4.7913437,48.5026026],[4.7852142,48.5032396],[4.7774622,48.5040145],[4.7702857,48.5047448],[4.763648,48.5054304],[4.7580085,48.5059903],[4.752669,48.5065258],[4.7474519,48.5070897],[4.7401469,48.5078483],[4.7323239,48.5086124],[4.7257471,48.5084578],[4.7198598,48.5083248],[4.7133844,48.508153],[4.7067614,48.5079794],[4.700457,48.5078172],[4.6940792,48.5082139],[4.6880234,48.5085809],[4.6819189,48.5089414],[4.6747559,48.5093869],[4.667537,48.5098307],[4.660062,48.5102865],[4.6531695,48.5107104],[4.6459964,48.5111547],[4.6388548,48.5115861],[4.6313582,48.5120444],[4.6226488,48.5125797],[4.6155986,48.5132269],[4.6080741,48.5139416],[4.6014751,48.514559],[4.5949054,48.5151725],[4.5895388,48.5163469],[4.58272,48.5178462],[4.5740974,48.5197246],[4.5679105,48.5199815],[4.5594618,48.5203246],[4.5510071,48.520656],[4.543436,48.5209492],[4.5356107,48.5212713],[4.5273706,48.5215908],[4.519797,48.5218864],[4.5127762,48.5221733],[4.5055679,48.5224559],[4.4988774,48.5227218],[4.4913388,48.5230188],[4.4828816,48.5233549],[4.4750156,48.5236518],[4.468767,48.523889],[4.4615068,48.5241752],[4.4536381,48.5244967],[4.4444702,48.5243084],[4.4382412,48.5242023],[4.4314284,48.5240756],[4.423998,48.5239297],[4.4179354,48.5238363],[4.411938,48.5237204],[4.4059327,48.5236157],[4.3976578,48.5234647],[4.392438,48.5233635],[4.3836063,48.5231961],[4.3758605,48.5230549],[4.3693021,48.5229366],[4.3617867,48.5227847],[4.3544759,48.522653],[4.3465429,48.5224984],[4.3393565,48.5223601],[4.3322261,48.5226371],[4.3248649,48.5229272],[4.3191024,48.5231448],[4.310405,48.5234867],[4.303412,48.5237571],[4.2954981,48.524074],[4.2875639,48.5229495],[4.2799417,48.5218736],[4.273598,48.5217516],[4.268312,48.5216635],[4.2618396,48.5215456],[4.2556474,48.5214341],[4.2483416,48.5212956],[4.2409679,48.5207758],[4.2347541,48.5203341],[4.2271587,48.5200711],[4.221297,48.5198667],[4.2150197,48.5196581],[4.2093953,48.5194577],[4.2031613,48.5192419],[4.1966493,48.5190176],[4.1889713,48.5187483],[4.1821734,48.5185116],[4.1755312,48.5182746],[4.1685703,48.5180292],[4.1612868,48.5177763],[4.1535659,48.5174997],[4.1471302,48.5172769],[4.1398789,48.5170264],[4.1323223,48.5167482],[4.1260717,48.5165373],[4.119068,48.5162909],[4.11138,48.5160143],[4.1030922,48.515722],[4.0966636,48.5154947],[4.088078,48.5151785],[4.0808513,48.514921],[4.0743507,48.5148228],[4.0668859,48.5147025],[4.059347,48.514586],[4.0522695,48.5144719],[4.0455926,48.514369],[4.0391067,48.5142678],[4.0314653,48.5141418],[4.0240833,48.5140229],[4.0160461,48.5138933],[4.0079667,48.5137638],[4.000083,48.513633],[3.9934213,48.5135278],[3.9872003,48.5134189],[3.9809626,48.513321],[3.9736459,48.5131911],[3.9662691,48.513072],[3.9590068,48.512941],[3.9519771,48.5128291],[3.945363,48.5127258],[3.9380329,48.5126058],[3.9311637,48.5133162]]},"properties":{"voltage":"400000","name":"Ligne 400 Houdreville - M\u00e9ry-sur-Seine"}},{"type":"Feature","geometry":{"type":"LineString","coordinates":[[14.98943,51.7698013],[14.9889216,51.7696376],[14.9884135,51.7685655],[14.9902987,51.7661255],[14.9920281,51.7638562],[14.9935728,51.7618467],[14.995431,51.7594185],[14.9973086,51.756974],[14.9989906,51.7547892],[15.0007432,51.7525043],[15.0024899,51.7502324],[15.003997,51.7482698],[15.0055565,51.7462329],[15.007127,51.744197],[15.0086241,51.7422231],[15.0101988,51.7402135],[15.0112472,51.7388327],[15.0121096,51.7377751],[15.0127269,51.7368771],[15.0141907,51.734934],[15.0155297,51.7332255],[15.016772,51.731615],[15.0185921,51.7292523],[15.0202495,51.727079],[15.0218672,51.7249728],[15.0236736,51.7226118],[15.0253375,51.7204352],[15.0268343,51.7184903],[15.0283917,51.7164402],[15.0301498,51.7141535],[15.0315076,51.7123756],[15.0323003,51.7113141],[15.0336747,51.7095256],[15.0355413,51.7070733],[15.0371526,51.7049744],[15.0387127,51.7029348],[15.0401404,51.7010766],[15.0416291,51.6991283],[15.0433154,51.696933],[15.0447451,51.6950604],[15.0462356,51.6930937],[15.0474151,51.6915509],[15.0490245,51.689442],[15.0505336,51.6874484],[15.0522421,51.6852319],[15.0536639,51.6833648],[15.0549847,51.68163],[15.056518,51.6796209],[15.0582498,51.6773422],[15.0599949,51.6750553],[15.0615436,51.6730216],[15.0630328,51.6710782],[15.0645308,51.6690803],[15.0663168,51.6667475],[15.0680385,51.6644549],[15.0693971,51.6626711],[15.0710347,51.6605492],[15.0730132,51.6579607],[15.0747998,51.6556106],[15.0762883,51.6536589],[15.0772162,51.6524397],[15.0793083,51.6504492]]},"properties":{"voltage":"110000","name":"110kV \u017bary - Budziech\u00f3w"}},{"type":"Feature","geometry":{"type":"LineString","coordinates":[[14.7661588,50.1434647],[14.7656742,50.1424847],[14.7650574,50.1415617],[14.7655279,50.1405667],[14.7676187,50.1397209],[14.7715326,50.138316],[14.7755086,50.1368889],[14.7790642,50.1356125],[14.7832279,50.134924],[14.7881349,50.1341125],[14.7928771,50.1333223],[14.7973456,50.1325778],[14.8017544,50.1318432],[14.8059935,50.1311368],[14.8099357,50.13048],[14.8139285,50.1298457],[14.8177551,50.129177],[14.821685,50.1285221],[14.8256065,50.1278687],[14.8293892,50.1272383],[14.8335033,50.1265527],[14.8377637,50.1258428],[14.842472,50.1250581],[14.8470952,50.1242877],[14.8518653,50.1234927],[14.8567365,50.1226809],[14.8614958,50.1218877],[14.8664178,50.1210899],[14.8701201,50.1205104],[14.8739885,50.1199141],[14.878346,50.1191664],[14.8826798,50.1183954],[14.8868896,50.1177237],[14.8916191,50.1168671],[14.895026,50.1162993],[14.8993339,50.1158978],[14.9041882,50.1154945],[14.9090249,50.1150087],[14.9138774,50.1145422],[14.9185299,50.1141085],[14.9232668,50.113667],[14.9283484,50.1131933],[14.9326787,50.1127897],[14.9374669,50.1128029],[14.9420835,50.1128157],[14.9473752,50.1128303],[14.9520036,50.112843],[14.9562623,50.1128548],[14.9604112,50.1128662],[14.9643907,50.1128772],[14.968437,50.1128884],[14.9720371,50.1128983],[14.9754166,50.1137624],[14.9786845,50.114598],[14.9821195,50.1154762],[14.9867284,50.114592],[14.9913627,50.1137028],[14.996368,50.1127424],[15.0010034,50.111853],[15.005674,50.1109568],[15.0101154,50.1101046],[15.0145868,50.1092466],[15.0189291,50.1084134],[15.0229405,50.1076436],[15.027251,50.1068165],[15.0312145,50.1060559],[15.0344377,50.1059686],[15.0346183,50.1058174]]},"properties":{"voltage":"110000","name":""}},{"type":"Feature","geometry":{"type":"LineString","coordinates":[[14.740063,50.133804],[14.742021,50.1327596],[14.7458115,50.1317329],[14.7505224,50.1304827],[14.7547261,50.1293434],[14.7593647,50.1280804],[14.7636269,50.12695],[14.7680339,50.1257705],[14.7725863,50.124569],[14.7769163,50.123384],[14.7805531,50.1222812],[14.7841301,50.1212552],[14.7883022,50.1199602],[14.7924317,50.1187406],[14.7962202,50.117558],[14.8000034,50.1164681],[14.8038219,50.1153221],[14.80775,50.1141719],[14.8115884,50.1130332],[14.8150884,50.1119544],[14.8189145,50.1108404],[14.8226718,50.1096668],[14.8266617,50.1084598],[14.83073,50.1072564],[14.8345738,50.10613],[14.8383887,50.1049389],[14.8426068,50.1036924],[14.8473143,50.1022981],[14.8512156,50.1011254],[14.8558223,50.100322],[14.8597092,50.0996387],[14.8635818,50.0988907],[14.8679466,50.0981528],[14.8724209,50.0973392],[14.8757752,50.0967574],[14.8804827,50.0959355],[14.8849743,50.0951505],[14.8894658,50.0943378],[14.8938278,50.0935713],[14.8987657,50.0926754],[14.9027102,50.091992],[14.9064244,50.0908929],[14.9097786,50.0898123],[14.9130609,50.0888794],[14.916372,50.0879003],[14.9203453,50.0865979],[14.9241747,50.0853602],[14.9276585,50.0842794],[14.9314591,50.0831155],[14.93549,50.0818961],[14.9396936,50.0805936],[14.9433646,50.0794203],[14.9475394,50.0781639],[14.9514696,50.0769721],[14.9552557,50.0757803],[14.9588403,50.0746623],[14.9630152,50.0734428],[14.9669021,50.0722508],[14.9705587,50.0710774],[14.9746472,50.0698208],[14.9782174,50.0687119],[14.9826945,50.0675014],[14.9872869,50.0663741],[14.9921527,50.0652005],[14.9967451,50.0641008],[14.9972659,50.063964],[15.0001569,50.0632044],[15.003396,50.0624003],[15.007139,50.0614577],[15.0102198,50.0606814],[15.0134013,50.0598311],[15.0161365,50.0591195],[15.0202394,50.0581213],[15.0247742,50.0570122],[15.0290451,50.0558833],[15.0333631,50.0547562],[15.0365089,50.0538507],[15.0411785,50.0523961],[15.0449561,50.0512291],[15.0490964,50.0499157],[15.0530725,50.0486707],[15.0566751,50.0475453],[15.0611318,50.0461443],[15.0648332,50.0449478],[15.068897,50.0436989],[15.0733973,50.0423099],[15.0768873,50.0412211],[15.080716,50.0400147],[15.0846107,50.0387952],[15.0885293,50.0375588],[15.0922768,50.0363926],[15.0965725,50.0350739],[15.1000801,50.0334649],[15.1039079,50.0316976],[15.1079058,50.0298032],[15.1113601,50.0282051],[15.1151885,50.0264094],[15.1186422,50.0248322],[15.1220306,50.0232586],[15.1254299,50.0216638],[15.1296999,50.0208481],[15.1339038,50.0201089],[15.1382774,50.0192506],[15.1425444,50.0184852],[15.1471116,50.0176286],[15.1516228,50.0167406],[15.156197,50.0159156],[15.1604836,50.0151086],[15.1642932,50.0144143],[15.1682755,50.0136451],[15.1727542,50.0128004],[15.1772373,50.0119573],[15.18115,50.0105127],[15.1851786,50.0090259],[15.188977,50.0076234],[15.1929139,50.0061736],[15.1965454,50.0048184],[15.2004859,50.0033685],[15.2061039,50.0012929],[15.2091392,50.0001707],[15.212566,49.9988847],[15.215763,49.9988985],[15.2202279,49.9988708],[15.2245815,49.9988477],[15.2287375,49.9988269],[15.2339604,49.9988085],[15.2386875,49.9987761],[15.2432854,49.99876],[15.2477755,49.9987429],[15.2518727,49.9987068],[15.2563558,49.9986933],[15.2606494,49.9986797],[15.2648378,49.9986391],[15.2691595,49.9986346],[15.2734111,49.9986031],[15.2780625,49.9986301],[15.2826157,49.9986437],[15.2867994,49.9986552],[15.2913806,49.9986654],[15.2958621,49.9986658],[15.3002623,49.9986541],[15.3046859,49.9987126],[15.3089546,49.9987311],[15.3135701,49.9987366],[15.3186937,49.9987544],[15.3224239,49.9987814],[15.3268719,49.9987796],[15.3309168,49.998783],[15.335562,49.9988192],[15.3401812,49.9988236],[15.3445097,49.9988533],[15.3491445,49.9993496],[15.3535971,49.999861],[15.3582785,50.0004001],[15.3629306,50.0008922],[15.3672487,50.0014078],[15.3721578,50.00192],[15.377273,50.0024944],[15.381875,50.0030222],[15.3865138,50.0033019],[15.3910051,50.0035657],[15.3955322,50.0038418],[15.4003857,50.0041378],[15.4050863,50.0044374],[15.4098742,50.004697],[15.4146695,50.0049903],[15.4194259,50.0052807],[15.4241139,50.0056614],[15.4284707,50.0060196],[15.4325813,50.0063475],[15.4372511,50.0067181],[15.4419571,50.0071053],[15.4467008,50.0074928],[15.4514813,50.0078645],[15.4560696,50.0082565],[15.4599966,50.0085665],[15.464921,50.0089589],[15.469304,50.0093102],[15.4733308,50.0096371],[15.4788522,50.0100761],[15.482813,50.011035],[15.4870412,50.0120718],[15.4911954,50.0130678],[15.4956615,50.0141444],[15.4999091,50.015183],[15.5040729,50.0162116],[15.5082189,50.0172073],[15.5130216,50.0183756],[15.5172266,50.0193966],[15.5217005,50.0205218],[15.5254506,50.021393],[15.5298992,50.021289],[15.5340323,50.0211727],[15.5388665,50.0210464],[15.5437935,50.0209193],[15.5486595,50.0207924],[15.5535802,50.0206465],[15.5583594,50.0205163],[15.5631457,50.0204145],[15.5680087,50.0202388],[15.5731547,50.020112],[15.5774769,50.0200161],[15.5823964,50.0198577],[15.5875486,50.0197466],[15.5923268,50.0195955],[15.5973351,50.0194801],[15.60197,50.0193414],[15.6063485,50.0203577],[15.6111414,50.0214848],[15.6157012,50.0225121],[15.6196678,50.0234495],[15.6238901,50.0244382],[15.6280736,50.025407],[15.6323486,50.0264059],[15.6359306,50.027242],[15.6394771,50.0280503],[15.643065,50.0288755],[15.6468152,50.0297555],[15.6480826,50.0300547],[15.6483154,50.0312478]]},"properties":{"voltage":"220000","name":"202"}},{"type":"Feature","geometry":{"type":"LineString","coordinates":[[14.8987343,53.3537052],[14.898747,53.3534147],[14.9000341,53.3533514],[14.9033116,53.3547765],[14.906577,53.3561721],[14.9105892,53.3578941],[14.9137449,53.3592654],[14.9176423,53.3585322],[14.9217502,53.3577228],[14.9261139,53.3568638],[14.9302973,53.3560857],[14.9335678,53.3554503],[14.938178,53.3545532],[14.9423712,53.3537754],[14.9454421,53.353152],[14.949223,53.3524256],[14.952987,53.3516613],[14.9568271,53.3509601],[14.9606288,53.3502191],[14.9644365,53.3494837],[14.9682206,53.3487736],[14.9720403,53.348033],[14.9754073,53.3475817],[14.979136,53.3471285],[14.9829419,53.3466638],[14.9867265,53.3462038],[14.9903768,53.345762],[14.9916629,53.3446717],[14.9926029,53.3439202],[14.9922684,53.3425817],[14.9944,53.3400766],[14.9967271,53.3372802],[14.9989772,53.3346273],[15.0012343,53.3319436],[15.0034296,53.3292934],[15.0037073,53.3266575],[15.0040197,53.3237154],[15.0043094,53.320854],[15.0046259,53.3178514],[15.0049371,53.3148711],[15.0052372,53.3118615],[15.0055376,53.3087974],[15.0056785,53.3072816]]},"properties":{"voltage":"110000","name":"110kV Morzyczyn - Kluczewo"}},{"type":"Feature","geometry":{"type":"LineString","coordinates":[[14.686252,49.4957013],[14.6898997,49.4977366],[14.694311,49.4976949],[14.6987472,49.4976531],[14.7043475,49.4976002],[14.7091911,49.4975545],[14.7142853,49.4975065],[14.718884,49.4974631],[14.7235499,49.4963551],[14.7282874,49.4952302],[14.7326613,49.4941916],[14.7379645,49.4929323],[14.7427257,49.4918016],[14.7463446,49.4909422],[14.7504787,49.4899605],[14.7554873,49.4887441],[14.7596631,49.4877626],[14.7644031,49.4866282],[14.768614,49.4856205],[14.7736964,49.4844263],[14.7783955,49.4832985],[14.7830831,49.4821827],[14.7881941,49.48098],[14.7922499,49.4800164],[14.7967156,49.4812119],[14.8006428,49.4822665],[14.8039101,49.483151],[14.8090416,49.4845253],[14.8127487,49.4854846],[14.8177975,49.4868572],[14.8215972,49.4878691],[14.8267131,49.4892432],[14.8310572,49.4903792],[14.8349794,49.4914258],[14.838535,49.4923759],[14.8424174,49.4934144],[14.8469128,49.4946121],[14.8500295,49.4954185],[14.8542173,49.4965846],[14.8577795,49.4975219],[14.861449,49.498485],[14.8653949,49.4975165],[14.8699022,49.4964228],[14.8739152,49.4954542],[14.8781795,49.4943822],[14.8826198,49.4933374],[14.8864233,49.4923743],[14.8912825,49.4911553],[14.8958149,49.4900669],[14.8998698,49.4890818],[14.9044357,49.4879498],[14.9086498,49.4869376],[14.91371,49.4856695],[14.9184016,49.4845047],[14.9233445,49.4833237],[14.9278557,49.4821367],[14.9318684,49.4811812],[14.9365145,49.4799544],[14.9410406,49.4789093],[14.9453657,49.4779159],[14.9500049,49.476766],[14.9540891,49.477147],[14.9593253,49.4776914],[14.9635456,49.4781268],[14.9670539,49.4784807],[14.9720019,49.4789855],[14.9758054,49.4793416],[14.9804189,49.4798137],[14.9850223,49.4802728],[14.9894594,49.4807084],[14.9938804,49.4811835],[14.998431,49.4816482],[15.0028141,49.4820729],[15.0072907,49.4819657],[15.0125242,49.4817998],[15.0173861,49.4817156],[15.0225722,49.4816145],[15.027097,49.4814798],[15.0326332,49.4813366],[15.036782,49.4812271],[15.0420329,49.4811091],[15.0463114,49.4809996],[15.050927,49.4808817],[15.0559964,49.4807553],[15.0609232,49.4806374],[15.0651887,49.4805111],[15.0695321,49.4804015],[15.0749256,49.4802668],[15.0793337,49.4801488],[15.0835863,49.4800393],[15.0872166,49.4799551],[15.0912228,49.4787421],[15.0964725,49.4771513],[15.1048041,49.4745995],[15.1095231,49.4731558],[15.1144706,49.4716662],[15.1191485,49.4702306],[15.1240655,49.4687421],[15.1286753,49.4673385],[15.1337421,49.4657953],[15.1375798,49.4646223],[15.1419568,49.4633078],[15.1463753,49.4619528],[15.1512399,49.4604562],[15.1549414,49.4593466],[15.1591435,49.4580426],[15.1632369,49.4567935],[15.1730051,49.4538183],[15.1771329,49.4525515],[15.1822985,49.450982],[15.1878328,49.4491492],[15.1932101,49.4488187],[15.197722,49.4488693],[15.202571,49.4489367],[15.2079209,49.4489974],[15.2131319,49.4490622],[15.2184734,49.4491278],[15.2241836,49.4491778],[15.2284838,49.449256],[15.2334656,49.4492951],[15.2378253,49.4493503],[15.242072,49.4493906],[15.2461957,49.4494515],[15.250967,49.4494841],[15.2549364,49.4495232],[15.2610296,49.4496163],[15.2656763,49.4496511],[15.2697013,49.4496992],[15.2746037,49.4497527],[15.2785623,49.4498099],[15.2841355,49.4498751],[15.2876338,49.4485262],[15.2915931,49.4470403],[15.2950613,49.4457108],[15.2998126,49.4439056],[15.3039624,49.4423153],[15.3074707,49.4409988],[15.3111193,49.4396039],[15.3188075,49.4366773],[15.3230516,49.4350535],[15.3268431,49.4336256],[15.331522,49.4318103],[15.3362132,49.4300411],[15.339408,49.4288333],[15.3436741,49.4272177],[15.3479117,49.4256043],[15.3516059,49.4241998],[15.3562369,49.422426],[15.3598409,49.4210603],[15.3637523,49.4195667],[15.3670531,49.4183066],[15.3700461,49.4171755],[15.3734552,49.4158515],[15.377852,49.4141842],[15.381145,49.4129163],[15.3846732,49.4115704],[15.3884137,49.4106712],[15.393054,49.409536],[15.3977539,49.4083875],[15.401667,49.4074338],[15.4053956,49.4065217],[15.4096842,49.4054718],[15.4136316,49.4045056],[15.4177503,49.4034996],[15.4225482,49.4023243],[15.4261798,49.4014346],[15.4305479,49.4003645],[15.4347323,49.3993393],[15.4381952,49.3984909],[15.4435783,49.3971721],[15.4480929,49.3960659],[15.4515875,49.3952097],[15.4554987,49.3942514],[15.4592288,49.3933375],[15.4625084,49.3925339],[15.4665035,49.3915595],[15.4698966,49.3907257],[15.4731044,49.3899387],[15.4763934,49.3891256],[15.4800981,49.3872159],[15.4842993,49.3850496],[15.488284,49.3829927],[15.4920919,49.3810257],[15.4949964,49.3795276],[15.5000229,49.3769348],[15.503111,49.3753435],[15.5071931,49.3732341],[15.5103525,49.3716082],[15.5141501,49.3696457],[15.5189506,49.3671712],[15.5225245,49.3653289],[15.5264594,49.3633004],[15.5298864,49.3615337],[15.5339876,49.3594194],[15.5376109,49.3575513],[15.5413913,49.3556022],[15.544565,49.3539547],[15.548717,49.3528511],[15.5533797,49.3516355],[15.5575413,49.3504852],[15.562661,49.349141],[15.5668896,49.3480308],[15.5718979,49.3466891],[15.5760046,49.3455715],[15.5807678,49.3443052],[15.5853151,49.3430894],[15.5892687,49.3420324],[15.5941501,49.3407409],[15.597851,49.3397617],[15.6015164,49.3387799],[15.6064581,49.3374561],[15.6105005,49.3363733],[15.6154365,49.335051],[15.6196421,49.3339244],[15.6238057,49.3328151],[15.6275679,49.3318128],[15.6317902,49.3306843],[15.6362072,49.3295037],[15.6401554,49.3284484],[15.643801,49.3274785],[15.6475767,49.3265181],[15.6522836,49.3252727],[15.6565136,49.3241699],[15.6610536,49.323002],[15.6654757,49.3218552],[15.6708464,49.3204728],[15.674697,49.3194773],[15.6788776,49.3183963],[15.6843699,49.3169762],[15.68884,49.3157908],[15.6925111,49.3148429],[15.6969005,49.3144106],[15.7006623,49.3140795],[15.7047295,49.3137164],[15.7096939,49.313246],[15.7149619,49.3127459],[15.7203765,49.3122319],[15.7254336,49.3117278],[15.7300256,49.3112924],[15.7346731,49.3108692],[15.7388013,49.3104733],[15.7429758,49.3100351],[15.7485867,49.3094036],[15.7520614,49.3089759],[15.755017,49.3086778],[15.7582545,49.3083224],[15.7612758,49.3080245],[15.7652756,49.307593],[15.7691485,49.307148],[15.773517,49.3066815],[15.7788673,49.3060324],[15.7833823,49.3055417],[15.7880224,49.3050992],[15.7941448,49.3043921],[15.7984621,49.3039477],[15.8029859,49.3034315],[15.8075909,49.3029471],[15.8122858,49.3024151],[15.816532,49.3019397],[15.8219826,49.3013638],[15.8258937,49.3009326],[15.8311758,49.3003352],[15.8360546,49.2997863],[15.8400018,49.2993736],[15.8453106,49.2987442],[15.8498307,49.298276],[15.8533033,49.2967636],[15.8573112,49.2950411],[15.8608124,49.2934588],[15.8648034,49.2917073],[15.8678746,49.2903612],[15.8706755,49.2891233],[15.8741056,49.2876171],[15.8774455,49.2861647],[15.8816061,49.2846692],[15.8855789,49.2832392],[15.8896962,49.2817554],[15.8937777,49.2803059],[15.897749,49.2788957],[15.9016127,49.2774918],[15.9058579,49.275973],[15.9098487,49.2745307],[15.914671,49.2734777],[15.9194688,49.2724391],[15.9235477,49.2715328],[15.9276266,49.2706329],[15.9316565,49.2697713],[15.9352855,49.2689735],[15.9399219,49.2689735],[15.944478,49.2689564],[15.9489553,49.2689494],[15.9537517,49.2689409],[15.9584432,49.2689293],[15.9638201,49.268919],[15.9683657,49.2689185],[15.9736658,49.2689094],[15.9783939,49.2676873],[15.9829898,49.2665304],[15.9873175,49.2654326],[15.9920603,49.264231],[15.9969333,49.2629841],[16.001416,49.2618473],[16.006542,49.2605474],[16.0103273,49.2595823],[16.0144822,49.2584407],[16.0187916,49.2573063],[16.0234045,49.2560423],[16.0280505,49.2547674],[16.0330386,49.2534276],[16.0377839,49.2521419],[16.0428051,49.250784],[16.0477104,49.2494586],[16.0520364,49.2482843],[16.057174,49.2468829],[16.0615216,49.2457003],[16.0658566,49.2445529],[16.0707755,49.2432031],[16.0752933,49.2419662],[16.0788124,49.2410571],[16.0831278,49.2398483],[16.0868698,49.2397871],[16.0918465,49.2396993],[16.0960989,49.2396385],[16.1004133,49.2395575],[16.1046709,49.2394933],[16.1095699,49.2394089],[16.1144224,49.2393312],[16.1193628,49.2392535],[16.1240287,49.2391469],[16.1282319,49.2391216],[16.1347178,49.2389932]]},"properties":{"voltage":"220000","name":"207"}},{"type":"Feature","geometry":{"type":"LineString","coordinates":[[14.9655276,51.0529458],[14.9710715,51.0523977],[14.9772543,51.0525406],[14.9832858,51.0530031],[14.9889666,51.0534505],[14.9946359,51.0538741],[14.9981763,51.0567011],[15.0007936,51.0596074],[15.0033259,51.0624079],[15.0058108,51.0651419],[15.0080518,51.0676497],[15.0105103,51.070373],[15.0152933,51.0721636],[15.0195875,51.073777],[15.0243962,51.075586],[15.0288951,51.0772811],[15.0334095,51.0789763],[15.0379547,51.0806885],[15.0427362,51.0824809],[15.0473956,51.0842339],[15.0520667,51.0859969],[15.056095,51.0875038],[15.0598928,51.0889264],[15.0638214,51.0904065],[15.0676167,51.0918321],[15.0715261,51.0933113]]},"properties":{"voltage":"400000","name":"LNN 400kV Hagenwerder\u2013Miku\u0142owa II"}},{"type":"Feature","geometry":{"type":"LineString","coordinates":[[14.4704651,48.1174304],[14.4718162,48.1194007],[14.4734881,48.1218346],[14.4741307,48.12277],[14.4751665,48.1230796],[14.4798358,48.1226276],[14.483104,48.1223221],[14.4865152,48.1221795],[14.490825,48.1232604],[14.4949097,48.1242987],[14.4993225,48.1254128],[14.5035753,48.1264581],[14.5080286,48.1275749],[14.5114724,48.1272297],[14.5148062,48.1268955],[14.5181135,48.1268582],[14.5225254,48.1268086],[14.5254502,48.1267756],[14.5293456,48.1267317],[14.5343087,48.1266759],[14.5393301,48.1266193],[14.5449581,48.1259764],[14.5486437,48.1255381],[14.5533108,48.1249912],[14.5578242,48.1244925],[14.5622168,48.1239595],[14.5667571,48.1234364],[14.5708457,48.1229687],[14.575351,48.1224267],[14.5793604,48.1221333],[14.5829107,48.1218734],[14.5873434,48.121549],[14.5915769,48.1212391],[14.5961201,48.1209066],[14.6006051,48.1205784],[14.6044598,48.1202962],[14.6085596,48.1199962],[14.6131176,48.1196626],[14.6162096,48.1205667],[14.6194244,48.1215067],[14.6238098,48.122789],[14.6277649,48.1239454],[14.6316503,48.1250814],[14.6343526,48.1258715],[14.6380495,48.1269523],[14.641995,48.1281059],[14.64492,48.128961],[14.6483829,48.1299734],[14.6521992,48.1310891],[14.6556478,48.1320972],[14.659487,48.1332196],[14.6636789,48.134445],[14.66779,48.1340888],[14.6721311,48.1337127],[14.6765211,48.1333324],[14.6802624,48.1330082],[14.6843294,48.1326559],[14.6874543,48.1323851],[14.690441,48.1321264],[14.6946421,48.1317624],[14.6990664,48.1313791],[14.7037926,48.1309696],[14.7082304,48.1308302],[14.7123188,48.1307017],[14.7160598,48.1305842],[14.720652,48.1304399],[14.7255269,48.1302868],[14.7299701,48.1301472],[14.734739,48.1299974],[14.7394421,48.1298496],[14.7427023,48.1306374],[14.7462477,48.131494],[14.7495337,48.132288],[14.7537379,48.1333038],[14.7580617,48.1343485],[14.7617829,48.1352476],[14.7652531,48.136086],[14.7692607,48.1370542],[14.7734617,48.1380692],[14.7770032,48.1389248],[14.7805318,48.1397772],[14.7843981,48.1407113],[14.7890629,48.1418382],[14.7925244,48.1426744],[14.7960191,48.1435186],[14.8000656,48.1444961],[14.8030845,48.1452254],[14.8067982,48.1461224],[14.8107763,48.1470834],[14.8142349,48.1479188],[14.8174533,48.1486962],[14.8208935,48.1495271],[14.8246006,48.1504225],[14.8279351,48.1512279],[14.8321836,48.1522541],[14.8366491,48.1533326],[14.8405498,48.1532721],[14.8447925,48.1532062],[14.8487711,48.1531445],[14.8535674,48.1530701],[14.8577982,48.1530045],[14.8623226,48.1529343],[14.8671831,48.1528589],[14.8713382,48.1529167],[14.8746889,48.1529605],[14.8783239,48.1530073],[14.8832805,48.153071],[14.8866284,48.153114],[14.8903088,48.1531613],[14.89483,48.1532194],[14.898968,48.1529036],[14.902301,48.1526467],[14.9060977,48.1523545],[14.9102268,48.1520329],[14.9147744,48.1516838],[14.9185636,48.1513839],[14.923312,48.1510121],[14.9274979,48.1508971],[14.9319112,48.1507995],[14.9363283,48.1506779],[14.9409255,48.150578],[14.9446664,48.1503363],[14.9497827,48.1502813],[14.954375,48.1502158],[14.9587381,48.1487746],[14.9633249,48.1484787],[14.9671007,48.1482352],[14.9713483,48.1479613],[14.9756214,48.1476857],[14.9789042,48.147474],[14.9822434,48.1477253],[14.9853552,48.1479396],[14.9887263,48.1481541],[14.9932068,48.1484837],[14.9965257,48.1495799],[14.9990376,48.1504096],[15.0039141,48.1502588],[15.0080415,48.1512455],[15.0123586,48.1522775],[15.0163554,48.1532329],[15.0191998,48.1539129],[15.0243142,48.1531141],[15.0293128,48.1523263],[15.033863,48.1516331],[15.0376107,48.1510495],[15.0418848,48.1503548],[15.045191,48.1498928],[15.0489053,48.1493599],[15.052997,48.1487924],[15.0567942,48.14915],[15.061161,48.1496309],[15.0648743,48.1500182],[15.0687589,48.1504165],[15.0725462,48.1507969],[15.0757928,48.1511401],[15.0803798,48.1516352],[15.0848115,48.1520873],[15.0887909,48.1504527],[15.0926222,48.1488652],[15.0964015,48.1473422],[15.100008,48.1477391],[15.1032661,48.1481618],[15.1069131,48.1486043],[15.1112924,48.1491291],[15.1157881,48.1496387],[15.1206161,48.1487742],[15.1244784,48.1480886],[15.1290009,48.1472733],[15.1325304,48.148501],[15.136208,48.1497889],[15.1399471,48.1511045],[15.1439156,48.1524917],[15.1468161,48.1534812],[15.1511721,48.153424],[15.1556889,48.1533397],[15.1598004,48.1532655],[15.1640073,48.1531919],[15.1684216,48.1531119],[15.1730493,48.1530361],[15.1771179,48.1529677],[15.1802027,48.1529164],[15.1839424,48.1522261],[15.1873908,48.1515947],[15.1919225,48.1507483],[15.1960034,48.149997],[15.2006128,48.1491437],[15.2047149,48.1483617],[15.2087723,48.1476127],[15.2130349,48.1468672],[15.2171869,48.1460861],[15.2217064,48.1450956],[15.2257267,48.1441909],[15.2300317,48.1432229],[15.2336488,48.1424275],[15.2352117,48.1404465],[15.2374486,48.1376075],[15.2394285,48.1351386],[15.2416484,48.1323273],[15.2438225,48.1295787],[15.2480502,48.1294236],[15.2519713,48.1292388],[15.2560325,48.1290652],[15.2602797,48.1288923],[15.2643342,48.128722],[15.2684383,48.128544],[15.2727794,48.1283634],[15.2772116,48.128429],[15.2809545,48.1284925],[15.2856919,48.1285687],[15.2904207,48.1286457],[15.2948496,48.1287133],[15.299294,48.1287821],[15.3023513,48.128832],[15.3073532,48.1289107],[15.3102274,48.1289559],[15.3134661,48.1290002],[15.316989,48.1290625],[15.3206652,48.1291135],[15.3248895,48.129187],[15.3295983,48.1292599],[15.3340778,48.1293251],[15.3380581,48.1293924],[15.3416655,48.1309429],[15.3455116,48.1325885],[15.3484138,48.1338302],[15.3520861,48.1354119],[15.3554229,48.1368456],[15.3581159,48.1379992],[15.3617279,48.1395567],[15.3658634,48.1413235],[15.3688244,48.1422446],[15.373186,48.1436028],[15.3764517,48.1446023],[15.3800117,48.1457027],[15.3834095,48.1467594],[15.3873182,48.1479564],[15.3910603,48.1491233],[15.3948037,48.1502898],[15.3958624,48.1528656],[15.3970884,48.1558784],[15.3983706,48.1589974],[15.3995328,48.1618506],[15.400563,48.1643489],[15.4014881,48.166626],[15.4023343,48.1689639],[15.403304,48.1716748],[15.4040345,48.1736984],[15.4049931,48.1763272],[15.4067791,48.1788464],[15.4083252,48.1810446],[15.4101527,48.1836314],[15.4121809,48.1862582],[15.4165051,48.1889293],[15.4160238,48.1919192],[15.4170378,48.194691],[15.4180731,48.1974965],[15.4188448,48.1996004],[15.4197501,48.2020624],[15.4205234,48.204162],[15.4213131,48.2062806],[15.4275604,48.2079268],[15.4304908,48.2086807],[15.4337585,48.2095039],[15.4377072,48.2105064],[15.4412313,48.2113985],[15.4440104,48.2121012],[15.4467137,48.2127882],[15.4508587,48.2137629],[15.4541994,48.2145431],[15.4576445,48.2153529],[15.4608814,48.2161155],[15.4637687,48.2167934],[15.4675645,48.2176857],[15.4707432,48.2184308],[15.4748715,48.2194],[15.4778779,48.220107],[15.4822723,48.2206575],[15.4864327,48.2211852],[15.4905211,48.221703],[15.4949879,48.2222685],[15.4992485,48.2228032],[15.5038123,48.2233767],[15.5075229,48.2238484],[15.5120259,48.2244152],[15.5162796,48.2249598],[15.5201426,48.2254392],[15.5247053,48.2252727],[15.5293647,48.2251053],[15.5335912,48.2249515],[15.5368876,48.2256299],[15.5399978,48.2262629],[15.5442085,48.2271193],[15.5485139,48.2279979],[15.5523509,48.2287773],[15.5565917,48.2296526],[15.5608628,48.2305177],[15.5641549,48.232268],[15.5675024,48.2340476],[15.5711103,48.2359631],[15.5742188,48.2376124],[15.5772715,48.2392209],[15.5809796,48.2411854],[15.584222,48.2429123],[15.5870155,48.2443974],[15.5898844,48.2459143],[15.5929061,48.2475192],[15.5963297,48.2493309],[15.5992327,48.2508777],[15.6022616,48.2524832],[15.6049389,48.2538982],[15.6077778,48.2554037],[15.6115189,48.2559304],[15.6154036,48.2564759],[15.6185151,48.2569103],[15.6226654,48.257493],[15.626731,48.258058],[15.63097,48.2586521],[15.6348535,48.2591989],[15.639321,48.259817],[15.6434426,48.2603953],[15.6478622,48.2610185],[15.6524,48.2616373],[15.656777,48.2622668],[15.6606214,48.2628032],[15.6640849,48.2632916],[15.6677638,48.2636048],[15.6718314,48.2639493],[15.6758456,48.2642922],[15.679547,48.2646073],[15.6841828,48.2650009],[15.6872739,48.2652657],[15.6915704,48.2656322],[15.6948717,48.2659166],[15.699183,48.2662841],[15.7032297,48.2666342],[15.7073348,48.2669855],[15.7117999,48.2673805],[15.7161221,48.2677557],[15.7202794,48.2681096],[15.7234143,48.2683695],[15.7272783,48.2687059],[15.7317476,48.2690906],[15.7365434,48.2694904]]},"properties":{"voltage":"380000","name":"Ernsthofen - D\u00fcrnrohr;Ernsthofen - Etzersdorf"}},{"type":"Feature","geometry":{"type":"LineString","coordinates":[[14.8861799,48.1184062],[14.8859686,48.1152508],[14.8901016,48.1144574],[14.8936132,48.1138087],[14.8972789,48.1131098],[14.9009737,48.1124035],[14.9049495,48.111651],[14.9084982,48.1109813],[14.9125705,48.1111122],[14.916829,48.1112563],[14.9211857,48.1114254],[14.925403,48.111575],[14.9289694,48.1116874],[14.933222,48.1118214],[14.9373863,48.1119744],[14.9415632,48.112119],[14.9457747,48.1122721],[14.949292,48.1123971],[14.9525753,48.1124974],[14.9564289,48.1126413],[14.9609168,48.1127827],[14.9655028,48.1129596],[14.9695386,48.1130775],[14.9739344,48.1132363],[14.9784117,48.1133678],[14.9826082,48.1144549],[14.9866375,48.1155544],[14.9908141,48.1165937],[14.9949441,48.1176957],[14.9990894,48.1187493],[15.0032245,48.1198301],[15.0073006,48.1208854],[15.0115673,48.12199],[15.015046,48.1228906],[15.0192356,48.1239525],[15.0232679,48.1250143],[15.0274293,48.1261015],[15.0315982,48.1272085],[15.0357073,48.1282807],[15.0398725,48.1293336],[15.0439287,48.1303989],[15.0481624,48.1314867],[15.052332,48.1325735],[15.0559668,48.1322354],[15.0602542,48.1318367],[15.0638529,48.131502],[15.0674313,48.1311692],[15.0714874,48.130792],[15.0761895,48.1303712],[15.0800632,48.1300202],[15.0840767,48.1310137],[15.0874618,48.1318439],[15.0915427,48.1328711],[15.0954161,48.1338212],[15.0996405,48.1348786],[15.1032054,48.1356771],[15.1064684,48.1358897],[15.1099573,48.1360365],[15.1138344,48.1361948],[15.1171844,48.1363316],[15.1207514,48.1364666],[15.1245221,48.1366313],[15.1288777,48.1368091],[15.1327217,48.1369661],[15.1372825,48.1371524],[15.1414897,48.1373242],[15.1445796,48.1374503],[15.1455733,48.1374909],[15.1499098,48.137668],[15.1543517,48.1378494],[15.1582629,48.1380092],[15.1625387,48.1381838],[15.1669702,48.1383334],[15.1710078,48.1385296],[15.1749684,48.1386914],[15.1796542,48.1388827],[15.1837015,48.139048],[15.1875981,48.1392071],[15.1910622,48.1402295],[15.1949055,48.1413409],[15.198795,48.1425138],[15.2020408,48.1434238],[15.2056471,48.144548],[15.209283,48.1455973],[15.213021,48.1466761],[15.2165173,48.1476851],[15.2200019,48.1486638],[15.2233418,48.1496544],[15.2273235,48.1507724],[15.2306352,48.1517885],[15.2308757,48.1518623]]},"properties":{"voltage":"110000","name":"Bergern \u2013 Amstetten"}},{"type":"Feature","geometry":{"type":"LineString","coordinates":[[14.8341379,48.012423],[14.8366028,48.010681],[14.8403418,48.0100688],[14.8434323,48.0095661],[14.8470209,48.0089768],[14.8503006,48.0084475],[14.8536258,48.007908],[14.8560335,48.0065249],[14.8585108,48.0051284],[14.8610692,48.0036739],[14.8635175,48.002296],[14.8659261,48.0009308],[14.8710795,48.0017076],[14.8748141,48.0022748],[14.8786974,48.0028407],[14.8826212,48.0034405],[14.885378,48.0038582],[14.889576,48.0044786],[14.8937155,48.0051046],[14.8980807,48.0057587],[14.9015273,48.0060945],[14.9052807,48.0062421],[14.9090639,48.0063908],[14.9135909,48.0065642],[14.9182754,48.0067527],[14.9222384,48.006902],[14.9263475,48.0070626],[14.9297215,48.0075414],[14.9328621,48.0079905],[14.9362005,48.008463],[14.9394553,48.0089267],[14.9428919,48.0094113],[14.9472148,48.0100277],[14.951425,48.0106263],[14.9546286,48.0110798],[14.9576023,48.011501],[14.960567,48.0119264],[14.9634235,48.0109517],[14.9661409,48.0100114],[14.9695663,48.008842],[14.9729845,48.0076761],[14.9764484,48.0082413],[14.979889,48.0088027],[14.9829613,48.0093039],[14.9859449,48.0082043],[14.9889193,48.0070952],[14.9916441,48.0061024],[14.9947803,48.0049457],[14.9974731,48.0039228],[15.000826,48.0027062],[15.0030811,48.0010322],[15.0055645,47.9992074],[15.0083747,47.9971434],[15.0107262,47.9959916],[15.0140654,47.9943716],[15.017204,47.992826],[15.0202126,47.9913764],[15.0231327,47.990956],[15.0232558,47.991035]]},"properties":{"voltage":"110000","name":"Amstetten - Gresten"}},{"type":"Feature","geometry":{"type":"LineString","coordinates":[[14.9105031,50.9496949],[14.9107247,50.9504003],[14.9110758,50.9516007],[14.9121648,50.9540203],[14.9132967,50.9566223],[14.9167621,50.9584875],[14.9199808,50.9602513],[14.9232101,50.962015],[14.9260533,50.9635321],[14.9292558,50.9652923],[14.9326998,50.967174],[14.9361491,50.9690422],[14.9368572,50.9715994],[14.9375331,50.97417],[14.9382949,50.9767337],[14.9389762,50.9791149],[14.9400061,50.9830224],[14.9405211,50.9848832],[14.9413741,50.987963],[14.9454426,50.9896329],[14.9472452,50.9925937],[14.948475,50.9946583],[14.9499221,50.99714],[14.9513531,50.9995969],[14.9528388,51.0021345],[14.9544347,51.0048433],[14.9560233,51.0075323],[14.9574221,51.0098791],[14.9589493,51.0125242],[14.9601884,51.014597],[14.9625824,51.0164078],[14.9649433,51.0181923],[14.9673968,51.0200597],[14.9700625,51.0220736],[14.9730563,51.0242563],[14.975242,51.0260362],[14.9781311,51.0282106],[14.9810922,51.0303766],[14.9834418,51.0322524],[14.9861991,51.0341685],[14.9888706,51.036368],[14.9900937,51.0387899],[14.9914455,51.0413399],[14.9925721,51.0437751],[14.9938917,51.046534],[14.9950397,51.048834],[14.9962628,51.0512485],[14.9974716,51.0535804],[15.0004578,51.0543711],[15.0054307,51.0547219],[15.0086011,51.0550726],[15.0130002,51.0555853],[15.0186431,51.0562459],[15.0237501,51.056873],[15.0284484,51.0573592],[15.0331163,51.057925],[15.0360417,51.0586729],[15.0388348,51.0594962],[15.0441027,51.060919],[15.0493813,51.0622541],[15.0546491,51.0636768],[15.0599249,51.065067],[15.0650883,51.0665154],[15.0703347,51.0678908],[15.0756365,51.0692722],[15.0808775,51.0706677],[15.082739,51.0730575],[15.0848043,51.0757135],[15.0871539,51.0787502],[15.0896215,51.0819315],[15.0939597,51.0836915],[15.0980528,51.0853191],[15.1019956,51.0869],[15.1066964,51.0887956],[15.110794,51.0904418]]},"properties":{"voltage":"220000","name":"LNN 220kV \"D-218\", \"D-219\" Tur\u00f3w\u2013Miku\u0142owa VIII, IX"}},{"type":"Feature","geometry":{"type":"LineString","coordinates":[[14.9089232,50.9501096],[14.9088451,50.9509073],[14.9103838,50.9533546],[14.9115425,50.9552031],[14.9125993,50.9569298],[14.9167836,50.9592208],[14.9206513,50.9613494],[14.9245727,50.9634679],[14.9285209,50.9656132],[14.9317932,50.967397],[14.9353498,50.9693125],[14.9361008,50.9721027],[14.9369538,50.9751057],[14.9378335,50.9781962],[14.9390191,50.9822997],[14.9397701,50.985302],[14.9406016,50.9882871],[14.9448344,50.990115],[14.9466864,50.9932217],[14.9486193,50.996487],[14.9502939,50.9994051],[14.9522322,51.002654],[14.9540755,51.0057707],[14.9558139,51.0087179],[14.9574506,51.0114934],[14.9594223,51.0149361],[14.9622007,51.0169685],[14.9649377,51.01904],[14.9680914,51.0215118],[14.9712128,51.0238161],[14.9727881,51.0250998],[14.9746296,51.0264144],[14.9777019,51.0287167],[14.9812102,51.031382],[14.984504,51.0340538],[14.9881947,51.0366581],[14.9896431,51.0395118],[14.9911773,51.0429117],[14.9929798,51.0462911],[14.9943638,51.0490363],[14.9959731,51.0523479],[14.9970422,51.0545128],[14.9989804,51.056527],[15.0019593,51.0597888],[15.0050241,51.06312],[15.0081386,51.066527],[15.0112272,51.0699208],[15.0163615,51.0717939],[15.0214473,51.0736353],[15.0268795,51.075579],[15.0321732,51.077543],[15.0376614,51.0795311],[15.0429654,51.0815345],[15.0484586,51.083543],[15.053946,51.0855083],[15.0586098,51.0871378],[15.0634679,51.0889073],[15.0684415,51.0907173],[15.0726702,51.0922616],[15.0780016,51.091188],[15.0838577,51.0900134],[15.0894394,51.0888964],[15.0950174,51.0877779],[15.0997135,51.0868342],[15.1039135,51.0884139],[15.10713,51.0895433],[15.1097544,51.0916316],[15.112743,51.0924],[15.1142429,51.0917052],[15.1150081,51.0917785]]},"properties":{"voltage":"400000","name":"LNN 400kV Miku\u0142owa\u2013Tur\u00f3w X"}},{"type":"Feature","geometry":{"type":"LineString","coordinates":[[14.9505779,49.702802],[14.9510423,49.7037301],[14.9530774,49.7042514],[14.9542257,49.7040658],[14.9564508,49.7037089],[14.9587467,49.7033499],[14.9610481,49.7029786],[14.9633065,49.7026126],[14.9656212,49.7022275],[14.9682552,49.7017834],[14.9704707,49.7014191],[14.972764,49.7010062],[14.9750412,49.7006072],[14.9772513,49.7002394],[14.97944,49.6998647],[14.9817413,49.6994588],[14.9840373,49.6990632],[14.9868107,49.6985983],[14.9891603,49.6981854],[14.9915904,49.6977794],[14.9941921,49.6973249],[14.9965417,49.6969189],[14.9989504,49.6974394],[15.0014394,49.6979651],[15.0040222,49.6985252],[15.0054839,49.6996613],[15.006943,49.7007762],[15.0084778,49.7019706],[15.0097741,49.7029847],[15.0112028,49.7040807],[15.0126225,49.7051812],[15.0155834,49.7074901],[15.0172081,49.7087355]]},"properties":{"voltage":"22000","name":""}},{"type":"Feature","geometry":{"type":"LineString","coordinates":[[14.8946131,53.3555732],[14.8946452,53.3556554],[14.894902,53.3563483],[14.8971551,53.3578338],[14.8998588,53.3594954],[14.9028736,53.3614034],[14.9056797,53.363163],[14.9117974,53.3630766],[14.9177726,53.3628614],[14.9235222,53.3626503],[14.9292294,53.3624316],[14.935831,53.3621804],[14.9423858,53.3619287],[14.9465682,53.3638278],[14.9503807,53.3654776],[14.9514805,53.3688577],[14.9528102,53.372795],[14.9542305,53.3769859],[14.9554361,53.380577],[14.9567697,53.3843343],[14.9621395,53.3856349],[14.9684201,53.3872062],[14.9741928,53.3885358],[14.9804497,53.3900719],[14.985273,53.3912173],[14.9925462,53.3929331],[14.9974169,53.394094],[15.0029854,53.3939124],[15.0084805,53.3936484],[15.0147829,53.3933533],[15.0209421,53.3930582],[15.0275831,53.3927321],[15.034046,53.3924187],[15.0404108,53.3921903],[15.0437114,53.3921185],[15.0473724,53.3941595],[15.0514726,53.3964852],[15.0554228,53.3986567],[15.0597222,53.401065],[15.0646889,53.4038126],[15.0679774,53.4056869],[15.0724693,53.4081957],[15.0773946,53.4109578],[15.0810032,53.4130789],[15.0856701,53.4154979],[15.0900703,53.4179863],[15.0945327,53.4204704],[15.0989304,53.4235511],[15.1029763,53.4263871],[15.1068072,53.4290714],[15.110726,53.4318197],[15.1141172,53.4341951],[15.1183683,53.4372341],[15.1228637,53.4404184],[15.1269236,53.4430928],[15.1296044,53.446149],[15.1326217,53.4492409],[15.1360299,53.4527837],[15.1393771,53.4562898],[15.1425654,53.4596356],[15.1459248,53.4630684],[15.1487588,53.4660573],[15.1516066,53.4690273],[15.1546896,53.472249],[15.1581556,53.4758476],[15.1615918,53.4794032],[15.1647259,53.4826865],[15.1674274,53.4854451],[15.1703738,53.4885629],[15.1728142,53.4910346],[15.1761606,53.4940451],[15.1796375,53.4970602],[15.1836204,53.5005704],[15.1873295,53.5037045],[15.190635,53.5066473],[15.1942262,53.5098206],[15.1975721,53.5129175],[15.2028165,53.5154869],[15.2079788,53.5181742],[15.2129575,53.5207824],[15.2174583,53.5232212],[15.2211397,53.5263866],[15.22418,53.5291399],[15.2272712,53.531887],[15.2305299,53.5348336],[15.2338816,53.5377954],[15.2379138,53.5414006],[15.2413442,53.5445044],[15.2448202,53.5476242],[15.2483055,53.5507058],[15.2510406,53.5531133],[15.2541141,53.5559771],[15.2577443,53.5593384],[15.2616116,53.562796],[15.264978,53.5658448],[15.2687129,53.5692117],[15.2723727,53.5724877],[15.2759036,53.5757467],[15.2795901,53.5790217],[15.2834869,53.5824866],[15.2867551,53.5856235],[15.2889755,53.5887747],[15.291491,53.5926243],[15.2936498,53.5959306],[15.2963118,53.6000237],[15.2982785,53.6029549],[15.3004005,53.6062997],[15.303483,53.609535],[15.306251,53.6126984],[15.3092551,53.6160716],[15.3121089,53.6191391],[15.3151667,53.6225691],[15.3177201,53.6254006],[15.3236103,53.626985],[15.3295755,53.6287792],[15.3351867,53.6301661],[15.3412914,53.6318203],[15.3468489,53.6333662],[15.3524601,53.6348357],[15.3583073,53.6364069],[15.3631568,53.6377301],[15.3679525,53.6390531],[15.3745508,53.640815],[15.3797328,53.642208],[15.3865349,53.6440906],[15.3920924,53.645617],[15.3984761,53.6472641],[15.4048705,53.6489812],[15.4110288,53.6506282],[15.4149556,53.6528729],[15.418775,53.6550475],[15.4225838,53.6572538],[15.4267466,53.6595808],[15.4309094,53.6619776],[15.4364454,53.6650799],[15.4408121,53.6674891],[15.4451251,53.6700062],[15.4495346,53.6725295],[15.4542338,53.6751607],[15.4583108,53.677582],[15.4628584,53.6800966],[15.4667329,53.6824496],[15.4710245,53.684788],[15.4764962,53.6878377],[15.4806804,53.6902393],[15.4858517,53.6931107],[15.4904121,53.6956355],[15.496518,53.6975823],[15.5020952,53.6993994],[15.5083997,53.7013795],[15.5138892,53.7031233],[15.5195617,53.7049758],[15.5257671,53.7069358],[15.5317068,53.7088243],[15.5375052,53.7106816],[15.5429291,53.7143868],[15.5467701,53.7167741],[15.5506968,53.7191631],[15.5548555,53.7216946],[15.5597305,53.7247985],[15.5662697,53.7287148],[15.5718076,53.7279354],[15.5797994,53.7302696],[15.5841435,53.731493],[15.584564,53.7348641],[15.5850947,53.7389318],[15.5854929,53.7417628],[15.5858538,53.7456201],[15.5862307,53.7490912],[15.5866813,53.7529229],[15.5906556,53.7548389],[15.5957139,53.7573861],[15.6009389,53.7599389],[15.6060139,53.7625972],[15.6110194,53.7652278],[15.6139111,53.7682194],[15.6168806,53.7714083],[15.6201194,53.7747889],[15.6232,53.7781083],[15.6262056,53.7811583],[15.628275,53.7834667],[15.6315667,53.7868194],[15.6344139,53.7897806],[15.6374944,53.7931],[15.640325,53.7960194],[15.6428194,53.7995611],[15.6450583,53.8027444],[15.6473222,53.8059139],[15.6496222,53.8092111],[15.6519917,53.8125528],[15.654225,53.8158194],[15.6569639,53.8196056],[15.6593111,53.8229333],[15.6611472,53.8255417],[15.662575,53.8276056],[15.6673417,53.8298194],[15.6727611,53.8324722],[15.677775,53.8348722],[15.68265,53.8372139],[15.6876444,53.8395889],[15.6923111,53.8418667],[15.6965111,53.8437833],[15.7008416,53.8458436],[15.7055028,53.8482194],[15.7110028,53.8508139],[15.7163889,53.8533806],[15.7216083,53.8559556],[15.7214056,53.8588306],[15.7211222,53.8627722],[15.7209611,53.8663389],[15.7207,53.8702667],[15.7204278,53.8737722],[15.7202194,53.8767194],[15.7210912,53.877248],[15.7244667,53.8792944],[15.7275611,53.8810639],[15.731766,53.8836115],[15.7350806,53.8856417],[15.7386278,53.8877333],[15.7422667,53.8898972],[15.7470861,53.8927833],[15.7517028,53.8955222],[15.7531472,53.8986972],[15.754825,53.9025361],[15.756175,53.9056944],[15.757878,53.9092917],[15.7591667,53.9125222],[15.7607056,53.9160056],[15.7617222,53.9182694],[15.7626917,53.9202056],[15.7633278,53.9218389],[15.7641056,53.9237861],[15.7657111,53.9276528],[15.7672278,53.9311083],[15.7721972,53.9340111],[15.7767139,53.9365778],[15.7813139,53.9393306],[15.7861667,53.9422],[15.7908889,53.9449278],[15.7957889,53.9478111],[15.8001444,53.9503611],[15.8050444,53.9532722],[15.8094,53.9558361],[15.8138306,53.9583556],[15.8192575,53.9614666],[15.8235685,53.964032],[15.8279722,53.9667139],[15.8328583,53.9695417],[15.8373111,53.9721167],[15.8414611,53.9746167],[15.8459389,53.9771806],[15.8502556,53.979725],[15.8548389,53.9824722],[15.8596389,53.9852417],[15.8643194,53.9880056],[15.8690528,53.9907139],[15.873325,53.9932139],[15.8772056,53.9955222],[15.8818278,53.9981722],[15.8831833,54.0020583],[15.8844972,54.0058306],[15.8858583,54.0096472],[15.8873066,54.0131389],[15.8883615,54.0162301],[15.8891745,54.0184857],[15.8904432,54.0221111],[15.8914566,54.0250275],[15.8925001,54.0280206],[15.894614,54.031183],[15.8967371,54.0344037],[15.8991492,54.0380327],[15.9016185,54.041762],[15.904127,54.0454882],[15.9069492,54.0496746],[15.9087285,54.0523617],[15.9109515,54.0557494],[15.9135069,54.0595614],[15.9160381,54.0633604],[15.9185325,54.0671122],[15.921065,54.0708614],[15.9225186,54.0745729],[15.9241001,54.078606],[15.925564,54.0822808],[15.9271122,54.0862187],[15.9286463,54.0900567],[15.9300427,54.093571],[15.9314174,54.097088],[15.932876,54.1006954],[15.9343075,54.1042715],[15.9354385,54.1073783],[15.9402233,54.1095493],[15.9438722,54.1113028],[15.9482528,54.1132],[15.9523528,54.1150444],[15.9565667,54.1169222],[15.9609227,54.1187931],[15.9652159,54.1207065],[15.9688639,54.1223353],[15.9731713,54.1242515],[15.9774406,54.1261484],[15.9816206,54.1280246],[15.9858151,54.1298925],[15.9897025,54.1316338],[15.9931097,54.1331495],[15.9975422,54.13514],[16.0019525,54.1371281],[16.0060444,54.13905],[16.0102917,54.1408833],[16.0140917,54.1426222],[16.0180833,54.1443778],[16.0222806,54.1462389],[16.0253948,54.1475829],[16.0303811,54.1465096],[16.0353999,54.1453489],[16.0400799,54.1442665],[16.0448148,54.1431671],[16.049348,54.1420762],[16.0538209,54.1410468],[16.0578583,54.1394514],[16.0624597,54.1372124],[16.0666709,54.1351605],[16.0701101,54.1334872],[16.0739917,54.1316],[16.07827,54.1295082],[16.0822857,54.1275462],[16.0854392,54.1260029],[16.0888754,54.1243315],[16.0942833,54.1250859],[16.0950226,54.1254858],[16.0951746,54.125568]]},"properties":{"voltage":"400000","name":"400kV Morzyczyn - Dunowo"}},{"type":"Feature","geometry":{"type":"LineString","coordinates":[[14.770587,50.1428902],[14.7708902,50.1435417],[14.7710012,50.1437388],[14.7713891,50.1445525],[14.7726977,50.1448904],[14.7761239,50.1458405],[14.7815075,50.1473329],[14.7867315,50.1487309],[14.7918481,50.1483948],[14.7971979,50.148067],[14.8020883,50.1477223],[14.8052385,50.1452469],[14.808736,50.1424235],[14.8114723,50.1403036],[14.8149876,50.1375132],[14.8181006,50.1349918],[14.8213794,50.1323815],[14.8247343,50.1298448],[14.8279069,50.1271869],[14.8312035,50.1247035],[14.8360522,50.1233604],[14.8409279,50.1219726],[14.8502763,50.1194231],[14.855247,50.1180699],[14.8649407,50.115452],[14.8697379,50.1141286],[14.8744244,50.1128515],[14.8792047,50.1115479],[14.8837811,50.1102874],[14.888485,50.1089903],[14.8934584,50.1076433],[14.8981662,50.1063609],[14.9030563,50.1050091],[14.9080075,50.1036811],[14.9128572,50.1023378],[14.9177766,50.1010118],[14.9225117,50.0997784],[14.92765,50.1010831],[14.9319967,50.1021821],[14.9367892,50.1034265],[14.9504685,50.1069326],[14.9645417,50.1104786],[14.9693172,50.1117276],[14.9729996,50.1126649],[14.97783,50.1138897],[14.9821553,50.1150118],[14.9872448,50.1139704],[14.9923569,50.1130119],[14.9974752,50.112026],[15.0026077,50.1111047],[15.0075787,50.1101685],[15.0126455,50.1091749],[15.017731,50.1082032],[15.0228003,50.1072352],[15.0278769,50.1062307],[15.0329621,50.1052648],[15.0363644,50.1045971],[15.0414656,50.1036105],[15.0462648,50.1026869],[15.0510511,50.1017674],[15.0553158,50.1009454],[15.0600281,50.1000292],[15.0646737,50.0991217],[15.0693726,50.098203],[15.0725247,50.097594],[15.0768102,50.0967594],[15.0818717,50.0958447],[15.0869312,50.0948537],[15.0914994,50.0939623],[15.0963958,50.0927319],[15.1012347,50.0915111],[15.1061464,50.0902734],[15.1110068,50.0890536],[15.115564,50.0879163],[15.1197222,50.0868668],[15.1236432,50.0858668],[15.1275238,50.0849159],[15.1320038,50.0837699],[15.1358952,50.0827771],[15.140533,50.0816169],[15.1453195,50.0804402],[15.1504771,50.0791646],[15.1551711,50.0779756],[15.1595047,50.0781383],[15.1637725,50.0782141],[15.168349,50.0783428],[15.1729421,50.0784537],[15.1775303,50.0785525],[15.1823053,50.0786823],[15.1870839,50.0788003],[15.192992,50.0789458],[15.1982615,50.0790512],[15.2033704,50.0790446],[15.2087237,50.0789869],[15.2140392,50.0789531],[15.2192852,50.0789107],[15.2246175,50.0788807],[15.2299721,50.0788536],[15.2352992,50.0788059],[15.240369,50.0787628],[15.2458458,50.0787298],[15.2510184,50.078691],[15.2562342,50.0786558],[15.2615514,50.0786103],[15.2668146,50.0785745],[15.272118,50.078533],[15.2778366,50.0784897],[15.2831703,50.0784427],[15.2884967,50.0784063],[15.2937148,50.0783673],[15.2990574,50.0783163],[15.3041207,50.0782809],[15.3101763,50.0782282],[15.3161148,50.0781953],[15.3214909,50.0781746],[15.3258534,50.0764296],[15.3303965,50.0746219],[15.3349203,50.0728766],[15.3394504,50.0710727],[15.3439125,50.0692762],[15.3491388,50.0672066],[15.3542653,50.0651304],[15.3584336,50.0634781],[15.359302,50.0599599],[15.3599301,50.0574082],[15.3599518,50.055697],[15.3599324,50.0556002],[15.3598547,50.0552358],[15.3598264,50.0550767]]},"properties":{"voltage":"400000","name":"400"}},{"type":"Feature","geometry":{"type":"LineString","coordinates":[[14.9144482,50.9497622],[14.9146271,50.9502728],[14.9151689,50.9518443],[14.9160379,50.9539294],[14.9208498,50.9551493],[14.9257314,50.9563556],[14.929846,50.957393],[14.9352667,50.9587378],[14.9404058,50.9600151],[14.9446357,50.961065],[14.9499464,50.9623996],[14.9516952,50.9651768],[14.9537069,50.9683998],[14.9558687,50.9718387],[14.9578911,50.9750578],[14.9600584,50.9784354],[14.9621666,50.9817993],[14.9642641,50.9851562],[14.965986,50.9878712],[14.9674291,50.9902045],[14.9699128,50.9931219],[14.9727077,50.9964712],[14.9752289,50.999486],[14.9774391,51.0020821],[14.9798584,51.0049514],[14.9823851,51.0079792],[14.9849333,51.0109907],[14.9898954,51.0127896],[14.9948161,51.0145606],[14.9994349,51.0161468],[15.0040751,51.0178307],[15.0089943,51.019599],[15.0135219,51.0212052],[15.0185799,51.0230346],[15.0234498,51.0247288],[15.0276877,51.026237],[15.031416,51.0275731],[15.0358362,51.0291184],[15.0395554,51.0308449],[15.0441366,51.0329736],[15.047992,51.0347995],[15.0513179,51.0363951],[15.0551873,51.0382664],[15.0586956,51.0399428],[15.0624706,51.0417482],[15.0666602,51.0437685],[15.0711089,51.0458925],[15.0753774,51.0479742],[15.0799103,51.0501561],[15.0840141,51.0521086],[15.0888115,51.0544109],[15.0932425,51.056552],[15.0951828,51.0594087],[15.0971354,51.0622981],[15.0989272,51.064985],[15.1005365,51.0673785],[15.1027681,51.0706787],[15.1045437,51.0733112],[15.106491,51.0762334],[15.108412,51.0790309],[15.1105696,51.0823224],[15.1126115,51.0853204],[15.1146262,51.0883196]]},"properties":{"voltage":"110000","name":"LWN 2x110kV Tur\u00f3w\u2013Miku\u0142owa"}},{"type":"Feature","geometry":{"type":"LineString","coordinates":[[14.913801,50.950479],[14.9146593,50.9541321],[14.9195516,50.9554906],[14.9235696,50.9565854],[14.9279577,50.957785],[14.9318657,50.9588223],[14.9368438,50.9602279],[14.9412534,50.9614308],[14.9464327,50.9628693],[14.9500752,50.9638727],[14.9520332,50.9669741],[14.9539107,50.9699132],[14.956094,50.973406],[14.9579984,50.9763987],[14.9599993,50.9795534],[14.9616355,50.9821539],[14.9634058,50.9849468],[14.9651009,50.9876652],[14.9667961,50.9903936],[14.9691189,50.9931523],[14.971388,50.9958635],[14.9730349,50.9978115],[14.9753845,51.0006136],[14.977879,51.0035438],[14.9802822,51.0064434],[14.9824172,51.0089884],[14.9846007,51.0115273],[14.9897183,51.0133465],[14.9940007,51.0148744],[14.9980938,51.0163594],[15.0026857,51.0179792],[15.0072294,51.0196159],[15.0110811,51.0209522],[15.0143748,51.0221467],[15.0189276,51.0237739],[15.0229632,51.0252139],[15.0276839,51.026857],[15.0325012,51.0286081],[15.0370003,51.0301811],[15.041206,51.0322053],[15.0447787,51.0339258],[15.048625,51.0357407],[15.0515057,51.0371676],[15.0558133,51.0392219],[15.0601049,51.0413097],[15.0637527,51.0430367],[15.0684857,51.0453495],[15.0721855,51.0471176],[15.0763537,51.0491006],[15.0810331,51.0513726],[15.0845843,51.0530351],[15.0888812,51.0551257],[15.0905479,51.0584783],[15.0921787,51.0618229],[15.0937451,51.0649987],[15.0953437,51.0682282],[15.0967277,51.071026],[15.0981976,51.0740192],[15.0994851,51.0765874],[15.1007511,51.0791758],[15.1032294,51.0811372],[15.1060833,51.0834625],[15.1096037,51.0863084],[15.1125592,51.0887099]]},"properties":{"voltage":"220000","name":"LNN 220kV \"D-213\", \"D-212\" Tur\u00f3w\u2013Miku\u0142owa III, II"}},{"type":"Feature","geometry":{"type":"LineString","coordinates":[[14.8426772,52.9076355],[14.8423054,52.9072862],[14.8443845,52.9053077],[14.8463982,52.9033588],[14.8480678,52.9017333],[14.8518869,52.9023488],[14.8559049,52.9030106],[14.8601538,52.9037372],[14.8653912,52.9045708],[14.8696475,52.9052871],[14.874763,52.906148],[14.8788077,52.9067757],[14.884104,52.9076599],[14.8887282,52.9084105],[14.893488,52.9091805],[14.8970367,52.9101923],[14.9007053,52.9112467],[14.9052651,52.9125213],[14.9083405,52.9134054],[14.9108119,52.9152968],[14.9135869,52.9174035],[14.9163871,52.9194994],[14.9194019,52.9218346],[14.9219017,52.9237557],[14.9249916,52.9260777],[14.9273557,52.927878],[14.9297338,52.9297125],[14.9336605,52.93109],[14.938113,52.9326938],[14.9405737,52.9335367],[14.9445396,52.9349313],[14.949142,52.9358977],[14.9536374,52.9368386],[14.9585404,52.9378505],[14.9627086,52.938717],[14.9640443,52.9413129],[14.9654927,52.9441512],[14.9660575,52.9453031],[14.9665142,52.9462091],[14.9670158,52.9471409],[14.9683828,52.9497199],[14.9697628,52.9524032],[14.9711897,52.9551793],[14.9728205,52.9584174],[14.9742206,52.9612061],[14.9756031,52.9639688],[14.9800142,52.9649283],[14.9848744,52.9659687],[14.9894821,52.9669329],[14.9943855,52.9680429],[14.9993207,52.9690865],[15.0037303,52.9701106],[15.0091483,52.9712833],[15.0136437,52.9722621],[15.018134,52.9732248],[15.022421,52.9741105],[15.0265994,52.9749195],[15.0292482,52.974564],[15.0340138,52.975947],[15.0379552,52.977092],[15.0422143,52.9783239],[15.0471372,52.9797521],[15.0516324,52.9810243],[15.0560322,52.9822908],[15.0606425,52.9836071],[15.0653576,52.9849686],[15.0697938,52.9862313],[15.0696767,52.9878892],[15.0695448,52.9906097],[15.0693657,52.9931863],[15.0692471,52.995165],[15.069162,52.9954378],[15.0695322,52.9954619],[15.0696843,52.9951816],[15.0701226,52.9925953],[15.0703936,52.9903071]]},"properties":{"voltage":"110000","name":"110kV Barlinek - Jedwabie odg. My\u015blib\u00f3rz"}},{"type":"Feature","geometry":{"type":"LineString","coordinates":[[14.8984998,53.3543766],[14.8986815,53.3546613],[14.9017853,53.3555738],[14.9047443,53.3569675],[14.907678,53.3583541],[14.9103726,53.3595844],[14.9128716,53.3607548],[14.916079,53.3601266],[14.9194248,53.359499],[14.9236581,53.3586586],[14.9279034,53.3578424],[14.9323079,53.3569957],[14.9367127,53.3561488],[14.9411476,53.3552873],[14.9456526,53.3544267],[14.9500484,53.3535753],[14.9545067,53.3527286],[14.9589103,53.3518726],[14.9633282,53.3510146],[14.9677535,53.3501825],[14.9721426,53.3493135],[14.9766934,53.3489356],[14.9813392,53.3485238],[14.985965,53.3481138],[14.9907363,53.3477429],[14.9929051,53.3478841],[14.9953524,53.3480609],[14.9976205,53.3500336],[14.9995248,53.3516915],[15.0022246,53.3538812],[15.0058973,53.3571505],[15.0072823,53.3583624],[15.0089991,53.3598461],[15.0120203,53.3618441],[15.0145839,53.3636307],[15.0171937,53.3654223],[15.019899,53.3672866],[15.0228537,53.3692922],[15.0253857,53.3710333],[15.0279027,53.3727597],[15.0304497,53.3744642],[15.0330526,53.3762544],[15.0359536,53.3782084],[15.0388998,53.3802545],[15.0414039,53.3819779],[15.0443543,53.3839809],[15.0469571,53.3857387],[15.0498689,53.3877306],[15.0524975,53.3895222],[15.055154,53.3913502],[15.0578362,53.3931672],[15.0605334,53.3949925],[15.0632049,53.3968285],[15.0660574,53.3989055],[15.0672866,53.399812]]},"properties":{"voltage":"110000","name":"110kV Morzyczyn - Chociwel"}},{"type":"Feature","geometry":{"type":"LineString","coordinates":[[14.8982382,53.3544052],[14.8984914,53.3547464],[14.9014736,53.3557713],[14.9046259,53.3573427],[14.9072862,53.358664],[14.9101044,53.3600229],[14.9125631,53.3612423],[14.9166876,53.3604392],[14.9211527,53.359572],[14.9256514,53.3587126],[14.9302162,53.3578298],[14.9339499,53.357122],[14.9385287,53.3562223],[14.9426986,53.3554268],[14.9472581,53.3545476],[14.9515293,53.3537196],[14.9559252,53.3528775],[14.9599625,53.3521052],[14.9645441,53.3512081],[14.9683069,53.3504896],[14.9722819,53.3497266],[14.9770908,53.3493032],[14.9816821,53.3489072],[14.9863547,53.3485043],[14.9907383,53.348154],[14.9949727,53.3484122],[14.9975348,53.3508339],[14.9999949,53.3530946],[15.0019824,53.3548336],[15.0041292,53.3565583],[15.0042263,53.3566363],[15.0064702,53.3584474],[15.0080231,53.3597015],[15.0107741,53.361613],[15.0132375,53.3633285],[15.0153714,53.3647876],[15.0181609,53.3667104],[15.0213624,53.3688889],[15.0245231,53.371057],[15.027553,53.3731136],[15.0298232,53.3746287],[15.032044,53.3761072],[15.0348807,53.3779652],[15.0378483,53.3799281],[15.040685,53.3818115],[15.0432235,53.3837934],[15.0453521,53.3852735],[15.0477554,53.3869052],[15.0501586,53.3885497],[15.052858,53.3903905],[15.055154,53.391958],[15.0581366,53.3939797],[15.0610055,53.3959521],[15.0641383,53.3980888],[15.0672866,53.399812]]},"properties":{"voltage":"110000","name":"110kV Morzyczyn - \u0141obez"}},{"type":"Feature","geometry":{"type":"LineString","coordinates":[[14.987631,53.8231036],[14.9880861,53.8229986],[14.9890632,53.8223247],[14.9914164,53.8202215],[14.9934641,53.8184027],[14.9954694,53.8165583],[14.9973158,53.814888],[14.9981822,53.8126],[14.9990957,53.8103188],[14.9999766,53.8079473],[15.0008671,53.8055081],[15.0015956,53.8035779],[15.0023037,53.801544],[15.0038711,53.797423],[15.0061886,53.7926384],[15.0073258,53.7902173],[15.0085275,53.7878025],[15.0096754,53.7854636],[15.0107912,53.783264],[15.0117665,53.7810792],[15.0129359,53.7786638],[15.0140957,53.7763856],[15.0151783,53.7740736],[15.0162726,53.7718354],[15.0173573,53.7695948],[15.0184624,53.7672676],[15.019664,53.7648514],[15.0207798,53.7626063],[15.0219482,53.7601794],[15.0242012,53.7581117],[15.0264553,53.756067],[15.0283329,53.754329],[15.0304669,53.7523774],[15.0325053,53.7505123],[15.0344365,53.7487804],[15.0367641,53.7466677],[15.0390494,53.7445803],[15.0412273,53.7425879],[15.0432782,53.7407075],[15.0452507,53.7389075],[15.0474501,53.7369594],[15.0497353,53.7348461],[15.0519578,53.7328193],[15.0542092,53.7307779],[15.0564086,53.7287468],[15.0586633,53.7267324],[15.0608734,53.7246885],[15.0631893,53.7225641],[15.065496,53.7204755],[15.0677935,53.7183655],[15.069648,53.7164122],[15.0716114,53.7142979],[15.0735319,53.7122406],[15.0755811,53.7100626],[15.0774388,53.7080918],[15.0792305,53.7061422],[15.0809562,53.7043471],[15.0827817,53.7023634],[15.0845734,53.7004961],[15.0862686,53.6986858],[15.0880925,53.6967294],[15.0893462,53.6944512],[15.0904727,53.6922913],[15.0917403,53.6899194],[15.0928668,53.6878038],[15.0941007,53.6854466],[15.0953935,53.6830638],[15.096697,53.6806555],[15.0979523,53.6782789],[15.099265,53.67586],[15.1005111,53.6734807],[15.0991003,53.6704299],[15.0978541,53.6677688],[15.0959997,53.6638063],[15.0945497,53.6607316],[15.0941849,53.6598987],[15.0947213,53.6587734]]},"properties":{"voltage":"110000","name":"110kV Nowogard - Golczewo"}},{"type":"Feature","geometry":{"type":"LineString","coordinates":[[14.9130768,50.9505499],[14.9134952,50.952287],[14.9140048,50.9545106],[14.9189776,50.9558623],[14.9238914,50.9572578],[14.9288643,50.9586061],[14.9331102,50.9597785],[14.9392417,50.9615051],[14.9443138,50.9628997],[14.9494368,50.9642747],[14.9515718,50.9676869],[14.9532992,50.9704503],[14.9556542,50.9741694],[14.9579448,50.9777835],[14.9603158,50.9815494],[14.9625099,50.9850785],[14.96472,50.9885736],[14.9669302,50.9921494],[14.9693817,50.9959816],[14.9718333,50.9987028],[14.9742955,51.0014238],[14.9767202,51.0041176],[14.9798692,51.007591],[14.9826694,51.0107368],[14.985584,51.0139261],[14.9886095,51.0173212],[14.9912059,51.0201018],[14.9956047,51.0214313],[15.0009477,51.0230645],[15.0050997,51.0242792],[15.0101101,51.0258043],[15.0160217,51.0275655],[15.0229793,51.0297181],[15.0288212,51.0314285],[15.0329089,51.0326565],[15.0380748,51.0341813],[15.043627,51.0358478],[15.0490772,51.0374703],[15.0530147,51.0392109],[15.0579124,51.041545],[15.0627887,51.0437373],[15.0672787,51.0457812],[15.0717671,51.0478696],[15.0768595,51.0502328],[15.0814928,51.0523076],[15.0817787,51.0556349],[15.0820722,51.0592132],[15.0823956,51.0624827],[15.0826998,51.0666032],[15.0829734,51.0697517],[15.0851436,51.0724653],[15.0877155,51.0755795],[15.0896644,51.0780154],[15.0924952,51.0814403],[15.0980758,51.0837546],[15.1024123,51.0855197],[15.107753,51.0876996],[15.1118796,51.0893867]]},"properties":{"voltage":"220000","name":"LNN 220kV \"D-215\", \"D-214\" Tur\u00f3w\u2013Miku\u0142owa V, IV"}},{"type":"Feature","geometry":{"type":"LineString","coordinates":[[14.9123687,50.9506412],[14.9128407,50.9524458],[14.9133879,50.9549026],[14.9185699,50.9563455],[14.9240899,50.9578728],[14.9292934,50.9593089],[14.9336037,50.9604881],[14.9393919,50.962093],[14.9442387,50.9634402],[14.9488145,50.9647072],[14.9508691,50.9680146],[14.9531704,50.9716968],[14.9550802,50.9747403],[14.9574191,50.9784118],[14.9596989,50.9820526],[14.9619735,50.9856526],[14.9642909,50.9893266],[14.966265,50.9924905],[14.96862,50.9962416],[14.9710983,50.9989965],[14.973287,51.0013968],[14.975524,51.0038813],[14.9785012,51.0071927],[14.9814677,51.0104769],[14.9843056,51.0136232],[14.987594,51.0172478],[14.9905783,51.0205844],[14.9950237,51.0219113],[15.0004863,51.0234829],[15.0052285,51.0248899],[15.0096702,51.0262227],[15.015437,51.02794],[15.0225164,51.0300563],[15.0287407,51.0318772],[15.0347328,51.0337091],[15.039248,51.035093],[15.0446178,51.036692],[15.0487339,51.037973],[15.053335,51.0400854],[15.0575959,51.0420172],[15.0626814,51.0443512],[15.0672825,51.0464768],[15.0712108,51.04826],[15.076064,51.0504967],[15.0806737,51.0526102],[15.0809295,51.0557942],[15.0812476,51.0592494],[15.0815625,51.0625206],[15.081945,51.0666293],[15.0820965,51.0700374],[15.0839741,51.072526],[15.0863049,51.0756156],[15.0882946,51.0783073],[15.0907073,51.081497],[15.096446,51.0838757],[15.1008476,51.0857253],[15.1062478,51.0879621],[15.1112115,51.0900408]]},"properties":{"voltage":"220000","name":"LNN 220kV \"D-217\", \"D-216\" Tur\u00f3w\u2013Miku\u0142owa VII, VI"}},{"type":"Feature","geometry":{"type":"LineString","coordinates":[[14.9159858,50.8429391],[14.9180964,50.8417736],[14.9216884,50.8413497],[14.9251067,50.8409522],[14.9280093,50.840612],[14.9316307,50.8401968],[14.934853,50.8398249],[14.9375302,50.8395236],[14.9401244,50.8392236],[14.9431408,50.8388522],[14.9467521,50.8384597],[14.9494495,50.8381462],[14.9531408,50.8377097],[14.9564739,50.8373131],[14.9588899,50.8374462],[14.9628375,50.8376928],[14.9655825,50.8377167],[14.9692069,50.8377712],[14.9726803,50.8378298],[14.9761983,50.8378703],[14.9797024,50.8379188],[14.9833029,50.8379747],[14.9868646,50.8380271],[14.9895534,50.838066],[14.9931504,50.8381239],[14.9967109,50.83817],[14.9998164,50.8382174],[15.0028076,50.8382714],[15.006266,50.8383276],[15.0092072,50.8383752],[15.0128773,50.8384348],[15.0156358,50.8384511],[15.0183013,50.8377678],[15.021178,50.8370304],[15.0246476,50.8361409],[15.0263681,50.8356999]]},"properties":{"voltage":"110000","name":""}},{"type":"Feature","geometry":{"type":"LineString","coordinates":[[14.9655276,51.0529458],[14.9691469,51.0536698],[14.9741251,51.0544657],[14.9761279,51.0573788],[14.9785295,51.0608654],[14.9801906,51.0632368],[14.9829695,51.0649879],[14.9867259,51.0673411],[14.9901693,51.0695055],[14.9943264,51.0721245],[14.9975953,51.0741658],[15.0018656,51.0741601],[15.0072964,51.0741592],[15.0125811,51.074145],[15.0173803,51.0741407],[15.0220172,51.0762293],[15.0266883,51.0783179],[15.0317942,51.0806124],[15.0369113,51.0829038],[15.0420466,51.0852027],[15.0471417,51.0874923],[15.0512786,51.0893395],[15.0566409,51.0905789],[15.060641,51.0914915],[15.0658821,51.0926908],[15.0708681,51.0938404],[15.0715261,51.0933113]]},"properties":{"voltage":"400000","name":"LNN 400kV Miku\u0142owa\u2013Hagenwerder I"}},{"type":"Feature","geometry":{"type":"LineString","coordinates":[[14.914744,49.8784469],[14.9161995,49.8793095],[14.9189653,49.8809826],[14.9213038,49.8811489],[14.9240535,49.8813723],[14.9281821,49.8816581],[14.9318752,49.8819387],[14.9356894,49.8822452],[14.9396648,49.8825206],[14.9436079,49.882822],[14.9478171,49.8831389],[14.9518328,49.8834611],[14.9553835,49.8837173],[14.9591143,49.8839962],[14.9627672,49.8842508],[14.9667426,49.88383],[14.9708364,49.8833814],[14.9741777,49.8830324],[14.9769089,49.8827311],[14.9801369,49.8823973],[14.9841218,49.8819449],[14.988153,49.8815187],[14.9922014,49.8810741],[14.9962212,49.8806259],[15.000091,49.8802209],[15.0035196,49.8798506],[15.0070284,49.8792924],[15.010632,49.8788221],[15.0143533,49.8782815],[15.017646,49.8778012],[15.0215438,49.8772561],[15.0249072,49.8767291],[15.0286932,49.8761632],[15.0327244,49.8755974],[15.0367671,49.8750241],[15.0408211,49.8744325],[15.0448809,49.8738115],[15.0488665,49.8732823],[15.0527323,49.8727164],[15.0560965,49.872224],[15.0594045,49.8717406],[15.0631987,49.8711724],[15.0655996,49.8720561],[15.0684584,49.8730485]]},"properties":{"voltage":"110000;22000","name":""}},{"type":"Feature","geometry":{"type":"LineString","coordinates":[[14.9504527,49.7028293],[14.950895,49.70381],[14.9530161,49.70438],[14.9542694,49.704175],[14.9564938,49.7038205],[14.9587944,49.7034631],[14.9610948,49.7031046],[14.9633459,49.7027341],[14.9656159,49.7023368],[14.9683148,49.7018979],[14.9705653,49.7015095],[14.9728168,49.7011189],[14.9750862,49.7007207],[14.977323,49.7003361],[14.9794876,49.6999767],[14.9817854,49.699583],[14.9840891,49.6991979],[14.9869663,49.6987058],[14.9891939,49.6983034],[14.9916346,49.6978948],[14.9942459,49.697443],[14.9964858,49.697058],[14.9988967,49.6975677],[15.001587,49.698116],[15.0039366,49.698626],[15.0053635,49.6997311],[15.0068092,49.7008484],[15.008322,49.7020419],[15.0096416,49.7030532],[15.01109,49.7041652],[15.0125009,49.7052615],[15.015454,49.7075494],[15.017015,49.708774],[15.0187048,49.7100714],[15.0201398,49.7112005],[15.0215077,49.712255],[15.0227067,49.713176],[15.0239512,49.7141368],[15.0251468,49.7150763],[15.0269869,49.7152976],[15.0284777,49.7154869],[15.0304258,49.715734],[15.0325021,49.7159734],[15.0342776,49.7161769],[15.0391609,49.7168019],[15.0413134,49.7170719],[15.0437459,49.7173798],[15.0461198,49.7176844],[15.0487482,49.7180144],[15.0512984,49.7183298],[15.053688,49.7186028],[15.0559526,49.7188772],[15.0581299,49.7191527],[15.0605145,49.7194588],[15.0620874,49.719668],[15.0637232,49.7199098]]},"properties":{"voltage":"22000","name":""}},{"type":"Feature","geometry":{"type":"LineString","coordinates":[[14.7770492,50.1488925],[14.7775107,50.1515966],[14.7779533,50.1542963],[14.7785181,50.1572641],[14.7790269,50.1606801],[14.7795059,50.1633792],[14.7800242,50.1664803],[14.780611,50.1697845],[14.779232,50.1718112],[14.7773152,50.1744169],[14.7749386,50.1776927],[14.7726599,50.1809682],[14.7678988,50.1824906],[14.7629938,50.1840467],[14.7587298,50.1854118],[14.7543345,50.1868567],[14.7510967,50.1878358],[14.7508021,50.1910395],[14.7505628,50.1943593],[14.7502289,50.197891],[14.7500364,50.2001493],[14.7497846,50.2029454],[14.7495498,50.2056558],[14.7493445,50.2081783],[14.7490902,50.2109448],[14.7500095,50.2142994],[14.7509484,50.2178728],[14.7519068,50.2213646],[14.7528252,50.2249087],[14.7537884,50.2284518],[14.7547226,50.2319138],[14.7557208,50.2355659],[14.7567709,50.2395785],[14.7578335,50.2436297],[14.7584697,50.2459222],[14.7593448,50.2492054],[14.7596869,50.2521549],[14.7599827,50.255128],[14.7602328,50.2581568],[14.7607882,50.2625949],[14.7611978,50.2659281],[14.7628799,50.2684474],[14.7643958,50.2709479],[14.7663266,50.2737485],[14.7683274,50.2767734],[14.7707235,50.2803796],[14.7718485,50.2820442],[14.7733249,50.2840918],[14.7753342,50.2873923],[14.7768652,50.2895989],[14.7788408,50.2925462],[14.7810511,50.2958639],[14.7828506,50.2985003],[14.7845719,50.3011241],[14.7865181,50.3040039],[14.7886306,50.3071271],[14.7912516,50.3102688],[14.7939411,50.3134853],[14.7965524,50.3165204],[14.7992908,50.3197115],[14.8018629,50.3227837],[14.8046893,50.326068],[14.8072712,50.3291273],[14.8100096,50.3323051],[14.8127089,50.335389],[14.8153201,50.3385226],[14.817902,50.3416123],[14.8204448,50.3445583],[14.8212761,50.347891],[14.821902,50.3505682],[14.8224888,50.3530269],[14.8233495,50.3563216],[14.8240634,50.35951],[14.824748,50.3622365],[14.8254522,50.3651625],[14.8262933,50.3683066],[14.8271148,50.3717687],[14.8277798,50.3745319],[14.8285231,50.3776193],[14.8291686,50.380563],[14.8299607,50.3836063],[14.8305867,50.3861132],[14.8317407,50.391033],[14.8322395,50.3933805],[14.8329974,50.3964511],[14.8338287,50.3995214],[14.8345864,50.4028958],[14.8363104,50.4051707],[14.8381319,50.4077029],[14.8413104,50.4121281],[14.8429974,50.4145042],[14.8452957,50.4176512],[14.8473617,50.4205645],[14.8497701,50.4238747],[14.8516869,50.426606],[14.8537921,50.4294588],[14.8554791,50.4318184],[14.857753,50.435011],[14.8600513,50.4382658],[14.8622151,50.4412945],[14.8644033,50.4444165],[14.8657236,50.4466352],[14.8673373,50.4493832],[14.8693911,50.4527926],[14.8709804,50.4555947],[14.8726185,50.4583421],[14.874599,50.4616264],[14.876176,50.4643345],[14.8777041,50.4668869],[14.8796356,50.4700928],[14.8816039,50.4733218],[14.8829164,50.4756257],[14.8848435,50.4789311],[14.8866474,50.4819957],[14.890956,50.4835515],[14.8956626,50.4852632],[14.8993178,50.48657],[14.9042812,50.4883045],[14.908621,50.4899067],[14.9121663,50.4911978],[14.9193301,50.4938188],[14.9222396,50.4947987],[14.9260171,50.4961207],[14.9291101,50.4984536],[14.9327164,50.5011131],[14.936335,50.5038112],[14.939269,50.5060349],[14.9414352,50.5091464],[14.9436333,50.5122234],[14.9458949,50.5155428],[14.947863,50.5184392],[14.9503553,50.5219601],[14.9520214,50.5243478],[14.9516736,50.5272984],[14.951335,50.5304189],[14.9509372,50.533664],[14.9505771,50.5367441],[14.9501614,50.5399763],[14.9498343,50.5429885],[14.9494338,50.5462002],[14.9518118,50.5483588],[14.9541759,50.5504783],[14.9565913,50.5526776],[14.9596724,50.5554272],[14.9618974,50.5575164],[14.9647841,50.5601226],[14.9671009,50.5621797],[14.9694402,50.5641874],[14.9720074,50.5666646],[14.974648,50.5690406],[14.9771908,50.5712845],[14.979917,50.5737846],[14.982203,50.5758808],[14.9851248,50.5783883],[14.9878481,50.5807737],[14.990626,50.5831391],[14.9936089,50.5857705],[14.9963596,50.58813],[14.998829,50.5903032],[15.0017508,50.5928333],[15.004807,50.5954486],[15.0072398,50.5975748],[15.0102593,50.6002054],[15.0131322,50.6026573],[15.0177172,50.6039474],[15.0230833,50.6054117],[15.0277777,50.6067462],[15.0321024,50.6079723],[15.0373254,50.6093995],[15.0423987,50.610827],[15.0472521,50.6121846],[15.052142,50.6135887],[15.0563352,50.6147833],[15.0588512,50.6170129],[15.0611641,50.6191891],[15.0637558,50.6216246],[15.0658462,50.6235558],[15.0684501,50.6258126],[15.0706673,50.6278624],[15.0733665,50.6302745],[15.0760678,50.6326734],[15.0789039,50.635364],[15.0825348,50.6388918],[15.0854076,50.64152],[15.0877915,50.6436752],[15.0897375,50.6454881],[15.0919175,50.647514],[15.0951038,50.6504227],[15.0984968,50.6535336],[15.0998079,50.6547325],[15.1012223,50.6560465],[15.1036444,50.6582725]]},"properties":{"voltage":"400000;220000","name":""}},{"type":"Feature","geometry":{"type":"LineString","coordinates":[[14.8821421,52.667316],[14.8833787,52.6666963],[14.8865635,52.6651807],[14.8893922,52.6638418],[14.8929319,52.6621493],[14.8968947,52.6621802],[14.9004134,52.6622099],[14.9040154,52.6622443],[14.9079127,52.6622771],[14.9113501,52.6623037],[14.9159901,52.662335],[14.9206516,52.6623742],[14.925306,52.662413],[14.9291369,52.6624391],[14.9337676,52.6624884],[14.9379397,52.6624953],[14.9413938,52.6625199],[14.9460501,52.662566],[14.9507231,52.6625942],[14.9553111,52.6626255],[14.9600136,52.6626616],[14.9647222,52.6626975],[14.9689487,52.6627332],[14.9735292,52.6627718],[14.9772737,52.6627934],[14.9812487,52.6632347],[14.9850742,52.6636609],[14.9888494,52.6640891],[14.9925991,52.6645023],[14.9966199,52.6649558],[15.0009262,52.6654328],[15.0046141,52.6658444],[15.0090016,52.666338],[15.0131335,52.6667889],[15.0173121,52.6672527],[15.0213023,52.667693],[15.0255199,52.668157],[15.0300548,52.6686645],[15.0333003,52.6695285],[15.037343,52.6706118],[15.0411478,52.6716194],[15.0454494,52.6727693],[15.0490536,52.6737317],[15.052639,52.6746863],[15.0561715,52.6756247],[15.0600781,52.6766716],[15.0638976,52.6777092],[15.0677171,52.6787142],[15.071557,52.6797244],[15.0753848,52.680727],[15.0789068,52.6816712],[15.0821684,52.6825434],[15.0859346,52.6835502],[15.0896053,52.6849108],[15.0933551,52.6863402],[15.0971048,52.6877621],[15.1008726,52.6891769],[15.1046579,52.6905981],[15.1078215,52.6917867],[15.1109616,52.6929703],[15.1146825,52.6943809],[15.1184059,52.6957676],[15.1218336,52.6970594],[15.1258586,52.6985679],[15.1293238,52.6998691]]},"properties":{"voltage":"110000","name":"110kV SE Baczyna - Kostrzyn/Witnica"}},{"type":"Feature","geometry":{"type":"LineString","coordinates":[[14.90632,48.1037218],[14.9106409,48.1032645],[14.9146611,48.1040941],[14.918849,48.1049537],[14.9230275,48.1058206],[14.926576,48.1065529],[14.9305344,48.1073697],[14.9340245,48.1080899],[14.938256,48.1088921],[14.9420196,48.1096055],[14.9459611,48.1103527],[14.949797,48.1110799],[14.9529821,48.1116836],[14.9566833,48.1123852],[14.9598922,48.1129935],[14.9628016,48.1135775],[14.9664429,48.114616],[14.9701698,48.1157108],[14.9738772,48.1167997],[14.9778091,48.1179546],[14.9814564,48.1190258],[14.9853755,48.1201769],[14.9895369,48.1213991],[14.9936135,48.1225964],[14.9974094,48.1237112],[15.0016979,48.1238141],[15.0060608,48.1239461],[15.0104993,48.1240907],[15.0150791,48.1242189],[15.0196784,48.124358],[15.0238326,48.1254591],[15.0280228,48.126547],[15.0322033,48.1276574],[15.0364039,48.1287303],[15.0406547,48.1298279],[15.0443415,48.1308081],[15.0449847,48.1309132]]},"properties":{"voltage":"110000","name":"Amstetten - Erlauf"}},{"type":"Feature","geometry":{"type":"LineString","coordinates":[[14.8845068,50.0845838],[14.885429,50.0833462],[14.8862498,50.0822395],[14.8870679,50.0811638],[14.8881086,50.0798247],[14.8888676,50.0788418],[14.8896481,50.077828],[14.8906111,50.0765938],[14.8918395,50.075487],[14.8931699,50.0742476],[14.8944952,50.0729729],[14.8963662,50.0732341],[14.8984422,50.0734992],[14.9003326,50.0737405],[14.9022456,50.0739847],[14.9041913,50.0742376],[14.9060597,50.0744804],[14.9094715,50.0749418],[14.9115797,50.0751759],[14.9136557,50.0754582],[14.9154206,50.0756613],[14.9189343,50.0761398],[14.9208333,50.0764084],[14.9225124,50.0766184],[14.9244757,50.0768835],[14.9261602,50.0771004],[14.9281611,50.0773689],[14.9299313,50.0775927],[14.9316533,50.0778268],[14.9391206,50.0787838],[14.9410089,50.0790316],[14.9432941,50.0793208],[14.9457671,50.079641],[14.9494739,50.0797133],[14.9516626,50.0797546],[14.953685,50.079789],[14.9558629,50.0798303],[14.9573864,50.0798785],[14.9589743,50.0799129],[14.960876,50.0799542],[14.9627348,50.079999],[14.9646686,50.0800455],[14.9666642,50.0800764],[14.9686168,50.0801401],[14.9705454,50.0801797],[14.9726482,50.0802331],[14.9747467,50.0802766],[14.9768469,50.0803299],[14.978939,50.0803798],[14.9810741,50.080428],[14.9831501,50.0804711],[14.9852288,50.0805227],[14.987396,50.0805675],[14.9894828,50.0806208],[14.9915427,50.0806604],[14.9925942,50.0806845],[14.9936563,50.0807086],[14.9957618,50.0807542],[14.9978593,50.0808007],[14.9999568,50.0808472],[15.0020489,50.0808902],[15.0041438,50.0809315],[15.0062198,50.0809694],[15.0083414,50.0810072],[15.0107018,50.0810537],[15.0136458,50.0811147],[15.0139892,50.0821006]]},"properties":{"voltage":"22000","name":""}},{"type":"Feature","geometry":{"type":"LineString","coordinates":[[14.918408,50.1017014],[14.9193053,50.1019647],[14.9198395,50.1021168],[14.92058,50.10231],[14.9216217,50.1025812],[14.9228737,50.1029199],[14.9243445,50.1032877],[14.9254851,50.1036939],[14.9268218,50.1042032],[14.9280697,50.1046848],[14.9293733,50.1050513],[14.9310091,50.1055328],[14.9317661,50.1057736],[14.9332038,50.1063491],[14.9348581,50.1070728],[14.9355965,50.107426],[14.9363742,50.1077752],[14.9381378,50.1085465],[14.9400066,50.1093799],[14.940446,50.1095743],[14.9423272,50.1103972],[14.9437979,50.1110678],[14.9452954,50.1117398],[14.9468218,50.1124118],[14.9481543,50.1130057],[14.9491423,50.1134515],[14.9500891,50.1139012],[14.951565,50.1145253],[14.9530202,50.1151406],[14.9543858,50.115761],[14.9555945,50.1162927],[14.9567888,50.1168217],[14.9574241,50.1171061],[14.9590289,50.1178071],[14.9603899,50.1184192],[14.9616885,50.1190124],[14.9631891,50.1196752],[14.9646429,50.1203305],[14.9674189,50.1215704],[14.9692294,50.1219487],[14.9692482,50.1229616],[14.9690175,50.1238731],[14.9693367,50.1243477],[14.9686259,50.1251851],[14.9679661,50.1259469],[14.9670998,50.126946],[14.9662307,50.1279605],[14.965359,50.1289801],[14.9643961,50.1299327],[14.9635888,50.1308646],[14.9626097,50.1320424],[14.9620626,50.1326992],[14.9614296,50.1334591],[14.9608247,50.1341924],[14.9599584,50.1352222],[14.9590813,50.136271],[14.9608623,50.1367987],[14.9626245,50.1373197],[14.964376,50.1378302],[14.9661462,50.1383477],[14.967954,50.1388789],[14.9693542,50.1392984],[14.970765,50.1396989],[14.9725058,50.1402232],[14.9739273,50.1406478],[14.9757405,50.1411687],[14.977559,50.141705],[14.9793454,50.1422396],[14.9809681,50.1428],[14.9839293,50.1439139],[14.9853535,50.1444863],[14.9867376,50.1450484],[14.9880304,50.1455726],[14.9894224,50.1461416],[14.9915199,50.1466916],[14.9936711,50.1472622],[14.9958705,50.1478449],[14.9979626,50.1483984],[15.000213,50.1489862],[15.0022702,50.1495362],[15.0038688,50.1499487],[15.0045018,50.1501223],[15.005682,50.150454],[15.0068514,50.1507496],[15.0081362,50.1510675],[15.0099494,50.1515402],[15.011202,50.1518701],[15.0128784,50.1522895],[15.0148793,50.1528343],[15.016781,50.1533567],[15.0184869,50.1538139],[15.0196582,50.1543449],[15.0207158,50.1548244],[15.0218074,50.1553262],[15.0231393,50.1560385],[15.0243234,50.1566718],[15.0255223,50.1572904],[15.0267293,50.157928],[15.0280999,50.1580809],[15.0294732,50.1582338],[15.0307741,50.1583868],[15.0318362,50.1585122],[15.0330083,50.1586445],[15.033746,50.1587322],[15.0348591,50.1588679],[15.0364577,50.1590484],[15.0380777,50.1592391],[15.0396924,50.1594281],[15.04146,50.1596343],[15.0429486,50.1598096],[15.0436728,50.1598989],[15.0445526,50.1599986],[15.0461538,50.1601825],[15.0493618,50.1605553],[15.0509818,50.1607478],[15.0525992,50.1609437],[15.053664,50.1610657],[15.0547718,50.1611963],[15.0558366,50.1613269],[15.0574325,50.1615159],[15.0590392,50.1617032],[15.0606539,50.1618956],[15.0629311,50.1621499],[15.0655237,50.1624512]]},"properties":{"voltage":"22000","name":""}},{"type":"Feature","geometry":{"type":"LineString","coordinates":[[14.9990419,49.481488],[14.9998434,49.4815735],[15.0006458,49.481657]]},"properties":{"voltage":"22000","name":""}},{"type":"Feature","geometry":{"type":"LineString","coordinates":[[14.9991063,49.481434],[14.9998574,49.4815455],[15.0006458,49.481657]]},"properties":{"voltage":"22000","name":""}},{"type":"Feature","geometry":{"type":"LineString","coordinates":[[14.9972275,49.4835264],[14.9989073,49.4840546],[15.0003646,49.484813]]},"properties":{"voltage":"22000","name":""}},{"type":"Feature","geometry":{"type":"LineString","coordinates":[[14.9737367,50.5135707],[14.9747722,50.5132163],[14.9756608,50.5127447],[14.9765522,50.5123004],[14.9774538,50.511839],[14.9783483,50.5114028],[14.9792068,50.5109689],[14.9800813,50.5105322],[14.9809051,50.5101169],[14.9820669,50.509535],[14.9828652,50.5091316],[14.9837725,50.5086695],[14.9846703,50.5082122],[14.9856295,50.5077381],[14.986572,50.5072723],[14.9875617,50.5067469],[14.9885032,50.506271],[14.9895009,50.5057643],[14.9904934,50.5052781],[14.9920839,50.5051041],[14.993704,50.5049233],[14.9950429,50.5047732],[14.9962601,50.5046367],[14.99768,50.5044802],[14.9990979,50.5043262],[15.0018945,50.5040082],[15.0032231,50.5038571],[15.0045723,50.5037087],[15.0057954,50.5035739],[15.0068039,50.5034528],[15.0076783,50.5033538],[15.008514,50.5032605]]},"properties":{"voltage":"22000","name":""}},{"type":"Feature","geometry":{"type":"LineString","coordinates":[[14.8052667,52.1863056],[14.8077278,52.185175],[14.8094,52.1828167],[14.8110361,52.1804889],[14.8128111,52.1780167],[14.8145472,52.1755417],[14.8162417,52.1731528],[14.8178361,52.1708778],[14.8196556,52.1683167],[14.8214028,52.1658778],[14.8232,52.1633194],[14.824875,52.1609583],[14.8266417,52.1584889],[14.8306111,52.1584194],[14.8351083,52.1583556],[14.8400694,52.1582778],[14.8431861,52.1582583],[14.8474972,52.1581972],[14.8513639,52.1581472],[14.8548833,52.1585194],[14.8588639,52.1589167],[14.8625194,52.159325],[14.8665222,52.1597611],[14.8703528,52.1601917],[14.8735139,52.1585917],[14.8763472,52.1571583],[14.8788722,52.1558944],[14.8819833,52.1543306],[14.8849972,52.1528083],[14.8871278,52.1507528],[14.8894583,52.1485028],[14.8917694,52.1462778],[14.8941222,52.1440083],[14.8966222,52.1415694],[14.8990583,52.1392306],[14.9014,52.1369833],[14.9038222,52.1346306],[14.9060917,52.1324389],[14.9083528,52.130225],[14.910575,52.1280972],[14.91285,52.1259056],[14.9150167,52.1237917],[14.912075,52.1222417],[14.9090869,52.1207329],[14.9063111,52.1192111],[14.9064667,52.1168278],[14.9066611,52.114625],[14.9068028,52.1121611],[14.9094639,52.1097972],[14.9106722,52.1069861],[14.9117389,52.1044528],[14.9127745,52.1018219],[14.913825,52.0991528],[14.9151769,52.096179],[14.914533,52.0937992],[14.9139677,52.091148],[14.9135302,52.0888299],[14.9130229,52.0865156],[14.9124649,52.0840376],[14.9119747,52.081637],[14.9091848,52.0809637],[14.9068717,52.0803901],[14.906263,52.0780177],[14.9056593,52.075561],[14.9050963,52.0733536],[14.9044318,52.0708498],[14.9038484,52.0684894],[14.9033107,52.0662536],[14.9027621,52.0640292],[14.9010861,52.0616139],[14.8994767,52.0596037],[14.9021762,52.0576565],[14.9047051,52.0558716],[14.9075422,52.0538609],[14.9097876,52.0519484],[14.9119496,52.0500103],[14.9167245,52.048637],[14.9198194,52.0478361],[14.9219889,52.0464111],[14.9254056,52.0441806],[14.9278028,52.0426111],[14.9308556,52.0410667],[14.9338528,52.0395167],[14.9368889,52.0379694],[14.9399833,52.036375],[14.9427861,52.03495],[14.9476361,52.0326306],[14.9511528,52.0310556],[14.9546611,52.0294667],[14.9582194,52.0278694],[14.9616917,52.0263222],[14.9649361,52.0248639],[14.9679832,52.0234742],[14.9714595,52.0219395],[14.97485,52.0204417],[14.9778583,52.0190861],[14.9808639,52.0177611],[14.9830167,52.016825],[14.9866944,52.0152444],[14.9899194,52.0138611],[14.9927719,52.0126726],[14.9965444,52.0110611],[15.0000111,52.009575],[15.0036972,52.0079528],[15.0067611,52.0066611],[15.0097722,52.0054389],[15.0126917,52.0042583],[15.0156944,52.003025],[15.0189056,52.001725],[15.0252965,51.9991927],[15.0284472,51.9978139],[15.0304056,51.9970611],[15.033825,51.9959111],[15.0370361,51.9948472],[15.0399694,51.9938361],[15.0434056,51.9926889],[15.0470111,51.9914917],[15.0502944,51.9904028],[15.0528587,51.9899556]]},"properties":{"voltage":"110000","name":"110kV Dych\u00f3w - Cybinka"}},{"type":"Feature","geometry":{"type":"LineString","coordinates":[[14.832931,52.3622323],[14.833099,52.362586],[14.8334899,52.3645344],[14.8364511,52.3648794],[14.8361041,52.3683334],[14.8396384,52.3700546],[14.8439784,52.3694189],[14.8480796,52.3687906],[14.85217,52.3685671],[14.8523171,52.3685599],[14.8559289,52.3683842],[14.8583461,52.3687296],[14.8610034,52.3704674],[14.8633618,52.3727511],[14.8626814,52.3746067],[14.8605176,52.3766366],[14.8587003,52.3783414],[14.8589926,52.3805801],[14.8593822,52.3830525],[14.8605352,52.3860712],[14.8618234,52.3894917],[14.8631092,52.3929076],[14.8643856,52.3963449],[14.8691107,52.3970048],[14.873431,52.3976082],[14.8744496,52.4002565],[14.8754807,52.4029372],[14.8766007,52.4058491],[14.8777598,52.4088622],[14.8787378,52.4113943],[14.8797796,52.4140915],[14.8807641,52.4166403],[14.8824441,52.4187039],[14.8842763,52.4209544],[14.8860182,52.4230939],[14.8883459,52.4259526],[14.8904433,52.4285284],[14.8921204,52.430588],[14.8939791,52.4328704],[14.8991204,52.4318652],[14.9032646,52.4310549],[14.9064311,52.4304358],[14.9112584,52.4322719],[14.9151124,52.4337456],[14.9191994,52.4334769],[14.9233205,52.4332059],[14.9277754,52.432913],[14.9314993,52.4326681],[14.9357872,52.4323862],[14.9404399,52.4320802],[14.9452716,52.4317625],[14.9493892,52.4314902],[14.9532815,52.4312327],[14.9571184,52.4309789],[14.9613827,52.4306981],[14.9643195,52.4314495],[14.9672353,52.432199],[14.9701887,52.4329443],[14.9742218,52.4348037],[14.9773408,52.4362416],[14.981708,52.4382549],[14.9862155,52.4403327],[14.9896783,52.4419275],[14.9933415,52.4436145],[14.9971203,52.4435563],[15.0012107,52.4434933],[15.0045976,52.4434411],[15.0082638,52.4433846],[15.0124969,52.4433151],[15.0165886,52.443252],[15.0205459,52.4431811],[15.0247885,52.444582],[15.0283323,52.4457612],[15.0322473,52.4466515],[15.0365012,52.4476187],[15.0412716,52.4487034],[15.0453561,52.4496182],[15.0495024,52.4505417],[15.0522047,52.4513487],[15.0552888,52.4522697],[15.0585592,52.4532148],[15.062081,52.4542573],[15.065503,52.4552506],[15.0691694,52.4563314],[15.070953,52.4585042],[15.0724076,52.4602761],[15.0711194,52.4627583],[15.0751411,52.4647344],[15.0773514,52.4667926],[15.0793574,52.4686605],[15.0831886,52.4688159],[15.0871015,52.4689746],[15.0909611,52.4691312],[15.0949473,52.4692929],[15.0989028,52.4694533],[15.1031662,52.4696263],[15.1064122,52.4697579],[15.1100261,52.4698818],[15.1135785,52.4700331],[15.1179233,52.4701905],[15.1223875,52.4691536],[15.126967,52.46809],[15.1306841,52.4672266],[15.1335626,52.466558],[15.1378504,52.4655589],[15.1413205,52.4647654],[15.1426919,52.4629017],[15.1414697,52.4604085],[15.1403235,52.4580702],[15.13916,52.4556967],[15.137993,52.4533198],[15.1371468,52.4516222],[15.1359466,52.4491409],[15.1349174,52.4465088],[15.1344872,52.4454034],[15.1346655,52.4448449]]},"properties":{"voltage":"110000","name":"110kV Lubiechnia Wielka - Sul\u0119cin"}},{"type":"Feature","geometry":{"type":"LineString","coordinates":[[14.9929932,49.1265453],[14.9948473,49.1267079],[14.9968543,49.126884],[14.9988858,49.1270623],[15.0005116,49.1272049],[15.001979,49.1273128]]},"properties":{"voltage":"22000","name":""}},{"type":"Feature","geometry":{"type":"LineString","coordinates":[[14.9870908,53.2954845],[14.9868132,53.2963809],[14.9889813,53.2985719],[14.9911575,53.3007773],[14.9933337,53.3029697],[14.9959177,53.3050016],[14.9984988,53.3070348],[15.0020957,53.3071575],[15.0056785,53.3072816]]},"properties":{"voltage":"110000","name":"110kV Kluczewo - Pyrzyce / Morzyczyn - Kluczewo"}},{"type":"Feature","geometry":{"type":"LineString","coordinates":[[14.5274803,53.2076527],[14.5325891,53.2064607],[14.5377626,53.2052657],[14.543018,53.2040555],[14.5481402,53.2028671],[14.5543107,53.2014319],[14.5604779,53.2000244],[14.5664519,53.1986673],[14.5719394,53.197361],[14.5763531,53.195299],[14.5768455,53.1917927],[14.5772585,53.1877717],[14.5776869,53.1839781],[14.5780923,53.1805248],[14.5784492,53.1772724],[14.5788171,53.173869],[14.5808664,53.1708957],[14.5832493,53.1675897],[14.5856143,53.1643536],[14.5877694,53.1612834],[14.5900354,53.1580548],[14.5922941,53.1548365],[14.598217,53.1528794],[14.6038903,53.1510015],[14.6096386,53.149092],[14.6154153,53.1471732],[14.6211994,53.1452801],[14.6263512,53.1435626],[14.6297915,53.1424225],[14.6333461,53.1393893],[14.637201,53.1361241],[14.6410219,53.1328354],[14.6449364,53.1295936],[14.6487691,53.1263257],[14.6525296,53.1231792],[14.6563769,53.119915],[14.6602044,53.1166467],[14.6631856,53.1139222],[14.6664378,53.1112129],[14.6694871,53.1086627],[14.6728098,53.1058876],[14.6761807,53.103093],[14.6789928,53.1003496],[14.682381,53.097116],[14.685715,53.0937991],[14.6890256,53.0905674],[14.6923193,53.087354],[14.6958264,53.0839327],[14.6992731,53.0805665],[14.7026995,53.0772232],[14.7049967,53.0749854],[14.7099432,53.0723093],[14.7148783,53.0696339],[14.7198176,53.0669545],[14.7247043,53.0643033],[14.7296394,53.0616244],[14.734525,53.05898],[14.7392728,53.0564382],[14.7437477,53.0539848],[14.7475176,53.0519256],[14.7504915,53.0490286],[14.7535677,53.0460317],[14.7567772,53.0429047],[14.7598244,53.0399356],[14.7631136,53.0367305],[14.7665709,53.0333613],[14.7700883,53.0299263],[14.775197,53.0282247],[14.7785979,53.0270853],[14.7799044,53.0266476],[14.7844513,53.0251257],[14.7893455,53.0234953],[14.7942541,53.0218371],[14.7943516,53.0189397],[14.7944727,53.0151992],[14.7945605,53.011877],[14.7946764,53.0081862],[14.7947805,53.0048751],[14.7949026,53.0009529],[14.7950287,52.9970005],[14.7951531,52.9931131],[14.7952789,52.9891606],[14.7953991,52.9852524],[14.7977093,52.9829274],[14.7988311,52.97935],[14.800038,52.9754715],[14.8012489,52.9715796],[14.8024578,52.9676939],[14.8036985,52.9637593],[14.8048472,52.9600979],[14.8059678,52.95641],[14.8072199,52.9524519],[14.8083344,52.948893],[14.8094709,52.9452245],[14.8106888,52.9413687],[14.8113053,52.9374383],[14.8119581,52.933498],[14.8125887,52.9296255],[14.8132225,52.9257138],[14.8138691,52.9217876],[14.8145374,52.9178069],[14.8194849,52.915234],[14.8243934,52.9126812],[14.8292417,52.9101595],[14.8338415,52.9077669],[14.8388251,52.9051746],[14.8438352,52.9025684],[14.8488809,52.8999434],[14.8539513,52.8973055],[14.8589084,52.8947263],[14.8630701,52.8925608],[14.8672912,52.8903644],[14.8717405,52.888049],[14.8754681,52.8861092],[14.8792057,52.8841488],[14.8815746,52.8829179],[14.887372,52.8822503],[14.8938133,52.8815011],[14.9003363,52.8807214],[14.9068417,52.8799591],[14.9134165,52.8791887],[14.9199429,52.878424],[14.9252084,52.8777945],[14.9287737,52.8773716],[14.9332745,52.8747342],[14.9375215,52.8722377],[14.9415736,52.8698508],[14.945077,52.8674333],[14.9491994,52.8646418],[14.9528866,52.8621154],[14.9568248,52.8594245],[14.96076,52.8567276],[14.9640932,52.8544424],[14.9666857,52.8508168],[14.969275,52.8471791],[14.9718742,52.8435288],[14.9741212,52.8403809],[14.976259,52.8373731],[14.9783781,52.8344034],[14.9804956,52.831428],[14.9826814,52.8283602],[14.9838435,52.8247465],[14.9850812,52.8209008],[14.9862572,52.8172479],[14.9874386,52.8135728],[14.9871378,52.8101927],[14.9867942,52.8063111],[14.9864765,52.8024555],[14.9869562,52.7985195],[14.9873784,52.7950961],[14.9879466,52.7910575],[14.9906329,52.7873871],[14.9929845,52.7841738],[14.9988832,52.7823799],[15.0031735,52.7811009],[15.0058473,52.7774341],[15.0084431,52.7738557],[15.011062,52.7702451],[15.0137413,52.7665693],[15.0194443,52.7659798],[15.0251315,52.7653918],[15.0309647,52.764789]]},"properties":{"voltage":"400000;220000","name":"2x400kV Krajnik - Baczyna"}},{"type":"Feature","geometry":{"type":"LineString","coordinates":[[14.9914635,48.5722064],[14.9918779,48.5722928],[14.9917761,48.5748804],[14.9949984,48.5763141],[14.9981273,48.5776983],[14.9978751,48.5798734],[14.9975295,48.5827775],[14.9980619,48.5845816],[14.9985382,48.5862374],[15.0005557,48.5887396],[15.0025544,48.5912046],[15.0045438,48.5936509],[15.00757,48.597246],[15.0091017,48.5999638],[15.0106709,48.6025086],[15.0104477,48.6046154],[15.0102173,48.6067896],[15.0099422,48.6093863],[15.0098376,48.6112487],[15.0123693,48.6140013],[15.011864,48.616244],[15.0126527,48.6180466],[15.0140731,48.6202259],[15.0149635,48.6217595],[15.0145815,48.6239224],[15.0130937,48.6258375],[15.0110787,48.6284931],[15.0094088,48.6305864],[15.0080593,48.6323213],[15.0077759,48.6353023],[15.0075417,48.6381975],[15.0083736,48.6413084],[15.0092671,48.6443662],[15.0108816,48.6467846],[15.0123296,48.6488609],[15.0135682,48.6506481],[15.0154415,48.6533023],[15.0142954,48.6550894],[15.0124529,48.657955],[15.0109617,48.6602914],[15.0125145,48.6623712],[15.0138702,48.6642108],[15.0154723,48.6664044],[15.0171361,48.6687363],[15.0190771,48.6714384],[15.0204451,48.6733835],[15.0222814,48.675947],[15.0236556,48.6778838],[15.0261944,48.6796781],[15.0287023,48.6814845],[15.0311179,48.6832706],[15.0338662,48.6852925],[15.036405,48.6871272],[15.0389869,48.6888968],[15.0371013,48.6905727],[15.0374895,48.6931313],[15.0379455,48.6957588],[15.0385247,48.698671],[15.0390547,48.7015423],[15.0395538,48.7040962],[15.0400036,48.7064019],[15.0405151,48.709163],[15.041045,48.7118832],[15.0415133,48.714335],[15.0418902,48.7165454],[15.0397195,48.7189242],[15.0374243,48.7214471],[15.035565,48.7234443],[15.0332006,48.7260055],[15.0314016,48.7279927],[15.0293597,48.7301527],[15.0291622,48.7321637],[15.0288932,48.7343192],[15.0286596,48.7369195],[15.0283906,48.7395337],[15.0261185,48.7422131],[15.0239171,48.744869],[15.021652,48.7476042],[15.0182969,48.7483929],[15.015508,48.7490463],[15.012396,48.74978],[15.0122396,48.7499557],[15.0104997,48.7519109],[15.0085767,48.7541003],[15.0065741,48.756311],[15.0049969,48.7580842],[15.0012478,48.7589196],[14.9970776,48.7598347],[14.9935655,48.7606145],[14.990093,48.7613913]]},"properties":{"voltage":"110000","name":"Gro\u00df Gerungs - Gm\u00fcnd"}},{"type":"Feature","geometry":{"type":"LineString","coordinates":[[14.8981022,53.3544159],[14.8983207,53.3548332],[14.9011729,53.3559616],[14.9043969,53.3576295],[14.9069856,53.3589957],[14.9096321,53.3603221],[14.912301,53.3617177],[14.9166533,53.3608618],[14.9205159,53.3601269],[14.9243414,53.3593872],[14.9283825,53.3585983],[14.9324008,53.3578139],[14.9367428,53.3569765],[14.9413034,53.3561246],[14.9457773,53.3552594],[14.9500718,53.3544267],[14.9545456,53.3535846],[14.9589883,53.35271],[14.9634279,53.3518669],[14.9678392,53.35102],[14.9722195,53.3501593],[14.9762881,53.3501127],[14.9800916,53.3500429],[14.9843954,53.3499756],[14.9885491,53.3499207],[14.9915723,53.3520121],[14.9943879,53.3539718],[14.9949952,53.3557641],[14.9981345,53.3575888],[15.0013102,53.35942],[15.0064665,53.3624338],[15.0096358,53.3642411],[15.0127364,53.3660209],[15.017504,53.3687614],[15.0188841,53.3695546],[15.0251819,53.3731904],[15.0279499,53.374829],[15.0312072,53.3766704],[15.034237,53.3784516],[15.0373012,53.3801905],[15.0403846,53.3819779],[15.0410176,53.3847616],[15.0416077,53.3874427],[15.041961,53.3891482]]},"properties":{"voltage":"110000","name":"110kV Morzyczyn - Maszewo - Nowogard"}},{"type":"Feature","geometry":{"type":"LineString","coordinates":[[14.522875,53.2082212],[14.5273374,53.2082772],[14.532822,53.2070002],[14.5376743,53.2058717],[14.5430173,53.2046073],[14.5492814,53.2031733],[14.5544273,53.2019751],[14.5598147,53.2007544],[14.5668973,53.1990912],[14.571303,53.198049],[14.5771757,53.1967139],[14.5789967,53.1962792],[14.5792163,53.1934358],[14.5793749,53.1908247],[14.5796589,53.1878236],[14.5798567,53.1846508],[14.5802286,53.1803227],[14.5804608,53.1769072],[14.5838867,53.1746072],[14.5878779,53.1719068],[14.5914005,53.1695052],[14.5955582,53.1666841],[14.5997132,53.1638447],[14.6041995,53.1607787],[14.6081388,53.1580864],[14.6114446,53.1558268],[14.6143321,53.1538961],[14.6187527,53.1509155],[14.6220857,53.148608],[14.6251529,53.1465802],[14.6283455,53.1443636],[14.6318423,53.1414244],[14.6358887,53.1379589],[14.6394439,53.1349491],[14.6433265,53.1316584],[14.6466245,53.1288587],[14.6502888,53.1257682],[14.6541662,53.1224935],[14.6578402,53.1193909],[14.6616697,53.1161372],[14.6654873,53.1128905],[14.66891,53.1099668],[14.672521,53.1069307],[14.6755007,53.1043999],[14.678249,53.1020969],[14.6810722,53.09925],[14.6845662,53.095855],[14.6880139,53.0924444],[14.6911611,53.0893722],[14.6946306,53.0859694],[14.6976752,53.0830322],[14.7010083,53.0797333],[14.7041528,53.0766611],[14.7083861,53.0743667],[14.713225,53.0717306],[14.7183611,53.0689278],[14.7233167,53.0662528],[14.7281056,53.0636389],[14.7323806,53.0613528],[14.7370056,53.0588333],[14.7419861,53.0561389],[14.7467717,53.0535097],[14.7500167,53.0503222],[14.7529417,53.0475111],[14.7553083,53.0451694],[14.7583361,53.0422389],[14.761225,53.0394472],[14.7637778,53.0369639],[14.7671278,53.0337389],[14.7706417,53.0303472],[14.7754917,53.0287],[14.7789239,53.0275366],[14.7805806,53.026975],[14.78485,53.0255444],[14.7903361,53.0236861],[14.795838,53.0218514],[14.7958972,53.0180639],[14.7960444,53.014025],[14.7961444,53.0100083],[14.7963056,53.0062111],[14.7965083,53.0020972],[14.7968262,52.998058],[14.7970778,52.9940667],[14.797325,52.9899639],[14.7975908,52.9858491],[14.7986083,52.9826333],[14.79975,52.9789361],[14.8009472,52.9751028],[14.8021837,52.9711519],[14.8031583,52.9680667],[14.8043537,52.9642478],[14.8055353,52.9604551],[14.8067056,52.9566833],[14.8079417,52.9527139],[14.8090919,52.9489612],[14.8102361,52.9452444],[14.8114225,52.9416061],[14.8118472,52.9389945],[14.8123806,52.9354639],[14.812925,52.9322333],[14.8133917,52.9291],[14.8140139,52.9255361],[14.81455,52.9220472],[14.815265,52.9180488],[14.8203129,52.915418],[14.8246778,52.9131528],[14.8294833,52.9106917],[14.8334944,52.90855],[14.8368306,52.9068444],[14.8410083,52.9046361],[14.8451333,52.9024833],[14.8497056,52.9001528],[14.8532667,52.8982833],[14.8570944,52.8963556],[14.86185,52.8938722],[14.8672278,52.8910917],[14.87215,52.8884944],[14.8755889,52.8866722],[14.8790637,52.8848491],[14.8871361,52.8839028],[14.8966472,52.8826361],[14.9015722,52.8820278],[14.9075972,52.88125],[14.9138194,52.8804472],[14.9201222,52.8796639],[14.9263944,52.8788472],[14.9309167,52.8782639],[14.9364944,52.8775583],[14.9407194,52.8749972],[14.9449778,52.8723944],[14.9490839,52.869836],[14.9534889,52.8671444],[14.9577472,52.8644833],[14.9614083,52.8622639],[14.9653,52.8598917],[14.9692667,52.8574444],[14.9726167,52.8553861],[14.9735444,52.8527667],[14.9746472,52.8497472],[14.9759611,52.8461556],[14.9780667,52.8433],[14.9799722,52.8406556],[14.9822389,52.8375333],[14.9853556,52.8332056],[14.9873472,52.8304972],[14.9897306,52.827175],[14.9892944,52.8227944],[14.9889528,52.8192],[14.9885472,52.8149889],[14.9882667,52.8120417],[14.9877694,52.8069278],[14.9875194,52.8039889],[14.9901528,52.8003694],[14.9926472,52.7968417],[14.9950639,52.794025],[14.9974389,52.7907667],[14.9998833,52.7875111],[15.0023056,52.7842583],[15.0047306,52.7809389],[15.0068611,52.7780583],[15.0087167,52.7754],[15.0105056,52.7728306],[15.0127972,52.769575],[15.0145707,52.7670074],[15.0197569,52.7664612],[15.0255862,52.7658554],[15.0300762,52.7653875],[15.0318146,52.7652062],[15.0365551,52.7647114],[15.0423477,52.7641138],[15.0445596,52.7638773]]},"properties":{"voltage":"400000","name":"400kV Krajnik - Plewiska"}},{"type":"Feature","geometry":{"type":"LineString","coordinates":[[9.2693349,55.0354115],[9.2696246,55.0329926],[9.2657471,55.0309987],[9.2612772,55.0286761],[9.2572669,55.026572],[9.2531767,55.0244174],[9.2495324,55.0225493],[9.2464586,55.0209356],[9.2421842,55.0187165],[9.2378416,55.016451],[9.2337228,55.0142749],[9.2295739,55.012095],[9.2262716,55.0103682],[9.2221367,55.0082042],[9.2197351,55.0050891],[9.2176236,55.0024555],[9.2153142,54.9995324],[9.212865,54.9964265],[9.2105884,54.9934771],[9.2083772,54.990665],[9.2069502,54.9888889],[9.2045451,54.985819],[9.2024275,54.9830788],[9.2003099,54.9803785],[9.1981579,54.9776299],[9.1962345,54.9751892],[9.1938569,54.9722047],[9.1914985,54.9691645],[9.1893335,54.9663959],[9.1869075,54.963383],[9.1846941,54.9604919],[9.1821986,54.9574206],[9.1797585,54.9542087],[9.1772397,54.9509861],[9.1747643,54.9477948],[9.1752919,54.9456371],[9.175973,54.9428798],[9.1766687,54.9400627],[9.1774675,54.936673],[9.1781726,54.9338449],[9.1789618,54.9307485],[9.1796137,54.9281534],[9.1803037,54.9254185],[9.1807124,54.9219018],[9.1811657,54.918452],[9.1816025,54.9149796],[9.182013,54.9117515],[9.1823327,54.9091224],[9.1827567,54.9056306],[9.183138,54.9022578],[9.183561,54.8991428],[9.1839492,54.8958642],[9.1843754,54.8924084],[9.1848237,54.8888868],[9.1852456,54.8853758],[9.1856767,54.8818947],[9.1859266,54.8795738],[9.187043,54.876556],[9.1881762,54.8734134],[9.1892838,54.8702403],[9.1901171,54.8678927],[9.1912147,54.8647185],[9.1922421,54.8617776],[9.1929897,54.8596475],[9.1940917,54.856436],[9.1954142,54.8526639]]},"properties":{"voltage":"400000","name":""}},{"type":"Feature","geometry":{"type":"LineString","coordinates":[[10.5758186,55.0703991],[10.5746445,55.0717303],[10.5725859,55.0740312],[10.5708744,55.075954],[10.567719,55.0762857],[10.5623814,55.07686],[10.5577021,55.0773559],[10.5530299,55.0778535],[10.5471439,55.0784792],[10.5421679,55.0790057],[10.5386181,55.0793929],[10.5342824,55.0798493],[10.5308644,55.0816754],[10.5271033,55.083682],[10.5228303,55.0859484],[10.5182603,55.0883763],[10.514289,55.0904432],[10.5114105,55.0919996],[10.5108301,55.0937322],[10.5101636,55.0957008],[10.5093021,55.0982682],[10.5084645,55.1007478],[10.5060292,55.1019974],[10.5021652,55.1039727],[10.4980256,55.106083],[10.4947788,55.107734],[10.4918723,55.1092184],[10.4874591,55.1114674],[10.483654,55.1133958],[10.4832093,55.1159048],[10.4828567,55.1179126],[10.4822665,55.121139],[10.4818114,55.1236486],[10.481361,55.1261616],[10.4809761,55.1281795],[10.4805674,55.1304504],[10.4800381,55.1333639],[10.4795509,55.1360539],[10.479059,55.13874],[10.4785901,55.1413438],[10.4779678,55.143075],[10.4771802,55.1452569],[10.476273,55.1477542],[10.4751097,55.1510237],[10.4740707,55.1539877],[10.4728028,55.1574734],[10.4722478,55.1590035],[10.4683772,55.1605555],[10.4649814,55.1618953],[10.4605768,55.1636546],[10.4565938,55.1652418],[10.4542531,55.166175],[10.4511738,55.1674096],[10.4465399,55.1692526],[10.4416603,55.1712034],[10.4377186,55.1727791],[10.4333286,55.1745261],[10.4302044,55.1745006],[10.4261067,55.174475],[10.4223542,55.1744469],[10.4182817,55.1744092],[10.4137768,55.1743743],[10.4085998,55.174343],[10.4048485,55.1743008],[10.400992,55.1742824],[10.3970979,55.174237],[10.3923549,55.1753581],[10.3874114,55.1764943],[10.3821078,55.1777055],[10.3762769,55.1790417],[10.371199,55.1802176],[10.3665604,55.1812819],[10.3627828,55.1821379],[10.3588208,55.183039],[10.3541858,55.1841076],[10.3483599,55.1854522],[10.3443602,55.1863515],[10.3385722,55.1876706],[10.333578,55.1888448],[10.3289831,55.1899057],[10.3239637,55.1910519],[10.320709,55.1918041],[10.3158758,55.1929101],[10.3118201,55.1938431],[10.3082015,55.1946717],[10.3043288,55.1955641],[10.298946,55.1967929],[10.2936005,55.1980208],[10.2878754,55.1993278],[10.2835952,55.2003139],[10.2791491,55.2013276],[10.2736995,55.2025789],[10.268182,55.2038365],[10.264283,55.2047358],[10.2588746,55.2059697],[10.2553729,55.2067513],[10.2524788,55.2073974],[10.2479116,55.2084605],[10.2434919,55.2094704],[10.2427896,55.2111073],[10.2415054,55.2144247],[10.2407868,55.2161528],[10.2397611,55.218617],[10.2387382,55.221125],[10.237552,55.2240073],[10.2364979,55.2266933],[10.2354841,55.22911],[10.2305414,55.2306737],[10.2264497,55.2319554],[10.2221289,55.2333217],[10.2194562,55.2341623],[10.2150238,55.2355721],[10.2114931,55.2366833],[10.2070433,55.2381121],[10.2020404,55.2397045],[10.1969874,55.2412471],[10.1919149,55.2428398],[10.188043,55.2440528],[10.1828973,55.2456781],[10.1775175,55.2473712],[10.1733753,55.2486996],[10.1702667,55.2491455]]},"properties":{"voltage":"150000","name":""}},{"type":"Feature","geometry":{"type":"LineString","coordinates":[[9.26956,55.0370345],[9.2694282,55.0376092],[9.2693207,55.0402839],[9.2691542,55.0428219],[9.2690326,55.0455104]]},"properties":{"voltage":"400000","name":""}},{"type":"Feature","geometry":{"type":"LineString","coordinates":[[9.3905605,54.9423371],[9.3918147,54.9454226],[9.3930549,54.9484487],[9.3943414,54.9516533],[9.3954685,54.9546008],[9.3968644,54.9580861],[9.3983065,54.9617187],[9.3996012,54.9648988],[9.4007557,54.9677047],[9.4020358,54.9709625],[9.4034374,54.9744923],[9.4042955,54.9765116],[9.4057309,54.9801086],[9.4069512,54.9832461],[9.4083272,54.9865979],[9.40938,54.9891679],[9.4103659,54.9915621],[9.4110454,54.9932423],[9.4118685,54.9953177],[9.4128927,54.9978488],[9.4143571,55.0014557],[9.4157162,55.0048371],[9.4170849,55.0082403],[9.4184153,55.0115279],[9.4215989,55.0132513],[9.4239266,55.0145157],[9.427357,55.0163728],[9.4298495,55.0176919],[9.4317465,55.0187247]]},"properties":{"voltage":"0;150000","name":""}},{"type":"Feature","geometry":{"type":"LineString","coordinates":[[9.4817776,54.9891329],[9.4852474,54.9882549],[9.4900407,54.9891807],[9.4950643,54.9901404],[9.4998271,54.9910657],[9.5037446,54.9917933],[9.5086897,54.9927467],[9.5135762,54.9936971],[9.5183687,54.9945721],[9.5225352,54.9953596],[9.5266454,54.9961516],[9.5302418,54.9968424],[9.5357007,54.9978923],[9.5399956,54.9987257],[9.5448685,54.9996328],[9.5494523,55.0005031],[9.5543011,55.0014332],[9.5591579,55.0023495],[9.5640468,55.0032657],[9.5692488,55.0034326],[9.5749019,55.0036093],[9.5799159,55.0038081],[9.584614,55.0039627],[9.5892659,55.0041394],[9.5936252,55.0040996],[9.5993092,55.004082],[9.6043467,55.0040011],[9.6092893,55.0040629],[9.614827,55.0041203],[9.6201055,55.0041843],[9.6241761,55.0041779],[9.6284949,55.0044114],[9.6331347,55.0046416],[9.6382419,55.0048303],[9.6433676,55.0050374],[9.6492227,55.0052816],[9.6536484,55.0054729]]},"properties":{"voltage":"60000","name":""}},{"type":"Feature","geometry":{"type":"LineString","coordinates":[[9.4817776,54.9891329],[9.4788484,54.9899752],[9.4745092,54.9911789],[9.4712366,54.9921001],[9.4672009,54.9932388],[9.4639628,54.9941318],[9.4598252,54.9952972],[9.4573094,54.9975973],[9.4550259,54.9996464],[9.4528352,55.0016278],[9.4504392,55.0038361],[9.4486185,55.0054872],[9.4465377,55.0073889],[9.4439276,55.0097405],[9.4417812,55.0117332],[9.4397973,55.0134988],[9.4376256,55.0154814],[9.4355413,55.0173907]]},"properties":{"voltage":"150000;60000","name":""}},{"type":"Feature","geometry":{"type":"LineString","coordinates":[[9.2690326,55.0455104],[9.268911,55.0478722],[9.2688529,55.0508786],[9.2686066,55.0537869],[9.2684401,55.05701],[9.2682289,55.0602071],[9.2680816,55.0634626],[9.2679204,55.0667031],[9.2677809,55.0695975],[9.2676072,55.072712],[9.2674429,55.0757054],[9.2672589,55.0789392],[9.2712305,55.0812022],[9.2752759,55.0834906],[9.279262,55.0857381],[9.28266,55.087665],[9.2864916,55.0898239],[9.2898257,55.091698],[9.2897914,55.0948341],[9.2897989,55.098071],[9.2898441,55.1012473],[9.2898592,55.1044967],[9.2898517,55.1077587],[9.2899119,55.1109945],[9.289942,55.1142474],[9.2899119,55.1174095],[9.2899345,55.1206446],[9.289927,55.1239052],[9.2899646,55.1270493],[9.2899722,55.130176],[9.2899797,55.1332722],[9.2899797,55.1364802],[9.2900023,55.139731],[9.2900324,55.1426199],[9.2900174,55.1456118],[9.290055,55.1488705],[9.2900475,55.1519308],[9.2900324,55.1548619],[9.2900475,55.1579433],[9.2900852,55.1610804],[9.2901403,55.1631353],[9.290168,55.16417],[9.2901228,55.1671001],[9.290153,55.1703226],[9.2901228,55.1735362],[9.290153,55.1762849],[9.2930518,55.17789],[9.2963297,55.1797002],[9.3003521,55.1819281],[9.3044649,55.1842291],[9.3075609,55.1859407],[9.3104383,55.1875361],[9.3142046,55.1896045],[9.3172779,55.1912987],[9.3196808,55.1937195],[9.3217523,55.1957962],[9.3241778,55.1982167],[9.3265997,55.2006266],[9.3293181,55.2033589],[9.3311683,55.2052111],[9.3335702,55.2076375],[9.3360533,55.2101192],[9.3388123,55.2128601],[9.3412061,55.2152582],[9.3409221,55.2174663],[9.3404433,55.2204983],[9.340062,55.2233356],[9.3395102,55.2264967],[9.3390152,55.2296807],[9.3385445,55.2323555],[9.3400295,55.2351226],[9.3414983,55.2379218],[9.3425126,55.2399885],[9.3436,55.2420981],[9.345085,55.2449987],[9.3460749,55.2469878],[9.3471704,55.2491063],[9.3484036,55.2517283],[9.3497133,55.2540794],[9.3510682,55.2565877],[9.3521467,55.258455],[9.3534987,55.26111],[9.355146,55.2641525],[9.3566959,55.2670931],[9.3582945,55.2699733],[9.3594549,55.2721415],[9.3606071,55.2743187],[9.3617757,55.276445],[9.362617,55.2780052]]},"properties":{"voltage":"400000;150000","name":""}},{"type":"Feature","geometry":{"type":"LineString","coordinates":[[9.4409084,55.0032907],[9.4415237,55.0030187],[9.4441155,55.0018417],[9.4469235,55.0005717],[9.4499148,54.9992177],[9.4530603,54.9977126],[9.4560448,54.9961574],[9.4593272,54.9944208],[9.4625767,54.9925959],[9.4669677,54.9909282],[9.4715185,54.9896926],[9.4760399,54.9884313],[9.4784887,54.9877999],[9.4811636,54.9870735],[9.4851789,54.9859767],[9.4896597,54.9847446],[9.4927751,54.9839185],[9.4958533,54.9830709],[9.4982559,54.9824006],[9.5005227,54.9819365]]},"properties":{"voltage":"60000","name":""}},{"type":"Feature","geometry":{"type":"LineString","coordinates":[[9.4346615,55.0174764],[9.4354512,55.0167113],[9.4367945,55.0153768],[9.4380745,55.0141395],[9.4393366,55.0128994],[9.4393673,55.011608],[9.4393423,55.0098025],[9.4393479,55.0085337],[9.4396266,55.0069068],[9.4399965,55.0047139],[9.4401955,55.0034741]]},"properties":{"voltage":"60000","name":""}},{"type":"Feature","geometry":{"type":"LineString","coordinates":[[11.8854904,55.0073354],[11.8859637,55.0084757]]},"properties":{"voltage":"132000","name":""}},{"type":"Feature","geometry":{"type":"LineString","coordinates":[[11.8884879,55.0167523],[11.8878211,55.0181965],[11.8868373,55.0202982],[11.8859307,55.0221988],[11.8850315,55.0240859],[11.8825243,55.0256828],[11.8799011,55.0273525],[11.877337,55.0289612],[11.8748324,55.0305146],[11.8726918,55.0318488],[11.8712373,55.0336131],[11.8695587,55.0356493],[11.866586,55.036867],[11.8637228,55.0380078],[11.8611403,55.0390221],[11.8595959,55.0396427],[11.8560156,55.0410593],[11.8531925,55.0422028],[11.8507103,55.0431997],[11.8475881,55.0444405],[11.8461918,55.0463718],[11.844873,55.0482198],[11.8435147,55.0500689],[11.8422541,55.0518205],[11.8409142,55.0537253],[11.8396886,55.0554189],[11.8386009,55.0569212],[11.8371605,55.0589365],[11.8356265,55.0610546],[11.8340204,55.0633174],[11.8326774,55.065172],[11.8312959,55.0671077],[11.8293659,55.0689253],[11.8275137,55.0706906],[11.8257761,55.0723344],[11.8235927,55.0744613],[11.8215824,55.0763893],[11.8197306,55.0780886],[11.8175041,55.080222],[11.8156845,55.0819315],[11.8142519,55.083274],[11.8142692,55.0854132],[11.8142634,55.0874002],[11.8142692,55.0897541],[11.8142634,55.0921178],[11.8142523,55.0944663],[11.8142629,55.0967667],[11.8142483,55.0991344],[11.8142634,55.1013363],[11.8142577,55.1032697],[11.8142352,55.1055081],[11.8142413,55.1076548],[11.8142305,55.1093623],[11.8163078,55.1110696],[11.8182089,55.1126252],[11.819647,55.1138177],[11.8198222,55.1159532],[11.8199831,55.1182045],[11.8201802,55.1202862],[11.8203537,55.1224069],[11.8205338,55.1246035],[11.8207282,55.1268276],[11.8208852,55.1287581],[11.8210016,55.1302223],[11.8211905,55.1326115],[11.821377,55.1348557],[11.8215599,55.1372205],[11.8217345,55.1391775],[11.8219459,55.1416496],[11.8220667,55.1433205],[11.8222532,55.1453786],[11.8205689,55.1469347],[11.8187792,55.1485896],[11.8169026,55.1503342],[11.8150923,55.1520104],[11.8128119,55.1541046],[11.8109652,55.1558292],[11.8094513,55.1577584],[11.808051,55.1595606],[11.8064324,55.16162],[11.8050526,55.1633965],[11.803519,55.1653508],[11.8022571,55.1669474],[11.8008655,55.1687511],[11.7992617,55.1707806],[11.7976556,55.1728233],[11.7960069,55.174969],[11.7951055,55.1761414],[11.7923207,55.1771366],[11.7896069,55.1781676],[11.7863173,55.1794716],[11.7831114,55.1808108],[11.7804149,55.1808911],[11.7774427,55.180976],[11.7745178,55.1810556],[11.7709975,55.1819053],[11.7687242,55.1824487],[11.7658397,55.1831408],[11.7621564,55.184019],[11.7584701,55.1848977],[11.7552767,55.185659],[11.752024,55.1864378],[11.7486831,55.1872197],[11.7461986,55.1885001],[11.7441179,55.1895637],[11.7420955,55.1906128],[11.7418799,55.1921896],[11.7416259,55.1941198],[11.7413402,55.1963415],[11.7411158,55.1981104],[11.7414972,55.199994],[11.7419162,55.2018728],[11.7413954,55.2039336],[11.7421456,55.2045911]]},"properties":{"voltage":"132000","name":""}},{"type":"Feature","geometry":{"type":"LineString","coordinates":[[11.8887695,55.0164497],[11.8900098,55.0182478],[11.8912267,55.0200442],[11.8918793,55.020989],[11.8929063,55.0224962],[11.8938758,55.0239204],[11.8950174,55.0255786],[11.8979091,55.0263774],[11.9005515,55.0270851],[11.9036589,55.0279306],[11.9068043,55.0287707],[11.9095416,55.0294904],[11.9115758,55.0309618],[11.9137162,55.0324683],[11.9160336,55.0341069],[11.9178264,55.0353784],[11.9174949,55.037288],[11.9171408,55.0392185],[11.9168136,55.0410566],[11.916496,55.0429869],[11.9148073,55.0451292],[11.913287,55.0471078],[11.9116606,55.0492272],[11.9100663,55.0512726],[11.9085171,55.0533019],[11.906903,55.0553938],[11.9052437,55.057506],[11.9046976,55.0597162],[11.9041011,55.0620954],[11.9035647,55.0643072],[11.9031559,55.0660005],[11.9025959,55.0682933],[11.9020787,55.0704176],[11.9015713,55.0725025],[11.9011667,55.0741591],[11.9006668,55.0761701],[11.9001658,55.0781724],[11.8996432,55.0804212],[11.8990789,55.0827259],[11.898551,55.0848446],[11.8981872,55.0863521],[11.8977635,55.0880413],[11.8984137,55.090094],[11.899007,55.0920226],[11.8996346,55.0940424],[11.90014,55.095724],[11.9008449,55.0979302],[11.9014724,55.0999984],[11.9022062,55.1023549],[11.9028543,55.1043927],[11.9035255,55.1065803],[11.9041366,55.1085932],[11.9047628,55.110608],[11.9055199,55.1130165],[11.9060202,55.1145748],[11.9065585,55.1164248],[11.907327,55.1188472],[11.9080001,55.1210036],[11.90878,55.1234841],[11.909482,55.1256875],[11.9101698,55.1279799],[11.9109154,55.130337],[11.9115666,55.1323925],[11.9122469,55.1344848],[11.9129057,55.1366492],[11.9135397,55.1385999],[11.9126552,55.1394402],[11.9112939,55.14066],[11.9093487,55.142542],[11.9079587,55.1438197],[11.9063128,55.1453593],[11.9047081,55.1468751],[11.9030299,55.1484167],[11.9029455,55.1503072],[11.9027577,55.1521525],[11.9025592,55.1539855],[11.9023768,55.1558306],[11.9021286,55.158167],[11.9018571,55.1604411],[11.901752,55.1618826],[11.9015171,55.1642593],[11.9012802,55.1663891]]},"properties":{"voltage":"132000","name":""}},{"type":"Feature","geometry":{"type":"LineString","coordinates":[[9.7626433,55.0456658],[9.7648398,55.0442195],[9.7677538,55.0422605],[9.7680888,55.0420353],[9.7707826,55.0402308],[9.7740106,55.0380671],[9.775854,55.0369211]]},"properties":{"voltage":"60000","name":""}},{"type":"Feature","geometry":{"type":"LineString","coordinates":[[9.8171868,55.0083777],[9.816928,55.0098646],[9.8166542,55.0112677],[9.8163677,55.0125947],[9.8160687,55.0139762],[9.8157688,55.0155019],[9.8154674,55.0169086],[9.8152622,55.0179568],[9.8149829,55.0192795],[9.8147132,55.0205454],[9.8144686,55.0217349],[9.8142025,55.0230785],[9.813884,55.0246005],[9.8135799,55.026117],[9.8134454,55.0266576]]},"properties":{"voltage":"60000","name":""}},{"type":"Feature","geometry":{"type":"LineString","coordinates":[[9.8172086,55.0082883],[9.8191593,55.0077514],[9.8217539,55.0070495],[9.8238683,55.0064743],[9.8253655,55.0060683],[9.8269796,55.0056306],[9.8288955,55.0050995],[9.8313494,55.0044431],[9.8330314,55.0040135],[9.8336984,55.0030124],[9.8344852,55.0018199],[9.835322,55.0005029],[9.8362663,54.9990624],[9.8372693,54.9975982],[9.838074,54.9963398],[9.8389698,54.9949489],[9.839855,54.9936441],[9.8407455,54.9922501],[9.8417325,54.9907821],[9.8426754,54.9893182],[9.8435818,54.9879435],[9.8445223,54.9865284],[9.8454983,54.985045],[9.8463835,54.9836443],[9.8473276,54.9823053],[9.8482127,54.9809323],[9.8488994,54.9798704],[9.8497577,54.978596],[9.8505409,54.977306],[9.8515119,54.9758713],[9.8524345,54.9744118],[9.8534181,54.9729601],[9.854811,54.9719117],[9.856431,54.9706925],[9.8578704,54.9695504],[9.8591028,54.9686476],[9.8601256,54.9678714],[9.8617418,54.9666494],[9.8627664,54.9658641],[9.8643704,54.9646416],[9.8658188,54.9635514],[9.8673476,54.9623995],[9.8689999,54.9611243],[9.8705985,54.9599047],[9.8721394,54.9587182],[9.8737027,54.9575144]]},"properties":{"voltage":"60000","name":""}},{"type":"Feature","geometry":{"type":"LineString","coordinates":[[9.7103,55.0290759],[9.7130249,55.0301869],[9.7157728,55.0313344],[9.718384,55.0324556],[9.7204814,55.0335253],[9.7222356,55.0344415],[9.7255615,55.0361753],[9.7282579,55.0375636],[9.7309658,55.0389543],[9.7337795,55.0404056],[9.7375135,55.0423509],[9.7404216,55.0438408],[9.7435303,55.0454271],[9.7460274,55.0467564],[9.7497548,55.0486743],[9.7510757,55.0493604]]},"properties":{"voltage":"60000","name":""}},{"type":"Feature","geometry":{"type":"LineString","coordinates":[[9.6778169,55.0152197],[9.6777536,55.0152173],[9.6776894,55.0152149]]},"properties":{"voltage":"60000","name":""}},{"type":"Feature","geometry":{"type":"LineString","coordinates":[[9.6776407,55.0151146],[9.677762,55.0151191],[9.6778258,55.0151215],[9.6789593,55.015156],[9.6815626,55.0152109],[9.6842015,55.0152936],[9.6869759,55.0153702],[9.6897141,55.0154462],[9.692436,55.0155147],[9.69515,55.0155828],[9.6977803,55.0156543],[9.7002321,55.0157162],[9.7021303,55.0157722],[9.7044227,55.0158307],[9.7069541,55.0159004],[9.7090258,55.0159605],[9.7113611,55.0160175],[9.7141959,55.0160872],[9.7165597,55.0161425],[9.7190056,55.0162113],[9.7216384,55.0162756],[9.7243596,55.0163486],[9.7271008,55.0164162],[9.7297764,55.0164816],[9.7325332,55.0165354],[9.7348274,55.0165947],[9.7369052,55.0166532],[9.7394068,55.0167269],[9.7419995,55.0167767],[9.7434317,55.0168335],[9.7458208,55.0168769],[9.7483169,55.0169433],[9.7508383,55.017011],[9.7534772,55.0170759],[9.7560938,55.0171502],[9.7588069,55.0172018],[9.761323,55.017255],[9.763517,55.0173059],[9.7658679,55.0173717],[9.7679582,55.017421],[9.7704457,55.0174774],[9.7728488,55.0170189],[9.7753647,55.0164993],[9.7774761,55.016103],[9.779388,55.0157211],[9.7813777,55.0153417],[9.783865,55.0148649],[9.786335,55.0143554],[9.7888348,55.0138817],[9.7914147,55.0133756],[9.7942574,55.012801],[9.7964604,55.0123771],[9.7989781,55.011892],[9.8007026,55.0115384],[9.8029433,55.0111046],[9.8052087,55.0106574],[9.8066351,55.0103917],[9.8089691,55.0099175],[9.8111305,55.0094736],[9.8134281,55.0090454],[9.8157723,55.0085772],[9.8171294,55.0083183]]},"properties":{"voltage":"60000","name":""}},{"type":"Feature","geometry":{"type":"LineString","coordinates":[[11.8854904,55.0073354],[11.8892076,55.0040536],[11.8891486,55.0013861],[11.8830485,54.9955546],[11.8829423,54.9954769]]},"properties":{"voltage":"132000","name":""}},{"type":"Feature","geometry":{"type":"LineString","coordinates":[[9.5787932,55.0039923],[9.5788374,55.0039955],[9.5805421,55.0040714],[9.5826685,55.004119],[9.5863864,55.0042373],[9.5891586,55.0042949],[9.5918095,55.0042613],[9.5997426,55.0042501],[9.6043289,55.0041979],[9.6071613,55.004281],[9.6098861,55.0042594],[9.6124562,55.0042901],[9.6137973,55.0043177],[9.6175846,55.0043487],[9.6202561,55.0043639],[9.6217922,55.0044131],[9.624199,55.0044563],[9.6284913,55.0046204],[9.6306746,55.0047127],[9.6327721,55.0048142],[9.6349661,55.0049004],[9.6367908,55.0049671],[9.6409153,55.0051434],[9.6433552,55.0052428]]},"properties":{"voltage":"60000","name":""}},{"type":"Feature","geometry":{"type":"LineString","coordinates":[[9.6536462,54.9820159],[9.6520592,54.9828651],[9.6494873,54.9842535],[9.6484072,54.9861952],[9.6470403,54.9885998],[9.6469611,54.9901619],[9.6468768,54.9919199],[9.6467683,54.9933752],[9.6466609,54.9948721],[9.6471923,54.9964016],[9.6477434,54.9979673],[9.6482438,54.9993351],[9.6468565,55.000975],[9.6453355,55.0027837],[9.6441133,55.004278],[9.6433552,55.0052428]]},"properties":{"voltage":"60000","name":""}},{"type":"Feature","geometry":{"type":"LineString","coordinates":[[14.7304628,55.08994],[14.7316173,55.0899167],[14.7344577,55.0898691],[14.7374001,55.0898093],[14.7394788,55.0897601],[14.7421503,55.089711],[14.7451222,55.089668],[14.7479975,55.0896097],[14.7507039,55.0895499],[14.7532091,55.0895023],[14.7564331,55.0894363],[14.7577339,55.0892413],[14.7592601,55.0890295],[14.7621945,55.0885644],[14.76511,55.088133],[14.7681972,55.0876802],[14.7712442,55.0872258],[14.773846,55.0868174],[14.7768286,55.0863722],[14.7799051,55.085901],[14.7827885,55.0854711],[14.7854626,55.0850704],[14.7881817,55.0846635],[14.7911114,55.0842552],[14.793984,55.0837962],[14.7967306,55.0833832],[14.799732,55.0829272],[14.8027736,55.0824728],[14.8058259,55.0820153],[14.8076311,55.0816959],[14.8104957,55.0813136],[14.8133871,55.0808592],[14.8161042,55.0804692],[14.818266,55.0801376],[14.820841,55.079723],[14.8235044,55.0793361],[14.8257574,55.0789891],[14.8284799,55.0785853],[14.8312587,55.078186],[14.8332408,55.0778866],[14.8355958,55.0775412],[14.8377979,55.0772064],[14.8399805,55.0768736],[14.8418856,55.0765861],[14.8447958,55.0761577],[14.8473868,55.0757646],[14.8497579,55.0754129],[14.8524991,55.0750029],[14.8555139,55.0745346],[14.858003,55.0741722],[14.8607683,55.0737499],[14.8637161,55.073303],[14.8659557,55.0729682],[14.8689061,55.0725244],[14.8718646,55.0720729],[14.8749343,55.0716154],[14.8778728,55.0711669],[14.880724,55.0707277],[14.883433,55.0703345],[14.8863941,55.0698891],[14.8892963,55.0694453],[14.8921958,55.0690061],[14.8950738,55.0685745],[14.8978577,55.0681523]]},"properties":{"voltage":"60000","name":""}},{"type":"Feature","geometry":{"type":"LineString","coordinates":[[14.8978577,55.0681523],[14.9001673,55.0678127],[14.9031955,55.067352],[14.9061164,55.0669142],[14.9085036,55.0665548],[14.9110276,55.066177],[14.9135032,55.0657961],[14.9160768,55.0653977],[14.9189696,55.0649652],[14.9219576,55.0645274],[14.9250984,55.0642601],[14.9275365,55.0640574],[14.9303019,55.063827],[14.932563,55.0636242],[14.9355671,55.0633708],[14.9385577,55.0631189],[14.9409476,55.0629192],[14.9434474,55.0627257],[14.9465051,55.0624722],[14.9494556,55.0622295],[14.951663,55.0620114],[14.9547234,55.0617503],[14.957588,55.0615306],[14.9605358,55.0612603],[14.9633226,55.0610268],[14.966104,55.0607887],[14.9684858,55.0605936],[14.9713236,55.0603432],[14.973802,55.0601297],[14.9767631,55.0598762],[14.9797001,55.0596504],[14.9827954,55.0593754],[14.9857914,55.0591281],[14.9885756,55.0592679],[14.9913973,55.0594061],[14.9940902,55.0595382],[14.9968985,55.059678],[15.0000447,55.059827],[15.0031158,55.059976],[15.00579,55.0601128],[15.008432,55.0602341],[15.0114655,55.0604031],[15.0146547,55.0605521],[15.0170231,55.0606796],[15.0193593,55.0607963],[15.02235,55.06095],[15.0253057,55.0610775],[15.0283098,55.061228],[15.0310108,55.0613724],[15.0339532,55.0614876],[15.0363665,55.0615133],[15.038977,55.0617257],[15.0416055,55.0618593],[15.0446069,55.0619761],[15.0475493,55.0621435],[15.0503361,55.0622817],[15.0529057,55.0624108],[15.0557435,55.0625429],[15.0588468,55.0626949],[15.0618643,55.062847],[15.0647718,55.0629868],[15.065801,55.0630306]]},"properties":{"voltage":"60000","name":""}},{"type":"Feature","geometry":{"type":"LineString","coordinates":[[11.8417606,55.0199622],[11.8401722,55.0185596],[11.8389244,55.0169227],[11.8394489,55.0155665],[11.84,55.0094444],[11.8425,54.9836111],[11.8408917,54.9689699],[11.8395232,54.9593033]]},"properties":{"voltage":"400000","name":"Kontek"}},{"type":"Feature","geometry":{"type":"LineString","coordinates":[[6.870934,53.4465193],[6.8711221,53.4466567],[6.8711811,53.4468005],[6.8712026,53.4473117],[6.8714869,53.4499314],[6.8714654,53.45027],[6.8712401,53.4507045],[6.8707681,53.4512987],[6.8700814,53.4518928],[6.8694431,53.4522634],[6.8677103,53.4529726],[6.8605327,53.4559369],[6.8531406,53.4587285],[6.8471217,53.461009],[6.8325519,53.4651863],[6.8263292,53.4657739],[6.8188619,53.4668213],[6.7990779,53.4718027],[6.7896795,53.474025],[6.7789506,53.4764004],[6.7667198,53.4788267],[6.7535448,53.4819935],[6.7395544,53.4858496],[6.7263579,53.4895137],[6.7140359,53.4933882],[6.7127538,53.4937935],[6.711992,53.4940648],[6.7034197,53.4976836],[6.6942787,53.5035675],[6.6931522,53.5043077],[6.6924119,53.5048629],[6.6781962,53.5162961],[6.6734272,53.5201267],[6.6729391,53.5205509],[6.6669094,53.5268781],[6.6665876,53.5272225],[6.6646027,53.5309277],[6.6641843,53.5316547],[6.6607511,53.5361184],[6.6581333,53.5395487],[6.6575003,53.5402054],[6.6566205,53.541031],[6.6559553,53.5415729],[6.6556549,53.5418917],[6.6554028,53.5422519],[6.6544908,53.5440753],[6.6539919,53.5446554],[6.6533107,53.5451495],[6.6525435,53.5455415],[6.6518784,53.5458316],[6.6510308,53.546128],[6.6502261,53.5463639],[6.6493142,53.5464977],[6.6381562,53.5478619],[6.6376412,53.5479703],[6.6179108,53.5543571],[6.617412,53.5544272],[6.6053474,53.5555059],[6.6048458,53.5555824],[6.604414,53.5557083],[6.5931272,53.5602459],[6.5811753,53.5649996],[6.5524863,53.5695745],[6.5239047,53.5729384],[6.4813327,53.57355],[6.4270877,53.5739067],[6.423397,53.5745183],[6.4211654,53.5758433],[6.4201354,53.5774741],[6.4200496,53.585678],[6.4058017,53.6000946],[6.3991927,53.6093635],[6.3875195,53.710933],[6.3669201,53.9025179],[6.3607403,53.9376985],[6.361427,53.9572978],[6.3312146,54.2469736],[6.3157652,54.3917532],[6.3092421,54.4112384],[6.3106154,54.4402992],[6.2924187,54.6138342],[6.262893,54.8758169],[6.2422936,55.0826912],[6.2278741,55.2043455],[6.208648,55.3810614],[6.2034129,55.4275524],[6.2001514,55.4453742],[6.1997216,55.4601712],[6.1772346,55.6640314],[6.1562919,55.8495899],[6.153717,55.8639938],[6.1532878,55.8764665],[6.1193846,56.1743234],[6.089859,56.4307533],[6.090374,56.4321771],[6.0896444,56.4399356],[6.0878849,56.4426163],[6.0873699,56.4453206],[6.0867691,56.4476452],[6.0865545,56.4499459],[6.0873699,56.452697],[6.0819625,56.4992232],[6.0914254,56.6151477],[6.0923266,56.6165173],[6.0924125,56.6172257],[6.0917258,56.618914],[6.0936784,56.6429436],[6.0960388,56.6662033],[6.0951805,56.6697877],[6.095438,56.673301],[6.0963392,56.6753758],[6.1021328,56.745499],[6.1010599,56.7772081],[6.1087846,56.8249799],[6.1138486,56.8293944],[6.1134624,56.9565828],[6.1241912,57.0105056],[6.144061,57.2475267],[6.1494255,57.2670708],[6.1489534,57.2981528],[6.148653,57.303207],[6.1494253,57.305108],[6.1661624,57.5028213],[6.1664199,57.5301101],[6.1707114,57.5565037],[6.1801528,57.6632183],[6.1940574,57.702267],[6.1963748,57.705202],[6.1976623,57.7078387],[6.2845227,57.8469438],[6.3542172,57.9574962],[6.4525793,58.1126239],[6.4621066,58.1235038],[6.4752387,58.137824],[6.4815044,58.1420374],[6.5948009,58.1793021],[6.6115808,58.1835332],[6.625185,58.1865196],[6.6632938,58.1948212],[6.6917896,58.2031662],[6.7108011,58.2112154],[6.7142343,58.211871],[6.7158651,58.2133856],[6.7705392,58.2373624],[6.7758822,58.2392261],[6.7943358,58.2428515],[6.8136048,58.2505416],[6.8280029,58.2551368],[6.8415427,58.2588792],[6.842283,58.2596524],[6.8624103,58.2662103],[6.8640733,58.2672825],[6.8652534,58.2682079],[6.8651998,58.2686142],[6.8642127,58.2692292],[6.8632901,58.269895],[6.8631935,58.2701214]]},"properties":{"voltage":"450000","name":"NorNed"}},{"type":"Feature","geometry":{"type":"LineString","coordinates":[[9.5787932,55.0039923],[9.5787278,55.0039871],[9.5758838,55.0039715],[9.5705395,55.0039264],[9.5680008,55.0039038],[9.5658911,55.0038862],[9.5636938,55.0038862],[9.5610044,55.0038812],[9.5587867,55.0038659],[9.5560637,55.0038505],[9.5539354,55.0038453],[9.5513912,55.0038428],[9.5488649,55.0038453],[9.5465131,55.0038351],[9.5454265,55.0038223],[9.5429718,55.00383],[9.5412504,55.0038223],[9.5385766,55.0037812],[9.5360503,55.0037812],[9.5334033,55.0037479],[9.5307205,55.0037146],[9.5291064,55.0037453],[9.5264587,55.0037274],[9.5238934,55.0037073],[9.5218132,55.0036958],[9.5191549,55.0036816],[9.5164479,55.0036639],[9.5137699,55.0036661],[9.5111548,55.0036635],[9.5098617,55.0040737],[9.5078028,55.0047718],[9.5042463,55.0059592],[9.5012963,55.0069611],[9.4999635,55.007401],[9.4980817,55.00801],[9.4965646,55.0085175],[9.4958278,55.0087619],[9.4931007,55.009665],[9.4907131,55.0104645],[9.4891058,55.011003],[9.4865485,55.011848],[9.4843849,55.0125937],[9.4823477,55.013273],[9.4808126,55.0137783],[9.4787167,55.0144746],[9.4767802,55.0150956]]},"properties":{"voltage":"60000","name":""}},{"type":"Feature","geometry":{"type":"LineString","coordinates":[[9.6433552,55.0052428],[9.6457879,55.0053318],[9.6488788,55.0054768],[9.6515663,55.0055834],[9.6533425,55.0056571]]},"properties":{"voltage":"60000","name":""}},{"type":"Feature","geometry":{"type":"LineString","coordinates":[[9.3167748,55.0456451],[9.3145958,55.045599],[9.3119821,55.045561],[9.3096194,55.0455339],[9.3069233,55.0454998],[9.3042972,55.045466],[9.3016017,55.0454365],[9.2991708,55.0454086],[9.2967708,55.0453659],[9.294119,55.0453394],[9.2913361,55.0453055],[9.289761,55.045251],[9.2883951,55.0452282]]},"properties":{"voltage":"60000","name":""}},{"type":"Feature","geometry":{"type":"LineString","coordinates":[[9.3168636,55.045833],[9.3156208,55.0472914],[9.3135762,55.0496998],[9.311507,55.0521364],[9.3094858,55.0545644],[9.3082092,55.0560647],[9.3081738,55.0575299],[9.3081046,55.060401],[9.308043,55.0629557],[9.3079871,55.0651114],[9.307934,55.0678492],[9.3079167,55.0688438]]},"properties":{"voltage":"60000","name":""}},{"type":"Feature","geometry":{"type":"LineString","coordinates":[[8.8815105,54.9827531],[8.8796835,54.9854106],[8.877901,54.9880004],[8.8763388,54.9902499],[8.8750243,54.9923182],[8.873543,54.994764],[8.8726295,54.9962934],[8.8713548,54.9984565],[8.8698358,55.0010154],[8.868242,55.0037432],[8.8666199,55.0064721],[8.8652613,55.008807],[8.8636337,55.0114622],[8.8620828,55.0141553],[8.8608232,55.0161596],[8.8595586,55.0181658],[8.8582762,55.0201188],[8.8566512,55.0225674],[8.8549373,55.0252063],[8.8532122,55.0278271],[8.8514801,55.0304723],[8.8497229,55.0331367],[8.8481111,55.0356099],[8.8463973,55.0382204],[8.8447038,55.0408095],[8.8432765,55.0429889],[8.8416015,55.0455491],[8.839893,55.0481442],[8.8381339,55.0508379]]},"properties":{"voltage":"60000","name":""}},{"type":"Feature","geometry":{"type":"LineString","coordinates":[[8.7024407,54.9669187],[8.7024304,54.968281],[8.7024304,54.9696803],[8.702495,54.9713885],[8.7024681,54.973112],[8.7024493,54.9745339],[8.7024645,54.9764645],[8.7027461,54.9777398],[8.7031951,54.9796571],[8.7035985,54.9816049],[8.7039942,54.9833124],[8.7044204,54.9851422],[8.7047096,54.9864216],[8.7049836,54.9876835],[8.703393,54.9886835],[8.7015589,54.9898973],[8.6992834,54.9913731],[8.6970231,54.9928531],[8.6947704,54.9942982],[8.6931037,54.995394],[8.6914066,54.9964985],[8.6910489,54.9983276],[8.6906227,55.0002352],[8.690227,55.0021122],[8.6898029,55.0040534],[8.6893757,55.0060229],[8.6889649,55.0078274],[8.6886117,55.0096413],[8.6882255,55.0114315],[8.6878282,55.0132391],[8.6874521,55.0150353],[8.6870396,55.0168973],[8.6866329,55.0187558],[8.6862205,55.0206675],[8.685808,55.022619],[8.6853781,55.0246138],[8.6849657,55.0265818],[8.68453,55.0285198],[8.6841233,55.0304477],[8.6836934,55.0324021],[8.6833168,55.0341582],[8.6829471,55.0359563],[8.682583,55.0376835]]},"properties":{"voltage":"60000","name":""}},{"type":"Feature","geometry":{"type":"LineString","coordinates":[[9.3211016,54.9886131],[9.3236775,54.9887407],[9.3255059,54.9888204],[9.3274635,54.9889028],[9.3300385,54.9890291],[9.3327093,54.9891636],[9.3353705,54.9892872],[9.3377111,54.989408],[9.3394724,54.9898529],[9.3420188,54.9905064],[9.3447853,54.9912039],[9.3471449,54.9917806],[9.3494807,54.9924039],[9.3519169,54.9930162],[9.3543628,54.9936422],[9.3567846,54.9942408],[9.3591922,54.9948504],[9.3618247,54.9955038],[9.3642657,54.9961353],[9.3658906,54.9965305],[9.368676,54.9972527],[9.3709431,54.9978159],[9.3733315,54.9984364],[9.3758061,54.9990431],[9.3781609,54.9996498],[9.3795155,54.999993],[9.3821575,55.0006546],[9.3837897,55.0010747],[9.3857425,55.0015633],[9.3873288,55.0019696],[9.3894587,55.0024678],[9.3916554,55.0030327],[9.3939553,55.0035849],[9.3952267,55.0038944],[9.3977695,55.0045315],[9.4001445,55.0051129],[9.402313,55.005948],[9.4036743,55.0064666],[9.4055194,55.0071581],[9.4075176,55.0079332],[9.409951,55.0088742],[9.4122118,55.0097483],[9.4137458,55.0103505],[9.4160722,55.0112398],[9.4176353,55.0118476],[9.419354,55.0125208],[9.42108,55.0131788],[9.422558,55.0137558],[9.4243594,55.0144806],[9.4257766,55.0150549],[9.4276704,55.0158215],[9.429919,55.0167177],[9.4311306,55.0172091],[9.4325776,55.0177759],[9.4335556,55.0181626]]},"properties":{"voltage":"60000","name":""}},{"type":"Feature","geometry":{"type":"LineString","coordinates":[[9.6538304,55.0058486],[9.677339,55.0150774]]},"properties":{"voltage":"60000","name":""}},{"type":"Feature","geometry":{"type":"LineString","coordinates":[[9.6774818,55.0149731],[9.6767827,55.0143508],[9.6549197,55.0055939],[9.6541837,55.0055239]]},"properties":{"voltage":"60000","name":""}},{"type":"Feature","geometry":{"type":"LineString","coordinates":[[8.8384859,55.053352],[8.8383974,55.0533725],[8.8381357,55.0534332],[8.837874,55.0534938],[8.8374377,55.0535949],[8.8373079,55.053625]]},"properties":{"voltage":"150000","name":""}},{"type":"Feature","geometry":{"type":"LineString","coordinates":[[8.8373568,55.0531309],[8.8375005,55.053337]]},"properties":{"voltage":"150000","name":""}},{"type":"Feature","geometry":{"type":"LineString","coordinates":[[8.682583,55.0376835],[8.6823492,55.0387525],[8.682153,55.0396124],[8.6817685,55.0413997],[8.6814037,55.0431363],[8.6810276,55.0449899],[8.6806174,55.0467554],[8.6802355,55.0486436],[8.6798094,55.0505731],[8.6794522,55.0522265],[8.6790384,55.0542577],[8.6786681,55.0558845],[8.6782769,55.0576846],[8.6778622,55.0595949],[8.6774614,55.061481],[8.6771085,55.063145],[8.6784343,55.0635817],[8.6803695,55.0642239],[8.6824657,55.0649228],[8.6847589,55.0656786]]},"properties":{"voltage":"60000","name":""}},{"type":"Feature","geometry":{"type":"LineString","coordinates":[[8.8372089,55.0534046],[8.83729,55.0533858],[8.8375005,55.053337],[8.8377263,55.0532847],[8.837988,55.0532241],[8.8382497,55.0531634],[8.8383321,55.0531443]]},"properties":{"voltage":"150000","name":""}},{"type":"Feature","geometry":{"type":"LineString","coordinates":[[8.8345726,55.0648514],[8.8343222,55.0674457],[8.8340842,55.0694993],[8.8337696,55.0721511],[8.8335296,55.0742863],[8.8332097,55.0770368],[8.8329093,55.0793917],[8.8327007,55.0815225],[8.8323649,55.0842703],[8.8321104,55.0865809],[8.8318311,55.088946],[8.8315412,55.0914384],[8.8312563,55.0939291],[8.8309763,55.096335],[8.8307113,55.0986377],[8.8303597,55.1014389],[8.8300597,55.104033],[8.8297698,55.1067099],[8.8294248,55.1095468],[8.8291049,55.1124521],[8.8287649,55.1153086],[8.828535,55.1173186],[8.828225,55.1198488],[8.828135,55.1214698],[8.828165,55.1235852],[8.82832,55.1259149],[8.8286149,55.1282274],[8.8289899,55.1302596],[8.8293148,55.1315686],[8.8269902,55.1326375],[8.8236956,55.1341665],[8.8206361,55.1355868],[8.8167866,55.1373786],[8.8128821,55.1391618],[8.8090277,55.1409591],[8.8051332,55.1427678],[8.8012538,55.1445636],[8.7974307,55.146331],[8.7945726,55.1476577],[8.7919956,55.148787],[8.7888035,55.1501545],[8.7857539,55.1514491],[8.7838894,55.1522565]]},"properties":{"voltage":"60000","name":""}},{"type":"Feature","geometry":{"type":"LineString","coordinates":[[8.7891278,55.0110227],[8.7907449,55.0094187],[8.7925973,55.0075699],[8.7941685,55.0059788],[8.7971383,55.0049227],[8.8014634,55.0034105],[8.8044332,55.0023393],[8.8061273,55.0003245],[8.8080612,54.9981079],[8.8099258,54.9960189],[8.8120124,54.993916],[8.8140969,54.9918001],[8.8161737,54.9896718],[8.8182914,54.9875701],[8.8204065,54.9854849],[8.8225908,54.9834105],[8.8245104,54.9814932],[8.8266681,54.9794051],[8.8279144,54.9780975],[8.8301732,54.9759356],[8.8323986,54.973731],[8.8346337,54.9715753],[8.8368483,54.9693844],[8.8389557,54.9673311],[8.841053,54.965263],[8.8431809,54.9631655],[8.8453394,54.9610562],[8.847481,54.9589685],[8.8494762,54.9570022],[8.8514728,54.9556899]]},"properties":{"voltage":"60000","name":""}},{"type":"Feature","geometry":{"type":"LineString","coordinates":[[8.8366359,55.0529855],[8.8378956,55.0508225],[8.8393721,55.0481696],[8.8405089,55.0461791],[8.8367593,55.0450965],[8.8327679,55.0439366],[8.8288429,55.0428107],[8.8260255,55.0419961],[8.8225038,55.0409825],[8.8190899,55.0399887],[8.8147982,55.0387584],[8.811343,55.0377579],[8.8083765,55.0369033],[8.807273,55.0353966],[8.8062107,55.0339976],[8.805098,55.0324947],[8.8039577,55.0309681],[8.8027991,55.0294257],[8.8018057,55.0280857],[8.8008031,55.0267193],[8.799869,55.0254745],[8.7987561,55.0239848],[8.7977146,55.022601],[8.7966438,55.0211836],[8.7954628,55.0195784],[8.794272,55.0179284],[8.7931298,55.0164274],[8.7919641,55.014849],[8.7908758,55.0134136],[8.7901971,55.0124786],[8.7892116,55.0110901]]},"properties":{"voltage":"60000","name":""}},{"type":"Feature","geometry":{"type":"LineString","coordinates":[[8.6851994,55.0658165],[8.6891309,55.0657507],[8.6934405,55.065677],[8.6984127,55.0655958],[8.7034445,55.0655224],[8.7075384,55.06547],[8.7124787,55.0653731],[8.7175333,55.0652998],[8.7224644,55.0652159],[8.7269609,55.06514],[8.7313065,55.0650771],[8.736082,55.0649985],[8.7408768,55.0649243],[8.7445237,55.0649082],[8.7487379,55.0649741],[8.7539673,55.0650516],[8.758625,55.0651127],[8.7630433,55.0651739],[8.7679824,55.0652442],[8.7718056,55.0652961],[8.7766348,55.0653665],[8.7811954,55.0654369],[8.7849052,55.065484],[8.7896533,55.0655469],[8.7941818,55.0656176],[8.7992087,55.0656917],[8.8027538,55.0657361],[8.8075408,55.0657546],[8.8111312,55.065762],[8.815284,55.065666],[8.8193957,55.0655134],[8.8237948,55.065338],[8.8271157,55.0652123],[8.8303913,55.0650563],[8.8345726,55.0648514]]},"properties":{"voltage":"60000","name":""}},{"type":"Feature","geometry":{"type":"LineString","coordinates":[[8.8365058,55.0532991],[8.836912,55.0537789],[8.8381287,55.0551115],[8.8394525,55.0564105],[8.8410661,55.0579009],[8.8429157,55.0595859],[8.8445534,55.0611031],[8.8460315,55.0624684],[8.8473359,55.0636796],[8.849065,55.0652545],[8.8507002,55.0667613],[8.8521686,55.0681172],[8.8536876,55.0695213],[8.8551112,55.0708473],[8.8567732,55.0723761],[8.8578699,55.0734057],[8.8592967,55.0747054],[8.8608187,55.0760951],[8.8622685,55.0774545],[8.8636797,55.0787587],[8.865115,55.0800794],[8.8667334,55.0815737],[8.8681061,55.0828392],[8.8696474,55.0842341],[8.8709719,55.0854719],[8.8721953,55.0865967],[8.873727,55.0880136],[8.8754465,55.0895903],[8.8768095,55.09085],[8.8783605,55.092275],[8.8797862,55.0935787],[8.8812407,55.09491],[8.8827868,55.0963321],[8.884174,55.0976301],[8.8854937,55.0988124],[8.8869027,55.1001179],[8.8885296,55.1016183],[8.8901528,55.103087]]},"properties":{"voltage":"60000","name":""}},{"type":"Feature","geometry":{"type":"LineString","coordinates":[[8.8370409,55.0528902],[8.8380976,55.0515426],[8.840385,55.0516582],[8.8436601,55.0518337],[8.8462074,55.0511758],[8.8487657,55.0505283],[8.8512174,55.0499028],[8.8535561,55.0492968],[8.8565765,55.0485227],[8.8597192,55.0477066],[8.8628458,55.0468845],[8.8660299,55.0460705],[8.8692141,55.0452556],[8.8723992,55.0444342],[8.8755143,55.0436285],[8.8786876,55.0439701],[8.8818822,55.0443221],[8.8849694,55.044665],[8.8883077,55.0450223],[8.8913871,55.045358],[8.8946686,55.0457072],[8.898084,55.0460689],[8.9009115,55.0463785],[8.9042232,55.0467451],[8.9076429,55.0471116],[8.9100597,55.0473717],[8.9123813,55.0476219],[8.9156195,55.0479761],[8.9185853,55.0482931],[8.9215079,55.0486101],[8.9248888,55.0489767],[8.928261,55.0493432],[8.9312404,55.0496572],[8.9336889,55.0495992],[8.9362019,55.0495344],[8.939306,55.0494533],[8.9427511,55.0493582],[8.9457121,55.0492666],[8.9485292,55.0492018],[8.9512172,55.0491237]]},"properties":{"voltage":"60000","name":""}},{"type":"Feature","geometry":{"type":"LineString","coordinates":[[8.8345726,55.0648514],[8.8353577,55.0635061],[8.8364867,55.0614865],[8.8364377,55.0596632],[8.836414,55.0570085],[8.8363766,55.0543543]]},"properties":{"voltage":"60000","name":""}},{"type":"Feature","geometry":{"type":"LineString","coordinates":[[8.9584364,55.0515996],[8.9603726,55.0517723],[8.9629123,55.0519988],[8.9660469,55.0522675],[8.9694436,55.0525774],[8.9728994,55.0528837],[8.9762371,55.0531861],[8.9786143,55.0531217],[8.982044,55.053028],[8.9855145,55.0529441],[8.9889458,55.0528575],[8.9923945,55.0527719],[8.9958624,55.0526864],[8.9992869,55.0526009],[9.0027018,55.0525153],[9.0061477,55.0524289],[9.0095988,55.0523479],[9.0130551,55.0522489],[9.0164972,55.0521744],[9.0199447,55.0520853],[9.0233946,55.0519954],[9.0263228,55.051926],[9.0297851,55.0518307],[9.0330607,55.0517497],[9.0362997,55.0516702],[9.0394366,55.0515862],[9.0428144,55.0514977],[9.0454904,55.0514302],[9.0485409,55.0513507],[9.0516516,55.0512862],[9.0548497,55.0512084],[9.0581956,55.0511352],[9.0611943,55.0510662],[9.0643076,55.0510012],[9.0704362,55.0527688],[9.0709248,55.0508506],[9.0733577,55.0508018],[9.0768444,55.0507146],[9.0802196,55.0506291],[9.0836714,55.0505574],[9.0864246,55.050496]]},"properties":{"voltage":"60000","name":""}},{"type":"Feature","geometry":{"type":"LineString","coordinates":[[8.9512172,55.0491237],[8.9580166,55.0515378]]},"properties":{"voltage":"60000","name":""}},{"type":"Feature","geometry":{"type":"LineString","coordinates":[[10.7532982,54.9366165],[10.7535351,54.9364988],[10.7566262,54.9368301],[10.7599925,54.9371879],[10.7634234,54.9375422],[10.7667262,54.9378829],[10.770166,54.9382394],[10.7728725,54.9385292],[10.7752114,54.9387693],[10.7779075,54.9390482],[10.7799967,54.9396985],[10.7825434,54.9405057],[10.7852886,54.9413612],[10.7882596,54.9422904],[10.7908694,54.9431144],[10.7937359,54.9439993],[10.7961356,54.9447555],[10.7990219,54.9456607],[10.8020145,54.9465979],[10.8052171,54.9475993],[10.8076269,54.9483482],[10.8105762,54.949274],[10.8130787,54.9500535],[10.8158913,54.9509389],[10.8179116,54.9521901],[10.8197401,54.9533449],[10.8220091,54.9547577],[10.8240959,54.9560472],[10.8258539,54.9571344],[10.8281271,54.9585592],[10.8302699,54.959894],[10.8325952,54.9613462],[10.834841,54.9627599],[10.8371782,54.9641889],[10.8394733,54.965649],[10.8413967,54.9668416],[10.8430027,54.9683907],[10.8444126,54.9697976],[10.8459715,54.9713478],[10.8476718,54.9730461],[10.8493059,54.974678],[10.8509632,54.9763178],[10.852093,54.9774243],[10.8533112,54.9786387],[10.8561274,54.9797428],[10.8585504,54.9806966],[10.8607073,54.9815485],[10.863401,54.9826067],[10.8663788,54.9837805],[10.8689419,54.9847824],[10.8715236,54.9857896],[10.8742734,54.9868771],[10.8768271,54.9878816],[10.8778869,54.989395],[10.8790914,54.9911922],[10.8803689,54.9929904],[10.8816084,54.9947993],[10.8828759,54.9966339],[10.8841558,54.9984737],[10.8854115,55.0003198],[10.8864199,55.0017952],[10.8874657,55.0033215],[10.8884414,55.0047379],[10.8893751,55.0060632],[10.8902808,55.0073992],[10.889898,55.0093536],[10.8896599,55.0104378],[10.8892444,55.0123974],[10.8888756,55.014298],[10.8885857,55.0157594],[10.888182,55.0177076],[10.8877805,55.0196722],[10.8873909,55.0216057],[10.8869552,55.023729],[10.8866647,55.0252164],[10.8867387,55.0270827],[10.8868308,55.0289576],[10.8869307,55.0309367],[10.8869999,55.0326204],[10.8870898,55.034569],[10.8871626,55.0361181],[10.8872109,55.0372894],[10.8877902,55.0392321],[10.8882516,55.0407444],[10.8888202,55.0426225],[10.8893674,55.044482],[10.8898663,55.0460771],[10.8901774,55.0471712],[10.8907637,55.0491305],[10.8912682,55.0507538],[10.8904868,55.0524638],[10.8896285,55.0543733],[10.8888292,55.0561493],[10.8881733,55.0575665],[10.8874796,55.059129],[10.8866299,55.0610238],[10.8857834,55.0629456],[10.8849924,55.0647024],[10.8845956,55.0655534],[10.8844745,55.0657547]]},"properties":{"voltage":"60000","name":""}},{"type":"Feature","geometry":{"type":"LineString","coordinates":[[9.2719948,55.0360696],[9.27197,55.0361629],[9.2719376,55.0362847],[9.271902,55.0364184],[9.2718319,55.0366821],[9.271796,55.036817],[9.2717611,55.0369482],[9.2717241,55.0370874],[9.2716559,55.0373436],[9.27162,55.0374784],[9.2715821,55.0376211],[9.2715518,55.0377351]]},"properties":{"voltage":"150000","name":""}},{"type":"Feature","geometry":{"type":"LineString","coordinates":[[9.2724869,55.0361099],[9.2724614,55.0362058],[9.272429,55.0363276],[9.2723935,55.0364614],[9.2723578,55.0365952],[9.2723233,55.036725],[9.2722874,55.0368599],[9.2722525,55.0369912],[9.2722155,55.0371303],[9.2721473,55.0373866],[9.2721115,55.0375214],[9.2720735,55.037664],[9.272018,55.0378726],[9.2719817,55.0380092],[9.2719277,55.0382121]]},"properties":{"voltage":"150000","name":""}},{"type":"Feature","geometry":{"type":"LineString","coordinates":[[9.2712067,55.0378017],[9.2717306,55.0378475],[9.2718391,55.0378569],[9.272018,55.0378726]]},"properties":{"voltage":"150000","name":""}},{"type":"Feature","geometry":{"type":"LineString","coordinates":[[9.2717611,55.0369482],[9.2719708,55.0369666],[9.2720735,55.0369755],[9.2722525,55.0369912]]},"properties":{"voltage":"150000","name":""}},{"type":"Feature","geometry":{"type":"LineString","coordinates":[[9.2711699,55.0379383],[9.2716934,55.037984],[9.2718027,55.0379936],[9.2719817,55.0380092]]},"properties":{"voltage":"150000","name":""}},{"type":"Feature","geometry":{"type":"LineString","coordinates":[[9.2722874,55.0368599],[9.2721085,55.0368443],[9.2720065,55.0368354],[9.2718735,55.0368238],[9.271796,55.036817]]},"properties":{"voltage":"150000","name":""}},{"type":"Feature","geometry":{"type":"LineString","coordinates":[[9.2666573,55.0399314],[9.268183,55.0375027],[9.2680525,55.0368972]]},"properties":{"voltage":"400000","name":""}},{"type":"Feature","geometry":{"type":"LineString","coordinates":[[9.2688278,55.0373774],[9.2688874,55.0371737],[9.2689468,55.0369707],[9.2690054,55.0367698],[9.2690611,55.0365803]]},"properties":{"voltage":"400000","name":""}},{"type":"Feature","geometry":{"type":"LineString","coordinates":[[9.2723233,55.036725],[9.2721443,55.0367094],[9.2720433,55.0367006],[9.2719094,55.0366889],[9.2718319,55.0366821],[9.2716413,55.0366664]]},"properties":{"voltage":"150000","name":""}},{"type":"Feature","geometry":{"type":"LineString","coordinates":[[9.2712997,55.0373125],[9.2705839,55.0372469],[9.2701485,55.037207],[9.2700666,55.037489]]},"properties":{"voltage":"400000","name":""}},{"type":"Feature","geometry":{"type":"LineString","coordinates":[[9.2691281,55.0374044],[9.2691858,55.0372011],[9.2692457,55.0369971],[9.2693007,55.0367957],[9.2693546,55.0366057]]},"properties":{"voltage":"400000","name":""}},{"type":"Feature","geometry":{"type":"LineString","coordinates":[[9.2725891,55.0364785],[9.2723935,55.0364614],[9.2722145,55.0364457],[9.2721151,55.0364371],[9.2719795,55.0364252],[9.271902,55.0364184]]},"properties":{"voltage":"150000","name":""}},{"type":"Feature","geometry":{"type":"LineString","coordinates":[[9.2666573,55.0399314],[9.2688164,55.0375562],[9.2689468,55.0369707]]},"properties":{"voltage":"400000","name":""}},{"type":"Feature","geometry":{"type":"LineString","coordinates":[[9.2713677,55.037458],[9.27162,55.0374784],[9.2716975,55.0374852],[9.2718263,55.0374964],[9.2719325,55.0375057],[9.2721115,55.0375214]]},"properties":{"voltage":"150000","name":""}},{"type":"Feature","geometry":{"type":"LineString","coordinates":[[9.2717288,55.0361419],[9.27197,55.0361629],[9.2720475,55.0361697],[9.2721847,55.0361816],[9.2722825,55.0361902],[9.2724614,55.0362058]]},"properties":{"voltage":"150000","name":""}},{"type":"Feature","geometry":{"type":"LineString","coordinates":[[9.2702847,55.0366874],[9.2702173,55.0369596],[9.2706584,55.0369967],[9.271382,55.0370575]]},"properties":{"voltage":"400000","name":""}},{"type":"Feature","geometry":{"type":"LineString","coordinates":[[9.2721473,55.0373866],[9.2719684,55.0373709],[9.271863,55.0373617],[9.2717334,55.0373504],[9.2716559,55.0373436],[9.2712997,55.0373125]]},"properties":{"voltage":"150000","name":""}},{"type":"Feature","geometry":{"type":"LineString","coordinates":[[9.2722155,55.0371303],[9.2720365,55.0371147],[9.2719329,55.0371056],[9.2718016,55.0370942],[9.2717241,55.0370874],[9.271382,55.0370575]]},"properties":{"voltage":"150000","name":""}},{"type":"Feature","geometry":{"type":"LineString","coordinates":[[9.2694459,55.0374336],[9.269504,55.0372304],[9.26956,55.0370345],[9.2696208,55.0368237],[9.2696746,55.0366338]]},"properties":{"voltage":"400000","name":""}},{"type":"Feature","geometry":{"type":"LineString","coordinates":[[9.271263,55.0375932],[9.2715821,55.0376211],[9.2716596,55.0376279],[9.2717875,55.037639],[9.2718945,55.0376484],[9.2720735,55.037664]]},"properties":{"voltage":"150000","name":""}},{"type":"Feature","geometry":{"type":"LineString","coordinates":[[9.2693349,55.0354115],[9.2688158,55.03638],[9.2683159,55.0369175]]},"properties":{"voltage":"400000","name":""}},{"type":"Feature","geometry":{"type":"LineString","coordinates":[[9.2684245,55.0365243],[9.268372,55.0367142],[9.2683159,55.0369175],[9.2682611,55.0371162],[9.268205,55.0373193]]},"properties":{"voltage":"400000","name":""}},{"type":"Feature","geometry":{"type":"LineString","coordinates":[[9.2716947,55.0362636],[9.2719376,55.0362847],[9.2720151,55.0362915],[9.2721515,55.0363033],[9.2722501,55.0363119],[9.272429,55.0363276]]},"properties":{"voltage":"150000","name":""}},{"type":"Feature","geometry":{"type":"LineString","coordinates":[[9.2670734,55.0363978],[9.2672265,55.0364122],[9.2675503,55.0364427],[9.2678481,55.0364707],[9.2681651,55.0365006],[9.2682998,55.0365133],[9.2684245,55.0365243],[9.268714,55.0365498],[9.2688324,55.0365602],[9.2690611,55.0365803],[9.2693546,55.0366057],[9.2696746,55.0366338],[9.2699893,55.0366615],[9.2700044,55.0366628],[9.2702847,55.0366874],[9.2704769,55.0367043]]},"properties":{"voltage":"400000","name":""}},{"type":"Feature","geometry":{"type":"LineString","coordinates":[[9.2668596,55.0371995],[9.2670164,55.0372137],[9.2673282,55.0372404],[9.2676294,55.0372692],[9.2679389,55.0372972],[9.2680853,55.0373105],[9.268205,55.0373193],[9.268496,55.0373473],[9.2686155,55.0373582],[9.2688278,55.0373774],[9.2691281,55.0374044],[9.2694459,55.0374336],[9.2697688,55.0374624],[9.2700666,55.037489],[9.2702529,55.0375057]]},"properties":{"voltage":"400000","name":""}},{"type":"Feature","geometry":{"type":"LineString","coordinates":[[9.4329846,55.0184729],[9.4331422,55.0186039]]},"properties":{"voltage":"60000","name":""}},{"type":"Feature","geometry":{"type":"LineString","coordinates":[[9.4333773,55.0182383],[9.4334376,55.018285]]},"properties":{"voltage":"60000","name":""}},{"type":"Feature","geometry":{"type":"LineString","coordinates":[[9.4338275,55.0180556],[9.4338858,55.0180991]]},"properties":{"voltage":"60000","name":""}},{"type":"Feature","geometry":{"type":"LineString","coordinates":[[9.4328,55.0191018],[9.4328856,55.0191739],[9.4330309,55.0192972]]},"properties":{"voltage":"150000","name":""}},{"type":"Feature","geometry":{"type":"LineString","coordinates":[[9.4335556,55.0181626],[9.4336169,55.0182106]]},"properties":{"voltage":"60000","name":""}},{"type":"Feature","geometry":{"type":"LineString","coordinates":[[9.4331422,55.0186039],[9.4332799,55.0188449]]},"properties":{"voltage":"150000","name":""}},{"type":"Feature","geometry":{"type":"LineString","coordinates":[[9.4346615,55.0174764],[9.4336964,55.0179968],[9.4338275,55.0180556]]},"properties":{"voltage":"60000","name":""}},{"type":"Feature","geometry":{"type":"LineString","coordinates":[[9.4355413,55.0173907],[9.4343784,55.0181094],[9.4343398,55.0183992]]},"properties":{"voltage":"150000","name":""}},{"type":"Feature","geometry":{"type":"LineString","coordinates":[[9.4337883,55.0183536],[9.4338262,55.0186219]]},"properties":{"voltage":"150000","name":""}},{"type":"Feature","geometry":{"type":"LineString","coordinates":[[9.433,55.0187666],[9.4334369,55.0186497],[9.4335511,55.0187268]]},"properties":{"voltage":"150000","name":""}},{"type":"Feature","geometry":{"type":"LineString","coordinates":[[9.4317465,55.0187247],[9.4323089,55.018922],[9.4325635,55.0190876]]},"properties":{"voltage":"150000","name":""}},{"type":"Feature","geometry":{"type":"LineString","coordinates":[[9.4337237,55.0181663],[9.433789,55.0182222],[9.4337883,55.0183536]]},"properties":{"voltage":"60000","name":""}},{"type":"Feature","geometry":{"type":"LineString","coordinates":[[9.4317465,55.0187247],[9.4320984,55.0190102]]},"properties":{"voltage":"220000","name":""}},{"type":"Feature","geometry":{"type":"LineString","coordinates":[[9.4346615,55.0174764],[9.4342599,55.017982],[9.4341572,55.0179863]]},"properties":{"voltage":"60000","name":""}},{"type":"Feature","geometry":{"type":"LineString","coordinates":[[9.4326894,55.0192558],[9.4327468,55.0192318],[9.4328856,55.0191739],[9.4329972,55.0191255],[9.4331266,55.0190746],[9.4332797,55.0190093],[9.4334163,55.0189523],[9.4336916,55.0188374],[9.4339585,55.018726],[9.4340848,55.0186733],[9.4342174,55.0186179],[9.4343507,55.0185623],[9.434479,55.0185087],[9.4348635,55.0183482]]},"properties":{"voltage":"150000","name":""}},{"type":"Feature","geometry":{"type":"LineString","coordinates":[[9.4329328,55.0184943],[9.4329846,55.0184729],[9.4334376,55.018285],[9.4336169,55.0182106],[9.4337237,55.0181663],[9.4338858,55.0180991],[9.4339789,55.0180604],[9.4341572,55.0179863],[9.4342083,55.0179654]]},"properties":{"voltage":"60000","name":""}},{"type":"Feature","geometry":{"type":"LineString","coordinates":[[9.4338262,55.0186219],[9.4338689,55.0186555],[9.4339585,55.018726]]},"properties":{"voltage":"150000","name":""}},{"type":"Feature","geometry":{"type":"LineString","coordinates":[[9.4327995,55.0189722],[9.4328577,55.0190173],[9.4329078,55.0190562],[9.4329972,55.0191255]]},"properties":{"voltage":"150000","name":""}},{"type":"Feature","geometry":{"type":"LineString","coordinates":[[9.4335511,55.0187268],[9.4336021,55.0187669],[9.4336916,55.0188374]]},"properties":{"voltage":"150000","name":""}},{"type":"Feature","geometry":{"type":"LineString","coordinates":[[9.4325635,55.0190876],[9.4326572,55.0191613],[9.4327468,55.0192318]]},"properties":{"voltage":"150000","name":""}},{"type":"Feature","geometry":{"type":"LineString","coordinates":[[9.4343398,55.0183992],[9.4343895,55.0184382],[9.434479,55.0185087]]},"properties":{"voltage":"150000","name":""}},{"type":"Feature","geometry":{"type":"LineString","coordinates":[[9.4332799,55.0188449],[9.4333268,55.0188818],[9.4334163,55.0189523]]},"properties":{"voltage":"150000","name":""}},{"type":"Feature","geometry":{"type":"LineString","coordinates":[[9.4330371,55.0190041],[9.4331266,55.0190746],[9.4332995,55.0191937]]},"properties":{"voltage":"150000","name":""}},{"type":"Feature","geometry":{"type":"LineString","coordinates":[[9.4343602,55.0187303],[9.4342174,55.0186179],[9.4341279,55.0185474]]},"properties":{"voltage":"150000","name":""}},{"type":"Feature","geometry":{"type":"LineString","coordinates":[[11.8856567,55.0073145],[11.8895724,55.0040967],[11.8893953,55.0013184],[11.8832907,54.995355]]},"properties":{"voltage":"132000","name":""}},{"type":"Feature","geometry":{"type":"LineString","coordinates":[[10.5753597,55.0694718],[10.5754282,55.0694534],[10.5756417,55.0693961],[10.5757545,55.0693659],[10.575885,55.0693308],[10.5759936,55.0693017],[10.5761022,55.0692726],[10.5762112,55.0692433],[10.5765542,55.0691514],[10.576662,55.0691225],[10.5767678,55.0690941],[10.5768228,55.0690793]]},"properties":{"voltage":"60000","name":""}},{"type":"Feature","geometry":{"type":"LineString","coordinates":[[10.576151,55.0694941],[10.5764129,55.0698195]]},"properties":{"voltage":"60000","name":""}},{"type":"Feature","geometry":{"type":"LineString","coordinates":[[10.5760419,55.0695226],[10.5760044,55.0698219]]},"properties":{"voltage":"60000","name":""}},{"type":"Feature","geometry":{"type":"LineString","coordinates":[[10.5759472,55.0690832],[10.5760229,55.0691757],[10.5760522,55.0692115],[10.5761022,55.0692726]]},"properties":{"voltage":"60000","name":""}},{"type":"Feature","geometry":{"type":"LineString","coordinates":[[10.5761022,55.0692726],[10.5761515,55.0693329],[10.5761845,55.0693732],[10.5762767,55.069486]]},"properties":{"voltage":"60000","name":""}},{"type":"Feature","geometry":{"type":"LineString","coordinates":[[10.5764129,55.0698195],[10.576405,55.0699712],[10.5764006,55.0700451],[10.5764058,55.0701443]]},"properties":{"voltage":"150000","name":""}},{"type":"Feature","geometry":{"type":"LineString","coordinates":[[10.5754282,55.0694534],[10.5753824,55.0693975],[10.5753516,55.0693598],[10.5752961,55.0692919]]},"properties":{"voltage":"60000","name":""}},{"type":"Feature","geometry":{"type":"LineString","coordinates":[[10.5762112,55.0692433],[10.5762597,55.0693027],[10.5762917,55.0693417],[10.5763289,55.0693871]]},"properties":{"voltage":"60000","name":""}},{"type":"Feature","geometry":{"type":"LineString","coordinates":[[10.5760419,55.0695226],[10.5759669,55.0694308],[10.5759358,55.0693932],[10.575885,55.0693308]]},"properties":{"voltage":"60000","name":""}},{"type":"Feature","geometry":{"type":"LineString","coordinates":[[10.5760044,55.0698219],[10.5759993,55.0699798],[10.5759977,55.0700521],[10.576003,55.0701514]]},"properties":{"voltage":"150000","name":""}},{"type":"Feature","geometry":{"type":"LineString","coordinates":[[10.5762199,55.0703857],[10.5762116,55.0702294],[10.5762073,55.0701478],[10.576202,55.0700485]]},"properties":{"voltage":"150000","name":""}},{"type":"Feature","geometry":{"type":"LineString","coordinates":[[10.5756417,55.0693961],[10.5755947,55.0693386],[10.575564,55.0693012],[10.5755083,55.069233]]},"properties":{"voltage":"60000","name":""}},{"type":"Feature","geometry":{"type":"LineString","coordinates":[[10.5757808,55.0695661],[10.5757241,55.0694969],[10.5756943,55.0694606],[10.5756417,55.0693961]]},"properties":{"voltage":"60000","name":""}},{"type":"Feature","geometry":{"type":"LineString","coordinates":[[10.5757545,55.0693659],[10.5757067,55.0693074],[10.5756781,55.0692725],[10.5756216,55.0692034]]},"properties":{"voltage":"60000","name":""}},{"type":"Feature","geometry":{"type":"LineString","coordinates":[[10.5755672,55.0696232],[10.5755127,55.0695566],[10.5754282,55.0694534]]},"properties":{"voltage":"60000","name":""}},{"type":"Feature","geometry":{"type":"LineString","coordinates":[[10.5761379,55.0689911],[10.5760554,55.0690529],[10.5761313,55.0691457],[10.5761605,55.0691815],[10.5762112,55.0692433]]},"properties":{"voltage":"60000","name":""}},{"type":"Feature","geometry":{"type":"LineString","coordinates":[[10.5767077,55.069339],[10.5766314,55.0692458],[10.5766003,55.0692075],[10.5765542,55.0691514]]},"properties":{"voltage":"60000","name":""}},{"type":"Feature","geometry":{"type":"LineString","coordinates":[[10.5763798,55.0689255],[10.5764703,55.0690467],[10.5765013,55.0690868],[10.5765542,55.0691514]]},"properties":{"voltage":"60000","name":""}},{"type":"Feature","geometry":{"type":"LineString","coordinates":[[10.5758936,55.0695359],[10.5758384,55.0694683],[10.5758063,55.0694293],[10.5757545,55.0693659]]},"properties":{"voltage":"60000","name":""}},{"type":"Feature","geometry":{"type":"LineString","coordinates":[[10.57659,55.0688654],[10.5766839,55.0689883],[10.5767136,55.0690279],[10.5767678,55.0690941]]},"properties":{"voltage":"60000","name":""}},{"type":"Feature","geometry":{"type":"LineString","coordinates":[[10.576662,55.0691225],[10.5767068,55.0691778],[10.5767379,55.0692164],[10.5767984,55.0692907]]},"properties":{"voltage":"60000","name":""}},{"type":"Feature","geometry":{"type":"LineString","coordinates":[[10.5758004,55.0700555],[10.5758056,55.0701548],[10.5758096,55.0702303],[10.5758186,55.0703991]]},"properties":{"voltage":"150000","name":""}},{"type":"Feature","geometry":{"type":"LineString","coordinates":[[10.5767678,55.0690941],[10.5768122,55.0691483],[10.5768448,55.0691883],[10.5769177,55.0692774]]},"properties":{"voltage":"60000","name":""}},{"type":"Feature","geometry":{"type":"LineString","coordinates":[[10.576151,55.0694941],[10.5761079,55.0694414],[10.5760734,55.0693993],[10.5760436,55.069363],[10.5759936,55.0693017]]},"properties":{"voltage":"60000","name":""}},{"type":"Feature","geometry":{"type":"LineString","coordinates":[[10.5756371,55.0701577],[10.5758056,55.0701548],[10.576003,55.0701514],[10.5762073,55.0701478],[10.5764058,55.0701443],[10.5767855,55.0701377]]},"properties":{"voltage":"150000","name":""}},{"type":"Feature","geometry":{"type":"LineString","coordinates":[[10.5673584,55.0650576],[10.5663478,55.0646662],[10.5637438,55.0636094],[10.5611594,55.0625947],[10.5588408,55.0616446],[10.5562346,55.0606027],[10.5548537,55.0600448],[10.5524283,55.0590612],[10.5498071,55.0580057],[10.5467942,55.0580517],[10.5444693,55.0580776],[10.5411551,55.0581265],[10.5380668,55.0581697],[10.5347526,55.058207],[10.5326988,55.0582214],[10.530635,55.0582473],[10.5275819,55.0582905],[10.524328,55.0583278],[10.5222792,55.058348],[10.5192211,55.058394],[10.5162183,55.058417],[10.5137125,55.0584601],[10.5122714,55.0584803],[10.5089521,55.058509],[10.5065167,55.058532],[10.5040411,55.0585838],[10.5016451,55.0586166],[10.4990496,55.0588495],[10.4963865,55.0591098],[10.4934788,55.0594066],[10.4903177,55.05971],[10.4870688,55.0600293],[10.4860143,55.0601328],[10.48384,55.0603514],[10.4815552,55.0605728],[10.4783565,55.0608863],[10.4752582,55.0611997],[10.4720193,55.0615075],[10.4687403,55.0618324],[10.4661743,55.0620711],[10.4643917,55.0622638],[10.4611026,55.0625801],[10.4578083,55.0628943],[10.4548686,55.0631971],[10.4525748,55.0634126],[10.449478,55.0637266],[10.446347,55.0640413],[10.4430995,55.0643414],[10.4405162,55.0646142],[10.4373175,55.0649276],[10.435911,55.0650621],[10.43574,55.0649439]]},"properties":{"voltage":"60000","name":""}},{"type":"Feature","geometry":{"type":"LineString","coordinates":[[10.5826049,55.0846767],[10.5839643,55.0850973],[10.5883453,55.0864114],[10.5922988,55.087606],[10.5968588,55.0889648],[10.6017004,55.0904268],[10.604767,55.0913586],[10.6083021,55.0938176],[10.6108591,55.0956055],[10.6143144,55.0980148],[10.616521,55.0995491],[10.6180783,55.1006425],[10.6215723,55.1030909],[10.6246288,55.1052351],[10.6274945,55.1071511],[10.630845,55.1095429],[10.6335812,55.1115009],[10.6365854,55.1135928],[10.6400754,55.1159913],[10.6435225,55.1184186],[10.6466794,55.1206254],[10.6497148,55.1227416],[10.6527555,55.1248727],[10.6558173,55.1270127],[10.65892,55.1291638],[10.6619234,55.1314113],[10.6646427,55.1334441],[10.6676853,55.1357146],[10.6710166,55.1381849],[10.6739541,55.1403567],[10.6769787,55.1426091],[10.680332,55.1451058],[10.6836858,55.1476194],[10.6863376,55.1495978],[10.6895944,55.1520266],[10.6922624,55.1540232],[10.6952761,55.1562512],[10.6983924,55.1585685],[10.7015681,55.1609628],[10.7068541,55.1618874],[10.7109749,55.1626031],[10.7154847,55.1633868],[10.7203616,55.164229],[10.7241527,55.164898],[10.7246061,55.1650557]]},"properties":{"voltage":"60000","name":""}},{"type":"Feature","geometry":{"type":"LineString","coordinates":[[10.5825677,55.0798896],[10.5826949,55.0801049],[10.5829997,55.0803496],[10.5856421,55.0806504],[10.5834418,55.0830062],[10.5826049,55.0846767]]},"properties":{"voltage":"60000","name":""}},{"type":"Feature","geometry":{"type":"LineString","coordinates":[[10.5673584,55.0650576],[10.5753709,55.0692669]]},"properties":{"voltage":"60000","name":""}},{"type":"Feature","geometry":{"type":"LineString","coordinates":[[14.7138303,55.0979336],[14.7131991,55.0977374],[14.6963843,55.0925992]]},"properties":{"voltage":"60000","name":""}},{"type":"Feature","geometry":{"type":"LineString","coordinates":[[14.7306778,55.089887],[14.7160768,55.0969409],[14.7139801,55.0979538]]},"properties":{"voltage":"60000","name":""}},{"type":"Feature","geometry":{"type":"LineString","coordinates":[[14.6964578,55.0924891],[14.7306655,55.089691],[14.7306655,55.0897135]]},"properties":{"voltage":"60000","name":""}},{"type":"Feature","geometry":{"type":"LineString","coordinates":[[9.2666573,55.0399314],[9.2643719,55.0428868],[9.2621351,55.0458123],[9.2597957,55.0488079],[9.2575189,55.0517585],[9.2552459,55.054685],[9.2529403,55.0576338],[9.2506094,55.060633],[9.2486991,55.063058],[9.2467518,55.0659774],[9.2448125,55.0688746],[9.2428282,55.0718421],[9.2407265,55.0748881],[9.2387176,55.0778566],[9.2367528,55.0808659],[9.2350158,55.0838982],[9.2333001,55.0869541],[9.2315923,55.0899959],[9.2290332,55.0927078],[9.226254,55.0956573],[9.2237057,55.0983865],[9.2210323,55.101242],[9.2184648,55.1039873],[9.2158876,55.1067435],[9.2131661,55.1096369],[9.2108101,55.1121506],[9.2082407,55.1148875],[9.2055862,55.1177082],[9.2029512,55.1204994],[9.2003897,55.1232403],[9.1977616,55.1260183],[9.1950988,55.1288536],[9.1924302,55.1317042],[9.1899299,55.1343567],[9.1876605,55.1367727],[9.1853381,55.1392297],[9.1827898,55.1419367],[9.180227,55.1446655],[9.1776835,55.1473583],[9.1753419,55.1498449],[9.1731397,55.1522023],[9.1707298,55.1547745],[9.1684247,55.1572066],[9.1673936,55.1599815],[9.1662757,55.1629534],[9.1651724,55.1658862],[9.1640652,55.1688294],[9.1628731,55.1719978],[9.1616831,55.1751606],[9.1606083,55.1781075],[9.1596188,55.180801],[9.1586122,55.1834952],[9.1575403,55.1863633],[9.1564354,55.1893226],[9.1552841,55.1924018],[9.1541977,55.1952872],[9.153065,55.198311],[9.1519934,55.2013398],[9.1514565,55.2038961],[9.1508755,55.2068109],[9.1503579,55.2094988],[9.1497692,55.2123108],[9.1491377,55.2153451],[9.1485209,55.2181195],[9.1479216,55.2208143],[9.1473175,55.2235313],[9.1466684,55.2264477],[9.1460799,55.2290941],[9.1454871,55.2317595],[9.1449103,55.2344254],[9.1442089,55.237566],[9.1436424,55.2401024],[9.1429734,55.243097],[9.1422675,55.2462571],[9.1415753,55.249423],[9.1409759,55.2520814],[9.1422283,55.2548288],[9.143374,55.257405],[9.144531,55.2600097],[9.1455989,55.2623962],[9.14687,55.2652662],[9.148734,55.2676537],[9.1499801,55.270628],[9.1513432,55.2737859],[9.1526461,55.2767683],[9.153102,55.2800474],[9.1534442,55.2826715],[9.1538386,55.2855057],[9.1543097,55.2888314],[9.1547629,55.2920564],[9.1559968,55.2951964],[9.157205,55.2983179],[9.1582285,55.3009437],[9.1592766,55.303603],[9.1603431,55.306387],[9.1614472,55.3091466],[9.1625184,55.311898],[9.1636435,55.3147715],[9.1648332,55.3178199],[9.1659286,55.3206785],[9.1671727,55.3238012],[9.1684185,55.3269547],[9.169598,55.3299695],[9.1692555,55.3327564],[9.1689302,55.3356459],[9.1685984,55.3385197],[9.1682776,55.3412317],[9.1679159,55.3441746],[9.1675711,55.347009],[9.166995,55.3502401],[9.1664044,55.3534487],[9.1658462,55.3566719],[9.1653388,55.3594623],[9.1648513,55.3621261],[9.1643269,55.3650142],[9.1637288,55.3683566],[9.1632131,55.3712536],[9.1626727,55.3742286],[9.1622542,55.376549],[9.1617775,55.3792236],[9.1613267,55.3817041],[9.1607507,55.3848872],[9.1601606,55.3880768],[9.1597068,55.3906841],[9.1593247,55.3927471],[9.1587993,55.3957882],[9.1597694,55.3989672],[9.1605131,55.4014056],[9.1614907,55.4045831],[9.1624621,55.4077374],[9.163394,55.410752],[9.1642287,55.4134754],[9.1651389,55.4164433],[9.165996,55.4191926],[9.167802,55.4222485],[9.1695081,55.4251745],[9.1710782,55.4279334],[9.1728281,55.43092],[9.174592,55.4339815],[9.1762642,55.436868],[9.1777769,55.4394798],[9.1793309,55.4421417],[9.1808034,55.444684],[9.182362,55.4473625],[9.1841444,55.4504377],[9.1855095,55.4533962],[9.1869437,55.4565203],[9.188409,55.4596358]]},"properties":{"voltage":"400000","name":""}},{"type":"Feature","geometry":{"type":"LineString","coordinates":[[9.7761095,55.0366658],[9.7769807,55.0360985],[9.7798193,55.0341926],[9.7830812,55.0320105],[9.7852509,55.0305586],[9.7875608,55.0290092],[9.7913621,55.0283044],[9.7936014,55.0290651],[9.7966085,55.0301061],[9.8000447,55.0312606],[9.8029218,55.0322448],[9.8050629,55.0322306]]},"properties":{"voltage":"60000","name":""}},{"type":"Feature","geometry":{"type":"LineString","coordinates":[[9.7626433,55.0456658],[9.7512496,55.0493889],[9.7512105,55.0494461],[9.7511967,55.0494768],[9.751182,55.0494937],[9.7511179,55.0494942],[9.751092,55.0494838],[9.7511035,55.0494532]]},"properties":{"voltage":"60000","name":""}},{"type":"Feature","geometry":{"type":"LineString","coordinates":[[9.8050629,55.0322306],[9.8051526,55.0322118],[9.8051762,55.0321483],[9.8051735,55.0321038]]},"properties":{"voltage":"60000","name":""}},{"type":"Feature","geometry":{"type":"LineString","coordinates":[[9.8849833,54.9900713],[9.8836672,54.9912186],[9.8820601,54.9926387],[9.8807426,54.9938103],[9.8788951,54.9954368],[9.8773826,54.9967538],[9.8755139,54.9984276],[9.874018,54.9997179],[9.8721447,55.0013644],[9.8706122,55.0027398],[9.8687747,55.0043365],[9.866795,55.0060747],[9.8639725,55.0068204],[9.8609897,55.0076193],[9.8578042,55.0084862],[9.8546857,55.0093026],[9.8516903,55.0101144],[9.8484453,55.0109656],[9.8456887,55.0117192],[9.8431652,55.0124048],[9.8401966,55.0131681],[9.8370772,55.0140102],[9.8339543,55.0148386],[9.8308255,55.0156784],[9.828022,55.0163976],[9.8251883,55.0171916],[9.8236906,55.0183854],[9.8220056,55.0197424],[9.8200077,55.0213631],[9.8180161,55.0229739],[9.8160057,55.024572],[9.8143696,55.0258971],[9.8134454,55.0266576]]},"properties":{"voltage":"60000","name":""}},{"type":"Feature","geometry":{"type":"LineString","coordinates":[[9.8050629,55.0322306],[9.8057551,55.0322263],[9.8085731,55.0322039],[9.8114286,55.0321922],[9.8115319,55.0336026],[9.8116164,55.0348582]]},"properties":{"voltage":"60000","name":""}},{"type":"Feature","geometry":{"type":"LineString","coordinates":[[9.8134454,55.0266576],[9.8132853,55.0273933],[9.8130783,55.028404],[9.8129315,55.029158],[9.8127151,55.0301804],[9.8124711,55.0314003],[9.8122103,55.0326447],[9.812003,55.0336045],[9.8117344,55.03493]]},"properties":{"voltage":"60000","name":""}},{"type":"Feature","geometry":{"type":"LineString","coordinates":[[9.2883951,55.0452282],[9.2880959,55.0432723],[9.2877552,55.041316],[9.287435,55.0393273],[9.2871148,55.0373866],[9.2868185,55.0355308],[9.2864622,55.0335579],[9.2878193,55.0317592],[9.2890402,55.0300798],[9.2903212,55.028336],[9.2915182,55.0267],[9.2926991,55.025103],[9.2940168,55.0232997]]},"properties":{"voltage":"60000","name":""}},{"type":"Feature","geometry":{"type":"LineString","coordinates":[[9.25136,55.04603],[9.2493695,55.046065],[9.2459948,55.0461452],[9.2427523,55.0462117],[9.2398037,55.0462792],[9.2366854,55.0463446],[9.2336976,55.0464054],[9.23102,55.0464639],[9.2280241,55.0465177],[9.2251751,55.0465832],[9.2228364,55.0466346],[9.2199019,55.0467192],[9.2167843,55.0468074],[9.213348,55.0469091],[9.2099215,55.0470155],[9.2064643,55.0471207],[9.2031906,55.0472123],[9.1997041,55.0473182],[9.1969392,55.0473987],[9.1934658,55.0475034],[9.1900168,55.047604],[9.1866154,55.0477067],[9.1832055,55.0478091],[9.1797828,55.0479013],[9.1763295,55.048014],[9.1729043,55.0481193],[9.1694918,55.0482144],[9.1661969,55.0483066],[9.1629709,55.0484149],[9.1595406,55.0485071],[9.1563179,55.0486107],[9.1528972,55.04871],[9.1494648,55.0488082],[9.1460089,55.0489062],[9.1435364,55.0489808],[9.1401674,55.0490818],[9.136783,55.0491798],[9.13331,55.0492777],[9.1298914,55.0493818],[9.1264352,55.0494823],[9.1229921,55.0495847],[9.1204667,55.0496589],[9.1170159,55.0497536],[9.1135984,55.049856],[9.110661,55.0499262],[9.1075755,55.050017],[9.1041324,55.0501106],[9.1018898,55.0501838],[9.0984441,55.0502727],[9.0950158,55.05037],[9.0919888,55.0504549],[9.0894024,55.0505314],[9.0868072,55.0505965]]},"properties":{"voltage":"60000","name":""}},{"type":"Feature","geometry":{"type":"LineString","coordinates":[[9.25136,55.04603],[9.2533785,55.0456888],[9.255667,55.0453438],[9.2574528,55.0450587],[9.2601026,55.0429164],[9.2622916,55.0412421],[9.2659888,55.0404889],[9.2673975,55.0398197],[9.2701245,55.039349],[9.2706407,55.039085],[9.272613,55.0384723],[9.2734576,55.0355219],[9.2737574,55.0335573],[9.2794858,55.0268532],[9.2804075,55.0264305],[9.281532,55.0262615],[9.2823615,55.0263037],[9.2849791,55.0267158],[9.2885736,55.0268004],[9.2901773,55.0253845],[9.2930161,55.0258177],[9.2956337,55.0250041],[9.2956451,55.0240465],[9.2940631,55.0235181],[9.2941234,55.0233353]]},"properties":{"voltage":"60000","name":""}},{"type":"Feature","geometry":{"type":"LineString","coordinates":[[9.3079167,55.0688438],[9.3077571,55.0745938]]},"properties":{"voltage":"60000","name":""}},{"type":"Feature","geometry":{"type":"LineString","coordinates":[[9.2239629,55.0851354],[9.2244192,55.0849402],[9.2275983,55.0836312],[9.2340637,55.0809717],[9.2397093,55.0786741],[9.2440002,55.0768836],[9.2442776,55.0750387],[9.2489115,55.0747912],[9.2527062,55.0748456],[9.2547773,55.0748753],[9.2561766,55.0751271],[9.2637836,55.074665],[9.269165,55.0743349],[9.2717633,55.0744049],[9.2755072,55.0744449],[9.2828217,55.0746786],[9.288142,55.074561],[9.2939736,55.0744059],[9.2988362,55.0743577],[9.3061001,55.0742337],[9.3069979,55.074263],[9.307691,55.0746263]]},"properties":{"voltage":"60000","name":""}},{"type":"Feature","geometry":{"type":"LineString","coordinates":[[9.2239797,55.085195],[9.2229802,55.0855995],[9.2217516,55.0861074],[9.2203871,55.08667],[9.2184545,55.0874591],[9.2163661,55.0882944],[9.2141868,55.0891863],[9.2120549,55.0900668],[9.2099191,55.0909338],[9.2078228,55.0917871],[9.2060271,55.0925363],[9.2038597,55.093419],[9.2016289,55.0943153],[9.199319,55.0952658],[9.1969854,55.0962096],[9.1947349,55.0971194],[9.1925121,55.0980246],[9.1906333,55.0987941],[9.1882364,55.0997649],[9.1859859,55.1006792],[9.1837749,55.101573],[9.1818092,55.1023809],[9.1798474,55.1031728],[9.1781031,55.1038788],[9.1757537,55.1048179],[9.1738314,55.1056053],[9.1719052,55.1063678],[9.1696231,55.1072954],[9.1674702,55.1081646],[9.1653223,55.1090157],[9.1631016,55.1099148],[9.1609202,55.110801],[9.1586827,55.1117033],[9.1564173,55.1126183],[9.154247,55.1134725],[9.1528822,55.1140644],[9.1506895,55.1149345],[9.1487989,55.1156831],[9.1469307,55.1164221],[9.1453756,55.1170715],[9.1431998,55.1179448],[9.1411357,55.1187797],[9.1389878,55.119669],[9.1368231,55.1205582],[9.1346752,55.1214475],[9.1324489,55.1223559],[9.130329,55.1232482],[9.1285505,55.1239778],[9.1264012,55.1248594],[9.1248079,55.1255216]]},"properties":{"voltage":"60000","name":""}},{"type":"Feature","geometry":{"type":"LineString","coordinates":[[9.4347671,55.0182806],[9.4343895,55.0184382],[9.4342617,55.0184916],[9.4341279,55.0185474],[9.4339952,55.0186028],[9.4338689,55.0186555],[9.4336021,55.0187669],[9.4333268,55.0188818],[9.4331889,55.0189394],[9.4330371,55.0190041],[9.4329078,55.0190562],[9.4328,55.0191018],[9.4326572,55.0191613],[9.432604,55.0191836]]},"properties":{"voltage":"150000","name":""}},{"type":"Feature","geometry":{"type":"LineString","coordinates":[[9.4401955,55.0034741],[9.4404494,55.0020473],[9.4407749,55.0000106],[9.4411824,54.9976718],[9.4416407,54.995269],[9.4420461,54.9926941],[9.4425333,54.9899162],[9.4429386,54.9875537],[9.4430906,54.986557],[9.4434115,54.9841757],[9.4437423,54.9821172],[9.4440077,54.9801534],[9.444273,54.9783597],[9.4445349,54.9767795],[9.4449037,54.9743645],[9.4451621,54.9725765],[9.4455722,54.9700228],[9.4458134,54.968379],[9.4460646,54.96673]]},"properties":{"voltage":"60000","name":""}},{"type":"Feature","geometry":{"type":"LineString","coordinates":[[9.4342617,55.0184916],[9.4343507,55.0185623]]},"properties":{"voltage":"150000","name":""}},{"type":"Feature","geometry":{"type":"LineString","coordinates":[[9.3926734,55.0863155],[9.395685,55.0876039],[9.3983532,55.0887639],[9.4017876,55.0902195],[9.4053779,55.0917949],[9.4091151,55.0933931],[9.4120194,55.0946574],[9.415387,55.0961103],[9.4175919,55.0970406],[9.4203518,55.0982608],[9.4235144,55.0996192],[9.4266235,55.1009621],[9.4301386,55.1024722],[9.4337041,55.1040039],[9.4374334,55.10564],[9.4390996,55.106352]]},"properties":{"voltage":"60000","name":""}},{"type":"Feature","geometry":{"type":"LineString","coordinates":[[9.4339952,55.0186028],[9.4340848,55.0186733],[9.4342236,55.0187826]]},"properties":{"voltage":"150000","name":""}},{"type":"Feature","geometry":{"type":"LineString","coordinates":[[12.1515909,54.9976058],[12.1503182,54.9984212],[12.1488806,54.9994028],[12.1477218,55.0001366],[12.1469896,55.000612],[12.1458175,55.0013689],[12.1446695,55.0021489],[12.1433445,55.002998],[12.1423299,55.0036531],[12.1408581,55.0046133],[12.1393587,55.0056008],[12.1378406,55.0065822],[12.1362098,55.0076559],[12.1348741,55.0085264],[12.1329053,55.0086449],[12.1310144,55.0087295],[12.1288579,55.0088694],[12.1268408,55.008974],[12.1245583,55.0091125],[12.1223025,55.0092263],[12.1200495,55.0093493],[12.1175792,55.0094939],[12.1157633,55.009597],[12.1142532,55.00968],[12.1122388,55.0097892],[12.1099966,55.0099138],[12.1078079,55.0100307],[12.1057721,55.0101522],[12.1035995,55.0102753],[12.101437,55.0103873],[12.0995762,55.0104906],[12.0979454,55.0105798],[12.0956763,55.0107105],[12.093324,55.0108397],[12.0910199,55.0109689],[12.0889573,55.0124623],[12.0875492,55.0134389],[12.086774,55.0140249],[12.0861355,55.0145031],[12.0847409,55.0155689],[12.0834078,55.0165639],[12.0821204,55.0175373],[12.0805861,55.0186553],[12.0794006,55.0195271],[12.0779227,55.0196794],[12.0763975,55.0198288]]},"properties":{"voltage":"50000","name":""}},{"type":"Feature","geometry":{"type":"LineString","coordinates":[[11.890017,55.0015318],[11.8898778,55.0015916]]},"properties":{"voltage":"50000","name":""}},{"type":"Feature","geometry":{"type":"LineString","coordinates":[[9.2723082,55.0360934],[9.2722825,55.0361902],[9.2722501,55.0363119],[9.2722145,55.0364457],[9.2721789,55.0365796],[9.2721443,55.0367094],[9.2721085,55.0368443],[9.2720735,55.0369755],[9.2720365,55.0371147],[9.2719684,55.0373709],[9.2719325,55.0375057],[9.2718945,55.0376484],[9.2718391,55.0378569],[9.2718027,55.0379936],[9.2717494,55.0381939]]},"properties":{"voltage":"150000","name":""}},{"type":"Feature","geometry":{"type":"LineString","coordinates":[[10.5756277,55.0700585],[10.5758004,55.0700555],[10.5759977,55.0700521],[10.576202,55.0700485],[10.5764006,55.0700451],[10.5767747,55.0700386]]},"properties":{"voltage":"150000","name":""}},{"type":"Feature","geometry":{"type":"LineString","coordinates":[[10.5768708,55.069132],[10.5768122,55.0691483],[10.5767068,55.0691778],[10.5766003,55.0692075],[10.5762597,55.0693027],[10.5761515,55.0693329],[10.5760436,55.069363],[10.5759358,55.0693932],[10.5758063,55.0694293],[10.5756943,55.0694606],[10.5754143,55.0695388]]},"properties":{"voltage":"60000","name":""}},{"type":"Feature","geometry":{"type":"LineString","coordinates":[[10.5753084,55.069418],[10.5753824,55.0693975],[10.5755947,55.0693386],[10.5757067,55.0693074],[10.5760522,55.0692115],[10.5761605,55.0691815],[10.5765013,55.0690868],[10.5767136,55.0690279],[10.5767685,55.0690127]]},"properties":{"voltage":"60000","name":""}},{"type":"Feature","geometry":{"type":"LineString","coordinates":[[8.83744,55.052971],[8.8372469,55.0530185],[8.8371543,55.0530413],[8.8370496,55.0530671],[8.8369454,55.0530927],[8.8368477,55.0531168],[8.8367521,55.0531403],[8.8366488,55.0531657],[8.8365472,55.0531908],[8.8364437,55.0532162],[8.8363412,55.0532414],[8.8362343,55.0532678],[8.8361684,55.053284]]},"properties":{"voltage":"60000","name":""}},{"type":"Feature","geometry":{"type":"LineString","coordinates":[[8.8361324,55.0532286],[8.8361936,55.0532135],[8.8363005,55.0531872],[8.836403,55.053162],[8.8365065,55.0531365],[8.8366081,55.0531115],[8.8367114,55.0530861],[8.836807,55.0530626],[8.8369048,55.0530385],[8.8370089,55.0530129],[8.8371136,55.0529871],[8.8372093,55.0529635],[8.8374016,55.0529162]]},"properties":{"voltage":"60000","name":""}},{"type":"Feature","geometry":{"type":"LineString","coordinates":[[8.8373079,55.053625],[8.8371156,55.0536734]]},"properties":{"voltage":"150000","name":""}},{"type":"Feature","geometry":{"type":"LineString","coordinates":[[8.8363766,55.0543543],[8.8362954,55.0533491]]},"properties":{"voltage":"60000","name":""}},{"type":"Feature","geometry":{"type":"LineString","coordinates":[[8.8363766,55.0543543],[8.8363826,55.0541147],[8.8364026,55.0533234]]},"properties":{"voltage":"60000","name":""}},{"type":"Feature","geometry":{"type":"LineString","coordinates":[[8.8366359,55.0529855],[8.8367114,55.0530861],[8.8367521,55.0531403]]},"properties":{"voltage":"60000","name":""}},{"type":"Feature","geometry":{"type":"LineString","coordinates":[[8.8377263,55.0532847],[8.8377931,55.0533792],[8.837874,55.0534938]]},"properties":{"voltage":"150000","name":""}},{"type":"Feature","geometry":{"type":"LineString","coordinates":[[8.8371109,55.0531489],[8.8370496,55.0530671],[8.8370089,55.0530129]]},"properties":{"voltage":"60000","name":""}},{"type":"Feature","geometry":{"type":"LineString","coordinates":[[8.8364026,55.0533234],[8.8363412,55.0532414],[8.8363005,55.0531872]]},"properties":{"voltage":"60000","name":""}},{"type":"Feature","geometry":{"type":"LineString","coordinates":[[8.8369267,55.0532221],[8.8368477,55.0531168],[8.836807,55.0530626]]},"properties":{"voltage":"60000","name":""}},{"type":"Feature","geometry":{"type":"LineString","coordinates":[[8.8368376,55.0529439],[8.8369048,55.0530385],[8.8369454,55.0530927]]},"properties":{"voltage":"60000","name":""}},{"type":"Feature","geometry":{"type":"LineString","coordinates":[[8.8365058,55.0532991],[8.8364437,55.0532162],[8.836403,55.053162]]},"properties":{"voltage":"60000","name":""}},{"type":"Feature","geometry":{"type":"LineString","coordinates":[[8.8362954,55.0533491],[8.8362343,55.0532678],[8.8361936,55.0532135]]},"properties":{"voltage":"60000","name":""}},{"type":"Feature","geometry":{"type":"LineString","coordinates":[[8.8364795,55.0531005],[8.8365065,55.0531365],[8.8365472,55.0531908]]},"properties":{"voltage":"60000","name":""}},{"type":"Feature","geometry":{"type":"LineString","coordinates":[[8.8367197,55.0532603],[8.8366488,55.0531657],[8.8366081,55.0531115]]},"properties":{"voltage":"60000","name":""}},{"type":"Feature","geometry":{"type":"LineString","coordinates":[[8.8370409,55.0528902],[8.8371136,55.0529871],[8.8371543,55.0530413]]},"properties":{"voltage":"60000","name":""}},{"type":"Feature","geometry":{"type":"LineString","coordinates":[[8.83729,55.0533858],[8.8373581,55.0534822],[8.8374377,55.0535949]]},"properties":{"voltage":"150000","name":""}},{"type":"Feature","geometry":{"type":"LineString","coordinates":[[8.8373568,55.0531309],[8.8372762,55.0530602],[8.8372469,55.0530185],[8.8372093,55.0529635]]},"properties":{"voltage":"60000","name":""}},{"type":"Feature","geometry":{"type":"LineString","coordinates":[[8.8285359,54.1467005],[8.8280333,54.1468667],[8.8249997,54.146472],[8.8218,54.1464167],[8.8216667,54.1463833],[8.82105,54.1463167],[8.7536667,54.1404333],[8.75,54.1401167],[8.7050667,54.1417833],[8.6862333,54.1501333],[8.6672667,54.14915],[8.6346333,54.13735],[8.5830406,54.1317641],[8.58285,54.1352333],[8.4703333,54.1505],[8.45555,54.15195],[8.4395833,54.1542667],[8.42475,54.1567667],[8.4169167,54.1577667],[8.3832333,54.1622333],[8.3226833,54.2182667],[8.3054333,54.2341833],[8.2972,54.2402833],[8.24995,54.2830167],[8.1569333,54.3237833],[8.0189167,54.3840167],[8.01675,54.38495],[7.9999667,54.40135],[7.94035,54.4679667],[7.8152333,54.6004833],[7.7387333,54.6553],[7.7282167,54.6628333],[7.6410667,54.7243],[7.6030167,54.7459],[7.588,54.7544667],[7.5553667,54.7806],[7.5265167,54.7923333],[7.4725833,54.8052],[7.38285,54.8319333],[7.3643833,54.85345],[7.3564167,54.88465],[7.3301833,54.9153167],[7.3293667,54.91625],[7.3212167,54.9260333],[7.3057167,54.9429667],[7.2594667,54.98835],[7.2590167,54.9957],[7.24095,55.0627]]},"properties":{"voltage":"320000","name":"SylWin1"}},{"type":"Feature","geometry":{"type":"LineString","coordinates":[[7.7997687,55.01961],[7.727604,55.0105416],[7.6663077,55.024246],[7.3665621,55.0241465],[7.24095,55.0627]]},"properties":{"voltage":"155000","name":""}},{"type":"Feature","geometry":{"type":"LineString","coordinates":[[11.8859637,55.0084757],[11.8856567,55.0073145]]},"properties":{"voltage":"132000","name":""}},{"type":"Feature","geometry":{"type":"LineString","coordinates":[[11.8859637,55.0084757],[11.8867269,55.0105707],[11.8873231,55.0123457],[11.888107,55.0145372],[11.8887695,55.0164497]]},"properties":{"voltage":"132000","name":""}},{"type":"Feature","geometry":{"type":"LineString","coordinates":[[11.89008,55.0017399],[11.8902263,55.0016807]]},"properties":{"voltage":"50000","name":""}},{"type":"Feature","geometry":{"type":"LineString","coordinates":[[11.8903217,55.0017485],[11.8902263,55.0016807],[11.890017,55.0015318],[11.8899865,55.0015101]]},"properties":{"voltage":"50000","name":""}},{"type":"Feature","geometry":{"type":"LineString","coordinates":[[11.8898778,55.0015916],[11.8896126,55.0025298]]},"properties":{"voltage":"50000","name":""}},{"type":"Feature","geometry":{"type":"LineString","coordinates":[[11.8898714,55.0024162],[11.89008,55.0017399]]},"properties":{"voltage":"50000","name":""}},{"type":"Feature","geometry":{"type":"LineString","coordinates":[[11.8571404,55.0504487],[11.8570626,55.0506501],[11.8572048,55.0519039],[11.8574032,55.0531468],[11.857153,55.0543349],[11.8569545,55.0554349],[11.8567319,55.0565518],[11.8565342,55.0576713],[11.8563196,55.0588219],[11.8560863,55.0600202],[11.8558958,55.0610233],[11.8556992,55.0620989],[11.8555008,55.063168],[11.8552915,55.0642432],[11.8550563,55.0655023],[11.8548498,55.0666174],[11.8546486,55.0676249],[11.8544332,55.068771],[11.854224,55.0698829],[11.8540014,55.0710163],[11.8537895,55.0722019],[11.853591,55.073263],[11.8533657,55.0744455],[11.8531412,55.0756305],[11.8529285,55.0767288],[11.8527201,55.0779031],[11.8525028,55.079047],[11.8522767,55.0802127],[11.8520603,55.0813823],[11.8518538,55.0824079],[11.8516392,55.0835885],[11.8514058,55.0847998],[11.8511778,55.0860157],[11.850949,55.0872487],[11.8506942,55.0884983],[11.8504689,55.0897171],[11.8502409,55.0909866],[11.8500084,55.0922264],[11.8497591,55.0934742],[11.8495444,55.0946423],[11.8493102,55.0958751],[11.8490876,55.0970891],[11.8488381,55.0983399],[11.8486002,55.0995565],[11.8483669,55.1008394],[11.8481381,55.1020582],[11.8479208,55.1032122],[11.8476963,55.1044025],[11.8474327,55.1056259],[11.8472538,55.1066535],[11.847202,55.1069224],[11.8469721,55.1081633],[11.8467281,55.1093708],[11.8464625,55.1106273],[11.8462498,55.1118658],[11.8460299,55.1131222],[11.8458456,55.1143599],[11.8455524,55.1156182],[11.8453092,55.1166977],[11.8451179,55.1177903],[11.8468238,55.1192398],[11.8481925,55.1203883],[11.8513138,55.123358],[11.8528703,55.124965],[11.8544957,55.126655],[11.8555678,55.127781],[11.8584083,55.1307315],[11.859661,55.1320364],[11.8610663,55.13349],[11.862445,55.1349329],[11.863998,55.1365351],[11.8656054,55.1382028],[11.8670324,55.1396899],[11.8663052,55.1399774],[11.8661168,55.14002]]},"properties":{"voltage":"50000","name":""}},{"type":"Feature","geometry":{"type":"LineString","coordinates":[[7.24095,55.0627],[7.2351167,55.0614667],[7.2292,55.06045],[7.0335167,55.05235],[6.9140987,55.2040933],[6.8744987,55.2004113],[6.8587987,55.1983621],[6.855278,55.198889]]},"properties":{"voltage":"155000","name":""}},{"type":"Feature","geometry":{"type":"LineString","coordinates":[[7.24095,55.0627],[7.2393833,55.0626833],[7.2346667,55.06235],[7.2285667,55.0613167],[7.0344667,55.0533167],[6.915032,55.2050929],[6.874182,55.2012944],[6.858582,55.1992618],[6.855278,55.198889]]},"properties":{"voltage":"155000","name":""}},{"type":"Feature","geometry":{"type":"LineString","coordinates":[[9.2704769,55.0367043],[9.2707073,55.0367257],[9.2714596,55.0367957]]},"properties":{"voltage":"400000","name":""}},{"type":"Feature","geometry":{"type":"LineString","coordinates":[[8.6851431,55.0657989],[8.6850534,55.0658937]]},"properties":{"voltage":"60000","name":""}},{"type":"Feature","geometry":{"type":"LineString","coordinates":[[8.6847589,55.0656786],[8.6851431,55.0657989],[8.6851994,55.0658165]]},"properties":{"voltage":"60000","name":""}},{"type":"Feature","geometry":{"type":"LineString","coordinates":[[8.682583,55.0376835],[8.6825856,55.0377138],[8.6825992,55.0376456],[8.6825616,55.0376317],[8.6825391,55.0376076],[8.682468,55.0376036]]},"properties":{"voltage":"60000","name":""}},{"type":"Feature","geometry":{"type":"LineString","coordinates":[[9.0864246,55.050496],[9.0867052,55.0505697],[9.0868072,55.0505965]]},"properties":{"voltage":"60000","name":""}},{"type":"Feature","geometry":{"type":"LineString","coordinates":[[9.0867052,55.0505697],[9.0867876,55.0504678]]},"properties":{"voltage":"60000","name":""}},{"type":"Feature","geometry":{"type":"LineString","coordinates":[[8.9580166,55.0515378],[8.9581423,55.0515582],[8.9583539,55.0515891],[8.9584364,55.0515996]]},"properties":{"voltage":"60000","name":""}},{"type":"Feature","geometry":{"type":"LineString","coordinates":[[8.9581423,55.0515582],[8.9581105,55.051625]]},"properties":{"voltage":"60000","name":""}},{"type":"Feature","geometry":{"type":"LineString","coordinates":[[8.9583539,55.0515891],[8.9582978,55.0516952]]},"properties":{"voltage":"60000","name":""}},{"type":"Feature","geometry":{"type":"LineString","coordinates":[[8.8369267,55.0532221],[8.8367333,55.0529645],[8.8381339,55.0508379]]},"properties":{"voltage":"60000","name":""}},{"type":"Feature","geometry":{"type":"LineString","coordinates":[[8.8381339,55.0508379],[8.8368376,55.0529439]]},"properties":{"voltage":"60000","name":""}},{"type":"Feature","geometry":{"type":"LineString","coordinates":[[9.6776894,55.0152149],[9.6797221,55.0160768],[9.6835072,55.0176799],[9.6863852,55.0189016],[9.6889667,55.0199942],[9.6922598,55.0213826],[9.6951841,55.0226154],[9.6980805,55.0238316],[9.7012339,55.0251658],[9.7033442,55.0260648],[9.7073547,55.0277733],[9.7101987,55.0289688]]},"properties":{"voltage":"60000","name":""}},{"type":"Feature","geometry":{"type":"LineString","coordinates":[[9.4355413,55.0173907],[9.4345678,55.0181251]]},"properties":{"voltage":"60000","name":""}},{"type":"Feature","geometry":{"type":"LineString","coordinates":[[9.4345678,55.0181251],[9.4345008,55.0182124],[9.4342079,55.0182272],[9.4340488,55.0181155]]},"properties":{"voltage":"60000","name":""}},{"type":"Feature","geometry":{"type":"LineString","coordinates":[[9.5787978,55.0039683],[9.5787932,55.0039923],[9.5787809,55.0040555],[9.5787745,55.0040888]]},"properties":{"voltage":"60000","name":""}},{"type":"Feature","geometry":{"type":"LineString","coordinates":[[9.6777655,55.0150784],[9.677762,55.0151191],[9.6777536,55.0152173],[9.6777504,55.0152635]]},"properties":{"voltage":"60000","name":""}},{"type":"Feature","geometry":{"type":"LineString","coordinates":[[9.4340488,55.0181155],[9.4339789,55.0180604]]},"properties":{"voltage":"60000","name":""}},{"type":"Feature","geometry":{"type":"LineString","coordinates":[[9.6778129,55.0152648],[9.6778169,55.0152197],[9.6778258,55.0151215],[9.6778297,55.0150779]]},"properties":{"voltage":"60000","name":""}},{"type":"Feature","geometry":{"type":"LineString","coordinates":[[9.5787809,55.0040555],[9.5788735,55.0040622],[9.5788682,55.004112]]},"properties":{"voltage":"60000","name":""}},{"type":"Feature","geometry":{"type":"LineString","coordinates":[[9.3820499,55.0768253],[9.3818091,55.0768256]]},"properties":{"voltage":"60000","name":""}},{"type":"Feature","geometry":{"type":"LineString","coordinates":[[9.3820434,55.0639105],[9.3818091,55.0768256]]},"properties":{"voltage":"60000","name":""}},{"type":"Feature","geometry":{"type":"LineString","coordinates":[[11.8617116,55.0093523],[11.8603396,55.0082564],[11.8442222,54.9586932],[11.8440154,54.9580428]]},"properties":{"voltage":"132000","name":""}},{"type":"Feature","geometry":{"type":"LineString","coordinates":[[11.8884879,55.0167523],[11.8882082,55.0166181],[11.8830838,55.0159384],[11.8807449,55.0156278],[11.8805679,55.0155339],[11.8783973,55.0142056],[11.8779681,55.0139134],[11.8743525,55.0136458],[11.8701227,55.0135551],[11.8690582,55.0129974],[11.8655525,55.0112702],[11.8617116,55.0093523]]},"properties":{"voltage":"132000","name":""}},{"type":"Feature","geometry":{"type":"LineString","coordinates":[[9.9756456,54.996631],[9.9765193,54.9979182],[9.9798024,55.0021305],[10.0701177,55.0721758],[10.0748725,55.0758833]]},"properties":{"voltage":"150000","name":"Abildskov-S\u00f8nderborg 150 kV"}},{"type":"Feature","geometry":{"type":"LineString","coordinates":[[10.0754219,55.0763117],[10.0762654,55.0772775],[10.0774945,55.0813979],[10.0825235,55.0835085],[10.0859136,55.0838947],[10.0890305,55.0845752],[10.0927902,55.0876374],[10.0930954,55.0881064],[10.0971362,55.0905982],[10.097795,55.0908511],[10.0981725,55.0910258],[10.1025427,55.0946299],[10.1045912,55.0963859],[10.1057641,55.0974339],[10.1109942,55.0992034],[10.1132777,55.1016458],[10.1162594,55.1033058],[10.1209646,55.1043293],[10.1252626,55.1052196],[10.1286369,55.1065176],[10.1332767,55.1068588],[10.1333276,55.1074037],[10.1379019,55.1085602],[10.1477414,55.1134562],[10.1529656,55.1161844],[10.1553104,55.1164709],[10.1582765,55.1171758],[10.1620944,55.1193248],[10.16483,55.1202589],[10.1719246,55.1224364],[10.1771353,55.1238402],[10.1787687,55.124247],[10.1807427,55.1265446],[10.183298,55.1293462],[10.1843702,55.131695],[10.1846107,55.1334251],[10.1846007,55.1355503],[10.1832601,55.137524],[10.1790747,55.1393746],[10.1780384,55.1412663],[10.1755319,55.1471201],[10.1722704,55.1481117],[10.1715896,55.1503596],[10.1703951,55.1530624],[10.1677912,55.1605076],[10.1618071,55.1659525],[10.1602663,55.1710487],[10.1601349,55.1714171],[10.1565889,55.1728725],[10.1560228,55.1739482],[10.155228,55.1747285],[10.1521196,55.1781262],[10.1538779,55.1799151],[10.1537881,55.1806378],[10.1542018,55.1809377],[10.1557288,55.1814242],[10.1598224,55.1847157],[10.163731,55.1868415],[10.1654512,55.1937216],[10.1664637,55.1986183],[10.1677476,55.1997064],[10.1679448,55.2007645],[10.1680895,55.2038075],[10.1700225,55.2053871],[10.1702,55.2066177],[10.1713835,55.2095552],[10.1703315,55.2131603],[10.1736979,55.2175639],[10.1742765,55.2211119],[10.1749603,55.2252784],[10.1748419,55.2275208],[10.1753153,55.2285932],[10.1757753,55.2332998],[10.1736724,55.2431332],[10.1724547,55.243965],[10.1711887,55.2475979],[10.1708132,55.2486896],[10.1705683,55.2487726],[10.1705409,55.248859],[10.170518,55.2489531],[10.1704949,55.2489614],[10.1704591,55.2489574],[10.1704117,55.2489255],[10.1703764,55.2489188]]},"properties":{"voltage":"150000","name":"Abildskov-S\u00f8nderborg 150 kV"}},{"type":"Feature","geometry":{"type":"LineString","coordinates":[[9.4325029,55.0184833],[9.4319052,55.0181782],[9.4317472,55.0181637],[9.4316146,55.0181791],[9.4310542,55.0182987],[9.4304412,55.0184914],[9.4281173,55.0189494],[9.4269287,55.0191869]]},"properties":{"voltage":"150000","name":""}},{"type":"Feature","geometry":{"type":"LineString","coordinates":[[9.2734493,55.0364911],[9.2733898,55.0366508],[9.2724651,55.0370112]]},"properties":{"voltage":"150000","name":""}},{"type":"Feature","geometry":{"type":"LineString","coordinates":[[9.2734493,55.0364911],[9.2725891,55.0364785]]},"properties":{"voltage":"150000","name":""}},{"type":"Feature","geometry":{"type":"LineString","coordinates":[[9.4269287,55.0191869],[9.416212,55.0212469],[9.4090358,55.021729],[9.4061295,55.0218996],[9.4037374,55.0223433],[9.399186,55.023212],[9.3935737,55.0242264],[9.3916849,55.0245212],[9.3908461,55.0244002],[9.3886867,55.0238728],[9.3872742,55.023274],[9.3861701,55.023274],[9.3826199,55.0236122],[9.3809909,55.0243567],[9.376461,55.0249276],[9.3748807,55.0251199],[9.3734411,55.0251385],[9.3718392,55.0250454],[9.3695662,55.0248903],[9.3692739,55.0249276],[9.3631367,55.0266089],[9.362076,55.0286253],[9.3618487,55.0288858],[9.3614157,55.0290968],[9.3609827,55.0292457],[9.3606905,55.0293139],[9.3601818,55.0293573],[9.3596406,55.0293356],[9.358937,55.0292302],[9.3573513,55.028951],[9.356756,55.0289169],[9.3533789,55.0293449],[9.3526591,55.0293883],[9.3488761,55.0294628],[9.3471281,55.0294969],[9.3440053,55.0294318],[9.3416565,55.0300428],[9.3389993,55.0307625],[9.3362987,55.0315224],[9.3343341,55.0320218],[9.3330352,55.0328313],[9.3306973,55.0342736],[9.3290141,55.0353343],[9.3281591,55.0357964],[9.3267952,55.0362585],[9.3251378,55.0367315],[9.3195648,55.0378619],[9.3172701,55.0383147],[9.3123885,55.0387612],[9.3116525,55.0387985],[9.3052826,55.0382061],[9.3022952,55.0379278],[9.2995729,55.0377502],[9.2953272,55.0374804],[9.2950891,55.0374355],[9.2938552,55.0369703],[9.2924887,55.0368648],[9.2914198,55.0367811],[9.291045,55.0367966],[9.2880346,55.0369579],[9.2856398,55.0370711],[9.2825685,55.0372153],[9.2822573,55.0371532],[9.2811045,55.0365159],[9.2807798,55.0364399],[9.279876,55.0363639],[9.2736712,55.0358615],[9.2734493,55.0364911]]},"properties":{"voltage":"150000","name":""}},{"type":"Feature","geometry":{"type":"LineString","coordinates":[[9.433093,55.0188652],[9.4331889,55.0189394],[9.4332797,55.0190093]]},"properties":{"voltage":"150000","name":""}},{"type":"Feature","geometry":{"type":"LineString","coordinates":[[12.9450848,55.0483292],[12.9448089,55.0481934],[12.9445481,55.0480383],[12.9443776,55.0479594],[12.9442518,55.047892],[12.9439565,55.0477062],[12.9438022,55.0476169],[12.9436533,55.0475374],[12.9434237,55.0473902],[12.9425725,55.0468155],[12.9424351,55.0467294],[12.9423585,55.0466725],[12.9420845,55.0464879],[12.9417693,55.0462883],[12.9416454,55.0461957],[12.9415441,55.0461272],[12.9413323,55.045995],[12.941188,55.0458887],[12.9410851,55.0458211],[12.9409548,55.04572],[12.9407448,55.0455993],[12.9406519,55.0455386],[12.9405086,55.0454318],[12.9403576,55.0453286],[12.9402169,55.0452444],[12.9399162,55.0450494],[12.9394661,55.0447271],[12.9390209,55.0444375],[12.9382093,55.0438906],[12.9380416,55.0437839],[12.9379579,55.0437189],[12.9376591,55.0435229],[12.9374928,55.0434037],[12.9372858,55.043269],[12.9372147,55.04321],[12.9371236,55.0431609],[12.9369936,55.0430712],[12.9369392,55.0430273],[12.9368456,55.0429798],[12.9367504,55.0429202],[12.9365901,55.0428098],[12.9365048,55.0427455],[12.9363581,55.0426521],[12.9362608,55.0425818],[12.9360741,55.0424607],[12.9360004,55.0424027],[12.9357603,55.0422369],[12.9356432,55.0421645],[12.9354038,55.0419985],[12.9352235,55.0418863],[12.934973,55.0417024],[12.9347152,55.0415335],[12.9341434,55.0410948],[12.9340129,55.0410053],[12.933927,55.040953],[12.9337583,55.0408349],[12.9335301,55.0406418],[12.9330483,55.0402994],[12.932719,55.0400372],[12.9319081,55.0394321],[12.9317746,55.039344],[12.9316858,55.0392701],[12.9313066,55.0389844],[12.9311058,55.0388466],[12.9307698,55.0385986],[12.9305841,55.038401],[12.930502,55.038304],[12.930292,55.0380332],[12.9302084,55.037917],[12.9301634,55.0378404],[12.9300276,55.0376588],[12.9299832,55.0375916],[12.929934,55.0374969],[12.9299048,55.0374271],[12.9298809,55.0373383],[12.9298019,55.0371184],[12.929743,55.0369236],[12.9296687,55.0367215],[12.9296424,55.0365967],[12.9296512,55.0364441],[12.92973,55.0359341],[12.9297373,55.0357905],[12.9297578,55.0357106],[12.9298123,55.0355981],[12.9299447,55.0353773],[12.9300082,55.0352855],[12.9301072,55.0351056],[12.9303332,55.0347227],[12.9304043,55.0345849],[12.9305488,55.0343475],[12.9305933,55.0342614],[12.9311473,55.03346],[12.9312502,55.033329],[12.9319331,55.0323929],[12.9320441,55.0322541],[12.9320965,55.0321695],[12.9321825,55.0320637],[12.932272,55.0319391],[12.9324532,55.0316711],[12.9325402,55.0315757],[12.9327312,55.0313004],[12.932894,55.0310864],[12.9329388,55.0310097],[12.9330167,55.0309019],[12.9330923,55.0307839],[12.9331486,55.0306811],[12.9332885,55.0305204],[12.9333998,55.0304122],[12.9334577,55.0303385],[12.9335406,55.0302029],[12.9335898,55.0301082],[12.9336313,55.03005],[12.9336866,55.0299856],[12.9337733,55.0299108],[12.9338258,55.0298557],[12.9339564,55.0297663],[12.9339925,55.0297369],[12.9340652,55.0296475],[12.9341047,55.0296087],[12.9341465,55.029582],[12.9342869,55.0295106],[12.9343757,55.02946],[12.9344523,55.0294289],[12.9345464,55.0293816],[12.9347474,55.029296],[12.9348812,55.0292498],[12.9351356,55.0291308],[12.9352829,55.0290798],[12.9354085,55.0290263],[12.9355677,55.0289692],[12.9357192,55.0289056],[12.9359297,55.0288279],[12.9360972,55.0287795],[12.9361639,55.028756],[12.9365456,55.0285995],[12.9367744,55.0284907],[12.9369234,55.0284414],[12.9370781,55.0283804],[12.9372115,55.0283336],[12.9380052,55.0280137],[12.9383209,55.0278972],[12.9385346,55.0278064],[12.938728,55.0277301],[12.9389756,55.0276359],[12.9391096,55.0275896],[12.9393846,55.0274708],[12.9397218,55.0273403],[12.9399228,55.0272548],[12.9400331,55.0272209],[12.9401115,55.0271914],[12.9404007,55.0270686],[12.9405081,55.0270318],[12.9408138,55.0269067],[12.9412183,55.0267532],[12.9413682,55.0266884],[12.9416188,55.0265968],[12.9418865,55.0264874],[12.9422501,55.0263473],[12.9424652,55.0262576],[12.9425727,55.026221],[12.9430066,55.0260446],[12.9437095,55.0257759],[12.9440554,55.0256368],[12.9441738,55.0255931],[12.9443501,55.0255185],[12.9446375,55.02541],[12.9447853,55.0253436],[12.9448651,55.0253153],[12.9449625,55.0252867],[12.9450909,55.0252355],[12.9451885,55.0251906],[12.9454918,55.0250796],[12.9456895,55.0249916],[12.9459215,55.0249],[12.9460277,55.0248621],[12.9465507,55.024649],[12.9467881,55.0245622],[12.9470215,55.0244567],[12.9473309,55.0243514],[12.9474638,55.0242887],[12.9475649,55.0242464],[12.94805,55.0240653],[12.9483546,55.0239394],[12.9486295,55.0238362],[12.9489388,55.0237141],[12.9492434,55.0235882],[12.9495157,55.0234828],[12.9497576,55.0233838],[12.9500767,55.0232703],[12.950423,55.0231167],[12.9509276,55.0229367],[12.9513664,55.0227489],[12.9514863,55.0227065],[12.9517697,55.0225945],[12.9518889,55.0225516],[12.9522478,55.0224076],[12.952371,55.0223522],[12.9524901,55.0223092],[12.9529035,55.0221472],[12.9530143,55.0220974],[12.953214,55.0220268],[12.953313,55.0219829],[12.953486,55.0219216],[12.9536658,55.0218498],[12.9537731,55.0218129],[12.9538762,55.0217722],[12.9539603,55.0217321],[12.9541042,55.0216779],[12.9543311,55.0215823],[12.9544793,55.0215321],[12.9547211,55.0214329],[12.9550095,55.0213252],[12.9551184,55.0212741],[12.9552092,55.021239],[12.9553071,55.0211943],[12.9560376,55.0209168],[12.9564203,55.0207611],[12.9566023,55.0206912],[12.9567007,55.0206468],[12.9571478,55.0204656],[12.9573865,55.0203799],[12.9575234,55.0203202],[12.9577117,55.0202561],[12.9579488,55.0201533],[12.9582275,55.0200537],[12.9583864,55.0199809],[12.9585077,55.01994],[12.9590358,55.0197311],[12.9592978,55.0196175],[12.9597582,55.0194476],[12.96028,55.0192337],[12.9606184,55.0191042],[12.9609124,55.0189853],[12.9610455,55.0189382],[12.9613632,55.0188074],[12.961536,55.0187458],[12.9618704,55.0186132],[12.9622514,55.0184719],[12.9626593,55.0183054],[12.9629325,55.0182009],[12.9630324,55.0181577],[12.9634631,55.0179947],[12.9636907,55.0178997],[12.9639534,55.0178022],[12.9641698,55.0177135],[12.9643392,55.017649],[12.9644518,55.0176005],[12.9645947,55.0175455],[12.9647815,55.017464],[12.9649642,55.0173948],[12.9650775,55.0173469],[12.9653096,55.0172555],[12.9655608,55.0171644],[12.9659684,55.016998],[12.9661657,55.0169251],[12.9663912,55.0168284],[12.966708,55.0167129],[12.9670953,55.0165609],[12.9672696,55.0164848],[12.9678326,55.0162738],[12.9682678,55.0160833],[12.9688153,55.0158918],[12.9689752,55.0158197],[12.9690925,55.0157752],[12.9692107,55.0157165],[12.9693371,55.0156815],[12.9699349,55.0154361],[12.9701605,55.0153395],[12.9707381,55.0151087],[12.9710277,55.0150021],[12.9714412,55.0148403],[12.9717336,55.0147363],[12.9721331,55.0145786],[12.9724868,55.0144305],[12.973159,55.014168],[12.9732705,55.0141187],[12.9735939,55.0139926],[12.9737706,55.0139184],[12.9738782,55.0138818],[12.974003,55.0138278],[12.9741501,55.0137765],[12.9743517,55.0136914],[12.9744731,55.0136506],[12.9746825,55.0135721],[12.975005,55.0134453],[12.9753859,55.0132881],[12.9755685,55.0132188],[12.9757443,55.0131439],[12.9763857,55.0128872],[12.9764994,55.0128259],[12.9766241,55.0127885],[12.9767855,55.0127337],[12.9771621,55.0125888],[12.9777726,55.0123382],[12.9779426,55.0122743],[12.978088,55.0122063],[12.9782664,55.0121505],[12.9783702,55.0121105],[12.9784524,55.012069],[12.9785522,55.0120258],[12.979057,55.0118461],[12.9791793,55.0117901],[12.9793099,55.0117408],[12.9794988,55.0116467],[12.9796513,55.0116014],[12.9798173,55.011534],[12.9799646,55.0114832],[12.9801074,55.0114134],[12.9802299,55.0113737],[12.9804627,55.0112829],[12.9805865,55.0112446],[12.9808337,55.0111348],[12.9811117,55.0110345],[12.9812617,55.0109699],[12.9815384,55.0108686],[12.9816476,55.0108177],[12.9817891,55.0107616],[12.9819363,55.0107106],[12.9820213,55.010671],[12.9822153,55.0105954],[12.9824265,55.0105028],[12.9828123,55.0103497],[12.9829118,55.0103062],[12.9839096,55.0099194],[12.9841953,55.009794],[12.9842607,55.0097556],[12.9844516,55.0095806],[12.9846547,55.0094324],[12.9847402,55.0093573],[12.9847989,55.0092938],[12.9849449,55.0091149],[12.9849941,55.0090392],[12.9850536,55.0089275],[12.9851398,55.0087084],[12.9851601,55.0086375],[12.9851951,55.0083238],[12.9852341,55.0075965],[12.9852359,55.0073809],[12.9852926,55.0069149],[12.9853133,55.0066007],[12.9853158,55.006439],[12.985373,55.0059911],[12.985415,55.00521],[12.9854674,55.0046719],[12.9854867,55.0043396],[12.9856047,55.0029308],[12.9856612,55.0021769],[12.9856885,55.0018988],[12.9857055,55.0015667],[12.9857821,55.0007143],[12.9858282,55.0003019],[12.9859131,54.9992519],[12.9859455,54.998938],[12.9859557,54.9986776],[12.9859761,54.9983904],[12.9860546,54.9975382],[12.9861002,54.9967032],[12.9861281,54.9964522],[12.9861782,54.99586],[12.9861995,54.9957077],[12.9861975,54.9956089],[12.9862042,54.9955102],[12.986228,54.995313],[12.9862523,54.9949719],[12.9862786,54.9947839],[12.9863083,54.9944249],[12.9863264,54.9940747],[12.9863544,54.9937517],[12.9863574,54.993608],[12.9864012,54.9930696],[12.9864031,54.9929078],[12.9864412,54.9925672],[12.9864512,54.9923786],[12.9864782,54.9920736],[12.9864795,54.9919747],[12.9865203,54.9915982],[12.9865504,54.9911853],[12.9865753,54.9909611],[12.9865955,54.9906559],[12.9866197,54.9904858],[12.9866298,54.9903152],[12.9866413,54.9902436],[12.9866505,54.9900281],[12.9866916,54.9895256],[12.9867212,54.9893016],[12.9867557,54.9886551],[12.9867843,54.9883142],[12.986805,54.9881619],[12.9868386,54.9877761],[12.9868853,54.9871479],[12.9869281,54.9868344],[12.9869386,54.986565],[12.9870086,54.9855506],[12.9870377,54.9852636],[12.9870519,54.9850032],[12.9871038,54.984492],[12.9871341,54.9840791],[12.9871489,54.9837738],[12.9871732,54.9835677],[12.987192,54.9831457],[12.9872124,54.9830024],[12.9872638,54.9824552],[12.9872711,54.9823655],[12.9872693,54.9822577],[12.9872816,54.9821862],[12.9872895,54.9820245],[12.9873234,54.9816927],[12.98733,54.9815311],[12.9873629,54.9812442],[12.9873754,54.9809119],[12.9873955,54.9807326],[12.9873983,54.9806069],[12.9874134,54.9805085],[12.9874207,54.9803918],[12.9874536,54.9802131],[12.9874793,54.9800071],[12.9874851,54.9798544],[12.9874808,54.9795939],[12.9874952,54.9795135],[12.987499,54.9793878],[12.987528,54.9791999],[12.987535,54.9789124],[12.9875555,54.9787692],[12.9875645,54.9785626],[12.9875976,54.9782848],[12.9875986,54.9782039],[12.987637,54.9779444],[12.9876576,54.9776391],[12.9876579,54.9775583],[12.9876717,54.9774058],[12.9876808,54.9773521],[12.9877746,54.9770152],[12.9877968,54.9769628],[12.9879099,54.9767573],[12.9879789,54.9766571],[12.9881057,54.9765028],[12.9881794,54.9764037],[12.9883171,54.9762627],[12.9885544,54.9760622],[12.9886683,54.9759883],[12.9887856,54.9759043],[12.9889015,54.9758312],[12.9890018,54.9757746],[12.9892614,54.9756452],[12.9894699,54.9755508],[12.989791,54.9754395],[12.9904818,54.9752116],[12.990937,54.9750727],[12.9911758,54.9749874],[12.9917233,54.9748144],[12.992061,54.9747017],[12.992391,54.9745995],[12.9929555,54.9744073],[12.9934373,54.9742588],[12.9939214,54.9740942],[12.9941036,54.9740428],[12.9942809,54.9739859],[12.9952948,54.9736484],[12.9955176,54.9735834],[12.9958646,54.9734622],[12.9960161,54.9733846],[12.9962926,54.9732527],[12.9965946,54.9730966],[12.9967739,54.9730099],[12.9969959,54.9729106],[12.9973719,54.9727212],[12.9976992,54.9725683],[12.997913,54.97245],[12.998219,54.9723105],[12.9984133,54.9722065],[12.9987521,54.9720475],[12.9989523,54.9719472],[12.9991303,54.9718742],[12.9992846,54.9717984],[12.999447,54.9717282],[13.0002079,54.9714138],[13.0003434,54.9713531],[13.0007935,54.9711748],[13.0013853,54.9709101],[13.0017244,54.9707816],[13.0021584,54.9705905],[13.0024875,54.9704537],[13.0026479,54.9703822],[13.0032739,54.970129],[13.0035735,54.9699994],[13.0042951,54.9696996],[13.0053963,54.9691972],[13.0058527,54.9689934],[13.0064849,54.9687002],[13.0067205,54.9685964],[13.0072767,54.9683349],[13.0077349,54.9681324],[13.0081462,54.9679393],[13.0087009,54.9676911],[13.0094403,54.9673457],[13.0098566,54.9671711],[13.0100859,54.9670628],[13.010485,54.9668615],[13.0111143,54.9665957],[13.0113898,54.9664632],[13.011749,54.9663199],[13.0119569,54.9662249],[13.0121869,54.966132],[13.0124614,54.9660131],[13.0127319,54.9659065],[13.0132415,54.9656836],[13.0135126,54.9655774],[13.0138582,54.9654234],[13.0140781,54.9653379],[13.0143497,54.9652169],[13.0145181,54.9651517],[13.0146543,54.9650914],[13.0148639,54.9650133],[13.0150109,54.9649465],[13.0151796,54.9648815],[13.0153306,54.9648177],[13.0158649,54.9645838],[13.0160818,54.9644957],[13.016213,54.964447],[13.0163471,54.9643853],[13.0166115,54.9642737],[13.0168288,54.964186],[13.0171165,54.9640623],[13.0173362,54.9639766],[13.017505,54.9638968],[13.017686,54.9638263],[13.0178992,54.9637353],[13.0180919,54.9636587],[13.0182366,54.9635902],[13.0184939,54.9634884],[13.0187646,54.9633668],[13.0191853,54.9631956],[13.0194686,54.9630686],[13.0197151,54.9629737],[13.0199242,54.9628796],[13.0202474,54.9627537],[13.0205532,54.9626142],[13.020686,54.9625669],[13.020788,54.9625254],[13.0211479,54.9623674],[13.0215941,54.9621858],[13.0218398,54.9620749],[13.0221399,54.9619616],[13.0223314,54.9618693],[13.0225554,54.9617717],[13.0229531,54.9616293],[13.023489,54.961382],[13.0241289,54.9611248],[13.0247244,54.960863],[13.0251149,54.9607141],[13.0253679,54.9605942],[13.0258705,54.9603966],[13.0261165,54.960286],[13.0263477,54.9601941],[13.0266274,54.9600645],[13.0267845,54.9600058],[13.0271899,54.9598378],[13.0273622,54.9597604],[13.0283754,54.9593403],[13.028823,54.9591448],[13.0291574,54.9590124],[13.0293558,54.9589251],[13.0300652,54.9586311],[13.0307282,54.9583462],[13.0310372,54.9582243],[13.0312366,54.9581377],[13.0315046,54.958029],[13.0318401,54.9578821],[13.0321094,54.9577746],[13.0323741,54.9576487],[13.0326114,54.9575622],[13.0329802,54.957396],[13.0332214,54.9572967],[13.0334903,54.9571737],[13.034035,54.956948],[13.0343642,54.9567965],[13.034719,54.9566496],[13.034951,54.9565432],[13.0351822,54.9564513],[13.0355717,54.9562713],[13.0358292,54.9561698],[13.0360371,54.9560748],[13.0363021,54.9559637],[13.0364984,54.9558748],[13.0366926,54.9557996],[13.0371289,54.9555958],[13.0374477,54.9554662],[13.0376153,54.9553855],[13.0380814,54.9552049],[13.0382765,54.9551015],[13.0383991,54.9550459],[13.038988,54.9548094],[13.0392264,54.9547078],[13.0395676,54.9545506],[13.0398822,54.9544177],[13.0401963,54.9542697],[13.0403106,54.9542227],[13.0404708,54.954167],[13.0408228,54.9540032],[13.0409892,54.9539363],[13.0411106,54.9538958],[13.041632,54.953667],[13.0423166,54.9533839],[13.0425253,54.9532757],[13.0429048,54.9530888],[13.043323,54.9529156],[13.043637,54.9527981],[13.0438834,54.9526878],[13.0443876,54.9524758],[13.0447486,54.9523041],[13.0449916,54.9522063],[13.0451232,54.952158],[13.045354,54.9520508],[13.0456946,54.951908],[13.0459025,54.9518131],[13.0461793,54.9516961],[13.0464277,54.9516029],[13.047495,54.9511645],[13.0493806,54.9504117],[13.0495972,54.9503235],[13.0497961,54.9502366],[13.0500539,54.9501353],[13.0502424,54.9500553],[13.0512993,54.9496398],[13.051836,54.949423],[13.0525433,54.9491275],[13.0528046,54.9490292],[13.0530787,54.9489102],[13.0533955,54.9487952],[13.0537477,54.9486462],[13.053981,54.9485561],[13.0543788,54.9483824],[13.0549121,54.9481788],[13.0551964,54.9480526],[13.0554348,54.9479672],[13.0557861,54.9478175],[13.056063,54.9477166],[13.0562116,54.9476511],[13.0565045,54.9475316],[13.0569687,54.9473494],[13.0571964,54.9472547],[13.0577674,54.9470351],[13.0583171,54.9468134],[13.0584861,54.9467488],[13.058978,54.9465424],[13.0595016,54.9463306],[13.0597261,54.9462334],[13.0599602,54.946144],[13.0602131,54.9460387],[13.0604097,54.9459655],[13.0606495,54.9458651],[13.0609617,54.9457459],[13.0620177,54.9453141],[13.0626264,54.9450785],[13.0635026,54.944718],[13.0644143,54.9443555],[13.0648322,54.9441822],[13.0653324,54.9439826],[13.065518,54.9439162],[13.0655998,54.94389],[13.0657011,54.9438666],[13.0658503,54.9438403],[13.0659424,54.9438306],[13.0660202,54.9438274],[13.066145,54.9438283],[13.0665812,54.9438433],[13.0678538,54.943921],[13.0691852,54.9440427],[13.1024,54.9463167],[13.1414733,54.9540467],[13.1630683,54.9590733],[13.1657483,54.961435],[13.1656692,54.9616221],[13.1653301,54.9624296],[13.1648185,54.9636104],[13.1644618,54.9645607],[13.1640945,54.9655953],[13.1636302,54.9668106],[13.1623429,54.9704035],[13.1617144,54.9717348],[13.1616457,54.9720236]]},"properties":{"voltage":"150000","name":"Kriegers Flak CGS"}},{"type":"Feature","geometry":{"type":"LineString","coordinates":[[9.4325029,55.0184833],[9.433093,55.0188652]]},"properties":{"voltage":"150000","name":""}},{"type":"Feature","geometry":{"type":"LineString","coordinates":[[9.4325029,55.0184833],[9.4327995,55.0189722]]},"properties":{"voltage":"150000","name":""}},{"type":"Feature","geometry":{"type":"LineString","coordinates":[[9.2672664,55.0362411],[9.267122,55.0368108]]},"properties":{"voltage":"400000","name":""}},{"type":"Feature","geometry":{"type":"LineString","coordinates":[[9.2693349,55.0354115],[9.2682242,55.0363172],[9.2677393,55.0368678]]},"properties":{"voltage":"400000","name":""}},{"type":"Feature","geometry":{"type":"LineString","coordinates":[[9.2679389,55.0372972],[9.2680525,55.0368972],[9.2681651,55.0365006]]},"properties":{"voltage":"400000","name":""}},{"type":"Feature","geometry":{"type":"LineString","coordinates":[[9.2676294,55.0372692],[9.2677393,55.0368678],[9.2678481,55.0364707]]},"properties":{"voltage":"400000","name":""}},{"type":"Feature","geometry":{"type":"LineString","coordinates":[[9.2673282,55.0372404],[9.2674397,55.03684],[9.2675503,55.0364427]]},"properties":{"voltage":"400000","name":""}},{"type":"Feature","geometry":{"type":"LineString","coordinates":[[9.2670164,55.0372137],[9.267122,55.0368108],[9.2672265,55.0364122]]},"properties":{"voltage":"400000","name":""}},{"type":"Feature","geometry":{"type":"LineString","coordinates":[[12.8933299,55.081993],[12.8933681,55.0819717],[12.894514,55.0813156],[12.8951422,55.080927],[12.8952992,55.0808388],[12.895465,55.0807562],[12.8962773,55.080282],[12.8967217,55.0800416],[12.8972329,55.0797505],[12.8976038,55.0795314],[12.8978971,55.0793695],[12.8983402,55.0791032],[12.8986919,55.0788859],[12.8994552,55.0784471],[12.8995916,55.0783604],[12.9001586,55.0780252],[12.9004439,55.0778461],[12.9006606,55.0777164],[12.9010074,55.0775213],[12.9018977,55.0770031],[12.902518,55.0766603],[12.9035502,55.0760715],[12.9040454,55.0757839],[12.9043655,55.0755866],[12.9046208,55.0754408],[12.9050828,55.0751599],[12.9056349,55.0748415],[12.9062579,55.0744623],[12.9068523,55.07413],[12.9072033,55.0739248],[12.9076025,55.0736838],[12.9082047,55.0733562],[12.908403,55.0732413],[12.9090455,55.0728859],[12.9105884,55.0719678],[12.9117746,55.0712388],[12.9131118,55.0704817],[12.9138091,55.0700943],[12.913959,55.0700152],[12.9141767,55.069886],[12.9144264,55.0697499],[12.9157639,55.0689677],[12.9159015,55.0688816],[12.9160575,55.0687933],[12.9166281,55.0684476],[12.9167517,55.0683662],[12.9169062,55.068277],[12.916979,55.0682299],[12.9171253,55.0681486],[12.9172825,55.068049],[12.9183316,55.067347],[12.9189199,55.0669621],[12.919283,55.0667148],[12.9196176,55.0664774],[12.9197601,55.0663818],[12.9199242,55.0662616],[12.9212401,55.0653474],[12.9213635,55.0652545],[12.9215881,55.0651046],[12.9218221,55.0649362],[12.921879,55.0648721],[12.9219808,55.0647709],[12.9220652,55.0646746],[12.9221368,55.0646049],[12.9223917,55.0643265],[12.9224997,55.0642171],[12.9225972,55.0641043],[12.9228782,55.0638137],[12.9238158,55.0629002],[12.9243886,55.0623537],[12.9255225,55.0612358],[12.9265141,55.0601854],[12.9267046,55.0599892],[12.9267799,55.0599208],[12.9268378,55.059857],[12.9269435,55.0597571],[12.9270349,55.0596527],[12.9271803,55.059514],[12.927561,55.0591114],[12.9276594,55.0590194],[12.9277728,55.0588911],[12.9278565,55.058815],[12.9281086,55.0585667],[12.928185,55.0584986],[12.9282787,55.0583949],[12.9285434,55.0581403],[12.9289945,55.0576882],[12.9292045,55.0574881],[12.9294438,55.0572354],[12.9295476,55.0571351],[12.9302758,55.0565065]]},"properties":{"voltage":"33000","name":""}},{"type":"Feature","geometry":{"type":"LineString","coordinates":[[12.945184,55.048311],[12.9449674,55.0478777],[12.9449155,55.0478044],[12.9448095,55.0476839],[12.9447454,55.0475821],[12.9447037,55.0474765],[12.9446802,55.0473862],[12.9446768,55.0473413],[12.9446796,55.0472779],[12.9447029,55.0471247],[12.9447354,55.0470268],[12.9447733,55.0469483],[12.9448121,55.046889],[12.9448661,55.0468237],[12.9448942,55.0468011],[12.9449444,55.0467441],[12.9450078,55.0466928],[12.9451261,55.0466085],[12.9452785,55.046517],[12.9454359,55.0464427],[12.9455903,55.0463802],[12.9457964,55.0463142],[12.947455,55.0458912],[12.9477223,55.0458165],[12.9484502,55.0456289],[12.9488172,55.0455279],[12.9489678,55.0454811],[12.9490967,55.0454317],[12.9492057,55.0453816],[12.9492972,55.0453331],[12.9495546,55.0451762],[12.9496882,55.0451006],[12.9506615,55.0444797],[12.9508761,55.0443368],[12.9510772,55.0442111],[12.9511022,55.0441879],[12.9513785,55.0440163],[12.9514767,55.0439463],[12.9520995,55.043543],[12.9525481,55.0432433],[12.9526863,55.0431574],[12.9530268,55.0429228],[12.9532092,55.0427879],[12.9533781,55.0426699],[12.9542895,55.0420537],[12.9548666,55.0416517],[12.9557101,55.0411209],[12.9559261,55.0409788],[12.9560594,55.0408787],[12.9565098,55.0405114],[12.9566398,55.0403993],[12.9570369,55.040033],[12.957627,55.0395464],[12.9578049,55.0393878],[12.9579032,55.039307],[12.957953,55.0392724],[12.9581549,55.0391474],[12.9589699,55.038688],[12.9595529,55.0383496],[12.9602405,55.037932],[12.960599,55.0377064],[12.9608055,55.0375835],[12.9609173,55.0375084],[12.9613507,55.0372369],[12.9614313,55.0371818],[12.9618825,55.0369076],[12.9621457,55.0367415],[12.9623933,55.0365794],[12.9625516,55.0364681],[12.9628721,55.036259],[12.9631012,55.0360997],[12.9634186,55.0358892],[12.9635836,55.0357694],[12.96374,55.0356688],[12.9641314,55.0354002],[12.9643492,55.0352588],[12.9652351,55.034654],[12.9653736,55.0345685],[12.9657553,55.0343186],[12.9660419,55.0341405],[12.9661639,55.0340585],[12.9665116,55.0338395],[12.9669026,55.0335823],[12.9682262,55.0327317],[12.9686776,55.0324334],[12.9690695,55.0322008],[12.9693261,55.0320314],[12.9694008,55.0319734],[12.9695811,55.0318491],[12.969959,55.0316214],[12.9704513,55.0313079],[12.9706546,55.0311834],[12.9706803,55.0311604],[12.9707933,55.0310859],[12.9712117,55.0308187],[12.9713761,55.0307225],[12.9714548,55.0306665],[12.9718873,55.0303825],[12.9721489,55.0302157],[12.9724719,55.0300317],[12.9727758,55.0298148],[12.9728974,55.0297211],[12.9731561,55.029541],[12.9732654,55.029453],[12.9734739,55.0293189],[12.9737233,55.0291458],[12.9740932,55.0288788],[12.9742273,55.0287908],[12.9743395,55.0287044],[12.9744826,55.0286091],[12.9746166,55.0285097],[12.9747326,55.0284367],[12.9748593,55.028345],[12.9751634,55.0281639],[12.9755343,55.0279206],[12.9757817,55.0277706],[12.9761232,55.0275483],[12.9762913,55.027454],[12.9766618,55.0272347],[12.9768522,55.0270913],[12.9772447,55.026823],[12.9774112,55.0267157],[12.9776094,55.0266127],[12.9778603,55.0264521],[12.9781691,55.0262375],[12.9785899,55.0259596],[12.9789007,55.0257342],[12.9792061,55.0255295],[12.979474,55.0253667],[12.9797236,55.0252056],[12.9798187,55.0251336],[12.9799305,55.0250584],[12.9804759,55.0247366],[12.9806346,55.0246497],[12.9809491,55.024462],[12.9812889,55.0242509],[12.9816027,55.0240629],[12.9818229,55.0239229],[12.9821915,55.023703],[12.9823267,55.0236281],[12.9824299,55.0235605],[12.9830315,55.0231949],[12.9833569,55.0230134],[12.9834941,55.0229271],[12.9838855,55.0226947],[12.9840219,55.0226081],[12.9842992,55.0224497],[12.9844476,55.0223572],[12.984753,55.022177],[12.9850238,55.0220277],[12.9858118,55.0215533],[12.9860709,55.0214099],[12.9870429,55.0208378],[12.9874549,55.0205917],[12.9876957,55.0204383],[12.9880145,55.0202529],[12.9883776,55.0200299],[12.9887768,55.019777],[12.9893896,55.0194175],[12.9895254,55.0193306],[12.9897993,55.0191703],[12.9900491,55.0190093],[12.9902542,55.0188858],[12.9908516,55.0184935],[12.9915306,55.0180836],[12.9918446,55.0179079],[12.9923895,55.0175727],[12.9927128,55.0173533],[12.9930027,55.0171649],[12.9933308,55.0169358],[12.9935835,55.0167765],[12.9937953,55.0166323],[12.9940373,55.0164795],[12.9942097,55.0163632],[12.994514,55.0161701],[12.9948223,55.015967],[12.9950218,55.0158409],[12.9954675,55.0155761],[12.9956466,55.0154633],[12.9957994,55.0153732],[12.996494,55.0149348],[12.9966565,55.0148376],[12.997291,55.0144407],[12.9974108,55.0143572],[12.9974982,55.014282],[12.9975679,55.0142112],[12.997643,55.0141104],[12.9976908,55.0140144],[12.9977066,55.0139521],[12.9977173,55.0138433],[12.9977151,55.013771],[12.99763,55.0129728],[12.9976088,55.0128206],[12.9974775,55.0116193],[12.9974567,55.0113413],[12.997461,55.0109281],[12.9974555,55.0104608],[12.9974064,55.0098775],[12.997389,55.0097329],[12.997441,55.0089857]]},"properties":{"voltage":"33000","name":""}},{"type":"Feature","geometry":{"type":"LineString","coordinates":[[13.0016383,55.0792708],[13.001597,55.0792878],[13.0000644,55.079923],[12.9997388,55.0800631],[12.9990545,55.0803481],[12.9987673,55.0804729],[12.9984961,55.0805795],[12.9981704,55.0807198],[12.9961568,55.0815597],[12.9946853,55.0821552],[12.9931509,55.0827618],[12.9906544,55.0838163],[12.9901853,55.0840265],[12.9899828,55.0841111],[12.9867276,55.0854247]]},"properties":{"voltage":"33000","name":""}},{"type":"Feature","geometry":{"type":"LineString","coordinates":[[13.0095659,55.0458567],[13.0096147,55.0458484],[13.0108413,55.0456405],[13.011845,55.0455014],[13.012056,55.0454676],[13.0131341,55.045314],[13.0137746,55.0452296],[13.0140663,55.0451964],[13.0144455,55.0451414],[13.0147832,55.0451029],[13.0149653,55.0450763],[13.0153802,55.0450305],[13.0155514,55.0450213],[13.015739,55.045024],[13.0162552,55.0450225],[13.0163804,55.0450262],[13.016709,55.0450191],[13.0169593,55.0450178],[13.0171782,55.0450117],[13.0178006,55.0449778],[13.018,55.0449529],[13.0181197,55.0449299],[13.0182317,55.0448963],[13.0183908,55.0448378],[13.0186856,55.044739],[13.0188257,55.0447013],[13.0189741,55.044676],[13.0194495,55.0446307],[13.0198403,55.0446196],[13.0200271,55.0446084],[13.0206834,55.0445816],[13.0210074,55.0445485],[13.0214812,55.0444855],[13.021632,55.0444603],[13.0221818,55.0443547],[13.0226627,55.0442479],[13.0228285,55.0442217],[13.0230423,55.0441939],[13.0239335,55.0440558],[13.0244215,55.0439903],[13.0246929,55.0439471],[13.0255008,55.0438053],[13.0264313,55.0436481],[13.0275005,55.0434757],[13.0284167,55.0433225],[13.0301409,55.0430609],[13.0303239,55.0430371],[13.0310205,55.0429333],[13.0313871,55.0428863],[13.0320069,55.0427914],[13.0322352,55.0427604],[13.0348052,55.042368],[13.0355272,55.0422493],[13.0357556,55.042218],[13.0363138,55.0421304],[13.0364307,55.0421045],[13.0366282,55.0420501],[13.0373955,55.0418264],[13.037678,55.0417492],[13.0382029,55.0415889],[13.038316,55.0415582],[13.0385654,55.0415055],[13.0387149,55.0414792],[13.0390103,55.04142],[13.0392825,55.0413786],[13.03973,55.0413358],[13.0403289,55.0412687],[13.0407924,55.0412263],[13.0409764,55.0412046],[13.0413024,55.0411799],[13.0417192,55.0411406],[13.0420254,55.041102],[13.0422512,55.0410629],[13.0426882,55.0409645],[13.0443046,55.0406224]]},"properties":{"voltage":"33000","name":""}},{"type":"Feature","geometry":{"type":"LineString","coordinates":[[13.0219176,55.0713328],[13.02196,55.0713167],[13.0234488,55.0707561],[13.0238447,55.0706113],[13.0255541,55.0699612],[13.0259232,55.0698255],[13.026825,55.0694844],[13.0278868,55.0690705],[13.0289412,55.0686663],[13.0299202,55.0682784],[13.0301305,55.0682002],[13.0306238,55.068026],[13.0309891,55.0678871],[13.0314943,55.0677068],[13.0315975,55.067666],[13.0328648,55.0672023],[13.0342196,55.0666683],[13.0346614,55.0664981],[13.0350464,55.0663438],[13.0354654,55.0661863],[13.0360876,55.0659445],[13.0372226,55.0655266],[13.0383025,55.0651085]]},"properties":{"voltage":"33000","name":""}},{"type":"Feature","geometry":{"type":"LineString","coordinates":[[12.8508502,55.0271086],[12.8508104,55.0269998],[12.8507515,55.0268915],[12.8506957,55.0268268],[12.8506034,55.026733],[12.8504996,55.0266024],[12.8504677,55.0265236],[12.8504288,55.0263556],[12.8504063,55.0262942],[12.8503481,55.0261824],[12.8503081,55.0261238],[12.8502717,55.0260839],[12.8501813,55.0260109],[12.8500982,55.0259586],[12.8500385,55.0259307],[12.8498306,55.0258529],[12.8495247,55.0257624],[12.8493607,55.0257311],[12.8491155,55.0257028],[12.8489453,55.0256907],[12.8483339,55.0256335],[12.8476964,55.0255942],[12.8473869,55.0255687],[12.8470609,55.0255484],[12.8468484,55.0255181],[12.8466035,55.0254885],[12.8462255,55.0254311],[12.8459312,55.0254061],[12.8457908,55.0254052],[12.8450725,55.0254246],[12.8447767,55.0254413],[12.8445583,55.0254465],[12.8444802,55.0254442],[12.8442938,55.0254309],[12.8442172,55.0254205],[12.8440126,55.0253759],[12.8438045,55.0253145],[12.8434004,55.02518],[12.8432578,55.0251436],[12.8430928,55.0251161],[12.8429857,55.0251032],[12.8426611,55.0250754],[12.842007,55.0250415],[12.8417163,55.0250102],[12.8415227,55.0249764],[12.8414493,55.0249606],[12.8413508,55.0249333],[12.841045,55.0248427],[12.8407855,55.0247594],[12.8406408,55.0247297],[12.8403722,55.0246832],[12.8402236,55.0246521],[12.8400959,55.0246178],[12.8399475,55.0245668],[12.8397521,55.0244769],[12.8395257,55.0243818],[12.8392857,55.0242999],[12.8392007,55.0242778],[12.8390824,55.0242546],[12.8389485,55.0242308],[12.838661,55.024189],[12.8385295,55.02416],[12.8378797,55.0239629],[12.8377104,55.0239162],[12.8374899,55.0238482],[12.8371787,55.0237637],[12.8365957,55.0235906],[12.8363835,55.0235332],[12.8360379,55.0234492],[12.8358252,55.0233923],[12.8354906,55.0233162],[12.835119,55.023221],[12.8348581,55.0231604],[12.8342988,55.0230449],[12.8340701,55.0229862],[12.8335613,55.0228702],[12.8325478,55.0226574],[12.8320002,55.0225246],[12.8316607,55.0224562],[12.8310732,55.0223224],[12.8307171,55.0222294],[12.8301969,55.0221059],[12.8300689,55.0220723],[12.8298636,55.0220282],[12.8296556,55.0219743],[12.82928,55.0218853],[12.8282778,55.0216557],[12.8280182,55.0215931],[12.8271251,55.0214007],[12.8269248,55.0213497],[12.8257848,55.021101],[12.8249279,55.0209045],[12.824399,55.0207937],[12.8238474,55.020667],[12.8227657,55.020407],[12.8222859,55.0202979],[12.8220714,55.0202433],[12.8207268,55.0199283],[12.8195903,55.0195633]]},"properties":{"voltage":"33000","name":""}},{"type":"Feature","geometry":{"type":"LineString","coordinates":[[13.0542602,55.0270392],[13.0547144,55.0263385],[13.0547293,55.0263054],[13.0547583,55.0262168],[13.0547709,55.0261452],[13.0547749,55.0259747],[13.0547941,55.0257591],[13.0548028,55.0255799],[13.0548153,55.0254917],[13.0548398,55.0253578],[13.0548901,55.0251532],[13.0550093,55.0247463],[13.0550485,55.0246316],[13.0550955,55.024518],[13.0551326,55.0244492],[13.055227,55.0242221],[13.0552604,55.0241619],[13.055278,55.024109],[13.055319,55.0240222],[13.0553363,55.0239507],[13.055376,55.0238361],[13.0554426,55.0236698],[13.0554866,55.0235835],[13.0555476,55.0233979],[13.0556582,55.0231545],[13.05568,55.0230836],[13.0557669,55.0229108],[13.0558331,55.0227167],[13.055972,55.0224125],[13.056051,55.0221832],[13.0561265,55.0219996],[13.0561994,55.0218908],[13.0563785,55.0216721],[13.0564779,55.0215701],[13.056575,55.0214474],[13.056726,55.0212798],[13.0568548,55.0211255],[13.0569496,55.0209808],[13.0569705,55.0209364],[13.0570012,55.020748],[13.0570389,55.0206149],[13.0570699,55.0204722],[13.0571692,55.0201448],[13.0573125,55.0196394],[13.0573403,55.0195146],[13.0573765,55.0194179],[13.0574342,55.0191955],[13.0574727,55.0190079],[13.0574869,55.0188731],[13.0575127,55.0187211],[13.0575549,55.0183085],[13.0575986,55.0181222],[13.0576355,55.017999],[13.0576633,55.0179294],[13.0577987,55.0176715],[13.0579587,55.0174181],[13.0580468,55.0172645],[13.0580927,55.0171692],[13.0582145,55.0169557],[13.0583183,55.0167484],[13.0583902,55.0166201],[13.0585392,55.0163836],[13.0586453,55.0161767],[13.0587653,55.0159913],[13.0589052,55.0157436],[13.0589452,55.0156474],[13.0590888,55.015344],[13.0591519,55.0152328],[13.0592056,55.0151202],[13.0592477,55.0150523],[13.059435,55.0146068],[13.0596712,55.0140852],[13.0597253,55.0139914],[13.0602127,55.0132925]]},"properties":{"voltage":"33000","name":""}},{"type":"Feature","geometry":{"type":"LineString","coordinates":[[12.8506662,55.0272565],[12.8504903,55.0272761],[12.8504056,55.0272908],[12.8501903,55.0273412],[12.8498429,55.0274442],[12.8494877,55.0275386],[12.8491967,55.0276246],[12.8490944,55.0276469],[12.8488952,55.0276994],[12.8487327,55.0277318],[12.8484425,55.0277682],[12.8480932,55.0278178],[12.8477011,55.0278786],[12.8473404,55.0279617],[12.8471551,55.0280097],[12.8468779,55.0280719],[12.8464979,55.0281778],[12.8463192,55.0282342],[12.8457496,55.0284394],[12.844814,55.0287661],[12.8443909,55.0289196],[12.8441316,55.0290201],[12.8437786,55.0291356],[12.8435996,55.0291909],[12.8432902,55.0292763],[12.8430121,55.0293354],[12.8425676,55.0294234],[12.8423658,55.0294727],[12.8420749,55.0295635],[12.8413831,55.0298255],[12.8406185,55.0300707],[12.8404646,55.0301151],[12.840144,55.0301872],[12.8399459,55.0302152],[12.8397449,55.0302665],[12.8389658,55.0304009],[12.8388059,55.0304379],[12.8385402,55.0304915],[12.8381799,55.0305522],[12.8377364,55.0306403],[12.8369594,55.0307779],[12.8366793,55.0308354],[12.8361289,55.0309377],[12.8359481,55.0309669],[12.8355306,55.0310429],[12.835362,55.0310638],[12.8350461,55.0311154],[12.8340442,55.0312912],[12.8335287,55.0313968],[12.8333792,55.0314234],[12.8331149,55.031479],[12.8328772,55.0315242],[12.8327312,55.0315563],[12.8323747,55.031624],[12.8320971,55.0316849],[12.8319171,55.031716],[12.831363,55.0318397],[12.830594,55.0319916],[12.8304045,55.0320344],[12.8299481,55.0321284],[12.8294549,55.0322429],[12.8290728,55.0323228],[12.8288111,55.0323825],[12.8282801,55.03249],[12.8280342,55.0325483],[12.8275329,55.0326504],[12.8272997,55.0327024],[12.826763,55.0328011],[12.8262087,55.0329243],[12.8260503,55.0329633],[12.8253702,55.0330952],[12.825187,55.0331145],[12.8247822,55.0331337],[12.8245949,55.033141],[12.8241883,55.0331479],[12.8232676,55.0331838],[12.8225795,55.0331944],[12.8219082,55.0332176],[12.8216736,55.0332219],[12.821331,55.033241],[12.8211124,55.033249],[12.8206435,55.0332582],[12.8202834,55.033258],[12.8191429,55.0332864],[12.8186904,55.0333078],[12.8182374,55.0333192],[12.8180503,55.0333309],[12.8174256,55.0333507],[12.8166129,55.0333626],[12.8152834,55.0334544]]},"properties":{"voltage":"33000","name":""}},{"type":"Feature","geometry":{"type":"LineString","coordinates":[[12.7616623,55.0327045],[12.7616667,55.0327349],[12.7617825,55.0334505],[12.7618227,55.033539],[12.7618877,55.0337232],[12.7620018,55.0339862],[12.7621209,55.0342284],[12.7621586,55.0343264],[12.7622457,55.0344899],[12.7623911,55.0348576],[12.7624398,55.0349508],[12.7625331,55.0351766],[12.7625822,55.0352699],[12.762664,55.0354519],[12.7627182,55.0356015],[12.762768,55.0357144],[12.762822,55.0358819],[12.762864,55.0359577],[12.7628898,55.0360184],[12.7629656,55.0362234],[12.7631579,55.0366585],[12.763254,55.0369111],[12.7633616,55.0371277],[12.76339,55.0371983],[12.7634163,55.0372863],[12.763463,55.0374002],[12.7635447,55.0375742],[12.7636586,55.037872],[12.7637382,55.0380525],[12.7637962,55.0381637],[12.7638281,55.0382425],[12.7639173,55.0384227],[12.7639718,55.0385801],[12.7640028,55.0386504],[12.764091,55.0388116],[12.7641453,55.0389522],[12.7643122,55.0392974],[12.7644027,55.039552],[12.7645016,55.039732],[12.7645854,55.0399243],[12.7646886,55.0401233],[12.7647496,55.0402892],[12.7648146,55.0404271],[12.7648282,55.0404799],[12.7648977,55.0406456],[12.7649432,55.040787],[12.7650006,55.0409185],[12.7650306,55.0410067],[12.7650983,55.0411556],[12.7651346,55.041267],[12.7652595,55.0415442],[12.7653691,55.0423006]]},"properties":{"voltage":"33000","name":""}},{"type":"Feature","geometry":{"type":"LineString","coordinates":[[12.8508255,55.0273616],[12.8506876,55.0275605],[12.8502671,55.0279388],[12.8501541,55.0280768],[12.8500804,55.0282417],[12.8500972,55.0284021],[12.8501929,55.0285241],[12.8504533,55.0286654],[12.8505856,55.0288074],[12.8506545,55.0289266],[12.850754,55.0291897],[12.8510429,55.0296548],[12.8522334,55.0313476],[12.8526295,55.0319433],[12.8532772,55.0328185],[12.8533219,55.0329142],[12.8543185,55.034353],[12.8547253,55.0353273],[12.8548399,55.0355469],[12.8549404,55.035874],[12.854931,55.0364494],[12.8548764,55.0370692],[12.8548308,55.0373549],[12.8545768,55.0384475],[12.85426,55.039653],[12.8534352,55.0431211],[12.8518559,55.0494354],[12.8517812,55.0496644],[12.8509152,55.0532491],[12.8498939,55.057228],[12.8496701,55.0583277],[12.8491294,55.0604569],[12.8489347,55.0613199],[12.8488317,55.061648],[12.8486749,55.0624652],[12.8484989,55.0632193],[12.8483618,55.0636793],[12.8479197,55.0655214],[12.8475825,55.0666976],[12.8473166,55.0681613],[12.8470958,55.0690722],[12.8469197,55.0696043],[12.8465896,55.0702767],[12.8465224,55.0703493],[12.8463839,55.0704498],[12.8454299,55.0709429],[12.8449168,55.0711345],[12.8431407,55.0716199],[12.8411331,55.0723034],[12.83967,55.072769],[12.8376855,55.0733032],[12.8367154,55.0735794],[12.8364733,55.0736658],[12.8354934,55.0739515],[12.8353363,55.074013],[12.8342339,55.0743175],[12.833292,55.0746028],[12.8331743,55.07465],[12.8322278,55.0749312],[12.8320951,55.074959],[12.8311467,55.0752562],[12.830041,55.0755765],[12.8297718,55.0756693],[12.828156,55.0761414],[12.8278406,55.07622],[12.8267397,55.0765599],[12.8263797,55.0766531],[12.8255777,55.0768997],[12.8253797,55.0769737],[12.8248131,55.077128],[12.8232676,55.0776195],[12.8221873,55.0779419],[12.8219234,55.0780403],[12.8211542,55.0782818],[12.8207099,55.0783922],[12.8193097,55.0787938],[12.8171491,55.0794615],[12.8144249,55.0802723],[12.8142941,55.0803229],[12.809474,55.0817406],[12.8066068,55.0826121],[12.8048483,55.0831218],[12.8029268,55.0837192],[12.8015989,55.0841035],[12.8009835,55.0843006],[12.7997711,55.0846571],[12.7995676,55.0847051],[12.7989255,55.0849118],[12.7956394,55.0859024],[12.7953991,55.0859877],[12.7951265,55.0860571],[12.7945117,55.086255],[12.7942237,55.0863271],[12.7932402,55.0866439],[12.7920535,55.0869853],[12.7913607,55.0872145],[12.7899651,55.0876435],[12.7848472,55.0891642],[12.7843065,55.0893076],[12.7839557,55.0894271],[12.7805738,55.0904286],[12.7801267,55.090539],[12.7798636,55.0906384],[12.7766155,55.0915929],[12.7764183,55.0916675],[12.7758368,55.0918244],[12.7755825,55.091914],[12.7753657,55.091967],[12.7740509,55.0923668],[12.7736623,55.0924637],[12.7733115,55.0925828],[12.7721029,55.092943],[12.7718986,55.0929901],[12.7716621,55.0930795],[12.7715562,55.093099],[12.770631,55.0933825],[12.7703172,55.0934646],[12.7700915,55.0935465],[12.7696486,55.0936613],[12.7688451,55.0939233],[12.7682307,55.0940826],[12.7673825,55.0943537],[12.7670827,55.0944317],[12.7640346,55.0953517],[12.7638177,55.0954044],[12.7635487,55.0954969],[12.7553341,55.0979395],[12.7552042,55.0979908],[12.7541534,55.0982918],[12.7502328,55.0994759],[12.7500007,55.0995314],[12.7494831,55.0997001],[12.7413362,55.102121],[12.7360515,55.1037088],[12.7311261,55.1051675],[12.7308838,55.1052506],[12.7305491,55.1053293],[12.730242,55.1054382],[12.7289946,55.1058145],[12.7211177,55.1081454],[12.7208486,55.1082379],[12.718272,55.1089976],[12.7177279,55.1091762],[12.7166871,55.109469],[12.7155722,55.1098162],[12.7153006,55.1098866],[12.7017618,55.1139369],[12.6994647,55.1146064],[12.6937789,55.1163067],[12.6915477,55.1169574],[12.6889553,55.1176792],[12.6877987,55.1180864],[12.68678,55.1184033],[12.6856124,55.1186732],[12.6847047,55.1189014],[12.6842369,55.1189946],[12.6834756,55.1192112],[12.6827941,55.1194971],[12.6824061,55.1196063],[12.6819343,55.11983],[12.6816047,55.1199394],[12.6806932,55.1201867],[12.6787918,55.1207678],[12.6779347,55.120995],[12.6771618,55.1212213],[12.6761102,55.1215652],[12.6749618,55.1218968],[12.6715247,55.1229366],[12.6698108,55.123433],[12.6674945,55.1241389],[12.6600099,55.1263465],[12.6574993,55.1271133],[12.6565064,55.1274022],[12.6557529,55.1276561],[12.6545223,55.128035],[12.6526594,55.1285407],[12.6511923,55.1289654],[12.6478377,55.1299679],[12.6457291,55.1305673],[12.6404319,55.1321582],[12.6383182,55.1327604],[12.6365701,55.1332788],[12.6338126,55.1341201],[12.6319167,55.1346731],[12.6274733,55.1360321],[12.6250596,55.1367261],[12.6239292,55.1370751],[12.6179876,55.1388184],[12.6121464,55.1405846],[12.6101036,55.1411883],[12.6091706,55.1415935],[12.601314,55.1448094],[12.5994172,55.1456088],[12.5965751,55.1467749],[12.5958655,55.1470453],[12.5903405,55.1493282],[12.5883397,55.150135],[12.5865379,55.1508816],[12.5863334,55.1509806],[12.5857495,55.1512092],[12.5846753,55.1516776],[12.5827351,55.1524749],[12.5814413,55.1529814],[12.5774101,55.1546287],[12.5756779,55.155354],[12.5752169,55.1555263],[12.5731155,55.1563914],[12.5706178,55.1573926],[12.5670462,55.1589178],[12.5650813,55.1596847],[12.5633327,55.1603979],[12.5627026,55.1606714],[12.5589087,55.1622029],[12.5582313,55.1624939],[12.5566246,55.1631389],[12.5553004,55.1636993],[12.5541861,55.1641393],[12.5520491,55.1650423],[12.5514001,55.1652809],[12.5492949,55.1661304],[12.548934,55.1662589],[12.5468975,55.167063],[12.5441967,55.1682115],[12.5417819,55.1691904],[12.5415921,55.1692547],[12.5413002,55.1693916],[12.5401165,55.1698971],[12.5395522,55.1701201],[12.5390853,55.1703321],[12.5389078,55.1703921],[12.5366068,55.1713267],[12.535954,55.1716267],[12.535701,55.1717197],[12.5329432,55.1728887],[12.5322647,55.1731555],[12.5305609,55.1738871],[12.5299712,55.1741105],[12.5292955,55.1743997],[12.5281475,55.1748559],[12.5277646,55.1750276],[12.527257,55.1752234],[12.5272049,55.1752586],[12.5266333,55.1754951],[12.5236424,55.1766891],[12.5230621,55.1769377],[12.5219522,55.1773613],[12.5198926,55.1782296],[12.5181222,55.1789435],[12.5175629,55.1791857],[12.5171582,55.179337],[12.513148,55.1809673],[12.5108973,55.1819108],[12.5058771,55.1839447],[12.50469,55.1844452],[12.4995485,55.1865388],[12.4953711,55.1882767],[12.4946414,55.1885688],[12.4934606,55.1889948],[12.491631,55.1897864],[12.4898847,55.190519],[12.4825663,55.1934804],[12.4790766,55.1949213],[12.4542541,55.2050523],[12.4535638,55.2053494],[12.4532467,55.2054664],[12.4481435,55.207546],[12.4471149,55.2079742],[12.4469105,55.2080732],[12.4446307,55.2089831],[12.443516,55.2094505],[12.441025,55.210454],[12.4260857,55.2165589],[12.4211391,55.2185641],[12.4025624,55.2261647],[12.4020289,55.2263234],[12.3863443,55.2306812],[12.3859143,55.2308124],[12.385777,55.2308359],[12.3854231,55.2309332],[12.3753522,55.2337383],[12.3747126,55.2340544],[12.3745989,55.2340893],[12.3742648,55.2342803],[12.3733572,55.2347108],[12.3722007,55.2353195],[12.3711474,55.2358322],[12.3710664,55.2358884],[12.3709459,55.2359461],[12.3709112,55.2359327],[12.3680732,55.2373687],[12.36693,55.2379298],[12.3585028,55.2421977]]},"properties":{"voltage":"220000","name":""}},{"type":"Feature","geometry":{"type":"LineString","coordinates":[[12.9452423,55.048293],[12.9452684,55.0480314],[12.9452928,55.0479489],[12.945392,55.0477738],[12.9454409,55.0476694],[12.9454569,55.0475978],[12.9454669,55.0474002],[12.9454796,55.0473113],[12.9454967,55.0472494],[12.9455372,55.0471631],[12.9456517,55.0470064],[12.9457148,55.0469445],[12.9458303,55.0468599],[12.9458829,55.0468268],[12.9460089,55.0467602],[12.9461194,55.046711],[12.9463185,55.0466414],[12.9466985,55.0465358],[12.9472278,55.0464013],[12.9484069,55.0460888],[12.9495192,55.0458009],[12.949964,55.0456685],[12.9512561,55.0452654],[12.9519356,55.0450615],[12.9522775,55.0449525],[12.9525145,55.044883],[12.9529686,55.044742],[12.9543105,55.0443163],[12.9546181,55.0442088],[12.9556011,55.0438929],[12.9560472,55.0437438],[12.9567584,55.043517],[12.9577398,55.0431817],[12.9581383,55.043057],[12.9588684,55.0428129],[12.9594022,55.0426431],[12.9595469,55.0425898],[12.9604448,55.0422144],[12.9608934,55.042034],[12.9624513,55.0413858],[12.9629373,55.0411889],[12.96366,55.0408738],[12.9640176,55.0407136],[12.9641823,55.0406448],[12.9644473,55.0405493],[12.9645701,55.0405096],[12.9653751,55.0402698],[12.9659923,55.0400949],[12.9661496,55.0400359],[12.9668017,55.039772],[12.9675531,55.0394799],[12.967882,55.0393425],[12.9682064,55.0392171],[12.9684965,55.0390948],[12.9690899,55.0388609],[12.9695746,55.0386633],[12.9696859,55.0386137],[12.9701435,55.0384253],[12.9706945,55.0382038],[12.9713147,55.0379298],[12.9716933,55.0377706],[12.9723087,55.0374932],[12.9727481,55.0373057],[12.9734674,55.0369883],[12.9750603,55.036307],[12.9755715,55.0360998],[12.9758866,55.0359661],[12.9766301,55.0356086],[12.9768046,55.0355323],[12.9776018,55.0351558],[12.9779654,55.0349714],[12.9791989,55.0343908],[12.9793634,55.0343221],[12.9798096,55.0341249],[12.9808926,55.0336371],[12.9821663,55.0330858],[12.9823753,55.0329912],[12.9828575,55.0327916],[12.9833576,55.0325759],[12.9840564,55.0322877],[12.9843045,55.0321783],[12.9844453,55.0321216],[12.9848249,55.0319792],[12.9852619,55.0318214],[12.9860444,55.031524],[12.986805,55.0312565],[12.9871104,55.0311307],[12.9876449,55.0309268],[12.9880009,55.0307805],[12.9882756,55.0306613],[12.9884495,55.0305848],[12.9885924,55.0305149],[12.9887802,55.030434],[12.9892287,55.0302241],[12.9894651,55.0301062],[12.9897137,55.029997],[12.990823,55.0294709],[12.991022,55.0293836],[12.991227,55.0292863],[12.9914266,55.0291996],[12.9916334,55.0291038],[12.9918505,55.0290154],[12.9920812,55.0289077],[12.9923754,55.0287887],[12.9931295,55.0284531],[12.9933689,55.0283519],[12.9936886,55.0282076],[12.9940292,55.0280641],[12.9943365,55.0279253],[12.9945912,55.0278208],[12.9948751,55.027694],[12.9950909,55.0276048],[12.9952976,55.0275086],[12.995696,55.0273348],[12.9963524,55.0270589],[12.99737,55.0266108],[12.9976515,55.026482],[12.9978027,55.0264182],[12.9984037,55.0261451],[12.9989868,55.0258881],[12.9995054,55.0256714],[12.9999968,55.0254491],[13.0008515,55.0250704],[13.0014611,55.0247892],[13.0019168,55.02457],[13.0021042,55.0244745],[13.002409,55.024334],[13.002737,55.0241955],[13.0037648,55.0237115],[13.0057646,55.0228332],[13.0062512,55.0226073],[13.0064407,55.0225279],[13.006673,55.0224214],[13.0068639,55.0223429],[13.0074239,55.022098],[13.0087051,55.0214938],[13.0089785,55.0213594],[13.0096301,55.0210653],[13.0097886,55.0210079],[13.0100587,55.0209174],[13.0102232,55.0208655],[13.0103565,55.0208183],[13.011657,55.020388],[13.0119583,55.0202926],[13.0122363,55.0202104],[13.012422,55.0201631],[13.0135449,55.0199143],[13.0137485,55.0198681],[13.0138913,55.0198312],[13.014069,55.0197963],[13.0145937,55.0196793],[13.0151675,55.0195359],[13.0155812,55.019453],[13.015751,55.0194071],[13.0159297,55.0193518],[13.0160577,55.0193184],[13.0162209,55.019265],[13.0163914,55.0192176],[13.0164512,55.0192059],[13.016741,55.019165],[13.0169563,55.0191416],[13.0170614,55.0191246],[13.0172086,55.0190942],[13.0173716,55.0190407],[13.0175739,55.0189573],[13.0177269,55.0188807],[13.0179621,55.0187491],[13.0180922,55.0186713],[13.018298,55.018561],[13.018958,55.0181908],[13.0201216,55.0175511],[13.0203318,55.0174181],[13.0209628,55.0169836],[13.0211222,55.0168847],[13.0212252,55.0168296],[13.021321,55.0167835],[13.0214478,55.0167311],[13.0227009,55.0162479]]},"properties":{"voltage":"33000","name":""}},{"type":"Feature","geometry":{"type":"LineString","coordinates":[[12.9380673,55.091828],[12.9381144,55.0918138],[12.9392197,55.0914755],[12.9399162,55.0912778],[12.9404271,55.0911207],[12.9405853,55.0910812],[12.9409176,55.0909805],[12.9411018,55.0909306],[12.9414323,55.0908276],[12.9426455,55.0904718],[12.9435427,55.0902155],[12.9437143,55.0901715],[12.9440627,55.0900688],[12.9444484,55.0899692],[12.9447544,55.0898783],[12.9448704,55.0898507],[12.9450668,55.0897947],[12.945282,55.0897405],[12.9456213,55.0896476],[12.9458292,55.0895848],[12.9462397,55.0894732],[12.9463768,55.0894297],[12.9465746,55.0893753],[12.9466842,55.0893403],[12.9467978,55.08931],[12.9469491,55.0892627],[12.9472155,55.0891866],[12.9475575,55.0890771],[12.9476576,55.0890511],[12.9477526,55.0890197],[12.9480324,55.0889388],[12.948265,55.0888645],[12.9488646,55.0886887],[12.9492103,55.0885831],[12.9497884,55.088423],[12.9501327,55.0883155],[12.9505691,55.0881935],[12.9506928,55.0881546],[12.9512604,55.0880024],[12.952503,55.0876224]]},"properties":{"voltage":"33000","name":""}},{"type":"Feature","geometry":{"type":"LineString","coordinates":[[12.9425095,55.0374879],[12.9434798,55.0369146],[12.9436223,55.0368191],[12.9442879,55.0364018],[12.9446855,55.0361359],[12.9454985,55.0356136],[12.946154,55.035203],[12.9465888,55.0349202],[12.9472713,55.0344635],[12.9477052,55.0341803],[12.9480661,55.0339558],[12.9487788,55.0334784],[12.9500036,55.0326736],[12.9508832,55.0320892],[12.9517818,55.0315232]]},"properties":{"voltage":"33000","name":""}},{"type":"Feature","geometry":{"type":"LineString","coordinates":[[12.9455511,55.0484632],[12.9456181,55.0484169],[12.945676,55.0483852],[12.9457511,55.0483526],[12.9458377,55.0483236],[12.9459317,55.0483011],[12.9460471,55.0482837],[12.946114,55.0482785],[12.946239,55.0482776],[12.946475,55.0482995],[12.9468659,55.0483604],[12.9469541,55.0483782],[12.9472692,55.0484576],[12.9477218,55.0485582],[12.9488363,55.0488438],[12.9490851,55.0489189],[12.9495196,55.0490616],[12.9496071,55.0490995],[12.9497664,55.0491856],[12.9499286,55.049283],[12.9501263,55.0494107],[12.950172,55.0494354],[12.9502819,55.0494861],[12.9503976,55.0495321],[12.9506276,55.0496098],[12.951181,55.0497351],[12.9520358,55.0499581],[12.9529738,55.0501839],[12.9539287,55.0504323],[12.9548887,55.050674],[12.9551006,55.050732],[12.9557291,55.0508936],[12.9563768,55.0510519],[12.9568321,55.0511715],[12.957279,55.0512799],[12.957578,55.0513583],[12.9584127,55.0515626],[12.9585102,55.0515912],[12.9586299,55.0516337],[12.9587827,55.0516965],[12.9590171,55.0518012],[12.9591085,55.0518354],[12.9592181,55.0518691],[12.9602385,55.052143],[12.9604471,55.0522049],[12.9610409,55.0523666],[12.9614696,55.0524764],[12.9621215,55.0526512],[12.9630104,55.0528744],[12.9636906,55.0530574],[12.9640373,55.0531402],[12.9644914,55.0532614],[12.9652224,55.0534453],[12.9665239,55.053675]]},"properties":{"voltage":"33000","name":""}},{"type":"Feature","geometry":{"type":"LineString","coordinates":[[12.9527061,55.0695414],[12.9530646,55.0702607],[12.9531155,55.0703432],[12.9538544,55.0712658],[12.9547534,55.0724128],[12.955852,55.0737044],[12.9564806,55.0744579],[12.9576599,55.0759855],[12.9579834,55.0763946],[12.9585239,55.077033],[12.9597817,55.0785398],[12.9607391,55.07978],[12.9613432,55.0805401],[12.9614364,55.080634],[12.9621166,55.0814428],[12.962193,55.0815158],[12.9629046,55.0821433]]},"properties":{"voltage":"33000","name":""}},{"type":"Feature","geometry":{"type":"LineString","coordinates":[[12.8509496,55.0271055],[12.8509851,55.0270259],[12.8510427,55.0269244],[12.8511261,55.0268272],[12.8512264,55.0267462],[12.8514046,55.0265069],[12.8514978,55.0263354],[12.8515222,55.0262644],[12.8515296,55.0261828],[12.851505,55.0259042],[12.8514987,55.0257514],[12.8514683,55.0256264],[12.8513556,55.025392],[12.8512012,55.025147],[12.8510542,55.0249005],[12.8509797,55.0247633],[12.8507929,55.0244489],[12.8507594,55.0243708],[12.8507357,55.0242373],[12.8507349,55.0240038],[12.8507101,55.0238157],[12.8506884,55.0237268],[12.850488,55.0230631],[12.8504669,55.022947],[12.8503397,55.0223949],[12.8503196,55.0222786],[12.8502784,55.0221459],[12.8502576,55.0220568],[12.8502069,55.0217708],[12.8501658,55.0215926],[12.850131,55.0215141],[12.8500971,55.0214544],[12.8499998,55.0213225],[12.8498856,55.0211359],[12.8496704,55.0208274],[12.8496192,55.0207237],[12.8495984,55.0206438],[12.8495916,55.0205811],[12.8495947,55.0205007],[12.8496126,55.0203846],[12.8496282,55.0202141],[12.8496871,55.0197936],[12.8497329,55.0196716],[12.8499344,55.0193417],[12.8499655,55.0192812],[12.8500048,55.0191572],[12.8500149,55.0190403],[12.8499981,55.0189239],[12.849996,55.0187441],[12.8499795,55.0184567],[12.8499342,55.0180173],[12.8499077,55.0178472],[12.8498375,55.0172106],[12.849799,55.0170768],[12.8496045,55.0166324],[12.8495809,55.0165623],[12.8495664,55.0164824],[12.8495645,55.0164156],[12.8496029,55.0162154],[12.8496112,55.016143],[12.8496083,55.0161067],[12.8495595,55.0158834],[12.8495261,55.0156958],[12.8495274,55.015642],[12.8495518,55.015508],[12.849559,55.0153912],[12.8495624,55.0152832],[12.8495502,55.0151755],[12.8495337,55.0150951],[12.8495065,55.0150066],[12.8493485,55.0145393],[12.8493155,55.0143973],[12.8493182,55.0142989],[12.8493299,55.0142277],[12.8493429,55.0141836],[12.8494256,55.0139822],[12.8494357,55.0139281],[12.8494391,55.0138556],[12.8494096,55.0136945],[12.8493792,55.0134706],[12.8493676,55.0133719],[12.8493573,55.0131832],[12.8493215,55.0129958],[12.8493213,55.0128974],[12.8493319,55.0127899],[12.8493286,55.0127445],[12.8493172,55.0126905],[12.8492791,55.0125846],[12.8492574,55.0124321],[12.8491698,55.0120049],[12.8491478,55.0118622],[12.8491309,55.0116108],[12.8491254,55.0113682],[12.8491054,55.01109],[12.8490746,55.010821],[12.8490696,55.0106233],[12.8490486,55.010417],[12.8490119,55.0101932],[12.848975,55.0099065],[12.8488081,55.0090132],[12.8487794,55.0089151],[12.8486473,55.0086747],[12.8485498,55.0084665],[12.8484848,55.0083558],[12.8484302,55.0082246],[12.8482989,55.0079752],[12.8482571,55.0078792],[12.848086,55.0075337],[12.8480394,55.0074571],[12.8479347,55.00725],[12.8478132,55.0070369],[12.8477634,55.0069155],[12.8476151,55.0062569],[12.8475885,55.0061231],[12.8475556,55.0058992],[12.8475135,55.0057392],[12.8474914,55.0056231],[12.8474647,55.0053454],[12.8474884,55.004851],[12.8474778,55.00477],[12.8474495,55.0046625],[12.8473641,55.0044524],[12.8473158,55.0043569],[12.8471611,55.0041116],[12.8470226,55.0039112],[12.8469447,55.0037846],[12.8469149,55.0037248],[12.8468903,55.0036639],[12.8468637,55.0035571],[12.8468149,55.0034344],[12.8467762,55.0033015],[12.8466588,55.0029851],[12.8465934,55.0027816],[12.8465856,55.0025566],[12.8466025,55.0023866],[12.8466496,55.002136],[12.8466515,55.0019113],[12.8466691,55.001714],[12.846673,55.0015972],[12.8467099,55.0012474],[12.8467258,55.000987],[12.8467098,55.000501],[12.8466532,54.9999809],[12.8466252,54.9994776],[12.8465996,54.9993603],[12.8465491,54.9992287],[12.8464545,54.9989373],[12.8463887,54.9987616],[12.846173,54.9980359],[12.8461583,54.997911],[12.8460567,54.9973932],[12.8460405,54.9972317],[12.8459587,54.9967398],[12.8458136,54.995719],[12.8457559,54.9954787],[12.8456955,54.9951571],[12.8456101,54.9948011],[12.845572,54.9946047],[12.8455545,54.9944793],[12.8455036,54.9942656],[12.8454599,54.9940244],[12.8453576,54.99357],[12.8453026,54.9931399],[12.8452625,54.9929436],[12.8452318,54.9927378],[12.8451566,54.9923448],[12.8451355,54.9921926],[12.8451167,54.9921034],[12.8450328,54.9915124],[12.8449812,54.9912355],[12.8449592,54.9910834],[12.8449278,54.9909316],[12.8448674,54.9905292],[12.8448624,54.9904343],[12.8449004,54.9896868]]},"properties":{"voltage":"33000","name":""}},{"type":"Feature","geometry":{"type":"LineString","coordinates":[[13.0677589,55.0495539],[13.0677951,55.0495333],[13.0685875,55.0489677],[13.0686964,55.0488803],[13.068774,55.0488019],[13.0688395,55.0487105],[13.0689566,55.0485838],[13.0691246,55.0484437],[13.0692316,55.0483787],[13.0693831,55.048301],[13.0698274,55.0481169],[13.0700408,55.0480415],[13.0702842,55.0479442],[13.0703701,55.0479051],[13.0704576,55.0478533],[13.0709464,55.047514],[13.0711023,55.0473902],[13.0712052,55.0472999],[13.071276,55.0472517],[13.0714271,55.0471371],[13.0715243,55.0470556],[13.0716942,55.0469266],[13.0719761,55.0466996],[13.0721381,55.0465898],[13.0722651,55.0465104],[13.0723511,55.0464461],[13.0726926,55.0462358],[13.0728262,55.0461599],[13.0728763,55.0461375],[13.0730246,55.0460573],[13.0731901,55.0459617],[13.0740323,55.0454424],[13.0743028,55.0452801],[13.0748689,55.0449199],[13.0749047,55.0448902],[13.0750939,55.0447704],[13.0752805,55.0446374],[13.0756143,55.0444232],[13.0756702,55.0443795],[13.0759755,55.0441868],[13.0761708,55.0440702],[13.0766104,55.0437898],[13.0767194,55.0437252],[13.076928,55.0435913],[13.0770569,55.0435009],[13.0772937,55.0433454],[13.0774333,55.0432605],[13.0777116,55.043078],[13.0779137,55.0429527],[13.0780343,55.0428701],[13.0780708,55.0428527],[13.078161,55.0427904],[13.0782399,55.0427467],[13.0783118,55.0426993],[13.0787791,55.0424175],[13.0796645,55.0418687]]},"properties":{"voltage":"33000","name":""}},{"type":"Feature","geometry":{"type":"LineString","coordinates":[[12.7621581,55.0229698],[12.7621476,55.0229398],[12.7619167,55.0222335],[12.7618776,55.0220597],[12.7618563,55.0217995],[12.7618245,55.0216027],[12.7618209,55.0214318],[12.7617793,55.0210103],[12.7617627,55.0209118],[12.7617098,55.0203828],[12.7616926,55.0202663],[12.7616966,55.0201222],[12.7616582,55.019512],[12.7616249,55.0191891],[12.7616046,55.018857],[12.7615611,55.0184804],[12.7615197,55.0178251],[12.7614936,55.0175199],[12.7614253,55.0169463],[12.7614179,55.0168116],[12.7613677,55.0163184],[12.7613625,55.0161116],[12.7613333,55.0159326],[12.7613096,55.0156364],[12.7612681,55.015386],[12.7612079,55.0147131],[12.7611801,55.0145251],[12.7611656,55.0143726],[12.7611482,55.014037],[12.7612427,55.01329]]},"properties":{"voltage":"33000","name":""}},{"type":"Feature","geometry":{"type":"LineString","coordinates":[[12.9452715,55.048284],[12.9453028,55.0481969],[12.9453252,55.0481529],[12.9453699,55.0480814],[12.9454184,55.0480199],[12.9454923,55.0479455],[12.9455569,55.0478894],[12.9456582,55.0478209],[12.9457813,55.0477065],[12.9459592,55.047517],[12.9460872,55.0474048],[12.9461562,55.0473566],[12.9462432,55.0473057],[12.9465025,55.0471774],[12.9465918,55.0471402],[12.9467326,55.0470992],[12.9468823,55.0470709],[12.9472384,55.0470373],[12.9476514,55.0469858],[12.9480816,55.046939],[12.948387,55.0468997],[12.948822,55.0468259],[12.9492916,55.0467562],[12.9495158,55.046716],[12.9497131,55.0466875],[12.949878,55.0466593],[12.9508025,55.0465228],[12.9510565,55.0464772],[12.9528191,55.0461937],[12.9533583,55.0460997],[12.953506,55.0460697],[12.9538969,55.0459772],[12.9542765,55.0458932],[12.9545148,55.0458487],[12.9549279,55.045765],[12.9553797,55.0456636],[12.9559833,55.0455384],[12.957065,55.0452333],[12.9572497,55.0451843],[12.9574576,55.0451218],[12.9575865,55.0450896],[12.9579135,55.0450281],[12.9580194,55.0450118],[12.958224,55.0449661],[12.9583291,55.0449467],[12.9584528,55.0449306],[12.9590233,55.0448823],[12.9591583,55.044868],[12.9595174,55.0448091],[12.9597994,55.0447551],[12.9599446,55.0447315],[12.9602025,55.0446817],[12.9610786,55.0444881],[12.9628948,55.0441137]]},"properties":{"voltage":"33000","name":""}},{"type":"Feature","geometry":{"type":"LineString","coordinates":[[12.822876,55.0097437],[12.8228416,55.0097222],[12.821994,55.0091938],[12.8216248,55.0090172],[12.8203329,55.008421],[12.8202075,55.0083672],[12.8190848,55.007851],[12.8188351,55.0077428],[12.8184554,55.0075698],[12.8181795,55.0074518],[12.817985,55.0073614],[12.8172663,55.0070439],[12.8171699,55.006998],[12.8167319,55.0068096],[12.8163887,55.0066536],[12.8158408,55.0064148],[12.8145128,55.0058016],[12.8142742,55.0056855],[12.8141618,55.0056368],[12.8128008,55.0050042],[12.8114043,55.0043827],[12.8105846,55.0040229],[12.8100692,55.0037892],[12.8095711,55.003572],[12.8082892,55.002969],[12.8081281,55.0028978],[12.8067323,55.002247],[12.8058329,55.0018436],[12.805338,55.0016241],[12.804936,55.0014531],[12.804767,55.0013732],[12.8046388,55.0013216],[12.803479,55.0008035],[12.8005532,54.9994405],[12.7999497,54.9991695],[12.7996995,54.9990619],[12.7975206,54.9980972],[12.7967903,54.9977592],[12.7964425,54.9975921],[12.7962821,54.9975204],[12.7957751,54.9972809],[12.7950639,54.9969579],[12.7945553,54.9967195],[12.7914191,54.9953213],[12.7892624,54.994326],[12.7882922,54.9938729],[12.7877604,54.9936369],[12.7876643,54.9935908],[12.7868435,54.9932319],[12.7852138,54.9925053],[12.7821889,54.9910989],[12.7820429,54.9910174],[12.781776,54.9908928],[12.7814472,54.9907268],[12.7810343,54.9905345],[12.7806601,54.9903439],[12.7801981,54.9901155],[12.7798735,54.9899604],[12.7790993,54.9895689],[12.778941,54.9894956],[12.7785641,54.9893068],[12.7777148,54.9888689],[12.7775692,54.9888007],[12.776862,54.9885357],[12.7759499,54.9881728],[12.7741649,54.9874307],[12.7738136,54.9872808],[12.7729363,54.9869207],[12.7724801,54.9867165],[12.7719752,54.9864755],[12.7705648,54.9858357],[12.7701356,54.9856265],[12.769859,54.985509],[12.769344,54.985275],[12.7684284,54.984739]]},"properties":{"voltage":"33000","name":""}},{"type":"Feature","geometry":{"type":"LineString","coordinates":[[13.0929763,55.0341326],[13.0938339,55.0335375],[13.0941192,55.0333466],[13.0943708,55.033163],[13.0946896,55.0329414],[13.0948017,55.0328548],[13.094969,55.0327361],[13.0960183,55.0320102],[13.0961845,55.0318796],[13.0962805,55.0317976],[13.0965608,55.0315814],[13.0969607,55.0312378],[13.0970688,55.0311387],[13.0978899,55.0304711],[13.0981141,55.0302761],[13.0984183,55.0300475],[13.0986076,55.0298824],[13.0988461,55.0296933],[13.0989413,55.0296109],[13.099104,55.0294907],[13.0992343,55.029413],[13.0996104,55.0292233],[13.0997469,55.0291493],[13.0998452,55.0291046],[13.1000609,55.0289872],[13.1004143,55.0288101],[13.100636,55.0287102],[13.1008289,55.0286049],[13.101022,55.0285133],[13.1012167,55.0284091],[13.1014173,55.028309],[13.1017408,55.0281531],[13.1019978,55.0280355],[13.1021396,55.0279506],[13.1022004,55.0279096],[13.1023513,55.0277947],[13.1025142,55.0276856],[13.1026107,55.027627],[13.1027527,55.0275565],[13.1028876,55.0274816],[13.10303,55.0274112],[13.1034225,55.0272052],[13.1037141,55.0270424],[13.1039005,55.0269534],[13.1048721,55.0264539]]},"properties":{"voltage":"33000","name":""}},{"type":"Feature","geometry":{"type":"LineString","coordinates":[[12.8135359,55.0448475],[12.8136201,55.0455952],[12.8136476,55.0456798],[12.8141055,55.0468912],[12.8141545,55.0470505],[12.814228,55.0472344],[12.8142987,55.047437],[12.8144262,55.0477452],[12.8144325,55.0477604],[12.8144635,55.0478485],[12.8145016,55.0479172],[12.8145885,55.0481178],[12.8146459,55.0482945],[12.8148636,55.0488741],[12.8148891,55.0489628],[12.8149408,55.049085],[12.8150486,55.0494025],[12.8151723,55.049718],[12.815237,55.0499215],[12.8153267,55.0501585],[12.8153726,55.0502722],[12.8154607,55.0504542],[12.8155721,55.0507437],[12.8156154,55.0508762],[12.8156766,55.0510064],[12.8157744,55.0512516],[12.8159344,55.0516083],[12.8161014,55.052001],[12.8161356,55.0520888],[12.8161664,55.0521953],[12.8162484,55.0524332],[12.8163209,55.0526173],[12.8164415,55.0528687],[12.8165211,55.0530886],[12.8165619,55.0531846],[12.8165935,55.0533002],[12.8166267,55.0533788],[12.8167088,55.0536168],[12.816939,55.0541856],[12.8170188,55.0543962],[12.8171015,55.0546433],[12.8171827,55.0548629],[12.817314,55.0551867],[12.8173486,55.0553068],[12.8174343,55.0560545]]},"properties":{"voltage":"33000","name":""}},{"type":"Feature","geometry":{"type":"LineString","coordinates":[[12.9455815,55.0484957],[12.9457235,55.0484708],[12.9458595,55.048462],[12.9460596,55.0484686],[12.9461366,55.0484792],[12.9461963,55.0484924],[12.9464941,55.0486243],[12.9470111,55.0488852],[12.9471217,55.0489485],[12.9472669,55.0490544],[12.9473463,55.0491322],[12.9475632,55.0493913],[12.9476525,55.0495346],[12.9476868,55.0496311],[12.9477014,55.0497378],[12.9476959,55.0498273],[12.947674,55.0499336],[12.9476257,55.0500369],[12.947585,55.050104],[12.9475308,55.0501782],[12.9473719,55.0503636],[12.9472608,55.0504824],[12.9469064,55.0508523],[12.9468402,55.0509134],[12.946713,55.0510577],[12.9465847,55.0511915],[12.9464399,55.0513303],[12.9462818,55.0514957],[12.9461469,55.0516478],[12.9460209,55.0517721],[12.9459042,55.0518992],[12.9458382,55.0519808],[12.945714,55.0521057],[12.9456763,55.0521553],[12.9456193,55.0522091],[12.9454009,55.0524477],[12.9447384,55.0531406],[12.9443627,55.0535549],[12.9441805,55.0537333],[12.9440103,55.0539256],[12.9439459,55.0539873],[12.9438672,55.0540752],[12.9438249,55.0541131],[12.9437087,55.0542506],[12.9436605,55.0542969],[12.9435904,55.0543772],[12.9435467,55.0544148],[12.9434675,55.0545026],[12.9433948,55.0545922],[12.9432566,55.0547434],[12.9431903,55.0548248],[12.9431495,55.0548633],[12.9430035,55.0550322],[12.9428625,55.0551825],[12.9428324,55.0552241],[12.9426349,55.0554386],[12.9422439,55.0558887],[12.9421386,55.0559991],[12.9420518,55.0561048],[12.9419526,55.0562068],[12.9419341,55.0562317],[12.9417869,55.05638],[12.9416477,55.0565308],[12.9416049,55.0565686],[12.9415109,55.0566722],[12.9414455,55.0567335],[12.9413914,55.0567985],[12.9412947,55.0568911],[12.9411949,55.057003],[12.9411439,55.0570484],[12.9410408,55.0571594],[12.9409946,55.057196],[12.9408519,55.0573457],[12.9407127,55.0574761],[12.9403027,55.05789],[12.9402568,55.0579472],[12.9400128,55.0582084],[12.939968,55.0582659],[12.9398163,55.0584233],[12.939791,55.0584562],[12.9396547,55.0585978],[12.9396161,55.0586469],[12.9394314,55.058845],[12.9391732,55.0591424],[12.9389987,55.0593333],[12.9385998,55.0598116],[12.938337,55.0601077],[12.9381731,55.0602716],[12.9380442,55.0604155],[12.9377445,55.0607104],[12.9376703,55.0607895],[12.9375562,55.060897],[12.9375223,55.0609376],[12.9374469,55.0610059],[12.9372595,55.0612031],[12.9371897,55.061263],[12.9371631,55.0612957],[12.9371129,55.0613413],[12.9370715,55.0613898],[12.9369694,55.0614908],[12.936916,55.0615559],[12.9366614,55.0618139],[12.9366349,55.0618465],[12.9363684,55.0621109],[12.9361,55.0624054],[12.9360073,55.0624993],[12.9354299,55.0631471],[12.9352148,55.0633765],[12.9351695,55.0634338],[12.9350406,55.0635675],[12.934805,55.0638515],[12.9346557,55.0640095],[12.9345212,55.0641615],[12.9341369,55.064563],[12.934112,55.0645961],[12.9340295,55.0646829],[12.9338881,55.0648228],[12.9337951,55.0649062],[12.93369,55.0650165],[12.9336306,55.0650696],[12.9330572,55.0656985],[12.9327542,55.0660129],[12.9325056,55.0662624],[12.9320319,55.0667691],[12.9317555,55.0670815],[12.9316965,55.067155],[12.9309739,55.0679619],[12.9308928,55.0680591],[12.9305284,55.0684568],[12.9300568,55.0689332],[12.9298801,55.069103],[12.9297025,55.0692827],[12.9290464,55.0699573],[12.9288914,55.0701238],[12.9288571,55.0701541],[12.9286706,55.0703617],[12.92812,55.0710072],[12.9273324,55.0718859],[12.9271583,55.0720873],[12.9266157,55.0726233],[12.925907,55.073353],[12.9258255,55.0734298],[12.9254226,55.0738563],[12.9252863,55.0739875],[12.9251413,55.0741367],[12.9246513,55.074679],[12.9244987,55.074836],[12.9243415,55.0750219],[12.9242858,55.0750762],[12.9242354,55.0751421],[12.9237913,55.0756575],[12.9235444,55.0759281],[12.9233101,55.0761614],[12.9231776,55.0762833],[12.9231432,55.0763238],[12.9224031,55.0769917]]},"properties":{"voltage":"33000","name":""}},{"type":"Feature","geometry":{"type":"LineString","coordinates":[[12.7678417,55.05351],[12.7678925,55.053519],[12.7690898,55.0537292],[12.769214,55.0537591],[12.7695847,55.0538553],[12.7701746,55.0540001],[12.7705704,55.0541083],[12.7711691,55.0542638],[12.7713787,55.0543248],[12.7717331,55.0544198],[12.77212,55.0545173],[12.772332,55.0545752],[12.7733513,55.054829],[12.7738002,55.0549347],[12.774035,55.0549851],[12.774251,55.0550378],[12.774819,55.055189],[12.7750649,55.0552474],[12.7756641,55.0554024],[12.7759114,55.055459],[12.7762921,55.0555645],[12.7765407,55.0556194],[12.776886,55.0557042],[12.7772539,55.0558039],[12.7774302,55.0558417],[12.7779929,55.0559774],[12.7791322,55.0562753],[12.7795942,55.0563864],[12.7799345,55.0564777],[12.7803228,55.0565734],[12.7810141,55.0567642],[12.7816235,55.0569482],[12.781938,55.0570487],[12.7824267,55.0571908],[12.7826449,55.0572614],[12.7833148,55.0574566],[12.7835697,55.0575256],[12.7838404,55.0576162],[12.7840566,55.0576682],[12.7842378,55.0577215],[12.7855038,55.0580549],[12.7859718,55.0581575],[12.7861122,55.0581974],[12.7862417,55.0582292],[12.7863648,55.0582698],[12.7864636,55.0582968],[12.7868084,55.0583774],[12.7880604,55.0585892]]},"properties":{"voltage":"33000","name":""}},{"type":"Feature","geometry":{"type":"LineString","coordinates":[[13.0490566,55.004036],[13.0490933,55.0040158],[13.0500392,55.0035084],[13.0505208,55.0032262],[13.0506442,55.0031449],[13.0509956,55.0029403],[13.0512862,55.0027645],[13.0517162,55.0025161],[13.0522829,55.0021688],[13.0525625,55.002012],[13.0530682,55.0017057],[13.0532932,55.0015808],[13.0536164,55.0013856],[13.054101,55.0011051],[13.0544668,55.0008837],[13.0547842,55.0006977],[13.0549109,55.0006182],[13.0551878,55.0004597],[13.0554801,55.000285],[13.0570894,54.9993681],[13.0579181,54.9988917],[13.0580693,54.9988008],[13.0582067,54.9987273],[13.0584372,54.9985929],[13.0585533,54.9985199],[13.0589737,54.9982788],[13.0598628,54.9977484],[13.0602258,54.997538],[13.0603305,54.9974711],[13.0606787,54.9972647],[13.0612608,54.9969265],[13.0620264,54.9964901],[13.0621975,54.996398],[13.0623605,54.9963011],[13.0631103,54.995881],[13.0632397,54.995803],[13.0636178,54.9955884],[13.0647853,54.9949001],[13.0650994,54.9947123],[13.0653324,54.994567],[13.0658788,54.994246],[13.0660599,54.9941342],[13.0661843,54.994066],[13.0663011,54.9939935],[13.0667288,54.9937442],[13.0692144,54.9923277],[13.0702739,54.9917044],[13.0704229,54.9916123],[13.0707208,54.9914406],[13.0711372,54.9911847],[13.0715552,54.9909423],[13.072063,54.9906376],[13.0726149,54.9903198],[13.0728285,54.9902012],[13.0739398,54.9895572],[13.0741432,54.9894455],[13.0747324,54.9891022],[13.0756609,54.9885777]]},"properties":{"voltage":"33000","name":""}},{"type":"Feature","geometry":{"type":"LineString","coordinates":[[12.8867858,55.0732777],[12.8868116,55.0733044],[12.8874148,55.0739337],[12.8875505,55.0740872],[12.8879525,55.0745743],[12.8882096,55.0749117],[12.8883713,55.0751552],[12.8885092,55.075346],[12.8886187,55.075524],[12.888735,55.0756812],[12.8889611,55.0760066],[12.8891462,55.0762931],[12.8892441,55.0764254],[12.8896295,55.0770044],[12.8896958,55.0770957],[12.8899594,55.0774995],[12.8900987,55.0777286],[12.8903555,55.0781146],[12.8906371,55.0785529],[12.8908513,55.0788617],[12.8910966,55.0792502],[12.8912041,55.0793996],[12.8913401,55.0796104],[12.8916518,55.0800127],[12.8917463,55.0801556],[12.8919465,55.0804386],[12.8922386,55.0808164],[12.8924852,55.0811662],[12.8926388,55.0813573],[12.8933299,55.081993]]},"properties":{"voltage":"33000","name":""}},{"type":"Feature","geometry":{"type":"LineString","coordinates":[[12.9721348,55.0235769],[12.9733919,55.0230896],[12.9739747,55.0228792],[12.9742226,55.0227851],[12.9745391,55.0226532],[12.9751899,55.0224041],[12.9755553,55.0222656],[12.9761753,55.0220389],[12.9768087,55.0217912],[12.9770985,55.0216846],[12.9778051,55.0214029],[12.9780556,55.0213111],[12.9782324,55.0212369],[12.978415,55.0211516],[12.9786343,55.0210653],[12.9788619,55.0209702],[12.9794427,55.020742],[12.9795443,55.0207002],[12.9796403,55.0206535],[12.9799981,55.0205081],[12.9803581,55.0203812],[12.9805008,55.020326],[12.9810571,55.0201255],[12.9821858,55.0197057],[12.9827279,55.0194926],[12.9832673,55.0192934],[12.9835339,55.0191832],[12.9839605,55.0190165],[12.9850894,55.0185647],[12.9861513,55.018152],[12.9867165,55.0179267],[12.9879623,55.01744]]},"properties":{"voltage":"33000","name":""}},{"type":"Feature","geometry":{"type":"LineString","coordinates":[[12.9834064,55.066108],[12.9834438,55.0661278],[12.9843585,55.0666182],[12.9843918,55.0666461],[12.9846741,55.0668261],[12.984914,55.0669921],[12.9854873,55.0674076],[12.9868004,55.0683232],[12.987623,55.0689462],[12.9881168,55.0693062],[12.9886438,55.0697082],[12.989014,55.0699755],[12.9892893,55.0701825],[12.989701,55.0704766],[12.9899838,55.0706688],[12.9906368,55.0711283],[12.9910071,55.0713955],[12.99172,55.0718963],[12.9919164,55.0720478],[12.992006,55.0721102],[12.9923855,55.072396],[12.9926711,55.0725985],[12.9930438,55.072876],[12.9936041,55.0733087],[12.993807,55.0734571],[12.9945198,55.0739466],[12.9952129,55.0744569],[12.9961591,55.0751037],[12.9963653,55.0752506],[12.9964493,55.0753041],[12.9966677,55.075457],[12.9970785,55.0757632],[12.9971965,55.0758583],[12.9973621,55.0759779],[12.9977763,55.0762937],[12.9980385,55.0764841],[12.9986762,55.0769619],[12.999504,55.0775596],[12.999656,55.0776624],[12.9998399,55.0777966],[13.0001389,55.0780043],[13.0007535,55.078447],[13.0009155,55.0785568],[13.0009981,55.0786195],[13.0016383,55.0792708]]},"properties":{"voltage":"33000","name":""}},{"type":"Feature","geometry":{"type":"LineString","coordinates":[[12.9454378,55.048342],[12.9462099,55.0481043],[12.9464899,55.0480246],[12.9466065,55.0479994],[12.9467406,55.0479761],[12.9468625,55.0479616],[12.9470014,55.0479523],[12.9472663,55.0479494],[12.9476728,55.0479554],[12.9480173,55.0479545],[12.9486114,55.0479672],[12.9500658,55.0479901],[12.9502534,55.0479947],[12.9505809,55.0480092],[12.9511748,55.0480263],[12.9517678,55.0480504],[12.9523461,55.0480656],[12.9532986,55.0481015],[12.9546597,55.0480933],[12.9551918,55.0480984],[12.9556296,55.0480951],[12.9558642,55.0480999],[12.9561145,55.0481003],[12.9571284,55.0480616],[12.9607626,55.0478989],[12.9625082,55.0478142],[12.9634311,55.0478043],[12.9641503,55.0477908],[12.9649325,55.0477836],[12.965386,55.0477747],[12.9664812,55.0477691],[12.9672788,55.0477554],[12.9674359,55.0477613],[12.9675455,55.0477607],[12.9678417,55.0477447],[12.9696063,55.0476825],[12.9705409,55.04763],[12.9714775,55.0475248],[12.9723081,55.0474361],[12.9728454,55.0473753],[12.9733042,55.0473182],[12.9738882,55.0472577],[12.9741996,55.0472406],[12.9747616,55.0472168],[12.9768314,55.047093],[12.9775186,55.0470709],[12.9778002,55.0470656],[12.9789397,55.0470216],[12.9795646,55.0470022],[12.9798774,55.0469961],[12.9804237,55.0469751],[12.9809238,55.0469606],[12.9826555,55.046886],[12.9830446,55.0468628],[12.9837305,55.0468317],[12.9839806,55.0468276],[12.9848256,55.0468277],[12.9854826,55.0468156],[12.9856381,55.0468045],[12.9860857,55.0467613],[12.9863928,55.046727],[12.986949,55.0466767],[12.9881348,55.0466259],[12.9883537,55.0466222],[12.9884941,55.0466158],[12.9887133,55.0466135],[12.9895716,55.0465781],[12.9902749,55.0465585],[12.9905711,55.0465439],[12.991102,55.0465255],[12.9917896,55.0465064],[12.9922717,55.0464746],[12.993,55.0464165],[12.9933113,55.0463978],[12.9941963,55.0463348],[12.994929,55.0463017],[12.9953507,55.0462953],[12.9956324,55.0462969],[12.9961016,55.0462918],[12.9969314,55.0462894],[12.997462,55.0462672],[12.9982707,55.0462158],[12.9987389,55.0461965],[12.9989098,55.0461846],[12.9991108,55.0461636],[12.9994072,55.0461501],[12.9998925,55.0461497],[13.000674,55.0461289],[13.0019721,55.0461112],[13.0022373,55.0461007],[13.0024722,55.0460958],[13.0027669,55.0460719],[13.002969,55.0460594],[13.0032818,55.0460532],[13.0035471,55.0460416],[13.0038761,55.0460422],[13.0049225,55.0460063],[13.005329,55.0459988],[13.0055315,55.0459859],[13.0067661,55.0459518],[13.0074838,55.0459224],[13.0079979,55.0458936],[13.0082639,55.0458936],[13.0095659,55.0458567]]},"properties":{"voltage":"33000","name":""}},{"type":"Feature","geometry":{"type":"LineString","coordinates":[[12.970415,55.0916254],[12.9703712,55.0916403],[12.9691423,55.0920499],[12.9677422,55.0925273],[12.9672616,55.0926787],[12.9669494,55.0927819],[12.9668302,55.0928251],[12.9666507,55.0928805],[12.9663291,55.0929921],[12.9660782,55.0930842],[12.9658328,55.0931641],[12.9654134,55.0932858],[12.9651245,55.093376],[12.9649489,55.0934351],[12.9648585,55.0934715],[12.9646188,55.0935383],[12.9644115,55.0936017],[12.9642831,55.0936357],[12.9641192,55.0936884],[12.96391,55.0937498],[12.9633516,55.0939316],[12.9629367,55.0940583],[12.9627626,55.0941192],[12.9625257,55.094189],[12.9622141,55.0942932],[12.9620852,55.0943445],[12.9618197,55.09444],[12.9615174,55.0945351],[12.9612345,55.0946313],[12.9604992,55.0948713],[12.9602992,55.094942],[12.9601616,55.0949851],[12.9597996,55.0951104],[12.9594601,55.0952224],[12.959086,55.0953537],[12.9584757,55.0955375],[12.9582483,55.0956172],[12.9580844,55.0956699],[12.9578865,55.0957408],[12.9567552,55.0961158]]},"properties":{"voltage":"33000","name":""}},{"type":"Feature","geometry":{"type":"LineString","coordinates":[[13.015001,55.0577829],[13.0157689,55.0583874],[13.0158264,55.0584369],[13.0158824,55.05849],[13.0159504,55.0585708],[13.0160377,55.0587147],[13.0161597,55.0589935],[13.0162803,55.0593095],[13.0163513,55.0594752],[13.0164769,55.059735],[13.0168722,55.0606227],[13.0169159,55.060709],[13.0169486,55.0607969],[13.0172938,55.0615249],[13.0173481,55.0616561],[13.0174189,55.0617847],[13.0175896,55.0621677],[13.0176583,55.0622966],[13.0177576,55.0625231],[13.0179609,55.0629381],[13.0180857,55.0632166],[13.0181624,55.0633722],[13.0181997,55.063478],[13.0182514,55.0635817],[13.0183478,55.0638178],[13.0184761,55.0641049],[13.0189387,55.065196],[13.0192751,55.065916],[13.0193713,55.0661058],[13.0199747,55.0673708],[13.0205631,55.0686845],[13.0208164,55.069287],[13.0211706,55.0700788],[13.0212269,55.0701911],[13.0214249,55.0706406],[13.0219176,55.0713328]]},"properties":{"voltage":"33000","name":""}},{"type":"Feature","geometry":{"type":"LineString","coordinates":[[12.7561941,55.0045408],[12.7562171,55.0045133],[12.7567623,55.0038604],[12.7570233,55.0034181],[12.7573001,55.0029884],[12.7575026,55.0026389],[12.7576835,55.0023707],[12.7577952,55.0021934],[12.7580378,55.0017663],[12.7584651,55.0010719],[12.7587345,55.0006598],[12.7587981,55.0005488],[12.7589005,55.0003982],[12.7589569,55.0002953],[12.7590693,55.0001276],[12.759305,54.9997563],[12.7595103,54.999417],[12.7597759,54.9990138],[12.7599427,54.9987427],[12.7601563,54.9984338],[12.7604303,54.997994],[12.7606679,54.9976422],[12.7607288,54.9975402],[12.7608132,54.9973577],[12.7610022,54.9970058],[12.7611002,54.9967976],[12.7611475,54.996712],[12.7613306,54.9963217],[12.7615959,54.995814],[12.7618293,54.9953358],[12.7623128,54.9946401]]},"properties":{"voltage":"33000","name":""}},{"type":"Feature","geometry":{"type":"LineString","coordinates":[[13.0040808,55.0330485],[13.005335,55.032848],[13.0054831,55.032828],[13.0055575,55.0328132],[13.0056504,55.032805],[13.0058641,55.0327775],[13.0059543,55.032762],[13.0061838,55.0327341],[13.0063963,55.0327034],[13.0069939,55.0326334],[13.0072806,55.0325872],[13.0076369,55.0325561],[13.0083868,55.0324658],[13.008557,55.0324499],[13.0091676,55.0323726],[13.0092583,55.0323583],[13.0093672,55.0323502],[13.0097931,55.0322906],[13.0101027,55.0322641],[13.0111296,55.0321438],[13.01193,55.0320612],[13.0120364,55.0320462],[13.0124997,55.032003],[13.0129755,55.0319496],[13.0133874,55.0318962],[13.0135527,55.0318687],[13.0136917,55.0318547],[13.0138425,55.031831],[13.0140419,55.0318075],[13.0142227,55.0317782],[13.0145135,55.0317427],[13.0148916,55.0316855],[13.0151969,55.0316463],[13.0153323,55.0316241],[13.0154403,55.0316132],[13.0157418,55.0315647],[13.0162429,55.0314941],[13.0163178,55.0314809],[13.016638,55.0314391],[13.0167486,55.0314341],[13.0168511,55.031411],[13.0171426,55.0313778],[13.0173857,55.0313435],[13.0174639,55.0313387],[13.0175696,55.0313217],[13.0177073,55.0313052],[13.0183856,55.0312391],[13.0184774,55.0312274],[13.0190959,55.0311733],[13.0191871,55.0311599],[13.0192815,55.031157],[13.0193735,55.0311465],[13.0194981,55.0311389],[13.0196513,55.0311206],[13.0197605,55.0311145],[13.0198833,55.0311002],[13.0205782,55.0310366],[13.0209628,55.0309965],[13.0217449,55.0309067],[13.0220958,55.0308611],[13.0222499,55.0308455],[13.0227223,55.0307827],[13.0228461,55.0307723],[13.0229219,55.0307608],[13.0238748,55.0306578],[13.0241961,55.0306186],[13.0243356,55.0306074],[13.0247802,55.0305555],[13.0253799,55.0304925],[13.0255499,55.030477],[13.0258456,55.0304604],[13.0264808,55.0304088],[13.026724,55.0303734],[13.0272447,55.0302793],[13.0275977,55.0302414],[13.0277074,55.0302379],[13.028109,55.0302014],[13.0284813,55.030174],[13.0289913,55.030129],[13.0292246,55.0301138],[13.0295022,55.0300869],[13.0299054,55.0300563],[13.0301834,55.0300308],[13.0303369,55.0300121],[13.0315781,55.0298271],[13.0318264,55.029809],[13.0329676,55.029699],[13.0335716,55.02965],[13.0338487,55.0296215],[13.0341119,55.0295997],[13.0343886,55.0295697],[13.0350375,55.0295112],[13.0351599,55.029496],[13.0353459,55.0294811],[13.0354837,55.0294648],[13.0359013,55.0294282],[13.0371482,55.0293002],[13.0375157,55.0292563],[13.0377631,55.0292341],[13.0379458,55.029209],[13.0380545,55.0292006],[13.0383151,55.0291706],[13.0389103,55.0290939],[13.0390799,55.0290755],[13.0392619,55.0290488],[13.0400866,55.0289088],[13.0401746,55.0288895],[13.0405633,55.0288209],[13.0407603,55.0287919],[13.0413552,55.0286801],[13.0418387,55.0286059],[13.0421285,55.0285673],[13.0425978,55.0284974],[13.04294,55.0284334],[13.0430763,55.0284146],[13.0432451,55.0284],[13.0437599,55.0283898],[13.0442292,55.0283969],[13.0445742,55.0283918],[13.0448689,55.028364],[13.0451038,55.0283548],[13.0452277,55.0283452],[13.0457968,55.0282889],[13.046264,55.0282609],[13.0463586,55.0282586],[13.0465597,55.0282366],[13.0466668,55.0282216],[13.0471001,55.0281428],[13.0473812,55.0280874],[13.0476667,55.0280398],[13.0479641,55.0279833],[13.0486141,55.0278264],[13.0489254,55.0277418],[13.0491439,55.0276929],[13.049351,55.0276544],[13.0495334,55.0276325],[13.049658,55.0276256],[13.0497334,55.0276117],[13.0498435,55.0276095],[13.0499809,55.0275907],[13.0501975,55.0275727],[13.0505359,55.0275365],[13.0506141,55.027533],[13.0511854,55.0274804],[13.0512913,55.0274627],[13.0515552,55.0274435],[13.0518632,55.0274124],[13.0521741,55.0273911],[13.0522965,55.0273761],[13.0524674,55.0273618],[13.0526471,55.0273293],[13.0527847,55.0273113],[13.0528896,55.0272932],[13.0530257,55.0272767],[13.0542602,55.0270392]]},"properties":{"voltage":"33000","name":""}},{"type":"Feature","geometry":{"type":"LineString","coordinates":[[12.8509658,55.0273575],[12.8509839,55.0273868],[12.8512194,55.0275651],[12.8514531,55.0277879],[12.8515271,55.0278868],[12.851565,55.0279552],[12.8515999,55.0280518],[12.8516106,55.0281323],[12.851605,55.0281861],[12.8515759,55.028265],[12.8515291,55.0283315],[12.8514691,55.028384],[12.85133,55.0284543],[12.8511585,55.0284977],[12.8510783,55.0285255],[12.8510092,55.0285617],[12.8509363,55.02862],[12.8508991,55.0286693],[12.8508885,55.0286955],[12.8508846,55.0287313],[12.8509017,55.0287841],[12.8509379,55.0288336],[12.8509897,55.0288786],[12.8510299,55.028906],[12.8511339,55.0289602],[12.8511977,55.028986],[12.8514001,55.0290538],[12.8515581,55.0291118],[12.8518042,55.0292225],[12.8520083,55.0293336],[12.8523877,55.0295721],[12.8530967,55.0300506],[12.8533968,55.030269],[12.854231,55.0309305],[12.8548074,55.0314002],[12.8550328,55.031605],[12.8551498,55.0317218],[12.8553092,55.0318968],[12.8554294,55.0320428],[12.8560011,55.0328395],[12.8561395,55.0330398],[12.8562114,55.0331135],[12.8562462,55.0331732],[12.8562852,55.0332223],[12.8563269,55.0332998],[12.8563814,55.0333646],[12.8564252,55.0334416],[12.8565887,55.0336555],[12.8566153,55.0337074],[12.856651,55.0337573],[12.8566638,55.033793],[12.8566903,55.0338255],[12.8567304,55.0338936],[12.8567587,55.0339637],[12.856785,55.0339967],[12.856793,55.0340234],[12.8568116,55.0340484],[12.856823,55.0340932],[12.8569258,55.0342352],[12.8569379,55.0342985],[12.856975,55.0343578],[12.8569964,55.0344197],[12.8570457,55.0344957],[12.8570801,55.0345927],[12.8571093,55.0346533],[12.8572468,55.0349016],[12.8572599,55.0349368],[12.8572845,55.0349701],[12.8573148,55.0350585],[12.8573472,55.0351186],[12.8573576,55.0351542],[12.8574153,55.0352568],[12.8574487,55.0352981],[12.8575221,55.0354541],[12.8575552,55.0355421],[12.8575789,55.0355849],[12.857611,55.0356263],[12.8576424,55.0356865],[12.8576611,55.0357395],[12.857707,55.0358254],[12.8577411,55.0359079],[12.8577308,55.0360072],[12.8577545,55.0360784],[12.857747,55.0361326],[12.8577688,55.0362038],[12.8577902,55.036383],[12.8577885,55.036464],[12.8578015,55.0365265],[12.8577956,55.0366437],[12.8578114,55.0367331],[12.8578057,55.0368143],[12.8578316,55.0368943],[12.8578312,55.0370023],[12.8578506,55.0371456],[12.8578643,55.037361],[12.8578937,55.0375219],[12.8578961,55.0376298],[12.8579082,55.0376833],[12.857922,55.0378448],[12.8579398,55.0379521],[12.8579457,55.0380599],[12.8579579,55.0381404],[12.8579629,55.0382842],[12.8579851,55.0383529],[12.8580649,55.0385172],[12.8580865,55.0385883],[12.8581501,55.0387365],[12.8581979,55.0388314],[12.8582373,55.0389554],[12.858301,55.0390851],[12.8583468,55.0391989],[12.8583881,55.0392762],[12.8584961,55.0395477],[12.8585539,55.0396504],[12.8585779,55.039721],[12.8585961,55.0397462],[12.858703,55.0398531],[12.858802,55.0399339],[12.8589574,55.0400466],[12.8590629,55.0401358],[12.8592078,55.0402418],[12.859539,55.0405033],[12.8595993,55.0405446],[12.8597315,55.040656],[12.8599272,55.0408075],[12.8599873,55.0408489],[12.8601,55.0409463],[12.8601754,55.0410036],[12.8602186,55.0410299],[12.8603464,55.041132],[12.8604318,55.0411851],[12.8606737,55.0413127],[12.8609073,55.0414185],[12.8610075,55.0414754],[12.8612087,55.0415752],[12.8612955,55.0416273],[12.8615888,55.0417758],[12.8616866,55.0418207],[12.8618258,55.0418929],[12.8620099,55.0419767],[12.8621479,55.0420498],[12.862411,55.0421771],[12.8625469,55.0422516],[12.862704,55.0423257],[12.8629437,55.0424548],[12.8631661,55.0425679],[12.8632642,55.0426126],[12.8635207,55.0427443],[12.863657,55.0428049],[12.8638041,55.0428856],[12.8640412,55.0430027],[12.8641081,55.0430407],[12.8642411,55.0431034],[12.8645522,55.0432674],[12.8646511,55.0433115],[12.8648816,55.043433],[12.8649907,55.0434841],[12.8653479,55.0436724],[12.8659076,55.0439461],[12.8662398,55.0441235],[12.8666543,55.0443288],[12.8669874,55.0445056],[12.8671205,55.0445683],[12.8676211,55.0448261],[12.8677074,55.0448649],[12.8679129,55.0449755],[12.8680596,55.0450429],[12.8683944,55.0452186],[12.868515,55.0452759],[12.868605,55.0453258],[12.8691539,55.0456065],[12.8696879,55.0458698],[12.8698186,55.0459476],[12.8699904,55.0460258],[12.8703133,55.0461957],[12.8705542,55.0463104],[12.8706678,55.0463722],[12.8707415,55.0464057],[12.8708091,55.0464431],[12.8710469,55.0465598],[12.8711206,55.0466068],[12.8711982,55.0466378],[12.8713779,55.046738],[12.8714888,55.046788],[12.8715389,55.0468233],[12.8716095,55.0468587],[12.8717167,55.0469383],[12.8718038,55.0469765],[12.8718307,55.0470133],[12.8718505,55.0470276],[12.871936,55.0470534],[12.8720011,55.0470653],[12.8720722,55.0471005],[12.8722314,55.0471598],[12.8722782,55.0471972],[12.8723919,55.0472589],[12.8725408,55.0473249],[12.8726892,55.0474048],[12.8729251,55.0475092],[12.8731251,55.0476098],[12.8731743,55.0476456],[12.8732657,55.0476811],[12.8734923,55.0478051],[12.8736247,55.0478683],[12.8737329,55.0479335],[12.8738058,55.0479676],[12.8738853,55.0479973],[12.8740281,55.0480808],[12.8741068,55.048111],[12.8741548,55.048134],[12.8743815,55.048258],[12.8744438,55.0482989],[12.8745339,55.0483488],[12.874595,55.0483905],[12.8747254,55.0484413],[12.8747574,55.0484612],[12.8748441,55.0484863],[12.8749053,55.0485143],[12.8749213,55.048531],[12.8749686,55.0485545],[12.8750096,55.0485822],[12.8752136,55.0486666],[12.8752787,55.0487057],[12.8753506,55.0487403],[12.8754258,55.0487863],[12.8756227,55.048889],[12.8758419,55.0489907],[12.8759178,55.0490362],[12.8760714,55.0491127],[12.8761342,55.0491397],[12.8762211,55.0491918],[12.876335,55.0492398],[12.8763988,55.0492797],[12.8765378,55.0493521],[12.8766639,55.0494058],[12.8767467,55.0494605],[12.8769203,55.0495511],[12.8769747,55.04957],[12.8770107,55.0495873],[12.8772229,55.0497071],[12.8773173,55.0497542],[12.8775022,55.0498375],[12.8776053,55.0498926],[12.8776572,55.0499267],[12.8777453,55.0499644],[12.8778538,55.0500023],[12.8779799,55.0500696],[12.878032,55.0501035],[12.8781327,55.0501466],[12.8782068,55.0501934],[12.8783562,55.050259],[12.8784513,55.0503193],[12.8786312,55.0504059],[12.8786975,55.0504442],[12.8787719,55.0504772],[12.8788381,55.0505155],[12.8788854,55.0505526],[12.8789718,55.0505914],[12.8790192,55.0506284],[12.8791933,55.0506916],[12.8793125,55.0507633],[12.8794483,55.0508242],[12.8795727,55.0508926],[12.8796235,55.0509138],[12.879668,55.0509391],[12.8797449,55.0509706],[12.8798296,55.051024],[12.8799237,55.0510714],[12.880002,55.0511018],[12.8800445,55.0511285],[12.8801065,55.051156],[12.8802439,55.0512295],[12.8803063,55.0512567],[12.8804604,55.0513464],[12.8805832,55.0514023],[12.8807948,55.0515089],[12.8809513,55.0515971],[12.8810376,55.0516359],[12.8812,55.0517203],[12.8812766,55.0517519],[12.8814493,55.0518431],[12.8815123,55.05187],[12.8815972,55.0519233],[12.8817511,55.0519996],[12.8818336,55.0520273],[12.8818735,55.0520557],[12.8819332,55.0520847],[12.8820428,55.0521491],[12.8822698,55.0522593],[12.8827676,55.052519],[12.8829129,55.0525873],[12.8831549,55.0527149],[12.883292,55.052775],[12.8834002,55.0528403],[12.8835244,55.0528952],[12.8836181,55.0529428],[12.8836809,55.0529833],[12.8838839,55.053082],[12.884006,55.0531519],[12.8840935,55.0531899],[12.8842421,55.0532697],[12.88439,55.0533363],[12.8845983,55.0534451],[12.8847337,55.0535063],[12.8848902,55.0535945],[12.8851173,55.0537046],[12.8851943,55.0537495],[12.8855197,55.0539043],[12.8855863,55.0539423],[12.8856475,55.0539704],[12.8857793,55.0540475],[12.8859529,55.0541381],[12.8860397,55.0541767],[12.8861514,55.0542397],[12.8862268,55.0542721],[12.8862823,55.0543038],[12.8864036,55.0543607],[12.8865208,55.0544201],[12.8865755,55.0544524],[12.8866264,55.0544735],[12.8866914,55.0545127],[12.886889,55.0546013],[12.8870387,55.0546803],[12.887206,55.0547615],[12.8873737,55.054856],[12.8874498,55.0548879],[12.8876122,55.0549723],[12.8877016,55.0550091],[12.88777,55.0550596],[12.8878482,55.0550902],[12.8880904,55.0552176],[12.888178,55.0552556],[12.888269,55.0553049],[12.8883554,55.0553438],[12.8884103,55.0553759],[12.8884843,55.0554092],[12.8885947,55.0554731],[12.8887578,55.055557],[12.8888318,55.0555903],[12.8891771,55.0557728],[12.8892668,55.0558095],[12.889334,55.0558472],[12.8894434,55.0558981],[12.8895425,55.0559558],[12.8897973,55.0560886],[12.8899204,55.0561442],[12.890074,55.0562208],[12.8911361,55.0567648],[12.8913979,55.0568931],[12.8916275,55.0570151],[12.8917837,55.05709],[12.8919927,55.0571983],[12.8921617,55.0572784],[12.892343,55.0573776],[12.8927189,55.0575673],[12.8927857,55.0576053],[12.8928604,55.0576381],[12.8929775,55.0576977],[12.8930553,55.0577285],[12.8931172,55.0577697],[12.8932009,55.0578102],[12.8932671,55.0578486],[12.8940355,55.0582309],[12.8942134,55.0583323],[12.8943955,55.0584174],[12.894522,55.0584844],[12.8947249,55.0585831],[12.8948025,55.0586277],[12.89496,55.0587016],[12.8952051,55.0588272],[12.8952708,55.0588659],[12.895346,55.0588984],[12.8954752,55.0589636],[12.8955759,55.0590203],[12.8957131,55.0590803],[12.8960561,55.0592644],[12.8961421,55.0593034],[12.8963123,55.0593963],[12.8965036,55.059489],[12.8967542,55.0596245],[12.8971978,55.0598381],[12.8973695,55.05993],[12.8975723,55.0600288],[12.898446,55.0604783],[12.8986977,55.0605996],[12.8990332,55.060775],[12.899169,55.060836],[12.8993678,55.0609374],[12.8994432,55.0609697],[12.8996608,55.061086],[12.8998308,55.0611655],[12.8999832,55.0612428],[12.9000262,55.0612691],[12.9001141,55.0613069],[12.9001912,55.0613518],[12.9002395,55.0613747],[12.900303,55.0614147],[12.900673,55.0615948],[12.9007736,55.0616514],[12.9008732,55.061694],[12.901049,55.0617527],[12.9014343,55.0618903],[12.9015307,55.0619202],[12.9016218,55.0619552],[12.9020676,55.0621047],[12.9021516,55.0621291],[12.9022299,55.0621589],[12.9023139,55.0621832],[12.9026187,55.0622931],[12.9027172,55.0623195],[12.9027631,55.0623275],[12.9029958,55.0623467],[12.9036043,55.0623729],[12.9036661,55.0623794],[12.9038224,55.0623845],[12.9038998,55.0623919],[12.9040713,55.0623999],[12.9043685,55.0624079],[12.9046954,55.0624269],[12.9048049,55.0624298],[12.9048823,55.0624372],[12.9050237,55.0624362],[12.9050849,55.0624292],[12.9051648,55.0624265],[12.9054223,55.0623881],[12.9056172,55.0623547],[12.9058459,55.0623239],[12.9068258,55.0621678],[12.9071236,55.0621122],[12.9074278,55.0620697],[12.907501,55.0620533],[12.9075629,55.062047],[12.9078114,55.0619901],[12.9079072,55.0619617],[12.9080268,55.061919],[12.9086103,55.0617264],[12.9088993,55.061619],[12.9090506,55.0615546],[12.9093292,55.061396],[12.9095407,55.0612516],[12.9098289,55.0610743],[12.9099158,55.0610105],[12.9100406,55.06093],[12.9101369,55.060859],[12.9101783,55.0608198],[12.9104633,55.0604798],[12.911008,55.0597835],[12.9111201,55.0596549],[12.911451,55.0592185],[12.9115372,55.0591128],[12.9117049,55.0588706],[12.9118519,55.0586919],[12.9120897,55.0583694],[12.9123118,55.0580919],[12.9124384,55.0579179],[12.9125744,55.0577462],[12.9126181,55.0576984],[12.9128389,55.057401],[12.9130315,55.0571553],[12.9130941,55.0570632],[12.9131289,55.057023],[12.9132437,55.0568655],[12.9135765,55.0564395],[12.9136243,55.0563632],[12.9139327,55.0559801],[12.9141883,55.0556326],[12.9146858,55.0550029],[12.9148993,55.0547134],[12.9150338,55.0545512],[12.9150966,55.0544592],[12.9152066,55.0543202],[12.915353,55.0541217],[12.9155447,55.0538856],[12.915947,55.0533496],[12.9162678,55.0529499],[12.9167368,55.052313],[12.9168328,55.0522097],[12.9171164,55.0518399],[12.9172291,55.051682],[12.9173256,55.0515592],[12.9174475,55.0514232],[12.9174811,55.051363],[12.9175203,55.0513141],[12.9175619,55.0512461],[12.9176171,55.0511815],[12.917768,55.0509744],[12.9178956,55.0508104],[12.9180698,55.0505994],[12.9183941,55.0501613],[12.9184699,55.0500726],[12.9186204,55.049928],[12.9189623,55.0496381],[12.9191338,55.0494987],[12.9191718,55.0494592],[12.9193236,55.0493449],[12.9194037,55.0492785],[12.9194853,55.0492271],[12.9196455,55.0491414],[12.919798,55.0490513],[12.9198952,55.0490058],[12.9201057,55.0488852],[12.9202698,55.0488019],[12.9203516,55.048747],[12.9205202,55.0486664],[12.9206222,55.0486107],[12.9207077,55.048572],[12.9207527,55.048547],[12.9208842,55.0484932],[12.921695,55.0483575],[12.9221656,55.0482906],[12.9224811,55.0482381],[12.922679,55.0482118],[12.9229236,55.0481977],[12.9236584,55.0481891],[12.9238302,55.0481843],[12.9240952,55.0481882],[12.9241728,55.0481938],[12.9242982,55.0481965],[12.9246401,55.0482183],[12.9248258,55.0482347],[12.9253703,55.0482667],[12.9259134,55.0483064],[12.9261315,55.0483176],[12.9262553,55.0483286],[12.9263967,55.0483295],[12.9265212,55.0483366],[12.9267374,55.0483582],[12.9270482,55.0483785],[12.9273293,55.0483891],[12.9275928,55.0484098],[12.9276555,55.0484113],[12.9277789,55.0484243],[12.9278728,55.0484269],[12.9279656,55.0484352],[12.9281839,55.0484454],[12.928494,55.0484693],[12.9287282,55.0484785],[12.9288827,55.0484934],[12.9290539,55.048503],[12.9291464,55.0485129],[12.929334,55.0485194],[12.9299086,55.0485587],[12.9301116,55.0485667],[12.930453,55.0485917],[12.9306557,55.0486015],[12.9308281,55.0486049],[12.9311998,55.0486357],[12.9314032,55.0486413],[12.9317909,55.0486706],[12.9319315,55.0486758],[12.9321645,55.0486916],[12.9323656,55.0487098],[12.9324911,55.0487117],[12.932599,55.0487234],[12.9328642,55.0487351],[12.9330654,55.0487524],[12.933408,55.0487709],[12.9335315,55.0487832],[12.9336253,55.0487868],[12.9340912,55.0488185],[12.9342166,55.0488209],[12.9343407,55.0488301],[12.9344346,55.0488329],[12.9345736,55.0488465],[12.9347297,55.048853],[12.934838,55.0488623],[12.9349008,55.048863],[12.9352263,55.0488886],[12.9354135,55.0488974],[12.9358637,55.0489298],[12.9365024,55.0489621],[12.9371401,55.0490005],[12.9373258,55.0490172],[12.9375758,55.0490251],[12.9377153,55.0490359],[12.9383222,55.0490637],[12.9385695,55.049082],[12.9388539,55.049086],[12.9391805,55.0491041],[12.940735,55.0492],[12.9413389,55.0492484],[12.9419602,55.0492886],[12.9421316,55.0492967],[12.9423658,55.0493021],[12.9430693,55.0493101],[12.9434289,55.0493106],[12.9437411,55.0493202],[12.9441161,55.0493143],[12.9443168,55.0492964],[12.9444517,55.0492735],[12.944568,55.0492473],[12.9446946,55.0492118],[12.9447891,55.0491805],[12.944826,55.0491639],[12.9448883,55.0491237],[12.9449888,55.0490441],[12.9452804,55.0487473],[12.9453326,55.048682],[12.9453433,55.0486525]]},"properties":{"voltage":"220000","name":""}},{"type":"Feature","geometry":{"type":"LineString","coordinates":[[13.115441,55.0196163],[13.114982,55.0189167],[13.1149228,55.0188458],[13.1147943,55.0187329],[13.1146533,55.0186252],[13.1144773,55.018499],[13.1143731,55.0184319],[13.1142014,55.0183034],[13.1141149,55.0182278],[13.1140767,55.0181883],[13.1139581,55.0180317],[13.1138538,55.0179209],[13.1137791,55.0178324],[13.1135628,55.0176465],[13.1134503,55.0175602],[13.1133292,55.0174776],[13.1132651,55.0174263],[13.1131997,55.0173644],[13.1131322,55.0172632],[13.1128268,55.0166406],[13.1127747,55.0165554],[13.1127359,55.0165059],[13.112621,55.0163881],[13.1123044,55.0160778],[13.1122115,55.0160052],[13.1119151,55.0158079],[13.1118286,55.0157444],[13.1113216,55.0153453],[13.1110545,55.015146],[13.1108467,55.0149774],[13.1107594,55.0149139],[13.1105669,55.0147611],[13.1102694,55.014519],[13.1095267,55.013941],[13.1093936,55.0138411],[13.1092339,55.0137305],[13.108969,55.0135302],[13.1086455,55.0132993],[13.1083056,55.0130415],[13.107754,55.0126515],[13.1072506,55.0122288],[13.1071426,55.0121299],[13.1069921,55.0120044],[13.1068761,55.0118976],[13.1063964,55.0114876],[13.1058292,55.011014],[13.1056622,55.0108836],[13.1055385,55.0108007],[13.1046188,55.0102714]]},"properties":{"voltage":"33000","name":""}},{"type":"Feature","geometry":{"type":"LineString","coordinates":[[12.8506635,55.0272284],[12.8501477,55.0272185],[12.8499606,55.0272245],[12.8497757,55.0272417],[12.8494383,55.0272804],[12.8488802,55.0273252],[12.8486502,55.0273514],[12.8482955,55.0273858],[12.8481426,55.0274049],[12.8475877,55.0274592],[12.8472045,55.0275043],[12.846819,55.0275415],[12.846417,55.0275742],[12.8453724,55.0276133],[12.8452173,55.027628],[12.845077,55.0276356],[12.8437651,55.0276715],[12.8434999,55.0276826],[12.8423591,55.0277081],[12.8419853,55.0277312],[12.8415684,55.0277704],[12.841385,55.0277936],[12.8408319,55.0278538],[12.8404765,55.0278861],[12.8393094,55.0280145],[12.838247,55.0281239],[12.8379148,55.0281759],[12.8376704,55.028207],[12.8374451,55.0282447],[12.8370646,55.0282965],[12.8363373,55.0284032],[12.8361085,55.0284328],[12.8358976,55.0284665],[12.835714,55.0284866],[12.8355135,55.0285036],[12.8348425,55.02852],[12.8346548,55.0285211],[12.8340796,55.0285558],[12.8337374,55.0285578],[12.833567,55.0285497],[12.8333517,55.0285287],[12.8323973,55.0283875],[12.8322258,55.0283785],[12.8319292,55.0283829],[12.8315257,55.0284118],[12.8313714,55.0284264],[12.8311222,55.0284403],[12.8308585,55.0284601],[12.8306737,55.0284787],[12.8302232,55.0285095],[12.8297138,55.0285573],[12.8291714,55.0285995],[12.8289071,55.0286163],[12.828179,55.0286739],[12.8278211,55.0286951],[12.8268131,55.0287703],[12.8266107,55.0287811],[12.8261918,55.0288119],[12.8254459,55.02886],[12.8248567,55.0289047],[12.8241576,55.0289503],[12.8234911,55.0290017],[12.8232114,55.0290201],[12.8220962,55.0291093],[12.8214608,55.029157],[12.8211656,55.0291758],[12.8203286,55.029241],[12.8192723,55.0293115],[12.8188829,55.0293325],[12.8182927,55.0293724],[12.8174686,55.0294223],[12.8163038,55.0295022],[12.816179,55.029507],[12.816024,55.0295197],[12.8156042,55.029545],[12.8153395,55.0295591],[12.8150734,55.0295661],[12.8146378,55.0295913],[12.8140448,55.0296154],[12.8133443,55.0296572],[12.8131898,55.0296711],[12.8127085,55.0297046],[12.811795,55.02978],[12.8113902,55.0298028],[12.8110656,55.0298323],[12.8106458,55.029858],[12.8103823,55.0298783],[12.8097912,55.0299113],[12.8095572,55.0299211],[12.8093085,55.0299379],[12.8090281,55.029952],[12.8088575,55.0299652],[12.8084525,55.0299852],[12.8078588,55.0299997],[12.8075467,55.0300132],[12.8068905,55.0300248],[12.8060184,55.0300682],[12.8054745,55.0301042],[12.8048829,55.0301358],[12.8046482,55.0301429],[12.8043689,55.0301627],[12.8040567,55.0301752],[12.8036367,55.0302002],[12.8030132,55.0302297],[12.8022049,55.0302804],[12.8017251,55.0303236],[12.8012748,55.0303556],[12.8011033,55.0303639],[12.8009,55.0303687],[12.7997781,55.0304236],[12.7990602,55.030453],[12.7988903,55.0304699],[12.7987033,55.0304791],[12.798347,55.0305077],[12.7979582,55.0305314],[12.7977081,55.03054],[12.7971158,55.0305694],[12.7968682,55.0305897],[12.796712,55.0305964],[12.7965414,55.0306088],[12.7960929,55.0306483],[12.7959055,55.0306563],[12.7956112,55.0306802],[12.795036,55.0307168],[12.7943718,55.030778],[12.7938904,55.0308119],[12.7936752,55.0308355],[12.7934158,55.0308694],[12.7931451,55.0309144],[12.7927943,55.03096],[12.7925989,55.0309925],[12.7924595,55.0310039],[12.7920862,55.031018],[12.7918213,55.031015],[12.7912427,55.0310199],[12.7909928,55.0310338],[12.7903518,55.0310458],[12.7898515,55.0310519],[12.7891321,55.0310537],[12.7882721,55.0310618],[12.7879748,55.0310606],[12.7877562,55.0310645],[12.7874445,55.0310806],[12.7871165,55.0310922],[12.7865249,55.0311245],[12.7859661,55.0311647],[12.7856083,55.0311853],[12.7851715,55.0312031],[12.7848899,55.0312067],[12.7843275,55.031223],[12.7840943,55.0312385],[12.7838054,55.0312785],[12.7833601,55.0313628],[12.782829,55.03147],[12.7827238,55.0314871],[12.7816369,55.0316107],[12.7813899,55.0316337],[12.7804376,55.0316615],[12.7800475,55.0316776],[12.7796938,55.0317108],[12.779082,55.0317858],[12.7788633,55.0317946],[12.7779581,55.0318144],[12.777442,55.0318141],[12.7765517,55.0318212],[12.7762559,55.031838],[12.7760388,55.0318549],[12.7753381,55.0318919],[12.7751973,55.0318964],[12.7743264,55.0319495],[12.7737952,55.0319678],[12.7732825,55.0320021],[12.7724425,55.0320501],[12.7714449,55.0320973],[12.7708233,55.0321393],[12.770246,55.0321626],[12.7696384,55.0321927],[12.7695286,55.0321937],[12.7689219,55.0322298],[12.7679707,55.0322725],[12.7677844,55.0322854],[12.7671299,55.0323176],[12.7668814,55.0323345],[12.7663353,55.0323574],[12.7660251,55.0323816],[12.7651236,55.0324393],[12.7650608,55.0324402],[12.7649061,55.0324534],[12.7645941,55.0324678],[12.7642834,55.0324886],[12.7640358,55.0325096],[12.7636621,55.0325309],[12.7634303,55.0325518],[12.7630876,55.0325703],[12.7616623,55.0327045]]},"properties":{"voltage":"33000","name":""}},{"type":"Feature","geometry":{"type":"LineString","coordinates":[[12.9192196,55.0876155],[12.9192711,55.0876232],[12.9204901,55.0878098],[12.9206385,55.0878384],[12.9209306,55.0879032],[12.92126,55.087987],[12.9213782,55.0880111],[12.9215202,55.0880493],[12.9216236,55.0880703],[12.9221288,55.0881924],[12.9226402,55.0883057],[12.9230142,55.0883982],[12.9233781,55.0884811],[12.9235555,55.0885169],[12.9238003,55.0885769],[12.9239188,55.0886007],[12.9242192,55.0886778],[12.9244976,55.0887382],[12.9247377,55.0888044],[12.925605,55.0890121],[12.9257891,55.0890621],[12.9261534,55.0891446],[12.9264517,55.0892243],[12.9267847,55.089303],[12.9270851,55.0893799],[12.9272608,55.0894183],[12.9275308,55.0894903],[12.9278938,55.0895746],[12.9282166,55.0896439],[12.928357,55.0896845],[12.928517,55.0897211],[12.928702,55.0897702],[12.9291695,55.089874],[12.9292892,55.0898957],[12.9296494,55.0899838],[12.9298858,55.090032],[12.9302777,55.090123],[12.9304401,55.0901562],[12.9307878,55.0902382],[12.9314312,55.0903797],[12.9319244,55.0904952],[12.9323434,55.0905957],[12.9326274,55.0906717],[12.9329731,55.0907564],[12.9332276,55.0908262],[12.9336163,55.0909219],[12.9337785,55.0909556],[12.9341372,55.0910457],[12.9344123,55.0911107],[12.9346033,55.0911516],[12.9355413,55.0913784],[12.9363415,55.0915613],[12.9367971,55.0916549],[12.9380673,55.091828]]},"properties":{"voltage":"33000","name":""}},{"type":"Feature","geometry":{"type":"LineString","coordinates":[[12.9453994,55.0486346],[12.9454631,55.049018],[12.9454247,55.049196],[12.9453732,55.0492994],[12.9452525,55.0494549],[12.9450906,55.0495866],[12.9449165,55.0496618],[12.9447145,55.0497082],[12.944606,55.0497041],[12.944403,55.0496584],[12.9442649,55.0496498],[12.9412493,55.0496797],[12.9362629,55.049685],[12.931753,55.0497098],[12.9294075,55.0497391],[12.9241363,55.0497322],[12.923918,55.0497445],[12.9227199,55.0499514],[12.9224574,55.0500084],[12.9223612,55.0500456],[12.9216703,55.0505094],[12.9215415,55.0505761],[12.9213497,55.050718],[12.9185314,55.054371],[12.9175458,55.0556819],[12.9161763,55.0574256],[12.9144199,55.0597386],[12.9121035,55.0627054],[12.9118407,55.0628949],[12.911078,55.0633209],[12.9108078,55.0634447],[12.9093748,55.0638289],[12.9089254,55.063906],[12.9014266,55.0648213],[12.8862948,55.0667222],[12.877909,55.0677491],[12.8766898,55.0679117],[12.8757663,55.0680105],[12.8662897,55.0692014],[12.8616023,55.069763],[12.8605059,55.0699118],[12.8602417,55.0699335],[12.8574397,55.0702724],[12.853071,55.0708294],[12.8525855,55.0709],[12.8519833,55.071023],[12.8505251,55.0714576],[12.84975,55.0717111],[12.8493781,55.0718073],[12.8478903,55.0722674],[12.844609,55.0732399],[12.8432614,55.0736603],[12.8397879,55.0746738],[12.8353357,55.0760477],[12.830506,55.0774729],[12.8293705,55.0778349],[12.8274155,55.0784225],[12.824056,55.0794647],[12.8223586,55.0799666],[12.8186148,55.0811109],[12.8162574,55.0817996],[12.8148987,55.0822271],[12.8125,55.0829282],[12.8111865,55.0833468],[12.810773,55.0834924],[12.8096444,55.0837795],[12.8094872,55.0838395],[12.8059728,55.0849064],[12.8054935,55.0850395],[12.8029862,55.0858158],[12.8022283,55.0860309],[12.8007508,55.0864838],[12.7999484,55.0867079],[12.7993766,55.0868942],[12.7982479,55.0872261],[12.7979816,55.0873213],[12.7973058,55.0875104],[12.791785,55.0892055],[12.7896314,55.0898278],[12.7877923,55.090388],[12.7872398,55.0905377],[12.7870155,55.0906211],[12.7854061,55.0911038],[12.7844448,55.0913867],[12.7843228,55.0914079],[12.7833797,55.0917106],[12.7832744,55.0917308],[12.7830086,55.0918269],[12.7825512,55.0919453],[12.7822336,55.092062],[12.7820306,55.0921108],[12.7804284,55.0926014],[12.7798365,55.0927661],[12.7793465,55.0929264],[12.7789059,55.0930439],[12.7782525,55.0932575],[12.7777009,55.0934083],[12.777532,55.093475],[12.776106,55.0938877],[12.7728463,55.0948861],[12.7724719,55.0949987],[12.7723086,55.0950328],[12.7713345,55.0953404],[12.7710061,55.095426],[12.770765,55.0955104],[12.76898,55.0960334],[12.7675759,55.0964701],[12.7666652,55.0967311],[12.7664138,55.0968235],[12.7660917,55.0968967],[12.7659247,55.0969654],[12.7654841,55.097083],[12.7638027,55.0976034],[12.7617397,55.0982091],[12.7612231,55.098379],[12.7611171,55.0983985],[12.760921,55.0984741],[12.7596171,55.0988465],[12.7575625,55.0994809],[12.75634,55.0998264],[12.7562103,55.0998779],[12.754924,55.1002503],[12.7546741,55.1003444],[12.7541571,55.1004752],[12.7537806,55.100605],[12.7533698,55.1007165],[12.7523804,55.1010268],[12.7519788,55.101129],[12.7516022,55.1012588],[12.7514545,55.1012906],[12.7506333,55.1015334],[12.7505051,55.1015867],[12.7503306,55.1016279],[12.7493853,55.1019286],[12.7487052,55.102113],[12.7467695,55.1027036],[12.7454338,55.1030801],[12.7445846,55.1033504],[12.7436487,55.1036226],[12.7434932,55.1036847],[12.7433744,55.1037094],[12.741368,55.1043195],[12.7408038,55.104476],[12.7369392,55.1056456],[12.7357615,55.1059823],[12.7355631,55.1060554],[12.73357,55.1066414],[12.7329986,55.1068289],[12.7301334,55.1076797],[12.7295812,55.10783],[12.7289676,55.1080294],[12.7261912,55.1088614],[12.7243721,55.1093863],[12.7238946,55.1095411],[12.723648,55.1096003],[12.7222057,55.1100539],[12.7214608,55.1102643],[12.7204414,55.110581],[12.7202803,55.1106175],[12.718166,55.1112647],[12.7178096,55.1113584],[12.7162525,55.1118414],[12.7160345,55.1118931],[12.7151147,55.1121638],[12.7141726,55.1124488],[12.7140428,55.1125003],[12.712698,55.1128866],[12.7124711,55.1129674],[12.7102668,55.1136129],[12.7098159,55.1137581],[12.7095154,55.1138357],[12.7090415,55.1139946],[12.7067037,55.1146876],[12.7059276,55.1149027],[12.7058113,55.1149496],[12.7046939,55.1152752],[12.7037052,55.1155868],[12.7035433,55.1156224],[12.7024818,55.1159317],[12.6995534,55.1168302],[12.6977916,55.1173603],[12.6976301,55.1173966],[12.6963501,55.1177957],[12.6954526,55.1180523],[12.6942699,55.1184225],[12.694072,55.1184965],[12.6926199,55.1189002],[12.6912925,55.119303],[12.6906473,55.1194663],[12.6895217,55.1198024],[12.6888961,55.1199686],[12.6879897,55.120254],[12.6863039,55.1207514],[12.6855662,55.1209498],[12.6843825,55.1212999],[12.6834958,55.1215276],[12.6831744,55.1216541],[12.6820904,55.1220329],[12.6805691,55.1224574],[12.6793336,55.1228815],[12.6785922,55.1231157],[12.6774905,55.1234384],[12.6753865,55.1241489],[12.6739086,55.1246036],[12.6730786,55.1248754],[12.6727066,55.124991],[12.6720801,55.1251315],[12.671159,55.1254008],[12.6705399,55.1256104],[12.6702188,55.1257545],[12.6697906,55.1259049],[12.6689216,55.1261739],[12.6683309,55.1263405],[12.6670414,55.1266682],[12.6666141,55.1268172],[12.6652052,55.1272499],[12.6649014,55.1273617],[12.6646981,55.127411],[12.6634403,55.1278327],[12.6600285,55.1288806],[12.6582545,55.1294549],[12.6556354,55.1302284],[12.6529414,55.131111],[12.6480521,55.1325163],[12.6465595,55.1329926],[12.6451423,55.1334171],[12.6444602,55.1335991],[12.643611,55.1338513],[12.6417104,55.1343417],[12.6395542,55.1350213],[12.6374021,55.1356278],[12.6360022,55.1360515],[12.6349661,55.1363503],[12.6347015,55.1364088],[12.6339567,55.1366396],[12.6318773,55.1372286],[12.6303481,55.1376851],[12.6252941,55.1391436],[12.6249925,55.1392199],[12.6208379,55.1404437],[12.6190216,55.1409535],[12.615921,55.1418592],[12.6154633,55.1419776],[12.6144764,55.1422726],[12.6124651,55.1428401],[12.6109783,55.1432853],[12.610454,55.1434278],[12.6102816,55.1434912],[12.6085146,55.1439971],[12.6082937,55.1440448],[12.6077552,55.1442118],[12.6012509,55.1468761],[12.600879,55.1470104],[12.5999737,55.147397],[12.599022,55.1477774],[12.5974817,55.1484424],[12.5966117,55.1487792],[12.5953631,55.1493221],[12.5940763,55.1498354],[12.5936181,55.1500394],[12.5917436,55.1507924],[12.5909251,55.1511405],[12.5868449,55.1527823],[12.5842103,55.1538986],[12.583572,55.154144],[12.581195,55.1551123],[12.5805992,55.1553762],[12.5796753,55.1557318],[12.577432,55.1566531],[12.5770654,55.1568226],[12.5766099,55.1569983],[12.5749809,55.1576854],[12.5700287,55.1596796],[12.5696323,55.1598249],[12.568063,55.1604975],[12.5679254,55.160542],[12.5661045,55.1613072],[12.5646906,55.1618414],[12.5637908,55.1622014],[12.5631779,55.1624818],[12.5574159,55.1648473],[12.5553549,55.1656509],[12.5539095,55.1662688],[12.5526696,55.1667737],[12.5524682,55.1668745],[12.550961,55.1675051],[12.5499804,55.167954],[12.5492537,55.1682527],[12.5480737,55.1686966],[12.5473058,55.1689598],[12.5460177,55.1695187],[12.5427883,55.1708244],[12.5419432,55.1711512],[12.5403812,55.1717999],[12.5385809,55.1725205],[12.5382908,55.1726434],[12.5379803,55.1728087],[12.5373956,55.1730214],[12.5370436,55.1731714],[12.5363366,55.1734388],[12.5352616,55.1738753],[12.5343193,55.1742791],[12.5337172,55.1745074],[12.5335252,55.1746006],[12.5330784,55.1747681],[12.5326788,55.1749422],[12.5323859,55.1750468],[12.5320057,55.1752054],[12.5318252,55.1753185],[12.5312262,55.1756236],[12.5308706,55.1757565],[12.5304295,55.1758925],[12.5300036,55.1760918],[12.529291,55.1763546],[12.528759,55.1765983],[12.5282861,55.1767683],[12.5280015,55.1769099],[12.5272319,55.177236],[12.5260559,55.1777003],[12.5257405,55.1778018],[12.524978,55.1781025],[12.5247642,55.1781634],[12.5243932,55.178344],[12.5226102,55.1790782],[12.5224313,55.1791357],[12.5218014,55.1794036],[12.5215202,55.1795024],[12.5191653,55.1804744],[12.518577,55.1806827],[12.5180793,55.1809021],[12.5173357,55.1811869],[12.5165095,55.1815295],[12.5163465,55.181615],[12.5156379,55.1818818],[12.5148313,55.1822245],[12.5138941,55.1825865],[12.5135881,55.1827272],[12.5125918,55.183134],[12.5123799,55.183242],[12.512117,55.1833254],[12.5119899,55.1833933],[12.5114324,55.1836113],[12.5108629,55.1838656],[12.5101167,55.184148],[12.5093986,55.1844539],[12.508347,55.1848628],[12.5070789,55.1853923],[12.506817,55.1854758],[12.506567,55.1856002],[12.5057223,55.1859279],[12.5055042,55.1860312],[12.5046675,55.1863653],[12.5037376,55.1867638],[12.5034835,55.1868539],[12.498606,55.1888492],[12.4955608,55.1900719],[12.4924741,55.1913696],[12.4855402,55.1941751],[12.4835928,55.1949795],[12.481722,55.1957217],[12.4810202,55.1960248],[12.4808042,55.196099],[12.4795036,55.1966489],[12.4787181,55.1969624],[12.4783136,55.1971484],[12.4752753,55.1983772],[12.4748267,55.1985743],[12.4744957,55.1986955],[12.4740344,55.1988978],[12.472314,55.199575],[12.4718374,55.1997806],[12.471726,55.1998459],[12.4711158,55.200068],[12.4685542,55.2011225],[12.4681304,55.2012776],[12.4663157,55.202034],[12.465564,55.2023283],[12.4653889,55.2024199],[12.4650382,55.2025407],[12.4648516,55.2026541],[12.4645419,55.202746],[12.4637207,55.2030773],[12.4613561,55.2040425],[12.461264,55.2040924],[12.4604706,55.2043996],[12.455352,55.2064974],[12.4546,55.2067914],[12.4538817,55.2070971],[12.4519098,55.2078979],[12.4517838,55.207936],[12.4492077,55.2089948],[12.4489394,55.209089],[12.4461637,55.2102352],[12.4458683,55.2103387],[12.4456522,55.2104438],[12.4451412,55.2106528],[12.4449868,55.2106991],[12.4441533,55.2110517],[12.4381036,55.2135018],[12.4349386,55.2148002],[12.434748,55.214864],[12.4341963,55.2151022],[12.4304569,55.2166053],[12.4240411,55.2192268],[12.4133882,55.2235409],[12.4120179,55.2241132],[12.4078175,55.2258198],[12.4063211,55.2264132],[12.3767328,55.2348851],[12.3764585,55.2349874],[12.3757845,55.2353109],[12.3732447,55.2365432],[12.3726331,55.2368669],[12.3723341,55.2369711],[12.3713422,55.2374691],[12.3681914,55.238998],[12.3674306,55.239374],[12.3673355,55.2394349],[12.3655254,55.2402982],[12.3646814,55.2407154],[12.3646869,55.240732],[12.3617942,55.2421434],[12.3585028,55.2421977]]},"properties":{"voltage":"220000","name":""}},{"type":"Feature","geometry":{"type":"LineString","coordinates":[[12.9451541,55.0483202],[12.9448923,55.0480448],[12.9448341,55.0479899],[12.9447027,55.0478875],[12.9445387,55.0477477],[12.944421,55.0475803],[12.9443902,55.0475099],[12.9443585,55.0474119],[12.9443554,55.0473749],[12.9443973,55.046683],[12.9443912,55.0465211],[12.9443824,55.0464583],[12.9443176,55.0461733],[12.9442506,55.0457979],[12.9442024,55.0456022],[12.9441552,55.0453521],[12.9440394,55.0448173],[12.9439746,55.0444328],[12.9439335,55.0442454],[12.9438794,55.0440683],[12.9438382,55.0439628],[12.9438171,55.0438738],[12.9438043,55.043766],[12.9437235,55.0434187],[12.943655,55.0431793],[12.9435566,55.0428882],[12.9435222,55.0427549],[12.9434846,55.0426492],[12.943403,55.0423109],[12.9432881,55.0419122],[12.9432333,55.0417626],[12.9431749,55.0415588],[12.9431561,55.0414515],[12.9430666,55.0410959],[12.9430558,55.0410242],[12.9430214,55.0409271],[12.9429876,55.0408029],[12.9429764,55.0407312],[12.9428768,55.0402948],[12.9428508,55.0401246],[12.9427535,55.0397243],[12.9427372,55.0396168],[12.9426654,55.0393413],[12.9426054,55.0390198],[12.9425767,55.0388228],[12.9425598,55.0387606],[12.9424858,55.0382774],[12.9424828,55.0382356],[12.9425095,55.0374879]]},"properties":{"voltage":"33000","name":""}},{"type":"Feature","geometry":{"type":"LineString","coordinates":[[12.9302758,55.0565065],[12.9315243,55.0558282],[12.9320594,55.0555257],[12.9322102,55.0554343],[12.9322815,55.0553991],[12.9323671,55.0553464],[12.9325071,55.0552746],[12.9325796,55.0552271],[12.9326515,55.0551923],[12.932787,55.0551177],[12.9328616,55.0550714],[12.9330982,55.0549406],[12.9332258,55.0548614],[12.9334839,55.0547173],[12.9335428,55.0546878],[12.9336569,55.0546399],[12.9340526,55.0545118],[12.9341319,55.0544829],[12.934243,55.0544497],[12.9346742,55.0543036],[12.9348422,55.054255],[12.9349474,55.0542158],[12.9353008,55.0541001],[12.935582,55.0540023],[12.9358272,55.0539057],[12.9359482,55.0538642],[12.9362416,55.0537444],[12.9366348,55.0535972],[12.9368257,55.0535187],[12.9371919,55.0533806],[12.9374856,55.0532611],[12.9377858,55.0531471],[12.9379851,55.0530758],[12.9380468,55.0530481],[12.938349,55.0529358],[12.9385013,55.0528726],[12.9386194,55.0528286],[12.9387287,55.052793],[12.9388396,55.0527431],[12.9391,55.0526604],[12.9396329,55.0524719],[12.9398503,55.0524006],[12.9399276,55.0523699],[12.9401956,55.052277],[12.9403121,55.0522313],[12.9404097,55.0522026],[12.9410118,55.0519931],[12.9415553,55.0518147],[12.941754,55.0517429],[12.9419702,55.0516705],[12.9421395,55.0516055],[12.9423067,55.051556],[12.9424372,55.0515063],[12.9426564,55.0514363],[12.9428777,55.0513515],[12.9429869,55.0513162],[12.9431653,55.0512427],[12.9433289,55.0511897],[12.9435001,55.0511266],[12.9437422,55.0510439],[12.9438195,55.0510133],[12.9439283,55.0509776],[12.9441743,55.0508815],[12.9445583,55.0507426],[12.9447075,55.0506933],[12.9448383,55.0506439],[12.9450297,55.0505826],[12.9455485,55.0503981],[12.9457304,55.0503279],[12.9460641,55.0502107],[12.9462133,55.0501455],[12.9463486,55.050071],[12.9464848,55.049973],[12.9465827,55.0498713],[12.9466913,55.0497329],[12.9467346,55.0496286],[12.9467618,55.0494688],[12.9467525,55.0493439],[12.9467235,55.0492469],[12.9466442,55.0491014],[12.9465807,55.0490293],[12.9464832,55.0489373],[12.9463205,55.0488281],[12.9461818,55.0487557],[12.9459749,55.0486749],[12.9458015,55.0486276],[12.945583,55.0485855]]},"properties":{"voltage":"33000","name":""}},{"type":"Feature","geometry":{"type":"LineString","coordinates":[[12.997441,55.0089857],[12.9974529,55.0089573],[12.997754,55.0082597],[12.9978015,55.0079934],[12.997916,55.0074493],[12.9981875,55.0060113],[12.9982686,55.0054564],[12.9983581,55.0049289],[12.9984319,55.0043825],[12.9988858,55.0015111],[12.9990229,55.0008421],[12.9991234,55.0003875],[12.9994227,54.9996525]]},"properties":{"voltage":"33000","name":""}},{"type":"Feature","geometry":{"type":"LineString","coordinates":[[12.9455675,55.0484806],[12.9458498,55.0483939],[12.9459328,55.0483747],[12.9460077,55.0483623],[12.946082,55.0483547],[12.9461926,55.048351],[12.9463076,55.0483567],[12.9464062,55.0483696],[12.9465139,55.0483929],[12.9468186,55.0485134],[12.9470929,55.0485994],[12.9475999,55.0487407],[12.9477187,55.0487849],[12.9478159,55.0488317],[12.9479167,55.0488892],[12.9480212,55.0489579],[12.948097,55.0490167],[12.9481626,55.0490895],[12.9481976,55.0491496],[12.9483539,55.0494702],[12.9484073,55.0495641],[12.9486361,55.0500124],[12.9487281,55.0502028],[12.9487709,55.0503439],[12.9487817,55.0504694],[12.9487705,55.0505319],[12.9487195,55.0506816],[12.9485221,55.0510977],[12.9483965,55.0513294],[12.9481805,55.0517983],[12.948098,55.051953],[12.9480383,55.0520833],[12.9478572,55.0524367],[12.9478378,55.0524803],[12.9478213,55.0525517],[12.9478123,55.0526504],[12.9478182,55.0527222],[12.9478806,55.0530074],[12.9479813,55.0535794],[12.9480188,55.0537488],[12.9480403,55.0538919],[12.9481013,55.0541683],[12.9481389,55.0543828],[12.9481684,55.0544984],[12.9481998,55.0546952],[12.9482783,55.0550697],[12.9483063,55.0552307],[12.9483974,55.0556044],[12.9484278,55.0557743],[12.9484851,55.0560055],[12.9485027,55.0561039],[12.9485467,55.0562636],[12.9485716,55.0563977],[12.9486009,55.0564769],[12.9486435,55.0567003],[12.9487641,55.0571804],[12.9488003,55.0573675],[12.9488245,55.0575376],[12.9488516,55.0576444],[12.9488852,55.0578862],[12.9489135,55.0580291],[12.9489246,55.0581367],[12.9489416,55.058208],[12.9489578,55.0583514],[12.949015,55.0586551],[12.9491079,55.0592366],[12.9491328,55.0593435],[12.9491493,55.0594776],[12.9492731,55.0600392],[12.9493792,55.0604755],[12.9494857,55.0608114],[12.9496298,55.0612254],[12.949715,55.0614538],[12.9497574,55.0615864],[12.9498003,55.0616914],[12.9501243,55.062616],[12.9505165,55.0641355],[12.9506752,55.0647122],[12.9507884,55.065066],[12.9510195,55.0657174],[12.9512146,55.066327],[12.9512577,55.0664868],[12.9513297,55.0666985],[12.9513809,55.0668119],[12.9514769,55.0669545],[12.95166,55.0672698],[12.9517742,55.0674468],[12.9522334,55.0682301],[12.9525278,55.0687986],[12.9527061,55.0695414]]},"properties":{"voltage":"33000","name":""}},{"type":"Feature","geometry":{"type":"LineString","coordinates":[[13.0443046,55.0406224],[13.0454876,55.0409507],[13.0456091,55.0409916],[13.0458254,55.0410805],[13.0462185,55.0412279],[13.0463591,55.041285],[13.0472546,55.0416146],[13.0475779,55.0417409],[13.0477508,55.0418025],[13.0479692,55.0418898],[13.0484694,55.0420743],[13.0488334,55.0422142],[13.049434,55.0424577],[13.0495966,55.042528],[13.0500585,55.0426972],[13.0502388,55.0427685],[13.0505672,55.0428906],[13.0512487,55.0431617],[13.0514717,55.043245],[13.0518573,55.0433986],[13.0524802,55.0436551],[13.0531098,55.0439063],[13.053422,55.044026],[13.0538705,55.0441903],[13.0545762,55.0444568],[13.0551642,55.0446627],[13.0554649,55.0447756],[13.0563166,55.0450768],[13.0564758,55.0451476],[13.0568552,55.0453353],[13.0572243,55.0455428],[13.0573018,55.0455745],[13.0575142,55.0456512],[13.0580165,55.0458503],[13.058195,55.0459225],[13.0584311,55.0460261],[13.0588465,55.0462168],[13.0592397,55.046409],[13.0598761,55.0467002],[13.0600532,55.0467886],[13.060705,55.0470972],[13.0608481,55.0471523],[13.0610374,55.0472153],[13.0613598,55.0473071],[13.0617569,55.0474135],[13.0622002,55.0475265],[13.0622839,55.0475512],[13.0626612,55.0476964],[13.0629772,55.0478287],[13.0632091,55.0479201],[13.0640675,55.0482161],[13.0643044,55.0483195],[13.0652634,55.0487671],[13.0659496,55.0490941],[13.066013,55.0491203],[13.0663067,55.0492228],[13.0665032,55.0492782],[13.0677589,55.0495539]]},"properties":{"voltage":"33000","name":""}},{"type":"Feature","geometry":{"type":"LineString","coordinates":[[12.8506608,55.0271996],[12.850504,55.0271756],[12.8503345,55.0271381],[12.8502502,55.0271144],[12.849924,55.0270079],[12.8497837,55.0269681],[12.8495545,55.0269107],[12.8494656,55.0268933],[12.8492987,55.0268693],[12.8491118,55.0268582],[12.8489866,55.026856],[12.8488617,55.0268603],[12.8487539,55.0268714],[12.8485099,55.0269047],[12.8481999,55.0269289],[12.848047,55.0269486],[12.8477524,55.0269726],[12.847549,55.0269802],[12.8470176,55.0269658],[12.8465482,55.026966],[12.8457984,55.0269463],[12.8449696,55.0269364],[12.8444099,55.0269014],[12.8442711,55.0268873],[12.8434015,55.0268289],[12.8431228,55.0268053],[12.8429043,55.026796],[12.8427948,55.0267981],[12.8423739,55.0268171],[12.8416712,55.0268387],[12.8415155,55.0268476],[12.8407038,55.0268751],[12.8402361,55.0268961],[12.8399234,55.0269034],[12.83955,55.0269268],[12.8393945,55.0269324],[12.8391326,55.0269585],[12.8386994,55.026995],[12.8384809,55.0270042],[12.8382625,55.0269976],[12.838124,55.0269835],[12.8379139,55.0269489],[12.8375318,55.0268707],[12.8373796,55.0268511],[12.8372711,55.0268441],[12.8369745,55.0268347],[12.8367098,55.0268192],[12.8364909,55.0268155],[12.8361009,55.0267978],[12.835991,55.0267992],[12.8358051,55.0268154],[12.8356395,55.0268409],[12.8354337,55.0268846],[12.8352802,55.0269048],[12.835014,55.0269169],[12.8348415,55.0269132],[12.834748,55.0269065],[12.8344092,55.0268715],[12.8330445,55.0267149],[12.8318013,55.0265335],[12.8316034,55.0265071],[12.8314951,55.0264976],[12.8313079,55.0264917],[12.831136,55.0264962],[12.8304424,55.0265642],[12.829874,55.026627],[12.8297023,55.0266338],[12.8295301,55.0266324],[12.8287717,55.0265684],[12.828,55.0264964],[12.8275509,55.0264601],[12.8269794,55.0264085],[12.8264675,55.0263707],[12.8258802,55.0263189],[12.825028,55.0262523],[12.8239452,55.0261605],[12.8235266,55.02613],[12.8228403,55.0261004],[12.8224984,55.0260782],[12.8217199,55.0260374],[12.8213784,55.0260131],[12.8205849,55.025967],[12.8198827,55.0259416],[12.8195865,55.0259275],[12.8190089,55.0259084],[12.8177146,55.0258533],[12.8174177,55.0258457],[12.8166854,55.0258097],[12.8163263,55.0257978],[12.81589,55.0257769],[12.8151409,55.025749],[12.8136613,55.0256738],[12.8126811,55.0256175],[12.810234,55.0255052],[12.8092508,55.0254697],[12.8089696,55.0254628],[12.8078469,55.025414],[12.8076904,55.0254121],[12.8072533,55.0253963],[12.8070977,55.025387],[12.8065359,55.0253652],[12.8057581,55.0253193],[12.8051505,55.0252889],[12.8041256,55.0252182],[12.8033168,55.0251708],[12.8020078,55.025109],[12.8013837,55.0250846],[12.8007589,55.0250651],[12.8005261,55.0250478],[12.8000744,55.025025],[12.7990134,55.0249817],[12.7982527,55.0249283],[12.7976606,55.0249],[12.7970556,55.0248533],[12.7967481,55.0248205],[12.7963924,55.0247899],[12.7960691,55.0247563],[12.7954014,55.0247094],[12.7950639,55.0246704],[12.7948929,55.0246578],[12.7944716,55.0246429],[12.7935495,55.024622],[12.7933623,55.0246149],[12.7930513,55.0245936],[12.7927395,55.0245794],[12.7907721,55.0245135],[12.7896696,55.024439],[12.7892667,55.0244071],[12.7884597,55.0243503],[12.7878225,55.02431],[12.7858555,55.0242496],[12.785621,55.0242452],[12.7820607,55.0241418],[12.7799673,55.0239875],[12.7775248,55.0238468],[12.7762795,55.0237788],[12.7726147,55.0235307],[12.7717595,55.0234804],[12.771309,55.02345],[12.770329,55.0233932],[12.7695037,55.0233501],[12.7672958,55.023215],[12.7669073,55.0231905],[12.7656352,55.023098],[12.7649046,55.0230526],[12.76467,55.0230458],[12.764188,55.0230174],[12.7638129,55.023007],[12.7634615,55.0229851],[12.7621581,55.0229698]]},"properties":{"voltage":"33000","name":""}},{"type":"Feature","geometry":{"type":"LineString","coordinates":[[13.0383025,55.0651085],[13.038342,55.0650901],[13.0393274,55.064636],[13.0416889,55.0635121],[13.0418663,55.0634237],[13.044032,55.062418],[13.045084,55.0619361],[13.0459845,55.0615181],[13.0461865,55.0614187],[13.0463102,55.0613635],[13.0464619,55.0612856],[13.0468987,55.0610814],[13.0476984,55.0606921],[13.0483158,55.0604016],[13.048478,55.0603311],[13.0488796,55.0601448],[13.0491178,55.0600281],[13.04938,55.0599142],[13.049636,55.0597959],[13.0498608,55.0596841],[13.0501403,55.0595539],[13.0504984,55.0593795],[13.0510939,55.0591022],[13.0512822,55.0590073],[13.0514043,55.058951],[13.051958,55.0587155],[13.0530778,55.0582271]]},"properties":{"voltage":"33000","name":""}},{"type":"Feature","geometry":{"type":"LineString","coordinates":[[12.8195903,55.0195633],[12.8196052,55.0195354],[12.8199738,55.0188488],[12.8200598,55.0186041],[12.8206421,55.016775],[12.820804,55.0161984],[12.8209556,55.0156302],[12.8210541,55.0152935],[12.8211254,55.015009],[12.8212239,55.0146906],[12.8212581,55.0145208],[12.8224951,55.0104687],[12.822876,55.0097437]]},"properties":{"voltage":"33000","name":""}},{"type":"Feature","geometry":{"type":"LineString","coordinates":[[12.9454222,55.0483253],[12.9455045,55.0482891],[12.9456418,55.0482165],[12.9458516,55.0480782],[12.9461099,55.047963],[12.9462027,55.0479303],[12.9463276,55.0478944],[12.9464713,55.0478607],[12.9473384,55.0476787],[12.9474745,55.0476575],[12.9476277,55.0476389],[12.9478299,55.0476272],[12.948408,55.0476094],[12.9494556,55.0475887],[12.9495805,55.047583],[12.9497187,55.0475675],[12.9502504,55.0474924],[12.9503731,55.0474779],[12.951252,55.0473482],[12.9514511,55.047324],[12.951981,55.0472452],[12.9521185,55.0472306],[12.953815,55.047133],[12.9551992,55.0470463],[12.9559314,55.0470076],[12.9560709,55.0469961],[12.9566471,55.0469659],[12.9571627,55.0469432],[12.9576418,55.0469005],[12.9580612,55.0468705],[12.9587275,55.0468172],[12.9590361,55.0467878],[12.9593002,55.0467691],[12.9598868,55.0467131],[12.9600273,55.046706],[12.9600923,55.0467132],[12.960171,55.0467121],[12.9608344,55.0466471],[12.9614686,55.0465974],[12.9619665,55.0465676],[12.9622917,55.0465383],[12.9631789,55.0464873],[12.9641147,55.0464437],[12.9644562,55.0464182],[12.9648921,55.0463942],[12.9655295,55.0463522],[12.9658266,55.0463443],[12.9661692,55.0463255],[12.9663724,55.0463194],[12.9669025,55.046294],[12.9675116,55.0462729],[12.9695691,55.0461688],[12.9703791,55.0461253],[12.9711721,55.0460754],[12.9715603,55.0460475],[12.9717317,55.0460393],[12.9728407,55.0460213],[12.9732008,55.0460241],[12.9735153,55.0460169],[12.9738571,55.0459936],[12.9742125,55.0459599],[12.9744762,55.0459397],[12.975269,55.0458867],[12.9754542,55.0458686],[12.9757334,55.0458472],[12.9760878,55.0458116],[12.9768297,55.0457444],[12.9771981,55.0457024],[12.9775526,55.0456672],[12.977982,55.0456166],[12.9782448,55.045593],[12.9788748,55.0455232],[12.9793543,55.0454813],[12.9795846,55.0454558],[12.9802643,55.0453923],[12.9808961,55.0453286],[12.9811559,55.0452954],[12.9813107,55.0452824],[12.9814628,55.0452607],[12.9818012,55.0452247],[12.9822455,55.0451715],[12.98383,55.0450027],[12.9840436,55.0449751],[12.9842289,55.0449573],[12.9843352,55.0449418],[12.984597,55.0449148],[12.9849172,55.0448724],[12.9862232,55.0447283],[12.9865413,55.0446775],[12.9872607,55.0445539],[12.987469,55.0445148],[12.9883419,55.0443724],[12.9886886,55.0443201],[12.9888856,55.0443],[12.9890085,55.0442963],[12.9904465,55.0443072],[12.9906022,55.0442988],[12.9907869,55.0442795],[12.9909843,55.0442482],[12.9914174,55.0441446],[12.9916697,55.0440998],[12.9917457,55.0440907],[12.9924109,55.044033],[12.9933185,55.0439362],[12.9934686,55.0439126],[12.9938037,55.0438387],[12.9942309,55.0437506],[12.9944328,55.0437018],[12.9946103,55.0436664],[12.9948125,55.0436181],[12.9951927,55.0435369],[12.9957509,55.0434504],[12.9959486,55.0434229],[12.9967471,55.0432944],[12.9970964,55.0432448],[12.9979069,55.0431446],[12.9982905,55.0431008],[12.9987936,55.0430342],[12.999117,55.0430006],[12.9994684,55.0429586],[12.9996695,55.0429441],[12.9999022,55.0429327],[13.0004174,55.0429311],[13.0006031,55.0429372],[13.000725,55.0429477],[13.00089,55.0429688],[13.0010079,55.0429897],[13.001182,55.0430288],[13.0013624,55.0430631],[13.0015017,55.0430815],[13.001628,55.0430913],[13.0019908,55.0430888],[13.0023185,55.0430745],[13.0027399,55.0430656],[13.0030967,55.0430671],[13.0031936,55.0430634],[13.0034282,55.0430634],[13.0038475,55.0430395],[13.0040493,55.0430224],[13.0041701,55.0430025],[13.0043462,55.0429638],[13.0044595,55.042933],[13.0046776,55.0428624],[13.0048309,55.0428173],[13.0049593,55.0427841],[13.0051935,55.0427331],[13.0055524,55.0426447],[13.0058312,55.0425853],[13.0072097,55.0423182],[13.0075159,55.0422497],[13.0080332,55.0421219],[13.0085548,55.0420005],[13.0089762,55.0419332],[13.0093578,55.0418827],[13.0094505,55.0418747],[13.0099795,55.0418418],[13.0106652,55.0418074],[13.0109618,55.0417959],[13.0111632,55.0417826],[13.0113451,55.0417599],[13.0115081,55.0417303],[13.011785,55.0416687],[13.0119181,55.0416435],[13.01207,55.0416242],[13.0122083,55.0416126],[13.012332,55.0416077],[13.012456,55.0416076],[13.0127991,55.0416176],[13.0131242,55.041636],[13.0132922,55.0416572],[13.0135244,55.0416778],[13.0136651,55.0416818],[13.0138532,55.0416788],[13.0141002,55.0416539],[13.0147245,55.0415695],[13.0153049,55.0414965],[13.0154914,55.0414885],[13.0157878,55.0414947],[13.0159448,55.0414927],[13.0161477,55.0414813],[13.016315,55.0414572],[13.0164616,55.0414261],[13.0168403,55.0413192],[13.0169858,55.0412865],[13.0172698,55.0412368],[13.0175007,55.0412118],[13.01771,55.0411759],[13.0179235,55.0411493],[13.0180894,55.041119],[13.018213,55.0411049],[13.0183851,55.0410968],[13.0186044,55.0410924],[13.0188067,55.041081],[13.0190891,55.041074],[13.0194138,55.0410375],[13.019549,55.0410133],[13.0196951,55.0409802],[13.0202534,55.0408376],[13.0206933,55.0407462],[13.0211123,55.0406758],[13.021492,55.0406251],[13.0216617,55.0406101],[13.0217828,55.0405906],[13.0223571,55.0405496],[13.0229789,55.040509],[13.0231337,55.0405018],[13.0240253,55.0404919],[13.0241971,55.0404863],[13.0244005,55.0404842],[13.0244944,55.0404868],[13.0249166,55.0404791],[13.0251199,55.0404797],[13.0253388,55.0404694],[13.0255232,55.0404483],[13.025702,55.0404151],[13.0258722,55.0403692],[13.0262175,55.0402463],[13.0264114,55.0401885],[13.0266225,55.0401567],[13.0270515,55.0401076],[13.0273914,55.0400768],[13.0276396,55.0400604],[13.0278113,55.0400613],[13.028312,55.0400546],[13.0284682,55.0400562],[13.0288902,55.0400714],[13.0291093,55.0400687],[13.0293598,55.0400718],[13.0294849,55.0400674],[13.0298881,55.0400357],[13.0307674,55.0399513],[13.0309072,55.0399412],[13.0315233,55.0398788],[13.031818,55.0398552],[13.0320171,55.0398314],[13.0321725,55.0398203],[13.0325586,55.0397847],[13.0327882,55.0397564],[13.0334193,55.039691],[13.033775,55.0396597],[13.0342821,55.0396041],[13.0345307,55.039586],[13.0347302,55.0395638],[13.0349781,55.0395432],[13.0351467,55.0395231],[13.0354096,55.0395003],[13.0357471,55.0394613],[13.0365038,55.0393913],[13.0367673,55.0393703],[13.0370287,55.0393419],[13.0372927,55.0393228],[13.037677,55.0392809],[13.0379398,55.0392574],[13.0381546,55.0392329],[13.0386026,55.0391929],[13.0389565,55.0391549],[13.0390655,55.0391479],[13.0392347,55.0391302],[13.0401321,55.0390536],[13.0413366,55.038942],[13.0419409,55.0388937],[13.0421896,55.038877],[13.0426523,55.0388315],[13.0429933,55.0388041],[13.0434378,55.0387515],[13.0438377,55.0387088],[13.0440692,55.0386867],[13.0442401,55.0386747],[13.0446858,55.0386262],[13.0451951,55.0385777],[13.045825,55.0385082],[13.0459804,55.0384977],[13.0461482,55.0384748],[13.046535,55.0384416],[13.0469203,55.0384032],[13.0472924,55.0383737],[13.0477379,55.0383311],[13.0482816,55.0382858],[13.048636,55.0382504],[13.0497046,55.0381627],[13.050012,55.0381298],[13.0501515,55.0381186],[13.0525252,55.0378835],[13.052632,55.0378694],[13.0532956,55.0378066],[13.0537564,55.0377551],[13.0552862,55.0376168],[13.0557513,55.0375809],[13.0572944,55.0374338],[13.0576509,55.0374055],[13.0578811,55.0373798],[13.0580791,55.0373527],[13.0586945,55.037288],[13.059431,55.0372043],[13.0596782,55.0371816],[13.0603532,55.0371045],[13.0606467,55.0370772],[13.0613826,55.0369918],[13.0616139,55.0369692],[13.0618002,55.0369553],[13.0621377,55.0369162],[13.0636321,55.036766],[13.0647093,55.0366532],[13.0650797,55.0366184],[13.0651712,55.0366061],[13.0653878,55.0365872],[13.0656483,55.0365561],[13.0659561,55.0365245],[13.0662277,55.0364809],[13.0666223,55.0363715],[13.0667399,55.0363473],[13.066892,55.0363272],[13.0670157,55.0363172],[13.0671412,55.0363133],[13.0672654,55.0363045],[13.0682059,55.0362116],[13.0686091,55.036181],[13.0688867,55.0361538],[13.0692584,55.0361235],[13.0695512,55.0360943],[13.0697845,55.0360791],[13.0703872,55.0360253],[13.0707764,55.0360009],[13.070914,55.0359841],[13.0710384,55.0359765],[13.0711459,55.0359635],[13.0712394,55.0359589],[13.0714719,55.035941],[13.0715797,55.0359293],[13.0719058,55.0359067],[13.0722457,55.035875],[13.0729287,55.0358269],[13.0737956,55.035755],[13.0740287,55.0357395],[13.0744618,55.0357017],[13.0747886,55.0356819],[13.0753595,55.0356273],[13.0758087,55.0355907],[13.0760111,55.0355782],[13.0767031,55.0355039],[13.0771211,55.0354717],[13.0772764,55.0354611],[13.0777765,55.0354484],[13.0782134,55.0354295],[13.0784321,55.0354247],[13.0787613,55.0354255],[13.0789955,55.0354142],[13.0794454,55.0353799],[13.0796772,55.0353591],[13.0798615,55.0353376],[13.0804968,55.035287],[13.0808539,55.0352627],[13.0811037,55.0352506],[13.081615,55.0352105],[13.081895,55.0351931],[13.0821421,55.0351702],[13.0823444,55.0351581],[13.0826225,55.0351313],[13.0828405,55.0351181],[13.0832875,55.0350739],[13.0835018,55.0350471],[13.0836878,55.0350327],[13.0839646,55.0350027],[13.0843843,55.0349743],[13.0845998,55.0349516],[13.0847549,55.0349399],[13.0848771,55.0349239],[13.0854336,55.0348748],[13.0858007,55.0348278],[13.0860335,55.0348109],[13.0861561,55.0347962],[13.0864811,55.0347687],[13.0866038,55.0347545],[13.0867134,55.0347501],[13.0868982,55.0347306],[13.0872389,55.0347035],[13.0875005,55.0346755],[13.0876866,55.0346615],[13.0878557,55.0346431],[13.0879651,55.0346374],[13.088228,55.0346147],[13.0884732,55.0345852],[13.0886459,55.0345797],[13.0890005,55.0345449],[13.0893723,55.0345152],[13.0897414,55.0344758],[13.0900983,55.0344489],[13.0904367,55.034413],[13.0910705,55.0343572],[13.091485,55.0343101],[13.0917031,55.0342896],[13.0929763,55.0341326]]},"properties":{"voltage":"33000","name":""}},{"type":"Feature","geometry":{"type":"LineString","coordinates":[[13.161572,54.9720195],[13.1615859,54.9719327],[13.1616164,54.9717648],[13.161615,54.9717289],[13.1615967,54.9716853],[13.1614858,54.9714982],[13.1614507,54.9714199],[13.1614377,54.9713666],[13.1614354,54.9712588],[13.1614543,54.9711245],[13.1615455,54.9708236],[13.1617399,54.9703054],[13.1620311,54.9695789],[13.1622172,54.9690873],[13.1626785,54.9679683],[13.1629412,54.9673024],[13.1629867,54.9671702],[13.1631173,54.9668372],[13.1633062,54.9663736],[13.1634873,54.9658906],[13.1636347,54.9655414],[13.1638463,54.9649794],[13.1641417,54.9642441],[13.1642785,54.9638934],[13.1643466,54.9636997],[13.1646455,54.9629741],[13.1647228,54.962754],[13.1649386,54.9622202],[13.1650195,54.9619913],[13.1651169,54.9617738],[13.1652475,54.9614224],[13.1652617,54.9613601],[13.1652561,54.9612793],[13.1652234,54.9611641],[13.1651762,54.9610786],[13.1651229,54.9610238],[13.1650284,54.9609523],[13.1644257,54.9604277],[13.1640629,54.9601242],[13.1639414,54.9600306],[13.1637957,54.9598924],[13.1635315,54.9596698],[13.1634039,54.959579],[13.1632585,54.9594975],[13.1631705,54.9594603],[13.1629554,54.9593873],[13.1628688,54.9593668],[13.1616723,54.9591311],[13.1612702,54.9590583],[13.1610817,54.959015],[13.1608306,54.9589656],[13.1606956,54.9589431],[13.1605209,54.9589042],[13.1597817,54.9587598],[13.159499,54.9587081],[13.159325,54.9586681],[13.1590747,54.9586174],[13.1587615,54.9585616],[13.1585722,54.9585194],[13.1579672,54.9583992],[13.1577436,54.958359],[13.1572722,54.9582639],[13.1569457,54.9582026],[13.1566699,54.9581397],[13.15649,54.9581097],[13.1560905,54.9580323],[13.1554871,54.9579093],[13.1548805,54.9577917],[13.1545725,54.9577271],[13.1530193,54.9574255],[13.152711,54.9573613],[13.1522373,54.9572698],[13.1515891,54.957139],[13.1513957,54.9571035],[13.1512054,54.957063],[13.1508923,54.9570069],[13.1505691,54.9569401],[13.1500943,54.9568507],[13.1498325,54.9567919],[13.149283,54.9566895],[13.1489174,54.9566109],[13.1484872,54.9565297],[13.1482674,54.9564832],[13.1480433,54.9564441],[13.1469978,54.9562323],[13.1456384,54.9559655],[13.1448382,54.9558128],[13.1439999,54.9556409],[13.1437964,54.955595],[13.1436403,54.955554],[13.1433738,54.9554605],[13.1432467,54.9554084],[13.1429905,54.9552906],[13.1428997,54.9552413],[13.1426764,54.9551032],[13.1422976,54.9548405],[13.1422189,54.9547969],[13.1420039,54.9546928],[13.1418895,54.9546459],[13.1417266,54.9545927],[13.1416022,54.9545551],[13.1414723,54.9545244],[13.1404836,54.9543281],[13.1401418,54.9542648],[13.1393161,54.9540995],[13.1378515,54.9538154],[13.1375432,54.9537513],[13.1372016,54.9536876],[13.1368648,54.9536161],[13.1364499,54.9535367],[13.1362309,54.9534891],[13.1357288,54.9533901],[13.1351065,54.9532713],[13.1348136,54.953209],[13.1344875,54.953147],[13.1341209,54.9530701],[13.1332028,54.9528939],[13.1328652,54.9528235],[13.1325682,54.9527681],[13.1315644,54.9525693],[13.1302083,54.9522972],[13.1285529,54.9519735],[13.1280383,54.9518679],[13.1272232,54.9517126],[13.1265767,54.951579],[13.125306,54.9513296],[13.124806,54.9512272],[13.1240953,54.9510906],[13.1218668,54.9506486],[13.1214993,54.9505729],[13.1200803,54.9502959],[13.1197133,54.9502195],[13.1194897,54.9501795],[13.1188414,54.950049],[13.1186628,54.9500165],[13.1182816,54.9499363],[13.1179704,54.9498771],[13.1173813,54.9497582],[13.1162703,54.9495457],[13.1150944,54.9493037],[13.1145002,54.9491935],[13.1141492,54.9491181],[13.1128343,54.94886],[13.1124964,54.9487903],[13.1121544,54.9487274],[13.1118181,54.948655],[13.1108707,54.9484728],[13.1102087,54.9483378],[13.1094842,54.9481969],[13.1090426,54.9481072],[13.1087443,54.9480544],[13.1082151,54.9479456],[13.1072654,54.9477673],[13.1070302,54.9477189],[13.1068436,54.9476731],[13.1063725,54.9475777],[13.1059002,54.9474841],[13.1052473,54.9473614],[13.104793,54.9472656],[13.1041584,54.94714],[13.1039941,54.9471113],[13.1038047,54.9470695],[13.1029771,54.9469076],[13.1025507,54.9468203],[13.1022964,54.9467768],[13.1021589,54.9467602],[13.1017876,54.9467317],[13.1013076,54.9466964],[13.1009196,54.9466728],[13.1005971,54.9466391],[13.100239,54.9466252],[13.0998987,54.9465988],[13.0989834,54.9465404],[13.0984419,54.9464989],[13.0976512,54.9464461],[13.0972961,54.9464158],[13.0968457,54.9463906],[13.0961346,54.9463338],[13.095606,54.9463067],[13.0951423,54.9462694],[13.0939484,54.9461905],[13.0933448,54.9461448],[13.0927082,54.9461076],[13.092276,54.9460706],[13.0914848,54.94602],[13.091191,54.9459969],[13.0909891,54.945985],[13.0906029,54.9459533],[13.0887887,54.9458339],[13.0885261,54.9458122],[13.0880916,54.9457851],[13.0872714,54.9457229],[13.0869609,54.9457046],[13.0862957,54.9456532],[13.0853034,54.9455875],[13.0838787,54.9454845],[13.0823748,54.945384],[13.0813688,54.945309],[13.0810116,54.9452882],[13.0795079,54.945187],[13.0793384,54.9451714],[13.0783158,54.9451002],[13.0774184,54.9450319],[13.0767975,54.9449941],[13.0766121,54.9449789],[13.0762862,54.9449592],[13.0753423,54.9448877],[13.0746592,54.944847],[13.0743038,54.9448182],[13.0737296,54.9447829],[13.0732806,54.9447501],[13.0729565,54.9447218],[13.0726311,54.9446993],[13.0722892,54.9446807],[13.0713915,54.944614],[13.0699347,54.9445143],[13.0697322,54.944508],[13.0696543,54.9445111],[13.0695777,54.9445194],[13.0693289,54.9445723],[13.0691484,54.9446255],[13.0688839,54.9447368],[13.0687019,54.9448064],[13.0679396,54.9451194],[13.06781,54.9451694],[13.0676095,54.9452551],[13.0669854,54.9455096],[13.0662046,54.9458386],[13.0646873,54.9464552],[13.0645056,54.9465401],[13.0643225,54.9466087],[13.0637588,54.9468498],[13.0635003,54.9469506],[13.0621986,54.9474936],[13.0616846,54.9476976],[13.0612965,54.947864],[13.060709,54.9481015],[13.0596381,54.9485524],[13.0593401,54.9486676],[13.0586755,54.948951],[13.0581098,54.9491752],[13.0571032,54.9496006],[13.0563839,54.9498863],[13.0560484,54.9500331],[13.0557527,54.9501502],[13.0553417,54.950329],[13.0550169,54.9504534],[13.0540151,54.9508673],[13.0530255,54.9512907],[13.0529101,54.9513369],[13.0525511,54.9514639],[13.0523305,54.951564],[13.0504601,54.9523445],[13.0503189,54.9524008],[13.0501076,54.9524775],[13.049852,54.9525954],[13.0495138,54.9527246],[13.0488997,54.9530017],[13.0487589,54.9530583],[13.048586,54.9531195],[13.0484439,54.953175],[13.0472491,54.9536652],[13.0470273,54.9537491],[13.0467124,54.9538817],[13.046417,54.9540144],[13.0462099,54.9540948],[13.0458159,54.9542564],[13.0452756,54.9544857],[13.0448516,54.9546542],[13.0443348,54.9548714],[13.0440646,54.9549783],[13.0436881,54.9551386],[13.0430857,54.9553796],[13.0426231,54.9555787],[13.0423643,54.9556791],[13.0414946,54.956045],[13.0412624,54.9561361],[13.0411562,54.9561738],[13.0408132,54.9562808],[13.0404225,54.9564125],[13.0401202,54.9565063],[13.0399471,54.9565673],[13.0394022,54.9567429],[13.0389039,54.9569109],[13.0385835,54.9570042],[13.0382955,54.9571118],[13.0380593,54.9571814],[13.0377187,54.957291],[13.0372937,54.9574421],[13.0366492,54.9576439],[13.0360941,54.9578273],[13.0359211,54.9578884],[13.0353502,54.9580739],[13.0349623,54.9582083],[13.0346988,54.9582866],[13.034446,54.9583759],[13.033967,54.9585271],[13.0333436,54.9587322],[13.0331638,54.9587864],[13.0328929,54.9588757],[13.0327473,54.9589281],[13.0325022,54.9590073],[13.0322669,54.9590779],[13.0317304,54.9592619],[13.0315367,54.95932],[13.0309306,54.9595243],[13.0305056,54.9596754],[13.0301645,54.9598179],[13.0283953,54.9604769],[13.028154,54.9605761],[13.0279188,54.9606647],[13.0275207,54.9608383],[13.0272942,54.9609178],[13.0267948,54.9611182],[13.025965,54.9614847],[13.0257815,54.9615822],[13.0254057,54.961743],[13.0249647,54.9619577],[13.02489,54.9619902],[13.0247593,54.9620394],[13.0239709,54.9623926],[13.023803,54.9624732],[13.0235813,54.9625865],[13.0230424,54.9628169],[13.0228581,54.9629001],[13.0225681,54.9630366],[13.021675,54.9634441],[13.0214356,54.9635594],[13.0213461,54.9635954],[13.0208743,54.9638166],[13.0206385,54.9639202],[13.0205227,54.963966],[13.0204065,54.964026],[13.020156,54.9641332],[13.0199423,54.9642382],[13.0197458,54.9643267],[13.0194422,54.9644529],[13.0191656,54.9645847],[13.0183583,54.964953],[13.0182394,54.9650113],[13.0180145,54.9651081],[13.0177602,54.9652271],[13.0174594,54.9653557],[13.0172766,54.96544],[13.0170871,54.9655336],[13.0165937,54.965754],[13.0161676,54.9659509],[13.0160735,54.9659981],[13.0158938,54.9660697],[13.0155735,54.9662274],[13.0153312,54.9663258],[13.0149164,54.9665164],[13.014543,54.9666936],[13.0143021,54.9667932],[13.0138835,54.9669952],[13.013259,54.9672648],[13.0128653,54.9674559],[13.0127009,54.9675244],[13.0124837,54.967627],[13.0120466,54.9678158],[13.0117702,54.9679477],[13.0113019,54.9681571],[13.0111372,54.9682395],[13.0110601,54.9682702],[13.0104291,54.9685496],[13.0100554,54.9687266],[13.0094392,54.9690022],[13.0093327,54.9690549],[13.0091582,54.9691307],[13.0089162,54.9692443],[13.0086548,54.9693582],[13.0081686,54.9695838],[13.0079909,54.969657],[13.0077223,54.9697802],[13.0076209,54.9698221],[13.0072555,54.9700048],[13.0064845,54.9703415],[13.0062642,54.970442],[13.0061944,54.9704779],[13.0061309,54.970504],[13.0059803,54.9705823],[13.0059016,54.9706113],[13.0056971,54.9707087],[13.0049671,54.9710321],[13.0044191,54.9712851],[13.0039819,54.9714737],[13.0035964,54.9716566],[13.0031075,54.9718803],[13.0028695,54.9719822],[13.0020719,54.9723434],[13.0018422,54.9724515],[13.0017289,54.9725133],[13.0016201,54.9725479],[13.0014415,54.972635],[13.0012568,54.9727176],[13.001153,54.9727722],[13.0010779,54.9728044],[13.0009974,54.9728318],[13.0008241,54.9729085],[13.0004137,54.9731023],[12.9997842,54.9733825],[12.9992344,54.9736343],[12.9990432,54.9737268],[12.9987202,54.9738683],[12.998331,54.9740486],[12.9976123,54.9743658],[12.9972607,54.9745301],[12.9971579,54.9745708],[12.9967952,54.9747415],[12.9966708,54.9747957],[12.9964135,54.9749266],[12.9962277,54.9750086],[12.9960369,54.9750868],[12.9958167,54.9751872],[12.9956983,54.9752458],[12.9950163,54.9755461],[12.9949144,54.9756016],[12.9946509,54.975714],[12.994494,54.975788],[12.9944054,54.9758248],[12.9942868,54.9758833],[12.9941733,54.975931],[12.994116,54.9759614],[12.9940642,54.9759815],[12.9937964,54.9761052],[12.9936912,54.9761589],[12.9935617,54.9762091],[12.9934323,54.976274],[12.9932483,54.9763575],[12.9931793,54.9763939],[12.9930515,54.9764455],[12.9929548,54.976491],[12.9928622,54.9765392],[12.9927832,54.9765681],[12.9921923,54.9768335],[12.9919528,54.9769488],[12.9916667,54.9770737],[12.9915991,54.977111],[12.9915239,54.977143],[12.9914324,54.977192],[12.9913762,54.977235],[12.9913113,54.9772737],[12.9912898,54.9772976],[12.9912612,54.9773489],[12.9912051,54.9774028],[12.9911598,54.97746],[12.9911469,54.9774859],[12.9911216,54.9775745],[12.9911196,54.9776553],[12.9910933,54.9777982],[12.9910842,54.9780316],[12.9910518,54.9782914],[12.9910248,54.9787401],[12.9909962,54.9788828],[12.9909969,54.9789996],[12.9909785,54.9790797],[12.9909801,54.9791156],[12.9909723,54.9791512],[12.9909764,54.9791959],[12.9909566,54.9792393],[12.9909586,54.979338],[12.9909473,54.9794096],[12.990941,54.9795443],[12.990927,54.9796157],[12.9909284,54.9796696],[12.9909112,54.9798039],[12.990914,54.9798488],[12.9909029,54.9799294],[12.9909019,54.9800551],[12.9908926,54.9801087],[12.9908865,54.9802165],[12.9908697,54.9802877],[12.9908716,54.9803415],[12.9908622,54.9803861],[12.9908584,54.9805118],[12.990828,54.9806634],[12.9908309,54.9806993],[12.9908131,54.9808966],[12.9908152,54.9810223],[12.9908018,54.9811478],[12.9907795,54.9812092],[12.9907953,54.9813075],[12.9907956,54.9813524],[12.9907755,54.9814686],[12.990776,54.9815314],[12.9907446,54.9816558],[12.9907491,54.9816915],[12.9907361,54.9817539],[12.9907298,54.9819062],[12.9907094,54.9820314],[12.9906932,54.9821927],[12.9906977,54.9822465],[12.99066,54.9825511],[12.9906454,54.9827306],[12.9906472,54.9828024],[12.9906391,54.9829011],[12.9906151,54.9830712],[12.9906181,54.983134],[12.9905558,54.9835993],[12.9905593,54.9836621],[12.9905492,54.9839316],[12.9905516,54.9840124],[12.9905266,54.9842005],[12.9905235,54.9842993],[12.9904955,54.9844149],[12.9904888,54.9845495],[12.9904663,54.9846836],[12.9904674,54.9848093],[12.9904533,54.9848807],[12.9904316,54.9850959],[12.990415,54.9853832],[12.9904005,54.9854907],[12.9903857,54.9858767],[12.9903416,54.9860999],[12.9903119,54.9863238],[12.9903028,54.9865483],[12.9902888,54.9866286],[12.9902826,54.9867094],[12.9902884,54.9867991],[12.9902708,54.9868884],[12.9902615,54.987005],[12.9902417,54.9871032],[12.9902209,54.9874712],[12.9901936,54.9875777],[12.9901933,54.9876495],[12.9901834,54.9877121],[12.9901853,54.987757],[12.9901701,54.9878102],[12.9901652,54.9879987],[12.9901476,54.9880879],[12.990149,54.9882046],[12.9901283,54.9883296],[12.9901289,54.9883924],[12.9901163,54.9884639],[12.9901039,54.9886255],[12.9901023,54.9888141],[12.9900778,54.9888845],[12.9900677,54.988947],[12.9900308,54.9889965],[12.9900248,54.9890141],[12.9900352,54.9890946],[12.9900286,54.9891754],[12.9900305,54.9892472],[12.9900418,54.9893278],[12.9900392,54.9894803],[12.9900025,54.989794],[12.9900033,54.9898838],[12.9899922,54.9899373],[12.9899927,54.9899552],[12.9900077,54.98999],[12.9899786,54.9900407],[12.9899884,54.9900941],[12.989967,54.9901465],[12.9899378,54.9903433],[12.9899175,54.9906035],[12.9899063,54.9906751],[12.9899075,54.9907739],[12.989899,54.9908366],[12.989903,54.9908814],[12.9898963,54.9909351],[12.9899013,54.9909889],[12.9898822,54.9910961],[12.9898899,54.9911948],[12.9898819,54.9913204],[12.9898863,54.9913922],[12.9898689,54.9914633],[12.9898531,54.9916247],[12.9898263,54.9917765],[12.9898131,54.9918841],[12.989813,54.991938],[12.9897737,54.9920524],[12.9897813,54.992124],[12.9897638,54.9922313],[12.9897697,54.992276],[12.9897524,54.9923653],[12.9897547,54.9924999],[12.9897419,54.9925533],[12.9897355,54.992661],[12.9896978,54.9929296],[12.9896992,54.9931001],[12.989681,54.9932164],[12.9896772,54.9933422],[12.9896572,54.993404],[12.9896468,54.9936371],[12.9896226,54.9937439],[12.9896154,54.9938696],[12.9896003,54.9939318],[12.9895992,54.9940125],[12.9895839,54.9940656],[12.9895754,54.9941373],[12.9895776,54.9942002],[12.9895684,54.9942988],[12.989572,54.9943796],[12.9895603,54.9945322],[12.989565,54.994622],[12.9895518,54.9948734],[12.9895073,54.9951776],[12.9895081,54.9952584],[12.9894879,54.9954827],[12.9894058,54.9961006],[12.989394,54.996316],[12.9893992,54.9964328],[12.9893846,54.9965402],[12.989372,54.9967197],[12.9893422,54.9968623],[12.9893317,54.9969519],[12.9893284,54.9972032],[12.9892946,54.9973998],[12.9892926,54.9974806],[12.9892782,54.997579],[12.9892802,54.9976239],[12.9892719,54.9976776],[12.9892697,54.9978213],[12.98925,54.9979465],[12.989213,54.9983952],[12.9891863,54.9985921],[12.9891709,54.9987985],[12.9891509,54.9989328],[12.9891553,54.9989955],[12.9891423,54.999067],[12.9891432,54.9991208],[12.9891165,54.9993088],[12.9891102,54.9994076],[12.9890828,54.9995505],[12.9890655,54.9997028],[12.9890688,54.9997476],[12.9890343,55.0000433],[12.9890362,55.0000702],[12.9890573,55.000141],[12.9890295,55.0002565],[12.9890372,55.0003732],[12.9890056,55.0005157],[12.9889971,55.0006234],[12.9889989,55.0006952],[12.9889585,55.0011167],[12.9889409,55.0012421],[12.9889305,55.0014126],[12.9888835,55.0017619],[12.9888718,55.0019145],[12.9888761,55.0020313],[12.9888613,55.0022826],[12.9888221,55.002497],[12.9888031,55.002568],[12.9888069,55.0027297],[12.9887988,55.0027743],[12.9887865,55.0028003],[12.9887763,55.0029342],[12.9887866,55.0029965],[12.9887924,55.00314],[12.9887686,55.003274],[12.9887516,55.0033269],[12.9887258,55.0034788],[12.9887362,55.0035683],[12.988737,55.0036761],[12.988698,55.0038995],[12.9886842,55.004052],[12.9886823,55.0041418],[12.9886615,55.0042399],[12.988651,55.0043384],[12.988667,55.0044003],[12.9886628,55.004499],[12.9886492,55.0045704],[12.9886563,55.0046422],[12.9886536,55.0047499],[12.9886374,55.0048211],[12.9885884,55.0049437],[12.988583,55.0049704],[12.9885777,55.005123],[12.988589,55.0052485],[12.9885853,55.0053381],[12.9885613,55.0055262],[12.9885661,55.0056159],[12.9885496,55.0056781],[12.9885477,55.0057229],[12.988539,55.0057585],[12.9885382,55.0058303],[12.9885188,55.0059465],[12.9885029,55.0060988],[12.9884958,55.0062962],[12.9884753,55.0064214],[12.9884575,55.0066546],[12.9884626,55.0067804],[12.9884418,55.0069055],[12.9884277,55.0071658],[12.9884138,55.0073093],[12.988395,55.0074165],[12.9883958,55.0074794],[12.9883665,55.0076492],[12.9883335,55.007936],[12.9883287,55.0080437],[12.9882967,55.0083935],[12.9882823,55.0084649],[12.9882683,55.0086351],[12.9882477,55.0087512],[12.9882377,55.0088588],[12.9882001,55.0089827],[12.9881409,55.0090848],[12.9880853,55.0092157],[12.9880377,55.0093012],[12.9880267,55.0093365],[12.9879805,55.0094129],[12.987966,55.0094751],[12.9879439,55.0095182],[12.9879272,55.0095803],[12.9878384,55.0097709],[12.987785,55.0099203],[12.9877551,55.0099714],[12.9876844,55.0100514],[12.9875956,55.0101252],[12.9875243,55.0101729],[12.9873243,55.0103443],[12.987272,55.0103776],[12.9872411,55.0104088],[12.9871409,55.010489],[12.9870001,55.0106185],[12.9867809,55.0107821],[12.986574,55.010983],[12.9865149,55.0110248],[12.986438,55.0110695],[12.9863816,55.0111125],[12.9862652,55.0111724],[12.9861528,55.011221],[12.985762,55.0113699],[12.9854853,55.0114871],[12.9850823,55.0116415],[12.9849949,55.0116793],[12.9848875,55.011716],[12.9845441,55.0118568],[12.9844749,55.0118774],[12.9843761,55.0119215],[12.9843097,55.0119451],[12.9841199,55.0120242],[12.9840518,55.0120463],[12.9836068,55.0122129],[12.9834427,55.0122818],[12.9833492,55.0123144],[12.9830659,55.0124262],[12.9829926,55.0124599],[12.982899,55.0124923],[12.9828123,55.0125307],[12.9827455,55.0125539],[12.9826357,55.0126044],[12.9821427,55.0127949],[12.9820296,55.0128429],[12.9819616,55.012865],[12.9818743,55.0129029],[12.9817925,55.012929],[12.9817221,55.0129645],[12.981617,55.0130034],[12.9815168,55.0130465],[12.9813827,55.0130926],[12.9808577,55.0133036],[12.9805154,55.0134296],[12.9796566,55.0137892],[12.9793589,55.0139048],[12.9791973,55.0139755],[12.9789545,55.0140737],[12.9788609,55.0141064],[12.9785919,55.0142144],[12.9781087,55.0143969],[12.9774246,55.0146652],[12.9773244,55.0147082],[12.9770262,55.0148236],[12.9769066,55.0148661],[12.9761057,55.0151796],[12.9759679,55.0152387],[12.9758475,55.0152806],[12.9757857,55.015308],[12.9754107,55.0154545],[12.9753364,55.0154873],[12.9747122,55.0157264],[12.9744588,55.0158317],[12.9743139,55.0158848],[12.9741369,55.0159588],[12.9739273,55.016037],[12.9738527,55.0160697],[12.9736425,55.0161474],[12.9735439,55.0161916],[12.973218,55.0163155],[12.9729263,55.0164362],[12.9724582,55.0166156],[12.9721501,55.0167385],[12.9720047,55.0167911],[12.9719068,55.0168357],[12.9716564,55.0169275],[12.971533,55.0169826],[12.9711628,55.0171329],[12.9705416,55.0173747],[12.9704744,55.0173976],[12.9703506,55.0174522],[12.9702832,55.0174749],[12.970107,55.0175494],[12.9695268,55.017778],[12.9694452,55.0178045],[12.9693076,55.0178637],[12.9691865,55.0179048],[12.9691132,55.0179384],[12.9689293,55.0180065],[12.9685993,55.0181427],[12.9685057,55.0181753],[12.9683288,55.0182493],[12.9680275,55.018362],[12.9675518,55.0185511],[12.9674006,55.0186149],[12.9670638,55.0187457],[12.9668004,55.0188425],[12.9658616,55.0192154],[12.9652255,55.0194604],[12.96514,55.0194995],[12.9646083,55.019705],[12.9640069,55.0199476],[12.963902,55.0199866],[12.9638154,55.0200251],[12.9634944,55.0201533],[12.9634096,55.0201929],[12.9632764,55.0202399],[12.9632135,55.0202666],[12.9631449,55.0202879],[12.9627716,55.0204358],[12.9627047,55.020459],[12.9623891,55.0205913],[12.9621674,55.0206754],[12.9617176,55.0208544],[12.9616177,55.0208975],[12.9608527,55.0211934],[12.9606883,55.0212621],[12.960518,55.0213257],[12.9602748,55.0214236],[12.9599996,55.0215263],[12.9598997,55.0215695],[12.9596813,55.0216565],[12.959601,55.0216843],[12.9588463,55.0219889],[12.9583786,55.0221686],[12.9582923,55.0222072],[12.9581987,55.0222398],[12.9576489,55.022462],[12.95722,55.0226268],[12.9569135,55.022751],[12.9568328,55.0227784],[12.9566184,55.0228686],[12.9565102,55.0229046],[12.9563209,55.0229839],[12.9561886,55.0230317],[12.9561162,55.023066],[12.9559704,55.0231183],[12.9555091,55.0233034],[12.9549506,55.0235183],[12.95485,55.023561],[12.9547707,55.0235897],[12.9547234,55.0236132],[12.9546555,55.0236354],[12.9543837,55.023741],[12.9543096,55.0237741],[12.9537534,55.0239911],[12.9535764,55.0240651],[12.9533297,55.0241602],[12.953204,55.0242136],[12.9531241,55.0242419],[12.9528057,55.024372],[12.9524647,55.0244991],[12.9522885,55.0245737],[12.9520383,55.0246657],[12.9513723,55.0249334],[12.9504664,55.0252861],[12.9503565,55.0253366],[12.9502892,55.0253594],[12.9501362,55.0254218],[12.9495639,55.025641],[12.9494262,55.0257003],[12.9491661,55.0257999],[12.9485784,55.0260379],[12.9483801,55.0261096],[12.9483071,55.0261434],[12.9482146,55.026177],[12.9481287,55.0262159],[12.9477621,55.0263534],[12.9472362,55.0265641],[12.9463272,55.0269144],[12.946137,55.0269932],[12.9459659,55.0270562],[12.945791,55.0271318],[12.945548,55.02723],[12.9449904,55.0274457],[12.9447225,55.0275548],[12.9444077,55.0276722],[12.9441257,55.0277854],[12.9438391,55.0278947],[12.9432146,55.0281497],[12.9430296,55.0282169],[12.942905,55.0282712],[12.9420518,55.0286048],[12.9418498,55.0286732],[12.9417744,55.0287052],[12.941668,55.0287581],[12.9415013,55.0288248],[12.9412126,55.0289324],[12.9410986,55.0289798],[12.9410049,55.0290123],[12.9408404,55.0290809],[12.9402316,55.0293174],[12.9399272,55.0294434],[12.9398475,55.0294719],[12.939102,55.0297685],[12.938722,55.0299107],[12.9383631,55.0300548],[12.9381023,55.0301539],[12.9372327,55.0305055],[12.936945,55.0306138],[12.936796,55.0306793],[12.9366685,55.0307456],[12.9365608,55.0308107],[12.9364423,55.0308941],[12.9363889,55.0309488],[12.9358992,55.0315905],[12.9357411,55.0317861],[12.9356933,55.031862],[12.9356351,55.0319256],[12.9354809,55.032132],[12.9353811,55.0322539],[12.935304,55.0323717],[12.9350689,55.0326852],[12.9349936,55.0327937],[12.9348698,55.0329488],[12.9347049,55.0331817],[12.934532,55.0333931],[12.9343907,55.0335928],[12.9343045,55.0336986],[12.9341745,55.0338816],[12.9339403,55.0341854],[12.9338939,55.0342615],[12.9338154,55.034339],[12.9337639,55.0344237],[12.9337213,55.0344816],[12.9336906,55.0345511],[12.9334502,55.0348533],[12.9333263,55.0350281],[12.9332015,55.0351829],[12.9331426,55.0352758],[12.933059,55.0353822],[12.9330012,55.0354657],[12.9329478,55.0355596],[12.932861,55.0356749],[12.9328269,55.0357347],[12.9328046,55.035787],[12.9327681,55.0358928],[12.9327602,55.0359464],[12.9327481,55.0359816],[12.9327155,55.036051],[12.93268,55.0361477],[12.932648,55.0361982],[12.9326353,55.0362696],[12.9326048,55.036376],[12.932591,55.0364834],[12.9325971,55.03651],[12.9326283,55.0365608],[12.9326816,55.0366735],[12.9327282,55.0367498],[12.9327571,55.036838],[12.9327946,55.0369252],[12.9328126,55.0369501],[12.9329497,55.0370809],[12.9330617,55.0371674],[12.9331264,55.0372288],[12.9331993,55.0372872],[12.9333531,55.0374332],[12.9336888,55.0377148],[12.9339058,55.0379123],[12.9341112,55.0380819],[12.9342797,55.0382333],[12.934746,55.038616],[12.9358564,55.039562],[12.9365724,55.0401624],[12.9367666,55.0403363],[12.937373,55.0408491],[12.9379735,55.0413424],[12.938149,55.0415018],[12.9388476,55.0420871],[12.9389208,55.0421561],[12.9393632,55.0425372],[12.9397347,55.0428374],[12.940107,55.043159],[12.9402273,55.0432532],[12.9403673,55.043383],[12.9404938,55.0434856],[12.9405484,55.0435401],[12.9407734,55.0437238],[12.9408553,55.0438003],[12.9409437,55.0438744],[12.9410224,55.0439303],[12.941182,55.0440742],[12.9412383,55.0441172],[12.9413095,55.044187],[12.9414127,55.0442659],[12.9417395,55.0445511],[12.9418974,55.0446739],[12.942011,55.0447814],[12.942149,55.0448904],[12.9423328,55.0450574],[12.9426597,55.0453096],[12.9429027,55.0455402],[12.9430155,55.0456263],[12.9431082,55.0457096],[12.943182,55.0457676],[12.9432608,55.0458553],[12.9433745,55.0459629],[12.9434705,55.0460449],[12.9436352,55.0461647],[12.9438489,55.0463309],[12.9439167,55.0464018],[12.9440252,55.0465005],[12.9440936,55.0465911],[12.944105,55.0466171],[12.9441117,55.0466978],[12.9441255,55.0467692],[12.9441049,55.0469483],[12.94411,55.0471369],[12.9441277,55.0473432],[12.9441225,55.047433],[12.944129,55.0475676],[12.9441385,55.0476122],[12.9441582,55.0476556],[12.9442027,55.0477028],[12.9443865,55.0478131],[12.9445448,55.0479244],[12.9449563,55.0481951],[12.9451156,55.0483196]]},"properties":{"voltage":"150000","name":"Kriegers Flak CGS"}},{"type":"Feature","geometry":{"type":"LineString","coordinates":[[12.8152834,55.0334544],[12.8152705,55.0334826],[12.8149454,55.0341768],[12.8148182,55.0344149],[12.8147761,55.0345295],[12.8147554,55.0346552],[12.8147711,55.0348257],[12.8148166,55.0351751],[12.8148836,55.0355776],[12.8148856,55.0356672],[12.8148772,55.0357483],[12.814849,55.0358731],[12.8147999,55.0360141],[12.8146667,55.0364566],[12.8145302,55.0368168],[12.8144811,55.0369852],[12.8143706,55.037275],[12.8143326,55.0374272],[12.8143207,55.0375078],[12.8143115,55.0376787],[12.8142801,55.0380108],[12.8142599,55.038118],[12.8142212,55.0382602],[12.8141953,55.0383851],[12.8141499,55.0386263],[12.814086,55.0390381],[12.8140275,55.0395399],[12.8139937,55.0399529],[12.8139277,55.0403464],[12.8138862,55.0405068],[12.8138321,55.0408197],[12.8138185,55.0409363],[12.8138023,55.0412058],[12.8137702,55.0414558],[12.8136682,55.0418188],[12.8136102,55.041977],[12.8135193,55.0421771],[12.8134485,55.0423612],[12.8133938,55.0425199],[12.8133662,55.0426258],[12.813361,55.0427153],[12.8133672,55.0428041],[12.81339,55.0429286],[12.813646,55.0438694],[12.8136795,55.044039],[12.8136833,55.0441033],[12.8135359,55.0448475]]},"properties":{"voltage":"33000","name":""}},{"type":"Feature","geometry":{"type":"LineString","coordinates":[[12.9452133,55.0483019],[12.9451369,55.0478098],[12.945075,55.0474614],[12.9450653,55.0473274],[12.9450794,55.0472298],[12.9450903,55.0471853],[12.9451283,55.0470896],[12.9451904,55.0469881],[12.9452573,55.046907],[12.9453296,55.0468375],[12.9453867,55.0467945],[12.9454942,55.0467291],[12.9455885,55.046682],[12.9456614,55.0466489],[12.945853,55.0465734],[12.9460025,55.0465238],[12.9478717,55.0460198],[12.9492398,55.0456425],[12.9499631,55.0453917],[12.9507471,55.0451294],[12.9513644,55.0449171],[12.9515178,55.0448719],[12.9517715,55.044783],[12.9517816,55.0447752],[12.9518084,55.0447658],[12.9521623,55.0446505],[12.9544357,55.043841],[12.9547333,55.0437414],[12.9549112,55.0436678],[12.955069,55.0435935],[12.9552411,55.0435017],[12.9555627,55.0433445],[12.9560283,55.043105],[12.9565196,55.0428973],[12.9567907,55.0427755],[12.9571072,55.0426435],[12.9578304,55.042329],[12.9579365,55.0422759],[12.9584375,55.0420459],[12.9587499,55.0418964],[12.9588871,55.0418366],[12.959556,55.0415259],[12.9607092,55.0409734],[12.9615484,55.0405981],[12.9617301,55.0405127],[12.962252,55.0402835],[12.9625938,55.0401263],[12.9628213,55.0400162],[12.963441,55.0397422],[12.9637778,55.0395814],[12.9638945,55.0395358],[12.964397,55.0393069],[12.9649398,55.0390495],[12.965042,55.0390077],[12.9654954,55.0388012],[12.9659717,55.038568],[12.9662042,55.0384617],[12.9666121,55.0382658],[12.9670872,55.0380459],[12.9676539,55.037777],[12.967829,55.0376873],[12.9679382,55.0376363],[12.9680879,55.0375571],[12.9685896,55.0373135],[12.9687508,55.0372282],[12.9693738,55.036928],[12.9696808,55.0367748],[12.9698996,55.0366729],[12.9710508,55.0360916],[12.9711738,55.036036],[12.9717971,55.0357359],[12.9721852,55.0355408],[12.9724426,55.0353966],[12.9725699,55.0353173],[12.9728867,55.0351433],[12.9731183,55.0350096],[12.9733871,55.0348341],[12.9735545,55.0347395],[12.9738984,55.0345308],[12.974035,55.0344567],[12.9743496,55.0343088],[12.9746033,55.0342033],[12.9748503,55.0340788],[12.9753529,55.0338499],[12.9762217,55.0334385],[12.976774,55.033188],[12.9773549,55.0329148],[12.9775408,55.0328325],[12.9776686,55.0327807],[12.9779766,55.0326424],[12.9783178,55.0324993],[12.9785478,55.0323911],[12.9786889,55.0323345],[12.9788599,55.0322559],[12.9792596,55.032083],[12.9794892,55.0319892],[12.9797401,55.0318672],[12.9801157,55.0317056],[12.9803647,55.0315824],[12.9812073,55.0311951],[12.9814567,55.0310722],[12.9817714,55.0309244],[12.9822998,55.0306855],[12.9825615,55.0305571],[12.9828817,55.0304131],[12.9832072,55.0302589],[12.9835581,55.0301083],[12.9841899,55.0298141],[12.9846232,55.029622],[12.984901,55.0294907],[12.985493,55.0291972],[12.9860653,55.0289322],[12.986097,55.028912],[12.9862034,55.028859],[12.9864009,55.0287707],[12.9866245,55.0286582],[12.986796,55.0285801],[12.9881024,55.0279373],[12.9895065,55.0272357],[12.9896757,55.0271558],[12.9902561,55.0268547],[12.9905626,55.0267013],[12.9906821,55.0266434],[12.9909559,55.0265236],[12.9914778,55.0262658],[12.9922035,55.0259243],[12.9923673,55.0258407],[12.9936905,55.0252233],[12.9940087,55.025064],[12.9943566,55.0248831],[12.9949226,55.0246],[12.9950801,55.0245124],[12.9952021,55.0244562],[12.9956142,55.0242493],[12.9961261,55.0240126],[12.9965322,55.0238156],[12.9970187,55.0235757],[12.9971558,55.023502],[12.997511,55.023326],[12.9976332,55.0232698],[12.9977964,55.023186],[12.998996,55.0226237],[12.999955,55.0221214],[13.0003533,55.0219191],[13.0005359,55.0218209],[13.0006088,55.0217868],[13.00101,55.0215728],[13.0011985,55.0214784],[13.0015894,55.0212715],[13.0018969,55.0211186],[13.0025877,55.0207539],[13.0027416,55.0206776],[13.0029785,55.0205469],[13.0031322,55.0204704],[13.0032524,55.0203995],[13.0034706,55.0202837],[13.003651,55.0201974],[13.0038104,55.0201112],[13.0041399,55.0199455],[13.0044773,55.0197581],[13.0052761,55.0193416],[13.0056457,55.0191345],[13.0061899,55.0188509],[13.0063574,55.0187566],[13.0064551,55.0187114],[13.0066572,55.0185988],[13.0067638,55.018546],[13.006945,55.0184468],[13.0070864,55.0183627],[13.0077085,55.018048],[13.0079758,55.0178966],[13.0080443,55.0178598],[13.0081184,55.0178265],[13.0082292,55.0177629],[13.0082894,55.0177342],[13.0083407,55.0176999],[13.0085138,55.0176091],[13.0088977,55.0173726],[13.0090212,55.0173038],[13.0091806,55.017193],[13.0092839,55.0171139],[13.0093609,55.0170461],[13.0095262,55.0169152],[13.009733,55.0167352],[13.0098971,55.0166148],[13.0100858,55.0164495],[13.0102907,55.0162797],[13.0104552,55.0161485],[13.0105098,55.0161157],[13.0106859,55.0159782],[13.0107711,55.0159028],[13.0110397,55.0156929],[13.0111415,55.0156022],[13.0115828,55.0152419],[13.0117359,55.0151063],[13.0118871,55.0149593],[13.0121257,55.0147485],[13.0121833,55.0146843],[13.0123512,55.0145327],[13.0123797,55.0145006],[13.0125634,55.0143335],[13.012661,55.0142521],[13.0128395,55.014083],[13.0130535,55.0139514],[13.0132583,55.0138158],[13.0134873,55.0136802],[13.0135787,55.0136188],[13.0136453,55.0135808],[13.0143026,55.0131473],[13.014594,55.0129726],[13.0146743,55.0129299],[13.0148926,55.0128013],[13.0149328,55.0127736],[13.0150023,55.0127372],[13.0152359,55.0125921],[13.0154968,55.0124497],[13.0156788,55.0123384],[13.0158059,55.0122717],[13.0161316,55.0120777],[13.016343,55.011958],[13.0164101,55.0119076],[13.0165584,55.0118151],[13.0166279,55.0117788],[13.0167197,55.0117172],[13.016801,55.011675],[13.0168617,55.0116337],[13.0171313,55.0114835],[13.0171781,55.0114472],[13.017223,55.0114221],[13.0173249,55.0113539],[13.0175235,55.0112393],[13.0179012,55.0109997],[13.0183403,55.0107313],[13.0186458,55.0105267],[13.0189007,55.0103685],[13.0194257,55.0100237],[13.0197856,55.009799],[13.0199688,55.0096762],[13.0202441,55.0095043],[13.0203036,55.0094626],[13.0207746,55.0091747],[13.0210477,55.0090018],[13.02134,55.0088268],[13.0217827,55.0085481],[13.0223643,55.0081966],[13.0230354,55.0077825],[13.0236773,55.0073652],[13.0238273,55.0072617],[13.0245749,55.0067782],[13.0248172,55.0066136],[13.0253099,55.0063005],[13.0256591,55.0060702],[13.0262957,55.0056869],[13.0263982,55.0056189],[13.0270273,55.0052438],[13.0284748,55.0043492],[13.0291632,55.0039078],[13.0299035,55.0034205],[13.0300211,55.0033485],[13.0303165,55.0031509],[13.031013,55.0027015],[13.0313701,55.0024633],[13.0320361,55.0020344],[13.0329936,55.0014059],[13.0333542,55.0011816],[13.0343646,55.0005686],[13.0350037,55.0001743],[13.0351265,55.0000926],[13.0354613,54.9998913],[13.0357147,54.9997326],[13.0358213,54.9996549],[13.0369998,54.9988868],[13.037482,54.9985566],[13.0383661,54.9979747],[13.0388212,54.9976906],[13.0390059,54.9975808],[13.0395099,54.9972614],[13.0401098,54.9968952],[13.0408938,54.9964066],[13.0415555,54.9959756],[13.0419142,54.9957502],[13.0421167,54.9956134],[13.0424459,54.995409],[13.0426508,54.9952733],[13.043831,54.9945504]]},"properties":{"voltage":"33000","name":""}},{"type":"Feature","geometry":{"type":"LineString","coordinates":[[12.7653691,55.0423006],[12.7653717,55.0430546],[12.7654943,55.0436616],[12.7655259,55.0437769],[12.7655955,55.0439799],[12.7656652,55.0442918],[12.7656924,55.0444529],[12.7657294,55.044595],[12.7657726,55.0447095],[12.7657928,55.0448257],[12.7658292,55.0449498],[12.765852,55.045084],[12.7659185,55.0453146],[12.7659358,55.04544],[12.7660015,55.0457973],[12.7660238,55.0459675],[12.7660492,55.0460564],[12.7660625,55.0461639],[12.7661049,55.0463421],[12.7661361,55.0465118],[12.7661491,55.0466194],[12.7661909,55.0468517],[12.7662148,55.047049],[12.7662547,55.0472633],[12.7663301,55.047602],[12.7663658,55.0477352],[12.7663857,55.0478515],[12.7665109,55.0483222],[12.766535,55.0484744],[12.7667247,55.0492211],[12.7667388,55.0493016],[12.7667961,55.0495328],[12.7668216,55.0496759],[12.7669987,55.0503964],[12.7670442,55.0506647],[12.7670905,55.0508877],[12.7672611,55.0515997],[12.7673056,55.0518952],[12.7674141,55.0523219],[12.7674369,55.0524561],[12.7674866,55.0526788],[12.7675193,55.0527842],[12.7678417,55.05351]]},"properties":{"voltage":"33000","name":""}},{"type":"Feature","geometry":{"type":"LineString","coordinates":[[13.0227009,55.0162479],[13.0227423,55.016231],[13.0237672,55.0158186],[13.0238249,55.0157915],[13.0239186,55.0157433],[13.0240056,55.015691],[13.0241842,55.0155654],[13.024288,55.0155003],[13.0243778,55.0154519],[13.0244504,55.0154192],[13.0245781,55.0153703],[13.0249303,55.0152543],[13.0251471,55.0151642],[13.0259201,55.0148278],[13.0260297,55.0147772],[13.026145,55.0147164],[13.0264321,55.0146076],[13.0267615,55.0144705],[13.0273994,55.0142269],[13.0281649,55.0139473],[13.028473,55.0138243],[13.0288352,55.0136676],[13.0290423,55.013572],[13.0298961,55.0131932],[13.0300645,55.0131128],[13.0301671,55.0130571],[13.0302634,55.0130112],[13.0306001,55.0128648],[13.031211,55.0125846],[13.0316619,55.0124069],[13.0323286,55.0121556],[13.0324289,55.0121127],[13.0326245,55.0120383],[13.0328646,55.0119377],[13.0337622,55.011594],[13.0343784,55.0113479],[13.0347273,55.0111961],[13.0349569,55.0111025],[13.0355762,55.010828],[13.0357779,55.010715],[13.0359386,55.010643],[13.0362476,55.0104778],[13.0364258,55.0103769],[13.036616,55.0102835],[13.0369784,55.0100852],[13.0371316,55.0100085],[13.0372762,55.0099263],[13.0374397,55.0098427],[13.037652,55.0097105],[13.0377625,55.009647],[13.0381472,55.0093987],[13.0382872,55.0093141],[13.0385691,55.0091336],[13.038701,55.0090447],[13.0391064,55.0088203],[13.0393821,55.0086741],[13.0394559,55.0086408],[13.0395626,55.0086021],[13.0396931,55.0085377],[13.0399113,55.0084496],[13.0400309,55.0083926],[13.0402357,55.0083175],[13.0405733,55.0081837],[13.0406943,55.0081485],[13.0408472,55.008092],[13.0409318,55.008054],[13.0410325,55.0079967],[13.0410947,55.0079683],[13.0414413,55.0078295],[13.0416373,55.00774],[13.0418796,55.0076414],[13.0419617,55.0075995],[13.0422035,55.0075003],[13.0424919,55.0073769],[13.0426003,55.0073253],[13.0427033,55.0072845],[13.0428755,55.0072068],[13.0430834,55.0070978],[13.0432155,55.0070348],[13.0433863,55.0069724],[13.0435376,55.0069264],[13.0438106,55.0068596],[13.0440415,55.0067844],[13.0441205,55.006755],[13.0442954,55.0066794],[13.0443744,55.00665],[13.0446075,55.0065443],[13.0447134,55.0064909],[13.0449689,55.0063724],[13.0451264,55.0062841],[13.045213,55.0062458],[13.0454887,55.0061407],[13.0455978,55.0060748],[13.0456799,55.0060193],[13.0458827,55.0058268],[13.0459849,55.0057489],[13.0461963,55.0056048],[13.0467307,55.0052533],[13.0468782,55.0051483],[13.0471762,55.0049641],[13.0473117,55.0048907],[13.0474091,55.0048464],[13.0475523,55.004793],[13.0477465,55.0047356],[13.0478273,55.0047077],[13.0479294,55.0046658],[13.0480751,55.0045979],[13.0481385,55.0045655],[13.0490566,55.004036]]},"properties":{"voltage":"33000","name":""}},{"type":"Feature","geometry":{"type":"LineString","coordinates":[[12.8687363,55.0762887],[12.8703981,55.07597],[12.8708656,55.0758956],[12.8710298,55.0758654],[12.8714663,55.0757938],[12.8719797,55.0757131],[12.8720989,55.0756908],[12.8724635,55.0756384],[12.8725671,55.0756173],[12.8727625,55.0755846],[12.8730523,55.0755455],[12.8737003,55.0754411],[12.87399,55.0754017],[12.8741843,55.0753667],[12.8745311,55.0753108],[12.8746929,55.0752763],[12.8748442,55.0752532],[12.8751427,55.0751987],[12.8757303,55.0751036],[12.8759838,55.0750569],[12.8763014,55.0750079],[12.8767053,55.0749362],[12.8774145,55.0748235],[12.8780422,55.0747113],[12.8789214,55.0745806],[12.8792062,55.0745315],[12.8795849,55.0744746],[12.8799429,55.0744085],[12.8805314,55.0743153],[12.8807109,55.0742833],[12.8812553,55.0741996],[12.8814081,55.0741797],[12.8818898,55.0741007],[12.8827379,55.0739729],[12.8830516,55.073916],[12.8834596,55.0738525],[12.8839255,55.0737744],[12.8842909,55.073724],[12.8850579,55.0735965],[12.8854973,55.0735311],[12.8867858,55.0732777]]},"properties":{"voltage":"33000","name":""}},{"type":"Feature","geometry":{"type":"LineString","coordinates":[[12.9517818,55.0315232],[12.9528556,55.0311003],[12.9532465,55.0309554],[12.9534391,55.0308784],[12.9539893,55.0306724],[12.9546917,55.0304031],[12.9552563,55.0301932],[12.9557878,55.0299873],[12.9575615,55.0292812],[12.9579654,55.0291271],[12.9592304,55.0286302],[12.959428,55.0285575],[12.9596968,55.0284492],[12.9605671,55.0281141],[12.9617934,55.0276323],[12.9621255,55.0274976],[12.9629241,55.027198],[12.9632472,55.0270715],[12.964259,55.0266642],[12.9661491,55.0259128],[12.969315,55.0246897],[12.9704609,55.0242363],[12.9706771,55.0241473],[12.9721348,55.0235769]]},"properties":{"voltage":"33000","name":""}},{"type":"Feature","geometry":{"type":"LineString","coordinates":[[12.9665239,55.053675],[12.9665614,55.0536947],[12.967486,55.0541786],[12.9675858,55.0542455],[12.9688989,55.0552296],[12.9692567,55.0555135],[12.9694968,55.0556909],[12.9696956,55.0558299],[12.9701983,55.0562086],[12.9706913,55.0566026],[12.9709246,55.0567828],[12.9711932,55.0569816],[12.9715116,55.0572375],[12.9717395,55.0574311],[12.9720044,55.0576426],[12.9725099,55.0580202],[12.9728889,55.0582948],[12.9737962,55.0589822],[12.9739356,55.0590793],[12.9742301,55.0593006],[12.9745895,55.0595613],[12.9754872,55.060275],[12.9758415,55.0605492],[12.9761687,55.0608125],[12.9765056,55.0610717],[12.9767891,55.0612978],[12.9773939,55.0617447],[12.9782169,55.0623673],[12.9784697,55.0625504],[12.9787146,55.0627369],[12.979234,55.0631195],[12.9800142,55.0637268],[12.9804539,55.0640764],[12.9815925,55.0649674],[12.9820649,55.0653142],[12.9823587,55.0655361],[12.9824579,55.0655954],[12.9834064,55.066108]]},"properties":{"voltage":"33000","name":""}},{"type":"Feature","geometry":{"type":"LineString","coordinates":[[12.8508994,55.027107],[12.8508987,55.0267206],[12.8509177,55.026622],[12.8509348,55.0264785],[12.850925,55.0264068],[12.8509074,55.0263357],[12.8508399,55.0261791],[12.8507481,55.0260649],[12.8506057,55.0259251],[12.8504142,55.0257829],[12.850362,55.0257273],[12.8502115,55.0256014],[12.8501641,55.0255547],[12.849965,55.0253827],[12.8498454,55.0252882],[12.849564,55.0250505],[12.8494484,55.0249433],[12.8493411,55.0248657],[12.8492132,55.024799],[12.8489826,55.0246913],[12.8486672,55.0245301],[12.8485222,55.0244615],[12.8483736,55.0243818],[12.8481232,55.0242598],[12.848034,55.0241974],[12.8478833,55.0240725],[12.8476575,55.0239113],[12.8475997,55.0238577],[12.8475291,55.0238095],[12.8474871,55.0237714],[12.8474062,55.0237164],[12.8473012,55.023627],[12.8470642,55.0234484],[12.8469909,55.0233794],[12.846927,55.0233075],[12.8467715,55.0231117],[12.8465037,55.0227573],[12.8464479,55.0226923],[12.8462864,55.0225591],[12.8460879,55.0223449],[12.8459762,55.0222368],[12.8459389,55.0222076],[12.8458452,55.0221038],[12.8458086,55.0220745],[12.8456555,55.0219283],[12.8455656,55.0218546],[12.8454376,55.021764],[12.8453828,55.021732],[12.8452649,55.0216733],[12.8450624,55.021589],[12.8449211,55.0215503],[12.8448445,55.0215394],[12.8445557,55.02147],[12.8444206,55.0214245],[12.8443046,55.0213792],[12.844089,55.0212637],[12.8439292,55.0211654],[12.843756,55.0210495],[12.8435741,55.0209144],[12.8434896,55.0208613],[12.8434219,55.0208119],[12.843367,55.0207798],[12.8432248,55.0206723],[12.8429452,55.0205148],[12.8428727,55.0204805],[12.8424236,55.0202435],[12.8421878,55.0201254],[12.8420562,55.0200483],[12.8419775,55.0199923],[12.8416461,55.0197204],[12.8414354,55.0195322],[12.8413067,55.0194089],[12.8412166,55.0193143],[12.8411244,55.0192309],[12.8409326,55.0190352],[12.8408911,55.0189867],[12.8405034,55.018607],[12.8401786,55.0183537],[12.8397483,55.0180453],[12.8394603,55.0178213],[12.8390718,55.0175287],[12.8389602,55.0174316],[12.8388976,55.0173696],[12.8387938,55.0172292],[12.8386896,55.017108],[12.8385737,55.0170117],[12.8382381,55.0167748],[12.8380556,55.0166401],[12.8379612,55.0165799],[12.8378651,55.0165088],[12.8376682,55.0163359],[12.8374625,55.0161664],[12.8372392,55.0159712],[12.8369741,55.0157489],[12.836673,55.015508],[12.8363735,55.0152778],[12.8363245,55.0152316],[12.8362367,55.0151683],[12.8359016,55.0148975],[12.8358048,55.0148269],[12.8355704,55.0146252],[12.8354548,55.0145183],[12.8354248,55.0144974],[12.835343,55.0144208],[12.8351834,55.0142876],[12.8350443,55.014179],[12.8348288,55.0139916],[12.8344499,55.0137058],[12.8339093,55.0132763],[12.8338582,55.0132423],[12.8336009,55.0130388],[12.833399,55.0128898],[12.8333304,55.0128296],[12.8330541,55.0126231],[12.8329182,55.0125133],[12.8328676,55.0124788],[12.832744,55.012375],[12.8327031,55.0123477],[12.8323788,55.0120946],[12.8322544,55.0119911],[12.8320459,55.0118338],[12.8316789,55.011543],[12.8316108,55.0114825],[12.8311855,55.0111383],[12.8310629,55.0110451],[12.8309696,55.0109619],[12.8302481,55.0103972],[12.8300676,55.0102504],[12.8299707,55.0101799],[12.8298177,55.0100438],[12.8295757,55.0098674],[12.8293694,55.0096981],[12.8291994,55.0095692],[12.8289105,55.009368],[12.8287367,55.0092297],[12.8286216,55.0091445],[12.8284353,55.0089891],[12.8282959,55.0088807],[12.8282283,55.0088201],[12.8277071,55.0082773],[12.8272532,55.0078683],[12.8271573,55.0077758],[12.8270623,55.0076526],[12.8269192,55.0074339],[12.826845,55.0073446],[12.8268123,55.0072843],[12.8267696,55.0072264],[12.8266335,55.0070746],[12.8265598,55.0070062],[12.8264654,55.0069348],[12.8263433,55.0068303],[12.8260357,55.0065813],[12.8259595,55.0065132],[12.8257924,55.006383],[12.8256514,55.0062643],[12.8252492,55.0059548],[12.8250634,55.0057992],[12.8248314,55.0056185],[12.8247453,55.0055435],[12.8243317,55.0052164],[12.8242191,55.0051191],[12.8239889,55.0049488],[12.8233307,55.0044465],[12.823289,55.0044196],[12.822967,55.0041767],[12.8217555,55.0032505],[12.8213647,55.0029362],[12.8212612,55.0028462],[12.8211764,55.0027818],[12.8210392,55.0026615],[12.820711,55.0023988],[12.8206709,55.0023711],[12.8203771,55.0021274],[12.8202695,55.0020502],[12.8201124,55.001916],[12.819954,55.0017934],[12.8196192,55.0015224],[12.8190151,55.001053],[12.8186603,55.0007905],[12.8185137,55.000674],[12.8183783,55.0005752],[12.8181475,55.000394],[12.8180304,55.0003097],[12.8172174,54.9996834],[12.8168607,54.9993884],[12.8168292,54.9993571],[12.8167029,54.9992572],[12.8161332,54.9985847]]},"properties":{"voltage":"33000","name":""}},{"type":"Feature","geometry":{"type":"LineString","coordinates":[[12.9629046,55.0821433],[12.9629325,55.0821677],[12.9636246,55.0827749],[12.963688,55.0828369],[12.9637443,55.0829013],[12.963854,55.0830404],[12.9639748,55.0832063],[12.9640659,55.0833109],[12.9645682,55.0839495],[12.9646643,55.0840626],[12.9650074,55.0844961],[12.9650767,55.0845767],[12.9653327,55.0849044],[12.9656688,55.0853495],[12.9662078,55.0860476],[12.9664948,55.0864266],[12.9665767,55.0865433],[12.9668326,55.0868713],[12.9668969,55.0869633],[12.9670425,55.0871325],[12.9676746,55.0879051],[12.9678025,55.0880492],[12.9680534,55.0883587],[12.9682167,55.0885529],[12.9682983,55.08864],[12.9683215,55.0886735],[12.9683821,55.0887366],[12.9684923,55.0888756],[12.9685895,55.0889883],[12.9688665,55.0893601],[12.9693159,55.0899336],[12.9696316,55.0903545],[12.9697606,55.0905182],[12.9698808,55.0906547],[12.9700235,55.0908348],[12.970415,55.0916254]]},"properties":{"voltage":"33000","name":""}},{"type":"Feature","geometry":{"type":"LineString","coordinates":[[12.9454553,55.0483607],[12.9462157,55.0482072],[12.9463498,55.048183],[12.946496,55.0481677],[12.9466358,55.0481582],[12.9467139,55.0481565],[12.9468386,55.0481595],[12.9469922,55.048175],[12.9473521,55.048236],[12.9477761,55.0482995],[12.9479388,55.0483322],[12.9489926,55.0485033],[12.9492893,55.0485598],[12.94963,55.0486263],[12.9509115,55.0488897],[12.9513739,55.0489742],[12.9517674,55.049062],[12.9523286,55.0491994],[12.9525949,55.0492525],[12.9533681,55.0493653],[12.9539634,55.0494413],[12.9542724,55.0494698],[12.9545178,55.0494988],[12.9548569,55.0495325],[12.9551455,55.0495735],[12.955764,55.0497014],[12.9562267,55.049785],[12.9565957,55.0498595],[12.957162,55.0499637],[12.957614,55.0500645],[12.9578643,55.0501161],[12.9581693,55.0501864],[12.9583923,55.0502287],[12.9587305,55.0502992],[12.9589121,55.0503269],[12.959315,55.0503596],[12.9595759,55.0503875],[12.9597748,55.050412],[12.9598804,55.0504292],[12.960294,55.0504789],[12.9606886,55.0505355],[12.9612725,55.0506009],[12.9614547,55.0506271],[12.9619446,55.0506866],[12.9624316,55.0507536],[12.9630369,55.0508451],[12.9633119,55.0508802],[12.9640553,55.0509878],[12.9642648,55.0510261],[12.9646241,55.0511155],[12.9649079,55.0511667],[12.9650305,55.0511817],[12.9656166,55.0512379],[12.9658587,55.0512738],[12.9661117,55.0513212],[12.9663527,55.0513603],[12.9668759,55.0514531],[12.9670528,55.0514894],[12.9676534,55.0515906],[12.9679779,55.0516571],[12.968369,55.0517216],[12.9696402,55.0519459],[12.9700177,55.0520053],[12.9706147,55.0520778],[12.971353,55.0521575],[12.9717507,55.0522066],[12.9727039,55.0523106],[12.9741426,55.0524862],[12.974421,55.0525117],[12.9746352,55.0525384],[12.9749589,55.0525708],[12.9751423,55.0525941],[12.9756216,55.0526377],[12.9758981,55.0526684],[12.97613,55.0526894],[12.9769125,55.0527794],[12.9783777,55.0529234],[12.9787602,55.0529715],[12.9789269,55.0529965],[12.9798014,55.0530968],[12.980152,55.0531442],[12.9805822,55.0531916],[12.9807494,55.0532153],[12.9809808,55.0532383],[12.9812551,55.0532751],[12.9822828,55.0533943],[12.9825105,55.0534267],[12.9828629,55.0534692],[12.9835739,55.0535775],[12.9840333,55.0536669],[12.9844256,55.0537575],[12.9847517,55.0538215],[12.9849024,55.0538467],[12.9850712,55.0538668],[12.9853593,55.0539086],[12.9859862,55.0539872],[12.9866565,55.0540774],[12.9868077,55.0541009],[12.9877218,55.0542236],[12.9878911,55.0542422],[12.9880116,55.0542618],[12.98818,55.0542823],[12.9883923,55.0543136],[12.988744,55.054357],[12.9892923,55.0544314],[12.9895846,55.0544627],[12.9901961,55.0545398],[12.9904269,55.0545642],[12.9911162,55.0546469],[12.9913937,55.0546751],[12.9925111,55.0548111],[12.9942756,55.0550553],[12.9947795,55.0551203],[12.9958577,55.0552742],[12.9962567,55.055321],[12.9967744,55.0553916],[12.9973648,55.0554803],[12.9975752,55.0555155],[12.9984396,55.0556419],[12.9986232,55.0556648],[12.999396,55.0557789],[13.0002665,55.0558909],[13.0008952,55.0559645],[13.0011389,55.0559976],[13.0018888,55.0560894],[13.0028394,55.0562008],[13.0032191,55.0562554],[13.0036004,55.056305],[13.0038274,55.0563392],[13.0044987,55.0564275],[13.0049827,55.0565015],[13.0052284,55.0565298],[13.0056049,55.0565915],[13.0058174,55.0566217],[13.0063001,55.0566986],[13.0068347,55.0567675],[13.0071685,55.0568159],[13.0073523,55.0568382],[13.0077458,55.0568975],[13.0081127,55.0569438],[13.0087937,55.057047],[13.0092358,55.0571058],[13.0097657,55.0571855],[13.0100711,55.0572252],[13.0108604,55.0573387],[13.0115475,55.0574276],[13.0134192,55.0576854],[13.0137033,55.057716],[13.015001,55.0577829]]},"properties":{"voltage":"33000","name":""}},{"type":"Feature","geometry":{"type":"LineString","coordinates":[[12.7612427,55.01329],[12.7612332,55.01326],[12.7610167,55.012552],[12.7609505,55.0124169],[12.7608766,55.0122983],[12.7608227,55.012195],[12.7605892,55.011719],[12.7603094,55.0112804],[12.7600867,55.0109831],[12.760018,55.0108828],[12.759943,55.010755],[12.7598703,55.0106556],[12.7595459,55.0101595],[12.7593502,55.009837],[12.7589666,55.0092674],[12.7588823,55.0091321],[12.7587155,55.0088421],[12.7586142,55.0086815],[12.7584529,55.0083999],[12.75798,55.007648],[12.7578974,55.0075029],[12.757686,55.0071838],[12.7575579,55.0069716],[12.7574478,55.0068227],[12.7573543,55.0066605],[12.7571786,55.006401],[12.757043,55.0062192],[12.7567467,55.0057746],[12.7566662,55.0056288],[12.7564358,55.0052769],[12.7561941,55.0045408]]},"properties":{"voltage":"33000","name":""}},{"type":"Feature","geometry":{"type":"LineString","coordinates":[[12.9628948,55.0441137],[12.9640942,55.0437634],[12.9652448,55.0435299],[12.9655512,55.0434616],[12.9657903,55.0434189],[12.9659778,55.043373],[12.9662021,55.0433323],[12.9666021,55.0432297],[12.966752,55.0432025],[12.9670718,55.0431067],[12.9677868,55.0429244],[12.9681897,55.0428047],[12.9685711,55.0427004],[12.9688632,55.0426141],[12.9693992,55.0424664],[12.9699447,55.0423095],[12.9712551,55.0419468],[12.9717663,55.0418112],[12.9722451,55.0416782],[12.9725897,55.0415924],[12.9728285,55.0415253],[12.9731144,55.0414521],[12.97351,55.041344],[12.9737253,55.0412705],[12.9741077,55.0411303],[12.9750571,55.0407994],[12.9760274,55.0404536],[12.9763288,55.0403407],[12.9767017,55.0402089],[12.9769322,55.0401323],[12.9770447,55.0401009],[12.9784859,55.039729],[12.9792068,55.0395329],[12.9797509,55.0393953],[12.9804474,55.0392115],[12.9805726,55.0391745],[12.981244,55.0390032],[12.9815768,55.0389246],[12.982308,55.0387412],[12.9828341,55.0386255],[12.9831089,55.0385606],[12.9836516,55.0384212],[12.9842994,55.038263],[12.9850708,55.0380883],[12.9854986,55.0379774],[12.9857468,55.0379224],[12.9861874,55.0378059],[12.9865484,55.0377196],[12.9869176,55.0376212],[12.987092,55.0375815],[12.9873351,55.0375195],[12.9880075,55.0373717],[12.9883957,55.0372762],[12.9887438,55.037173],[12.9889248,55.0371021],[12.9891915,55.037008],[12.9895802,55.0368569],[12.9902122,55.0366241],[12.9908133,55.0363971],[12.9910279,55.0363234],[12.9912821,55.0362539],[12.9917542,55.0361339],[12.992266,55.0360219],[12.9926466,55.0359693],[12.9929477,55.0359207],[12.9932907,55.0358579],[12.9933937,55.035836],[12.9937686,55.0357722],[12.9939369,55.0357509],[12.9941323,55.0357187],[12.9943538,55.035674],[12.9949624,55.035489],[12.9951244,55.0354346],[12.9954281,55.0353235],[12.996216,55.0350834],[12.9967324,55.0349159],[12.9968987,55.0348684],[12.9971308,55.0348146],[12.9973738,55.0347528],[12.9976527,55.0346703],[12.9979534,55.0345944],[12.9984348,55.034487],[12.9985334,55.0344596],[12.9986378,55.0344397],[12.9988364,55.0343867],[12.9989668,55.0343562],[12.9992203,55.0342855],[12.999579,55.0341962],[12.9998419,55.0341379],[13.0000118,55.0340919],[13.0001574,55.0340592],[13.0006164,55.0339446],[13.00111,55.0338309],[13.0013922,55.0337529],[13.0015657,55.0337118],[13.0020646,55.0335824],[13.0025106,55.033473],[13.0026512,55.0334334],[13.002906,55.0333716],[13.0040808,55.0330485]]},"properties":{"voltage":"33000","name":""}},{"type":"Feature","geometry":{"type":"LineString","coordinates":[[13.1048721,55.0264539],[13.1049067,55.0264325],[13.105765,55.0259097],[13.1060163,55.0257285],[13.1062377,55.0255772],[13.1065998,55.0253421],[13.1068075,55.0251841],[13.1071342,55.0249546],[13.1073081,55.0248508],[13.1074804,55.0247345],[13.1076814,55.0246088],[13.1077673,55.0245446],[13.1079399,55.0244284],[13.1083249,55.0241802],[13.1087953,55.0238674],[13.1090004,55.02372],[13.1092018,55.0235826],[13.1094348,55.0234135],[13.1096393,55.0232776],[13.109839,55.0231276],[13.1102902,55.0228174],[13.1110196,55.0223014],[13.1112936,55.0221165],[13.1115142,55.0219421],[13.111704,55.0217997],[13.1118528,55.0217084],[13.1119219,55.0216724],[13.1121507,55.0215783],[13.1125586,55.0213967],[13.112964,55.0212281],[13.1131289,55.0211451],[13.1132248,55.0210858],[13.1133628,55.0209879],[13.1135454,55.0208533],[13.1136815,55.0207435],[13.113895,55.0205891],[13.1142439,55.0203706],[13.1144553,55.0202142],[13.1145424,55.0201572],[13.115441,55.0196163]]},"properties":{"voltage":"33000","name":""}},{"type":"Feature","geometry":{"type":"LineString","coordinates":[[12.8174343,55.0560545],[12.8177111,55.0567865],[12.8177636,55.0568768],[12.8178857,55.0570617],[12.8179816,55.0571847],[12.8183181,55.0576589],[12.8188277,55.0583447],[12.8193596,55.0590931],[12.8197133,55.0596213],[12.8198575,55.0598494],[12.8201075,55.0602177],[12.8202853,55.060496],[12.820977,55.0615078],[12.8212063,55.0618518],[12.8212904,55.061968],[12.8213563,55.0620786],[12.8215104,55.062314],[12.8216749,55.0625472],[12.8217872,55.0626955],[12.8219753,55.0629813],[12.8221415,55.063214],[12.8224367,55.0636493],[12.8225698,55.0638606],[12.8227053,55.0640617],[12.8232042,55.0647792],[12.8234301,55.065124],[12.823517,55.0652395],[12.8236241,55.0654083],[12.8237149,55.0655326],[12.8237692,55.0656337],[12.8240467,55.0663658]]},"properties":{"voltage":"33000","name":""}},{"type":"Feature","geometry":{"type":"LineString","coordinates":[[12.9224031,55.0769917],[12.922033,55.0777161],[12.9219199,55.0780605],[12.9218952,55.0781675],[12.9218386,55.0783442],[12.9218194,55.0784334],[12.92171,55.0787964],[12.9216059,55.079096],[12.9215468,55.0792815],[12.9214969,55.0794681],[12.9214087,55.0797236],[12.9212023,55.0804689],[12.9211313,55.0806898],[12.9211114,55.0807971],[12.9210615,55.0809381],[12.9208429,55.0817095],[12.920812,55.0818522],[12.9207612,55.0820022],[12.920714,55.0821798],[12.9206063,55.0825244],[12.9204916,55.0828686],[12.9204636,55.0829844],[12.920323,55.0834444],[12.9202825,55.0835498],[12.9201931,55.0838235],[12.9201443,55.0840101],[12.9199407,55.0846372],[12.9194979,55.0861794],[12.9193497,55.0866661],[12.9193007,55.0868682],[12.9192196,55.0876155]]},"properties":{"voltage":"33000","name":""}},{"type":"Feature","geometry":{"type":"LineString","coordinates":[[12.7229932,54.9605212],[12.7285038,54.9757816],[12.7340713,54.9914947],[12.7347103,54.9922732],[12.7537269,55.0103186],[12.7543523,55.010899],[12.7544438,55.0109925],[12.7545236,55.0111096],[12.7545776,55.0112416],[12.7545932,55.0114678],[12.7546621,55.0117276],[12.75467,55.0119363],[12.7546433,55.0121961],[12.7546485,55.0123279],[12.7546882,55.0132097],[12.7546645,55.0142707],[12.7546352,55.0145556],[12.7546891,55.0160363],[12.7546598,55.0168445],[12.7547215,55.0178138],[12.7547114,55.0183791],[12.7547443,55.0186806],[12.7546973,55.0193671],[12.7547208,55.0198678],[12.7546944,55.0202632],[12.7547725,55.0262959],[12.7547536,55.0333042],[12.7565568,55.0388153],[12.7582187,55.0437524],[12.7599378,55.0489635],[12.7618912,55.0549566],[12.7652345,55.0651438],[12.7690663,55.0768768],[12.769874,55.0791456],[12.7705502,55.081425],[12.7724471,55.0881335],[12.7764856,55.1024389],[12.7825905,55.1234917],[12.7969817,55.1280206],[12.8985072,55.1518612],[12.9167857,55.1708636],[12.9604731,55.2214631],[13.0169277,55.2865163],[13.0218629,55.3684657],[13.0303223,55.3796762],[13.0309693,55.3804208],[13.0318934,55.3814589]]},"properties":{"voltage":"450000","name":"HVDC Baltic Cable"}},{"type":"Feature","geometry":{"type":"LineString","coordinates":[[9.3220791,54.8058284],[9.3223071,54.8089927],[9.3225566,54.8119295],[9.3227282,54.8148724],[9.3222559,54.8180678],[9.3217529,54.8213046],[9.3221835,54.8240669],[9.3253179,54.8265648],[9.328497,54.8291154],[9.3291789,54.8319346],[9.330461,54.8331922],[9.3349859,54.8347655],[9.3368259,54.8367312],[9.338513,54.8395811],[9.3379578,54.8423273],[9.3375282,54.8451373],[9.3369949,54.8481342],[9.3381643,54.8509308],[9.3393016,54.8537426],[9.3411764,54.8564446],[9.3436977,54.8588361],[9.3469298,54.8611364],[9.3501967,54.8634566],[9.3534824,54.8657968],[9.356917,54.8682742],[9.3604615,54.8707298],[9.3639001,54.8732208],[9.3674085,54.8756823],[9.3708256,54.8781328],[9.3742454,54.8805693],[9.3777323,54.882998],[9.3812621,54.8854975],[9.3847704,54.8879937],[9.3876363,54.8906919],[9.3897016,54.8933683],[9.3910655,54.8964363],[9.3915912,54.8994246],[9.3914008,54.9023526],[9.3911892,54.9052927],[9.3909901,54.908144],[9.3908084,54.9107424],[9.3905961,54.9138264],[9.3903601,54.9170377],[9.390167,54.9199529],[9.3899471,54.9230959],[9.3897137,54.9263928],[9.3895045,54.9294182],[9.3892899,54.9326021],[9.3890659,54.935597],[9.3889493,54.9373297],[9.3888454,54.9391241],[9.3864602,54.941402],[9.3824422,54.943297],[9.3784082,54.945192],[9.3743648,54.947093],[9.3704326,54.9489492],[9.3664683,54.9508215],[9.3625014,54.9526976],[9.3586618,54.9549132],[9.3547203,54.957198],[9.3509451,54.959401],[9.3470666,54.9616463],[9.3433987,54.9637775],[9.3396194,54.9659671],[9.335686,54.9682443],[9.3319094,54.9704321],[9.3279505,54.9727368],[9.32408,54.9749675],[9.320325,54.9771334],[9.3164814,54.9793538],[9.3137509,54.9816418],[9.3113892,54.9836111],[9.3091804,54.986473],[9.3072009,54.9890707],[9.3049827,54.9919452],[9.3026921,54.9948949],[9.3006027,54.9976213],[9.2985696,55.0002782],[9.2963809,55.0031104],[9.2942861,55.0058362],[9.2919874,55.0088095],[9.2897209,55.0117534],[9.2874491,55.0147108],[9.2852899,55.0175243],[9.2830878,55.0203637],[9.2809662,55.0231099],[9.2787588,55.0259897],[9.2765111,55.0289046],[9.2743466,55.0317789],[9.2718494,55.0343126]]},"properties":{"voltage":"400000","name":""}},{"type":"Feature","geometry":{"type":"LineString","coordinates":[[9.2691269,55.0440872],[9.2690326,55.0455104]]},"properties":{"voltage":"150000","name":""}},{"type":"Feature","geometry":{"type":"LineString","coordinates":[[9.2713677,55.037458],[9.2711654,55.0374467],[9.2709897,55.0381721],[9.2715195,55.0390666],[9.2708167,55.0404622],[9.2691269,55.0440872]]},"properties":{"voltage":"150000","name":""}},{"type":"Feature","geometry":{"type":"LineString","coordinates":[[9.2718494,55.0343126],[9.2700255,55.036486],[9.2698874,55.037055]]},"properties":{"voltage":"400000","name":""}},{"type":"Feature","geometry":{"type":"LineString","coordinates":[[9.2675605,55.0374428],[9.2674397,55.03684]]},"properties":{"voltage":"400000","name":""}},{"type":"Feature","geometry":{"type":"LineString","coordinates":[[9.2697688,55.0374624],[9.2698874,55.037055],[9.2700044,55.0366628]]},"properties":{"voltage":"400000","name":""}},{"type":"Feature","geometry":{"type":"LineString","coordinates":[[9.2718494,55.0343126],[9.2694286,55.0364312],[9.2692457,55.0369971]]},"properties":{"voltage":"400000","name":""}},{"type":"Feature","geometry":{"type":"LineString","coordinates":[[10.2492011,55.0957701],[10.2513165,55.0961668],[10.2523546,55.0962433],[10.2540448,55.0969677],[10.2543321,55.0971032],[10.2545616,55.0971973],[10.2558555,55.0975137],[10.257662,55.0979658],[10.2582254,55.0980993],[10.2583918,55.0981085],[10.2595563,55.0979581],[10.2605302,55.097823],[10.2608844,55.098543],[10.2610052,55.0987764],[10.260922,55.0990895],[10.2608039,55.0995163],[10.2606107,55.0998571],[10.2604229,55.1001903],[10.2602619,55.100353],[10.2600449,55.1005369],[10.2598647,55.1007283],[10.259673,55.1008855],[10.2594956,55.1009771],[10.2589035,55.1010377],[10.2586231,55.1010917],[10.2580424,55.1012963],[10.2577992,55.1013716],[10.2583084,55.1017235],[10.2591402,55.1021854],[10.2594461,55.1025801],[10.2599924,55.1030052],[10.2602453,55.103332],[10.2606074,55.103816],[10.2607854,55.1041196],[10.2609508,55.1045322],[10.2609883,55.1046857],[10.2610882,55.1048858],[10.2611849,55.105059],[10.261366,55.1056144],[10.261391,55.1059626],[10.2614534,55.1061966],[10.261725,55.1067126],[10.2618655,55.1072037],[10.2622206,55.1078511],[10.2624865,55.1082746],[10.2627978,55.1088109],[10.2631558,55.1090189],[10.2634781,55.1093731],[10.2636367,55.1094862],[10.2638736,55.1099524],[10.2640853,55.1103101],[10.2645401,55.1105649],[10.2649824,55.110798],[10.2657225,55.111531],[10.2660888,55.112229],[10.2664866,55.1129064],[10.2670597,55.113391],[10.2676598,55.1135864],[10.2685341,55.1141394],[10.2697607,55.1151226],[10.2699495,55.1155777],[10.2703934,55.1158485],[10.271441,55.1163625],[10.2718521,55.1166355],[10.2719549,55.1171019],[10.2719913,55.117483],[10.2722135,55.1175153],[10.2753332,55.1176063],[10.2762449,55.1176594],[10.2763543,55.1177599],[10.276341,55.1181846],[10.2764306,55.1185638],[10.2762515,55.1192596],[10.277024,55.1209905],[10.2794555,55.1224826],[10.2810602,55.1235769],[10.2838548,55.1250877],[10.2879038,55.1274408],[10.2885352,55.1275901],[10.2902046,55.1273766],[10.2915766,55.1277046],[10.2923141,55.1279719],[10.2927275,55.1282635],[10.2929231,55.128747],[10.2930235,55.1293966],[10.2930632,55.1299223],[10.2958512,55.130772],[10.3003458,55.1317335],[10.3008671,55.1323668],[10.3015478,55.1326814],[10.302366,55.1330126],[10.3038793,55.1331864],[10.3045677,55.133252],[10.3051552,55.1331498],[10.3061386,55.1332204],[10.3066723,55.1332482],[10.3079761,55.1334329],[10.3097163,55.1337667],[10.3099714,55.1337278],[10.3102888,55.1337148],[10.3109464,55.1340551],[10.3113262,55.1340583],[10.3128737,55.1344763],[10.3135597,55.1346869],[10.3208454,55.1356283],[10.3230061,55.135489],[10.3246925,55.1373266],[10.3268664,55.1385353],[10.327209,55.1389871],[10.3289547,55.1400263],[10.3293697,55.1402259],[10.329844,55.1405121],[10.3299296,55.1407041],[10.329844,55.1408509],[10.3294081,55.1411226],[10.32879,55.1414571],[10.3290553,55.1416316],[10.3280305,55.1421543],[10.3281619,55.1423045],[10.3289081,55.142743],[10.3289397,55.1428061],[10.3288976,55.1428542],[10.3279592,55.1433141],[10.328242,55.1434569],[10.328523,55.1436048],[10.3286847,55.143694],[10.3287322,55.1437214],[10.3287564,55.1437434],[10.3287869,55.1438546],[10.3289871,55.1439733],[10.3290715,55.1440206],[10.3291668,55.1440702],[10.3293935,55.144192],[10.3295049,55.1442368],[10.3295296,55.1442427],[10.3295455,55.1442425],[10.3295588,55.1442379],[10.3296222,55.1442018],[10.3297167,55.1441421],[10.3298052,55.1440784],[10.3298261,55.1440817],[10.3298729,55.1441105]]},"properties":{"voltage":"60000","name":""}},{"type":"Feature","geometry":{"type":"LineString","coordinates":[[10.2492011,55.0957701],[10.2491036,55.0957515],[10.2490589,55.095836],[10.249219,55.0958729],[10.2491594,55.0960575],[10.2491694,55.0961512],[10.2493183,55.0963749],[10.2487139,55.0967129],[10.2483127,55.0970384],[10.2477832,55.0969513],[10.2473379,55.0967604],[10.2450137,55.0975411],[10.2448041,55.0982842],[10.2445698,55.0989816],[10.2445256,55.0993761],[10.2442444,55.0999756],[10.2430613,55.1004458],[10.2427442,55.1009002],[10.2426819,55.1011034],[10.2425839,55.1011724],[10.241653,55.1013041],[10.2418564,55.1019956],[10.2423056,55.1031708],[10.2427853,55.1046143],[10.2411898,55.1048174],[10.2413779,55.1053999],[10.2407655,55.1053863],[10.2402782,55.1053621],[10.239962,55.1055678],[10.2385522,55.1057335],[10.2380232,55.1058008],[10.2378086,55.1059161],[10.2355,55.1061859],[10.2354852,55.1069373],[10.2355316,55.107839],[10.2319607,55.1082258],[10.2321978,55.1084452],[10.2322613,55.1087084],[10.2322613,55.10904],[10.2322483,55.1094096],[10.2322597,55.1100071],[10.2322392,55.1107383],[10.2323141,55.110951],[10.2323213,55.1117311],[10.2321982,55.1121619],[10.2305398,55.1133631],[10.229823,55.1135957],[10.2295426,55.1137077],[10.2294449,55.1137377],[10.2294188,55.1137256]]},"properties":{"voltage":"60000","name":""}},{"type":"Feature","geometry":{"type":"LineString","coordinates":[[10.2504413,55.0951818],[10.2506154,55.0954492],[10.2503728,55.0956474],[10.2500337,55.0958359],[10.2490463,55.0956722],[10.2489377,55.0956985],[10.2492011,55.0957701]]},"properties":{"voltage":"10000","name":""}},{"type":"Feature","geometry":{"type":"LineString","coordinates":[[10.2493515,55.0950701],[10.2493441,55.0951038],[10.2492287,55.0951003],[10.2487683,55.0950438],[10.2486448,55.0950268],[10.2485573,55.0950925],[10.2484767,55.095237],[10.2483724,55.0954323],[10.2483721,55.0954773],[10.2483805,55.0955224],[10.2484032,55.0955468],[10.2484357,55.0955682],[10.2488093,55.0956304],[10.2489377,55.0956538],[10.2489377,55.0956985],[10.2492011,55.0957701]]},"properties":{"voltage":"10000","name":""}},{"type":"Feature","geometry":{"type":"LineString","coordinates":[[10.2499208,55.0940828],[10.2499463,55.0941095],[10.249918,55.0941582],[10.2500916,55.0941842],[10.2500087,55.0943606],[10.2500512,55.094507],[10.2498039,55.0947654],[10.2497467,55.094818],[10.2495934,55.094827],[10.2496176,55.0949078],[10.2496284,55.0949976],[10.249614,55.0950528],[10.2495536,55.095106],[10.2494933,55.0951074],[10.2493441,55.0951038],[10.2493515,55.0950701]]},"properties":{"voltage":"10000","name":""}},{"type":"Feature","geometry":{"type":"LineString","coordinates":[[10.24705,55.0951318],[10.2470294,55.0951602],[10.2473994,55.0952502],[10.2474561,55.0952161],[10.2475922,55.0952323],[10.2480557,55.0953183],[10.2483173,55.0953905],[10.2483662,55.0954023],[10.2485299,55.0956217],[10.248615,55.0956586],[10.2489377,55.0956985]]},"properties":{"voltage":"10000","name":""}},{"type":"Feature","geometry":{"type":"LineString","coordinates":[[10.2590181,55.0287639],[10.2589833,55.0287547],[10.2590906,55.0286685],[10.2587874,55.0284452],[10.2572215,55.0272029],[10.2550139,55.026178],[10.2535109,55.025379],[10.2534148,55.0252975],[10.2525275,55.02503]]},"properties":{"voltage":"10000","name":""}},{"type":"Feature","geometry":{"type":"LineString","coordinates":[[10.2593185,55.0553813],[10.2516527,55.0396205]]},"properties":{"voltage":"10000","name":""}},{"type":"Feature","geometry":{"type":"LineString","coordinates":[[10.2632409,55.0557602],[10.2593185,55.0553813]]},"properties":{"voltage":"10000","name":""}},{"type":"Feature","geometry":{"type":"LineString","coordinates":[[10.2516527,55.0396205],[10.2512073,55.0395411],[10.2514374,55.0392531],[10.2518182,55.0387015],[10.251696,55.0386523],[10.2519133,55.038484],[10.2521071,55.0383111],[10.2523759,55.0380272],[10.2526541,55.0376985],[10.2530464,55.0372471],[10.2532402,55.0370205],[10.2533543,55.0369193],[10.2535763,55.036776],[10.2543093,55.0363918],[10.2544796,55.0362986],[10.2545656,55.0362431],[10.2546344,55.0361956],[10.254736,55.0360971],[10.2549438,55.0358445],[10.2553674,55.0353734],[10.2558894,55.0347697],[10.2560692,55.0345574],[10.2561254,55.0344831],[10.2561629,55.0343935],[10.2561749,55.0342299],[10.2561628,55.0335291],[10.2561354,55.0324414],[10.2560992,55.0324414]]},"properties":{"voltage":"10000","name":""}},{"type":"Feature","geometry":{"type":"LineString","coordinates":[[10.2560992,55.0324414],[10.2561354,55.0324414],[10.256144,55.032324],[10.2563612,55.0322352],[10.2564012,55.0322015],[10.2564141,55.0321538],[10.2565221,55.032108],[10.2562497,55.0319048],[10.256144,55.0318207],[10.2560524,55.0317278],[10.2560078,55.0316544],[10.2559961,55.0315878],[10.25611,55.0312143],[10.2561769,55.030925],[10.2562967,55.030752],[10.2564293,55.0306578],[10.2573734,55.0299963],[10.2580826,55.0295104],[10.2587342,55.0290541],[10.2589373,55.0289229],[10.2591933,55.0287977],[10.2591581,55.0287318],[10.2590906,55.0286685],[10.2589833,55.0287547],[10.2590181,55.0287639]]},"properties":{"voltage":"10000","name":""}},{"type":"Feature","geometry":{"type":"LineString","coordinates":[[10.2499613,55.0644415],[10.2499272,55.0643923],[10.2500549,55.0643889],[10.2501179,55.0644303],[10.2504192,55.0643611],[10.2509478,55.0643562],[10.2580165,55.0603944],[10.2631384,55.0559052],[10.2630506,55.0558479],[10.2632409,55.0557602]]},"properties":{"voltage":"10000","name":""}},{"type":"Feature","geometry":{"type":"LineString","coordinates":[[10.2715793,55.0220836],[10.2716448,55.0220633],[10.2717634,55.022147],[10.2719828,55.0222738],[10.2721332,55.0223519],[10.2722394,55.0224219],[10.2723049,55.0225005],[10.2723297,55.0225508],[10.2723252,55.0226045],[10.2722704,55.0226522],[10.272235,55.0226674],[10.272135,55.0226908],[10.2721536,55.0227227],[10.2720571,55.022745],[10.2719421,55.022776],[10.2718359,55.022814],[10.2717342,55.0228602],[10.2716581,55.0229043],[10.2715236,55.022991],[10.2713944,55.0230762],[10.271298,55.0231407],[10.271159,55.0232193],[10.2708706,55.0233826],[10.2705485,55.0235698],[10.2699088,55.0239461],[10.2692735,55.0243118],[10.2682896,55.0248819],[10.2681692,55.0249514],[10.2680799,55.0249981],[10.267918,55.0250787],[10.2677339,55.0251588],[10.2671747,55.0253759],[10.2666712,55.0255737],[10.2660103,55.0258253],[10.2653998,55.0260591],[10.2651954,55.0261352],[10.2644849,55.026408],[10.2639372,55.0266099],[10.2637611,55.0266743],[10.2636646,55.0267164],[10.2635832,55.0267646],[10.263447,55.0268584],[10.2631895,55.0270851],[10.2631187,55.0271602],[10.263032,55.0272266],[10.2629267,55.0272839],[10.2625958,55.0274361],[10.2623392,55.0275304],[10.262056,55.027642],[10.2613499,55.0279214],[10.2593182,55.0287361],[10.2591933,55.0287977],[10.2591581,55.0287318],[10.2590906,55.0286685],[10.2589833,55.0287547],[10.2590181,55.0287639]]},"properties":{"voltage":"10000","name":""}},{"type":"Feature","geometry":{"type":"LineString","coordinates":[[10.4001934,55.0685439],[10.4002612,55.0685451],[10.4003104,55.0685474],[10.4003057,55.0685829],[10.4002164,55.0685905],[10.4001507,55.0685779],[10.4001434,55.0685445],[10.4001131,55.0685409]]},"properties":{"voltage":"10000","name":""}},{"type":"Feature","geometry":{"type":"LineString","coordinates":[[10.4001131,55.0685409],[10.4001434,55.0685445],[10.4001507,55.0685779],[10.3998919,55.0694493],[10.4000851,55.0694414],[10.4000804,55.0695063],[10.3999297,55.0695058]]},"properties":{"voltage":"10000","name":""}},{"type":"Feature","geometry":{"type":"LineString","coordinates":[[10.3998494,55.069504],[10.3998946,55.0695046],[10.3999066,55.069615],[10.4000904,55.0696156],[10.4000804,55.0695063],[10.3999297,55.0695058]]},"properties":{"voltage":"10000","name":""}},{"type":"Feature","geometry":{"type":"LineString","coordinates":[[10.3998494,55.069504],[10.3998946,55.0695046],[10.3999066,55.069615],[10.3997438,55.0701248],[10.4020221,55.0716397],[10.4154576,55.0750777]]},"properties":{"voltage":"10000","name":""}},{"type":"Feature","geometry":{"type":"LineString","coordinates":[[10.4194528,55.0733848],[10.419302,55.0732878],[10.4189148,55.073925],[10.4185335,55.074132],[10.4184809,55.0742844],[10.4183495,55.0743409],[10.418264,55.0743597],[10.4181293,55.0743409],[10.417914,55.0742995],[10.4171872,55.074828],[10.4167955,55.0747509],[10.4165445,55.0750523],[10.41642,55.0751235],[10.4160119,55.0751177],[10.4154576,55.0750777]]},"properties":{"voltage":"10000","name":""}},{"type":"Feature","geometry":{"type":"LineString","coordinates":[[10.3123023,55.0122772],[10.3123958,55.0122477],[10.3124262,55.0122886],[10.3121316,55.012369],[10.3119049,55.0124361],[10.3116395,55.0125279],[10.3114747,55.0126344],[10.3112994,55.012743],[10.3109043,55.0129468],[10.3106729,55.013056],[10.3103736,55.0132135],[10.309961,55.0134233],[10.3097097,55.0135319],[10.3094304,55.0136123],[10.309144,55.0136894],[10.3089137,55.0137859],[10.3087606,55.0139005],[10.308611,55.0140674],[10.3084731,55.0141893],[10.3083585,55.0142657],[10.3083106,55.0142925],[10.3081762,55.0143542],[10.3080441,55.0143937],[10.307919,55.0144206],[10.3077004,55.0144554],[10.3075894,55.0144782],[10.3074339,55.0145244],[10.3072609,55.0145821],[10.3071382,55.014623],[10.3069711,55.0146739],[10.3067583,55.0147268],[10.3065398,55.0147771],[10.3064147,55.014816],[10.3062779,55.0148703],[10.3060944,55.0149534],[10.3058899,55.0150525],[10.3056783,55.015143],[10.3054282,55.0152355],[10.3050927,55.0153602],[10.3048975,55.0154412],[10.3047713,55.0155116],[10.3044557,55.0157086],[10.3041027,55.0159573],[10.3038607,55.0160987],[10.3037438,55.0161302],[10.3036515,55.0161295],[10.3035778,55.0161161],[10.3035136,55.016157],[10.3034084,55.0161154],[10.3032061,55.0160411],[10.3030565,55.0160055],[10.3029583,55.0159975],[10.302783,55.0160169],[10.3026714,55.0160459],[10.3024406,55.0161401],[10.3019019,55.0163735],[10.3013496,55.0166215],[10.3008512,55.0168253],[10.3006395,55.0169113],[10.3005199,55.0169527],[10.300197,55.0170578],[10.2997878,55.0171898],[10.2993302,55.0173286],[10.2987035,55.017537],[10.298058,55.0177259],[10.2975994,55.0178418],[10.2965769,55.0180989],[10.2958736,55.0182547],[10.2953658,55.0183618],[10.2946004,55.0185116],[10.2941818,55.0185731],[10.2938428,55.0185528],[10.2934612,55.0186075],[10.2928922,55.018694],[10.2924785,55.0187525],[10.2919483,55.0188301],[10.291346,55.0189166],[10.2907159,55.0190088],[10.290331,55.0190526],[10.2899628,55.0190857],[10.2896189,55.0191054],[10.2890133,55.0191188],[10.2885674,55.0191181],[10.2878042,55.0191054],[10.2867793,55.0190927],[10.2860983,55.0190806],[10.2850634,55.019066],[10.2840118,55.0190533],[10.283516,55.019038],[10.2832243,55.0190533],[10.2826531,55.0190787],[10.2818544,55.0191245],[10.2814928,55.0191474],[10.2801329,55.0192402],[10.2787353,55.0193503],[10.2774642,55.019459],[10.2761686,55.0195671],[10.274852,55.0196771],[10.2746734,55.0196949],[10.2744726,55.0197471],[10.2743229,55.0198386],[10.2733189,55.0208499],[10.2711938,55.0214943],[10.271174,55.0216684],[10.2712548,55.0217147],[10.2713485,55.0218172],[10.2714606,55.0219376],[10.2715542,55.0220165],[10.2716448,55.0220633],[10.2715793,55.0220836]]},"properties":{"voltage":"10000","name":""}},{"type":"Feature","geometry":{"type":"LineString","coordinates":[[10.330264,55.0098225],[10.3302171,55.0097979],[10.3302549,55.0097412],[10.3303453,55.0097359],[10.3303981,55.0097747],[10.3303232,55.0098919],[10.3295837,55.0102284],[10.3294461,55.010335],[10.3291853,55.010362],[10.3284584,55.0104721],[10.3275867,55.0105953],[10.3267077,55.0107324],[10.3256693,55.0108889],[10.3235056,55.0112094],[10.3224274,55.0113666],[10.320993,55.0115764],[10.3195453,55.0117993],[10.3184538,55.0119634],[10.318251,55.0119821],[10.3176133,55.0120022],[10.3165629,55.0120303],[10.3158406,55.0120464],[10.3154096,55.0120403],[10.3148998,55.0120226],[10.3141724,55.0119917],[10.3137797,55.0119731],[10.3136452,55.0119712],[10.3135364,55.0119788],[10.3133928,55.0120074],[10.3132491,55.0120445],[10.3126081,55.0122416],[10.3124262,55.0122886],[10.3123958,55.0122477],[10.3123023,55.0122772]]},"properties":{"voltage":"10000","name":""}},{"type":"Feature","geometry":{"type":"LineString","coordinates":[[10.2355677,55.0713338],[10.2357252,55.0712317],[10.2363499,55.0706764],[10.2371888,55.0703656],[10.2382867,55.0702632],[10.2390535,55.0702247],[10.2391961,55.0700996],[10.2435472,55.0656329],[10.2434942,55.065546],[10.2437372,55.0655001],[10.2439728,55.0654521],[10.2442307,55.0653744],[10.244449,55.065332],[10.2446254,55.0652903],[10.2450029,55.0652331],[10.2451435,55.0652225],[10.2454001,55.0652253],[10.2458726,55.0653179],[10.2459947,55.0653426],[10.2460823,55.0653419],[10.2461798,55.0653292],[10.2468138,55.0651386],[10.2469554,55.0650978],[10.247232,55.0650483],[10.2473511,55.0650283],[10.2478831,55.0650109],[10.2479914,55.0650035],[10.2483053,55.0649203],[10.2489132,55.0647655],[10.2492059,55.0646769],[10.2494313,55.0646278],[10.2496197,55.06453],[10.2499272,55.0643923],[10.2499613,55.0644415]]},"properties":{"voltage":"10000","name":""}},{"type":"Feature","geometry":{"type":"LineString","coordinates":[[10.2280681,55.0761924],[10.235514,55.0713686]]},"properties":{"voltage":"10000","name":""}},{"type":"Feature","geometry":{"type":"LineString","coordinates":[[10.2268388,55.0805197],[10.226876,55.0805265],[10.2271326,55.0800483],[10.227547,55.0780305],[10.2275697,55.0779604],[10.2276453,55.0777613],[10.2276967,55.0775899],[10.227733,55.0774133],[10.2277286,55.0771138],[10.2277212,55.0769385],[10.2277271,55.0767498],[10.2279896,55.0762433]]},"properties":{"voltage":"10000","name":""}},{"type":"Feature","geometry":{"type":"LineString","coordinates":[[10.214635,55.0845421],[10.2146717,55.0845839],[10.2147037,55.0846197],[10.2152502,55.0844613],[10.2155755,55.0843735],[10.2159608,55.0842722],[10.2163938,55.0841517],[10.2169375,55.0839925],[10.2172307,55.0839071],[10.2173855,55.083863],[10.2175589,55.0838361],[10.2179192,55.0837871],[10.2184935,55.0837136],[10.2188859,55.0836535],[10.2194605,55.0835418],[10.2197813,55.0834723],[10.220087,55.0833895],[10.22039,55.0832848],[10.2206862,55.0831824],[10.2210008,55.0830982],[10.2212212,55.0830608],[10.2213763,55.0830285],[10.2215823,55.082986],[10.2217705,55.0829023],[10.2222058,55.0826773],[10.222909,55.0823172],[10.2234827,55.082011],[10.2236787,55.0819026],[10.2239062,55.0817798],[10.2241049,55.0816254],[10.2243755,55.081358],[10.2247069,55.0809838],[10.2251617,55.0805324],[10.2254975,55.080209],[10.2255137,55.0802056],[10.225737,55.0802683],[10.2268461,55.0805902],[10.226876,55.0805265],[10.2268388,55.0805197]]},"properties":{"voltage":"10000","name":""}},{"type":"Feature","geometry":{"type":"LineString","coordinates":[[10.2172901,55.0724311],[10.2172598,55.0724334],[10.2172471,55.072397],[10.2168267,55.0724415],[10.2166802,55.0724669],[10.2165659,55.0725332],[10.2165468,55.0726274],[10.2165478,55.0727009],[10.2165361,55.0728354],[10.21652,55.0729582],[10.2165028,55.0731821],[10.2164907,55.0733655],[10.2164924,55.0735999],[10.2165158,55.0738817],[10.2165382,55.0741996],[10.2165417,55.0744458],[10.2165486,55.0746832],[10.2165928,55.0751686],[10.2166005,55.0752946],[10.216688,55.0755001],[10.2168501,55.0757712],[10.2171219,55.0762385],[10.2171549,55.076304],[10.2171374,55.0763883],[10.217057,55.0765358],[10.2168808,55.0767664],[10.2166974,55.0769976],[10.2166016,55.0771521],[10.2164172,55.0774636],[10.216337,55.0775933],[10.2189502,55.0787979],[10.2189727,55.0787851],[10.2190356,55.0787659],[10.2191106,55.0787698],[10.2192352,55.0788648],[10.2199644,55.0794164],[10.2205946,55.0798214],[10.2208901,55.0800306],[10.2211318,55.0801943],[10.2214562,55.0803479],[10.2218395,55.0803834],[10.2220592,55.0803708],[10.2227493,55.0799489],[10.2230007,55.0798842],[10.2243764,55.0800826],[10.2249451,55.0801585],[10.2255137,55.0802056],[10.225737,55.0802683],[10.2268461,55.0805902],[10.226876,55.0805265],[10.2268388,55.0805197]]},"properties":{"voltage":"10000","name":""}},{"type":"Feature","geometry":{"type":"LineString","coordinates":[[10.3645002,55.0935466],[10.3645395,55.0935525],[10.3644925,55.0936102],[10.3644218,55.0937109],[10.3643796,55.0937689],[10.3642666,55.0939144],[10.3641723,55.0940243],[10.3641154,55.0940852],[10.3640436,55.0941492],[10.3638677,55.0942693],[10.3636593,55.0943856],[10.3635536,55.0944476],[10.3634756,55.0945026],[10.3634064,55.0945718],[10.3632789,55.0947294],[10.3632253,55.0948116],[10.3631444,55.0949717],[10.3631193,55.0950455],[10.3631131,55.0951056],[10.3631047,55.0952215],[10.3630989,55.0953309],[10.3631058,55.0954908],[10.3631142,55.0956134],[10.3631375,55.095741],[10.3631809,55.0959697],[10.3632173,55.0961987],[10.3632698,55.0964864],[10.3633213,55.0967817],[10.3633592,55.0969836],[10.3634213,55.0972815],[10.363492,55.0976156],[10.3636242,55.0979997],[10.3637191,55.0981935],[10.3638302,55.0984328],[10.3640238,55.0987662],[10.364298,55.099189],[10.3646033,55.0996682],[10.3648732,55.1000451],[10.365085,55.1003103],[10.3651374,55.1003814],[10.365524,55.1008061],[10.3656091,55.1009187],[10.3656817,55.1010735],[10.3657118,55.1011381],[10.3658467,55.1011265]]},"properties":{"voltage":"10000","name":""}},{"type":"Feature","geometry":{"type":"LineString","coordinates":[[10.35061,55.0964877],[10.3506173,55.0964669],[10.3509033,55.0964973],[10.3509588,55.096688],[10.3509842,55.0967315],[10.3510916,55.0967722],[10.3512316,55.0967819],[10.351438,55.0967529],[10.3517712,55.096757],[10.3544017,55.0966676],[10.3546175,55.0965899],[10.3621279,55.0951469],[10.3631131,55.0951056],[10.3631193,55.0950455],[10.3631444,55.0949717],[10.3632253,55.0948116],[10.3632789,55.0947294],[10.3634064,55.0945718],[10.3634756,55.0945026],[10.3635536,55.0944476],[10.3636593,55.0943856],[10.3638677,55.0942693],[10.3640436,55.0941492],[10.3641154,55.0940852],[10.3641723,55.0940243],[10.3642666,55.0939144],[10.3643796,55.0937689],[10.3644218,55.0937109],[10.3644925,55.0936102],[10.3645395,55.0935525],[10.3645002,55.0935466]]},"properties":{"voltage":"10000","name":""}},{"type":"Feature","geometry":{"type":"LineString","coordinates":[[10.3541619,55.0909771],[10.3541837,55.0909642],[10.3542143,55.0909661],[10.3542355,55.0909775],[10.3541258,55.0910388],[10.3540001,55.0910887],[10.3537251,55.0911912],[10.3534995,55.0912812],[10.3529755,55.0914789],[10.3526521,55.0915997],[10.3522233,55.0917585],[10.3520897,55.0918017],[10.3520381,55.0918167],[10.3519074,55.0918426],[10.3518229,55.0918526],[10.3517193,55.0918586],[10.3516157,55.0918579],[10.3515124,55.0918514],[10.3513634,55.0918345],[10.3509406,55.0917838],[10.3508465,55.0917755],[10.3507345,55.0917709],[10.3506263,55.0917747],[10.3504977,55.0917821],[10.3503312,55.0917998],[10.3501822,55.0918264],[10.3500865,55.0918517],[10.350007,55.0918795],[10.3498521,55.0919574],[10.3497768,55.0920036],[10.349731,55.0920325],[10.3496211,55.0921461],[10.3495962,55.0922256],[10.3495728,55.0923171],[10.3495562,55.0924583],[10.3495433,55.0926675],[10.3495212,55.0928811],[10.3494838,55.0931257],[10.3494739,55.0932117],[10.3494473,55.0934094],[10.349424,55.0936609],[10.3494267,55.093774],[10.3494642,55.0940226],[10.3494853,55.0941146],[10.349494,55.094224],[10.3494968,55.0942495],[10.3495918,55.0942517],[10.3495842,55.0944301],[10.349575,55.0945212],[10.3495923,55.0946029],[10.3496048,55.094634],[10.3496684,55.0947173],[10.3498107,55.0948568],[10.3498683,55.0949094],[10.3499731,55.0950362],[10.3500877,55.0951746],[10.3501338,55.0952168],[10.3502224,55.0952723],[10.3503188,55.0953109],[10.3504372,55.0953498],[10.3505052,55.095366],[10.3504747,55.0954188],[10.3505087,55.0954362],[10.3505499,55.0954747],[10.3505853,55.0955238],[10.3506243,55.0955972],[10.3506526,55.0956544],[10.3506654,55.0957018],[10.3506753,55.0957578],[10.3506787,55.0958075],[10.3506757,55.0959034],[10.3506625,55.0959874],[10.3506154,55.0961382],[10.3506006,55.0961903],[10.350543,55.0963638],[10.350509,55.0964546],[10.3506173,55.0964669],[10.35061,55.0964877]]},"properties":{"voltage":"10000","name":""}},{"type":"Feature","geometry":{"type":"LineString","coordinates":[[10.3423769,55.0950994],[10.342511,55.0951042],[10.3425119,55.0955805],[10.3425961,55.0962866],[10.3426174,55.0971011],[10.3426192,55.0972037],[10.3443066,55.0975282],[10.3450886,55.0978026],[10.3501013,55.0969471],[10.3502075,55.0969317],[10.3503207,55.0968207],[10.350382,55.0967445],[10.3504485,55.0966274],[10.3505018,55.0964822],[10.350509,55.0964546],[10.3506173,55.0964669],[10.35061,55.0964877]]},"properties":{"voltage":"10000","name":""}},{"type":"Feature","geometry":{"type":"LineString","coordinates":[[10.3271966,55.0939067],[10.3271943,55.0938904],[10.3272544,55.0938872],[10.3272868,55.0939789],[10.3274445,55.0939618],[10.3276159,55.0939663],[10.3282518,55.0940194],[10.3289432,55.0940758],[10.3294385,55.0941166],[10.3321085,55.0943335],[10.332231,55.0943445],[10.3323403,55.0943621],[10.332516,55.0943987],[10.332669,55.094439],[10.3327257,55.0944594],[10.3327686,55.0944715],[10.3328326,55.0944784],[10.3328973,55.0944756],[10.3329726,55.0944497],[10.3330552,55.0944066],[10.3330884,55.0943616],[10.3331232,55.094294],[10.3331734,55.0941735],[10.3332552,55.093997],[10.333307,55.0939928],[10.3333751,55.0939965],[10.3337694,55.0940281],[10.3352924,55.0941545],[10.3365887,55.0942606],[10.3368826,55.0942824],[10.3372283,55.094313],[10.3380898,55.0944043],[10.3397035,55.094572],[10.3417212,55.0947837],[10.3420572,55.094812],[10.3421755,55.0948185],[10.3422904,55.0948092],[10.342352,55.0947856],[10.3423665,55.094767],[10.3424572,55.0948027],[10.342492,55.0949014],[10.342509,55.094989],[10.342511,55.0951042],[10.3423769,55.0950994]]},"properties":{"voltage":"10000","name":""}},{"type":"Feature","geometry":{"type":"LineString","coordinates":[[10.4353924,55.0649786],[10.4354098,55.0650064],[10.4354612,55.0650162],[10.4363541,55.0648974],[10.4408609,55.064545],[10.4410221,55.0645803],[10.4411155,55.0648233],[10.4411967,55.0649996],[10.441303,55.0651514],[10.4414178,55.065261],[10.441551,55.0653535],[10.4417778,55.0654614],[10.4420641,55.0655645],[10.4424113,55.0656579],[10.4430803,55.065821],[10.4443332,55.0661124],[10.4453366,55.0663518],[10.4464294,55.0666123],[10.4467455,55.0666967],[10.4468192,55.0668412],[10.4470445,55.0671634],[10.4472656,55.0675148],[10.4474187,55.067772],[10.4475958,55.0679782],[10.4477823,55.0681797],[10.4481134,55.0681828],[10.4531027,55.0681906],[10.4533498,55.0681735],[10.4553449,55.0679077],[10.4559693,55.067931],[10.4561973,55.0680818],[10.4567266,55.0684393],[10.457579,55.0689988],[10.4592788,55.0700023],[10.459827,55.0703922],[10.4599691,55.0704748],[10.4599714,55.0705657],[10.4600085,55.0706818],[10.4601811,55.0710129],[10.4602449,55.0711635],[10.4604036,55.0714123],[10.4605913,55.0717102],[10.4611374,55.0725147],[10.4611013,55.0728612],[10.4611395,55.0729328],[10.461216,55.0729917],[10.4614129,55.0730287],[10.4644154,55.0734337],[10.4646039,55.0736067],[10.4649392,55.0737574],[10.4656486,55.0739399],[10.4662805,55.0740176],[10.4677072,55.0749443],[10.4676393,55.0750214],[10.4676,55.0752022],[10.4674963,55.0756279],[10.4674331,55.0759015],[10.467383,55.0761553],[10.4673246,55.0763942],[10.4672734,55.0766248],[10.4672174,55.0768458],[10.4669829,55.0778856],[10.4669318,55.0781192],[10.4669336,55.0782939],[10.4669744,55.0784539],[10.4670188,55.0786957],[10.4670286,55.0787831],[10.4670277,55.0788451],[10.4670144,55.079],[10.4669132,55.0794826],[10.4668502,55.0798011],[10.4667925,55.0801242],[10.4667615,55.0803055],[10.4667339,55.0804676],[10.4666958,55.080716],[10.4666594,55.0809745],[10.4665814,55.0816089],[10.4664298,55.0816956],[10.4663472,55.0821788],[10.4662588,55.082825],[10.4660676,55.0840702],[10.4659079,55.0849922],[10.465875,55.0853067],[10.4659183,55.0855699],[10.4659586,55.0857947],[10.4660574,55.0863794],[10.4660258,55.086501],[10.4655118,55.0867163],[10.4654271,55.0871377],[10.465463,55.089702],[10.4662172,55.0908864],[10.4683541,55.091408],[10.468399,55.091579],[10.4682296,55.0916647],[10.46814,55.0917393],[10.4680683,55.091854],[10.4680585,55.0919975],[10.4681041,55.0922166],[10.4681986,55.0925037],[10.4682719,55.0926687],[10.468368,55.0928039],[10.4684853,55.0929213],[10.4687052,55.0931422],[10.4689333,55.0932793],[10.4690489,55.0933893],[10.4691646,55.0935002],[10.4692705,55.0937789],[10.4694089,55.0940772],[10.4695604,55.0943363],[10.4697526,55.0945563],[10.4699937,55.0948285],[10.4702625,55.0950363],[10.4704205,55.0952666],[10.4704938,55.0954838],[10.4705948,55.0960944],[10.4707602,55.0963132],[10.4711866,55.096504],[10.472011,55.0967539],[10.4727397,55.0969639],[10.472949,55.0970688],[10.4730963,55.0971901],[10.4732514,55.097857],[10.4734943,55.0987678],[10.4736209,55.0990295],[10.4741093,55.0994982],[10.4745021,55.0999107],[10.4745616,55.1000113],[10.4745461,55.1002182],[10.4744763,55.1004519],[10.4742334,55.1012207],[10.4739672,55.1020191],[10.4738251,55.1024863],[10.4737992,55.1026637],[10.4739233,55.1028056],[10.474453,55.1032077],[10.4752981,55.1033467],[10.4770217,55.1036498],[10.4786291,55.1037533],[10.4799961,55.1038361],[10.4810324,55.1039706],[10.4836399,55.1043269],[10.4840844,55.1042958],[10.4844279,55.1043638],[10.4853471,55.104596],[10.4864907,55.1049156],[10.4893866,55.1056763],[10.4897041,55.1057624],[10.4908143,55.1060984],[10.4909886,55.1063674],[10.4918194,55.1066897],[10.4921274,55.1068359],[10.4929128,55.1072114],[10.4939561,55.1078342],[10.4945315,55.1081155],[10.4951117,55.1083695],[10.4962003,55.1089322],[10.4963245,55.1090974],[10.4962839,55.1093023],[10.4963388,55.1094361],[10.4973558,55.1096642],[10.4982845,55.1104439],[10.4984278,55.110575],[10.499261,55.1109956],[10.499557,55.1112783],[10.5001921,55.1118095],[10.5007818,55.112525],[10.5008295,55.1125824],[10.5013643,55.1125974],[10.5050758,55.112755],[10.5060584,55.1128008],[10.5061457,55.1129361],[10.5063968,55.1132192],[10.5064514,55.1140434],[10.5066879,55.1150465],[10.5069172,55.1153795],[10.5080889,55.1157021],[10.5092315,55.1156001],[10.5109928,55.115417],[10.5118588,55.115673],[10.5153923,55.1164056],[10.5171171,55.1174628],[10.5192714,55.1189029],[10.519124,55.1193409],[10.5193834,55.119617],[10.5199051,55.1201957],[10.5203107,55.1207473],[10.5204024,55.1208912],[10.5204104,55.1209068],[10.5204083,55.1209171],[10.5204023,55.1209275],[10.5203874,55.1209348],[10.5203713,55.1209414],[10.5202057,55.1209774],[10.5201898,55.1209777],[10.5201752,55.120975],[10.5201532,55.1209669],[10.5201261,55.1209352]]},"properties":{"voltage":"60000","name":""}},{"type":"Feature","geometry":{"type":"LineString","coordinates":[[9.2721789,55.0365796],[9.2723578,55.0365952],[9.2726747,55.0366228]]},"properties":{"voltage":"150000","name":""}},{"type":"Feature","geometry":{"type":"LineString","coordinates":[[9.2713465,55.0361978],[9.2668229,55.0357928],[9.2664411,55.0357832]]},"properties":{"voltage":"150000","name":""}},{"type":"Feature","geometry":{"type":"LineString","coordinates":[[9.2717288,55.0361419],[9.2713465,55.0361978],[9.2716947,55.0362636]]},"properties":{"voltage":"150000","name":""}},{"type":"Feature","geometry":{"type":"LineString","coordinates":[[8.8383164,55.0532579],[8.8381684,55.0530662]]},"properties":{"voltage":"150000","name":""}},{"type":"Feature","geometry":{"type":"LineString","coordinates":[[8.8381892,55.0534987],[8.8383062,55.0535954],[8.8383481,55.0537035],[8.8380242,55.0538115],[8.8380269,55.0538937],[8.8384106,55.0539102],[8.8387474,55.0552138],[8.8391754,55.0592167],[8.8386657,55.0602504],[8.8380197,55.060728],[8.8384091,55.0627627],[8.8360773,55.0647223],[8.836406,55.0679242],[8.8352109,55.072419],[8.836606,55.0755537],[8.8333825,55.0880345],[8.8326524,55.0899423],[8.8318454,55.0965024],[8.8310758,55.0982251],[8.8312215,55.1007387],[8.8337378,55.1066464],[8.8331893,55.1089061],[8.8363724,55.1179744],[8.8356763,55.1243042],[8.8335172,55.1358238],[8.827157,55.1433039],[8.8277369,55.1530378],[8.8304269,55.1596604],[8.8325242,55.1617949],[8.8321548,55.1649257],[8.8268121,55.1702575],[8.8224082,55.1729263],[8.8193267,55.1753225],[8.8134082,55.1820203],[8.8154146,55.1848328],[8.8160768,55.1862627],[8.8162631,55.1868942],[8.8160579,55.1876316],[8.8110354,55.1926398],[8.8091231,55.1962841],[8.8014627,55.1991561],[8.8002082,55.2054704],[8.7997977,55.2082956],[8.7998066,55.212296],[8.7980792,55.2140016],[8.7965195,55.2173427],[8.7947429,55.2228701],[8.7926962,55.2251152],[8.7924195,55.2272181],[8.7929968,55.2293535],[8.7939158,55.2320037],[8.7936852,55.238513],[8.7918116,55.2407982],[8.7919089,55.2517932],[8.7916772,55.2539694],[8.7909272,55.2549892],[8.7908264,55.2569954],[8.7911436,55.2696531],[8.7910526,55.2734163],[8.7932875,55.2753692],[8.7934158,55.2812141],[8.7925126,55.2851997],[8.7919899,55.2895485],[8.7915584,55.2978156],[8.7937372,55.3014196],[8.7991537,55.3089258],[8.8017027,55.3121421],[8.8018188,55.317093],[8.803876,55.322139],[8.8031175,55.3224937],[8.8006289,55.3243643],[8.8016994,55.325776],[8.8020565,55.3260088],[8.8021128,55.3261423],[8.8020699,55.3266496],[8.8011505,55.3266191],[8.8011655,55.3264953]]},"properties":{"voltage":"150000","name":""}},{"type":"Feature","geometry":{"type":"LineString","coordinates":[[8.8380547,55.0533185],[8.8381892,55.0534987]]},"properties":{"voltage":"150000","name":""}},{"type":"Feature","geometry":{"type":"LineString","coordinates":[[8.8382497,55.0531634],[8.8383164,55.0532579],[8.8383974,55.0533725]]},"properties":{"voltage":"150000","name":""}},{"type":"Feature","geometry":{"type":"LineString","coordinates":[[8.837988,55.0532241],[8.8380547,55.0533185],[8.8381357,55.0534332]]},"properties":{"voltage":"150000","name":""}},{"type":"Feature","geometry":{"type":"LineString","coordinates":[[10.0748725,55.0758833],[10.0754219,55.0763117]]},"properties":{"voltage":"150000","name":"Abildskov-S\u00f8nderborg 150 kV"}},{"type":"Feature","geometry":{"type":"LineString","coordinates":[[9.6541837,55.0055239],[9.6536484,55.0054729]]},"properties":{"voltage":"60000","name":""}},{"type":"Feature","geometry":{"type":"LineString","coordinates":[[9.6533425,55.0056571],[9.6538304,55.0058486]]},"properties":{"voltage":"60000","name":""}},{"type":"Feature","geometry":{"type":"LineString","coordinates":[[9.677339,55.0150774],[9.6776894,55.0152149]]},"properties":{"voltage":"60000","name":""}},{"type":"Feature","geometry":{"type":"LineString","coordinates":[[9.6776407,55.0151146],[9.6774818,55.0149731]]},"properties":{"voltage":"60000","name":""}},{"type":"Feature","geometry":{"type":"LineString","coordinates":[[10.2279896,55.0762433],[10.2280681,55.0761924]]},"properties":{"voltage":"10000","name":""}},{"type":"Feature","geometry":{"type":"LineString","coordinates":[[10.235514,55.0713686],[10.2355677,55.0713338]]},"properties":{"voltage":"10000","name":""}},{"type":"Feature","geometry":{"type":"LineString","coordinates":[[11.9049754,55.0216876],[11.9028149,55.0213717],[11.9022609,55.0212944],[11.9012815,55.0211352]]},"properties":{"voltage":"50000","name":""}},{"type":"Feature","geometry":{"type":"LineString","coordinates":[[8.8463541,55.0668896],[8.8464896,55.070048],[8.8466025,55.0732084],[8.8467995,55.0764386],[8.8469264,55.079669],[8.8470829,55.0828577],[8.8472375,55.0860617],[8.8473725,55.0890341],[8.847503,55.0921471],[8.8476363,55.0954897],[8.8477808,55.0986011],[8.8479133,55.1017925],[8.8480713,55.1050438],[8.8482037,55.1082275],[8.8483559,55.1114348],[8.8485021,55.1146409],[8.8486358,55.1177695],[8.8487694,55.1206636],[8.8477987,55.1237144],[8.8477571,55.1238435],[8.8467857,55.1268554],[8.8457648,55.1300295],[8.8462575,55.1332177],[8.8467396,55.1364297],[8.8472431,55.1396422],[8.8477463,55.1428508],[8.8482451,55.1460606],[8.8487193,55.1492512],[8.8468598,55.1522591],[8.8450611,55.1551576],[8.8432535,55.1580468],[8.8414136,55.1610056],[8.8395483,55.1640297],[8.8376709,55.1670456],[8.8368787,55.1702241],[8.8360671,55.173416],[8.8359922,55.1762676],[8.8359085,55.1793535],[8.8358343,55.1824188],[8.835726,55.1856404],[8.8356425,55.1888704],[8.8336455,55.1919176],[8.8316677,55.1949443],[8.8296915,55.1979785],[8.8276877,55.2010133],[8.8257202,55.2040432],[8.8237137,55.2070691],[8.8218361,55.2099944],[8.8198606,55.2129622],[8.8188959,55.2161737],[8.8179314,55.2193235],[8.8170037,55.2225183],[8.8160345,55.2256812],[8.815093,55.228915],[8.814096,55.2320814],[8.813106,55.2352356],[8.8121714,55.2384528],[8.8113129,55.2416026],[8.8102995,55.2447267],[8.8094022,55.2478857],[8.8084191,55.2510427],[8.8074291,55.254227],[8.8065014,55.257419],[8.8055044,55.2605318],[8.8045728,55.2637115],[8.803649,55.2668711],[8.8032267,55.2701015],[8.8028113,55.2732922],[8.8024167,55.2765063],[8.8020001,55.2797218],[8.8015959,55.2829056],[8.8017955,55.2861484],[8.8019855,55.2892034],[8.8021744,55.2924034],[8.802389,55.2956396],[8.8025706,55.2987351],[8.8027339,55.3014338],[8.8028794,55.3036426],[8.8029664,55.3052088],[8.8031551,55.3083483],[8.8033375,55.3115842]]},"properties":{"voltage":"400000","name":""}},{"type":"Feature","geometry":{"type":"LineString","coordinates":[[10.407829,55.0815568],[10.4076462,55.0815851],[10.4059515,55.0815888],[10.4057172,55.0810971],[10.4056552,55.0811037],[10.4056152,55.0810695]]},"properties":{"voltage":"10000","name":""}},{"type":"Feature","geometry":{"type":"LineString","coordinates":[[10.5825677,55.0798896],[10.582758,55.0800022]]},"properties":{"voltage":"60000","name":""}},{"type":"Feature","geometry":{"type":"LineString","coordinates":[[10.5825677,55.0798896],[10.5824938,55.0800311]]},"properties":{"voltage":"60000","name":""}},{"type":"Feature","geometry":{"type":"LineString","coordinates":[[10.5825677,55.0798896],[10.5821124,55.079912],[10.5820263,55.0797081],[10.5818779,55.0793224],[10.5818028,55.0791079],[10.581585,55.0785035],[10.5815091,55.0783575],[10.5814656,55.0781559],[10.5814371,55.0779638],[10.5814293,55.0778108],[10.5814357,55.0776449],[10.581465,55.0773697],[10.5815086,55.0772161],[10.581541,55.0770809],[10.5815764,55.0769774],[10.5816289,55.0768657],[10.5820616,55.0762493],[10.5824628,55.0757253],[10.5826909,55.0754243],[10.5829147,55.0751313],[10.5830321,55.0749674],[10.5830685,55.0749377],[10.5831168,55.0749226],[10.5831596,55.0749153],[10.5831846,55.0749114],[10.5832155,55.0749141],[10.5832662,55.0749269],[10.5835903,55.0750096],[10.5839909,55.0751021],[10.5842101,55.075147],[10.5844098,55.0751843],[10.5846044,55.0752187],[10.5854641,55.0753489],[10.5864214,55.0754756],[10.5873723,55.0756111],[10.5885933,55.075785],[10.5887435,55.0758028],[10.5888868,55.0758167],[10.5891872,55.075835],[10.5893831,55.0758504],[10.5895404,55.0758657],[10.5896814,55.0758735],[10.5897688,55.0758713],[10.5900307,55.0758543],[10.5901685,55.0758431],[10.590305,55.0758283],[10.5905386,55.0757966],[10.5907721,55.075755],[10.5910694,55.0756855],[10.591353,55.0756093],[10.5916259,55.0755232],[10.5918631,55.075426],[10.5921782,55.0752782],[10.5923325,55.0751976],[10.5924758,55.0751126],[10.592749,55.0749129],[10.5928765,55.0748011],[10.5929878,55.0746842],[10.5932123,55.0744924],[10.5932815,55.0744664],[10.5933603,55.0744643],[10.5940863,55.0745764],[10.5955038,55.0748233],[10.5966447,55.0751033],[10.5976786,55.0753752],[10.5987171,55.0757218],[10.6007895,55.0765216],[10.6016511,55.0768469],[10.6025592,55.0771908],[10.603621,55.0775561],[10.604464,55.077788],[10.6062459,55.078201],[10.6072603,55.0783858],[10.608924,55.0786229],[10.609812,55.0787213],[10.6135219,55.0789283],[10.6141256,55.0790167],[10.6143994,55.0790609],[10.6147644,55.0790488],[10.6155998,55.079073],[10.6182532,55.0791754],[10.6189622,55.0792317],[10.6202468,55.0793201],[10.6207102,55.0793904],[10.6212121,55.0793804],[10.6229881,55.0794507],[10.6249396,55.0795451],[10.6270525,55.0796536],[10.6281581,55.0796978],[10.6291058,55.0797581],[10.6306572,55.0797661],[10.6332229,55.079732],[10.6364646,55.079622],[10.6401111,55.0792992],[10.6444719,55.0788616],[10.6484442,55.0784527],[10.6476171,55.0792203],[10.6466272,55.0799232],[10.6469147,55.0804802],[10.6469394,55.0809719],[10.646822,55.0813008],[10.6458086,55.0819729],[10.6459251,55.0821178],[10.645994,55.0821957],[10.6456727,55.0825556],[10.6455212,55.082704],[10.6454108,55.082724],[10.644628,55.0827964],[10.6441377,55.082983],[10.6437466,55.0836369],[10.6438135,55.0840967],[10.6435504,55.084487],[10.6421123,55.0861572],[10.641781,55.0865798],[10.6415331,55.0871293],[10.641661,55.0873682],[10.6417036,55.0874797],[10.6417288,55.0877594],[10.6419088,55.0878146],[10.6434611,55.0877937],[10.6438968,55.0878251],[10.6442072,55.0880595],[10.6444041,55.0881138]]},"properties":{"voltage":"60000","name":""}},{"type":"Feature","geometry":{"type":"LineString","coordinates":[[10.5825677,55.0798896],[10.5820025,55.0801951],[10.5809214,55.0802996],[10.5806687,55.0801469],[10.5786211,55.0799677],[10.5764861,55.0801151],[10.5743832,55.0798264],[10.5723984,55.0793351],[10.5740564,55.0739686],[10.5758841,55.0714556],[10.5775126,55.0705571],[10.5775512,55.0703924],[10.576539,55.0693593]]},"properties":{"voltage":"60000","name":""}},{"type":"Feature","geometry":{"type":"LineString","coordinates":[[10.7488849,55.0762404],[10.7490672,55.0761791],[10.7493308,55.0764299],[10.7573488,55.0765973],[10.8461793,55.0698725],[10.8631125,55.0641633],[10.8634506,55.0642132]]},"properties":{"voltage":"60000","name":""}},{"type":"Feature","geometry":{"type":"LineString","coordinates":[[10.8844745,55.0657547],[10.8844933,55.0658787]]},"properties":{"voltage":"60000","name":""}},{"type":"Feature","geometry":{"type":"LineString","coordinates":[[10.8842754,55.0657609],[10.8842919,55.0658878]]},"properties":{"voltage":"60000","name":""}},{"type":"Feature","geometry":{"type":"LineString","coordinates":[[10.8841342,55.0657263],[10.8841588,55.0658939]]},"properties":{"voltage":"60000","name":""}},{"type":"Feature","geometry":{"type":"LineString","coordinates":[[10.8846418,55.0657209],[10.8846584,55.0658713]]},"properties":{"voltage":"60000","name":""}},{"type":"Feature","geometry":{"type":"LineString","coordinates":[[10.8841016,55.0658965],[10.8841588,55.0658939],[10.8842919,55.0658878],[10.8844933,55.0658787],[10.8846584,55.0658713],[10.8846777,55.0658704]]},"properties":{"voltage":"60000","name":""}},{"type":"Feature","geometry":{"type":"LineString","coordinates":[[8.839168,55.0533427],[8.8393955,55.0536422],[8.8424606,55.0523769],[8.8428089,55.0520284],[8.8438446,55.0508126],[8.8498333,55.0490678],[8.8553244,55.0477712],[8.8585327,55.0467261],[8.8673513,55.0442918],[8.8784601,55.0414001],[8.8795253,55.0412275],[8.8867862,55.0373417],[8.8934225,55.0350152],[8.9004659,55.0337464],[8.9101254,55.0321533],[8.9229673,55.0296554],[8.9271487,55.0294157],[8.9369028,55.0292682],[8.9395725,55.0298121],[8.9507498,55.0308951],[8.9577216,55.0315772],[8.9671862,55.0327294],[8.9717858,55.0334068],[8.974954,55.0336787],[8.9862038,55.0341903],[8.989565,55.0346142],[8.9934731,55.0348492],[9.0012329,55.0352824],[9.0254773,55.0362455],[9.0285088,55.036499],[9.0365501,55.0362363],[9.0562592,55.0385034],[9.0650001,55.0382177],[9.0656675,55.0380473],[9.0689644,55.0382131],[9.0786783,55.038015],[9.085055,55.0390333],[9.0880061,55.0386278],[9.0977521,55.0391209],[9.1034855,55.0393236],[9.1098381,55.0392407],[9.1173165,55.0390978],[9.1409659,55.0389458],[9.1418022,55.0393144],[9.1525337,55.0401437],[9.1581455,55.0402934],[9.1696033,55.0403586],[9.1715814,55.040487],[9.1757837,55.0395772],[9.1796411,55.0389473],[9.1867439,55.0380683],[9.1926049,55.0374536],[9.2031449,55.0378089],[9.2054704,55.0374382],[9.2203994,55.0366808],[9.2207563,55.0367],[9.2211243,55.0368182],[9.2231208,55.0379814],[9.2290768,55.037975],[9.2301698,55.0382882],[9.2310007,55.0390072],[9.2478815,55.0388315],[9.2542446,55.0387995],[9.255728,55.0376203],[9.2642465,55.0364139],[9.2647689,55.0360224],[9.2659474,55.0358152]]},"properties":{"voltage":"150000","name":""}},{"type":"Feature","geometry":{"type":"LineString","coordinates":[[10.4360296,55.064754],[10.4359487,55.064763],[10.4357613,55.064784],[10.4356863,55.0647924],[10.4353405,55.064831],[10.4352353,55.0648428],[10.4351585,55.0648514]]},"properties":{"voltage":"60000","name":""}},{"type":"Feature","geometry":{"type":"LineString","coordinates":[[10.4353104,55.0649628],[10.4353835,55.064955],[10.4357299,55.064918],[10.4358065,55.0649098]]},"properties":{"voltage":"60000","name":""}},{"type":"Feature","geometry":{"type":"LineString","coordinates":[[10.4353924,55.0649786],[10.4353835,55.064955],[10.4353699,55.0649159],[10.4353563,55.0648767],[10.4353405,55.064831]]},"properties":{"voltage":"60000","name":""}},{"type":"Feature","geometry":{"type":"LineString","coordinates":[[10.4356863,55.0647924],[10.4357026,55.0648392],[10.4357162,55.0648786],[10.4357299,55.064918],[10.43574,55.0649439]]},"properties":{"voltage":"60000","name":""}},{"type":"Feature","geometry":{"type":"LineString","coordinates":[[10.4359028,55.064612],[10.435921,55.0646718],[10.4359487,55.064763]]},"properties":{"voltage":"60000","name":""}},{"type":"Feature","geometry":{"type":"LineString","coordinates":[[10.4351743,55.0646965],[10.4351983,55.0647542],[10.4352353,55.0648428]]},"properties":{"voltage":"60000","name":""}},{"type":"Feature","geometry":{"type":"LineString","coordinates":[[10.6434458,54.9642657],[10.6433578,54.9643007],[10.639986,54.9705814],[10.6398342,54.9738175],[10.6365865,54.9755572],[10.6330429,54.9774376],[10.6322923,54.9779927],[10.6321191,54.9780258],[10.631881,54.9777317],[10.6315129,54.9771891],[10.6301705,54.9773507],[10.6276707,54.9802762],[10.6265677,54.9819219],[10.6251889,54.9830866],[10.6236557,54.9847765],[10.6233137,54.9853462],[10.622685,54.986479],[10.6199825,54.9897004],[10.6194082,54.9910434],[10.6178162,54.9942579],[10.6173182,54.9949824],[10.6155861,54.9965142],[10.6088164,55.0009934],[10.6052408,55.0050054],[10.6004772,55.0089678],[10.5988856,55.0092733],[10.5988856,55.0098886],[10.5977912,55.01043],[10.5975552,55.017246],[10.5971475,55.0174552],[10.5971462,55.0178975],[10.597145,55.0180376],[10.5971522,55.0180554],[10.5971651,55.0180629],[10.5971824,55.0180687],[10.5972105,55.0180656],[10.5972642,55.0180571]]},"properties":{"voltage":"60000","name":""}},{"type":"Feature","geometry":{"type":"LineString","coordinates":[[10.5974732,55.0179781],[10.5974923,55.0180226],[10.5975203,55.0180877],[10.5975481,55.0181523],[10.5976061,55.0182911],[10.5976293,55.018341]]},"properties":{"voltage":"60000","name":""}},{"type":"Feature","geometry":{"type":"LineString","coordinates":[[10.5973995,55.0182866],[10.597351,55.0181811],[10.5973215,55.0181169],[10.5972922,55.0180531],[10.5972715,55.0180081]]},"properties":{"voltage":"60000","name":""}},{"type":"Feature","geometry":{"type":"LineString","coordinates":[[10.5972642,55.0180571],[10.5972922,55.0180531],[10.59736,55.0180428],[10.5974278,55.0180324],[10.5974923,55.0180226]]},"properties":{"voltage":"60000","name":""}},{"type":"Feature","geometry":{"type":"LineString","coordinates":[[10.5972616,55.0181252],[10.5973215,55.0181169],[10.5974573,55.018097],[10.5975203,55.0180877]]},"properties":{"voltage":"60000","name":""}},{"type":"Feature","geometry":{"type":"LineString","coordinates":[[10.5973142,55.0181864],[10.597351,55.0181811],[10.597418,55.0181713],[10.597485,55.0181615],[10.5975481,55.0181523]]},"properties":{"voltage":"60000","name":""}},{"type":"Feature","geometry":{"type":"LineString","coordinates":[[10.597421,55.0183441],[10.5974853,55.0183227],[10.5975462,55.0183004],[10.5976061,55.0182911]]},"properties":{"voltage":"60000","name":""}},{"type":"Feature","geometry":{"type":"LineString","coordinates":[[10.5972616,55.0181252],[10.5972739,55.0181578]]},"properties":{"voltage":"60000","name":""}},{"type":"Feature","geometry":{"type":"LineString","coordinates":[[10.5973705,55.0183616],[10.597421,55.0183441]]},"properties":{"voltage":"60000","name":""}},{"type":"Feature","geometry":{"type":"LineString","coordinates":[[10.5973142,55.0181864],[10.5971078,55.0182197],[10.5969901,55.0183562],[10.5947361,55.0237375],[10.5946115,55.0238658],[10.5948741,55.0243078],[10.5959465,55.0260795],[10.597539,55.0287347],[10.5984463,55.0302515],[10.5957054,55.0357499],[10.5950858,55.0373408],[10.5949978,55.0374448],[10.5926692,55.0386055],[10.58608,55.0448467],[10.5857486,55.0451292],[10.5858186,55.0452368],[10.5858817,55.0452554],[10.5856854,55.0453375],[10.5852468,55.0453277],[10.5848166,55.0453737],[10.5845759,55.0454382],[10.5842909,55.0455517],[10.584098,55.0456632],[10.5838095,55.0459624],[10.5834032,55.0463868],[10.5830602,55.0467321],[10.5829202,55.0469227],[10.5827887,55.0471535],[10.5825549,55.0476757],[10.5827516,55.0478602],[10.5828262,55.0479759],[10.5828095,55.048071],[10.5827066,55.0481823],[10.5825844,55.0483201],[10.5823991,55.0484999],[10.5823026,55.0486245],[10.5821444,55.0488242],[10.5819926,55.0490475],[10.5816929,55.0496503],[10.5816041,55.0498279],[10.5812606,55.0505288],[10.5811397,55.0508],[10.5809647,55.051153],[10.5807139,55.0516969],[10.5805672,55.0519872],[10.5802687,55.0525974],[10.579933,55.0533034],[10.5795766,55.0540292],[10.5791173,55.0549489],[10.5790685,55.0550933],[10.5790183,55.0554131],[10.5789848,55.0557299],[10.5789269,55.0562155],[10.5789038,55.0563887],[10.5787996,55.0573009],[10.5787533,55.057645],[10.5786684,55.058244],[10.578622,55.0587222],[10.5784831,55.059434],[10.5784355,55.0597368],[10.5784252,55.0601177],[10.5784355,55.0603682],[10.5784033,55.060727],[10.5783377,55.0613761],[10.5782683,55.0618808],[10.5782142,55.0623361],[10.578128,55.0630382],[10.5780689,55.0635532],[10.5780341,55.0638626],[10.5779351,55.064645],[10.5778836,55.0651386],[10.5778309,55.0653508],[10.5777974,55.0654576],[10.5777009,55.0657125],[10.577589,55.0659062],[10.5774269,55.0661088],[10.576911,55.0665891],[10.5764569,55.0669722],[10.5760504,55.0673184],[10.5759192,55.0674348],[10.5757609,55.0675895],[10.5757146,55.0676912],[10.5757468,55.0678665],[10.5757931,55.0679483],[10.5759307,55.0681295],[10.5760118,55.0682481],[10.5757519,55.0684064],[10.5757288,55.0685781],[10.5757056,55.0687011],[10.5758626,55.0689287],[10.576035,55.0690996],[10.5760903,55.0691688],[10.5759835,55.0692072],[10.575851,55.0692292],[10.5757403,55.0692587],[10.5756439,55.0692926],[10.575586,55.0692455],[10.5755602,55.069216],[10.5755216,55.0692108],[10.5755049,55.0692204],[10.5755083,55.069233]]},"properties":{"voltage":"60000","name":""}},{"type":"Feature","geometry":{"type":"LineString","coordinates":[[8.6808876,55.0281616],[8.6809427,55.0281618]]},"properties":{"voltage":"690","name":""}},{"type":"Feature","geometry":{"type":"LineString","coordinates":[[8.676874,55.028136],[8.676867,55.0281009]]},"properties":{"voltage":"690","name":""}},{"type":"Feature","geometry":{"type":"LineString","coordinates":[[8.6728077,55.0280793],[8.6728077,55.0281126]]},"properties":{"voltage":"690","name":""}},{"type":"Feature","geometry":{"type":"LineString","coordinates":[[8.6687402,55.028089],[8.6687409,55.0281197]]},"properties":{"voltage":"690","name":""}},{"type":"Feature","geometry":{"type":"LineString","coordinates":[[8.6803903,55.0304803],[8.680445,55.0304802]]},"properties":{"voltage":"690","name":""}},{"type":"Feature","geometry":{"type":"LineString","coordinates":[[8.6763206,55.0304524],[8.6763769,55.030453]]},"properties":{"voltage":"690","name":""}},{"type":"Feature","geometry":{"type":"LineString","coordinates":[[8.6722535,55.03043],[8.6723129,55.0304277]]},"properties":{"voltage":"690","name":""}},{"type":"Feature","geometry":{"type":"LineString","coordinates":[[8.6681835,55.0304015],[8.6682455,55.0304043]]},"properties":{"voltage":"690","name":""}},{"type":"Feature","geometry":{"type":"LineString","coordinates":[[8.6641787,55.030379],[8.664235,55.0303855]]},"properties":{"voltage":"690","name":""}},{"type":"Feature","geometry":{"type":"LineString","coordinates":[[8.6595886,55.0326411],[8.6596162,55.0326707]]},"properties":{"voltage":"690","name":""}},{"type":"Feature","geometry":{"type":"LineString","coordinates":[[8.6636153,55.0327026],[8.6636793,55.032698]]},"properties":{"voltage":"690","name":""}},{"type":"Feature","geometry":{"type":"LineString","coordinates":[[8.6676887,55.0327232],[8.6677509,55.0327214]]},"properties":{"voltage":"690","name":""}},{"type":"Feature","geometry":{"type":"LineString","coordinates":[[8.6718173,55.0327453],[8.6718239,55.0327792]]},"properties":{"voltage":"690","name":""}},{"type":"Feature","geometry":{"type":"LineString","coordinates":[[8.6758806,55.0327706],[8.6759392,55.0327884]]},"properties":{"voltage":"690","name":""}},{"type":"Feature","geometry":{"type":"LineString","coordinates":[[8.6753876,55.0350932],[8.6754464,55.0351008]]},"properties":{"voltage":"690","name":""}},{"type":"Feature","geometry":{"type":"LineString","coordinates":[[8.6672437,55.0350082],[8.6672537,55.0350356]]},"properties":{"voltage":"690","name":""}},{"type":"Feature","geometry":{"type":"LineString","coordinates":[[8.6631878,55.0350149],[8.6632102,55.0350466]]},"properties":{"voltage":"690","name":""}},{"type":"Feature","geometry":{"type":"LineString","coordinates":[[8.6590752,55.0350053],[8.6591205,55.0349835]]},"properties":{"voltage":"690","name":""}},{"type":"Feature","geometry":{"type":"LineString","coordinates":[[8.6586205,55.0373048],[8.6586604,55.0373338]]},"properties":{"voltage":"690","name":""}},{"type":"Feature","geometry":{"type":"LineString","coordinates":[[8.6626255,55.0373476],[8.6626902,55.037332]]},"properties":{"voltage":"690","name":""}},{"type":"Feature","geometry":{"type":"LineString","coordinates":[[8.6667222,55.0373887],[8.666756,55.0373572]]},"properties":{"voltage":"690","name":""}},{"type":"Feature","geometry":{"type":"LineString","coordinates":[[8.6708161,55.0373847],[8.6708741,55.0373699]]},"properties":{"voltage":"690","name":""}},{"type":"Feature","geometry":{"type":"LineString","coordinates":[[8.6748919,55.0374109],[8.6748925,55.0373732]]},"properties":{"voltage":"690","name":""}},{"type":"Feature","geometry":{"type":"LineString","coordinates":[[8.6789726,55.0374001],[8.6789532,55.0374356]]},"properties":{"voltage":"690","name":""}},{"type":"Feature","geometry":{"type":"LineString","coordinates":[[8.6743809,55.0397263],[8.6744102,55.0397597]]},"properties":{"voltage":"690","name":""}},{"type":"Feature","geometry":{"type":"LineString","coordinates":[[8.6703432,55.0397326],[8.6703295,55.0397023]]},"properties":{"voltage":"690","name":""}},{"type":"Feature","geometry":{"type":"LineString","coordinates":[[8.6662261,55.0396441],[8.6662418,55.0396716]]},"properties":{"voltage":"690","name":""}},{"type":"Feature","geometry":{"type":"LineString","coordinates":[[8.6621911,55.0396489],[8.6622109,55.0396803]]},"properties":{"voltage":"690","name":""}},{"type":"Feature","geometry":{"type":"LineString","coordinates":[[8.6657317,55.0420259],[8.6657561,55.0419914]]},"properties":{"voltage":"690","name":""}},{"type":"Feature","geometry":{"type":"LineString","coordinates":[[8.6698367,55.042017],[8.6698737,55.0420046]]},"properties":{"voltage":"690","name":""}},{"type":"Feature","geometry":{"type":"LineString","coordinates":[[8.673834,55.0420591],[8.6738808,55.0420445]]},"properties":{"voltage":"690","name":""}},{"type":"Feature","geometry":{"type":"LineString","coordinates":[[8.6779537,55.0420697],[8.6779378,55.042039]]},"properties":{"voltage":"690","name":""}},{"type":"Feature","geometry":{"type":"LineString","coordinates":[[8.677442,55.0443469],[8.6774597,55.0443751]]},"properties":{"voltage":"690","name":""}},{"type":"Feature","geometry":{"type":"LineString","coordinates":[[8.6733999,55.0443626],[8.673403,55.0443941]]},"properties":{"voltage":"690","name":""}},{"type":"Feature","geometry":{"type":"LineString","coordinates":[[8.6693252,55.044338],[8.6693843,55.0443416]]},"properties":{"voltage":"690","name":""}},{"type":"Feature","geometry":{"type":"LineString","coordinates":[[8.6652198,55.044338],[8.6652541,55.0443104]]},"properties":{"voltage":"690","name":""}},{"type":"Feature","geometry":{"type":"LineString","coordinates":[[8.6647565,55.0466302],[8.6648136,55.0466244]]},"properties":{"voltage":"690","name":""}},{"type":"Feature","geometry":{"type":"LineString","coordinates":[[8.6688292,55.0466545],[8.6688177,55.0466245]]},"properties":{"voltage":"690","name":""}},{"type":"Feature","geometry":{"type":"LineString","coordinates":[[8.6728339,55.0466827],[8.672894,55.0466818]]},"properties":{"voltage":"690","name":""}},{"type":"Feature","geometry":{"type":"LineString","coordinates":[[8.6770006,55.0467056],[8.6770143,55.046675]]},"properties":{"voltage":"690","name":""}},{"type":"Feature","geometry":{"type":"LineString","coordinates":[[8.6808876,55.0281616],[8.6806561,55.0281455],[8.6781275,55.028197],[8.6779515,55.027525],[8.6779039,55.0273436],[8.677831,55.0271645],[8.6777843,55.0271303],[8.6777177,55.0271247],[8.6766041,55.0271544],[8.6768276,55.0280687],[8.676867,55.0281009]]},"properties":{"voltage":"15000","name":""}},{"type":"Feature","geometry":{"type":"LineString","coordinates":[[8.676867,55.0281009],[8.676769,55.0280984],[8.6765291,55.0271521],[8.672761,55.0272391],[8.672938,55.028046],[8.6728077,55.0280793]]},"properties":{"voltage":"15000","name":""}},{"type":"Feature","geometry":{"type":"LineString","coordinates":[[8.6728077,55.0280793],[8.6728623,55.0280395],[8.6726869,55.0272441],[8.6700768,55.0272957],[8.6701462,55.0274872],[8.6702559,55.0278286],[8.6703275,55.028074],[8.6701401,55.028074],[8.6688147,55.0280703],[8.6688143,55.0281143],[8.6687772,55.0281454],[8.6687068,55.0281493],[8.6686859,55.0281312],[8.6686987,55.0281212],[8.6687409,55.0281197]]},"properties":{"voltage":"15000","name":""}},{"type":"Feature","geometry":{"type":"LineString","coordinates":[[8.6728077,55.0280793],[8.6729409,55.0280677],[8.6735037,55.0304761],[8.6722727,55.0304752],[8.6722535,55.03043]]},"properties":{"voltage":"15000","name":""}},{"type":"Feature","geometry":{"type":"LineString","coordinates":[[8.6722535,55.03043],[8.6721507,55.0304875],[8.6717606,55.0304868],[8.6712861,55.0304934],[8.6708629,55.0304916],[8.6690973,55.0304833],[8.6682709,55.0304812],[8.6681835,55.0304015]]},"properties":{"voltage":"15000","name":""}},{"type":"Feature","geometry":{"type":"LineString","coordinates":[[8.6681835,55.0304015],[8.668101,55.0304817],[8.6675429,55.0304825],[8.6671053,55.0304787],[8.6665878,55.0304757],[8.6660428,55.0304735],[8.6656904,55.0304735],[8.6654703,55.030469],[8.6651035,55.0304637],[8.664827,55.0304562],[8.6645428,55.0304359],[8.6643096,55.0304112],[8.6642991,55.0303721],[8.6642441,55.0303578],[8.664235,55.0303855]]},"properties":{"voltage":"15000","name":""}},{"type":"Feature","geometry":{"type":"LineString","coordinates":[[8.6722535,55.03043],[8.6722275,55.0304874],[8.6740241,55.0304918],[8.6747741,55.0304958],[8.6760153,55.0305056],[8.6761954,55.0305061],[8.6763206,55.0304524]]},"properties":{"voltage":"15000","name":""}},{"type":"Feature","geometry":{"type":"LineString","coordinates":[[8.6763206,55.0304524],[8.6763611,55.0305071],[8.676863,55.0305091],[8.6776004,55.030515],[8.6783702,55.0305199],[8.6787201,55.0305169],[8.678896,55.0305199],[8.6793807,55.0305296],[8.6801113,55.0305355],[8.6803076,55.0305355],[8.6803903,55.0304803]]},"properties":{"voltage":"15000","name":""}},{"type":"Feature","geometry":{"type":"LineString","coordinates":[[8.6763206,55.0304524],[8.6762333,55.0305111],[8.6761351,55.0305541],[8.6761256,55.0306402],[8.6758849,55.0318357],[8.6758917,55.031913],[8.6759259,55.0319335],[8.6765677,55.0321468],[8.6766377,55.0321996],[8.6765199,55.0322847],[8.6764599,55.0323434],[8.6764047,55.0324061],[8.6763345,55.0324899],[8.6762147,55.0326461],[8.6760262,55.0328944]]},"properties":{"voltage":"15000","name":""}},{"type":"Feature","geometry":{"type":"LineString","coordinates":[[8.6821706,55.0375106],[8.6821782,55.0375315],[8.6821909,55.0375661],[8.6822041,55.0376022],[8.6822164,55.0376356],[8.6822281,55.0376677],[8.6822454,55.0377149]]},"properties":{"voltage":"15000","name":""}},{"type":"Feature","geometry":{"type":"LineString","coordinates":[[8.6821465,55.0375353],[8.6821623,55.0375334],[8.6821782,55.0375315]]},"properties":{"voltage":"15000","name":""}},{"type":"Feature","geometry":{"type":"LineString","coordinates":[[8.6822041,55.0376022],[8.6822207,55.0376001],[8.6822366,55.0375981]]},"properties":{"voltage":"15000","name":""}},{"type":"Feature","geometry":{"type":"LineString","coordinates":[[8.6822366,55.0375981],[8.6823165,55.0375906],[8.6823916,55.0375927],[8.682468,55.0376036]]},"properties":{"voltage":"15000","name":""}},{"type":"Feature","geometry":{"type":"LineString","coordinates":[[8.682026,55.0376141],[8.6820615,55.0375612],[8.6821027,55.0375419],[8.6821465,55.0375353]]},"properties":{"voltage":"15000","name":""}},{"type":"Feature","geometry":{"type":"LineString","coordinates":[[8.682171,55.0376066],[8.6821869,55.0376047],[8.6822041,55.0376022]]},"properties":{"voltage":"15000","name":""}},{"type":"Feature","geometry":{"type":"LineString","coordinates":[[8.6821954,55.0376713],[8.6822113,55.0376694],[8.6822281,55.0376677]]},"properties":{"voltage":"15000","name":""}},{"type":"Feature","geometry":{"type":"LineString","coordinates":[[8.6821835,55.0376398],[8.6821994,55.0376379],[8.6822164,55.0376356]]},"properties":{"voltage":"15000","name":""}},{"type":"Feature","geometry":{"type":"LineString","coordinates":[[8.6821586,55.0375708],[8.6821745,55.0375688],[8.6821909,55.0375661]]},"properties":{"voltage":"15000","name":""}},{"type":"Feature","geometry":{"type":"LineString","coordinates":[[8.6820706,55.0376472],[8.6820999,55.0376617],[8.6821386,55.0376695],[8.6821954,55.0376713]]},"properties":{"voltage":"15000","name":""}},{"type":"Feature","geometry":{"type":"LineString","coordinates":[[8.6820708,55.0376356],[8.6820899,55.0376392],[8.6821252,55.0376436],[8.6821835,55.0376398]]},"properties":{"voltage":"15000","name":""}},{"type":"Feature","geometry":{"type":"LineString","coordinates":[[8.6820597,55.0376175],[8.6820693,55.0376085],[8.6820956,55.0375902],[8.6821586,55.0375708]]},"properties":{"voltage":"15000","name":""}},{"type":"Feature","geometry":{"type":"LineString","coordinates":[[8.6820664,55.037628],[8.6820841,55.0376222],[8.6821405,55.037611],[8.682171,55.0376066]]},"properties":{"voltage":"15000","name":""}},{"type":"Feature","geometry":{"type":"LineString","coordinates":[[8.6791387,55.0373106],[8.6795587,55.0373844],[8.6809116,55.0376256],[8.6815711,55.0377376],[8.6819513,55.037803],[8.6821519,55.0378394],[8.6821708,55.0378307],[8.6821422,55.037779],[8.6821014,55.0377291],[8.6820296,55.0376849],[8.6820102,55.0376428],[8.682026,55.0376141]]},"properties":{"voltage":"15000","name":""}},{"type":"Feature","geometry":{"type":"LineString","coordinates":[[8.6789316,55.0372835],[8.67896,55.0372936],[8.6789826,55.0373279],[8.6789804,55.0373631],[8.6789726,55.0374001]]},"properties":{"voltage":"15000","name":""}},{"type":"Feature","geometry":{"type":"LineString","coordinates":[[8.6789726,55.0374001],[8.678998,55.0373656],[8.6790257,55.0373344],[8.6790594,55.0373175],[8.6791048,55.0373137]]},"properties":{"voltage":"15000","name":""}},{"type":"Feature","geometry":{"type":"LineString","coordinates":[[8.6754831,55.0363265],[8.6759963,55.0365955],[8.6763119,55.0367577],[8.6766879,55.0368758],[8.6772959,55.0369887],[8.6784977,55.0372001],[8.678866,55.0372628],[8.6791387,55.0373106]]},"properties":{"voltage":"15000","name":""}},{"type":"Feature","geometry":{"type":"LineString","coordinates":[[8.6752507,55.0361738],[8.6754243,55.0362635],[8.6754831,55.0363265]]},"properties":{"voltage":"15000","name":""}},{"type":"Feature","geometry":{"type":"LineString","coordinates":[[8.6760262,55.0328944],[8.6761707,55.0330654],[8.6762885,55.0332366],[8.676309,55.0332915],[8.6762622,55.033423],[8.676165,55.0336914],[8.6757621,55.034813],[8.6752507,55.0361738]]},"properties":{"voltage":"15000","name":""}},{"type":"Feature","geometry":{"type":"LineString","coordinates":[[8.6754464,55.0351008],[8.6755286,55.0351133],[8.6755821,55.0351255],[8.6756128,55.035152],[8.6752296,55.0361695],[8.6752342,55.0361836],[8.6752492,55.036195],[8.6754192,55.0362721],[8.6754702,55.0363321],[8.6763009,55.0367615],[8.6766818,55.0368795],[8.6773122,55.0370015],[8.6789316,55.0372835]]},"properties":{"voltage":"15000","name":""}},{"type":"Feature","geometry":{"type":"LineString","coordinates":[[8.6759392,55.0327884],[8.6759581,55.0329001],[8.6760728,55.032991],[8.676205,55.0331506],[8.6762872,55.0332964],[8.6762331,55.0334616],[8.675631,55.0350743],[8.6755729,55.0350941],[8.6754464,55.0351008]]},"properties":{"voltage":"15000","name":""}},{"type":"Feature","geometry":{"type":"LineString","coordinates":[[8.6754464,55.0351008],[8.6754777,55.0351149],[8.6755711,55.035134],[8.675597,55.0351554],[8.6752162,55.0361563],[8.6752016,55.0361676],[8.6751706,55.0361684],[8.6751383,55.0361646],[8.6750034,55.0361022],[8.6747473,55.0359863],[8.6745201,55.035831],[8.67432,55.0356209],[8.6741922,55.0354308],[8.6735817,55.0346008],[8.6730266,55.0338322],[8.6728709,55.0337688],[8.6723615,55.0338557],[8.6718739,55.0339687],[8.6717698,55.0329502],[8.6718239,55.0327792]]},"properties":{"voltage":"15000","name":""}},{"type":"Feature","geometry":{"type":"LineString","coordinates":[[8.6708741,55.0373699],[8.6712347,55.0372885],[8.6718421,55.0371776],[8.6719205,55.0367355],[8.6720185,55.0365825],[8.6722487,55.0365053],[8.6731648,55.0363368],[8.6743919,55.0360912],[8.674627,55.0360182],[8.6747406,55.0359972],[8.675122,55.0361758],[8.6752624,55.0362113],[8.6754084,55.0362775],[8.6754596,55.036338],[8.6762913,55.036765],[8.6766728,55.0368828],[8.681477,55.0377335],[8.6817032,55.0377711],[8.6819326,55.0378091],[8.6820977,55.03784],[8.682174,55.0378521],[8.6821945,55.0378382],[8.6821887,55.0378016],[8.6821578,55.037757],[8.682083,55.037691],[8.6820624,55.0376783],[8.6820404,55.0376451],[8.6820455,55.0376304],[8.6820664,55.037628]]},"properties":{"voltage":"15000","name":""}},{"type":"Feature","geometry":{"type":"LineString","coordinates":[[8.6791048,55.0373137],[8.6814818,55.0377287],[8.6820455,55.0378236],[8.682149,55.0378449],[8.6821703,55.0378436],[8.6821821,55.0378314],[8.6821578,55.0377755],[8.6820881,55.0377061],[8.6820411,55.0376788],[8.6820294,55.0376413],[8.6820367,55.0376254],[8.6820597,55.0376175]]},"properties":{"voltage":"15000","name":""}},{"type":"Feature","geometry":{"type":"LineString","coordinates":[[8.6748925,55.0373732],[8.67484,55.037322],[8.6748299,55.0370601],[8.674901,55.0368156],[8.6750965,55.0363994],[8.6752254,55.0362186],[8.6752548,55.0362203],[8.6753927,55.0362791],[8.6754513,55.0363423],[8.6762823,55.0367691],[8.6766709,55.0368869],[8.6821069,55.0378469],[8.6821798,55.0378567],[8.6822024,55.0378413],[8.6821981,55.0378025],[8.6821735,55.0377613],[8.6820945,55.0376895],[8.6820628,55.037664],[8.6820454,55.0376454],[8.68205,55.0376351],[8.6820596,55.0376336],[8.6820708,55.0376356]]},"properties":{"voltage":"15000","name":""}},{"type":"Feature","geometry":{"type":"LineString","coordinates":[[8.677442,55.0443469],[8.6770147,55.0442677],[8.6768447,55.0443023],[8.6754809,55.0420057],[8.675122,55.0407674],[8.6745024,55.0398236],[8.6745099,55.0396634],[8.6751578,55.0387288],[8.6749501,55.0375359],[8.6748068,55.0373612],[8.6748656,55.0372948],[8.6748619,55.0370769],[8.6750144,55.0366347],[8.6751045,55.0364241],[8.6752311,55.0362253],[8.6752528,55.0362276],[8.675385,55.0362836],[8.6754427,55.0363457],[8.6762748,55.0367736],[8.6766664,55.0368919],[8.6821034,55.0378509],[8.6821804,55.0378622],[8.6822105,55.0378447],[8.6822109,55.0377939],[8.6821387,55.0377144],[8.6820766,55.0376665],[8.6820587,55.0376525],[8.6820522,55.0376459],[8.6820557,55.0376427],[8.6820623,55.0376441],[8.6820706,55.0376472]]},"properties":{"voltage":"15000","name":""}},{"type":"Feature","geometry":{"type":"LineString","coordinates":[[8.6718239,55.0327792],[8.6717505,55.0329369],[8.6717656,55.0331956],[8.6718539,55.0339788],[8.6718565,55.0340283],[8.6705471,55.0343583],[8.6698267,55.0345628],[8.6692465,55.034741],[8.6685546,55.034948],[8.6682765,55.035002],[8.6678474,55.0349919],[8.6673766,55.0349392],[8.6673066,55.0349367],[8.6672437,55.0350082]]},"properties":{"voltage":"15000","name":""}},{"type":"Feature","geometry":{"type":"LineString","coordinates":[[8.6672437,55.0350082],[8.6673243,55.0348458],[8.666538,55.034744],[8.6655752,55.0346036],[8.6651849,55.0345259],[8.6669726,55.0327953],[8.6676887,55.0327232]]},"properties":{"voltage":"15000","name":""}},{"type":"Feature","geometry":{"type":"LineString","coordinates":[[8.6672437,55.0350082],[8.6672393,55.0349062],[8.6668565,55.0348598],[8.6659841,55.034751],[8.6649664,55.0345881],[8.6648803,55.0346006],[8.6646552,55.0348045],[8.6643098,55.035113],[8.6637815,55.035578],[8.6637104,55.0356313],[8.6635661,55.0356392],[8.6633783,55.0355021],[8.6630917,55.0351748],[8.6632102,55.0350466]]},"properties":{"voltage":"15000","name":""}},{"type":"Feature","geometry":{"type":"LineString","coordinates":[[8.6632102,55.0350466],[8.6632373,55.0351159],[8.6636714,55.035501],[8.6637289,55.0355023],[8.6639059,55.0353434],[8.664358,55.0349305],[8.6648714,55.0345035],[8.6638481,55.0334753],[8.6635646,55.0331902],[8.6634615,55.032812],[8.6636153,55.0327026]]},"properties":{"voltage":"15000","name":""}},{"type":"Feature","geometry":{"type":"LineString","coordinates":[[8.6636153,55.0327026],[8.6627649,55.0327282],[8.6610275,55.0329711],[8.6595886,55.0326411]]},"properties":{"voltage":"15000","name":""}},{"type":"Feature","geometry":{"type":"LineString","coordinates":[[10.8634506,55.0642132],[10.865581,55.0639414],[10.8658681,55.0648875],[10.8659637,55.0654711],[10.8666821,55.0681672],[10.8669082,55.0681128],[10.8670589,55.06818],[10.8671984,55.0684005],[10.8722299,55.0674189],[10.873462,55.0672244],[10.8830801,55.0656453],[10.8839781,55.0655122],[10.8840679,55.0655114],[10.884209,55.0656362],[10.8842754,55.0657609]]},"properties":{"voltage":"60000","name":""}},{"type":"Feature","geometry":{"type":"LineString","coordinates":[[14.8978787,55.0683407],[14.8979332,55.0683271],[14.8980262,55.0683015],[14.8980449,55.0682966],[14.8980725,55.0682892]]},"properties":{"voltage":"60000","name":""}},{"type":"Feature","geometry":{"type":"LineString","coordinates":[[14.8978577,55.0681523],[14.8978138,55.0681686],[14.8978039,55.0681834],[14.8978097,55.0681987],[14.8978236,55.0682119],[14.8978531,55.0682429],[14.8979001,55.0682922],[14.8979332,55.0683271]]},"properties":{"voltage":"60000","name":""}},{"type":"Feature","geometry":{"type":"LineString","coordinates":[[14.8978577,55.0681523],[14.8979059,55.0681557],[14.8979323,55.0681651],[14.8979467,55.0681765],[14.8979567,55.0681937],[14.8979695,55.0682134],[14.8980024,55.0682646],[14.8980262,55.0683015]]},"properties":{"voltage":"60000","name":""}},{"type":"Feature","geometry":{"type":"LineString","coordinates":[[14.8979951,55.0684003],[14.8979675,55.0683676],[14.8979332,55.0683271]]},"properties":{"voltage":"60000","name":""}},{"type":"Feature","geometry":{"type":"LineString","coordinates":[[14.8981016,55.0683608],[14.8980698,55.0683248],[14.8980449,55.0682966]]},"properties":{"voltage":"60000","name":""}},{"type":"Feature","geometry":{"type":"LineString","coordinates":[[9.4245394,55.0438066],[9.4246482,55.0438221],[9.4247626,55.0438383],[9.4248699,55.0438536],[9.4251006,55.0438863],[9.4253287,55.0439187],[9.4254257,55.0439325]]},"properties":{"voltage":"60000","name":""}},{"type":"Feature","geometry":{"type":"LineString","coordinates":[[9.4247207,55.0439387],[9.4247485,55.043872],[9.4247626,55.0438383]]},"properties":{"voltage":"60000","name":""}},{"type":"Feature","geometry":{"type":"LineString","coordinates":[[9.4252736,55.0440424],[9.4253145,55.0439505],[9.4253287,55.0439187]]},"properties":{"voltage":"60000","name":""}},{"type":"Feature","geometry":{"type":"LineString","coordinates":[[9.4246048,55.0439211],[9.4246327,55.0438573],[9.4246482,55.0438221]]},"properties":{"voltage":"60000","name":""}},{"type":"Feature","geometry":{"type":"LineString","coordinates":[[9.4248329,55.0439361],[9.4248551,55.0438865],[9.4248699,55.0438536]]},"properties":{"voltage":"60000","name":""}},{"type":"Feature","geometry":{"type":"LineString","coordinates":[[9.4250654,55.0439606],[9.4250859,55.0439172],[9.4251006,55.0438863]]},"properties":{"voltage":"60000","name":""}},{"type":"Feature","geometry":{"type":"LineString","coordinates":[[9.4151136,55.034603],[9.4151244,55.034556],[9.4151484,55.0344522],[9.4151641,55.0343843]]},"properties":{"voltage":"60000","name":""}},{"type":"Feature","geometry":{"type":"LineString","coordinates":[[9.4149648,55.0344388],[9.4150508,55.0344451],[9.4151484,55.0344522]]},"properties":{"voltage":"60000","name":""}},{"type":"Feature","geometry":{"type":"LineString","coordinates":[[9.4152813,55.0345675],[9.4152523,55.0345654],[9.4151244,55.034556]]},"properties":{"voltage":"60000","name":""}},{"type":"Feature","geometry":{"type":"LineString","coordinates":[[9.4037721,55.0459825],[9.4037726,55.0459369],[9.4037741,55.0458022],[9.4037746,55.0457602]]},"properties":{"voltage":"60000","name":""}},{"type":"Feature","geometry":{"type":"LineString","coordinates":[[9.4039171,55.0459373],[9.4038184,55.045937],[9.4037726,55.0459369]]},"properties":{"voltage":"60000","name":""}},{"type":"Feature","geometry":{"type":"LineString","coordinates":[[9.4038702,55.0458033],[9.4038314,55.0458032],[9.4037741,55.0458022],[9.4037111,55.0458015],[9.4036481,55.0458008]]},"properties":{"voltage":"60000","name":""}},{"type":"Feature","geometry":{"type":"LineString","coordinates":[[9.4326854,55.067764],[9.432685,55.0677396],[9.4326829,55.0676106],[9.4326833,55.067574]]},"properties":{"voltage":"60000","name":""}},{"type":"Feature","geometry":{"type":"LineString","coordinates":[[9.4325596,55.0676118],[9.432633,55.0676111],[9.4326829,55.0676106]]},"properties":{"voltage":"60000","name":""}},{"type":"Feature","geometry":{"type":"LineString","coordinates":[[9.4327954,55.0676632],[9.4327884,55.0677176],[9.4327572,55.0677331],[9.4327231,55.0677392],[9.432685,55.0677396]]},"properties":{"voltage":"60000","name":""}},{"type":"Feature","geometry":{"type":"LineString","coordinates":[[9.7509949,55.0494069],[9.7510075,55.0493715],[9.7510258,55.0493206],[9.7510388,55.0492843]]},"properties":{"voltage":"60000","name":""}},{"type":"Feature","geometry":{"type":"LineString","coordinates":[[9.7511612,55.0492977],[9.7511288,55.0493859],[9.7511144,55.0494251]]},"properties":{"voltage":"60000","name":""}},{"type":"Feature","geometry":{"type":"LineString","coordinates":[[9.7508729,55.0493023],[9.750933,55.0493095],[9.7510258,55.0493206]]},"properties":{"voltage":"60000","name":""}},{"type":"Feature","geometry":{"type":"LineString","coordinates":[[9.7510757,55.0493604],[9.7510075,55.0493715]]},"properties":{"voltage":"60000","name":""}},{"type":"Feature","geometry":{"type":"LineString","coordinates":[[9.7510757,55.0493604],[9.7511288,55.0493859]]},"properties":{"voltage":"60000","name":""}},{"type":"Feature","geometry":{"type":"LineString","coordinates":[[9.7511144,55.0494251],[9.7511035,55.0494532]]},"properties":{"voltage":"60000","name":""}},{"type":"Feature","geometry":{"type":"LineString","coordinates":[[9.775854,55.0369211],[9.7758731,55.0369019],[9.7759906,55.0367846]]},"properties":{"voltage":"60000","name":""}},{"type":"Feature","geometry":{"type":"LineString","coordinates":[[9.7759906,55.0367846],[9.7760311,55.0367441],[9.7760688,55.0367065]]},"properties":{"voltage":"60000","name":""}},{"type":"Feature","geometry":{"type":"LineString","coordinates":[[9.7760688,55.0367065],[9.7760949,55.0366804],[9.7761095,55.0366658]]},"properties":{"voltage":"60000","name":""}},{"type":"Feature","geometry":{"type":"LineString","coordinates":[[9.7758969,55.0366975],[9.775964,55.0367208],[9.7760311,55.0367441]]},"properties":{"voltage":"60000","name":""}},{"type":"Feature","geometry":{"type":"LineString","coordinates":[[9.8114772,55.034859],[9.8115248,55.0348445],[9.811629,55.0348127],[9.8117314,55.0347815],[9.8117716,55.0347693]]},"properties":{"voltage":"60000","name":""}},{"type":"Feature","geometry":{"type":"LineString","coordinates":[[9.8115408,55.0349265],[9.811588,55.0349119],[9.8116927,55.0348795],[9.8117902,55.0348493],[9.8118345,55.0348356]]},"properties":{"voltage":"60000","name":""}},{"type":"Feature","geometry":{"type":"LineString","coordinates":[[9.811853,55.034924],[9.8118184,55.0348829],[9.8117902,55.0348493],[9.8117314,55.0347815]]},"properties":{"voltage":"60000","name":""}},{"type":"Feature","geometry":{"type":"LineString","coordinates":[[9.8116578,55.034987],[9.8116184,55.0349446],[9.811588,55.0349119],[9.8115248,55.0348445]]},"properties":{"voltage":"60000","name":""}},{"type":"Feature","geometry":{"type":"LineString","coordinates":[[9.811629,55.0348127],[9.8116616,55.0348459],[9.8116164,55.0348582]]},"properties":{"voltage":"60000","name":""}},{"type":"Feature","geometry":{"type":"LineString","coordinates":[[9.8117344,55.03493],[9.8116927,55.0348795]]},"properties":{"voltage":"60000","name":""}},{"type":"Feature","geometry":{"type":"LineString","coordinates":[[9.8232328,55.013255],[9.8232848,55.0132549],[9.8233368,55.0132548],[9.8234341,55.0132547]]},"properties":{"voltage":"60000","name":""}},{"type":"Feature","geometry":{"type":"LineString","coordinates":[[13.5566226,54.0777871],[13.5762854,54.1344931],[13.5778769,54.1377281],[13.582642,54.144699],[13.5878262,54.1761187],[13.6018166,54.1828498],[13.6365265,54.1836534],[13.7176022,54.2095123],[13.718512,54.2334789],[13.7228378,54.2386557],[13.8494896,54.3293761],[13.8351222,54.3491997],[13.8632231,54.3708352],[13.855258,54.383893],[13.8453188,54.5069876],[13.8349505,54.5256709],[13.8177843,54.618383],[13.8700724,54.7247259],[13.9306174,54.7576354],[13.9297076,54.7708967],[14.0274001,54.7852425],[14.0237437,54.7965083],[14.0681525,54.8019507],[14.0947173,54.8062865],[14.1932765,54.8280098],[14.4918544,55.0450871],[14.5805862,55.0205737],[14.6103916,55.0190154],[14.6196021,55.0234695],[14.6314454,55.0192874],[14.6634309,55.0179091],[14.6871334,55.0152956],[14.699436,55.0168504],[14.7184265,55.0143805],[14.7438784,55.0176598],[14.8241225,55.0371346],[14.8384766,55.0508396]]},"properties":{"voltage":"525000","name":"BEI-Interkonnektor Bornholm-Deutschland"}},{"type":"Feature","geometry":{"type":"LineString","coordinates":[[11.9316901,55.0998699],[11.9315616,55.0998781],[11.9310573,55.0999132]]},"properties":{"voltage":"","name":""}},{"type":"Feature","geometry":{"type":"LineString","coordinates":[[14.8978577,55.0681523],[14.9001673,55.0678127],[14.9031955,55.067352],[14.9061164,55.0669142],[14.9085036,55.0665548],[14.9110276,55.066177],[14.9135032,55.0657961],[14.9160768,55.0653977],[14.9189696,55.0649652],[14.9219576,55.0645274],[14.9250984,55.0642601],[14.9275365,55.0640574],[14.9303019,55.063827],[14.932563,55.0636242],[14.9355671,55.0633708],[14.9385577,55.0631189],[14.9409476,55.0629192],[14.9434474,55.0627257],[14.9465051,55.0624722],[14.9494556,55.0622295],[14.951663,55.0620114],[14.9547234,55.0617503],[14.957588,55.0615306],[14.9605358,55.0612603],[14.9633226,55.0610268],[14.966104,55.0607887],[14.9684858,55.0605936],[14.9713236,55.0603432],[14.973802,55.0601297],[14.9767631,55.0598762],[14.9797001,55.0596504],[14.9827954,55.0593754],[14.9857914,55.0591281],[14.9885756,55.0592679],[14.9913973,55.0594061],[14.9940902,55.0595382],[14.9968985,55.059678],[15.0000447,55.059827],[15.0031158,55.059976],[15.00579,55.0601128],[15.008432,55.0602341],[15.0114655,55.0604031],[15.0146547,55.0605521],[15.0170231,55.0606796],[15.0193593,55.0607963],[15.02235,55.06095],[15.0253057,55.0610775],[15.0283098,55.061228],[15.0310108,55.0613724],[15.0339532,55.0614876],[15.0363665,55.0615133],[15.038977,55.0617257],[15.0416055,55.0618593],[15.0446069,55.0619761],[15.0475493,55.0621435],[15.0503361,55.0622817],[15.0529057,55.0624108],[15.0557435,55.0625429],[15.0588468,55.0626949],[15.0618643,55.062847],[15.0647718,55.0629868],[15.065801,55.0630306]]},"properties":{"voltage":"60000","name":""}}]}