{"type":"FeatureCollection","features":[{"type":"Feature","geometry":{"type":"LineString","coordinates":[[14.145281,42.5028339],[14.1456431,42.5032848],[14.145973,42.503969],[14.146252,42.5045859],[14.1464424,42.5048301],[14.1461951,42.5058065],[14.1468507,42.507876],[14.1470715,42.5091913],[14.1475054,42.5110271],[14.1476943,42.5118876]]},"properties":{"voltage":"","name":""}},{"type":"Feature","geometry":{"type":"LineString","coordinates":[[14.118051,42.5092128],[14.1188817,42.5094128],[14.1198564,42.5089775],[14.1207336,42.5083267],[14.1218171,42.5074067],[14.1222261,42.5072009],[14.1224572,42.5072795],[14.1232453,42.5074194],[14.1250424,42.507107],[14.1264304,42.5080205],[14.1273806,42.5083564],[14.1281752,42.5086583],[14.1303093,42.5096234],[14.1320307,42.5104101],[14.1334882,42.5112291],[14.1353564,42.5129076],[14.1378441,42.5136096],[14.1394169,42.5130184]]},"properties":{"voltage":"","name":""}},{"type":"Feature","geometry":{"type":"LineString","coordinates":[[14.1285645,42.5072142],[14.1270141,42.5081513],[14.1231488,42.5080469],[14.119931,42.5079365],[14.1179878,42.5061893],[14.1157337,42.5041908],[14.1122254,42.50111],[14.1094198,42.4990375],[14.1068127,42.4970797],[14.1038676,42.4948687],[14.1003807,42.4927407],[14.0983047,42.4907906],[14.0961921,42.4887887],[14.0941268,42.4868385],[14.0929466,42.4825462],[14.0919193,42.4793906],[14.0908234,42.4761436],[14.0898391,42.4732508],[14.0888075,42.4702122],[14.087799,42.46735],[14.0866498,42.4640641],[14.0851873,42.4628814],[14.0864114,42.4610435],[14.0876116,42.4592397],[14.0890555,42.45731],[14.0887711,42.4555178],[14.0880617,42.4511185],[14.0894507,42.4477698],[14.0906056,42.444983],[14.0928915,42.4414754],[14.0964438,42.4383038],[14.0999523,42.4350551],[14.102167,42.4329686],[14.1023696,42.4300389],[14.1030772,42.4242885],[14.1036428,42.4188103],[14.1039731,42.4156107],[14.1053282,42.4140887],[14.1080877,42.4117995],[14.1102495,42.4113135],[14.1130974,42.4107359],[14.1182268,42.4095697],[14.1213651,42.4089149],[14.1250576,42.4081181],[14.1275618,42.4075832],[14.1324807,42.4072068],[14.1347455,42.4055012],[14.1363697,42.4042074],[14.1349252,42.4029178],[14.1327025,42.4021245]]},"properties":{"voltage":"132000","name":"Elettrodotto Villanova Pineto"}},{"type":"Feature","geometry":{"type":"LineString","coordinates":[[14.1321014,42.4038238],[14.1323447,42.4035347],[14.1329953,42.4049106],[14.1322432,42.4068948],[14.1274813,42.4071936],[14.1248966,42.4077615],[14.1214398,42.4085178],[14.1178737,42.4092349],[14.1131161,42.4102347],[14.1098121,42.4109905],[14.1067009,42.4117327],[14.1034668,42.4154345],[14.1025894,42.4180845],[14.101087,42.4226215],[14.1001733,42.425548],[14.0990776,42.4281738],[14.0970236,42.4334271],[14.0924691,42.4389245],[14.0909362,42.4408083],[14.0884828,42.443797],[14.0862674,42.446504],[14.0849737,42.448092],[14.0842703,42.4512779],[14.0836157,42.4541618],[14.081713,42.4568772],[14.0801724,42.4590582],[14.0817851,42.4603994],[14.0837591,42.4619724],[14.0863454,42.4641153],[14.0875143,42.4674493],[14.0884761,42.4702237],[14.0895463,42.473294],[14.0904972,42.476113],[14.0916638,42.4794377],[14.0927374,42.4826688],[14.0936654,42.4868385],[14.0963369,42.489204],[14.0946736,42.4916046],[14.0964278,42.4936417],[14.0986433,42.4962206],[14.101701,42.4993294],[14.1036994,42.5019454],[14.1052936,42.505279],[14.1074295,42.5095666],[14.1107377,42.5117337],[14.1134672,42.5134759],[14.1162246,42.5152633],[14.11735,42.5176074],[14.1138986,42.5206025],[14.111012,42.5233713],[14.1076353,42.5265581],[14.1049291,42.5291161],[14.1002153,42.5335867],[14.0954298,42.5381233],[14.0919511,42.5414278],[14.0891772,42.5440543],[14.0850658,42.5479588],[14.0814422,42.5513937],[14.0756567,42.5568578],[14.0745956,42.5583417],[14.0714437,42.5627921],[14.0700078,42.5654632],[14.0680701,42.5690822],[14.0660365,42.5728652],[14.0621255,42.5800904],[14.0608144,42.582554],[14.0579949,42.5849504],[14.0514822,42.5904842],[14.0469011,42.5943625],[14.0423276,42.598594],[14.0473447,42.6015903],[14.0524407,42.6047378],[14.0536814,42.6072125],[14.0549747,42.6096088]]},"properties":{"voltage":"132000","name":"Pineto-Montesilvano-Villanova"}},{"type":"Feature","geometry":{"type":"LineString","coordinates":[[13.7029883,42.5982025],[13.7019889,42.5989948],[13.6972157,42.5986953],[13.6927907,42.5984249],[13.6886988,42.5981923],[13.6846582,42.5968403],[13.6794473,42.5926143],[13.6756374,42.5890296],[13.6745354,42.5870233],[13.6729503,42.5842985],[13.672873,42.5815488],[13.6711935,42.5797671],[13.6691937,42.5775705],[13.6674259,42.5757236],[13.6643756,42.5731409],[13.6596654,42.5722906],[13.6547265,42.5713813],[13.6466967,42.5696774],[13.6431192,42.569507],[13.6363013,42.5674847],[13.6296743,42.5662265],[13.6228858,42.5660137],[13.6187062,42.5658874],[13.6080919,42.5656201],[13.6039177,42.5654765],[13.6023091,42.5654985],[13.5973144,42.5637994],[13.5930264,42.5622635],[13.5911939,42.5600959],[13.5883052,42.5564786],[13.5860664,42.5538187],[13.582116,42.549176],[13.5776987,42.5458977],[13.5729561,42.5421834],[13.5721237,42.5411968],[13.5697311,42.5383607],[13.5667742,42.5371897],[13.5574432,42.5395644],[13.5558297,42.5384041],[13.5560387,42.5377848]]},"properties":{"voltage":"380000","name":"Teramo-San Giacomo 380"}},{"type":"Feature","geometry":{"type":"LineString","coordinates":[[13.5751944,42.8424668],[13.5729268,42.8433823],[13.5703037,42.8444247],[13.5675014,42.8456007],[13.5592265,42.8486342],[13.5570035,42.8496824],[13.5530466,42.8507537],[13.5496701,42.8516405],[13.5464178,42.8514053],[13.5415301,42.85105],[13.538738,42.8508864]]},"properties":{"voltage":"132000","name":""}},{"type":"Feature","geometry":{"type":"LineString","coordinates":[[13.55884,42.5354705],[13.5587638,42.5356249],[13.5581418,42.5368831],[13.5577863,42.5383845],[13.5570182,42.5380664]]},"properties":{"voltage":"220000","name":""}},{"type":"Feature","geometry":{"type":"LineString","coordinates":[[13.6489795,42.5036906],[13.6499921,42.5059853],[13.6503957,42.5071466],[13.6511429,42.5092868],[13.6522626,42.5125147],[13.6552675,42.5173921],[13.6576822,42.5213112],[13.6588807,42.52329],[13.6590846,42.5265145],[13.6592566,42.5292327],[13.6592748,42.5307962],[13.6591777,42.5324172],[13.6590458,42.5343522],[13.6587244,42.5391933],[13.6584123,42.5436488],[13.6582487,42.5462916],[13.6580716,42.5489836],[13.6578456,42.5522964],[13.657681,42.5546198],[13.6574939,42.5576941],[13.6584655,42.5602072],[13.6592912,42.5623103],[13.6618659,42.5688203],[13.6631141,42.571976],[13.66404,42.574297],[13.664555,42.5756534],[13.6647213,42.5760668],[13.665585,42.5782391],[13.6662869,42.5805561],[13.6672799,42.58391],[13.6681187,42.5867597],[13.6690564,42.5897989],[13.6699716,42.5928919],[13.6716096,42.5984303],[13.6723104,42.6007537],[13.67246,42.6015699],[13.6729566,42.6043311],[13.6740148,42.6103337],[13.6747536,42.6145017],[13.6753875,42.6180035],[13.6760251,42.6215887],[13.675703,42.6249167],[13.6752367,42.6298851],[13.6787246,42.6372732],[13.6816154,42.6419687],[13.6827826,42.643887],[13.6840437,42.6459023],[13.6842869,42.6484211],[13.682734,42.6509417],[13.6820512,42.6512282],[13.6811851,42.6517439]]},"properties":{"voltage":"132000","name":"Teramo CP-Isola del Gran Sasso"}},{"type":"Feature","geometry":{"type":"LineString","coordinates":[[13.7073632,43.2885343],[13.7056421,43.2883826],[13.7010474,43.2883426],[13.6936366,43.2869209],[13.69034,43.2862658],[13.6871896,43.2856623],[13.6825629,43.2847913],[13.6782837,43.2842134],[13.6735847,43.2835868],[13.6680861,43.2836839],[13.6629446,43.2821788],[13.6583439,43.2815771],[13.6545561,43.2798955],[13.6517381,43.2786145],[13.6485635,43.2772083],[13.6442326,43.2756203],[13.6407054,43.2750179],[13.6373811,43.2739595],[13.6328827,43.2725108],[13.6311361,43.2719382],[13.6278738,43.2704005],[13.6244513,43.2685342],[13.6212405,43.2668105],[13.6182695,43.2651929],[13.6150072,43.2634423],[13.6095429,43.2604878],[13.6047944,43.2565205],[13.6010609,43.2557738],[13.6,43.2548384]]},"properties":{"voltage":"132000","name":"Monte San Giusto-Civitanova Marche"}},{"type":"Feature","geometry":{"type":"LineString","coordinates":[[13.6263715,43.4468076],[13.6272885,43.4467727],[13.628536,43.4459576],[13.6289595,43.4424914],[13.6281059,43.4390979],[13.6273938,43.4362751],[13.6267341,43.4336487],[13.6264138,43.4323555],[13.6257078,43.4295338],[13.6250161,43.4267678],[13.6242547,43.4237708],[13.623914,43.4224064],[13.6233676,43.4202541],[13.6224635,43.4164764],[13.6219065,43.4143522],[13.6211745,43.4114581],[13.6204606,43.4086955],[13.6200017,43.4068176],[13.6194226,43.4043787],[13.6190194,43.4028961],[13.6188083,43.4002979],[13.6185678,43.3972594],[13.6183689,43.3947821],[13.6181275,43.3917492],[13.6178745,43.388828],[13.6176682,43.3860516],[13.6174077,43.3834872],[13.6172499,43.3808505],[13.6170197,43.3781273],[13.6167149,43.3750051],[13.6165318,43.3727049],[13.6164126,43.370553],[13.6166574,43.3668734],[13.6168079,43.3644551],[13.6170416,43.3627465],[13.6174419,43.3605952],[13.6179344,43.3576657],[13.6182899,43.3555182],[13.6187368,43.3529087],[13.6192483,43.3499023],[13.6196916,43.3472682],[13.6200368,43.3451692],[13.6216666,43.3428794],[13.623412,43.3404869],[13.6252791,43.337925],[13.6265504,43.3362056],[13.6285029,43.3335195],[13.629534,43.3321111],[13.6302459,43.3311369],[13.6332031,43.327092],[13.6360231,43.323394],[13.6396638,43.3188332],[13.641931,43.3159881],[13.6445548,43.3126768],[13.6458165,43.3110497],[13.6468611,43.3099129],[13.6492775,43.3072642],[13.6512536,43.3050926],[13.6525207,43.3036964],[13.65479,43.3012062],[13.6566251,43.2992112],[13.6586265,43.2969973],[13.6603618,43.2950766],[13.6622842,43.2929416],[13.6634037,43.2912161],[13.6643962,43.2896314],[13.6654483,43.2879275],[13.6668074,43.2857167],[13.6683006,43.2828905],[13.6696407,43.2811289],[13.671433,43.2782919],[13.6729796,43.2758009],[13.6744269,43.2734983],[13.6755372,43.2716639],[13.6769156,43.2694838],[13.6781764,43.2674022],[13.6792969,43.2656068],[13.680647,43.2633995],[13.6828352,43.2614558],[13.6844839,43.2599816],[13.685853,43.2586996],[13.6874758,43.2572082],[13.6891673,43.2557931],[13.6908301,43.2542994],[13.6932111,43.2521573],[13.6945163,43.2509621],[13.6969478,43.2487702],[13.6997941,43.246211],[13.7016783,43.2445029],[13.7027568,43.2431864],[13.7045478,43.2410318],[13.7057505,43.2395605],[13.7073352,43.2376487],[13.7083937,43.2363634],[13.7106368,43.2336209],[13.7122324,43.2316826],[13.7136446,43.2300126],[13.7145385,43.2288924],[13.7167228,43.2262313],[13.7182531,43.2243423],[13.7219934,43.2225348],[13.7232284,43.2219285],[13.7269961,43.2200615],[13.7304435,43.2183527],[13.733392,43.2168912],[13.7361746,43.2155189],[13.7410615,43.2131088],[13.7434661,43.2119271],[13.7463983,43.210465],[13.7489054,43.209372],[13.7523174,43.2078605],[13.7554949,43.2064742],[13.7569805,43.2058219],[13.7620687,43.2035961],[13.7655848,43.2020683],[13.7687079,43.2006752],[13.7716395,43.1993998],[13.773792,43.1983597],[13.7762826,43.1971594],[13.7789845,43.195865],[13.7812364,43.1947809],[13.7841482,43.1940709],[13.7885479,43.1942737],[13.789463,43.1943044]]},"properties":{"voltage":"132000","name":""}},{"type":"Feature","geometry":{"type":"LineString","coordinates":[[13.7871521,45.0662821],[13.787519,45.0645775],[13.7894556,45.0636303],[13.7922665,45.0622359],[13.7948361,45.0597464],[13.7969818,45.0576775],[13.7982747,45.0564724],[13.8010373,45.0537818],[13.8038268,45.0510987],[13.8062569,45.0487452],[13.8088855,45.0462134],[13.8113209,45.0438482],[13.8134292,45.0418393],[13.8156661,45.0396636],[13.8180855,45.0373323],[13.8204136,45.0350957],[13.8224628,45.0331093],[13.8246247,45.0310545],[13.8263145,45.0293826],[13.8280284,45.0277091],[13.8304236,45.0249656],[13.8322261,45.0228688],[13.8342753,45.0204573],[13.8357076,45.0188002],[13.8374886,45.0167373],[13.8393822,45.0144924],[13.8409245,45.0127009],[13.8431427,45.0101463],[13.8451758,45.0077493],[13.8474825,45.0050451],[13.8493654,45.0028831],[13.8512108,45.0006717],[13.8531849,44.9983729],[13.8548156,44.9964421],[13.8572404,44.9936273],[13.8584742,44.9921857],[13.8604644,44.9898639],[13.8624653,44.988794],[13.8650751,44.9874073],[13.8676849,44.9860206],[13.8705495,44.9844915],[13.8733336,44.9830345],[13.8755062,44.9818658],[13.879095,44.9799572],[13.8824531,44.978151],[13.8860312,44.9762764],[13.8891586,44.9746219],[13.8923827,44.9728914],[13.8959768,44.9709711],[13.896648,44.9689959],[13.8971284,44.9674596]]},"properties":{"voltage":"110000","name":"DV Vin\u010dent - \u0160ijana"}},{"type":"Feature","geometry":{"type":"LineString","coordinates":[[13.6674895,43.3491033],[13.6681407,43.3486406],[13.6676039,43.3468754],[13.6703687,43.3420317],[13.6724097,43.3385537],[13.6753938,43.33443],[13.6775085,43.3315295],[13.6813673,43.3261923],[13.6824955,43.3246504],[13.6836237,43.3230668],[13.6848739,43.3207933],[13.6872094,43.3165376],[13.6881948,43.3146342],[13.6907193,43.3079852],[13.6929676,43.3022207],[13.6939814,43.3009046],[13.6966243,43.2974178],[13.6984739,43.2949194],[13.7007558,43.2918754],[13.7029939,43.2889351],[13.7055528,43.2885532],[13.7073025,43.2886435]]},"properties":{"voltage":"132000","name":"Civitanova-Potenza Picena"}},{"type":"Feature","geometry":{"type":"LineString","coordinates":[[14.7011392,44.3698513],[14.7013864,44.3697058],[14.7054027,44.3669932],[14.7060965,44.3664903],[14.7066762,44.366133],[14.7127265,44.3622162],[14.7191804,44.3616954],[14.7220849,44.3582828],[14.7222376,44.3581116]]},"properties":{"voltage":"10000","name":""}},{"type":"Feature","geometry":{"type":"LineString","coordinates":[[13.4983002,43.47904],[13.4987677,43.4799475],[13.5002474,43.4829529],[13.507,43.4839511],[13.5083767,43.4860304],[13.5110305,43.4899579],[13.5123269,43.491881],[13.5121974,43.4942059],[13.5119216,43.4960994],[13.5114336,43.4992443],[13.5110253,43.5017672],[13.5102818,43.5044356],[13.5100114,43.5066981],[13.5097398,43.5089178],[13.5076597,43.5119351],[13.5059832,43.5143817],[13.5042394,43.5169753],[13.5022082,43.5198557],[13.5020848,43.5227363],[13.5008048,43.5240469],[13.4991298,43.5257346],[13.4960318,43.5288834],[13.4938115,43.5311266],[13.493926,43.5339429],[13.4939799,43.5367282],[13.4941298,43.5386656],[13.4959097,43.5424031],[13.4967977,43.544253],[13.4978886,43.5465233],[13.4973746,43.5490913],[13.497983,43.5527293],[13.4984384,43.5555767],[13.4998066,43.5584705],[13.5012996,43.5614998],[13.5019126,43.5625776]]},"properties":{"voltage":"132000","name":"Candia-Osimo"}},{"type":"Feature","geometry":{"type":"LineString","coordinates":[[13.8635079,44.8859302],[13.8639333,44.8859747]]},"properties":{"voltage":"110000","name":"DV \u0160ijana - Dolinka"}},{"type":"Feature","geometry":{"type":"LineString","coordinates":[[14.6366692,45.04725],[14.6379611,45.0473061],[14.6418388,45.0458105],[14.6425961,45.0454205],[14.6451247,45.0441183],[14.6477376,45.0427662],[14.6512948,45.0410687],[14.6547307,45.0394877],[14.6566836,45.0385759],[14.6582901,45.0378409],[14.661106,45.0367016],[14.6645036,45.0353397],[14.6679191,45.0339892],[14.670233,45.0330701],[14.6719443,45.0323778],[14.6745822,45.0313242],[14.6784959,45.0298281],[14.6816234,45.0267912],[14.6839002,45.0245391],[14.6857193,45.0234509],[14.6886128,45.0216685],[14.6910315,45.0201267],[14.6930183,45.0189793],[14.6966873,45.0167225],[14.6996535,45.0148722],[14.7053098,45.0069925],[14.7082799,45.002835],[14.7092496,45.0015281],[14.7083306,44.9984603],[14.7102441,44.9962415],[14.7136419,44.9924326],[14.7155803,44.9902642],[14.7177154,44.9878854],[14.7196439,44.9857095],[14.7217516,44.9833535],[14.7203734,44.9794203],[14.7190105,44.97551],[14.7177643,44.9716309],[14.7172001,44.9702092],[14.7161597,44.9675345],[14.7157561,44.9665238],[14.7149386,44.9642035],[14.7140987,44.9619763],[14.7133728,44.9600862],[14.7125807,44.9580114],[14.7119979,44.9564685],[14.7111306,44.954196],[14.7103356,44.9520627],[14.7099934,44.9512315],[14.7079908,44.946936]]},"properties":{"voltage":"110000","name":"DV Dunat - Rab"}},{"type":"Feature","geometry":{"type":"LineString","coordinates":[[14.0697408,45.072943],[14.0695236,45.07341],[14.06751,45.0735149],[14.0642468,45.0738726],[14.0618565,45.0741356],[14.0596673,45.0739503],[14.0560424,45.0736171],[14.0497256,45.0729778],[14.0449002,45.0724967],[14.0387947,45.0718879],[14.0358605,45.0715694],[14.0325613,45.0712441],[14.027887,45.0708417],[14.0125458,45.0692548],[14.0097892,45.0670497],[14.0073159,45.0650946],[14.0054323,45.0635491],[14.0037582,45.0621595],[13.9988683,45.0579531],[13.9967016,45.0556803],[13.9946751,45.0534797],[13.9929808,45.0516399],[13.990887,45.049366],[13.9886401,45.0469259],[13.9864051,45.0444986],[13.9841066,45.0419954],[13.9816974,45.0393953],[13.9795027,45.037034],[13.977073,45.03442],[13.9745959,45.031889],[13.9721642,45.0294042],[13.9697122,45.0268986],[13.966985,45.0244145],[13.964467,45.0219554],[13.961985,45.0194717],[13.9594979,45.0168375],[13.9570904,45.0146267],[13.9546277,45.0121877],[13.9501055,45.0077053],[13.9479233,45.0056017],[13.9455279,45.0032655],[13.9433007,45.0011169],[13.9410951,44.9988877],[13.9365719,44.9943146],[13.9345541,44.9920962],[13.9321633,44.9894677],[13.9299886,44.9871094],[13.9276153,44.9845288],[13.9254854,44.9822129],[13.9232802,44.9798149],[13.9209569,44.9772939],[13.9187976,44.974931],[13.916431,44.9723497],[13.9140378,44.9697394],[13.9120201,44.9675461],[13.9095604,44.96488],[13.9072583,44.9623846],[13.904982,44.959917],[13.9026548,44.9573942],[13.9008544,44.9554476],[13.8983348,44.9526932],[13.8962528,44.9504724],[13.8936121,44.9475777],[13.8913029,44.9450813],[13.8890557,44.9426323],[13.8870437,44.9404576],[13.8844076,44.937595],[13.8822838,44.9352838],[13.8802457,44.9330868],[13.8785757,44.9312669],[13.8758491,44.9286039],[13.8734423,44.9260087],[13.8728732,44.9251642],[13.8726451,44.9248257],[13.8712995,44.9219381],[13.869973,44.919032],[13.8687933,44.9165693],[13.86857,44.9160673],[13.867351,44.913386],[13.865995,44.9104503],[13.8646401,44.9075168],[13.8633033,44.904624],[13.8619115,44.9016077],[13.8609773,44.8996232],[13.8599346,44.8972601],[13.8602997,44.8953765],[13.8606285,44.8935156],[13.8609547,44.8918585],[13.8613069,44.8900648],[13.8614729,44.8892221],[13.8625391,44.8875295],[13.8635079,44.8859302]]},"properties":{"voltage":"110000","name":"DV Dolinka - Ra\u0161a"}},{"type":"Feature","geometry":{"type":"LineString","coordinates":[[14.1662735,45.1381919],[14.166129,45.1390585],[14.1653091,45.14086],[14.164412,45.1429493],[14.1635085,45.1450808],[14.1603533,45.1464872],[14.1572322,45.1485486],[14.1543574,45.1504762],[14.1517574,45.152194],[14.1495001,45.1537],[14.1462004,45.155907],[14.1418699,45.1573271],[14.1384117,45.1584815],[14.1348735,45.1597153],[14.1319356,45.1589545],[14.1269995,45.1576187],[14.1220302,45.1564399],[14.1176222,45.1553159],[14.1141921,45.1544745],[14.1108757,45.1536541],[14.1083936,45.1515072],[14.1059264,45.1493496],[14.1030256,45.1468925],[14.100089,45.1443024],[14.0972659,45.1418703],[14.0941887,45.1392083],[14.0911025,45.1363499],[14.0877023,45.1337129],[14.0845144,45.1311897],[14.0812458,45.1285967],[14.078357,45.1263286],[14.0749927,45.123689],[14.0724328,45.1216781],[14.0697055,45.1195215],[14.0662276,45.1167656],[14.0637275,45.1148452],[14.0616491,45.1133046],[14.0581218,45.1107093],[14.0548954,45.1083073],[14.0518356,45.1059211],[14.0496469,45.1034802],[14.0472736,45.1007864],[14.0446309,45.0998667],[14.0397921,45.0981914],[14.0362156,45.0969669],[14.0336873,45.096081],[14.0314322,45.0952863],[14.0280513,45.0941347],[14.0252499,45.0931836],[14.0185765,45.090866],[14.016063,45.089978],[14.01291,45.08697],[14.0099805,45.0840359],[14.0073315,45.0815712],[14.0053861,45.0796812],[14.0025094,45.0769386],[13.9995154,45.0740644],[13.9968556,45.0714163],[13.9946879,45.0693269],[13.992454,45.0671837],[13.9896251,45.0649041],[13.9870953,45.0628824],[13.9841413,45.0604818],[13.9804978,45.057518],[13.9772896,45.0551295],[13.9746377,45.0518856],[13.9720547,45.0488179],[13.969676,45.0459083],[13.9669774,45.0426836],[13.9644144,45.0395636],[13.9616865,45.0364028],[13.9592718,45.0333926],[13.9557633,45.030371],[13.9528068,45.0278908],[13.9503724,45.0258292],[13.9470805,45.0230934],[13.9439651,45.0204375],[13.9404447,45.0174499],[13.937297,45.0147959],[13.9339699,45.0119958],[13.9306328,45.0092073],[13.9273053,45.0064078],[13.9241781,45.0037691],[13.9208511,45.0009051],[13.9184067,44.997863],[13.9160031,44.9949553],[13.9133326,44.9917011],[13.9109069,44.9887585],[13.9082812,44.985585],[13.9057599,44.982515],[13.90372,44.9800356],[13.9016228,44.9774716],[13.9005074,44.9740776],[13.8993944,44.970651],[13.8986239,44.9683652],[13.8971284,44.9674596]]},"properties":{"voltage":"110000","name":"DV Plomin - \u0160ijana"}},{"type":"Feature","geometry":{"type":"LineString","coordinates":[[13.8971284,44.9674596],[13.8967269,44.9664103],[13.8979627,44.9656781],[13.8993633,44.9629894],[13.9006828,44.9603108],[13.901907,44.9578255],[13.9000806,44.955847],[13.8975448,44.9530798],[13.8954442,44.950821],[13.8929795,44.9481301],[13.8906037,44.9455281],[13.888393,44.9431468],[13.8863693,44.9409466],[13.883784,44.9381334],[13.8820128,44.9362048],[13.879939,44.9339605],[13.8778908,44.9317199],[13.8750881,44.9293644],[13.8725501,44.9269599],[13.8715427,44.9257503],[13.8705019,44.9233805],[13.8691175,44.920306],[13.867922,44.9175823],[13.8672986,44.9161557],[13.8666111,44.9145764],[13.8654127,44.9119253],[13.8641199,44.9089458],[13.8628219,44.9060247],[13.8615828,44.9032005],[13.8603913,44.9005106],[13.8592314,44.8981257],[13.859792,44.8957775],[13.8602383,44.8937057],[13.8605823,44.891972],[13.8609375,44.8902586],[13.8611432,44.8892408],[13.8623131,44.8874278],[13.8631948,44.8860272]]},"properties":{"voltage":"110000","name":"DV Plomin - \u0160ijana"}},{"type":"Feature","geometry":{"type":"LineString","coordinates":[[14.1634976,42.416844],[14.1619453,42.418048],[14.1585014,42.4178686],[14.1568906,42.4155011],[14.155208,42.413034],[14.1540242,42.4107845],[14.1547355,42.4092173],[14.1555012,42.407234],[14.1550424,42.4038729],[14.1545946,42.4005729],[14.154107,42.3968903],[14.1526753,42.3955116],[14.1512581,42.3941577],[14.1488835,42.3952721],[14.1458792,42.3966855],[14.1425696,42.3982284],[14.1397155,42.3995721],[14.1361417,42.4013128],[14.1320757,42.4033138],[14.1318215,42.4036142]]},"properties":{"voltage":"132000","name":"San Giovanni Teatino-Villanova"}},{"type":"Feature","geometry":{"type":"LineString","coordinates":[[14.1634115,42.4167433],[14.1618344,42.4178304],[14.1586871,42.4177436],[14.1572246,42.4155981],[14.1553923,42.4129081],[14.1542621,42.4107904],[14.1549177,42.409278],[14.1558004,42.4071846],[14.1553546,42.4038549],[14.154875,42.4004781],[14.1544079,42.3968813],[14.1523794,42.3936295],[14.1560287,42.3919215],[14.158769,42.3906198],[14.1607831,42.3896846],[14.1634413,42.3914064],[14.1667296,42.3940453],[14.1679291,42.3950283],[14.169568,42.3963239],[14.1720892,42.398318],[14.1742315,42.4000289],[14.175849,42.4012844],[14.1773164,42.4024711],[14.1814078,42.4057205],[14.1834984,42.4073866],[14.1854341,42.4088342],[14.1875752,42.4105657],[14.1894062,42.4119843],[14.1908525,42.4131665],[14.1929576,42.415041],[14.195048,42.4167777],[14.1972749,42.4185558],[14.1994067,42.4202849],[14.2012908,42.421827],[14.2041456,42.4241656],[14.2075028,42.4269174],[14.208668,42.4297333],[14.2092044,42.430933],[14.2102548,42.4334565],[14.2105337,42.4357073],[14.2105416,42.4369129],[14.2105658,42.4387221],[14.2083171,42.4404692],[14.2081662,42.4407574]]},"properties":{"voltage":"132000","name":"San Giovanni Teatino-San Donato"}},{"type":"Feature","geometry":{"type":"LineString","coordinates":[[14.1807083,42.4428241],[14.1784589,42.4413437],[14.1759334,42.4396562],[14.173639,42.43714],[14.1714437,42.4346329],[14.170558,42.4330698],[14.1691303,42.4305219],[14.1676306,42.4278653],[14.1633584,42.4257795],[14.162604,42.4235333],[14.1619674,42.4204177],[14.1616149,42.4187032],[14.1635694,42.4169394]]},"properties":{"voltage":"132000","name":"San Giovanni Teatino-Fater"}},{"type":"Feature","geometry":{"type":"LineString","coordinates":[[14.2035371,42.4384153],[14.2033994,42.4384721],[14.2042584,42.4392997],[14.2061895,42.4402116],[14.2068876,42.4408129],[14.2074384,42.4408902]]},"properties":{"voltage":"132000","name":"Montesilvano-Villanova-Pescara FS-San Donato PE"}},{"type":"Feature","geometry":{"type":"LineString","coordinates":[[13.9078924,42.4620033],[13.9074653,42.4629104],[13.9068413,42.4640207],[13.9078607,42.4651214],[13.9103491,42.4674535],[13.9130419,42.4698484],[13.9145051,42.4714081],[13.91705,42.4722641],[13.9194925,42.4730117],[13.9254028,42.4749394],[13.9292346,42.4761724],[13.9328499,42.4778633],[13.936082,42.4793729],[13.9393713,42.4809033],[13.9418487,42.4820685],[13.9442655,42.4832051],[13.9454773,42.4837873],[13.9479573,42.4849605],[13.9528382,42.4872059],[13.956706,42.4886616],[13.9604932,42.4900857],[13.9645273,42.4916165],[13.968674,42.4931987],[13.9720267,42.4936892],[13.9750362,42.4945436],[13.9797086,42.4958449],[13.9829648,42.4967863],[13.9875514,42.4980796],[13.9908344,42.4999741],[13.9933074,42.5013979],[13.995952,42.5029127],[13.9974993,42.5026381],[13.9997715,42.5022008],[14.0050894,42.5012778],[14.008129,42.5007373],[14.0122205,42.5000074],[14.0141982,42.4996436],[14.0175535,42.4990426],[14.0207784,42.4984672],[14.0224698,42.4981582],[14.0249058,42.4977228],[14.0276178,42.4972395],[14.0335164,42.4961744],[14.0361282,42.4957118],[14.0391838,42.4951704],[14.0422867,42.4945935],[14.0464207,42.4938434],[14.0504412,42.4931191],[14.0565381,42.4920271],[14.0608489,42.4912375],[14.0627201,42.4907631],[14.0647838,42.4902335],[14.0678866,42.4894325],[14.0706411,42.4887235],[14.0737351,42.4879271],[14.0776859,42.4869045],[14.0812124,42.4860092],[14.0838572,42.4853219],[14.0866005,42.4846272],[14.0905741,42.4834389],[14.0930526,42.4827136],[14.095733,42.4819015],[14.1015564,42.480188],[14.1044564,42.4793241],[14.1070883,42.4785619],[14.1101333,42.47764],[14.1114459,42.4772472],[14.1121884,42.4759648],[14.1108218,42.4732286],[14.1094943,42.4708174],[14.1082507,42.4684097],[14.1075411,42.4663062],[14.1072683,42.4633479],[14.1052767,42.460373],[14.1046543,42.4589967],[14.1035794,42.4566616],[14.1014624,42.4549002],[14.1005764,42.449903],[14.0961501,42.4410885],[14.0962818,42.4380913],[14.0976922,42.4339056],[14.0985713,42.431292],[14.1004073,42.4256167],[14.1013778,42.4226639],[14.1028207,42.4181583],[14.1036996,42.4155334],[14.1071108,42.4117639],[14.1098733,42.4111843],[14.1131256,42.4104986],[14.1179186,42.4094482],[14.1215394,42.408698],[14.1249682,42.4079398],[14.1275171,42.4073719],[14.1323748,42.4070554],[14.1345782,42.4053751],[14.1366574,42.4037878],[14.1354349,42.4020585],[14.132171,42.4034008],[14.1320058,42.4037522]]},"properties":{"voltage":"132000","name":"Penne-Villanova"}},{"type":"Feature","geometry":{"type":"LineString","coordinates":[[14.1249276,42.5108647],[14.1267257,42.5095222],[14.1277564,42.5085209]]},"properties":{"voltage":"","name":""}},{"type":"Feature","geometry":{"type":"LineString","coordinates":[[14.1954892,42.4568969],[14.1943748,42.4570107],[14.1922726,42.4581308],[14.1899805,42.4586801],[14.1874001,42.459676],[14.1850517,42.4607772],[14.1797359,42.4628083],[14.1756888,42.4629472],[14.1719297,42.4630745],[14.1674099,42.4638214],[14.1614287,42.4647904],[14.1551845,42.466978],[14.1478231,42.4695452],[14.1452354,42.4710674],[14.1361937,42.4763605],[14.1344299,42.4774043],[14.1299543,42.4800393],[14.1257309,42.4824605],[14.119928,42.4857833],[14.1164765,42.4877611],[14.1168166,42.4897818],[14.117488,42.493876],[14.1181045,42.4979597],[14.1188414,42.5028792],[14.1212223,42.5054061],[14.1229442,42.5072772],[14.125215,42.5074503],[14.1276494,42.5076047],[14.1284667,42.5071209]]},"properties":{"voltage":"132000","name":""}},{"type":"Feature","geometry":{"type":"LineString","coordinates":[[14.1286677,42.507299],[14.1275339,42.5084221],[14.1239503,42.5115216],[14.1210221,42.5141309],[14.1176059,42.5172944],[14.11735,42.5176074]]},"properties":{"voltage":"132000","name":"Pineto-Montesilvano-Villanova"}},{"type":"Feature","geometry":{"type":"LineString","coordinates":[[14.1261609,42.5058168],[14.1251101,42.5053576],[14.1236329,42.5047164],[14.1222945,42.5053067],[14.1213503,42.5057461],[14.1209637,42.5059074],[14.1201781,42.506231],[14.1187431,42.5067015],[14.1170215,42.5072691],[14.1160449,42.5071327]]},"properties":{"voltage":"","name":""}},{"type":"Feature","geometry":{"type":"LineString","coordinates":[[13.9058971,42.8272179],[13.9055422,42.8283639],[13.9016185,42.8297075],[13.8975479,42.8302661],[13.8938267,42.8301866],[13.8925603,42.8275634],[13.8904786,42.8245583],[13.8889979,42.8212611],[13.8848862,42.8192214],[13.8811661,42.8174098],[13.8787866,42.816224],[13.8778261,42.8157513],[13.8741174,42.815683],[13.8707668,42.815607],[13.8667171,42.8142535],[13.8639207,42.812725],[13.8599715,42.8128544],[13.8577547,42.811487],[13.8583035,42.8086277],[13.8587246,42.8064083],[13.8583387,42.8048047],[13.8579148,42.8027751],[13.8558388,42.7995958],[13.8535008,42.7985004],[13.8498394,42.7973148],[13.8466237,42.7973979],[13.844142,42.7974999],[13.8414327,42.7970746],[13.838842,42.7966647],[13.8362444,42.7947176],[13.83308,42.7925381],[13.8309524,42.7910687],[13.8279895,42.7891001],[13.8229182,42.7857369],[13.8196382,42.7833588],[13.8175313,42.7818657],[13.816424,42.7801938],[13.8141378,42.7767174],[13.8127479,42.7745878],[13.8110516,42.7717617],[13.8058984,42.772259],[13.8012599,42.7726869],[13.7961303,42.7731667],[13.7907139,42.7736688],[13.782543,42.7739673],[13.7780506,42.7737855],[13.7779735,42.774414]]},"properties":{"voltage":"132000","name":"Alba Adriatica-Sant'Omero"}},{"type":"Feature","geometry":{"type":"LineString","coordinates":[[13.9496026,42.728499],[13.9493209,42.7287848],[13.9469303,42.7311662],[13.945079,42.7344457],[13.9441085,42.7370937],[13.9428745,42.7405441],[13.9417479,42.7436665],[13.9408731,42.7460869],[13.9399807,42.7485771],[13.9392966,42.7504642],[13.9380347,42.7539597],[13.9371616,42.7563791],[13.9362076,42.7590171],[13.9352639,42.7616427],[13.9336006,42.7638524],[13.9313078,42.7647131],[13.9302452,42.7669827],[13.9286102,42.7704778],[13.9274754,42.7719886],[13.9260841,42.7737983],[13.92399,42.7764883],[13.9223716,42.7785475],[13.9201555,42.7814342],[13.9183854,42.7837383],[13.9167469,42.7858351],[13.9148627,42.7882831],[13.9121583,42.7917829],[13.9082353,42.7962756],[13.904879,42.8001169],[13.9026565,42.80266],[13.9036625,42.8087782],[13.904247,42.8122063],[13.9046731,42.814843],[13.9052088,42.8181285],[13.905688,42.8210546],[13.9060558,42.8232026],[13.9061744,42.8257184],[13.9062205,42.8268225]]},"properties":{"voltage":"132000","name":"Alba Adriatica-Giulianova"}},{"type":"Feature","geometry":{"type":"LineString","coordinates":[[13.7779878,42.7745155],[13.7757177,42.777089],[13.7731036,42.7783403],[13.7684149,42.7795596],[13.7663849,42.7806893],[13.7633526,42.7826664],[13.7594082,42.7818457],[13.7547798,42.7807476],[13.7510864,42.7807523],[13.745862,42.7807689],[13.7409975,42.7807434],[13.7366059,42.7807242],[13.7320605,42.7837958],[13.72873,42.786037],[13.7245791,42.788831],[13.7211326,42.7911387],[13.7170068,42.791194],[13.7154959,42.7912595],[13.7092359,42.7913131],[13.7056494,42.7904757],[13.7006577,42.7893535],[13.697883,42.7886948],[13.693945,42.7889356],[13.68786,42.7914368],[13.6825037,42.7936377],[13.6803683,42.7942779],[13.6728577,42.7963851],[13.6698903,42.798279],[13.6668086,42.7998296],[13.6655716,42.8026124],[13.6644707,42.8051188],[13.663627,42.8069068],[13.6623941,42.8095451],[13.6609236,42.8128264],[13.6594572,42.8159122],[13.66026,42.8181205],[13.6611612,42.8206682],[13.6620131,42.8230026],[13.6630207,42.8257904],[13.6639915,42.828434],[13.664823,42.830765],[13.6631887,42.833141],[13.6608458,42.8365952],[13.657438,42.8417241],[13.657184,42.8426231]]},"properties":{"voltage":"132000","name":"Marino del Tronto-Sant'Omero"}},{"type":"Feature","geometry":{"type":"LineString","coordinates":[[13.6668748,42.7997139],[13.6654415,42.7979491],[13.6633366,42.7951566],[13.6609684,42.7920436],[13.6585449,42.7888784],[13.6564566,42.786158],[13.6551097,42.7844245],[13.6514618,42.7822867],[13.6481365,42.7803322],[13.6453231,42.7786913]]},"properties":{"voltage":"","name":""}},{"type":"Feature","geometry":{"type":"LineString","coordinates":[[13.6539111,42.7703615],[13.6541495,42.7701483],[13.6562233,42.7696118],[13.6621361,42.7689383],[13.6636026,42.7665867],[13.6649846,42.764391],[13.6675246,42.762445],[13.6698504,42.760737],[13.6721216,42.7571377],[13.6744732,42.753497],[13.6767319,42.7499276],[13.681929,42.7490903],[13.6858467,42.7473501],[13.689757,42.7455714],[13.69469,42.7464448],[13.6984576,42.7472603],[13.7006015,42.7457161],[13.7040005,42.7433478],[13.7086112,42.7419878],[13.7124278,42.7414409],[13.7174425,42.7420394],[13.7196459,42.7422462],[13.7236734,42.7413454],[13.7305524,42.7397914],[13.7320608,42.7394782],[13.7373685,42.7394792],[13.7413503,42.739503],[13.7473767,42.7394904],[13.7519568,42.7372708],[13.7549684,42.735798],[13.7577602,42.7341256],[13.7616191,42.7325325],[13.7672549,42.7316941],[13.7690059,42.7314171],[13.7726189,42.730882],[13.7763106,42.7303307],[13.7781327,42.727621],[13.7815003,42.7225756],[13.7850155,42.7196875],[13.7866367,42.7183773],[13.7901232,42.7155225],[13.792696,42.7134002],[13.7961383,42.710617],[13.7987455,42.7084381],[13.8004673,42.7070544],[13.80254,42.7048959],[13.8066787,42.7030866],[13.8081853,42.6999005],[13.8094526,42.6969237],[13.809498,42.6959523],[13.809361,42.6964118]]},"properties":{"voltage":"132000","name":"Civitella del Tronto-Teramo Zona Industriale"}},{"type":"Feature","geometry":{"type":"LineString","coordinates":[[13.681377,42.6519176],[13.6820691,42.6514992],[13.6881716,42.6496628],[13.6923536,42.6482362],[13.7006084,42.6453668],[13.7109725,42.6440493],[13.7157086,42.6448765],[13.7188555,42.645439],[13.7229119,42.6461444],[13.7298941,42.6486937],[13.7325758,42.6496258],[13.7367543,42.6509368],[13.7399677,42.6519298],[13.7470496,42.6560015],[13.7493218,42.6580461],[13.7527988,42.661105],[13.7567399,42.6646272],[13.7602865,42.6677273],[13.7638344,42.6710711],[13.7656676,42.6725638],[13.7742899,42.674684],[13.7767193,42.6752687],[13.7794896,42.6767781],[13.7870269,42.6808586],[13.790233,42.6825865],[13.7932009,42.684186],[13.801065,42.6884697],[13.8037123,42.6898861],[13.8071807,42.6917763],[13.809073,42.6958465],[13.8092099,42.6963783]]},"properties":{"voltage":"132000","name":"Teramo CP-Teramo Zona Industriale"}},{"type":"Feature","geometry":{"type":"LineString","coordinates":[[13.7705179,42.6690146],[13.7728004,42.6712267],[13.7768711,42.6751174],[13.7796367,42.6766266],[13.7870776,42.6806489],[13.7903664,42.6824273],[13.793353,42.6840422],[13.8012199,42.6883164],[13.8038763,42.6897543],[13.8073909,42.6916458]]},"properties":{"voltage":"","name":""}},{"type":"Feature","geometry":{"type":"LineString","coordinates":[[13.7656676,42.6725638],[13.7633411,42.674253],[13.7592306,42.6765293],[13.7573302,42.6775836],[13.7549789,42.6789025],[13.7533556,42.6798015],[13.7515643,42.6807913],[13.7484144,42.6825476],[13.747034,42.6833045],[13.7443563,42.6848152],[13.7422758,42.6859658],[13.7391754,42.6877453],[13.7361479,42.689403],[13.7343815,42.6917065],[13.7328473,42.6936592],[13.7308915,42.6962157],[13.7295713,42.69784],[13.7275236,42.7005354],[13.7260412,42.7024387],[13.7242555,42.7047797],[13.7232369,42.7058048],[13.7211313,42.7080334],[13.7191576,42.7097096],[13.7169194,42.711852],[13.7152541,42.7134427],[13.7128239,42.7169308],[13.7097248,42.7187494],[13.7087256,42.7196369],[13.7073595,42.7208355],[13.7027843,42.7249743],[13.7018161,42.7258576],[13.6999702,42.7275204]]},"properties":{"voltage":"","name":""}},{"type":"Feature","geometry":{"type":"LineString","coordinates":[[13.681281,42.6518281],[13.6820512,42.6512282],[13.6880642,42.6494944],[13.6924923,42.6479761],[13.7005345,42.6451888],[13.710966,42.6438528],[13.7160081,42.6447375],[13.7189061,42.6452594],[13.722994,42.6459771],[13.7299893,42.6485091],[13.7326738,42.6494636],[13.7368584,42.6507747],[13.7400626,42.6517814],[13.7472222,42.6558577],[13.7496731,42.6578246],[13.7529785,42.6609954],[13.7569183,42.6645001],[13.7605485,42.6676773],[13.763987,42.6709553],[13.7662635,42.6707666],[13.7706079,42.6688958],[13.7721599,42.6677571],[13.7739513,42.6664482],[13.7760121,42.6649459],[13.7801932,42.6618978],[13.7813667,42.660878],[13.7840502,42.658937],[13.7878329,42.6558659],[13.7889097,42.6549998],[13.7924393,42.6520479],[13.793825,42.6509349],[13.7955612,42.6495403],[13.7974632,42.6479789],[13.8011702,42.6449977],[13.802045,42.6442397],[13.8029726,42.6435062],[13.8046964,42.6419461],[13.8063267,42.6404687],[13.8093221,42.6377648],[13.8114677,42.6358199],[13.8135113,42.6340042],[13.8155866,42.6321125],[13.8170067,42.6308283],[13.8192165,42.6288378],[13.8210543,42.6271691],[13.8232389,42.6251951],[13.8251634,42.6234598],[13.8273654,42.621461],[13.8294389,42.6195981],[13.8304662,42.6187049],[13.8317439,42.6175008],[13.8341429,42.6154135],[13.835788,42.6138716],[13.8377269,42.6120899],[13.8391593,42.6108022],[13.8408185,42.6093257],[13.8429004,42.6074421],[13.8449389,42.6056117],[13.8460554,42.6045967],[13.8466615,42.6041884],[13.849252,42.6059149],[13.8520616,42.6097499],[13.854193,42.6117722],[13.8597132,42.6145011],[13.8613044,42.6163785],[13.861383,42.6165156]]},"properties":{"voltage":"132000","name":"Cellino Attanasio-Teramo CP"}},{"type":"Feature","geometry":{"type":"LineString","coordinates":[[13.8227065,42.627415],[13.8231303,42.6270696],[13.8233583,42.62663],[13.823597,42.6262116],[13.8238625,42.6257907],[13.8240695,42.6253429],[13.8256015,42.6235975],[13.8273179,42.6234451],[13.8292149,42.6232586],[13.8313526,42.6230593],[13.832978,42.6231234],[13.8347731,42.6231994],[13.8370868,42.6229715],[13.8388762,42.6227998],[13.8407008,42.622747],[13.8422826,42.622708],[13.8428499,42.6235843],[13.8432562,42.6243076]]},"properties":{"voltage":"","name":""}},{"type":"Feature","geometry":{"type":"LineString","coordinates":[[13.7410896,42.6127871],[13.7412768,42.6130157],[13.7415721,42.6132817],[13.7442004,42.6124159],[13.7462674,42.6116233],[13.7454442,42.6093892],[13.7445595,42.606943],[13.7441101,42.6042692],[13.7438208,42.6025873],[13.7456581,42.6006064],[13.749383,42.600509],[13.7560597,42.6006063],[13.7605104,42.600626],[13.7657076,42.6011498],[13.7689791,42.6014684],[13.7724017,42.601845],[13.7750016,42.6012543],[13.783348,42.6013787],[13.7886299,42.6011428],[13.7935053,42.6009013],[13.7977262,42.600774],[13.8029319,42.6004723],[13.8094641,42.5999268],[13.8170558,42.6008272],[13.8210805,42.6009221],[13.8270962,42.6002104],[13.8333766,42.5995332],[13.836951,42.5991334],[13.8388754,42.598783],[13.8402762,42.5985724],[13.8441264,42.599508],[13.8485798,42.6016582],[13.8508686,42.6033529],[13.8518177,42.6040504],[13.8553425,42.6066409],[13.8565949,42.6092585],[13.8577146,42.6121339],[13.8604471,42.6142031],[13.8615983,42.6163206],[13.8616729,42.6164486]]},"properties":{"voltage":"132000","name":"Cellino Attanasio-Golden Lady"}},{"type":"Feature","geometry":{"type":"LineString","coordinates":[[13.7021364,42.8566921],[13.7020316,42.8571032],[13.697234,42.8587034],[13.6917003,42.8605911],[13.6855251,42.8626535],[13.6815989,42.8640137],[13.6815543,42.8640292],[13.6771692,42.8655044],[13.6703273,42.8678095],[13.6648888,42.8696639],[13.6623469,42.8705291],[13.6543389,42.8732343],[13.6469933,42.8735853],[13.6339942,42.8742154],[13.6282901,42.8740339],[13.6229676,42.8738472],[13.6165239,42.8736499],[13.6126992,42.8733522],[13.6025365,42.8725141],[13.5950104,42.8701906],[13.5906366,42.8688404],[13.5846579,42.8669946],[13.5818065,42.8661097],[13.5801594,42.8646083]]},"properties":{"voltage":"132000","name":"San Gaetano-SLG Carbon-Campolungo"}},{"type":"Feature","geometry":{"type":"LineString","coordinates":[[13.5800598,42.8646643],[13.5818065,42.8661097],[13.5722352,42.8651171],[13.5683486,42.8643964],[13.5650119,42.8638027],[13.5619811,42.8632699],[13.5596288,42.8628217],[13.5574803,42.8619606],[13.5533577,42.8602403],[13.5512013,42.8592965],[13.5491279,42.858396],[13.5454399,42.8568034],[13.5424036,42.8555096],[13.540518,42.85444],[13.5368488,42.851809]]},"properties":{"voltage":"132000","name":"San Gaetano-Rosara"}},{"type":"Feature","geometry":{"type":"LineString","coordinates":[[13.5818065,42.8661097],[13.5892178,42.8632042],[13.5894392,42.862544],[13.5909996,42.8591851],[13.5909855,42.8590283]]},"properties":{"voltage":"132000","name":"San Gaetano-SLG Carbon-Campolungo"}},{"type":"Feature","geometry":{"type":"LineString","coordinates":[[14.9252755,44.9425936],[14.9262813,44.942595],[14.9286695,44.9430704],[14.9311218,44.9442189],[14.9334811,44.9652666],[14.9228862,44.9784347],[14.9219068,44.9796517],[14.9118844,44.9923815],[14.9113979,44.9929749],[14.9028185,45.0027818],[14.9161454,45.0229313],[14.9142949,45.0297803],[14.9137102,45.0318996],[14.9129382,45.0347406],[14.9100141,45.0455005],[14.9097191,45.0465882],[14.9091942,45.0485466],[14.9087154,45.0502668],[14.908018,45.0529045],[14.9022515,45.0600211],[14.8975115,45.0656543],[14.894765,45.0689998],[14.8883523,45.0746912],[14.8862012,45.0765739],[14.8842078,45.0783001],[14.8759198,45.0871521],[14.8743319,45.0888299],[14.8708879,45.0924429],[14.8688284,45.0937127],[14.8662507,45.0952579],[14.8654702,45.0970736],[14.8645878,45.0992263],[14.8632064,45.1017236],[14.8621161,45.1037531],[14.8613691,45.1051218],[14.860613,45.1065469],[14.8595951,45.1084124],[14.8575344,45.1121703],[14.8506161,45.1248298],[14.8480171,45.12567],[14.845646,45.1256398],[14.8105791,45.1314265],[14.8067749,45.1325133],[14.7991418,45.1348363],[14.7957295,45.13587],[14.7919857,45.1370236],[14.7881233,45.1382271],[14.7846691,45.1392845],[14.7808751,45.1404289],[14.7765672,45.1417463],[14.7732942,45.144147],[14.7698945,45.1467107],[14.766505,45.1492072],[14.7633507,45.1515452],[14.7599443,45.1540383],[14.757482,45.1558692],[14.7542688,45.1582335],[14.7516235,45.1602309],[14.7307484,45.1751948],[14.7236446,45.1801278],[14.7179349,45.1843058],[14.7070328,45.1921524],[14.7018728,45.193886],[14.6998037,45.1961009],[14.690483,45.2060594],[14.6880476,45.2087126],[14.6856309,45.2112878],[14.6830664,45.2141033],[14.6789197,45.2161968],[14.6749876,45.2181467],[14.671329,45.2200209],[14.6672936,45.2220249],[14.6632609,45.2240601],[14.6593664,45.2260437],[14.655166,45.2281481],[14.6522907,45.2304376],[14.6491442,45.2329552],[14.6486112,45.233298],[14.645587,45.2352075],[14.6422886,45.2373938],[14.6381484,45.2400552],[14.6347282,45.2422822],[14.6316257,45.2443113],[14.6287592,45.2461732],[14.6259277,45.2479935],[14.6219056,45.2506105],[14.6192014,45.2523192],[14.6149858,45.255046],[14.6127795,45.2564731],[14.6111361,45.257573],[14.6097287,45.2591908],[14.6080771,45.2611591],[14.6043122,45.2655762],[14.6018442,45.2685062],[14.5993025,45.2714649],[14.5975323,45.2735073],[14.5949132,45.2767322],[14.5930957,45.278788],[14.5912772,45.2808187],[14.5897526,45.282583],[14.5882162,45.2838768],[14.5866949,45.286195],[14.584643,45.287483],[14.5829256,45.2890811],[14.5809723,45.2908338],[14.5806867,45.292475],[14.5824302,45.2940826],[14.5839426,45.295363],[14.5823282,45.2981731],[14.5805108,45.3012582],[14.5791686,45.3035613],[14.577968,45.3055406],[14.576745,45.3076233],[14.5752429,45.3084155],[14.5717185,45.3101962],[14.5679554,45.3121339],[14.5644917,45.3147214],[14.5642957,45.3153684]]},"properties":{"voltage":"220000","name":"DV Melina - HE Senj"}},{"type":"Feature","geometry":{"type":"LineString","coordinates":[[13.9372922,42.5164852],[13.935703,42.5164885],[13.9334539,42.516462],[13.9314225,42.5177988]]},"properties":{"voltage":"","name":""}},{"type":"Feature","geometry":{"type":"LineString","coordinates":[[13.9076551,42.4619206],[13.9056401,42.4628096],[13.9044111,42.4643584],[13.9013243,42.4683183],[13.8971189,42.4723352],[13.8951573,42.4739858],[13.8916866,42.4754212],[13.8872155,42.4770469],[13.8790365,42.4798665],[13.8735515,42.4819921],[13.8713596,42.4840611],[13.8688904,42.486449],[13.8639411,42.4911379],[13.8616361,42.4933323],[13.858568,42.4962366],[13.8568931,42.4980569],[13.8559775,42.4990949],[13.8542741,42.5014864],[13.8522902,42.5063166],[13.8514535,42.508378],[13.8507337,42.509952],[13.8497461,42.5119848],[13.8470024,42.517752],[13.8452625,42.5213832],[13.8441273,42.5231777],[13.8428277,42.5251624],[13.8423737,42.5258663],[13.8402393,42.5284546],[13.8374352,42.5319366],[13.833719,42.5365077],[13.8324942,42.5382968],[13.8330568,42.5423295],[13.8364743,42.5458119],[13.8366215,42.5473458],[13.8369317,42.5514322],[13.8380459,42.5556536],[13.8391109,42.5598585],[13.8381779,42.5608286],[13.8356349,42.5653992],[13.8346793,42.5704209],[13.834425,42.5731096],[13.8338216,42.5795233],[13.833717,42.5806595],[13.8332484,42.5851214],[13.8348099,42.5865],[13.8360667,42.5875992],[13.8381594,42.5893042],[13.8404785,42.5912085],[13.8463992,42.594828],[13.8474397,42.5961916],[13.8504775,42.6000063],[13.8515165,42.6016393],[13.8496086,42.6059232],[13.8524022,42.6094449],[13.8543921,42.611686],[13.8600118,42.6142426],[13.8614741,42.616345],[13.8615321,42.6164912]]},"properties":{"voltage":"132000","name":"Penne-Cellino Attanasio"}},{"type":"Feature","geometry":{"type":"LineString","coordinates":[[13.7092059,42.586054],[13.7093334,42.5865438],[13.7122448,42.5869482],[13.7160965,42.5850025],[13.7200472,42.5830173],[13.7268416,42.5795947],[13.731422,42.5782157],[13.7350672,42.5771114],[13.7375704,42.5763626],[13.7400027,42.5756223],[13.742212,42.5745048],[13.7502558,42.5704204],[13.7535815,42.5687454],[13.7626434,42.5639442],[13.7668167,42.5618979],[13.770733,42.5599605],[13.7751422,42.5577717],[13.780056,42.5552948],[13.7814199,42.5545823],[13.7929364,42.5488351],[13.7957247,42.5473815],[13.8018655,42.5443059],[13.8062678,42.5420627],[13.8121051,42.5390879],[13.8156556,42.5371895],[13.8186201,42.5355867],[13.8230515,42.5335091],[13.8316777,42.5291245],[13.8357214,42.5270622],[13.83866,42.5255751],[13.8414577,42.524147],[13.845915,42.5218669],[13.8488361,42.5206931],[13.8583397,42.516802],[13.8624296,42.5151158],[13.8676937,42.512025],[13.8726976,42.5090913],[13.8813946,42.504016],[13.8858097,42.5020672],[13.8907269,42.4998739],[13.8956203,42.4977184],[13.9027755,42.4945605],[13.9112951,42.490779],[13.9175868,42.4879588],[13.9235515,42.4853051],[13.9277211,42.4834514],[13.9317323,42.481671],[13.9382105,42.4787913],[13.9418636,42.4771715],[13.949267,42.4738757],[13.9513641,42.4729421],[13.9543841,42.4715969],[13.9598375,42.4689531],[13.9678155,42.4658575],[13.9741717,42.4633916],[13.9809593,42.4607674],[13.9894397,42.457449],[13.9930282,42.4553619],[13.9979511,42.4524659],[14.0037655,42.4491125],[14.0087439,42.4462466],[14.0129513,42.4437872],[14.0189352,42.4402813],[14.0225658,42.4381783],[14.0266004,42.435809],[14.0307843,42.4333873],[14.0328443,42.4315676],[14.0373951,42.4275489],[14.0409446,42.4244034],[14.0444902,42.4212602],[14.0469437,42.4190681],[14.051443,42.4172209],[14.0571425,42.4165255],[14.0659436,42.41545],[14.0731546,42.4145765],[14.0818147,42.4135296],[14.0870614,42.412883],[14.0914627,42.4124034],[14.0993487,42.4114347],[14.1080225,42.4103793],[14.1131676,42.4097522],[14.1181709,42.4086714],[14.121624,42.4079034],[14.1257678,42.4070404],[14.1293497,42.4053002],[14.1297946,42.4049739],[14.1304196,42.4047062]]},"properties":{"voltage":"220000","name":"Montorio-Villanova"}},{"type":"Feature","geometry":{"type":"LineString","coordinates":[[13.551566,42.6703869],[13.5541601,42.6691326],[13.5582712,42.6674681]]},"properties":{"voltage":"","name":""}},{"type":"Feature","geometry":{"type":"LineString","coordinates":[[13.733645,43.1467082],[13.7290879,43.1454946],[13.7207377,43.1454109],[13.7154048,43.1455453],[13.7140192,43.1455836],[13.7086851,43.1457328],[13.7001753,43.1459391],[13.694013,43.1471801],[13.6890682,43.1489747],[13.6799715,43.1522704],[13.6778365,43.1530453],[13.6698278,43.155959],[13.665829,43.1574038],[13.6607833,43.159962],[13.6600924,43.1606524]]},"properties":{"voltage":"132000","name":"Colmarino-Carassai-Fermo zona industriale"}},{"type":"Feature","geometry":{"type":"LineString","coordinates":[[13.5381833,42.8509195],[13.5415308,42.8512036],[13.5462118,42.8532261],[13.5469002,42.8562703],[13.5474831,42.8589721],[13.5488093,42.8614637],[13.5496165,42.8630239],[13.5514919,42.8665438],[13.552818,42.8690254],[13.5535453,42.8695276],[13.559088,42.8734436],[13.562513,42.875843],[13.5703873,42.8761001],[13.5738424,42.8762184],[13.579135,42.8766393],[13.5873672,42.8772261],[13.5943516,42.8777397],[13.5974558,42.877644],[13.6046671,42.8774078],[13.609965,42.8772383],[13.613712,42.8771088],[13.6213658,42.8767424],[13.6234609,42.8766399],[13.626437,42.8764873],[13.630871,42.8762636],[13.6348351,42.8766555],[13.6437728,42.8775574],[13.6486018,42.8780339],[13.6529755,42.8784642],[13.6575081,42.8789066],[13.6601457,42.8791421],[13.6650809,42.8795526],[13.6734626,42.8802455],[13.6779077,42.8806164],[13.6821049,42.8809733],[13.688159,42.8814717],[13.693127,42.8818848],[13.6953855,42.8820511],[13.6991123,42.8829448],[13.7039176,42.8840758],[13.7097135,42.8854225],[13.713247,42.8862607],[13.7188655,42.8875769],[13.7235923,42.888694],[13.72894,42.8899492],[13.7349124,42.8912683],[13.7397225,42.8923723],[13.7456179,42.8937489],[13.7481926,42.8943044],[13.7602286,42.8970598],[13.766723,42.8983024],[13.7756483,42.8999945],[13.7840035,42.9014465],[13.7859726,42.9018105],[13.7896748,42.9024827],[13.7919783,42.9029],[13.7947321,42.9036506],[13.801473,42.9054449],[13.81058,42.9075646],[13.8183364,42.9091297],[13.8215153,42.9097856],[13.8263321,42.9104931],[13.8290063,42.9108823],[13.8355252,42.9118364],[13.8415148,42.9127103],[13.8464864,42.9131659],[13.8513144,42.9137381],[13.8554922,42.9142326],[13.8602553,42.914816],[13.8633509,42.9125124],[13.8664995,42.9099867],[13.8695046,42.9075612],[13.8713328,42.9045094],[13.8727202,42.902581],[13.8727251,42.9020964]]},"properties":{"voltage":"132000","name":"Rosara-Porto d'Ascoli"}},{"type":"Feature","geometry":{"type":"LineString","coordinates":[[13.5381556,42.8510095],[13.5384649,42.8510619],[13.5408795,42.8513113],[13.5443741,42.8550335],[13.5435665,42.8572616],[13.53881,42.8589251],[13.5369248,42.859556],[13.5350691,42.860177],[13.5320869,42.8613671],[13.5274366,42.8640423],[13.523188,42.8665491],[13.5178903,42.8702123],[13.5161661,42.8714645],[13.5112298,42.8748306],[13.5086076,42.8766326],[13.5052882,42.8787227],[13.5026529,42.8807594],[13.5001564,42.8833777],[13.500118,42.885934],[13.4987278,42.8881119],[13.4973376,42.8902158],[13.4931674,42.8909769],[13.4855005,42.8939249],[13.4803517,42.896125],[13.4735327,42.8980831],[13.4724241,42.9002765],[13.4712667,42.902485],[13.4684372,42.9080633],[13.4669447,42.9112911],[13.4679861,42.9146444],[13.4674416,42.9183565],[13.4670122,42.9213523],[13.4677098,42.923207],[13.4694523,42.9256867],[13.4722957,42.9297162],[13.4733931,42.9314558],[13.4769847,42.9371603],[13.4803113,42.9398214],[13.4831244,42.942278],[13.4868547,42.9462704],[13.4883374,42.9497355],[13.4895765,42.9526033],[13.4910716,42.9560958],[13.4926292,42.959734],[13.4937225,42.9612576],[13.4949245,42.9624544],[13.4975555,42.9646062],[13.50047,42.9677714],[13.5026317,42.969778],[13.5047435,42.9717304],[13.508392,42.9752098],[13.5107134,42.9773423],[13.5151823,42.9816049],[13.5167934,42.9832136],[13.5161877,42.9848251],[13.5148604,42.98607],[13.5117317,42.9884385],[13.5116122,42.9885051]]},"properties":{"voltage":"","name":""}},{"type":"Feature","geometry":{"type":"LineString","coordinates":[[13.8728867,42.901703],[13.8740431,42.8998066],[13.8743603,42.8978785],[13.8720256,42.8968844],[13.8690835,42.8955941],[13.8664325,42.8944359],[13.8636216,42.8932016],[13.8604146,42.8918068],[13.8561316,42.8899435],[13.8545925,42.8892544],[13.8530228,42.8881995],[13.8517551,42.8873475],[13.8487495,42.8864723],[13.8460027,42.8856816],[13.8422744,42.8856745],[13.8402768,42.8857233]]},"properties":{"voltage":"132000","name":"Monsampolo-Porto d'Ascoli"}},{"type":"Feature","geometry":{"type":"LineString","coordinates":[[13.8730283,42.9017515],[13.8742461,42.8998584],[13.8784733,42.8987629],[13.8828116,42.8956305],[13.8839841,42.8925231],[13.8853019,42.888939],[13.8867167,42.885173],[13.8871624,42.8840154],[13.8880613,42.8812777],[13.8890974,42.8780057],[13.8906042,42.8736195],[13.8922763,42.8695684],[13.8933313,42.8657319],[13.8953946,42.8596367],[13.8959716,42.8579144],[13.8977409,42.8528018],[13.8989629,42.8492397],[13.9002249,42.8456092],[13.9012994,42.8424285],[13.9024573,42.8389143],[13.9036822,42.8354522],[13.9049188,42.8318196],[13.9061062,42.8284451],[13.9060385,42.827202]]},"properties":{"voltage":"132000","name":"Alba Adriatica-Porto d'Ascoli"}},{"type":"Feature","geometry":{"type":"LineString","coordinates":[[13.8731793,42.9017895],[13.8744538,42.8999034],[13.878604,42.90093],[13.8803844,42.9021578],[13.8789377,42.90598],[13.8780733,42.9075957],[13.8780621,42.9076156],[13.8775244,42.9086018],[13.8755402,42.9101279],[13.8715792,42.9141387],[13.8669032,42.9189543],[13.865645,42.9218214],[13.8631532,42.9275117],[13.8615569,42.9311076],[13.8603743,42.933759],[13.859814,42.9350094],[13.8582002,42.938102],[13.8532051,42.947526],[13.8555847,42.9491444]]},"properties":{"voltage":"132000","name":"San Benedetto del Tronto-Porto d'Ascoli"}},{"type":"Feature","geometry":{"type":"LineString","coordinates":[[13.5170082,42.9848654],[13.5158792,42.9856429],[13.5145768,42.9867943]]},"properties":{"voltage":"","name":""}},{"type":"Feature","geometry":{"type":"LineString","coordinates":[[13.523822,42.9878917],[13.5216913,42.9878956],[13.5186253,42.9879074],[13.5170976,42.9879557],[13.514389,42.9880181],[13.5129949,42.9884884]]},"properties":{"voltage":"","name":""}},{"type":"Feature","geometry":{"type":"LineString","coordinates":[[13.6763825,43.0405688],[13.6763871,43.0407046],[13.6744345,43.0427707],[13.6711561,43.0433217],[13.6671381,43.0439416],[13.6624132,43.0435321],[13.658023,43.043165],[13.6532938,43.0427533],[13.6478725,43.0418835],[13.6433803,43.0400215],[13.6390974,43.0382494],[13.6349744,43.0365313],[13.6316317,43.0351245],[13.629571,43.033283],[13.6271451,43.0310711],[13.6242056,43.028399],[13.621426,43.0258868],[13.6194093,43.0226211],[13.6182851,43.0201548],[13.6150243,43.0181463],[13.6115679,43.0160005],[13.6083478,43.0140276],[13.6041903,43.0114526],[13.6000785,43.0089019],[13.5959277,43.0063236],[13.5920169,43.0038961],[13.5865925,43.0005272],[13.5838878,42.9988396],[13.5806878,42.9971107],[13.5766123,42.9948175],[13.5750712,42.9933375],[13.5722451,42.9917718],[13.5699919,42.9898487],[13.5656678,42.9880139],[13.5627812,42.9868163],[13.5607771,42.9861442],[13.5562896,42.9846566],[13.5544129,42.9839954],[13.5511148,42.9842342],[13.548371,42.9843946],[13.5439895,42.9850602],[13.5395438,42.9855178],[13.5336759,42.9861843],[13.529224,42.9867016],[13.5227052,42.9874129],[13.5186012,42.987719],[13.5171203,42.98776],[13.5144403,42.9878183],[13.5118114,42.9885384],[13.5116634,42.988605]]},"properties":{"voltage":"","name":""}},{"type":"Feature","geometry":{"type":"LineString","coordinates":[[13.7751326,43.1630555],[13.7752738,43.1634374],[13.7737814,43.1642194],[13.7720372,43.1636746],[13.7683635,43.1635402],[13.7639617,43.1634074],[13.7599989,43.1639433],[13.7568518,43.1644136],[13.7529682,43.1643263],[13.7493906,43.1642295],[13.74943,43.1605601],[13.7472293,43.1531037],[13.7470934,43.1526431],[13.7449067,43.1516741],[13.7363503,43.1479111],[13.733645,43.1467082]]},"properties":{"voltage":"132000","name":"Colmarino-Carassai-Fermo zona industriale"}},{"type":"Feature","geometry":{"type":"LineString","coordinates":[[13.8595798,42.982715],[13.8595739,42.9821144],[13.8562024,42.9807669],[13.8518993,42.9790607],[13.8482104,42.9782755],[13.8446103,42.977527],[13.8396911,42.9783279],[13.8391593,42.9816308],[13.8367758,42.9845354],[13.834464,42.9890138],[13.8327098,42.9924507],[13.8314732,42.9948878],[13.8266035,43.0043833],[13.8237626,43.0099069],[13.8214264,43.014715],[13.8183534,43.0215216],[13.8167946,43.0250162],[13.8160377,43.0266583],[13.8147092,43.0288638],[13.810814,43.0372326],[13.809298,43.0405116],[13.8069104,43.0458167],[13.8055513,43.0483729],[13.8032688,43.0552042],[13.8018452,43.059419],[13.7994721,43.0667177],[13.7987397,43.0688872],[13.7978991,43.0707211],[13.7966358,43.0733396],[13.7940931,43.0787774],[13.7929445,43.0817521],[13.7909349,43.0872114],[13.7888087,43.0927961],[13.7866471,43.09848],[13.7867066,43.1043065],[13.7867568,43.1095422],[13.786826,43.1160297],[13.7868181,43.1174758],[13.7870386,43.1227019],[13.7869966,43.1234259],[13.7869487,43.1241258],[13.7868977,43.1247973],[13.7868703,43.1256745],[13.7868569,43.1277982],[13.786934,43.1342112],[13.7869344,43.1372238],[13.7869771,43.1420993],[13.7869972,43.1441857],[13.7836929,43.1487535],[13.7806895,43.1529116],[13.7789199,43.1553618],[13.7763078,43.1595682],[13.774465,43.1625434],[13.7747377,43.1628269]]},"properties":{"voltage":"132000","name":"Colmarino-Grottammare"}},{"type":"Feature","geometry":{"type":"LineString","coordinates":[[13.8866475,42.9428803],[13.8867468,42.9429006]]},"properties":{"voltage":"","name":""}},{"type":"Feature","geometry":{"type":"LineString","coordinates":[[13.5855148,43.5056847],[13.5876159,43.5069654],[13.5869225,43.5083566],[13.5841398,43.5113521],[13.5817307,43.5139654],[13.578499,43.5173873],[13.5758855,43.5202868],[13.573851,43.5224879],[13.5718096,43.5247238],[13.5698725,43.5259768],[13.5667061,43.5280442],[13.5644101,43.5295239],[13.5600798,43.5323392],[13.5581791,43.5330018],[13.5545626,43.5342766],[13.5522346,43.5351144],[13.5492714,43.536125],[13.5450118,43.5384326],[13.5422122,43.5398924],[13.5395177,43.5413169],[13.5371197,43.5425782],[13.5341602,43.5441401],[13.5310419,43.5457843],[13.5288283,43.5469274],[13.5265793,43.5481324],[13.5243695,43.5492869],[13.5209234,43.5510973],[13.5172347,43.5530453],[13.5162936,43.5535377]]},"properties":{"voltage":"132000","name":"Candia-Sirolo"}},{"type":"Feature","geometry":{"type":"LineString","coordinates":[[13.6531719,43.4307263],[13.6524345,43.4305168],[13.6487128,43.4322179],[13.6434522,43.4344305],[13.6422057,43.4369313],[13.6384906,43.4391444],[13.6368403,43.4407703],[13.6350722,43.4424157],[13.6330193,43.4449649],[13.6310582,43.4474357],[13.6284427,43.4507208],[13.6256949,43.453069],[13.6234566,43.455087],[13.6203718,43.4580817],[13.6178322,43.4612927],[13.6155715,43.464279],[13.6137608,43.4666585],[13.6111144,43.4702043],[13.608307,43.4739466],[13.6061254,43.4768574],[13.6035093,43.4803445],[13.6003439,43.4845434],[13.599417,43.4860551],[13.5979432,43.4884368],[13.5952101,43.4928188],[13.5942321,43.4946676],[13.5924895,43.4979226],[13.5903776,43.5018505],[13.588551,43.5052857],[13.5855606,43.505575]]},"properties":{"voltage":"132000","name":"Loreto-Sirolo"}},{"type":"Feature","geometry":{"type":"LineString","coordinates":[[13.6672831,43.3489166],[13.6675945,43.3485355],[13.6667533,43.3467795],[13.6635333,43.3459032],[13.6598146,43.3448915],[13.6560748,43.3448076],[13.6512047,43.3446588],[13.6469941,43.3478552],[13.6420467,43.3515695],[13.6387278,43.3542056],[13.6357696,43.3594053],[13.6356856,43.3620116],[13.6355417,43.3662516],[13.6351632,43.3689841],[13.6346423,43.3727941],[13.6353969,43.3755594],[13.638002,43.379806],[13.6407558,43.3843264],[13.6430207,43.3880555],[13.6451992,43.3916343],[13.6475257,43.3954165],[13.6467525,43.3979909],[13.6457407,43.4014491],[13.6450668,43.4038266],[13.6442292,43.4066209],[13.6442199,43.4096122],[13.6442293,43.4149523],[13.6442527,43.4187082],[13.6442292,43.4200314],[13.6454477,43.4211964],[13.6485635,43.424144],[13.6499184,43.4253975],[13.6520894,43.4283702],[13.6525503,43.4303392],[13.6532363,43.4306172]]},"properties":{"voltage":"132000","name":"Loreto-Potenza Picena"}},{"type":"Feature","geometry":{"type":"LineString","coordinates":[[13.6122155,43.3448981],[13.610764,43.3452383],[13.6086727,43.3454476],[13.6069498,43.3456402],[13.604954,43.3458274],[13.6020249,43.346076],[13.5988541,43.3468983],[13.5974129,43.3471524]]},"properties":{"voltage":"","name":""}},{"type":"Feature","geometry":{"type":"LineString","coordinates":[[13.6602739,43.3455195],[13.6580848,43.3453937],[13.6563721,43.3452985],[13.6544343,43.3451769],[13.65238,43.3450552],[13.6510932,43.3449671],[13.6491024,43.3448559],[13.647377,43.3447552],[13.6455419,43.3446377],[13.6437992,43.3445118],[13.642201,43.3444686],[13.6400601,43.3444041],[13.638478,43.3443523],[13.6364831,43.344293],[13.6346037,43.3442238],[13.6313371,43.3441282],[13.6293743,43.3441811],[13.6274116,43.3442087],[13.6258559,43.3442375],[13.6233447,43.3442961],[13.6215456,43.3443274],[13.6205771,43.3443437],[13.6195554,43.3443783],[13.6175385,43.344419],[13.6157582,43.3445534],[13.6132507,43.3448277],[13.6122538,43.3448894]]},"properties":{"voltage":"","name":""}},{"type":"Feature","geometry":{"type":"LineString","coordinates":[[13.7524613,43.2543844],[13.7528811,43.2537076],[13.7506883,43.252529],[13.7481574,43.2511649],[13.748103,43.2477258],[13.7493864,43.2450234],[13.7512386,43.2418871],[13.7529622,43.2387865],[13.7521397,43.2351505],[13.751998,43.2323768],[13.7517869,43.2284569],[13.7516102,43.2251847],[13.7521198,43.2216292],[13.7532358,43.2145295],[13.7556782,43.2092467],[13.7571982,43.2058998],[13.7601325,43.1994763],[13.7618228,43.1957663],[13.761864,43.192072],[13.7633993,43.1897121],[13.763789,43.1890571],[13.7647951,43.1873664],[13.7672751,43.1800715],[13.7677262,43.1787966],[13.7704765,43.1706236],[13.7718309,43.1667012],[13.7729641,43.1650309],[13.7755973,43.1634406],[13.775258,43.1630052]]},"properties":{"voltage":"132000","name":"Colmarino-Porto Sant'Elpidio"}},{"type":"Feature","geometry":{"type":"LineString","coordinates":[[13.7073668,43.2884329],[13.7069806,43.2883299],[13.7072949,43.2859446],[13.7106997,43.2835743],[13.7134205,43.2817898],[13.7171838,43.2793803],[13.7218321,43.276375],[13.7240226,43.2749373],[13.7257803,43.272053],[13.7279691,43.2682563],[13.7309756,43.2629059],[13.7337934,43.260392],[13.7365906,43.2578624],[13.7393596,43.2547709],[13.7425051,43.254506],[13.746484,43.2559113],[13.7499926,43.2571772],[13.7515269,43.2553044],[13.7519794,43.2547851],[13.7520836,43.2547093]]},"properties":{"voltage":"132000","name":"Civitanova-Porto Sant'Elpidio"}},{"type":"Feature","geometry":{"type":"LineString","coordinates":[[14.7566936,44.768455],[14.7576974,44.7687952],[14.7582782,44.7692035],[14.7594174,44.7700154],[14.7605788,44.7708539],[14.7631119,44.7726417],[14.7665375,44.7720294],[14.7718558,44.7710689],[14.7739413,44.7691071],[14.77557,44.767544],[14.77781,44.7654115],[14.7792282,44.7640514],[14.7798773,44.7634882],[14.7816313,44.7618168],[14.7823686,44.7611142],[14.7850868,44.7585467],[14.7875375,44.7561997],[14.7895112,44.7541433],[14.7914423,44.752103],[14.794596,44.7501061],[14.7971971,44.7484536],[14.7998963,44.7467371],[14.801044,44.744843],[14.8022397,44.7429604],[14.8035382,44.7408988],[14.8067462,44.7395937],[14.809994,44.7383278],[14.8129268,44.7371844],[14.8143491,44.7351004],[14.8165393,44.7318728],[14.8176227,44.7302905],[14.8200938,44.7284443],[14.8221825,44.7269002],[14.8241,44.7254837],[14.8260227,44.7239146],[14.8363081,44.7202093],[14.8415988,44.7017992],[14.8417431,44.7013622]]},"properties":{"voltage":"110000","name":"DV Novalja - Rab"}},{"type":"Feature","geometry":{"type":"LineString","coordinates":[[14.7318985,44.8291153],[14.7319977,44.8270484],[14.7320864,44.8250217],[14.732159,44.8233347],[14.7322262,44.8216837],[14.7322974,44.8192664],[14.7335952,44.8180103],[14.7352772,44.816388],[14.7369624,44.8147543],[14.7383245,44.8134195],[14.7396518,44.8119791],[14.7412388,44.8101948],[14.7427308,44.8085452],[14.7439852,44.8071384],[14.7437571,44.806608],[14.7428955,44.8045718],[14.7423,44.8032143],[14.7415651,44.8015038],[14.7383911,44.7940839],[14.7375548,44.7922721],[14.7368674,44.7906356],[14.7388409,44.7888281],[14.74077,44.7870768],[14.7425249,44.7854423],[14.7441879,44.7839045],[14.7458826,44.7823217],[14.7476312,44.7806803],[14.7490091,44.7794054],[14.7509509,44.7775909],[14.7525063,44.7761374],[14.7548875,44.7739056],[14.7571842,44.7717402],[14.7569891,44.7700304],[14.7574871,44.7689505]]},"properties":{"voltage":"35000","name":""}},{"type":"Feature","geometry":{"type":"LineString","coordinates":[[14.7565917,44.768532],[14.7570714,44.7691329],[14.7565001,44.7705915],[14.7567453,44.7717127],[14.754043,44.7739831],[14.7513205,44.7762262],[14.7483059,44.7787242],[14.7466333,44.780116],[14.744492,44.7819057],[14.7416316,44.7842665],[14.7395599,44.7859639],[14.7373521,44.7880592],[14.7353723,44.7899454],[14.7364667,44.7923266],[14.7372465,44.7941716],[14.7408999,44.8026389],[14.7415777,44.8042009],[14.7426611,44.8067091],[14.743415,44.8084261],[14.7416886,44.8103184],[14.7400636,44.8121611],[14.7387332,44.813633],[14.7372697,44.8150622],[14.735708,44.8165632],[14.7341337,44.8180777],[14.7326998,44.8194766],[14.7324182,44.8258054],[14.7322301,44.8288297],[14.7330632,44.8312839],[14.7326951,44.8339549],[14.7326813,44.8340482],[14.7322226,44.8371419],[14.7308323,44.839451],[14.7293381,44.8418408],[14.7280688,44.84388],[14.7269398,44.845559],[14.7267708,44.8457119],[14.7255387,44.8468262],[14.7235114,44.8484753],[14.7217405,44.8499477],[14.7216875,44.8507959]]},"properties":{"voltage":"110000","name":"DV Rab - Dunat"}},{"type":"Feature","geometry":{"type":"LineString","coordinates":[[14.7073288,44.9464349],[14.7063626,44.9457148],[14.7055742,44.9451271],[14.7033422,44.9433539],[14.7205753,44.8515709],[14.7216875,44.8507959]]},"properties":{"voltage":"110000","name":""}},{"type":"Feature","geometry":{"type":"LineString","coordinates":[[14.4091318,44.5836424],[14.4086008,44.5835126],[14.4069857,44.584724],[14.4057575,44.5874223],[14.4046167,44.5898418],[14.4034426,44.5923679],[14.4026807,44.5940104],[14.4014775,44.5965897],[14.4006448,44.5983892],[14.3995165,44.6008231],[14.3983382,44.6033843],[14.3969643,44.6062655],[14.395784,44.6087642],[14.3944829,44.6116008],[14.3935721,44.6136444],[14.3932838,44.614849],[14.392651,44.6176468],[14.3922537,44.6195002],[14.3915741,44.6225644],[14.3911415,44.6245038],[14.3904342,44.6277785],[14.3897021,44.6311079],[14.389286,44.6330247],[14.3889965,44.6344002],[14.3883799,44.637026],[14.388408,44.6385446],[14.388565,44.6449069],[14.3886624,44.648636],[14.3883408,44.6510824],[14.38805,44.6534765],[14.3876861,44.6560359],[14.387379,44.6585581],[14.3870341,44.6613268],[14.3869009,44.6626014],[14.3867632,44.6639192],[14.3863609,44.6665699],[14.3860988,44.6686875],[14.3856977,44.6719285],[14.3854026,44.6739458],[14.3884551,44.6848733],[14.388819,44.6862477],[14.3894294,44.6884383],[14.389737,44.6895853],[14.3897486,44.6896429]]},"properties":{"voltage":"110000","name":"DV Krk - Lo\u0161inj"}},{"type":"Feature","geometry":{"type":"LineString","coordinates":[[13.8639333,44.8859747],[13.8668342,44.8853124],[13.8684824,44.8828428],[13.8700435,44.880477],[13.8716837,44.8800675],[13.8728262,44.8776931],[13.8738991,44.8754095],[13.8763976,44.874347],[13.879218,44.8731352],[13.8820075,44.8719444],[13.8843182,44.8698002],[13.8868133,44.8674658],[13.8860455,44.864812],[13.8852522,44.8620768],[13.8843611,44.8590933],[13.8836972,44.8567252],[13.8829382,44.8541126],[13.8826003,44.852951]]},"properties":{"voltage":"110000","name":"DV \u0160ijana - Dolinka - Ra\u0161a"}},{"type":"Feature","geometry":{"type":"LineString","coordinates":[[14.9067413,44.5350705],[14.9080824,44.5351241],[14.9091017,44.5339195],[14.9108505,44.5319005],[14.9122935,44.5301987],[14.9156165,44.5263],[14.9188405,44.5225481],[14.9208414,44.5202992],[14.9229014,44.5182949],[14.9250739,44.5161835],[14.9271071,44.5142212],[14.9291402,44.5122626],[14.9309855,44.5104379],[14.9328953,44.5085978],[14.9348157,44.5067691],[14.9370527,44.5045922],[14.9396995,44.5020365],[14.9416615,44.5001434],[14.9463117,44.4956505],[14.9481821,44.4938239],[14.9531153,44.489061],[14.9571867,44.4850897],[14.9618503,44.4805473],[14.9666837,44.4758474],[14.9711962,44.4714435],[14.9759151,44.4668421],[14.9804967,44.4623946],[14.983688,44.4607679],[14.9864308,44.4593698],[14.9892287,44.4579432],[14.991927,44.45658],[14.9949754,44.4550258],[14.997804,44.4535868],[15.0009644,44.4519902],[15.0040422,44.4504246],[15.0068688,44.4489862],[15.0100642,44.4473542],[15.0133073,44.4457036],[15.0165575,44.4440555],[15.0196298,44.4424745],[15.0228922,44.4408405],[15.0264204,44.4397064],[15.0294344,44.4387575],[15.0359675,44.4367174],[15.0373636,44.4357328],[15.0380501,44.4353694]]},"properties":{"voltage":"110000","name":"DV Novalja - Pag"}},{"type":"Feature","geometry":{"type":"LineString","coordinates":[[14.8756062,44.6081065],[14.875853,44.6076138],[14.881598,44.5923433],[14.8888007,44.5845554],[14.8963689,44.5763711],[14.8973482,44.5513712],[14.8982972,44.5497074]]},"properties":{"voltage":"110000","name":"DV Novalja - Rab"}},{"type":"Feature","geometry":{"type":"LineString","coordinates":[[14.8417431,44.7013622],[14.8423974,44.7004556],[14.8525121,44.6938213],[14.8708978,44.6117815],[14.8756062,44.6081065]]},"properties":{"voltage":"110000","name":""}},{"type":"Feature","geometry":{"type":"LineString","coordinates":[[14.9560856,44.5719314],[14.9828181,44.5827146],[14.9830153,44.5827941],[14.9830857,44.58284]]},"properties":{"voltage":"110000","name":""}},{"type":"Feature","geometry":{"type":"LineString","coordinates":[[14.8982972,44.5497074],[14.9044775,44.5392958],[14.9074288,44.5358758],[14.9066139,44.5352851]]},"properties":{"voltage":"110000","name":"DV Rab - Novalja - Karlobag"}},{"type":"Feature","geometry":{"type":"LineString","coordinates":[[14.9830857,44.58284],[14.9833836,44.5830427],[14.9875855,44.5862059],[14.9928188,44.5860711],[14.9953132,44.5851111],[14.9995028,44.5834988],[15.0018256,44.5826315],[15.0043791,44.5816381],[15.0088562,44.5774556],[15.0108494,44.5772358],[15.017477,44.5733381],[15.01981,44.5720119],[15.0241369,44.5695517],[15.0300337,44.5652664],[15.0373572,44.559954],[15.0416906,44.5568076],[15.0513949,44.5511362],[15.057729,44.5418535],[15.0666995,44.5368354],[15.0726676,44.5331957],[15.0749771,44.5317512],[15.0764425,44.5312111],[15.0776432,44.5312784],[15.0767405,44.5317199]]},"properties":{"voltage":"110000","name":"DV Novalja - Karlobag"}},{"type":"Feature","geometry":{"type":"LineString","coordinates":[[14.8982972,44.5497074],[14.8994921,44.5508002],[14.9034329,44.5540619],[14.9056666,44.5559105],[14.9083292,44.5567975],[14.9112582,44.5578028],[14.9141281,44.5588061],[14.9210453,44.5612029],[14.9236363,44.5620667],[14.9268954,44.5631998],[14.9304252,44.5644075],[14.9333381,44.5654089],[14.9361812,44.5663758],[14.9384933,44.5671669],[14.9409019,44.5679886],[14.943431,44.5688735],[14.9458211,44.5696969],[14.9483477,44.5705491],[14.9504935,44.5709389],[14.9529558,44.5713248],[14.9556273,44.5717712],[14.9560856,44.5719314]]},"properties":{"voltage":"110000","name":"DV Novalja - Karlobag"}},{"type":"Feature","geometry":{"type":"LineString","coordinates":[[13.4744383,42.8522806],[13.4805557,42.8526926],[13.4919598,42.8514358],[13.4933783,42.8512634],[13.5018436,42.8496078],[13.5035975,42.8492629],[13.5123044,42.8491826],[13.5191843,42.8503799],[13.5264477,42.8507737],[13.5340827,42.8511426]]},"properties":{"voltage":"220000","name":""}},{"type":"Feature","geometry":{"type":"LineString","coordinates":[[13.5258512,42.8503612],[13.5310748,42.8505417]]},"properties":{"voltage":"","name":""}},{"type":"Feature","geometry":{"type":"LineString","coordinates":[[13.6602739,43.3455195],[13.6622534,43.3468924],[13.6632103,43.3475561],[13.6649161,43.348738],[13.6664442,43.349176]]},"properties":{"voltage":"","name":""}},{"type":"Feature","geometry":{"type":"LineString","coordinates":[[13.5974129,43.3471524],[13.59685,43.3473535],[13.5947985,43.3481377],[13.5929154,43.3487459],[13.5912321,43.3492929],[13.5892069,43.34996],[13.5873724,43.35053],[13.585347,43.3511788],[13.5819067,43.3522695],[13.5794809,43.3530406],[13.5765779,43.3539727],[13.5739779,43.3547969],[13.5724122,43.3552949],[13.5708344,43.3558166],[13.5693238,43.3564398],[13.5674165,43.357243],[13.5671752,43.3577329]]},"properties":{"voltage":"20000","name":""}},{"type":"Feature","geometry":{"type":"LineString","coordinates":[[13.5402201,43.4132196],[13.5396221,43.4130599]]},"properties":{"voltage":"","name":""}},{"type":"Feature","geometry":{"type":"LineString","coordinates":[[15.2453115,44.8530166],[15.2437129,44.8527846],[15.2414807,44.853574],[15.2391799,44.8543666],[15.2263265,44.8576175],[15.2234729,44.8583632],[15.2200075,44.8592454],[15.2184679,44.8596218],[15.2169927,44.8606219],[15.2155282,44.8615725],[15.212583,44.8635016],[15.209728,44.8654018],[15.2068334,44.8673076],[15.2036779,44.8693647],[15.2014081,44.8708948],[15.19588,44.8745322],[15.1842307,44.882193],[15.1820479,44.8836163],[15.1800707,44.885712],[15.178054,44.8878693],[15.1765277,44.8894549],[15.1744161,44.8916401],[15.1695523,44.8967608],[15.1673854,44.8989792],[15.1632887,44.9032591],[15.161359,44.90527],[15.1591217,44.9076287],[15.1568994,44.9099532],[15.1549065,44.9120703],[15.1521676,44.9137133],[15.1491584,44.9155399],[15.1461492,44.9173664],[15.1430107,44.91931],[15.1401207,44.921075],[15.1372275,44.9228359],[15.1353303,44.9245397],[15.128074,44.9310494],[15.1258173,44.9330405],[15.1234088,44.9350236],[15.1186185,44.9376815],[15.1112322,44.9418813],[15.1065901,44.944481],[15.1017277,44.947318],[15.0991088,44.9488392],[15.0957404,44.9506212],[15.0927671,44.9523605],[15.074739,44.9625596],[15.0721951,44.9640828],[15.0692229,44.9636496],[15.0648636,44.9630597],[15.0613167,44.9625678],[15.0343729,44.9588843],[15.0282805,44.9580727],[15.0255215,44.9596649],[15.0226353,44.9612807],[15.0173517,44.9640716],[15.0125905,44.9666159],[15.0100458,44.9680373],[15.0082541,44.9689724],[14.9890772,44.976229],[14.9880736,44.9759843],[14.9816265,44.9742234],[14.9793697,44.9736417],[14.9771923,44.9730721],[14.9745451,44.9723168],[14.9711705,44.9713673],[14.9686982,44.9707976],[14.9645022,44.969197],[14.9583896,44.9670507],[14.9534965,44.9653296],[14.9510219,44.96445],[14.9472069,44.9631445],[14.9340164,44.9585153],[14.9319045,44.9464528],[14.9315696,44.9445397],[14.9314612,44.9445114],[14.930228,44.944189],[14.9279795,44.9433773],[14.9262709,44.9427512],[14.9252481,44.9427876]]},"properties":{"voltage":"110000","name":"DV HE Senj - Oto\u010dac"}},{"type":"Feature","geometry":{"type":"LineString","coordinates":[[14.9252316,44.9429045],[14.9260776,44.9430541],[14.9285741,44.944504],[14.9305003,44.9455304],[14.9296104,44.9613037],[14.9257992,44.9679503],[14.9239806,44.970846],[14.9111573,44.9925748],[14.9126797,44.9986556],[14.9156194,45.0092076],[14.9161618,45.0111092],[14.9166172,45.0127688],[14.9171236,45.0143346],[14.9169257,45.0203625],[14.9168654,45.0259478],[14.9167473,45.0368894],[14.9159949,45.0384677],[14.9124812,45.0455823],[14.9118107,45.0468899],[14.9122693,45.0470365]]},"properties":{"voltage":"110000","name":"DV HE Senj - Vrataru\u0161a"}},{"type":"Feature","geometry":{"type":"LineString","coordinates":[[14.1230906,44.9671558],[14.1234612,44.9674681],[14.1247728,44.9685137],[14.1238497,44.9703628],[14.1230933,44.9717367],[14.1213928,44.9729018],[14.1198454,44.9739674],[14.1177265,44.9753563],[14.1144384,44.9776178],[14.1108657,44.9799515],[14.1078562,44.9821143],[14.1061584,44.983246],[14.1043519,44.9845525],[14.102489,44.9857513],[14.1008796,44.9867889],[14.0999706,44.9881878],[14.0987984,44.9900783],[14.0979236,44.9912895],[14.097055,44.9926827],[14.0961315,44.9940677],[14.0951291,44.9955583],[14.0941555,44.9971041],[14.0931389,44.9986252],[14.0920683,45.0002498],[14.0910361,45.0018096],[14.0900195,45.0033553],[14.0891854,45.0046771],[14.0879864,45.0063953],[14.0868974,45.008011],[14.0858031,45.0096798],[14.0848616,45.0111285],[14.0838638,45.012691],[14.0828285,45.0142383],[14.0817315,45.0158746],[14.080854,45.0171612],[14.0797972,45.0189567],[14.078727,45.0206649],[14.0731313,45.0288804],[14.0751066,45.0388049],[14.0734521,45.0456623],[14.0730515,45.0473148],[14.0727922,45.0483842],[14.0724475,45.0498058],[14.072098,45.0512471],[14.0707941,45.0566244],[14.0739017,45.067348],[14.0717923,45.0699538],[14.0704519,45.071617]]},"properties":{"voltage":"110000","name":"DV Ra\u0161a - Koroma\u010dno"}},{"type":"Feature","geometry":{"type":"LineString","coordinates":[[13.7895896,43.1942663],[13.7896575,43.1939401],[13.7901497,43.1923475],[13.7893388,43.190797],[13.7875411,43.1885692],[13.7865067,43.1861173],[13.7852213,43.183046],[13.7830554,43.181279],[13.7806434,43.1793081],[13.7782176,43.177311],[13.7762842,43.1757686],[13.7744511,43.1742277],[13.770924,43.1713403],[13.7690602,43.1697989],[13.7687541,43.1677896],[13.7682434,43.1643537],[13.7677885,43.1613077],[13.7672554,43.1577409],[13.7668865,43.1558478],[13.7664608,43.1537038],[13.7660023,43.1513237],[13.7654932,43.148745],[13.7650548,43.1464505],[13.7644277,43.1432862],[13.7640027,43.1411231],[13.763499,43.1385675],[13.7632762,43.1373984],[13.7627301,43.1345131],[13.7638083,43.1305948],[13.7639689,43.1300037],[13.7646609,43.1274564],[13.7652664,43.1252151],[13.7661173,43.1221632],[13.7664384,43.1210117],[13.7675581,43.1169354],[13.7679232,43.1156514],[13.765912,43.1131015],[13.7666562,43.1076177],[13.7664642,43.106291],[13.7657925,43.1022721],[13.7654465,43.1001442],[13.7675088,43.0976326],[13.7692662,43.0954922],[13.7700542,43.0947995],[13.7736316,43.0917047],[13.774191,43.0888742],[13.7747464,43.0860897],[13.7752112,43.0837971],[13.7756838,43.0814122],[13.7761987,43.0788606],[13.7768194,43.0757883],[13.7773015,43.0733833],[13.7778758,43.0710743],[13.7787168,43.0663848],[13.7788807,43.0656803],[13.7805825,43.0596833],[13.7818688,43.054797],[13.7827523,43.0526043],[13.7843502,43.0485618],[13.785844,43.0447857],[13.7866834,43.0425277],[13.7874802,43.0405366],[13.7884606,43.038004],[13.7893672,43.0356627],[13.7904953,43.0327323],[13.7911192,43.0311974],[13.7919288,43.0292154],[13.7926567,43.0273486],[13.7937984,43.024426],[13.7947008,43.022119],[13.7967261,43.0202842],[13.7997481,43.0175836],[13.7997301,43.0157455],[13.7993722,43.0112718],[13.7993203,43.0103787],[13.8002999,43.0078331],[13.8009299,43.0062666],[13.8025968,43.0021108],[13.8038608,42.9988071],[13.803271,42.9963909],[13.801666,42.9925694],[13.7992269,42.9875008],[13.8007842,42.9839673],[13.8001043,42.9814336],[13.7991586,42.9769928],[13.7986954,42.9747862],[13.7982871,42.9728685],[13.7977407,42.9703133],[13.797331,42.9683941],[13.7965295,42.9646021],[13.797758,42.9608154],[13.7984908,42.9586346],[13.7994985,42.9555735],[13.8006613,42.9519992],[13.8012071,42.9503445],[13.8021547,42.9474388],[13.8026717,42.9458903],[13.8032516,42.9441723],[13.8082917,42.9421444],[13.810586,42.941235],[13.8138005,42.9399442],[13.8168679,42.9387196],[13.820815,42.9371051],[13.8243283,42.9357154],[13.8271173,42.9356714],[13.832071,42.9356018],[13.8345343,42.935571],[13.8369341,42.9355324],[13.8407796,42.9354783],[13.8449576,42.9354072],[13.8499182,42.935336],[13.8517339,42.9353304],[13.8553413,42.9352593],[13.8600944,42.9352044],[13.8634893,42.9363271],[13.8655994,42.937041],[13.8692339,42.9382622],[13.8713963,42.9389815],[13.8746773,42.9401594],[13.8774868,42.9415853],[13.8789248,42.9422099],[13.8807907,42.9420961],[13.8826566,42.9421787],[13.8867009,42.9426488],[13.8866475,42.9428803]]},"properties":{"voltage":"132000","name":""}},{"type":"Feature","geometry":{"type":"LineString","coordinates":[[13.8867468,42.9429006],[13.8868557,42.9426645],[13.8873459,42.9422887],[13.8878417,42.9411002],[13.8884338,42.9395054],[13.8892085,42.937783],[13.8897657,42.9364605],[13.8901208,42.9354622],[13.8893221,42.9347498],[13.8859699,42.9342925],[13.8829564,42.9337859],[13.8816752,42.9332043],[13.8795371,42.9314827],[13.8764816,42.9290815],[13.8738674,42.9273563],[13.8715608,42.9258341],[13.8684964,42.9238813],[13.8657025,42.922078],[13.8625537,42.9200368],[13.8605994,42.9187014],[13.859454,42.9174605],[13.8576587,42.9156757],[13.8555563,42.9135984],[13.8533234,42.9113982],[13.8498603,42.9079664],[13.8477078,42.9058799],[13.8434527,42.901604],[13.8419854,42.9001661],[13.8406194,42.8971316],[13.8393971,42.8942447],[13.8384362,42.8919636],[13.8388732,42.8899745],[13.8393195,42.887667],[13.8400143,42.8848115],[13.8405458,42.8823161],[13.8411148,42.8796552],[13.8415587,42.8778165],[13.8422534,42.8744468],[13.842614,42.8727797],[13.8433325,42.8694772],[13.843736,42.8676532],[13.8440722,42.8660829],[13.8445651,42.8638668],[13.8449095,42.8622408],[13.8457935,42.8581801],[13.8462683,42.8563308],[13.8474744,42.8519258],[13.8488547,42.8466546],[13.8496679,42.8438918],[13.8502237,42.841872],[13.8507558,42.8399661],[13.8515882,42.8368695],[13.8520362,42.8352319],[13.8525991,42.8331435],[13.853095,42.83131],[13.8537003,42.8290957],[13.8543126,42.8268039],[13.8549319,42.8244913],[13.8555205,42.8223073],[13.8561698,42.8199194],[13.8568438,42.8174956],[13.8572214,42.8155036],[13.8575813,42.8136548],[13.8580373,42.8113122],[13.8584914,42.8089062],[13.8589985,42.8062389],[13.8592984,42.8046491],[13.8596646,42.8026473],[13.8603275,42.7993344],[13.8605904,42.7978583],[13.8608979,42.7962665],[13.8619483,42.7935664],[13.8630559,42.7906913],[13.8634614,42.7895941],[13.8647149,42.7862883],[13.8654548,42.7842651],[13.8661827,42.7823228],[13.8669163,42.7803833],[13.8675072,42.7787849],[13.8689238,42.7750189],[13.8707268,42.7702051],[13.8721286,42.7664622],[13.8731447,42.7637507],[13.8737696,42.7620941],[13.8748555,42.7591598],[13.8759185,42.7563711],[13.876648,42.75502],[13.8791488,42.7503846],[13.8808648,42.7472722],[13.882039,42.745097],[13.8837717,42.7420018],[13.8851043,42.7395194],[13.8863772,42.7372146],[13.8880098,42.7341775],[13.8888301,42.732686],[13.889758,42.7309772],[13.8912824,42.7286925],[13.8929639,42.726289],[13.8943033,42.7243197],[13.8969858,42.7203888],[13.8991385,42.7189527],[13.900765,42.7178641],[13.9029866,42.7163875],[13.9051106,42.7149713],[13.9074297,42.7134533],[13.9099027,42.7118038],[13.9117387,42.7105789],[13.9136311,42.7093686],[13.9155901,42.708021],[13.9169887,42.7070918],[13.9195913,42.7053572],[13.9223425,42.7035414],[13.9255494,42.701408],[13.9272631,42.7002837],[13.9304692,42.6981819],[13.9333998,42.6962354],[13.9360506,42.694471],[13.9380661,42.6931164],[13.9411372,42.6911204],[13.9428852,42.6904264],[13.94807,42.6885869],[13.9522403,42.6870956],[13.9554573,42.685955],[13.9583281,42.6847052],[13.9603986,42.6839388],[13.9651323,42.6836203],[13.9701714,42.6842846],[13.9730642,42.6840298],[13.982156,42.6839398],[13.9847488,42.6853003],[13.9868609,42.6863718],[13.9901884,42.6881189],[13.9934394,42.689785],[13.9978336,42.6914772],[14.0020198,42.6925679],[14.0031423,42.6929091],[14.0032566,42.6929414]]},"properties":{"voltage":"","name":""}},{"type":"Feature","geometry":{"type":"LineString","coordinates":[[13.8557366,42.9491795],[13.855658,42.9493726]]},"properties":{"voltage":"132000","name":""}},{"type":"Feature","geometry":{"type":"LineString","coordinates":[[13.8555007,42.949341],[13.85356,42.9491987],[13.8522352,42.9494642],[13.850875,42.9520714],[13.8486005,42.9564003],[13.8463016,42.9607769],[13.8435535,42.9660107],[13.8419249,42.9690627],[13.8404688,42.9719054],[13.8387032,42.9751859],[13.8412442,42.976918],[13.8445862,42.9773155],[13.8482128,42.9780834],[13.8519879,42.9788887],[13.8562841,42.9805924],[13.8597272,42.9819598],[13.8597291,42.9827097]]},"properties":{"voltage":"132000","name":"San Benedetto del Tronto-Grottammare"}},{"type":"Feature","geometry":{"type":"LineString","coordinates":[[13.5406248,43.0994333],[13.5403657,43.0993848],[13.5378212,43.0994947],[13.5337872,43.0996728],[13.529755,43.0990396],[13.5245924,43.0982163],[13.5193718,43.0973623],[13.5159496,43.0953953],[13.5130157,43.0936984],[13.5100059,43.0922718],[13.5064854,43.0909954],[13.5028831,43.0885781],[13.5000251,43.0871866],[13.497058,43.0866965],[13.4925766,43.0859707],[13.4872336,43.0842329],[13.4840234,43.0818731],[13.4812687,43.0801805]]},"properties":{"voltage":"132000","name":"Abbadia-Belmonte-Rosara"}},{"type":"Feature","geometry":{"type":"LineString","coordinates":[[13.5408936,43.0993654],[13.5408645,43.0994744]]},"properties":{"voltage":"132000","name":""}},{"type":"Feature","geometry":{"type":"LineString","coordinates":[[13.6599953,43.1608115],[13.6598578,43.1607576]]},"properties":{"voltage":"132000","name":""}},{"type":"Feature","geometry":{"type":"LineString","coordinates":[[13.6599656,43.1605931],[13.6603694,43.1600889],[13.6576889,43.1606498],[13.6542318,43.1594633],[13.6503486,43.1580934],[13.6458553,43.1565557],[13.6425222,43.1542713],[13.639692,43.1522736],[13.6348249,43.1504671],[13.6329213,43.1482314],[13.6309095,43.1458463],[13.6286551,43.1432262],[13.6268076,43.1410054],[13.6241836,43.1379],[13.6215971,43.135918],[13.6188725,43.1338261],[13.6160159,43.1316489],[13.6130387,43.1293914],[13.6107592,43.1284124],[13.608067,43.1272909],[13.607267,43.1250115],[13.6025735,43.1237077],[13.5997012,43.1220029],[13.5958783,43.1201173],[13.5928458,43.1175343],[13.5904849,43.1154885],[13.5883307,43.1136029],[13.5855444,43.1112671],[13.5824248,43.1096846],[13.5793457,43.1080919],[13.5757357,43.1068431],[13.5726211,43.1057763],[13.5692993,43.1046184],[13.5660835,43.1025174],[13.5630155,43.1010329],[13.5605092,43.0998344],[13.5565926,43.0982996],[13.5546215,43.0972196],[13.5526698,43.0961251],[13.5493718,43.0955972],[13.5469987,43.0959895],[13.5432648,43.0965997],[13.5397343,43.0971857],[13.5402737,43.0990846],[13.5406805,43.0993122]]},"properties":{"voltage":"132000","name":"Belmonte-Fermo zona industriale"}},{"type":"Feature","geometry":{"type":"LineString","coordinates":[[13.733645,43.1467082],[13.7311111,43.1448379],[13.7281123,43.1425419],[13.7273413,43.1407483],[13.7259167,43.1372684],[13.7248184,43.134635],[13.7237717,43.1320341],[13.7226461,43.1293451],[13.7211675,43.1256805],[13.719601,43.1219587],[13.7176908,43.1187967],[13.7160457,43.1159417],[13.7120746,43.1122043],[13.7085958,43.1089219],[13.7059477,43.1064203],[13.7041558,43.103935],[13.7019218,43.1010592],[13.6997724,43.0982142],[13.6977316,43.0955065],[13.6941924,43.0904809],[13.6926866,43.0882945],[13.6885165,43.0823647],[13.6868064,43.0799302],[13.6858222,43.0774048],[13.6843597,43.0737333],[13.6829536,43.0701483],[13.6823715,43.0687445],[13.6815866,43.0670256],[13.6797081,43.0627926],[13.6780655,43.0591702],[13.6769674,43.0567564],[13.6756448,43.0547032],[13.6732068,43.0509671],[13.6720749,43.0493763],[13.6746107,43.0446619],[13.6755135,43.0429101],[13.6765358,43.0407046],[13.6765311,43.0405688]]},"properties":{"voltage":"132000","name":"Colmarino-Carassai-Fermo zona industriale"}},{"type":"Feature","geometry":{"type":"LineString","coordinates":[[15.1050282,44.9926242],[15.104517,44.9917403],[15.1024576,44.9904872],[15.0980475,44.9878326],[15.094464,44.9857079],[15.0913173,44.9837916],[15.0887354,44.9832253],[15.0862892,44.9827017],[15.0830304,44.9820311],[15.0779207,44.9809487],[15.0721808,44.9797572],[15.0643267,44.9780887],[15.0569888,44.9766001],[15.0485666,44.9748165],[15.0438459,44.973807],[15.0109295,44.9669131],[15.0074687,44.9681631],[15.0046482,44.9693022],[15.0022096,44.9702255],[15.0009147,44.9707273],[14.9987959,44.9715484],[14.9961458,44.972549],[14.9934679,44.9735991],[14.9905953,44.9747404],[14.9885197,44.974173],[14.9859684,44.9733866],[14.9823528,44.9723429],[14.9783126,44.9711997],[14.9762803,44.9707072],[14.9736348,44.9699131],[14.972696,44.9696427],[14.9688023,44.9685212],[14.9667308,44.967932],[14.9617698,44.966525],[14.9591616,44.9657693],[14.957268,44.9652714],[14.9541306,44.96435],[14.9527243,44.9629181],[14.9505732,44.9607849],[14.9483845,44.9585605],[14.946776,44.9570772],[14.9453061,44.9555284],[14.9435627,44.9537404],[14.9411541,44.9513411],[14.9395501,44.9496516],[14.93794,44.9480561],[14.9358433,44.9459577],[14.9329626,44.9430454],[14.9290006,44.9426283],[14.9264254,44.942401],[14.9252947,44.9424584]]},"properties":{"voltage":"220000","name":"DV HE Senj - Brinje"}},{"type":"Feature","geometry":{"type":"LineString","coordinates":[[14.3912211,44.6381133],[14.3912845,44.6351671],[14.3915172,44.6310812],[14.3915431,44.6297744],[14.391695,44.628714],[14.3922027,44.625643],[14.3929153,44.6213437],[14.3931413,44.6199802],[14.3933973,44.6191494],[14.3936465,44.6184204],[14.3948244,44.6151173],[14.3955833,44.612865],[14.399744,44.6099943],[14.4026701,44.6063747],[14.4040417,44.6025791],[14.4045904,44.6019606],[14.4061815,44.5993237],[14.4072788,44.597455]]},"properties":{"voltage":"","name":""}},{"type":"Feature","geometry":{"type":"LineString","coordinates":[[14.3891779,44.6509167],[14.3891599,44.6501221],[14.3891058,44.6478585],[14.3890591,44.6457182],[14.3889933,44.6440718],[14.3888779,44.6370339],[14.3892944,44.6352036],[14.3896771,44.6334451],[14.3900799,44.6315017],[14.3904925,44.6296792],[14.3909501,44.6275712],[14.3913828,44.6255401],[14.392065,44.6223305],[14.3924727,44.6204591],[14.3929137,44.6185698],[14.3933131,44.6167042],[14.3939954,44.6136244],[14.3958926,44.6095834],[14.3967494,44.6078078],[14.3976314,44.6059715],[14.3986381,44.6038152],[14.3995367,44.6018721],[14.4002357,44.6003496],[14.4012674,44.598199],[14.4019913,44.5966171],[14.4029814,44.5945316],[14.4035472,44.5933348],[14.4043958,44.5915513],[14.4054109,44.5893649],[14.4061675,44.5876883]]},"properties":{"voltage":"","name":""}},{"type":"Feature","geometry":{"type":"LineString","coordinates":[[14.9915604,44.8275945],[14.9908331,44.8276025],[14.9904735,44.8239753],[14.9878786,44.8198123],[14.9867808,44.816783],[14.9790332,44.8140208]]},"properties":{"voltage":"","name":""}},{"type":"Feature","geometry":{"type":"LineString","coordinates":[[14.128061,42.4033987],[14.1268612,42.404618]]},"properties":{"voltage":"380000","name":""}},{"type":"Feature","geometry":{"type":"LineString","coordinates":[[14.1268612,42.404618],[14.1284366,42.4036801]]},"properties":{"voltage":"380000","name":""}},{"type":"Feature","geometry":{"type":"LineString","coordinates":[[13.9077889,42.4619683],[13.9074006,42.4627449],[13.9065174,42.4642233],[13.9096235,42.4700067],[13.9112395,42.4733619],[13.9122761,42.4753294],[13.9131059,42.476972],[13.9140326,42.4787026],[13.9168453,42.4826726],[13.9177016,42.4842595],[13.9184064,42.4856278],[13.9184484,42.4872495],[13.9203845,42.4909741],[13.9217511,42.4943687],[13.9225734,42.4963194],[13.9246165,42.5013204],[13.9273998,42.5079899],[13.928815,42.5114361],[13.9314225,42.5177988],[13.9323578,42.5200307],[13.9333921,42.5225309],[13.9341912,42.5244069],[13.9357225,42.5281815],[13.9379516,42.5315565],[13.9411691,42.5354189],[13.9374287,42.5378463],[13.9342949,42.5398523],[13.9303621,42.5424144],[13.9284954,42.5436698],[13.9271477,42.5444917],[13.9238133,42.5465969],[13.9200311,42.5490453],[13.9167407,42.5511754],[13.9137044,42.5531313],[13.9106013,42.5551259],[13.9071432,42.5573508],[13.9056072,42.5584292],[13.9022646,42.5607222],[13.9008353,42.5617346],[13.8993559,42.5628573],[13.8979052,42.5639549],[13.8954455,42.565839],[13.8938274,42.5670784],[13.8914451,42.568871],[13.8883957,42.5711732],[13.8868376,42.5723168],[13.8847904,42.5738669],[13.8830408,42.575203],[13.8811514,42.5766209],[13.8787237,42.5784563],[13.8762018,42.5803703],[13.8739065,42.5821071],[13.8731907,42.5828811],[13.8714711,42.5846917],[13.8695746,42.5867279],[13.8673993,42.5890341],[13.8658953,42.5906297],[13.8634727,42.5932299],[13.8615175,42.5952701],[13.8597637,42.5963445],[13.8554126,42.5989486],[13.8539186,42.5998586],[13.8515165,42.6016393]]},"properties":{"voltage":"","name":""}},{"type":"Feature","geometry":{"type":"LineString","coordinates":[[13.5443055,43.2659243],[13.5444255,43.2661764]]},"properties":{"voltage":"","name":""}},{"type":"Feature","geometry":{"type":"LineString","coordinates":[[13.5204347,43.2593382],[13.5200419,43.260108],[13.519068,43.2599051]]},"properties":{"voltage":"","name":""}},{"type":"Feature","geometry":{"type":"LineString","coordinates":[[13.5208684,43.2582605],[13.5206939,43.2586611],[13.5204347,43.2593382]]},"properties":{"voltage":"","name":""}},{"type":"Feature","geometry":{"type":"LineString","coordinates":[[13.5220475,43.2588841],[13.5217939,43.2589921],[13.5210759,43.2587798],[13.5206939,43.2586611],[13.5206651,43.258656],[13.5198474,43.2585124]]},"properties":{"voltage":"","name":""}},{"type":"Feature","geometry":{"type":"LineString","coordinates":[[13.5447258,43.265957],[13.5463023,43.2657716],[13.548388,43.2655054],[13.5499055,43.2652708],[13.5498449,43.2656215],[13.5497669,43.2660567],[13.5496959,43.2665083],[13.5494361,43.2667644],[13.5495868,43.2670356]]},"properties":{"voltage":"","name":""}},{"type":"Feature","geometry":{"type":"LineString","coordinates":[[13.703424,42.5986553],[13.7036083,42.5985613],[13.7037467,42.598488],[13.7039578,42.5983744]]},"properties":{"voltage":"380000","name":""}},{"type":"Feature","geometry":{"type":"LineString","coordinates":[[13.703629,42.5988314],[13.7037843,42.5987556],[13.7039264,42.5986843],[13.7041488,42.5985805]]},"properties":{"voltage":"380000","name":""}},{"type":"Feature","geometry":{"type":"LineString","coordinates":[[13.7029883,42.5982025],[13.7031715,42.5981125],[13.7033315,42.5980347],[13.7035477,42.5979317]]},"properties":{"voltage":"380000","name":""}},{"type":"Feature","geometry":{"type":"LineString","coordinates":[[13.7034772,42.5981938],[13.7031306,42.5983693],[13.7032878,42.5985335],[13.7034732,42.5984364],[13.7038419,42.5982492]]},"properties":{"voltage":"380000","name":""}},{"type":"Feature","geometry":{"type":"LineString","coordinates":[[13.7042145,42.5986514],[13.7041488,42.5985805],[13.7039578,42.5983744],[13.7038419,42.5982492],[13.7035477,42.5979317],[13.7034234,42.5977975]]},"properties":{"voltage":"380000","name":""}},{"type":"Feature","geometry":{"type":"LineString","coordinates":[[13.7040011,42.5987659],[13.7039264,42.5986843],[13.7037467,42.598488],[13.7034772,42.5981938],[13.7033315,42.5980347],[13.7032012,42.5978924]]},"properties":{"voltage":"380000","name":""}},{"type":"Feature","geometry":{"type":"LineString","coordinates":[[14.9050257,44.1903149],[14.900192,44.1923059]]},"properties":{"voltage":"10000","name":""}},{"type":"Feature","geometry":{"type":"LineString","coordinates":[[14.4435264,44.976222],[14.4436567,44.9762489],[14.442247,44.9761238],[14.4323665,44.9757614],[14.4279732,44.9737473],[14.4225249,44.9712634],[14.4199734,44.9700218],[14.4191746,44.9677074],[14.4197937,44.965742],[14.4204524,44.9636361],[14.423639,44.9534558],[14.4244425,44.9508687],[14.4244701,44.9507797],[14.4266711,44.943782],[14.4297754,44.9339437],[14.4304825,44.9317202],[14.431021,44.9299885],[14.4318843,44.9272438],[14.432205,44.9261494],[14.4328611,44.9249097],[14.4324558,44.9238091],[14.4330765,44.9217657],[14.4320036,44.9187325],[14.4295863,44.9117746],[14.4287271,44.9023466],[14.428021,44.8945383],[14.4276665,44.8905904],[14.4275895,44.8897207],[14.4274218,44.8878261],[14.4271771,44.8852669],[14.4267157,44.8802001],[14.4264682,44.8774791],[14.4260631,44.8730855],[14.4258408,44.8702685],[14.4258296,44.8675969],[14.4257902,44.8603471],[14.4257874,44.857707],[14.4257677,44.8557746],[14.4257564,44.8534454],[14.4257339,44.8504998],[14.4257227,44.8480686],[14.4256639,44.8442664],[14.4256757,44.8397854],[14.42566,44.8345058],[14.4256482,44.8317595],[14.4256208,44.8292564],[14.4256129,44.8263749],[14.4256108,44.8250179],[14.425609,44.8239036],[14.423428,44.8222351],[14.4183363,44.8183528],[14.4156637,44.8162858],[14.4132185,44.8144192],[14.4088126,44.8110834],[14.406842,44.8095425],[14.4071225,44.8077087],[14.4076362,44.8048306],[14.4080314,44.8023943],[14.4084486,44.7999237],[14.4089094,44.7970691],[14.4093011,44.7947087],[14.4097783,44.7918312],[14.4102519,44.7889588],[14.4106053,44.7867326],[14.4110498,44.7840796],[14.4113776,44.7819644],[14.4118112,44.7794277],[14.4122593,44.7767925],[14.4123614,44.7761655],[14.4127001,44.7740848],[14.4130972,44.7717468],[14.4134506,44.7694656],[14.4129405,44.7676034],[14.4122411,44.764978],[14.4115111,44.7623193],[14.4108009,44.7597428],[14.4101985,44.7574907],[14.4100815,44.7570533],[14.4088173,44.7524196],[14.4087036,44.7520028],[14.4079843,44.7493663],[14.4072825,44.7467939],[14.4079802,44.7395303],[14.4098503,44.7144441],[14.4106096,44.7126206],[14.4086864,44.7062176],[14.40677,44.7043731],[14.4028515,44.7006133],[14.4008734,44.698715],[14.3983999,44.6963281],[14.3974898,44.6954617],[14.3974399,44.6954142]]},"properties":{"voltage":"110000","name":"DV Krk - Lo\u0161inj"}},{"type":"Feature","geometry":{"type":"LineString","coordinates":[[13.5809501,43.2876334],[13.5815448,43.2867818],[13.5816271,43.2859184],[13.5816096,43.2858987]]},"properties":{"voltage":"","name":""}},{"type":"Feature","geometry":{"type":"LineString","coordinates":[[13.9914703,42.6619693],[13.989291,42.6637589],[13.9860739,42.6662404],[13.979713,42.6711395],[13.9775818,42.6737802],[13.9731418,42.6792589],[13.9693297,42.6840087],[13.9678052,42.6878856],[13.9667009,42.6907747],[13.9637537,42.6987604],[13.962442,42.7035851],[13.9617377,42.7050752],[13.9591797,42.7107999],[13.9583526,42.7126179],[13.9563104,42.7172007],[13.9549942,42.7201171],[13.9526979,42.7232298],[13.9508153,42.7255678],[13.949859,42.7281947]]},"properties":{"voltage":"132000","name":"Giulianova-Roseto"}},{"type":"Feature","geometry":{"type":"LineString","coordinates":[[13.9878222,42.6566504],[13.9886419,42.6554743]]},"properties":{"voltage":"132000","name":"Giulianova-Roseto"}},{"type":"Feature","geometry":{"type":"LineString","coordinates":[[13.9887877,42.6555083],[13.9878222,42.6566504]]},"properties":{"voltage":"132000","name":"Roseto-Pineto"}},{"type":"Feature","geometry":{"type":"LineString","coordinates":[[13.9914703,42.6619693],[13.9905693,42.6606811],[13.9887454,42.6580197],[13.9878222,42.6566504]]},"properties":{"voltage":"132000","name":""}},{"type":"Feature","geometry":{"type":"LineString","coordinates":[[14.2009945,42.4404883],[14.2011284,42.4401379],[14.2024752,42.4379939],[14.2024641,42.4360874],[14.2022617,42.4342082],[14.2020285,42.4334861],[14.2019327,42.4321551],[14.2005473,42.4306734],[14.1986511,42.4286143],[14.1965599,42.4263646],[14.1947124,42.4243255],[14.1928968,42.4223402],[14.1918306,42.4211799],[14.1910477,42.4206678],[14.1908741,42.4205474],[14.1902611,42.4201397],[14.1896502,42.4197334],[14.1882256,42.4187961],[14.1860043,42.4173389],[14.1834218,42.4156322],[14.1808304,42.4138921],[14.1787373,42.4130378],[14.1763876,42.412039],[14.1734731,42.4119718],[14.1711587,42.4098902],[14.1691442,42.4074052],[14.1679094,42.4054504],[14.1666935,42.4034748],[14.1654468,42.4015226],[14.1628928,42.3993148],[14.1587856,42.3998938],[14.1556309,42.4003338],[14.1531151,42.4013221],[14.1513709,42.4033655],[14.1503108,42.4063947],[14.1490993,42.4098967],[14.147943,42.4137254],[14.1470654,42.4166998],[14.145304,42.4188247],[14.1435068,42.4204599],[14.1418612,42.4220251],[14.1395594,42.4236476],[14.1370976,42.4253951],[14.1350203,42.426853],[14.1337387,42.4281019],[14.1315401,42.4302376],[14.1289683,42.4327582],[14.1275527,42.4341347],[14.1257247,42.4359105],[14.1256541,42.4385359],[14.1256047,42.4415529],[14.1255377,42.4440543],[14.1254793,42.4466811],[14.1254442,42.4490095],[14.1254064,42.4519763],[14.1253558,42.4543427],[14.1253176,42.4577129],[14.1240056,42.4592372],[14.1213834,42.4623626],[14.1206418,42.463242],[14.119445,42.4643729],[14.1166681,42.4670843],[14.1142244,42.4694879],[14.1124517,42.4712613],[14.109698,42.4739375],[14.1084225,42.4753755],[14.106681,42.4773211],[14.1048862,42.4793502],[14.102794,42.4816641],[14.1009553,42.4837286],[14.0984869,42.4865271],[14.0967654,42.4884964],[14.0945204,42.49106],[14.0927907,42.4929575],[14.0909226,42.4950435],[14.088957,42.4972727],[14.0873413,42.4990878],[14.0853326,42.5013438],[14.0834361,42.5038784],[14.0817917,42.5060622],[14.0793853,42.5092803],[14.0781454,42.5109152],[14.0762232,42.5134852],[14.0751536,42.5149147],[14.0725512,42.5183424],[14.0712709,42.5200597],[14.0704245,42.5211662],[14.0695198,42.5242279],[14.0690199,42.5259228],[14.0684236,42.5279249],[14.0674637,42.5311566],[14.0661743,42.5331976],[14.0659256,42.5363689],[14.0651372,42.5389935],[14.0651549,42.5423107],[14.0651638,42.5443816],[14.0650234,42.5455438],[14.0647302,42.5478801],[14.0642797,42.5516279],[14.0639814,42.5541842],[14.0636847,42.5564777],[14.0634378,42.5583864],[14.0634722,42.5594099],[14.0635107,42.5623786],[14.0635267,42.5640476],[14.0635648,42.5666267],[14.0635667,42.5684423],[14.0621224,42.5719523],[14.060158,42.5766732],[14.0592075,42.5789725],[14.0587131,42.5801968],[14.0576108,42.5828161],[14.0556612,42.5842126],[14.0541195,42.5852708],[14.0494713,42.5885508],[14.0475698,42.5899011],[14.044548,42.5920333],[14.0432558,42.5928265],[14.0417455,42.5937387],[14.0378348,42.5961089],[14.0325805,42.5993563],[14.0284666,42.6020847],[14.0239382,42.6046959],[14.0198789,42.6070447],[14.0187945,42.6076868],[14.0150459,42.6099661],[14.0102341,42.6128712],[14.0083466,42.6140245],[14.0069886,42.6156923],[14.0038715,42.6194769],[14.0014536,42.622411],[14.0009717,42.6240493],[14.0002633,42.6264657],[13.9994784,42.6290217],[13.9988358,42.631204],[13.9981705,42.6334554],[13.997515,42.6357054],[13.9969623,42.6374471],[13.9964878,42.6390816],[13.9955551,42.6422098],[13.9949298,42.6442947],[13.9942045,42.6467493],[13.9934391,42.6492846],[13.9926738,42.6518679],[13.9919035,42.6543941],[13.9911899,42.6567792],[13.9883749,42.6588833],[13.9852328,42.6612835],[13.9835818,42.6641828],[13.9826058,42.6659523],[13.9811846,42.6684709],[13.9798738,42.6707801],[13.9802989,42.6742607],[13.9814944,42.6782346],[13.9824557,42.6796408],[13.9837294,42.6815037],[13.9866116,42.6857016],[13.9902429,42.6877179],[13.9936213,42.6896178],[13.9978876,42.6913289],[14.0020937,42.6924217],[14.0032214,42.6928207],[14.0033329,42.6928574]]},"properties":{"voltage":"132000","name":""}},{"type":"Feature","geometry":{"type":"LineString","coordinates":[[14.0548379,42.6096438],[14.0535481,42.6072424],[14.0522649,42.6048385],[14.0475996,42.6019904],[14.0443769,42.6011817],[14.0405448,42.6002271],[14.0371374,42.6031739],[14.0315647,42.6081996],[14.0300235,42.6103183],[14.0256419,42.6164662],[14.0226202,42.6207298],[14.0197511,42.6247458],[14.0152902,42.6309901],[14.0126168,42.6347692],[14.0098846,42.6385715],[14.0067277,42.6430155],[14.0051296,42.6452577],[14.0029499,42.6483599],[14.0006891,42.6514944],[13.997821,42.6555285],[13.9955867,42.6585782],[13.9934891,42.6603129],[13.9914703,42.6619693]]},"properties":{"voltage":"132000","name":"Roseto-Pineto"}},{"type":"Feature","geometry":{"type":"LineString","coordinates":[[13.5365487,42.8513994],[13.5346185,42.8515273],[13.5310748,42.8505417],[13.5275542,42.849068],[13.5242676,42.846516],[13.5219143,42.8447677],[13.5203983,42.8435792],[13.5177972,42.840598],[13.5160825,42.8385696],[13.5151113,42.8374366],[13.5134568,42.8354474],[13.5120659,42.8338248],[13.5102909,42.8319992],[13.5084489,42.8300998],[13.5077299,42.8286327],[13.5070043,42.8270984],[13.5061001,42.8251661],[13.505303,42.8235106],[13.5039935,42.8206988],[13.5027478,42.8180918],[13.5026991,42.8175789],[13.5031643,42.8168811],[13.50406,42.8163909],[13.5047642,42.8164303]]},"properties":{"voltage":"132000","name":"Capodiponte-Rosara"}},{"type":"Feature","geometry":{"type":"LineString","coordinates":[[13.5751944,42.8424668],[13.5779621,42.8426817],[13.5835819,42.8431249],[13.5869673,42.8430801],[13.5909507,42.8429788],[13.5947284,42.8420382],[13.5991811,42.8409326],[13.6041162,42.8394639],[13.6070257,42.8388321],[13.6108548,42.8378278],[13.6140184,42.8370522],[13.6170083,42.8365949],[13.6226828,42.8361611],[13.6265344,42.8371394],[13.631852,42.8387213],[13.6348612,42.8395747],[13.6388446,42.8403362],[13.6439758,42.840546],[13.6473998,42.840414],[13.651052,42.840256],[13.6547332,42.8411825],[13.657117,42.8417707],[13.6569096,42.842523]]},"properties":{"voltage":"132000","name":"Marino del Tronto-Rosara"}},{"type":"Feature","geometry":{"type":"LineString","coordinates":[[13.5751944,42.8424668],[13.5767807,42.8418155],[13.5797811,42.8406974],[13.5831792,42.8394106],[13.5849079,42.8387503],[13.5877506,42.8377503],[13.5906064,42.8367044],[13.5931665,42.8357356],[13.5945796,42.834668],[13.5987566,42.831388],[13.5999134,42.830477],[13.6029106,42.827633],[13.6062495,42.8241115],[13.6094373,42.8197173],[13.6104594,42.8180588],[13.6125462,42.8150262],[13.6143936,42.8124026],[13.6166842,42.8090467],[13.6178443,42.8074048],[13.6193593,42.8051818],[13.6212226,42.8024452],[13.6227114,42.8009429],[13.6270494,42.7965302],[13.6285085,42.7950761],[13.6309108,42.7927658],[13.634092,42.7896548],[13.6378977,42.7859599],[13.6390315,42.7848408],[13.6407371,42.7832031],[13.6430342,42.780972],[13.6453231,42.7786913],[13.6467803,42.7773322],[13.6481366,42.7760063],[13.6503859,42.7738416],[13.6529725,42.7713104],[13.6535205,42.7707741]]},"properties":{"voltage":"132000","name":"Civitella del Tronto-Rosara"}},{"type":"Feature","geometry":{"type":"LineString","coordinates":[[13.5330502,42.8504886],[13.5341272,42.850805]]},"properties":{"voltage":"380000","name":""}},{"type":"Feature","geometry":{"type":"LineString","coordinates":[[13.5341573,42.8505778],[13.5330502,42.8504886]]},"properties":{"voltage":"380000","name":""}},{"type":"Feature","geometry":{"type":"LineString","coordinates":[[13.701991,42.8566783],[13.7018402,42.8569724],[13.6981297,42.8580165],[13.6938493,42.8592013],[13.687371,42.8601929],[13.6843826,42.8594674],[13.680802,42.8575806],[13.6774511,42.8557246],[13.6748958,42.854371],[13.6712385,42.8524336],[13.6678068,42.8505924],[13.6652279,42.8470413],[13.6644375,42.8453169],[13.6635942,42.843443],[13.658808,42.8422117],[13.6573527,42.8418293],[13.6570386,42.8425871]]},"properties":{"voltage":"132000","name":"Marino del Tronto-Campolungo"}},{"type":"Feature","geometry":{"type":"LineString","coordinates":[[13.656651,42.842582],[13.6561433,42.8424624],[13.65598,42.8444192],[13.6562698,42.8463371],[13.6564625,42.8476932],[13.6565088,42.8478414]]},"properties":{"voltage":"132000","name":""}},{"type":"Feature","geometry":{"type":"LineString","coordinates":[[13.8249993,42.8825601],[13.8241858,42.8823049],[13.8212356,42.8814183],[13.8190476,42.8807607],[13.817676,42.8804584],[13.8154361,42.8801011],[13.8121979,42.8787431],[13.8087188,42.8777324],[13.8067085,42.8771603],[13.8049207,42.876599],[13.8017718,42.8756928],[13.7985304,42.8747175],[13.7948008,42.873454],[13.7916519,42.8723669],[13.7888597,42.8714234],[13.7861426,42.870185],[13.7834684,42.8689839],[13.780864,42.8678201],[13.7773691,42.8662316],[13.7750544,42.8650521],[13.7727396,42.863729],[13.7709211,42.862632],[13.7684588,42.8610807],[13.7651248,42.8609667],[13.761941,42.8608625],[13.7579445,42.8614523],[13.7535752,42.8611574],[13.7498711,42.8602353],[13.7462984,42.8600466],[13.7423716,42.8597851],[13.7388097,42.8596514],[13.7351082,42.8594666],[13.7311171,42.8592582],[13.727759,42.8590812],[13.7241058,42.8588836],[13.7211983,42.8587362]]},"properties":{"voltage":"132000","name":"Monsampolo-Campolungo"}},{"type":"Feature","geometry":{"type":"LineString","coordinates":[[13.8266038,42.8827112],[13.8253263,42.882805]]},"properties":{"voltage":"132000","name":"Monsampolo-Porto d'Ascoli"}},{"type":"Feature","geometry":{"type":"LineString","coordinates":[[13.8253906,42.8826683],[13.8266038,42.8827112]]},"properties":{"voltage":"132000","name":"Monsampolo-Termoelettrica Abruzzo"}},{"type":"Feature","geometry":{"type":"LineString","coordinates":[[13.8402768,42.8857233],[13.8411544,42.8823348],[13.8409484,42.881803],[13.8409864,42.8816314]]},"properties":{"voltage":"132000","name":"Monsampolo-Termoelettrica Abruzzo"}},{"type":"Feature","geometry":{"type":"LineString","coordinates":[[13.8266038,42.8827112],[13.8292376,42.8834193],[13.8325217,42.8840563],[13.8371201,42.8852989],[13.8402768,42.8857233]]},"properties":{"voltage":"132000","name":""}},{"type":"Feature","geometry":{"type":"LineString","coordinates":[[13.5646775,43.4271327],[13.5686546,43.4266639],[13.5718261,43.426313],[13.5747998,43.4259661],[13.5759443,43.4250377],[13.578247,43.4207691],[13.5797772,43.4179598],[13.5811178,43.4151564],[13.5831544,43.410994],[13.5843745,43.4085196],[13.5853184,43.4061398],[13.5870358,43.4018526],[13.5882584,43.3987441],[13.5895069,43.3956231],[13.5906353,43.3927277],[13.5887873,43.3909044],[13.5859103,43.3880452],[13.5832084,43.3869885],[13.580957,43.3855006],[13.5784831,43.3832952],[13.5782792,43.3811007],[13.5780912,43.3789983],[13.5754079,43.3775046],[13.57279,43.3760387],[13.563169,43.3704737],[13.5628186,43.368342]]},"properties":{"voltage":"132000","name":""}},{"type":"Feature","geometry":{"type":"LineString","coordinates":[[14.1954892,42.4568969],[14.1982495,42.4580305],[14.1985725,42.458147],[14.2044345,42.4605834],[14.2054859,42.4592497],[14.2059827,42.4587465],[14.2065633,42.4581643],[14.2065791,42.4581484],[14.2076585,42.4570611],[14.2091551,42.4580862]]},"properties":{"voltage":"132000","name":""}},{"type":"Feature","geometry":{"type":"LineString","coordinates":[[13.5019126,43.5625776],[13.5029718,43.566027],[13.5030342,43.5671127],[13.5009739,43.5687593],[13.5006354,43.5704326],[13.5009134,43.5706072],[13.5027751,43.5717764],[13.5027595,43.5721564],[13.5026502,43.572231]]},"properties":{"voltage":"132000","name":""}},{"type":"Feature","geometry":{"type":"LineString","coordinates":[[14.1295095,42.4031726],[14.1298062,42.4029558]]},"properties":{"voltage":"132000","name":""}},{"type":"Feature","geometry":{"type":"LineString","coordinates":[[14.131042,42.4042506],[14.1312855,42.4040754],[14.13142,42.4040409],[14.1316079,42.4039048],[14.1317121,42.4038293]]},"properties":{"voltage":"132000","name":""}},{"type":"Feature","geometry":{"type":"LineString","coordinates":[[14.1316685,42.4042792],[14.1318877,42.4041136],[14.1319898,42.4040365]]},"properties":{"voltage":"132000","name":""}},{"type":"Feature","geometry":{"type":"LineString","coordinates":[[14.1298828,42.4034535],[14.129821,42.4034994],[14.1296475,42.4036284],[14.1295071,42.4037328],[14.1293177,42.4038735]]},"properties":{"voltage":"380000","name":""}},{"type":"Feature","geometry":{"type":"LineString","coordinates":[[14.1320922,42.4041129],[14.1322859,42.4039571],[14.1318974,42.4042349],[14.131989,42.4041892]]},"properties":{"voltage":"132000","name":""}},{"type":"Feature","geometry":{"type":"LineString","coordinates":[[14.1295095,42.4031726],[14.1292704,42.4033472],[14.1291298,42.4034499],[14.1289391,42.4035892]]},"properties":{"voltage":"380000","name":""}},{"type":"Feature","geometry":{"type":"LineString","coordinates":[[14.1308004,42.4040783],[14.1313299,42.4036973],[14.1314345,42.403622]]},"properties":{"voltage":"132000","name":""}},{"type":"Feature","geometry":{"type":"LineString","coordinates":[[14.1295993,42.4040849],[14.1294997,42.4040101],[14.1293177,42.4038735],[14.1291251,42.4037289],[14.1289391,42.4035892],[14.1287529,42.4034495],[14.1285657,42.4033089],[14.1283773,42.4031675],[14.1281906,42.4030273],[14.1280007,42.4028847],[14.1278981,42.4028077]]},"properties":{"voltage":"380000","name":""}},{"type":"Feature","geometry":{"type":"LineString","coordinates":[[14.1311455,42.4034064],[14.1310419,42.4034823],[14.1308566,42.4036181],[14.1308046,42.4037166],[14.1305589,42.4038975]]},"properties":{"voltage":"132000","name":""}},{"type":"Feature","geometry":{"type":"LineString","coordinates":[[14.1305589,42.4038975],[14.1300432,42.4042684]]},"properties":{"voltage":"380000","name":""}},{"type":"Feature","geometry":{"type":"LineString","coordinates":[[14.1298109,42.4023804],[14.1297215,42.402447],[14.12913,42.4028881]]},"properties":{"voltage":"150000","name":""}},{"type":"Feature","geometry":{"type":"LineString","coordinates":[[14.1297917,42.4039462],[14.1296911,42.4038707],[14.1295071,42.4037328],[14.129317,42.4035903],[14.1291298,42.4034499],[14.1289437,42.4033104],[14.1287543,42.4031683],[14.1285676,42.4030284],[14.1283785,42.4028866],[14.128191,42.402746],[14.1280891,42.4026696]]},"properties":{"voltage":"380000","name":""}},{"type":"Feature","geometry":{"type":"LineString","coordinates":[[14.130141,42.4043419],[14.1302534,42.4042619],[14.1303926,42.4043685],[14.1308004,42.4040783]]},"properties":{"voltage":"380000","name":""}},{"type":"Feature","geometry":{"type":"LineString","coordinates":[[14.1285657,42.4033089],[14.1287543,42.4031683],[14.1288925,42.4030653],[14.12913,42.4028881]]},"properties":{"voltage":"380000","name":""}},{"type":"Feature","geometry":{"type":"LineString","coordinates":[[13.4971929,43.475605],[13.4953629,43.4733489],[13.4956165,43.4711692],[13.4959638,43.469107],[13.4985221,43.4687086],[13.5041762,43.4677749],[13.5068003,43.467339],[13.5096429,43.4643819],[13.512332,43.4615789],[13.5148045,43.4590051],[13.5177593,43.4559319],[13.5186348,43.4531336],[13.5196259,43.4499385],[13.5205061,43.4472141],[13.5215243,43.4441402],[13.5224244,43.4414441],[13.5249887,43.4394325],[13.5277762,43.4372676],[13.5305786,43.4355413],[13.5339529,43.4334245],[13.5376053,43.4315827],[13.5414072,43.4296887],[13.5453238,43.4292936],[13.5491207,43.4289179],[13.5522775,43.4285995],[13.5567408,43.4280836],[13.5604527,43.4276191],[13.5646775,43.4271327]]},"properties":{"voltage":"132000","name":"Osimo-Acquara-Treia"}},{"type":"Feature","geometry":{"type":"LineString","coordinates":[[14.2010702,42.440573],[14.2014781,42.4405096],[14.2035371,42.4384153],[14.2056619,42.4362061],[14.2075401,42.4342921],[14.208366,42.4299859],[14.2072144,42.4271187],[14.2051945,42.4254566],[14.2037638,42.424261],[14.2023605,42.4231172],[14.200898,42.4219169],[14.198885,42.4202826],[14.1966009,42.4188453],[14.193582,42.416934],[14.1922364,42.4158424],[14.1896665,42.4137574],[14.1884002,42.4127088],[14.1868495,42.4114453],[14.1841922,42.409289],[14.1818276,42.407337],[14.1799837,42.4060957],[14.1757232,42.4032008],[14.1743763,42.402293],[14.1725513,42.4010539],[14.1703275,42.3995361],[14.1684575,42.398257],[14.1665342,42.3969481],[14.1652732,42.3941076],[14.1629182,42.3915319],[14.1600243,42.3899204],[14.1583254,42.3906228],[14.1558734,42.3917765],[14.1520876,42.3935538],[14.1485013,42.395238],[14.1456486,42.3965599],[14.1423935,42.3980883],[14.1398024,42.3993256],[14.1352969,42.4008067],[14.1327025,42.4021245],[14.1317395,42.4030452],[14.1317244,42.4035414]]},"properties":{"voltage":"132000","name":"Montesilvano-Villanova-Pescara FS-San Donato PE"}},{"type":"Feature","geometry":{"type":"LineString","coordinates":[[14.193161,42.4521214],[14.1911898,42.4531508]]},"properties":{"voltage":"","name":""}},{"type":"Feature","geometry":{"type":"LineString","coordinates":[[14.1922895,42.4526639],[14.1925122,42.4525628],[14.193161,42.4521214],[14.1942994,42.4513467],[14.1961464,42.4502158],[14.1981905,42.4486046],[14.2003309,42.4469263],[14.2019187,42.4456833],[14.203603,42.4437082],[14.2044688,42.4426846],[14.2054498,42.4419796],[14.2066432,42.4410623],[14.2068499,42.4409401],[14.2074775,42.4412994],[14.2077561,42.4410908]]},"properties":{"voltage":"132000","name":"San Donato-Cementificio Adriatica"}},{"type":"Feature","geometry":{"type":"LineString","coordinates":[[14.7550655,44.3656105],[14.7548198,44.3653102],[14.7232238,44.357276],[14.7229293,44.3572675],[14.7226348,44.3573185],[14.7224094,44.3574383],[14.7222422,44.3576116],[14.7222418,44.3580909]]},"properties":{"voltage":"10000","name":""}},{"type":"Feature","geometry":{"type":"LineString","coordinates":[[13.538738,42.8508864],[13.5382086,42.8507359]]},"properties":{"voltage":"132000","name":"Civitella del Tronto-Rosara"}},{"type":"Feature","geometry":{"type":"LineString","coordinates":[[13.5381952,42.8508441],[13.538738,42.8508864]]},"properties":{"voltage":"132000","name":"Marino del Tronto-Rosara"}},{"type":"Feature","geometry":{"type":"LineString","coordinates":[[13.8067085,42.8771603],[13.8081226,42.8759534],[13.8097492,42.8745531],[13.812981,42.8717647]]},"properties":{"voltage":"","name":""}},{"type":"Feature","geometry":{"type":"LineString","coordinates":[[13.5646631,43.4273068],[13.5646349,43.4271923],[13.5646775,43.4271327]]},"properties":{"voltage":"132000","name":""}},{"type":"Feature","geometry":{"type":"LineString","coordinates":[[13.5010056,43.5714734],[13.5012128,43.5716032],[13.5013717,43.5717027],[13.5015672,43.5718252]]},"properties":{"voltage":"380000","name":""}},{"type":"Feature","geometry":{"type":"LineString","coordinates":[[13.5013886,43.5719751],[13.5019718,43.5723383]]},"properties":{"voltage":"380000","name":""}},{"type":"Feature","geometry":{"type":"LineString","coordinates":[[13.5010325,43.5722739],[13.5015929,43.5726642]]},"properties":{"voltage":"380000","name":""}},{"type":"Feature","geometry":{"type":"LineString","coordinates":[[13.5008535,43.5724241],[13.5014144,43.5728139]]},"properties":{"voltage":"380000","name":""}},{"type":"Feature","geometry":{"type":"LineString","coordinates":[[13.5008565,43.5719031],[13.5006494,43.5717734],[13.5004883,43.5716725],[13.500293,43.5715502]]},"properties":{"voltage":"380000","name":""}},{"type":"Feature","geometry":{"type":"LineString","coordinates":[[13.4998403,43.5724549],[13.4999366,43.5723738],[13.5001151,43.5722234],[13.5002938,43.5720729],[13.500471,43.5719237],[13.5006494,43.5717734],[13.5008263,43.5716244],[13.5010056,43.5714734],[13.5012743,43.5712471]]},"properties":{"voltage":"380000","name":""}},{"type":"Feature","geometry":{"type":"LineString","coordinates":[[13.5000558,43.5725772],[13.5001436,43.5725032],[13.5003224,43.5723527],[13.5005006,43.5722027],[13.5006784,43.572053],[13.5008565,43.5719031],[13.5010338,43.5717538],[13.5012128,43.5716032],[13.501483,43.5713757]]},"properties":{"voltage":"380000","name":""}},{"type":"Feature","geometry":{"type":"LineString","coordinates":[[13.5014144,43.5728139],[13.5016708,43.5729781],[13.5017452,43.5730257],[13.5016773,43.5730813],[13.5016095,43.573137]]},"properties":{"voltage":"220000","name":""}},{"type":"Feature","geometry":{"type":"LineString","coordinates":[[13.5408645,43.0994744],[13.5406248,43.0994333]]},"properties":{"voltage":"132000","name":""}},{"type":"Feature","geometry":{"type":"LineString","coordinates":[[13.5406805,43.0993122],[13.5408936,43.0993654]]},"properties":{"voltage":"132000","name":""}},{"type":"Feature","geometry":{"type":"LineString","coordinates":[[13.8555847,42.9491444],[13.8557366,42.9491795]]},"properties":{"voltage":"132000","name":""}},{"type":"Feature","geometry":{"type":"LineString","coordinates":[[13.855658,42.9493726],[13.8555007,42.949341]]},"properties":{"voltage":"132000","name":""}},{"type":"Feature","geometry":{"type":"LineString","coordinates":[[13.6600924,43.1606524],[13.6599953,43.1608115]]},"properties":{"voltage":"132000","name":""}},{"type":"Feature","geometry":{"type":"LineString","coordinates":[[13.6598578,43.1607576],[13.6599656,43.1605931]]},"properties":{"voltage":"132000","name":"Belmonte-Fermo zona industriale"}},{"type":"Feature","geometry":{"type":"LineString","coordinates":[[14.0422867,42.4945935],[14.0419986,42.4950304]]},"properties":{"voltage":"132000","name":""}},{"type":"Feature","geometry":{"type":"LineString","coordinates":[[13.4627135,42.8478175],[13.463567,42.8383636],[13.4643771,42.830153],[13.4646539,42.8272674],[13.4647239,42.8269293],[13.4647312,42.8268992],[13.4658353,42.8223731],[13.4667703,42.8185118],[13.467647,42.8149387],[13.4689046,42.8097786],[13.4699731,42.8053939],[13.4720321,42.7970236],[13.473568,42.7907268],[13.4746169,42.7863699],[13.4766391,42.7842148],[13.4841169,42.7761956],[13.4884861,42.7701161],[13.4915794,42.7647232],[13.4940903,42.7604151],[13.4970819,42.7524995],[13.4991541,42.747119],[13.502408,42.7385095],[13.5031879,42.7365313],[13.5026902,42.7345449],[13.4995405,42.7292112],[13.4991424,42.7265108],[13.4993457,42.7231943],[13.4999333,42.7141291],[13.502471,42.7087215],[13.505107,42.703121],[13.5083897,42.6962505],[13.5111402,42.6904984],[13.5127611,42.687586],[13.5210285,42.6819048],[13.52461,42.6787679],[13.5291022,42.6748935],[13.5380559,42.6709738],[13.542319,42.6691046],[13.5486262,42.6663705],[13.5525123,42.6646728],[13.5582778,42.6621421],[13.5645608,42.6594226],[13.5686888,42.6575793],[13.5758982,42.6538046],[13.5806563,42.6513798],[13.5846697,42.6491487],[13.5891635,42.6469199],[13.5948757,42.6440102],[13.5966637,42.6429569],[13.6026844,42.6394941],[13.6062604,42.6374687],[13.612895,42.6336563],[13.6157888,42.6315421],[13.6238608,42.6255811],[13.6323726,42.6193327],[13.6353746,42.6176768],[13.6438966,42.614096],[13.6492545,42.6089257],[13.6535645,42.60583],[13.6568197,42.6038806],[13.6639339,42.6018886],[13.6695583,42.6002889],[13.6765221,42.598327],[13.6802603,42.5986591],[13.6891992,42.5994086],[13.6952746,42.6001783],[13.6994707,42.6007417],[13.7036929,42.6008802]]},"properties":{"voltage":"380000","name":"Rosara-Teramo"}},{"type":"Feature","geometry":{"type":"LineString","coordinates":[[14.7187717,44.3490077],[14.7174459,44.3514029],[14.7081243,44.3568515],[14.7041725,44.3591613],[14.6977224,44.3691053]]},"properties":{"voltage":"10000","name":""}},{"type":"Feature","geometry":{"type":"LineString","coordinates":[[14.7187717,44.3490077],[14.7187849,44.3489857],[14.7179142,44.3482706],[14.7487832,44.2912919],[14.7506376,44.2900455],[14.7523323,44.2897712],[14.7523487,44.2897585]]},"properties":{"voltage":"10000","name":""}},{"type":"Feature","geometry":{"type":"LineString","coordinates":[[14.7523487,44.2897585],[14.7646229,44.2777673],[14.7666118,44.2746648]]},"properties":{"voltage":"","name":""}},{"type":"Feature","geometry":{"type":"LineString","coordinates":[[14.7011392,44.3698513],[14.7004762,44.3697388],[14.7002161,44.3699199],[14.7000607,44.3700985],[14.6999658,44.3701742],[14.6995946,44.3704079],[14.6989637,44.3707397],[14.6988013,44.3706838],[14.6986499,44.3706648]]},"properties":{"voltage":"10000","name":""}},{"type":"Feature","geometry":{"type":"LineString","coordinates":[[14.1316111,42.5059325],[14.1322234,42.5052503],[14.1328637,42.5045231],[14.1337874,42.503568],[14.1355902,42.5028774],[14.1376542,42.5022595],[14.1381302,42.501923],[14.1398767,42.5015881],[14.1416017,42.5012099],[14.1431326,42.5008777],[14.1430913,42.4990734],[14.1403726,42.4991419],[14.139816,42.4990786],[14.1388031,42.499022]]},"properties":{"voltage":"","name":""}},{"type":"Feature","geometry":{"type":"LineString","coordinates":[[14.1431326,42.5008777],[14.1432318,42.5009553],[14.1434638,42.5014378],[14.1439091,42.501557],[14.1446567,42.5023045]]},"properties":{"voltage":"","name":""}},{"type":"Feature","geometry":{"type":"LineString","coordinates":[[14.145281,42.5028339],[14.145107,42.5027808],[14.1446038,42.5024216],[14.1446567,42.5023045]]},"properties":{"voltage":"","name":""}},{"type":"Feature","geometry":{"type":"LineString","coordinates":[[14.1232058,42.4920653],[14.1235122,42.4924248]]},"properties":{"voltage":"","name":""}},{"type":"Feature","geometry":{"type":"LineString","coordinates":[[13.7036929,42.6008802],[13.7041928,42.6010825],[13.7029542,42.5993721],[13.703629,42.5988314]]},"properties":{"voltage":"380000","name":"Teramo-Villanova"}},{"type":"Feature","geometry":{"type":"LineString","coordinates":[[13.7036929,42.6008802],[13.7034972,42.601119],[13.7025698,42.599303],[13.703424,42.5986553]]},"properties":{"voltage":"380000","name":"Rosara-Teramo"}},{"type":"Feature","geometry":{"type":"LineString","coordinates":[[14.1248318,42.3958013],[14.1243625,42.397181],[14.1216754,42.3967115],[14.123826,42.3910403],[14.1266154,42.3913891],[14.1647671,42.4184194],[14.1763876,42.412039],[14.2011593,42.4361587],[14.2100858,42.4343533],[14.2236041,42.4336565],[14.2405127,42.4362537],[14.2470449,42.440966],[14.2633431,42.4527218]]},"properties":{"voltage":"500000","name":"MON.ITA"}},{"type":"Feature","geometry":{"type":"LineString","coordinates":[[13.8826003,44.852951],[13.882277,44.8518423]]},"properties":{"voltage":"110000","name":"DV \u0160ijana - Dolinka"}},{"type":"Feature","geometry":{"type":"LineString","coordinates":[[13.882277,44.8518423],[13.8785306,44.8501937],[13.8763091,44.8492081],[13.873407,44.8479302],[13.8704702,44.8466438],[13.8681994,44.8466215],[13.86584,44.8480816],[13.8638127,44.8493638],[13.8624652,44.8502125]]},"properties":{"voltage":"110000","name":"DV \u0160ijana - Dolinka - Ra\u0161a"}},{"type":"Feature","geometry":{"type":"LineString","coordinates":[[13.948115,44.8321612],[13.9483562,44.8313498],[13.9483603,44.8310329]]},"properties":{"voltage":"110000","name":"DV Ra\u0161a - Medulin"}},{"type":"Feature","geometry":{"type":"LineString","coordinates":[[13.8836632,44.8522436],[13.882277,44.8518423]]},"properties":{"voltage":"110000","name":"DV Medulin - Dolinka"}},{"type":"Feature","geometry":{"type":"LineString","coordinates":[[13.8836632,44.8522436],[13.8826003,44.852951]]},"properties":{"voltage":"110000","name":"DV Ra\u0161a - Medulin"}},{"type":"Feature","geometry":{"type":"LineString","coordinates":[[13.948115,44.8321612],[13.9481271,44.8313416],[13.9481302,44.8310359]]},"properties":{"voltage":"110000","name":"DV Medulin - Dolinka"}},{"type":"Feature","geometry":{"type":"LineString","coordinates":[[13.948115,44.8321612],[13.9449268,44.8345083],[13.9422842,44.8363817],[13.9390802,44.8385851],[13.935354,44.8395612],[13.932072,44.8411761],[13.9255344,44.8443436],[13.921819,44.8461269],[13.9181005,44.8479508],[13.9143373,44.8497899],[13.9110119,44.851415],[13.9073277,44.8532103],[13.9049016,44.8543648],[13.9013641,44.8534049],[13.8987102,44.8526596],[13.8953661,44.8516711],[13.8910554,44.8518284],[13.8867284,44.8519134],[13.8836632,44.8522436]]},"properties":{"voltage":"110000","name":"DV Ra\u0161a - Medulin - Dolinka"}},{"type":"Feature","geometry":{"type":"LineString","coordinates":[[14.8973268,44.1972648],[14.8958462,44.1980783]]},"properties":{"voltage":"","name":""}},{"type":"Feature","geometry":{"type":"LineString","coordinates":[[14.8766214,44.2133993],[14.8771285,44.212831],[14.8795813,44.2100821],[14.8809895,44.2085306],[14.8939043,44.1993051],[14.895519,44.1985167],[14.8958462,44.1980783]]},"properties":{"voltage":"","name":""}},{"type":"Feature","geometry":{"type":"LineString","coordinates":[[14.4165012,44.9576337],[14.4176301,44.9581304],[14.4218092,44.9599253],[14.4243615,44.9610441],[14.4310338,44.9641848],[14.4326265,44.9649384],[14.437244,44.9670946],[14.4406394,44.9686862],[14.4420228,44.9706954],[14.4432535,44.972455],[14.4444856,44.9742239],[14.4459659,44.9763682],[14.4473953,44.9784046],[14.4479858,44.9792755]]},"properties":{"voltage":"35000","name":""}},{"type":"Feature","geometry":{"type":"LineString","coordinates":[[14.4125989,44.811338],[14.4108089,44.8102065],[14.4174898,44.7826841],[14.4128164,44.7653783],[14.4121176,44.7627903],[14.408388,44.7489753]]},"properties":{"voltage":"35000","name":""}},{"type":"Feature","geometry":{"type":"LineString","coordinates":[[14.4131785,44.8117703],[14.4144516,44.8127208],[14.4163085,44.8141051],[14.4175232,44.81502],[14.4188908,44.8160395],[14.4202028,44.8170096],[14.4200611,44.8204168],[14.4196131,44.8326714],[14.4188469,44.8544446],[14.4179755,44.8803074],[14.4325558,44.9218451],[14.4219522,44.9551837],[14.4177398,44.9576171],[14.4165118,44.9576142]]},"properties":{"voltage":"35000","name":""}},{"type":"Feature","geometry":{"type":"LineString","coordinates":[[14.443466,44.9762189],[14.4436057,44.9777799],[14.4811407,45.0343122],[14.4826284,45.0343573]]},"properties":{"voltage":"110000","name":"DV Krk - Lo\u0161inj"}},{"type":"Feature","geometry":{"type":"LineString","coordinates":[[13.5298462,43.3085162],[13.5299909,43.308857],[13.5301272,43.3091916]]},"properties":{"voltage":"","name":""}},{"type":"Feature","geometry":{"type":"LineString","coordinates":[[13.5301272,43.3091916],[13.5294885,43.3090522],[13.5287519,43.3088973],[13.5280409,43.3087672],[13.527266,43.3086122],[13.5264911,43.3084573]]},"properties":{"voltage":"","name":""}},{"type":"Feature","geometry":{"type":"LineString","coordinates":[[13.8624652,44.8502125],[13.8618259,44.8500483]]},"properties":{"voltage":"110000","name":"DV \u0160ijana - Dolinka - Ra\u0161a"}},{"type":"Feature","geometry":{"type":"LineString","coordinates":[[13.8624652,44.8502125],[13.8618257,44.8501514]]},"properties":{"voltage":"110000","name":"DV \u0160ijana - Dolinka - Ra\u0161a"}},{"type":"Feature","geometry":{"type":"LineString","coordinates":[[13.8631948,44.8860272],[13.8633286,44.8855173]]},"properties":{"voltage":"110000","name":"DV Plomin - \u0160ijana"}},{"type":"Feature","geometry":{"type":"LineString","coordinates":[[13.8634673,44.8854833],[13.8631948,44.8860272]]},"properties":{"voltage":"110000","name":"DV Plomin - \u0160ijana"}},{"type":"Feature","geometry":{"type":"LineString","coordinates":[[13.8635726,44.8854591],[13.8639333,44.8859747]]},"properties":{"voltage":"110000","name":"DV \u0160ijana - Dolinka"}},{"type":"Feature","geometry":{"type":"LineString","coordinates":[[14.0700067,45.0715293],[14.0722912,45.0650261],[14.0719868,45.0638556],[14.0683422,45.0604938],[14.0668363,45.0566701],[14.0662131,45.0550876],[14.0663915,45.0542927],[14.0670681,45.054093],[14.0679542,45.0518891],[14.0694726,45.0471108],[14.075105,45.0317701],[14.0756697,45.0302319],[14.0780871,45.0236463],[14.0994478,44.9995466]]},"properties":{"voltage":"","name":""}},{"type":"Feature","geometry":{"type":"LineString","coordinates":[[14.6705451,44.4098405],[14.5582343,44.4722472],[14.5390593,44.4733124],[14.5347393,44.4782641]]},"properties":{"voltage":"35000","name":""}},{"type":"Feature","geometry":{"type":"LineString","coordinates":[[14.7222538,44.3580879],[14.7223378,44.3576015],[14.7224266,44.3575164],[14.722561,44.3575174],[14.7542529,44.3654921],[14.7550543,44.3656257]]},"properties":{"voltage":"10000","name":""}},{"type":"Feature","geometry":{"type":"LineString","coordinates":[[14.3974898,44.6954617],[14.3974966,44.6954947]]},"properties":{"voltage":"110000","name":"DV Krk - Lo\u0161inj"}},{"type":"Feature","geometry":{"type":"LineString","coordinates":[[14.3974966,44.6954947],[14.3950204,44.6933852],[14.3948573,44.6932133],[14.3915719,44.6920499],[14.3897599,44.6895574]]},"properties":{"voltage":"110000","name":"DV Krk - Lo\u0161inj"}},{"type":"Feature","geometry":{"type":"LineString","coordinates":[[14.389737,44.6895853],[14.3897599,44.6895574]]},"properties":{"voltage":"110000","name":"DV Krk - Lo\u0161inj"}},{"type":"Feature","geometry":{"type":"LineString","coordinates":[[14.6705451,44.4098405],[14.6703076,44.4087197],[14.6701967,44.4078146],[14.6699912,44.4053873],[14.6701757,44.403736],[14.6711956,44.4024692],[14.6722565,44.4011588],[14.672461,44.4008316],[14.6732033,44.4001245],[14.6733611,44.3998685],[14.6737493,44.3991766],[14.6748371,44.3981008],[14.67543,44.3973693],[14.6755025,44.3971071],[14.6757755,44.3966042],[14.6761381,44.3963025],[14.6764836,44.3957203],[14.6771576,44.3950711],[14.6781772,44.3945103],[14.6790431,44.3935958],[14.6792223,44.3930838],[14.6796019,44.3922882],[14.679973,44.3915383],[14.6803345,44.3912547],[14.680726,44.3911205],[14.6808649,44.3910574],[14.6809738,44.3909446],[14.6810259,44.3905588],[14.6810559,44.3903113],[14.681308,44.3899707],[14.681984,44.3894876],[14.6824767,44.3893451],[14.683414,44.3887228],[14.6843216,44.3881709],[14.6852864,44.387791],[14.6856347,44.3876387],[14.6857882,44.3874814],[14.6859509,44.3871097],[14.6862718,44.3866888],[14.6867118,44.3858666],[14.6873512,44.3851215],[14.6874887,44.3849855],[14.6875574,44.3846924],[14.6878851,44.3841929],[14.6885887,44.3834493],[14.688976,44.3827909],[14.6898147,44.3818098],[14.6904028,44.381274],[14.6912638,44.3806509],[14.6915629,44.3804999],[14.6920643,44.3800053],[14.6924465,44.3797362],[14.6929022,44.3794952],[14.6931043,44.3794556],[14.6932937,44.3793208],[14.6932928,44.3792854],[14.6932787,44.3789932],[14.6933313,44.3783408],[14.6933879,44.3777868],[14.6934325,44.3776176],[14.6939911,44.3768465],[14.6944525,44.3761203],[14.6947561,44.3756762],[14.6949382,44.3753464],[14.6951062,44.3749385],[14.6954604,44.3744278],[14.6958267,44.374056],[14.6960757,44.3737175],[14.6964359,44.3735367],[14.69695,44.3733052],[14.6970127,44.3732517],[14.6971079,44.3731258],[14.6972111,44.3726021],[14.6973224,44.3720176],[14.6973763,44.371629],[14.6974155,44.3714576],[14.6974863,44.3710165],[14.6975389,44.3704161],[14.6975288,44.3702251],[14.6974811,44.3698498],[14.6974803,44.3698432],[14.6974579,44.3695754],[14.6976867,44.3693629]]},"properties":{"voltage":"35000","name":""}},{"type":"Feature","geometry":{"type":"LineString","coordinates":[[14.6937723,44.3698803],[14.6073087,44.3421271],[14.6063518,44.3418991]]},"properties":{"voltage":"20000","name":""}},{"type":"Feature","geometry":{"type":"LineString","coordinates":[[14.6937723,44.3698803],[14.6941967,44.3700303],[14.6941899,44.3700672],[14.6941438,44.3702271],[14.6941888,44.3702745],[14.6945696,44.3705544],[14.6949791,44.3708156],[14.6953381,44.371113],[14.6953772,44.371211],[14.6954327,44.3712623],[14.6958145,44.3714314],[14.6962289,44.3717429],[14.6965063,44.3719236],[14.6965326,44.3720253],[14.6966338,44.3721562],[14.6966187,44.372189],[14.6964346,44.3724466],[14.6963187,44.3726908],[14.6961516,44.3731141],[14.6960507,44.3733623]]},"properties":{"voltage":"20000","name":""}},{"type":"Feature","geometry":{"type":"LineString","coordinates":[[14.6986499,44.3706648],[14.6975785,44.3705526],[14.6975542,44.3701991],[14.6975024,44.369844],[14.6974889,44.3695845],[14.697688,44.3694352]]},"properties":{"voltage":"10000","name":""}},{"type":"Feature","geometry":{"type":"LineString","coordinates":[[14.1355714,42.5274576],[14.1346675,42.5280956],[14.1342987,42.5283832],[14.1338655,42.5287172],[14.1334685,42.5290299],[14.1322423,42.5299956],[14.1314779,42.5309122],[14.1306468,42.5317635],[14.1303014,42.5321688],[14.129908,42.5326716]]},"properties":{"voltage":"","name":""}},{"type":"Feature","geometry":{"type":"LineString","coordinates":[[13.8359243,42.9719418],[13.8341808,42.973761],[13.8323932,42.9755261],[13.8308737,42.9761729],[13.8295728,42.9769814]]},"properties":{"voltage":"","name":""}},{"type":"Feature","geometry":{"type":"LineString","coordinates":[[14.1291931,42.4016604],[14.1285031,42.4025186]]},"properties":{"voltage":"380000","name":""}},{"type":"Feature","geometry":{"type":"LineString","coordinates":[[13.5001151,43.5722234],[13.4997593,43.5720012],[13.5004775,43.5724496],[13.5006757,43.5725733],[13.5003224,43.5723527]]},"properties":{"voltage":"380000","name":""}},{"type":"Feature","geometry":{"type":"LineString","coordinates":[[13.5002938,43.5720729],[13.5005006,43.5722027],[13.500655,43.5722996],[13.5008535,43.5724241]]},"properties":{"voltage":"380000","name":""}},{"type":"Feature","geometry":{"type":"LineString","coordinates":[[13.500471,43.5719237],[13.5006784,43.572053],[13.5008286,43.5721467],[13.5010325,43.5722739]]},"properties":{"voltage":"380000","name":""}},{"type":"Feature","geometry":{"type":"LineString","coordinates":[[13.5008263,43.5716244],[13.5010338,43.5717538],[13.5011786,43.5718441],[13.5013886,43.5719751]]},"properties":{"voltage":"380000","name":""}},{"type":"Feature","geometry":{"type":"LineString","coordinates":[[13.5015672,43.5718252],[13.5021517,43.5721887]]},"properties":{"voltage":"380000","name":""}},{"type":"Feature","geometry":{"type":"LineString","coordinates":[[13.5021673,43.5735177],[13.5025571,43.5728436],[13.5031904,43.5720554]]},"properties":{"voltage":"132000","name":"Candia-Falconara"}},{"type":"Feature","geometry":{"type":"LineString","coordinates":[[13.5019003,43.5730304],[13.5019725,43.5730754],[13.5020743,43.5731389],[13.502176,43.5732022],[13.5022795,43.5732668],[13.5023852,43.5733326],[13.5024907,43.5733984],[13.5026938,43.5735249],[13.5027804,43.5735789]]},"properties":{"voltage":"132000","name":""}},{"type":"Feature","geometry":{"type":"LineString","coordinates":[[13.5028645,43.573507],[13.5027771,43.5734525],[13.5026837,43.5733944],[13.5024694,43.5732611],[13.5023642,43.5731956],[13.5022605,43.5731311],[13.5021592,43.5730681],[13.5020568,43.5730044],[13.5019871,43.572961]]},"properties":{"voltage":"132000","name":""}},{"type":"Feature","geometry":{"type":"LineString","coordinates":[[13.5023842,43.5724418],[13.5024105,43.5724581],[13.5025798,43.5725635],[13.5029416,43.5727888],[13.5031297,43.5729059],[13.5032315,43.5729693],[13.503398,43.573073],[13.50349,43.5731303],[13.5035813,43.5731871],[13.503674,43.5732448],[13.5037719,43.5733057],[13.5038565,43.5733584],[13.5039514,43.5734175],[13.5040387,43.5734718]]},"properties":{"voltage":"132000","name":""}},{"type":"Feature","geometry":{"type":"LineString","coordinates":[[13.5041104,43.5734104],[13.5040246,43.5733566],[13.5039277,43.5732959],[13.5038441,43.5732435],[13.5037468,43.5731825],[13.5036556,43.5731254],[13.5035662,43.5730693],[13.5034736,43.5730113],[13.5034091,43.5729708],[13.5032039,43.5728422],[13.503016,43.5727245],[13.5026563,43.572499],[13.5024882,43.5723937],[13.5024635,43.5723782]]},"properties":{"voltage":"132000","name":""}},{"type":"Feature","geometry":{"type":"LineString","coordinates":[[13.5024694,43.5732611],[13.5023852,43.5733326],[13.5021673,43.5735177]]},"properties":{"voltage":"132000","name":""}},{"type":"Feature","geometry":{"type":"LineString","coordinates":[[13.5019648,43.5733799],[13.502176,43.5732022],[13.5022605,43.5731311]]},"properties":{"voltage":"132000","name":""}},{"type":"Feature","geometry":{"type":"LineString","coordinates":[[13.5018567,43.5733201],[13.5020743,43.5731389],[13.5021592,43.5730681]]},"properties":{"voltage":"132000","name":""}},{"type":"Feature","geometry":{"type":"LineString","coordinates":[[13.5019725,43.5730754],[13.5020568,43.5730044],[13.5025798,43.5725635],[13.5026563,43.572499]]},"properties":{"voltage":"132000","name":""}},{"type":"Feature","geometry":{"type":"LineString","coordinates":[[13.5019718,43.5723383],[13.5020602,43.5723933]]},"properties":{"voltage":"132000","name":""}},{"type":"Feature","geometry":{"type":"LineString","coordinates":[[13.5021517,43.5721887],[13.5022406,43.5722438]]},"properties":{"voltage":"132000","name":""}},{"type":"Feature","geometry":{"type":"LineString","coordinates":[[13.5024105,43.5724581],[13.5024882,43.5723937],[13.5026502,43.572231]]},"properties":{"voltage":"132000","name":""}},{"type":"Feature","geometry":{"type":"LineString","coordinates":[[13.5036588,43.57286],[13.5034736,43.5730113],[13.503398,43.573073]]},"properties":{"voltage":"132000","name":""}},{"type":"Feature","geometry":{"type":"LineString","coordinates":[[13.503752,43.5729207],[13.5035662,43.5730693],[13.50349,43.5731303]]},"properties":{"voltage":"132000","name":""}},{"type":"Feature","geometry":{"type":"LineString","coordinates":[[13.5035813,43.5731871],[13.5036556,43.5731254],[13.5038345,43.5729771]]},"properties":{"voltage":"132000","name":""}},{"type":"Feature","geometry":{"type":"LineString","coordinates":[[13.5033817,43.5726897],[13.5032039,43.5728422],[13.5031297,43.5729059]]},"properties":{"voltage":"132000","name":""}},{"type":"Feature","geometry":{"type":"LineString","coordinates":[[13.5040237,43.5730886],[13.5038441,43.5732435],[13.5037719,43.5733057]]},"properties":{"voltage":"132000","name":""}},{"type":"Feature","geometry":{"type":"LineString","coordinates":[[13.5042093,43.5732031],[13.5040246,43.5733566],[13.5039514,43.5734175]]},"properties":{"voltage":"132000","name":""}},{"type":"Feature","geometry":{"type":"LineString","coordinates":[[13.5034903,43.5734022],[13.503674,43.5732448],[13.5037468,43.5731825]]},"properties":{"voltage":"132000","name":""}},{"type":"Feature","geometry":{"type":"LineString","coordinates":[[13.5036753,43.5735176],[13.5038565,43.5733584],[13.5039277,43.5732959]]},"properties":{"voltage":"132000","name":""}},{"type":"Feature","geometry":{"type":"LineString","coordinates":[[13.5024907,43.5733984],[13.5027306,43.5731937],[13.5028401,43.5732611],[13.5026837,43.5733944]]},"properties":{"voltage":"132000","name":""}},{"type":"Feature","geometry":{"type":"LineString","coordinates":[[13.5025446,43.5730439],[13.5023642,43.5731956],[13.5022795,43.5732668]]},"properties":{"voltage":"132000","name":""}},{"type":"Feature","geometry":{"type":"LineString","coordinates":[[13.5015929,43.5726642],[13.5018386,43.5728313],[13.5019871,43.572961]]},"properties":{"voltage":"132000","name":""}},{"type":"Feature","geometry":{"type":"LineString","coordinates":[[13.5029269,43.5733224],[13.5027771,43.5734525],[13.5026938,43.5735249]]},"properties":{"voltage":"132000","name":""}},{"type":"Feature","geometry":{"type":"LineString","coordinates":[[13.5034091,43.5729708],[13.5032056,43.5731499],[13.5030988,43.5730862],[13.5032315,43.5729693]]},"properties":{"voltage":"132000","name":""}},{"type":"Feature","geometry":{"type":"LineString","coordinates":[[13.5027524,43.5729521],[13.5029416,43.5727888],[13.503016,43.5727245]]},"properties":{"voltage":"132000","name":""}},{"type":"Feature","geometry":{"type":"LineString","coordinates":[[14.0785933,42.52288],[14.0793228,42.5224708],[14.080389,42.52194],[14.0808067,42.5214779]]},"properties":{"voltage":"","name":""}},{"type":"Feature","geometry":{"type":"LineString","coordinates":[[13.9340128,42.5091772],[13.9323897,42.50794],[13.9310315,42.5068322],[13.9298406,42.5059938],[13.9282179,42.5048074],[13.926909,42.5037673]]},"properties":{"voltage":"","name":""}},{"type":"Feature","geometry":{"type":"LineString","coordinates":[[13.9231271,42.5189816],[13.9234006,42.5173071]]},"properties":{"voltage":"","name":""}},{"type":"Feature","geometry":{"type":"LineString","coordinates":[[13.7036929,42.6008802],[13.7143572,42.6012478],[13.7197363,42.5989616],[13.7270137,42.5955299],[13.7287823,42.5932481],[13.7308584,42.5906482],[13.7333555,42.5873939],[13.7361424,42.5846963],[13.7389801,42.5819591],[13.7426548,42.5798024],[13.7477008,42.5768225],[13.7532587,42.5722513],[13.7548732,42.5709375],[13.7617655,42.5688137],[13.7694743,42.5674273],[13.772543,42.5668986],[13.7771952,42.5663376],[13.7852122,42.5653901],[13.7882293,42.5638572],[13.7942701,42.5608264],[13.7996457,42.5580768],[13.8107247,42.5524537],[13.8191566,42.548676],[13.8234508,42.5467138],[13.8327983,42.5425303],[13.8363951,42.5408782],[13.8390961,42.5394533],[13.8439858,42.5372478],[13.8538241,42.5329609],[13.8572641,42.5311978],[13.8586508,42.5299951],[13.8620451,42.5271478],[13.8695177,42.5202923],[13.8733721,42.5167852],[13.8748553,42.5154448],[13.8781518,42.5131217],[13.8865015,42.5072731],[13.8938615,42.5037158],[13.8987941,42.5013923],[13.9023077,42.4995691],[13.9116633,42.4956831],[13.9202946,42.4925702],[13.9265979,42.490282],[13.9352882,42.4871271],[13.9385712,42.4856496],[13.9462021,42.4821919],[13.9510482,42.4785215],[13.957226,42.4757935],[13.9624818,42.473466],[13.9654604,42.4721582],[13.9733997,42.4696199],[13.977372,42.4683437],[13.9870736,42.4652215],[13.9926486,42.4619993],[13.9982437,42.4587382],[14.0011181,42.4570333],[14.0050149,42.4548091],[14.0080646,42.4529944],[14.0104048,42.4514953],[14.0184715,42.4462673],[14.021654,42.4442732],[14.0269473,42.4410528],[14.0288369,42.4397425],[14.0323788,42.4366357],[14.0365309,42.4343117],[14.0457912,42.4330986],[14.0513125,42.4327953],[14.0578678,42.4324528],[14.0608518,42.4322528],[14.0653646,42.4319519],[14.0687375,42.4306542],[14.0709342,42.4293045],[14.0756656,42.426467],[14.0816322,42.4244435],[14.0858057,42.4230269],[14.0901509,42.420242],[14.0942225,42.4180768],[14.0985918,42.4147798],[14.1041735,42.4110568],[14.107199,42.4098805],[14.1177683,42.408113],[14.1235323,42.4071634],[14.1279513,42.4051532],[14.1291839,42.4042401]]},"properties":{"voltage":"380000","name":"Teramo-Villanova"}},{"type":"Feature","geometry":{"type":"LineString","coordinates":[[14.0017413,42.4894482],[14.0031682,42.4889438],[14.004685,42.4887173],[14.0062273,42.4885294]]},"properties":{"voltage":"","name":""}},{"type":"Feature","geometry":{"type":"LineString","coordinates":[[14.1291839,42.4042401],[14.1293605,42.4041115],[14.1294997,42.4040101],[14.1296911,42.4038707]]},"properties":{"voltage":"380000","name":""}},{"type":"Feature","geometry":{"type":"LineString","coordinates":[[13.8908353,42.5329574],[13.8909788,42.5328476]]},"properties":{"voltage":"","name":""}},{"type":"Feature","geometry":{"type":"LineString","coordinates":[[13.9279135,42.5475783],[13.9275876,42.5467236],[13.9269519,42.5458216]]},"properties":{"voltage":"","name":""}},{"type":"Feature","geometry":{"type":"LineString","coordinates":[[14.0372926,42.4578705],[14.0378981,42.4576815]]},"properties":{"voltage":"","name":""}},{"type":"Feature","geometry":{"type":"LineString","coordinates":[[14.1275276,42.4031965],[14.127554,42.403216],[14.127651,42.4031445],[14.1278443,42.4032876],[14.1279345,42.4032212],[14.128118,42.403357]]},"properties":{"voltage":"380000","name":""}},{"type":"Feature","geometry":{"type":"LineString","coordinates":[[14.1276597,42.4030992],[14.1278509,42.4032418],[14.1280167,42.4031207],[14.1282268,42.4032775]]},"properties":{"voltage":"380000","name":""}},{"type":"Feature","geometry":{"type":"LineString","coordinates":[[14.127018,42.4025351],[14.1268662,42.402646],[14.1274377,42.4030723]]},"properties":{"voltage":"380000","name":""}},{"type":"Feature","geometry":{"type":"LineString","coordinates":[[14.1273168,42.4027614],[14.1274247,42.402843]]},"properties":{"voltage":"380000","name":""}},{"type":"Feature","geometry":{"type":"LineString","coordinates":[[14.1272309,42.4026963],[14.1271123,42.4027842],[14.1274708,42.403048]]},"properties":{"voltage":"380000","name":""}},{"type":"Feature","geometry":{"type":"LineString","coordinates":[[14.1273168,42.4027614],[14.1272335,42.4028249],[14.1275075,42.4030209]]},"properties":{"voltage":"380000","name":""}},{"type":"Feature","geometry":{"type":"LineString","coordinates":[[14.1275325,42.4029247],[14.1274819,42.4029614],[14.1275346,42.403001]]},"properties":{"voltage":"380000","name":""}},{"type":"Feature","geometry":{"type":"LineString","coordinates":[[14.127018,42.4025351],[14.1271245,42.4026157]]},"properties":{"voltage":"380000","name":""}},{"type":"Feature","geometry":{"type":"LineString","coordinates":[[14.1274247,42.402843],[14.1275325,42.4029247]]},"properties":{"voltage":"380000","name":""}},{"type":"Feature","geometry":{"type":"LineString","coordinates":[[14.1271245,42.4026157],[14.1272309,42.4026963]]},"properties":{"voltage":"380000","name":""}},{"type":"Feature","geometry":{"type":"LineString","coordinates":[[14.1301173,42.4032793],[14.1298828,42.4034535]]},"properties":{"voltage":"220000","name":""}},{"type":"Feature","geometry":{"type":"LineString","coordinates":[[14.1288076,42.4039581],[14.1289861,42.4038292],[14.1291251,42.4037289],[14.129317,42.4035903]]},"properties":{"voltage":"380000","name":""}},{"type":"Feature","geometry":{"type":"LineString","coordinates":[[14.1284366,42.4036801],[14.1286155,42.4035497],[14.1287529,42.4034495],[14.1289437,42.4033104],[14.1292585,42.4030808]]},"properties":{"voltage":"380000","name":""}},{"type":"Feature","geometry":{"type":"LineString","coordinates":[[14.1288806,42.4027996],[14.1287067,42.4029267],[14.1285676,42.4030284],[14.1283773,42.4031675],[14.1282268,42.4032775],[14.128118,42.403357],[14.128061,42.4033987]]},"properties":{"voltage":"380000","name":""}},{"type":"Feature","geometry":{"type":"LineString","coordinates":[[14.1285031,42.4025186],[14.1283293,42.4026452],[14.128191,42.402746],[14.1280007,42.4028847]]},"properties":{"voltage":"380000","name":""}},{"type":"Feature","geometry":{"type":"LineString","coordinates":[[14.1281906,42.4030273],[14.1283785,42.4028866],[14.1285154,42.402784],[14.1287515,42.4026073]]},"properties":{"voltage":"380000","name":""}},{"type":"Feature","geometry":{"type":"LineString","coordinates":[[14.1287515,42.4026073],[14.1294334,42.4020967]]},"properties":{"voltage":"150000","name":""}},{"type":"Feature","geometry":{"type":"LineString","coordinates":[[14.1292989,42.4021295],[14.129433,42.4022303],[14.1295282,42.4023018],[14.1297215,42.402447],[14.1299225,42.4025982],[14.1300926,42.402726],[14.1302827,42.4028689],[14.1303395,42.4029116]]},"properties":{"voltage":"150000","name":""}},{"type":"Feature","geometry":{"type":"LineString","coordinates":[[14.1293888,42.4020632],[14.1294334,42.4020967],[14.1295257,42.4021661],[14.1297189,42.4023113],[14.1298109,42.4023804],[14.1300139,42.402533],[14.1301843,42.402661],[14.1303745,42.402804],[14.1304293,42.4028452]]},"properties":{"voltage":"150000","name":""}},{"type":"Feature","geometry":{"type":"LineString","coordinates":[[14.1297189,42.4023113],[14.1298938,42.402188],[14.1297966,42.4021127],[14.1295282,42.4023018]]},"properties":{"voltage":"150000","name":""}},{"type":"Feature","geometry":{"type":"LineString","coordinates":[[14.1305825,42.4025338],[14.1299187,42.4020417],[14.1297926,42.4020347],[14.1297574,42.4020056]]},"properties":{"voltage":"150000","name":""}},{"type":"Feature","geometry":{"type":"LineString","coordinates":[[14.1295409,42.4028706],[14.1299225,42.4025982],[14.1300139,42.402533]]},"properties":{"voltage":"150000","name":""}},{"type":"Feature","geometry":{"type":"LineString","coordinates":[[14.1305825,42.4025338],[14.1304471,42.4025249],[14.1304137,42.4024985]]},"properties":{"voltage":"150000","name":""}},{"type":"Feature","geometry":{"type":"LineString","coordinates":[[14.1306048,42.4026413],[14.1303745,42.402804],[14.1302827,42.4028689]]},"properties":{"voltage":"150000","name":""}},{"type":"Feature","geometry":{"type":"LineString","coordinates":[[14.1295993,42.4040849],[14.1296849,42.4041539],[14.1297478,42.4042046]]},"properties":{"voltage":"380000","name":""}},{"type":"Feature","geometry":{"type":"LineString","coordinates":[[14.1297917,42.4039462],[14.1298903,42.4040205],[14.1300035,42.4041059],[14.1299135,42.404171]]},"properties":{"voltage":"380000","name":""}},{"type":"Feature","geometry":{"type":"LineString","coordinates":[[14.1304196,42.4047062],[14.130823,42.4044214]]},"properties":{"voltage":"220000","name":""}},{"type":"Feature","geometry":{"type":"LineString","coordinates":[[14.1320521,42.4042363],[14.131989,42.4041892],[14.1318877,42.4041136],[14.1317948,42.4040442],[14.1317,42.4039735],[14.1316079,42.4039048],[14.1315131,42.403834],[14.1314202,42.4037647],[14.1313299,42.4036973],[14.1311343,42.4035513],[14.1310419,42.4034823],[14.1308929,42.4033711]]},"properties":{"voltage":"132000","name":""}},{"type":"Feature","geometry":{"type":"LineString","coordinates":[[14.1321569,42.4041612],[14.1320922,42.4041129],[14.1319898,42.4040365],[14.1318994,42.403969],[14.1318043,42.403898],[14.1317121,42.4038293],[14.1316182,42.4037591],[14.1315238,42.4036887],[14.1314345,42.403622],[14.1312395,42.4034765],[14.1311455,42.4034064],[14.1309977,42.403296]]},"properties":{"voltage":"132000","name":""}},{"type":"Feature","geometry":{"type":"LineString","coordinates":[[14.1317948,42.4040442],[14.1318994,42.403969],[14.1321014,42.4038238]]},"properties":{"voltage":"132000","name":""}},{"type":"Feature","geometry":{"type":"LineString","coordinates":[[14.1317,42.4039735],[14.1318043,42.403898],[14.1319267,42.4038095],[14.1320058,42.4037522]]},"properties":{"voltage":"132000","name":""}},{"type":"Feature","geometry":{"type":"LineString","coordinates":[[14.1315131,42.403834],[14.1316182,42.4037591],[14.1318215,42.4036142]]},"properties":{"voltage":"132000","name":""}},{"type":"Feature","geometry":{"type":"LineString","coordinates":[[14.1314437,42.4033312],[14.1312395,42.4034765],[14.1311343,42.4035513]]},"properties":{"voltage":"132000","name":""}},{"type":"Feature","geometry":{"type":"LineString","coordinates":[[14.1317244,42.4035414],[14.1315238,42.4036887],[14.1314202,42.4037647]]},"properties":{"voltage":"132000","name":""}},{"type":"Feature","geometry":{"type":"LineString","coordinates":[[13.863181,42.5046996],[13.8637926,42.5050743],[13.8642928,42.5056611]]},"properties":{"voltage":"","name":""}},{"type":"Feature","geometry":{"type":"LineString","coordinates":[[13.7487714,42.4792598],[13.7488975,42.4807865],[13.7485796,42.4828487]]},"properties":{"voltage":"","name":""}},{"type":"Feature","geometry":{"type":"LineString","coordinates":[[13.7124248,42.5253776],[13.7140971,42.5258491],[13.7156542,42.5265587],[13.7161463,42.5267791],[13.716487,42.5270134],[13.7171374,42.5273701],[13.7175237,42.5275698],[13.7178589,42.52776],[13.7182123,42.5279414],[13.7187602,42.528229],[13.7195467,42.5284929]]},"properties":{"voltage":"","name":""}},{"type":"Feature","geometry":{"type":"LineString","coordinates":[[13.7508447,42.5420116],[13.7506952,42.543348],[13.7506288,42.5441369]]},"properties":{"voltage":"","name":""}},{"type":"Feature","geometry":{"type":"LineString","coordinates":[[13.7935416,42.4880278],[13.7930751,42.4879455],[13.79236,42.4876859],[13.7908995,42.4876137],[13.7889267,42.4875049],[13.7878431,42.4878461],[13.7870452,42.4880923],[13.786447,42.488117],[13.7853514,42.4881002],[13.7840451,42.4880898],[13.7829773,42.4880629],[13.7801264,42.4872705],[13.7786485,42.4869333]]},"properties":{"voltage":"","name":""}},{"type":"Feature","geometry":{"type":"LineString","coordinates":[[13.6913386,42.5829204],[13.6947015,42.5832702],[13.6971295,42.5835227],[13.6992712,42.5839029],[13.7018931,42.5843986],[13.7039772,42.584759],[13.7057635,42.5850967],[13.7084028,42.5853198]]},"properties":{"voltage":"","name":""}},{"type":"Feature","geometry":{"type":"LineString","coordinates":[[13.7200114,42.5540435],[13.7205827,42.5538953],[13.7210722,42.553756]]},"properties":{"voltage":"","name":""}},{"type":"Feature","geometry":{"type":"LineString","coordinates":[[13.725062,42.5618979],[13.7242761,42.5606997],[13.7231959,42.5592758],[13.7222537,42.5581126],[13.7213123,42.5562949],[13.7194461,42.5554937],[13.7171254,42.5545256],[13.7156662,42.5538039]]},"properties":{"voltage":"","name":""}},{"type":"Feature","geometry":{"type":"LineString","coordinates":[[13.9343222,42.5969658],[13.9349467,42.5966788],[13.9356583,42.5963819],[13.9363503,42.5957096],[13.9370316,42.595057],[13.937379,42.5947144],[13.9375436,42.5945268],[13.937674,42.5935279],[13.9387389,42.5931106],[13.9393967,42.5921815],[13.9398941,42.5914378],[13.9408729,42.5906312],[13.9422878,42.5899799],[13.9435697,42.5893215],[13.9444768,42.5888419]]},"properties":{"voltage":"","name":""}},{"type":"Feature","geometry":{"type":"LineString","coordinates":[[13.8611533,42.5404553],[13.85978,42.5407359]]},"properties":{"voltage":"","name":""}},{"type":"Feature","geometry":{"type":"LineString","coordinates":[[14.2745233,42.4032746],[14.2748988,42.4041629],[14.2750972,42.4047313],[14.275235,42.4051473],[14.2754138,42.4056869]]},"properties":{"voltage":"","name":""}},{"type":"Feature","geometry":{"type":"LineString","coordinates":[[14.0106127,42.6243046],[14.0078688,42.6245573],[14.0054119,42.6252697],[14.0026948,42.6257927],[14.0001172,42.6262683]]},"properties":{"voltage":"","name":""}},{"type":"Feature","geometry":{"type":"LineString","coordinates":[[13.9819948,42.6456849],[13.9827955,42.6459907],[13.985074,42.6469002],[13.9863816,42.647421],[13.9881559,42.6481835]]},"properties":{"voltage":"","name":""}},{"type":"Feature","geometry":{"type":"LineString","coordinates":[[13.9763106,42.6087957],[13.9774069,42.6094683],[13.9786045,42.6095384],[13.9802514,42.6095947],[13.9812425,42.6096292]]},"properties":{"voltage":"","name":""}},{"type":"Feature","geometry":{"type":"LineString","coordinates":[[14.0108447,42.6727898],[14.0103364,42.6716549],[14.0100601,42.6710455],[14.0095881,42.6699954]]},"properties":{"voltage":"","name":""}},{"type":"Feature","geometry":{"type":"LineString","coordinates":[[13.5836586,42.4998133],[13.5845679,42.5018571],[13.5860914,42.5021596],[13.5880145,42.5025353],[13.5898022,42.5028824],[13.5904795,42.5030129],[13.5918112,42.5032699],[13.5947737,42.5029615],[13.5966338,42.5027568],[13.5978039,42.5026337],[13.6004674,42.5023569],[13.6021002,42.5021827],[13.6046898,42.5019065],[13.6060806,42.5013518],[13.607708,42.5006982],[13.6105572,42.4994964],[13.6122845,42.4988122],[13.6131589,42.4974555]]},"properties":{"voltage":"","name":""}},{"type":"Feature","geometry":{"type":"LineString","coordinates":[[14.1299871,42.4037252],[14.1301647,42.4035969],[14.1304672,42.4033786],[14.1305906,42.4034677],[14.130789,42.4033172],[14.1307273,42.4032716]]},"properties":{"voltage":"","name":""}},{"type":"Feature","geometry":{"type":"LineString","coordinates":[[14.1309191,42.4027834],[14.1312109,42.4030195]]},"properties":{"voltage":"150000","name":""}},{"type":"Feature","geometry":{"type":"LineString","coordinates":[[14.1312109,42.4030195],[14.1311955,42.4031201]]},"properties":{"voltage":"150000","name":""}},{"type":"Feature","geometry":{"type":"LineString","coordinates":[[14.1307826,42.4026822],[14.1309191,42.4027834]]},"properties":{"voltage":"150000","name":""}},{"type":"Feature","geometry":{"type":"LineString","coordinates":[[14.1312852,42.4031963],[14.1313059,42.4030841],[14.1312109,42.4030195]]},"properties":{"voltage":"150000","name":""}},{"type":"Feature","geometry":{"type":"LineString","coordinates":[[14.1308971,42.4029156],[14.1309191,42.4027834]]},"properties":{"voltage":"150000","name":""}},{"type":"Feature","geometry":{"type":"LineString","coordinates":[[14.1307826,42.4026822],[14.1305825,42.4025338]]},"properties":{"voltage":"150000","name":""}},{"type":"Feature","geometry":{"type":"LineString","coordinates":[[14.1307826,42.4026822],[14.1306402,42.4026695],[14.1306048,42.4026413]]},"properties":{"voltage":"150000","name":""}},{"type":"Feature","geometry":{"type":"LineString","coordinates":[[14.1304137,42.4024985],[14.1301843,42.402661],[14.1300926,42.402726]]},"properties":{"voltage":"150000","name":""}},{"type":"Feature","geometry":{"type":"LineString","coordinates":[[14.1297574,42.4020056],[14.1295257,42.4021661],[14.129433,42.4022303]]},"properties":{"voltage":"150000","name":""}},{"type":"Feature","geometry":{"type":"LineString","coordinates":[[13.631257,42.942455],[13.6310346,42.9427347],[13.6306436,42.9431217],[13.6302468,42.943549],[13.6298593,42.9439363],[13.6294644,42.944345],[13.6293622,42.9444743],[13.6290858,42.9446953]]},"properties":{"voltage":"","name":""}},{"type":"Feature","geometry":{"type":"LineString","coordinates":[[13.6288152,42.9444529],[13.6293622,42.9444743]]},"properties":{"voltage":"","name":""}},{"type":"Feature","geometry":{"type":"LineString","coordinates":[[13.6460383,42.9570387],[13.6457647,42.9574579],[13.6454835,42.9578839],[13.6452495,42.958214],[13.6452513,42.9585709],[13.6452401,42.9588831],[13.6450768,42.959375],[13.644901,42.9598746],[13.6447441,42.9602654],[13.6445515,42.960839],[13.6443895,42.9612685],[13.6443585,42.9613429],[13.6442295,42.9616971],[13.6441224,42.9619858],[13.6439637,42.9623969],[13.6439034,42.96251],[13.6443863,42.9627016],[13.6446025,42.9627928],[13.6450166,42.9628854],[13.6452436,42.9629543],[13.6456213,42.9632289],[13.6462338,42.9636784],[13.6462335,42.9640493],[13.6461858,42.9647367]]},"properties":{"voltage":"","name":""}},{"type":"Feature","geometry":{"type":"LineString","coordinates":[[13.6254104,42.9448198],[13.6254332,42.9451199],[13.6254489,42.9454244],[13.6255012,42.9457802],[13.6255303,42.9459309],[13.6250885,42.9463493],[13.6245161,42.9466944],[13.6242741,42.9468553],[13.6238413,42.9472152],[13.6235436,42.9474577],[13.6232718,42.947685],[13.6229473,42.9479586],[13.62263,42.9482292],[13.6224627,42.9483697],[13.6221494,42.9486235]]},"properties":{"voltage":"","name":""}},{"type":"Feature","geometry":{"type":"LineString","coordinates":[[13.6349674,42.941215],[13.6349809,42.9413808],[13.635203,42.9416896],[13.6352952,42.9419476],[13.6353608,42.9421091],[13.6358692,42.9420318],[13.6363092,42.9419626],[13.6369375,42.9419038],[13.6376428,42.9417972]]},"properties":{"voltage":"","name":""}},{"type":"Feature","geometry":{"type":"LineString","coordinates":[[13.8716803,44.9383453],[13.8723852,44.938237],[13.8730798,44.9378547],[13.8738498,44.9374341],[13.8746043,44.9370202],[13.8752666,44.9366595],[13.8760654,44.9362226],[13.8767145,44.9358677],[13.8774418,44.9354702],[13.8781217,44.9350974],[13.8787931,44.9347304],[13.8796142,44.9342821],[13.8803888,44.9338596],[13.8810265,44.9335087],[13.8816596,44.9331624],[13.8822804,44.9328213],[13.8831755,44.9323359],[13.883998,44.9318844],[13.8847,44.9315046],[13.8849007,44.9313942]]},"properties":{"voltage":"10000","name":""}},{"type":"Feature","geometry":{"type":"LineString","coordinates":[[13.8307579,44.9150263],[13.8273582,44.9153193],[13.8289263,44.9105795],[13.8318011,44.9018726],[13.8329886,44.8982838]]},"properties":{"voltage":"10000","name":""}},{"type":"Feature","geometry":{"type":"LineString","coordinates":[[13.9427406,44.9497582],[13.9446523,44.9492613]]},"properties":{"voltage":"10000","name":""}},{"type":"Feature","geometry":{"type":"LineString","coordinates":[[13.7646239,44.9950727],[13.7667364,44.9986601]]},"properties":{"voltage":"10000","name":""}},{"type":"Feature","geometry":{"type":"LineString","coordinates":[[14.0234926,44.9291582],[14.0200061,44.9264646],[14.0194511,44.9262143],[14.0184802,44.9257859],[14.0177472,44.9254629],[14.017046,44.9251546],[14.0162087,44.9247859],[14.0145743,44.9240662],[14.0135442,44.9236128],[14.0129181,44.9233379],[14.0121159,44.9229868],[14.0115416,44.9227345],[14.0109757,44.9224852],[14.0097044,44.9219275],[14.0080484,44.9212003],[14.0069023,44.9206973],[14.0055107,44.9198106],[14.0046963,44.9192915],[14.0039701,44.9188287],[14.0033588,44.918438],[14.0029246,44.9181629],[14.0024164,44.9178382],[14.0014658,44.9172318],[14.0010255,44.9169515],[14.0000619,44.9163362],[13.9994023,44.9159169],[13.9986812,44.9154577],[13.9975934,44.9147634],[13.9967342,44.9142194],[13.9966378,44.9137172],[13.9963746,44.912145],[13.9961168,44.910582],[13.9959729,44.9097028]]},"properties":{"voltage":"10000","name":""}},{"type":"Feature","geometry":{"type":"LineString","coordinates":[[13.9495826,44.9547984],[13.9500418,44.9551721],[13.950658,44.9556434]]},"properties":{"voltage":"10000","name":""}},{"type":"Feature","geometry":{"type":"LineString","coordinates":[[13.9429177,44.9550406],[13.9428182,44.9517879],[13.9427406,44.9497582],[13.9406249,44.9474113],[13.9388755,44.9454401],[13.9364854,44.9427805],[13.9377943,44.9408566],[13.9338015,44.9366188],[13.9316858,44.9343681],[13.929708,44.9322683],[13.9282814,44.9307549],[13.9268421,44.9292105],[13.9270359,44.9259584],[13.9271701,44.9235708],[13.9272741,44.9218099],[13.9273678,44.9203283],[13.9274365,44.9191653]]},"properties":{"voltage":"10000","name":""}},{"type":"Feature","geometry":{"type":"LineString","coordinates":[[13.9930859,44.9090743],[13.9933549,44.9086003],[13.9936881,44.9079699],[13.9937521,44.9076481],[13.9942563,44.9070019]]},"properties":{"voltage":"10000","name":""}},{"type":"Feature","geometry":{"type":"LineString","coordinates":[[13.9942563,44.9070019],[13.9945488,44.9064263],[13.9976281,44.9007843],[14.0007386,44.8992257],[14.0065312,44.8961946],[14.0071525,44.8958758],[14.0076874,44.8955938],[14.0080891,44.8953659]]},"properties":{"voltage":"10000","name":""}},{"type":"Feature","geometry":{"type":"LineString","coordinates":[[13.7912788,44.9585585],[13.7914326,44.9586371]]},"properties":{"voltage":"10000","name":""}},{"type":"Feature","geometry":{"type":"LineString","coordinates":[[13.9445532,44.8512493],[13.9429657,44.851317]]},"properties":{"voltage":"10000","name":""}},{"type":"Feature","geometry":{"type":"LineString","coordinates":[[13.8289263,44.9105795],[13.8318612,44.9106116]]},"properties":{"voltage":"10000","name":""}},{"type":"Feature","geometry":{"type":"LineString","coordinates":[[13.9078773,44.9085357],[13.9088232,44.9086401]]},"properties":{"voltage":"10000","name":""}},{"type":"Feature","geometry":{"type":"LineString","coordinates":[[13.8987267,44.8972539],[13.8926113,44.9007417]]},"properties":{"voltage":"10000","name":""}},{"type":"Feature","geometry":{"type":"LineString","coordinates":[[13.9915017,44.9408012],[13.9958998,44.94185]]},"properties":{"voltage":"10000","name":""}},{"type":"Feature","geometry":{"type":"LineString","coordinates":[[13.9018015,44.8118772],[13.9020328,44.8122544],[13.9022901,44.8126888],[13.9024976,44.8130345],[13.9027007,44.8133634],[13.9028882,44.8136731],[13.9030245,44.8138948]]},"properties":{"voltage":"10000","name":""}},{"type":"Feature","geometry":{"type":"LineString","coordinates":[[13.9364854,44.9427805],[13.9357156,44.941886]]},"properties":{"voltage":"10000","name":""}},{"type":"Feature","geometry":{"type":"LineString","coordinates":[[13.8766537,44.8643428],[13.8783932,44.8631673],[13.8790951,44.858648],[13.87931,44.8571069]]},"properties":{"voltage":"10000","name":""}},{"type":"Feature","geometry":{"type":"LineString","coordinates":[[13.7876691,44.9782938],[13.7888442,44.979235],[13.7944277,44.985731],[13.7950887,44.9864999]]},"properties":{"voltage":"10000","name":""}},{"type":"Feature","geometry":{"type":"LineString","coordinates":[[13.9988315,44.9470764],[13.9972044,44.9487921],[13.9949581,44.9510736],[13.9942219,44.9518207],[13.9934261,44.9532726],[13.9927522,44.9545097],[13.9923305,44.9549371],[13.9900727,44.9571881],[13.9882594,44.9610909],[13.9867083,44.9645215]]},"properties":{"voltage":"10000","name":""}},{"type":"Feature","geometry":{"type":"LineString","coordinates":[[14.0212451,44.9754172],[14.0223036,44.9738658],[14.0226933,44.9732823],[14.0230589,44.9727434],[14.0253092,44.969433],[14.0265052,44.9676589],[14.0286139,44.9645637],[14.029634,44.9630504],[14.0308705,44.9612503],[14.0321559,44.9593409],[14.0318213,44.9574535],[14.0336012,44.9558198]]},"properties":{"voltage":"10000","name":""}},{"type":"Feature","geometry":{"type":"LineString","coordinates":[[13.9876981,44.9607192],[13.9855928,44.95911]]},"properties":{"voltage":"10000","name":""}},{"type":"Feature","geometry":{"type":"LineString","coordinates":[[13.9142425,44.8603205],[13.9094507,44.8620666],[13.908508,44.8624131],[13.9072696,44.8628679],[13.9061998,44.8632545],[13.8989049,44.865889],[13.898417,44.8660927]]},"properties":{"voltage":"10000","name":""}},{"type":"Feature","geometry":{"type":"LineString","coordinates":[[13.7944277,44.985731],[13.796067,45.0032247],[13.7961267,45.0038597],[13.7962846,45.0055399]]},"properties":{"voltage":"10000","name":""}},{"type":"Feature","geometry":{"type":"LineString","coordinates":[[13.9660476,44.9001897],[13.9684473,44.9020834],[13.9691769,44.9022857],[13.9739048,44.9036139],[13.9760964,44.9042502],[13.9778583,44.9047484],[13.9801107,44.9053897],[13.9821147,44.9059583],[13.9840799,44.906517],[13.9849827,44.9067736],[13.9871552,44.9073911],[13.9908704,44.9084434],[13.9930859,44.9090743],[13.993126,44.9090857],[13.9944832,44.9095038],[13.995752,44.9098312],[13.9959729,44.9097028]]},"properties":{"voltage":"10000","name":""}},{"type":"Feature","geometry":{"type":"LineString","coordinates":[[13.8653677,44.8366428],[13.8691209,44.8373191],[13.869356,44.8379257],[13.8695919,44.8384945],[13.8704982,44.838702]]},"properties":{"voltage":"10000","name":""}},{"type":"Feature","geometry":{"type":"LineString","coordinates":[[14.0490038,44.9754189],[14.0481823,44.9762093],[14.0470654,44.977291],[14.0459561,44.9783745],[14.0448002,44.9795115],[14.0443192,44.9799581],[14.0437301,44.9805145],[14.0427812,44.9813854],[14.0418374,44.9822528],[14.0414848,44.9826773]]},"properties":{"voltage":"10000","name":""}},{"type":"Feature","geometry":{"type":"LineString","coordinates":[[13.9995834,44.9335693],[14.0009795,44.9303659]]},"properties":{"voltage":"10000","name":""}},{"type":"Feature","geometry":{"type":"LineString","coordinates":[[13.9985922,44.9465506],[13.9958998,44.94185],[13.9970295,44.9393105],[13.9972599,44.9387928],[13.9979835,44.9371169]]},"properties":{"voltage":"10000","name":""}},{"type":"Feature","geometry":{"type":"LineString","coordinates":[[13.902554,44.8594733],[13.9022896,44.85893],[13.9019926,44.8583265],[13.9017274,44.8577806],[13.9014683,44.8572501],[13.9011669,44.856634],[13.9008753,44.8560427],[13.9006082,44.8554877],[13.900331,44.8549185],[13.9000555,44.8543548],[13.8998173,44.8538648],[13.8995594,44.8533346],[13.8993362,44.852881],[13.8991029,44.8523981],[13.8988159,44.851811],[13.8985515,44.8512709],[13.8984266,44.8510249]]},"properties":{"voltage":"10000","name":""}},{"type":"Feature","geometry":{"type":"LineString","coordinates":[[13.9029678,44.862201],[13.9022874,44.8606485]]},"properties":{"voltage":"10000","name":""}},{"type":"Feature","geometry":{"type":"LineString","coordinates":[[13.8318011,44.9018726],[13.8305575,44.9021102]]},"properties":{"voltage":"10000","name":""}},{"type":"Feature","geometry":{"type":"LineString","coordinates":[[13.9177953,44.8532161],[13.9177153,44.8532155]]},"properties":{"voltage":"10000","name":""}},{"type":"Feature","geometry":{"type":"LineString","coordinates":[[14.0336012,44.9558198],[14.0352216,44.954323]]},"properties":{"voltage":"10000","name":""}},{"type":"Feature","geometry":{"type":"LineString","coordinates":[[13.8496349,44.9249676],[13.849366,44.924395],[13.8489404,44.9235306],[13.8479677,44.9215367],[13.8476913,44.9209619],[13.8475698,44.9206486]]},"properties":{"voltage":"10000","name":""}},{"type":"Feature","geometry":{"type":"LineString","coordinates":[[13.9345163,44.9679419],[13.9344986,44.967513],[13.9343371,44.9668528],[13.9344727,44.9662547]]},"properties":{"voltage":"10000","name":""}},{"type":"Feature","geometry":{"type":"LineString","coordinates":[[13.911071,44.8340132],[13.9110431,44.8334137],[13.911004,44.8325778],[13.910972,44.8318939],[13.9109432,44.8313164]]},"properties":{"voltage":"10000","name":""}},{"type":"Feature","geometry":{"type":"LineString","coordinates":[[14.0547433,44.9860078],[14.0546979,44.9863852],[14.0546343,44.9868821],[14.0545341,44.9877069],[14.0544276,44.9885531],[14.0543518,44.9891906],[14.0543109,44.9895425],[14.0538798,44.9897584]]},"properties":{"voltage":"10000","name":""}},{"type":"Feature","geometry":{"type":"LineString","coordinates":[[13.9469509,44.8587442],[13.9458652,44.8584098],[13.9450405,44.8581571],[13.9442176,44.8578868],[13.943281,44.8576242],[13.9428612,44.8569931],[13.9424474,44.8563583],[13.9419877,44.8556486],[13.9421038,44.8546524]]},"properties":{"voltage":"10000","name":""}},{"type":"Feature","geometry":{"type":"LineString","coordinates":[[13.8960285,44.8668343],[13.8961092,44.8674548],[13.8962096,44.868156],[13.8962843,44.8686861],[13.896377,44.8693239],[13.8964608,44.8699353],[13.8965508,44.8705852],[13.8966399,44.8712286]]},"properties":{"voltage":"10000","name":""}},{"type":"Feature","geometry":{"type":"LineString","coordinates":[[13.914553,44.9011015],[13.9147085,44.9010298]]},"properties":{"voltage":"10000","name":""}},{"type":"Feature","geometry":{"type":"LineString","coordinates":[[13.9271701,44.9235708],[13.9265342,44.9232543],[13.9259465,44.9229695],[13.9256413,44.9228138]]},"properties":{"voltage":"10000","name":""}},{"type":"Feature","geometry":{"type":"LineString","coordinates":[[14.0230589,44.9727434],[14.0188417,44.9718188]]},"properties":{"voltage":"10000","name":""}},{"type":"Feature","geometry":{"type":"LineString","coordinates":[[14.0108627,44.9458862],[14.0115671,44.9457605]]},"properties":{"voltage":"10000","name":""}},{"type":"Feature","geometry":{"type":"LineString","coordinates":[[13.9200657,44.9177028],[13.9195044,44.9178986]]},"properties":{"voltage":"10000","name":""}},{"type":"Feature","geometry":{"type":"LineString","coordinates":[[13.8496349,44.9249676],[13.8500824,44.9258844],[13.850712,44.9271617],[13.8510167,44.9278018]]},"properties":{"voltage":"10000","name":""}},{"type":"Feature","geometry":{"type":"LineString","coordinates":[[13.7635616,44.9932739],[13.7640552,44.9931065]]},"properties":{"voltage":"10000","name":""}},{"type":"Feature","geometry":{"type":"LineString","coordinates":[[14.0051062,44.9463931],[14.0049123,44.9457081],[14.0048596,44.9454852],[14.0046611,44.9446014],[14.0045593,44.9441947]]},"properties":{"voltage":"10000","name":""}},{"type":"Feature","geometry":{"type":"LineString","coordinates":[[13.8853193,44.8295099],[13.8843432,44.8336874],[13.8858475,44.835029],[13.8862948,44.8354279]]},"properties":{"voltage":"10000","name":""}},{"type":"Feature","geometry":{"type":"LineString","coordinates":[[13.7653386,44.9860638],[13.7660503,44.9870222],[13.7657021,44.9865568]]},"properties":{"voltage":"10000","name":""}},{"type":"Feature","geometry":{"type":"LineString","coordinates":[[13.8010534,44.9644912],[13.7988922,44.9631778],[13.795841,44.9613198],[13.7914326,44.9586371]]},"properties":{"voltage":"10000","name":""}},{"type":"Feature","geometry":{"type":"LineString","coordinates":[[13.9849827,44.9067736],[13.9844743,44.9019088],[13.9860441,44.8999216]]},"properties":{"voltage":"10000","name":""}},{"type":"Feature","geometry":{"type":"LineString","coordinates":[[13.7646239,44.9950727],[13.7635616,44.9932739],[13.7605029,44.988094]]},"properties":{"voltage":"10000","name":""}},{"type":"Feature","geometry":{"type":"LineString","coordinates":[[13.9268421,44.9292105],[13.9268154,44.9297124]]},"properties":{"voltage":"10000","name":""}},{"type":"Feature","geometry":{"type":"LineString","coordinates":[[13.9618373,44.9647369],[13.9611867,44.9622739]]},"properties":{"voltage":"10000","name":""}},{"type":"Feature","geometry":{"type":"LineString","coordinates":[[13.9538043,44.9094841],[13.9536803,44.9096382]]},"properties":{"voltage":"10000","name":""}},{"type":"Feature","geometry":{"type":"LineString","coordinates":[[13.896377,44.8693239],[13.8970475,44.8691958]]},"properties":{"voltage":"10000","name":""}},{"type":"Feature","geometry":{"type":"LineString","coordinates":[[13.8900495,44.9653764],[13.8816532,44.972334]]},"properties":{"voltage":"10000","name":""}},{"type":"Feature","geometry":{"type":"LineString","coordinates":[[13.8704982,44.838702],[13.8708716,44.8382122],[13.8717149,44.8358159]]},"properties":{"voltage":"10000","name":""}},{"type":"Feature","geometry":{"type":"LineString","coordinates":[[13.8704982,44.838702],[13.8710652,44.8402084],[13.8712517,44.8406982]]},"properties":{"voltage":"10000","name":""}},{"type":"Feature","geometry":{"type":"LineString","coordinates":[[14.0207275,44.9432168],[14.0212357,44.9435997],[14.0215085,44.9438072],[14.0217462,44.943922],[14.0223663,44.9443197]]},"properties":{"voltage":"10000","name":""}},{"type":"Feature","geometry":{"type":"LineString","coordinates":[[13.9179123,44.8570138],[13.9177153,44.8532155],[13.9171093,44.8415275],[13.9174973,44.8413263]]},"properties":{"voltage":"10000","name":""}},{"type":"Feature","geometry":{"type":"LineString","coordinates":[[14.0137728,44.9428256],[14.0139972,44.9428624],[14.0146326,44.9428492],[14.0174913,44.9427705],[14.0191627,44.942714]]},"properties":{"voltage":"10000","name":""}},{"type":"Feature","geometry":{"type":"LineString","coordinates":[[14.0013944,44.9694311],[14.0006488,44.970046],[13.9999676,44.9706069],[13.999267,44.9711944],[13.9987163,44.9716473],[13.9982294,44.9720471],[13.9975319,44.9726196],[13.9968885,44.9731506],[13.996306,44.9736309],[13.9956055,44.9742052],[13.9948598,44.9748163],[13.9940662,44.9754672],[13.9938178,44.9756702]]},"properties":{"voltage":"10000","name":""}},{"type":"Feature","geometry":{"type":"LineString","coordinates":[[13.9031752,44.8326291],[13.9031861,44.8322949],[13.9032003,44.8319889]]},"properties":{"voltage":"10000","name":""}},{"type":"Feature","geometry":{"type":"LineString","coordinates":[[14.0443192,44.9799581],[14.0457479,44.9803833]]},"properties":{"voltage":"10000","name":""}},{"type":"Feature","geometry":{"type":"LineString","coordinates":[[13.8323811,44.8879822],[13.8404022,44.8877508]]},"properties":{"voltage":"10000","name":""}},{"type":"Feature","geometry":{"type":"LineString","coordinates":[[13.8153237,44.9267202],[13.8163087,44.9265427],[13.8178853,44.9261558],[13.8194579,44.925785],[13.8211245,44.9254077],[13.8226831,44.9250547],[13.8241446,44.9247185],[13.8259084,44.9248409],[13.8276076,44.9249704],[13.829468,44.9251065],[13.8311958,44.9252387],[13.832566,44.9253393],[13.8345661,44.9254717],[13.8362692,44.9255908],[13.8379041,44.9257093],[13.8396786,44.9258393],[13.8413565,44.9259632],[13.843142,44.9260831],[13.8447984,44.9262042],[13.8457745,44.9259519],[13.8470672,44.9256264],[13.8483311,44.9253134],[13.8496349,44.9249676],[13.851225,44.9248258],[13.8522769,44.9247142],[13.855023,44.9244515],[13.8566816,44.9242849],[13.8581389,44.9241493],[13.8595854,44.9240135],[13.8610178,44.92387],[13.8619405,44.9237723]]},"properties":{"voltage":"10000","name":""}},{"type":"Feature","geometry":{"type":"LineString","coordinates":[[13.8149335,44.9266021],[13.8145596,44.9275061],[13.8144586,44.9278222],[13.8142098,44.9286013],[13.8138269,44.9297857],[13.8134491,44.9309581],[13.8130808,44.9321089],[13.8127114,44.9332587],[13.8123595,44.9343553],[13.8120354,44.9353618],[13.8117809,44.9361533],[13.8114833,44.9370808],[13.8111579,44.9380904],[13.8108811,44.9389545],[13.8104104,44.9404187],[13.8100083,44.9416666],[13.8096084,44.9429302],[13.8092141,44.9441573],[13.8089106,44.9450789],[13.8085204,44.9462911],[13.8081074,44.9475795],[13.807792,44.9485601],[13.8074933,44.9494991],[13.8070841,44.9507718],[13.8066854,44.9520095],[13.8063394,44.9530871],[13.8060019,44.9541431],[13.8056443,44.9552481],[13.805254,44.9564655],[13.8048533,44.9577196],[13.8045808,44.9585661],[13.804299,44.9594443],[13.8038842,44.9607453],[13.8034893,44.9619741],[13.802623,44.9628706],[13.8019032,44.9636142],[13.8010534,44.9644912],[13.8001348,44.965437],[13.7992632,44.9663325],[13.7983746,44.9672521],[13.7974058,44.9682557],[13.796777,44.9689031],[13.7956688,44.9700449],[13.7948356,44.9709039],[13.7940351,44.971727],[13.7931038,44.9726881],[13.7922462,44.973575],[13.7913798,44.9744636],[13.7904833,44.9753903],[13.7895156,44.9763891],[13.7886047,44.9773292],[13.7876691,44.9782938],[13.7867066,44.979287],[13.7858537,44.9801642],[13.7849658,44.9810824],[13.7840225,44.9820521],[13.7830933,44.9830091],[13.7822203,44.9839057],[13.7814761,44.9846672],[13.7804745,44.9857055],[13.7793935,44.9868178],[13.7785644,44.9876698],[13.7775597,44.9887047],[13.7766511,44.9895475],[13.7757237,44.9904091],[13.7744922,44.9915541],[13.773518,44.9924613],[13.772413,44.9934914],[13.7715021,44.9943346],[13.7701442,44.9944803],[13.7687505,44.9946289],[13.7673438,44.9947791],[13.7659956,44.9949246],[13.7646239,44.9950727],[13.7627456,44.9952694],[13.7611554,44.9954401],[13.7597088,44.9955941],[13.7585326,44.9949441],[13.7572855,44.9942583],[13.7561849,44.9936509],[13.754727,44.9928469]]},"properties":{"voltage":"10000","name":""}},{"type":"Feature","geometry":{"type":"LineString","coordinates":[[13.8698169,44.8684848],[13.8717476,44.8684738],[13.8739241,44.8684637],[13.8759406,44.8684861],[13.8780371,44.868739],[13.8800585,44.8690081],[13.8820079,44.8685624],[13.8839294,44.8681076],[13.8858635,44.8676572],[13.8876167,44.8671054],[13.88945,44.8665192],[13.8912381,44.8659509],[13.8930962,44.8653574],[13.8949003,44.8647818],[13.8966112,44.8642355],[13.8981215,44.8637509]]},"properties":{"voltage":"10000","name":""}},{"type":"Feature","geometry":{"type":"LineString","coordinates":[[13.8761586,44.9636],[13.8804403,44.9639165],[13.8827422,44.9640868],[13.8850157,44.9642559],[13.8872943,44.9644243],[13.8893695,44.964578],[13.8914922,44.964737],[13.8932281,44.9648648],[13.8954252,44.9650241],[13.8976229,44.9651896],[13.8994827,44.9653262],[13.9016625,44.9654877],[13.9036555,44.9656354],[13.9058829,44.9658012],[13.9071207,44.9658919],[13.908032,44.9662061],[13.9092304,44.9662705],[13.9111945,44.9663774],[13.9124537,44.9664461],[13.9148122,44.9665745],[13.9168572,44.9666836],[13.9185473,44.9667766],[13.9207984,44.9668972],[13.9221532,44.9669706],[13.9237074,44.9670916],[13.9259507,44.9672688],[13.9279718,44.9674271],[13.9302587,44.9676075],[13.9322211,44.9677584],[13.9345163,44.9679419],[13.9364116,44.9677209],[13.9386745,44.9674551],[13.9407836,44.9672095],[13.942742,44.9669805],[13.9448185,44.9667363],[13.9465391,44.9665339],[13.9477984,44.966386],[13.9496194,44.9661727],[13.9518745,44.9659079],[13.9539354,44.9656624],[13.9563588,44.9653766],[13.9583316,44.9651471],[13.9605947,44.9648802],[13.9618373,44.9647369],[13.9640862,44.9647079],[13.96585,44.9646875],[13.967657,44.9646641],[13.9696857,44.9646424],[13.9715158,44.964619],[13.9734176,44.9645946],[13.9756427,44.9645681],[13.9774397,44.9645448],[13.9789614,44.9645251],[13.9806416,44.9645028],[13.9821782,44.964487],[13.984441,44.9644559],[13.9859273,44.9644334],[13.9870074,44.9643108],[13.9881188,44.963197],[13.9890587,44.9622489],[13.9891285,44.9621785],[13.9903701,44.9609271],[13.9912632,44.960027],[13.9923146,44.9589698],[13.9930858,44.9581923],[13.9943941,44.9568819],[13.9948192,44.9564464],[13.9953491,44.955268],[13.9959604,44.9539202],[13.9965033,44.9527184],[13.9970553,44.9514956],[13.9975306,44.9504423],[13.9980211,44.9493493],[13.9986753,44.9478999],[13.999008,44.9471313]]},"properties":{"voltage":"10000","name":""}},{"type":"Feature","geometry":{"type":"LineString","coordinates":[[13.8786918,44.828239],[13.8796448,44.8284039],[13.8820841,44.8288314],[13.8844352,44.8292431],[13.8868858,44.8296738],[13.8890144,44.8300471],[13.8914743,44.8304777],[13.8942853,44.8309705],[13.8970089,44.8314477],[13.9015492,44.8322433],[13.910833,44.8338411],[13.9126744,44.8341627],[13.9147317,44.8352116],[13.9185035,44.8370722],[13.9205837,44.8380985],[13.9226636,44.8391251],[13.9246098,44.8400849],[13.9266635,44.8410965],[13.92865,44.8407223],[13.9306688,44.8398247],[13.9329336,44.8388176],[13.934906,44.8379411],[13.9369903,44.8370139],[13.9391991,44.8360331],[13.9414013,44.8350551],[13.9431606,44.8342741],[13.9450284,44.8334448],[13.9468971,44.8326139]]},"properties":{"voltage":"10000","name":""}},{"type":"Feature","geometry":{"type":"LineString","coordinates":[[13.9994558,44.9469753],[14.0005096,44.9468908],[14.0009003,44.9468481],[14.0018207,44.9467497],[14.0023678,44.94669],[14.0028432,44.9466386],[14.0033709,44.9465822],[14.0038008,44.9465352],[14.0043192,44.9464793],[14.0051062,44.9463931],[14.0058834,44.9463251],[14.0066527,44.9462571],[14.0070766,44.9462201],[14.0075544,44.9461771],[14.0087732,44.9460698],[14.0098091,44.9459784],[14.0108627,44.9458862],[14.0122887,44.9448184],[14.0130514,44.9437949],[14.0136984,44.9429276],[14.0137728,44.9428256],[14.0142204,44.9422141],[14.0147224,44.9415213],[14.0150716,44.9410439],[14.0153782,44.9406236],[14.0160444,44.9397107],[14.016884,44.9385596],[14.0175845,44.9375977],[14.0181519,44.9368203],[14.0185871,44.9362225],[14.0191509,44.9354554],[14.0198142,44.9345035],[14.0201925,44.9339538],[14.0204478,44.9335848],[14.0208227,44.9330391],[14.0211653,44.9325417],[14.0215632,44.9319644],[14.0219323,44.931425],[14.0223186,44.9308667],[14.0226406,44.9303978],[14.0229947,44.9298814],[14.0234926,44.9291582]]},"properties":{"voltage":"10000","name":""}},{"type":"Feature","geometry":{"type":"LineString","coordinates":[[13.999456,44.9469677],[14.0005044,44.9468843],[14.0016202,44.9467641],[14.0027253,44.946645],[14.0036276,44.9465478],[14.0045962,44.9464435],[14.005105,44.9463887],[14.0058751,44.9463203],[14.0068726,44.9462317],[14.0078329,44.9461463],[14.0084624,44.9460904],[14.0087626,44.9460638],[14.009456,44.9460022],[14.0100794,44.9459468],[14.010861,44.9458773],[14.0122775,44.9448048],[14.0128628,44.9440237],[14.0136872,44.9429234],[14.014084,44.942378],[14.0144549,44.9418683],[14.014791,44.9414063],[14.0152861,44.9407258],[14.0160963,44.9396122],[14.0164876,44.9390743],[14.0168608,44.9385613],[14.0173466,44.9378935],[14.0177327,44.9373628],[14.0183668,44.936491],[14.0186892,44.9360477],[14.019263,44.9352638],[14.0197811,44.9345136],[14.0203356,44.9337107],[14.0206005,44.9333271],[14.0209688,44.9327939],[14.0214476,44.9321006],[14.0220983,44.9311583],[14.0229545,44.9299185],[14.0234777,44.9291609]]},"properties":{"voltage":"10000","name":""}},{"type":"Feature","geometry":{"type":"LineString","coordinates":[[13.8761787,44.963678],[13.8804105,44.9639949],[13.8826322,44.9641611],[13.8848718,44.9643235],[13.8871113,44.9644947],[13.889357,44.9646596],[13.8917226,44.9648351],[13.8937674,44.9649861],[13.8958083,44.9651372],[13.8975155,44.9652636],[13.8993437,44.9653989],[13.9018076,44.9657973],[13.9038847,44.9661317],[13.9058993,44.9664578],[13.9075327,44.9667233],[13.9098962,44.9671066],[13.9123611,44.9675071],[13.9150877,44.9676624],[13.9177331,44.9678113],[13.9206048,44.9679749],[13.922987,44.9681108],[13.9256296,44.9682622],[13.928302,44.9684151],[13.931242,44.9685864],[13.9336666,44.9687131],[13.9364272,44.9684705],[13.938613,44.9682753],[13.9413894,44.9680261],[13.9435235,44.9678352],[13.9457269,44.9676396],[13.9477284,44.9674593],[13.9489754,44.9673486],[13.9497375,44.9672806],[13.9506843,44.9671955],[13.9532639,44.9666539],[13.9555987,44.9661637],[13.9578145,44.9656984],[13.9602642,44.9651869],[13.9620719,44.9648105],[13.964318,44.9647821],[13.9665081,44.9647616],[13.9687067,44.9647395],[13.9709534,44.964717],[13.9734964,44.9646904],[13.9762977,44.9646874],[13.9789268,44.9646844],[13.9813671,44.9646815],[13.9839754,44.96468],[13.9867915,44.9646761],[13.9880692,44.9633942],[13.9893271,44.9621308],[13.99071,44.9607421],[13.991687,44.9597575],[13.9929506,44.958493],[13.9943065,44.9571324],[13.994943,44.9564944],[13.9956203,44.954996],[13.9963022,44.9534882],[13.9969886,44.9519699],[13.9976572,44.9504922],[13.998329,44.9490116],[13.9991194,44.9472166]]},"properties":{"voltage":"10000","name":""}},{"type":"Feature","geometry":{"type":"LineString","coordinates":[[13.9659123,44.9576546],[13.9867083,44.9645215]]},"properties":{"voltage":"10000","name":""}},{"type":"Feature","geometry":{"type":"LineString","coordinates":[[13.7596106,44.9875725],[13.7603824,44.9873692],[13.7653386,44.9860638],[13.7660725,44.9858705]]},"properties":{"voltage":"10000","name":""}},{"type":"Feature","geometry":{"type":"LineString","coordinates":[[13.9445532,44.8512493],[13.9600443,44.8505559],[13.9659611,44.8489589]]},"properties":{"voltage":"10000","name":""}},{"type":"Feature","geometry":{"type":"LineString","coordinates":[[13.9244285,44.9185685],[13.9244241,44.9184184]]},"properties":{"voltage":"10000","name":""}},{"type":"Feature","geometry":{"type":"LineString","coordinates":[[13.9274365,44.9191653],[13.9446695,44.9225723]]},"properties":{"voltage":"10000","name":""}},{"type":"Feature","geometry":{"type":"LineString","coordinates":[[13.7605029,44.988094],[13.7603824,44.9873692]]},"properties":{"voltage":"10000","name":""}},{"type":"Feature","geometry":{"type":"LineString","coordinates":[[13.9084125,44.9153992],[13.9200657,44.9177028],[13.9244285,44.9185685],[13.9257403,44.9188288]]},"properties":{"voltage":"10000","name":""}},{"type":"Feature","geometry":{"type":"LineString","coordinates":[[13.9537396,44.9008225],[13.9529109,44.9024174],[13.9523874,44.9034252],[13.9524552,44.9060111],[13.9524945,44.9074009],[13.952505,44.9078058],[13.9525263,44.9078333]]},"properties":{"voltage":"10000","name":""}},{"type":"Feature","geometry":{"type":"LineString","coordinates":[[13.9660476,44.9001897],[13.9727461,44.8971778],[13.976774,44.8925229],[13.979663,44.8913618]]},"properties":{"voltage":"10000","name":""}},{"type":"Feature","geometry":{"type":"LineString","coordinates":[[13.9919444,44.9662501],[13.9980245,44.968274],[14.0013944,44.9694311]]},"properties":{"voltage":"10000","name":""}},{"type":"Feature","geometry":{"type":"LineString","coordinates":[[13.9083734,44.8996006],[13.9083581,44.9002287],[13.9083301,44.9011254],[13.9083075,44.9017373],[13.9082974,44.902118],[13.9082815,44.9026482],[13.9081973,44.9037229],[13.9080493,44.9058411],[13.9080071,44.9065624],[13.9079437,44.9071159],[13.9078664,44.9079417],[13.9078773,44.9085357],[13.9077723,44.9096582],[13.9076832,44.9107563],[13.9076217,44.9113302],[13.9075586,44.9123888],[13.9074725,44.9135095],[13.9074047,44.9147628],[13.9073598,44.9151715]]},"properties":{"voltage":"10000","name":""}},{"type":"Feature","geometry":{"type":"LineString","coordinates":[[13.9555215,44.9007299],[13.9635471,44.8818412]]},"properties":{"voltage":"10000","name":""}},{"type":"Feature","geometry":{"type":"LineString","coordinates":[[13.9555215,44.9007299],[13.9568177,44.905253]]},"properties":{"voltage":"10000","name":""}},{"type":"Feature","geometry":{"type":"LineString","coordinates":[[13.9134104,44.8588854],[13.9136322,44.8592623]]},"properties":{"voltage":"10000","name":""}},{"type":"Feature","geometry":{"type":"LineString","coordinates":[[13.795841,44.9613198],[13.7951812,44.9626051],[13.7944964,44.963176]]},"properties":{"voltage":"10000","name":""}},{"type":"Feature","geometry":{"type":"LineString","coordinates":[[13.8944937,44.8962201],[13.895397,44.8964425],[13.896653,44.8967479],[13.8976617,44.8969939],[13.8987267,44.8972539],[13.8996669,44.8974811],[13.9005919,44.8977064],[13.9015313,44.8979334],[13.9024597,44.8981569],[13.9032254,44.8983479],[13.9041473,44.8985715],[13.9051845,44.8988212]]},"properties":{"voltage":"10000","name":""}},{"type":"Feature","geometry":{"type":"LineString","coordinates":[[13.9293774,44.9020505],[13.9298048,44.9020258],[13.9327003,44.9018583],[13.9343116,44.9017865],[13.9369538,44.9016674],[13.9390443,44.9015514],[13.9402287,44.9014913],[13.941419,44.9014302],[13.9423318,44.9013822],[13.943285,44.9013323],[13.9442285,44.9012867],[13.9452885,44.9012328],[13.9484364,44.9010876],[13.9511054,44.9009603],[13.9537396,44.9008225],[13.9555215,44.9007299],[13.9568466,44.9006647],[13.9578376,44.9006124],[13.9588495,44.900562],[13.9606748,44.9004674],[13.9615378,44.900421],[13.9633363,44.9003316],[13.9651921,44.9002345],[13.9660476,44.9001897]]},"properties":{"voltage":"10000","name":""}},{"type":"Feature","geometry":{"type":"LineString","coordinates":[[13.9429177,44.9550406],[13.9495826,44.9547984]]},"properties":{"voltage":"10000","name":""}},{"type":"Feature","geometry":{"type":"LineString","coordinates":[[13.8177888,44.8919681],[13.8209426,44.8913466],[13.8281552,44.8899597],[13.8323811,44.8879822]]},"properties":{"voltage":"10000","name":""}},{"type":"Feature","geometry":{"type":"LineString","coordinates":[[13.8779144,44.8720055],[13.8790464,44.8711286],[13.8796248,44.8706376]]},"properties":{"voltage":"10000","name":""}},{"type":"Feature","geometry":{"type":"LineString","coordinates":[[13.7526696,44.9985784],[13.7508544,45.0006232],[13.7495907,45.0023389],[13.7493018,45.0026898],[13.7490227,45.0030288],[13.7487435,45.0033678],[13.7484644,45.0037068],[13.7481853,45.0040457],[13.7479028,45.0043845],[13.74763,45.00472],[13.7473549,45.0050542],[13.7470758,45.0053931],[13.7467966,45.0057321],[13.7467118,45.0058384],[13.746712,45.0058385],[13.7467168,45.0058397],[13.7467327,45.0058432],[13.7468003,45.0058569],[13.746884,45.0058843],[13.7469411,45.0059026],[13.7469989,45.0059217],[13.7470145,45.0059259],[13.7470109,45.005933]]},"properties":{"voltage":"10000","name":""}},{"type":"Feature","geometry":{"type":"LineString","coordinates":[[13.9183921,45.0078472],[13.9202926,45.0031707],[13.9211842,45.0008628],[13.9234166,44.9983226],[13.9242746,44.9973532],[13.9274997,44.9936312],[13.9282805,44.9928727],[13.9294239,44.9919182],[13.9294365,44.9919099]]},"properties":{"voltage":"20000","name":""}},{"type":"Feature","geometry":{"type":"LineString","coordinates":[[13.8804266,44.9862381],[13.8796682,44.9869452],[13.8791497,44.9874164],[13.8791456,44.9874201],[13.8743337,44.991847],[13.8724746,44.9935412],[13.871974,44.9939967],[13.871336,44.9940795],[13.8704441,44.9941439]]},"properties":{"voltage":"20000","name":""}},{"type":"Feature","geometry":{"type":"LineString","coordinates":[[13.9586258,45.000916],[13.9559886,44.9998191]]},"properties":{"voltage":"20000","name":""}},{"type":"Feature","geometry":{"type":"LineString","coordinates":[[13.9234166,44.9983226],[13.9242307,44.9989502],[13.9252609,44.9997614]]},"properties":{"voltage":"20000","name":""}},{"type":"Feature","geometry":{"type":"LineString","coordinates":[[13.931001,44.9865163],[13.9360799,44.9827655]]},"properties":{"voltage":"20000","name":""}},{"type":"Feature","geometry":{"type":"LineString","coordinates":[[13.8664679,44.9980216],[13.865947,44.9971293],[13.8647284,44.9947352]]},"properties":{"voltage":"20000","name":""}},{"type":"Feature","geometry":{"type":"LineString","coordinates":[[13.8886895,44.9929827],[13.8880959,44.992756],[13.8873517,44.9924852],[13.8865323,44.991965],[13.8856287,44.9914105],[13.8850166,44.9910341],[13.884352,44.9906236],[13.8836428,44.9901877],[13.8826484,44.9895751],[13.8816745,44.9889759],[13.8807559,44.9884108],[13.8796943,44.9877564],[13.8791456,44.9874201]]},"properties":{"voltage":"20000","name":""}},{"type":"Feature","geometry":{"type":"LineString","coordinates":[[13.8806029,44.9994448],[13.8722242,44.99432],[13.871974,44.9939967]]},"properties":{"voltage":"20000","name":""}},{"type":"Feature","geometry":{"type":"LineString","coordinates":[[13.9294365,44.9919099],[13.9294466,44.9919013],[13.9298668,44.9885966],[13.9298298,44.9877099],[13.9298603,44.9873489],[13.9303942,44.9869531],[13.931001,44.9865163]]},"properties":{"voltage":"20000","name":""}},{"type":"Feature","geometry":{"type":"LineString","coordinates":[[13.9242746,44.9973532],[13.9184769,44.9919552],[13.9180688,44.9915487],[13.9158398,44.989452],[13.9142004,44.9879913],[13.9140987,44.9878141]]},"properties":{"voltage":"20000","name":""}},{"type":"Feature","geometry":{"type":"LineString","coordinates":[[13.9184769,44.9919552],[13.9183468,44.9922571],[13.9182184,44.9925523]]},"properties":{"voltage":"20000","name":""}},{"type":"Feature","geometry":{"type":"LineString","coordinates":[[13.9677452,45.0048029],[13.9681068,45.0044564],[13.9724271,45.0002638],[13.9722741,44.9996995]]},"properties":{"voltage":"20000","name":""}},{"type":"Feature","geometry":{"type":"LineString","coordinates":[[13.931001,44.9865163],[13.9352181,44.9889146],[13.9371953,44.9900367],[13.9403028,44.9917919],[13.9457096,44.9950071],[13.9479303,44.9963335],[13.955407,45.0008195],[13.9586258,45.000916]]},"properties":{"voltage":"20000","name":""}},{"type":"Feature","geometry":{"type":"LineString","coordinates":[[13.8719364,44.9972425],[13.8664679,44.9980216],[13.8660321,44.9980844]]},"properties":{"voltage":"20000","name":""}},{"type":"Feature","geometry":{"type":"LineString","coordinates":[[13.8704441,44.9941439],[13.8709865,44.9944177]]},"properties":{"voltage":"20000","name":""}},{"type":"Feature","geometry":{"type":"LineString","coordinates":[[13.8651508,44.9807988],[13.8651741,44.9808531],[13.8657608,44.9822122],[13.8663715,44.9836323],[13.8669672,44.9850148],[13.8675291,44.9863356],[13.8681543,44.9878046],[13.8687349,44.9891635],[13.8692543,44.9903745],[13.8698445,44.9917432],[13.8704097,44.9930661],[13.8709865,44.9944177],[13.8715934,44.9958405],[13.8719364,44.9972425],[13.8718993,44.9986613],[13.8717209,45.0000849],[13.8715539,45.001412],[13.8712819,45.0028942],[13.8710407,45.0042002],[13.8707664,45.0056881],[13.8705202,45.0070363],[13.8702407,45.0085713],[13.8699778,45.0100012],[13.8697337,45.0113389],[13.8694679,45.0127917],[13.8692123,45.0141827],[13.869608,45.0156583],[13.8700731,45.0171625],[13.8705169,45.018598],[13.8709534,45.0199974],[13.8713901,45.021402]]},"properties":{"voltage":"20000","name":""}},{"type":"Feature","geometry":{"type":"LineString","coordinates":[[13.8704441,44.9941439],[13.870282,44.9937977]]},"properties":{"voltage":"20000","name":""}},{"type":"Feature","geometry":{"type":"LineString","coordinates":[[13.8620251,44.8497857],[13.8631247,44.8489361],[13.8641207,44.8481612],[13.8660957,44.8466414],[13.8673014,44.8457037],[13.8714454,44.8458099],[13.8741515,44.8447944],[13.8750054,44.8429085],[13.8757751,44.8411537],[13.8766694,44.8391418],[13.8776066,44.8370391],[13.8784456,44.8351618],[13.8791152,44.8336596],[13.8783293,44.8316026],[13.8775376,44.8295399],[13.8771065,44.8283863]]},"properties":{"voltage":"35000","name":""}},{"type":"Feature","geometry":{"type":"LineString","coordinates":[[13.815082,44.9265254],[13.8151081,44.9266684],[13.8147431,44.927811],[13.8141023,44.9297303],[13.8134453,44.9316979],[13.8128145,44.9337415],[13.8122436,44.9355172],[13.8117204,44.9371219],[13.8112364,44.9386423],[13.8105453,44.9407915],[13.8099518,44.9426686],[13.8093482,44.9445335],[13.8089414,44.9458132],[13.8087293,44.9464804],[13.8081758,44.9482225],[13.8075651,44.9500993],[13.806932,44.9520654],[13.806288,44.9540652],[13.8056655,44.9560121],[13.8050001,44.9580552],[13.8043771,44.9600189],[13.8037115,44.9620644],[13.8023335,44.9634893],[13.8006882,44.9651876],[13.7990804,44.9668476],[13.7975568,44.9684184],[13.7959419,44.9700844],[13.7942825,44.9717941],[13.7927298,44.9733965],[13.791106,44.9750698],[13.7894679,44.9767626],[13.787954,44.9783193],[13.7872231,44.9790729],[13.7857469,44.9805957],[13.7841558,44.9822353],[13.7825944,44.9838449],[13.7809504,44.9855372],[13.7793056,44.9872312],[13.777775,44.9888078],[13.7762308,44.990244],[13.7744264,44.9919228],[13.7727104,44.9935195],[13.7711003,44.9950167],[13.7695013,44.9965027],[13.7678598,44.9980293],[13.7665574,44.9992384],[13.7648818,45.0007936],[13.7631121,45.0024382],[13.7619521,45.0035017]]},"properties":{"voltage":"0","name":""}},{"type":"Feature","geometry":{"type":"LineString","coordinates":[[13.8151587,44.9265197],[13.815249,44.9266366],[13.8167015,44.9267688],[13.8189941,44.9262127],[13.8219735,44.9254892],[13.824515,44.9248718],[13.8269091,44.9242897],[13.8299596,44.9235468],[13.8323246,44.9229763],[13.8351187,44.9222946],[13.8377867,44.9216451],[13.8406011,44.9209596],[13.843045,44.9203691],[13.8457294,44.9197142],[13.8484692,44.9190505],[13.8511737,44.9183911],[13.8533104,44.9178708],[13.8540905,44.917268],[13.8543048,44.9152667],[13.8547796,44.9109844],[13.8549923,44.9089429],[13.8558495,44.9076599],[13.8562849,44.9062696],[13.8568383,44.9045278],[13.8573793,44.9028406],[13.8577003,44.9014009],[13.8580532,44.8998511],[13.8584472,44.8981576],[13.8588453,44.8964155],[13.8593646,44.8941122],[13.8597967,44.8921906],[13.8602691,44.8900598]]},"properties":{"voltage":"35000","name":""}},{"type":"Feature","geometry":{"type":"LineString","coordinates":[[13.8872913,44.9032436],[13.888449,44.9042599],[13.8898254,44.9053656],[13.8910175,44.9063662],[13.8921199,44.9073256],[13.8934012,44.9083993],[13.8944981,44.9093414],[13.8956895,44.9103901],[13.8967703,44.911301],[13.898219,44.912513],[13.8993845,44.9134635],[13.9004643,44.9144387],[13.9016008,44.9154065],[13.9026597,44.916285],[13.9035307,44.9171841],[13.9048512,44.9186038],[13.9060395,44.9198293],[13.9073535,44.9212069],[13.9085285,44.9225447],[13.9096615,44.9237134],[13.9106644,44.9247579],[13.9117643,44.925886],[13.9128188,44.927039],[13.9139247,44.9281908],[13.9150485,44.9293852],[13.916231,44.9306223],[13.9173402,44.931806],[13.9185002,44.9330305],[13.9197702,44.9343742],[13.9209385,44.93559],[13.9221069,44.9368059],[13.923207,44.9379871],[13.9244046,44.9392349],[13.9254713,44.940323],[13.9265511,44.9415063],[13.9277333,44.9427856],[13.9287771,44.9438722],[13.9298717,44.9450661],[13.9309089,44.9461433],[13.9320187,44.9473268],[13.9332356,44.948604],[13.9344185,44.9498727],[13.9354705,44.9509605],[13.9364921,44.9520502],[13.9376789,44.9533162],[13.9386224,44.9543284],[13.9395518,44.9553122],[13.9406068,44.9565896],[13.9415451,44.9577152],[13.942327,44.958681],[13.9434535,44.9600195],[13.9444488,44.9612392],[13.9454827,44.9624788],[13.9465289,44.9637197],[13.9475909,44.9650324],[13.9486232,44.9662419],[13.9496491,44.9674711],[13.9506955,44.9687119],[13.9517079,44.9699513],[13.9527471,44.971192],[13.953731,44.9723739],[13.954634,44.9734627],[13.9557832,44.9748173],[13.9568079,44.9760578],[13.9576723,44.977353],[13.958336,44.9783149],[13.9591433,44.9795417],[13.960014,44.9808068],[13.9604798,44.9814962],[13.9612004,44.9825521],[13.9619638,44.9836811],[13.9628148,44.9849398],[13.963663,44.986241],[13.964658,44.987636],[13.9655271,44.9889997],[13.9665283,44.9904835],[13.9675432,44.99195],[13.9685209,44.9933926],[13.9693078,44.9945522],[13.9708578,44.9968229],[13.9717156,44.9981122],[13.9724866,44.9992412],[13.9733088,45.0004631],[13.9741438,45.001707],[13.974974,45.0029132],[13.9756835,45.0040803]]},"properties":{"voltage":"20000","name":""}},{"type":"Feature","geometry":{"type":"LineString","coordinates":[[13.944072,44.8541897],[13.944304,44.8527658],[13.9445532,44.8512493],[13.9446478,44.8508724],[13.9446712,44.8507793],[13.9448459,44.850083],[13.9451985,44.8486885],[13.9455413,44.8473278],[13.9458488,44.8461063],[13.9461102,44.8450612],[13.9464457,44.8437056],[13.9468136,44.8422448],[13.947091,44.8411372],[13.947401,44.8399084],[13.947719,44.8386425],[13.9480969,44.8371263],[13.9484371,44.8357645],[13.9487977,44.8343094],[13.9491556,44.8328531],[13.9493627,44.8320132],[13.9494616,44.8315894]]},"properties":{"voltage":"10000","name":""}},{"type":"Feature","geometry":{"type":"LineString","coordinates":[[13.897121,44.8746153],[13.8975174,44.8774626]]},"properties":{"voltage":"10000","name":""}},{"type":"Feature","geometry":{"type":"LineString","coordinates":[[13.832566,44.9253393],[13.8328906,44.9258885]]},"properties":{"voltage":"10000","name":""}},{"type":"Feature","geometry":{"type":"LineString","coordinates":[[13.8760487,44.8255393],[13.8778082,44.8238072],[13.8795747,44.8220716],[13.8811931,44.82048],[13.8832727,44.8184289],[13.8848709,44.8168364],[13.8870024,44.8161934],[13.8889956,44.8155943],[13.8916245,44.8147995],[13.8937506,44.8141504],[13.896544,44.8133022],[13.8989251,44.8125925],[13.9010757,44.8119229],[13.9031282,44.8113131],[13.9054186,44.8090741],[13.9065955,44.8078987],[13.9079279,44.8066008]]},"properties":{"voltage":"10000","name":""}},{"type":"Feature","geometry":{"type":"LineString","coordinates":[[13.8806319,44.8213005],[13.8812609,44.8208986],[13.881894,44.8204309],[13.8823521,44.8201981],[13.8828397,44.819889],[13.8833137,44.8195851],[13.8837811,44.8192873],[13.8842525,44.8189832],[13.8847313,44.8186784],[13.8852033,44.8183773],[13.8856917,44.8180607],[13.8861724,44.8177559],[13.8866556,44.8174457],[13.8871298,44.8171413],[13.8876647,44.8167981],[13.8882366,44.8164309],[13.8887424,44.8161062],[13.8893014,44.8159272],[13.8898868,44.815741],[13.8904677,44.815555],[13.8910496,44.8153673],[13.8916589,44.8151709],[13.8922458,44.8149758],[13.8928268,44.8147893],[13.8933769,44.8146136],[13.8939634,44.8144214]]},"properties":{"voltage":"10000","name":""}},{"type":"Feature","geometry":{"type":"LineString","coordinates":[[13.8795691,44.8201448],[13.8798041,44.8214742],[13.879467,44.8220452]]},"properties":{"voltage":"10000","name":""}},{"type":"Feature","geometry":{"type":"LineString","coordinates":[[13.8806319,44.8213005],[13.8799809,44.8217143],[13.879467,44.8220452],[13.8789157,44.8225823],[13.8784331,44.8230569],[13.8779198,44.8235676],[13.8773968,44.8240749],[13.8768803,44.8245808],[13.8763737,44.825078]]},"properties":{"voltage":"10000","name":""}},{"type":"Feature","geometry":{"type":"LineString","coordinates":[[14.0422104,44.9833786],[14.0424012,44.9834849],[14.0459425,44.9855483]]},"properties":{"voltage":"10000","name":""}},{"type":"Feature","geometry":{"type":"LineString","coordinates":[[14.0414848,44.9826773],[14.0395321,44.9821124],[14.0376557,44.9816519],[14.0350552,44.9807315],[14.0328603,44.9799549],[14.0290142,44.978591],[14.0271163,44.9779212],[14.0249636,44.9771507],[14.0230573,44.9764808],[14.0213637,44.9758885]]},"properties":{"voltage":"10000","name":""}},{"type":"Feature","geometry":{"type":"LineString","coordinates":[[13.918149,44.8573809],[13.9199548,44.8571029],[13.9218513,44.8568109],[13.9235387,44.8565475],[13.9253187,44.85628],[13.9267537,44.8560637],[13.9286982,44.8557671],[13.9306353,44.8554725]]},"properties":{"voltage":"10000","name":""}},{"type":"Feature","geometry":{"type":"LineString","coordinates":[[13.8786544,44.8283359],[13.8791088,44.8284164],[13.8796716,44.8285155],[13.8804192,44.8286459],[13.8810945,44.8287645],[13.8818615,44.8288998],[13.882571,44.8290247],[13.8832926,44.8291517],[13.883861,44.8292507],[13.8845454,44.8293704],[13.8853193,44.8295099],[13.8860506,44.8296357],[13.8867436,44.8297531],[13.8874038,44.82987],[13.8881288,44.8299989],[13.8888164,44.8301191],[13.8895586,44.8302498],[13.8902236,44.8303647],[13.8910309,44.8305069],[13.8917623,44.8306381],[13.8926039,44.8307824],[13.8932969,44.8309024],[13.8939601,44.8310176],[13.8946438,44.8311351],[13.8952675,44.8312483],[13.8960831,44.8313917],[13.8973102,44.8316075],[13.8981085,44.8317479],[13.8987882,44.8318628],[13.8994979,44.8319886],[13.9002979,44.8321279],[13.900977,44.8322469],[13.9016829,44.8323706],[13.9024506,44.8325043],[13.9031752,44.8326291],[13.9038436,44.8327457],[13.9045841,44.8328762],[13.9053055,44.8330023],[13.906024,44.8331289],[13.9067943,44.8332634],[13.9075221,44.8333917],[13.9082468,44.8335188],[13.9089746,44.8336454],[13.9096863,44.8337763],[13.9104534,44.8339102],[13.911071,44.8340132],[13.9117999,44.8341404],[13.9125704,44.8342734],[13.9133098,44.8340985],[13.9138798,44.833948],[13.9145762,44.833771],[13.9152947,44.8335894],[13.9159765,44.8334163],[13.9166442,44.833246]]},"properties":{"voltage":"10000","name":""}},{"type":"Feature","geometry":{"type":"LineString","coordinates":[[13.914553,44.9011015],[13.9164108,44.901545],[13.9194502,44.9017001],[13.9212079,44.9017897],[13.9225828,44.9018598],[13.9245798,44.9019617],[13.9262787,44.9020482],[13.9278758,44.9021296],[13.9284908,44.9020972],[13.9292102,44.9020583],[13.9293774,44.9020505]]},"properties":{"voltage":"10000","name":""}},{"type":"Feature","geometry":{"type":"LineString","coordinates":[[13.9083734,44.8996006],[13.909812,44.8999419],[13.9111733,44.9002649],[13.9122595,44.9005225],[13.914553,44.9011015]]},"properties":{"voltage":"10000","name":""}},{"type":"Feature","geometry":{"type":"LineString","coordinates":[[13.9166442,44.833246],[13.9173132,44.833077],[13.9179909,44.8329045],[13.9186652,44.8327321],[13.91931,44.8325695],[13.9198908,44.8324221],[13.92066,44.8322267],[13.9213355,44.8320561],[13.9220016,44.8318869],[13.9227372,44.8316987],[13.9233294,44.8315477],[13.9240303,44.8313709],[13.9245827,44.8312314],[13.9253298,44.8310378],[13.9260664,44.8308532],[13.9268115,44.830663],[13.9275668,44.8304681],[13.9283255,44.8302768],[13.9292797,44.8300335],[13.9302145,44.829795]]},"properties":{"voltage":"10000","name":""}},{"type":"Feature","geometry":{"type":"LineString","coordinates":[[13.9257403,44.9188288],[13.9274365,44.9191653]]},"properties":{"voltage":"10000","name":""}},{"type":"Feature","geometry":{"type":"LineString","coordinates":[[13.8939634,44.8144214],[13.8945349,44.8142366],[13.8951154,44.8140485],[13.8957119,44.8138542],[13.8963622,44.8136392],[13.8969355,44.8134553],[13.8974988,44.8132764],[13.8980865,44.8130845],[13.8987105,44.8128819],[13.8992834,44.8126923],[13.8998488,44.8125056],[13.900573,44.8122731],[13.9012427,44.8120535],[13.9018015,44.8118772],[13.9024033,44.8116726],[13.902975,44.8114899],[13.9035515,44.8112981],[13.9041286,44.8111078],[13.9047198,44.8109109],[13.9053406,44.8107061],[13.9058858,44.8105287],[13.9065295,44.8103094],[13.9066484,44.8098602],[13.9067595,44.8094161],[13.9068745,44.8089574],[13.9069818,44.8085266],[13.9070966,44.8080695],[13.9072193,44.8076206],[13.9075898,44.8073156],[13.9079729,44.8070061]]},"properties":{"voltage":"10000","name":""}},{"type":"Feature","geometry":{"type":"LineString","coordinates":[[13.9164352,44.864155],[13.9142425,44.8603205],[13.9139047,44.8597334],[13.9136322,44.8592623]]},"properties":{"voltage":"10000","name":""}},{"type":"Feature","geometry":{"type":"LineString","coordinates":[[13.9525263,44.9078333],[13.9532043,44.9087076],[13.9538043,44.9094841],[13.9546018,44.9104285],[13.956119,44.9107503],[13.9570624,44.9109985]]},"properties":{"voltage":"10000","name":""}},{"type":"Feature","geometry":{"type":"LineString","coordinates":[[13.8833715,44.8695435],[13.8844695,44.8743177]]},"properties":{"voltage":"10000","name":""}},{"type":"Feature","geometry":{"type":"LineString","coordinates":[[13.8981215,44.8637509],[13.8998442,44.863204],[13.901681,44.8626138],[13.9029678,44.862201],[13.9037607,44.8619469],[13.9046938,44.8616546],[13.9065347,44.8610704],[13.9082702,44.8605186],[13.9099624,44.8599829],[13.9105068,44.8598079],[13.9116791,44.8594373],[13.9134104,44.8588854],[13.9149004,44.858412],[13.9165701,44.8578811],[13.918149,44.8573809]]},"properties":{"voltage":"10000","name":""}},{"type":"Feature","geometry":{"type":"LineString","coordinates":[[13.9051845,44.8988212],[13.9065469,44.8991574],[13.9083734,44.8996006]]},"properties":{"voltage":"10000","name":""}},{"type":"Feature","geometry":{"type":"LineString","coordinates":[[13.8796248,44.8706376],[13.8797389,44.8705722],[13.8799021,44.8704703],[13.879977,44.8704185],[13.8801415,44.8703],[13.8803833,44.8702102],[13.8807924,44.8701093],[13.8812598,44.8700048],[13.8817022,44.8699113],[13.882111,44.8698211],[13.8825296,44.8697266],[13.8829517,44.8696321],[13.8833715,44.8695435],[13.8855193,44.8690835],[13.8865279,44.8688667],[13.8877869,44.8685982],[13.888944,44.8683467],[13.8900499,44.8681128],[13.8914202,44.8678207],[13.8922665,44.8676384],[13.8926955,44.8675407],[13.8931128,44.8674545],[13.8943857,44.8671794],[13.8954429,44.8669565],[13.8960285,44.8668343],[13.8979955,44.8664146],[13.8983842,44.8662525],[13.898417,44.8660927]]},"properties":{"voltage":"10000","name":""}},{"type":"Feature","geometry":{"type":"LineString","coordinates":[[14.0499277,44.9863297],[14.0547433,44.9860078],[14.056432,44.985892],[14.0583247,44.9857633],[14.0607825,44.9855981],[14.063008,44.9854378],[14.0638058,44.9847849],[14.0648557,44.9839051],[14.0659873,44.9829551],[14.0677339,44.9814811],[14.0687641,44.9806126],[14.0694856,44.9800066],[14.0697718,44.9797662],[14.0701409,44.9794561],[14.0712982,44.9785062],[14.0749178,44.9782038],[14.0753617,44.9781495]]},"properties":{"voltage":"10000","name":""}},{"type":"Feature","geometry":{"type":"LineString","coordinates":[[14.0491191,44.9861035],[14.0502567,44.9854069]]},"properties":{"voltage":"10000","name":""}},{"type":"Feature","geometry":{"type":"LineString","coordinates":[[13.9509282,42.7172458],[13.9516128,42.7174788]]},"properties":{"voltage":"","name":""}},{"type":"Feature","geometry":{"type":"LineString","coordinates":[[13.9523309,42.6975766],[13.9521241,42.7004107],[13.9520547,42.7012805],[13.9516694,42.7019734],[13.9519568,42.7028367],[13.9521486,42.7036404],[13.9517637,42.7053094],[13.9516631,42.7066635],[13.9519172,42.7085364],[13.951942,42.7090109],[13.9518663,42.7097411],[13.951759,42.7099505],[13.9518629,42.7102499],[13.9519621,42.7103191],[13.9520229,42.7104978]]},"properties":{"voltage":"","name":""}},{"type":"Feature","geometry":{"type":"LineString","coordinates":[[13.8610192,42.6165612],[13.8599537,42.6166664],[13.8582028,42.6168608],[13.8562542,42.617069],[13.8544947,42.6179829],[13.8525528,42.6190172]]},"properties":{"voltage":"","name":""}},{"type":"Feature","geometry":{"type":"LineString","coordinates":[[13.8611083,42.6167525],[13.860065,42.6171386],[13.8589619,42.6175363],[13.8591705,42.6183554],[13.85943,42.6194277],[13.8599121,42.6214054],[13.86063,42.6214883]]},"properties":{"voltage":"","name":"Via Carlo Pisacane"}},{"type":"Feature","geometry":{"type":"LineString","coordinates":[[14.9050257,44.1903149],[14.9131908,44.1849421],[14.9189387,44.1811577],[14.9217679,44.1794654],[14.9240514,44.1781438],[14.9267836,44.1765686],[14.9318539,44.1741638]]},"properties":{"voltage":"","name":""}},{"type":"Feature","geometry":{"type":"LineString","coordinates":[[14.9318539,44.1741638],[14.9327257,44.1743905],[14.9339567,44.1744363],[14.9349867,44.174497],[14.9362286,44.1745409],[14.9367258,44.1745659]]},"properties":{"voltage":"","name":""}},{"type":"Feature","geometry":{"type":"LineString","coordinates":[[14.9318539,44.1741638],[14.9183331,44.1661581]]},"properties":{"voltage":"10000","name":""}},{"type":"Feature","geometry":{"type":"LineString","coordinates":[[14.9367258,44.1745659],[14.9549448,44.1796349]]},"properties":{"voltage":"","name":""}},{"type":"Feature","geometry":{"type":"LineString","coordinates":[[14.917577,44.1556921],[14.9030877,44.1466813],[14.9028427,44.1464053]]},"properties":{"voltage":"10000","name":""}},{"type":"Feature","geometry":{"type":"LineString","coordinates":[[14.7879075,44.2632244],[14.7897123,44.2616893]]},"properties":{"voltage":"","name":""}},{"type":"Feature","geometry":{"type":"LineString","coordinates":[[14.7523323,44.2897712],[14.7520316,44.2893745],[14.7509075,44.2893148],[14.7462629,44.2909701],[14.736961,44.2946256],[14.725685,44.2990717],[14.7166835,44.3025884],[14.7071348,44.3063813],[14.6984122,44.3097517],[14.687029,44.3142428],[14.6789115,44.317569],[14.6696671,44.3212254],[14.6562748,44.3264513],[14.6471295,44.3300464],[14.6399662,44.3328717],[14.6371631,44.3339856],[14.6298158,44.3362943],[14.6223693,44.3386029],[14.6177684,44.340071],[14.612968,44.3414823],[14.6129126,44.3414986],[14.61069,44.3417618],[14.6086231,44.3419441],[14.6074056,44.3418327],[14.606636,44.341811],[14.6063518,44.3418991],[14.6057464,44.3420867]]},"properties":{"voltage":"","name":""}},{"type":"Feature","geometry":{"type":"LineString","coordinates":[[14.612968,44.3414823],[14.6159655,44.3427127],[14.6206815,44.3444804],[14.6252104,44.3459864],[14.6303654,44.3477366],[14.635122,44.3493763],[14.6406104,44.3512369],[14.6460988,44.3531032],[14.6508879,44.3547136],[14.6555632,44.356295],[14.660084,44.3578065],[14.6662228,44.3599052],[14.6720934,44.3618758],[14.6775899,44.3637244],[14.6831758,44.36566],[14.6886642,44.3675259],[14.6913962,44.3684733],[14.6927424,44.3686245],[14.6932379,44.36862],[14.6935246,44.3685037],[14.6935193,44.3683923]]},"properties":{"voltage":"","name":""}},{"type":"Feature","geometry":{"type":"LineString","coordinates":[[14.5891718,44.3528112],[14.587195,44.3560871],[14.5850013,44.3596471],[14.5826227,44.3635239],[14.5805646,44.3669424],[14.5783339,44.370484],[14.5757951,44.3746509],[14.5737493,44.3780952],[14.5709887,44.3827107],[14.5682158,44.3873611],[14.5653689,44.3920111],[14.5625713,44.396696],[14.558911,44.4027981],[14.5550165,44.4092429],[14.552983,44.4126411],[14.5501731,44.4173067],[14.5477083,44.4213822],[14.5443561,44.4269889],[14.541768,44.4312837],[14.5376271,44.4381214],[14.5348172,44.442741],[14.5333999,44.4451254],[14.5314157,44.4483984],[14.5289509,44.4522606],[14.5261902,44.4564216],[14.5261902,44.4566327],[14.5283347,44.4629221],[14.5305653,44.4695362],[14.5320935,44.4741533],[14.5332643,44.477662],[14.5335108,44.4783303]]},"properties":{"voltage":"","name":""}},{"type":"Feature","geometry":{"type":"LineString","coordinates":[[14.5330224,44.4792538],[14.5335108,44.4783303],[14.535083,44.4757745],[14.5369132,44.4727889],[14.5381394,44.4707178],[14.539643,44.4681761],[14.5417761,44.4646582]]},"properties":{"voltage":"","name":""}},{"type":"Feature","geometry":{"type":"LineString","coordinates":[[14.4419007,44.5418627],[14.4329202,44.5396814],[14.4206894,44.5367295],[14.4109905,44.5343893],[14.3996179,44.5316361],[14.3870437,44.5285461],[14.3758643,44.5258384],[14.3626893,44.5226258],[14.3505013,44.5196425],[14.3371761,44.5164295],[14.3274343,44.5140579],[14.3169844,44.5115484],[14.3114412,44.5101716],[14.3111915,44.5088184]]},"properties":{"voltage":"","name":""}},{"type":"Feature","geometry":{"type":"LineString","coordinates":[[14.2752171,44.6178879],[14.2821421,44.6162841],[14.2976906,44.6127117],[14.3133118,44.6090609],[14.3287613,44.6054862],[14.3451979,44.6016821],[14.3579437,44.5987333],[14.371226,44.5956622],[14.3789723,44.5942259]]},"properties":{"voltage":"","name":""}},{"type":"Feature","geometry":{"type":"LineString","coordinates":[[14.3907888,44.9599416],[14.3824159,44.9641918],[14.3702693,44.9703417],[14.3610816,44.9749386],[14.351186,44.9798757],[14.3436263,44.9836508],[14.3359674,44.9874257],[14.3282662,44.9912704],[14.3193332,44.9957054],[14.3116461,44.9995296],[14.3040722,45.0032934],[14.297192,45.0067566],[14.2899862,45.0103498],[14.2822424,45.014223],[14.2738899,45.0183961],[14.2659763,45.0223788],[14.2583033,45.0262112],[14.250234,45.0302234],[14.2397438,45.0354958],[14.2328919,45.0390271],[14.2265213,45.0423182],[14.2193155,45.0460792],[14.2116567,45.05004],[14.2011241,45.0555406],[14.1931396,45.0596507],[14.1873637,45.0626806],[14.1796482,45.0666702],[14.1715222,45.0708995],[14.1667903,45.073324]]},"properties":{"voltage":"","name":""}},{"type":"Feature","geometry":{"type":"LineString","coordinates":[[14.7325042,44.7041987],[14.7369891,44.7122831],[14.7427827,44.7229716],[14.7491127,44.7345422],[14.7554987,44.7460739],[14.7577266,44.7504049],[14.7598877,44.7555576]]},"properties":{"voltage":"","name":""}},{"type":"Feature","geometry":{"type":"LineString","coordinates":[[13.9012791,42.7019428],[13.9036167,42.7032837],[13.9054137,42.7043165]]},"properties":{"voltage":"","name":""}},{"type":"Feature","geometry":{"type":"LineString","coordinates":[[13.9512393,42.709718],[13.9508638,42.7094144],[13.9507518,42.7090759]]},"properties":{"voltage":"","name":""}},{"type":"Feature","geometry":{"type":"LineString","coordinates":[[13.9512956,42.7119642],[13.9511806,42.7137293],[13.9510514,42.7155295],[13.9509282,42.7172458]]},"properties":{"voltage":"","name":""}},{"type":"Feature","geometry":{"type":"LineString","coordinates":[[13.809341,42.6976298],[13.809223,42.6978964],[13.8090403,42.6982806],[13.8088395,42.6987076],[13.80858,42.6990989],[13.8087147,42.6999938],[13.8081394,42.701182],[13.8075091,42.7021705],[13.8063309,42.7018063],[13.8055645,42.7017561]]},"properties":{"voltage":"","name":""}},{"type":"Feature","geometry":{"type":"LineString","coordinates":[[13.809451,42.6949922],[13.8106593,42.6936192]]},"properties":{"voltage":"","name":""}},{"type":"Feature","geometry":{"type":"LineString","coordinates":[[13.8093451,42.6949745],[13.8103241,42.6938335],[13.8106902,42.6933767]]},"properties":{"voltage":"","name":""}},{"type":"Feature","geometry":{"type":"LineString","coordinates":[[13.809498,42.6959523],[13.8105878,42.6941014]]},"properties":{"voltage":"","name":""}},{"type":"Feature","geometry":{"type":"LineString","coordinates":[[13.810717,42.6954851],[13.8122539,42.6947512]]},"properties":{"voltage":"","name":""}},{"type":"Feature","geometry":{"type":"LineString","coordinates":[[13.8106325,42.6954565],[13.8122633,42.6945585]]},"properties":{"voltage":"","name":""}},{"type":"Feature","geometry":{"type":"LineString","coordinates":[[13.810542,42.6954244],[13.8114915,42.6943776]]},"properties":{"voltage":"","name":""}},{"type":"Feature","geometry":{"type":"LineString","coordinates":[[13.8115592,42.6877771],[13.8105802,42.68855]]},"properties":{"voltage":"","name":""}},{"type":"Feature","geometry":{"type":"LineString","coordinates":[[13.7964047,42.6213323],[13.7971544,42.6214843],[13.7980436,42.6216536],[13.7996945,42.6222738],[13.8017933,42.6226655],[13.8030989,42.6237081],[13.8050758,42.6243139],[13.8064402,42.6247319],[13.8081931,42.6247783],[13.8096455,42.6248069],[13.8109115,42.6248345],[13.8123344,42.6248671],[13.8138559,42.6247211],[13.8154169,42.6245814],[13.8171865,42.6244137],[13.8194543,42.6241941]]},"properties":{"voltage":"","name":""}},{"type":"Feature","geometry":{"type":"LineString","coordinates":[[13.7698656,42.626072],[13.7709834,42.6258887],[13.7723447,42.6257848],[13.7738514,42.6256501],[13.7758617,42.6254809],[13.7774147,42.6253531],[13.7801278,42.6251242],[13.7837568,42.6250452],[13.7871535,42.6249701],[13.7884627,42.6249411],[13.7899158,42.6249145],[13.7913837,42.6248511],[13.7931807,42.6247541],[13.7953305,42.624649],[13.7968896,42.6245777],[13.7986283,42.6246905],[13.8007218,42.6248375],[13.8016701,42.6250455]]},"properties":{"voltage":"","name":""}},{"type":"Feature","geometry":{"type":"LineString","coordinates":[[13.7602258,42.6233992],[13.7608333,42.6229177]]},"properties":{"voltage":"","name":""}},{"type":"Feature","geometry":{"type":"LineString","coordinates":[[13.8237813,42.7019881],[13.823831,42.7017053],[13.8240784,42.7012914]]},"properties":{"voltage":"","name":""}},{"type":"Feature","geometry":{"type":"LineString","coordinates":[[13.7570152,42.6756601],[13.753596,42.6736575],[13.7525681,42.6727415],[13.7505591,42.6712043],[13.7495271,42.6703858]]},"properties":{"voltage":"","name":""}},{"type":"Feature","geometry":{"type":"LineString","coordinates":[[13.7639748,42.6805104],[13.7658651,42.6813218],[13.7674436,42.6819819],[13.7701635,42.6826819]]},"properties":{"voltage":"","name":""}},{"type":"Feature","geometry":{"type":"LineString","coordinates":[[13.8364092,42.6278615],[13.8363757,42.628227],[13.8362657,42.6305286],[13.8361658,42.6313954],[13.8359781,42.6334531],[13.8359472,42.6353336],[13.8358352,42.6362388],[13.8351037,42.6374859],[13.8339429,42.6391113],[13.8322022,42.6418943],[13.8308161,42.6440197],[13.8284927,42.6475059],[13.8266192,42.6502949],[13.8247624,42.6518514],[13.8232101,42.6532042],[13.8231098,42.6538415]]},"properties":{"voltage":"","name":""}},{"type":"Feature","geometry":{"type":"LineString","coordinates":[[13.8230885,42.6538533],[13.822218,42.654032],[13.8216705,42.6544213],[13.8215069,42.6550358],[13.8208846,42.6577156],[13.8201316,42.6608893],[13.8195643,42.6631852],[13.8188164,42.666195],[13.8182929,42.6683018],[13.8171905,42.6718437],[13.8164932,42.6753643],[13.8160144,42.6764232]]},"properties":{"voltage":"","name":""}},{"type":"Feature","geometry":{"type":"LineString","coordinates":[[13.8426222,42.6747286],[13.8429666,42.6746046],[13.8440046,42.674364],[13.8449628,42.6741446],[13.8458211,42.673942],[13.8469563,42.6730215],[13.8481861,42.6720395],[13.8488929,42.6715425],[13.8496453,42.6710002],[13.8519701,42.6693702],[13.8525595,42.6689314],[13.8529739,42.668589],[13.8536196,42.6679657],[13.8543733,42.6672895],[13.8564876,42.6653582],[13.8581532,42.6638222],[13.8587192,42.6633134],[13.8594863,42.6625648]]},"properties":{"voltage":"","name":""}},{"type":"Feature","geometry":{"type":"LineString","coordinates":[[13.7610193,42.6260997],[13.7619022,42.6263808],[13.7637069,42.6273296]]},"properties":{"voltage":"","name":""}},{"type":"Feature","geometry":{"type":"LineString","coordinates":[[13.8492738,42.6216639],[13.8511862,42.6213649],[13.852187,42.6215519]]},"properties":{"voltage":"","name":""}},{"type":"Feature","geometry":{"type":"LineString","coordinates":[[13.851909,42.6183318],[13.852312,42.6183007],[13.8527767,42.6182686]]},"properties":{"voltage":"","name":""}},{"type":"Feature","geometry":{"type":"LineString","coordinates":[[13.906156,42.6330895],[13.9065537,42.6331595],[13.9075347,42.6333209]]},"properties":{"voltage":"","name":""}},{"type":"Feature","geometry":{"type":"LineString","coordinates":[[13.9160624,42.6327513],[13.9170063,42.63298],[13.9178384,42.6331931],[13.9196821,42.6336516],[13.9214748,42.6337328],[13.9233718,42.6338305],[13.9256966,42.633937],[13.9279778,42.6340288],[13.9301933,42.6341511],[13.9324424,42.6342488],[13.9347947,42.6343593],[13.9369968,42.6344747],[13.939333,42.6345823],[13.9415518,42.6346849],[13.943534,42.6352014]]},"properties":{"voltage":"","name":""}},{"type":"Feature","geometry":{"type":"LineString","coordinates":[[13.9181267,42.6309356],[13.9187416,42.6299656],[13.9189334,42.6295463]]},"properties":{"voltage":"","name":""}},{"type":"Feature","geometry":{"type":"LineString","coordinates":[[13.9093814,42.6300643],[13.9103705,42.6301077],[13.9118668,42.6302524]]},"properties":{"voltage":"","name":""}},{"type":"Feature","geometry":{"type":"LineString","coordinates":[[13.9092903,42.6298863],[13.9083306,42.6294733],[13.9060085,42.6287544],[13.9040579,42.6281466],[13.9022149,42.627575],[13.9003953,42.6269502],[13.899698,42.6267128],[13.8995472,42.6266615],[13.8983636,42.6262585],[13.8961038,42.6254745]]},"properties":{"voltage":"","name":""}},{"type":"Feature","geometry":{"type":"LineString","coordinates":[[13.8603634,42.6173212],[13.8607523,42.6181201],[13.8622074,42.6192862],[13.8648306,42.6208468],[13.8678199,42.6207264],[13.869845,42.6206623],[13.8727605,42.6205389],[13.8746515,42.6203711],[13.877217,42.6198205],[13.8796739,42.6193043],[13.8818988,42.6189767],[13.8840245,42.6193182],[13.886189,42.6196606],[13.8880303,42.6201007],[13.8903652,42.6206563],[13.892287,42.6210955],[13.8938695,42.6214508],[13.8960998,42.621954],[13.89768,42.622359]]},"properties":{"voltage":"","name":""}},{"type":"Feature","geometry":{"type":"LineString","coordinates":[[13.9146785,42.6267346],[13.9141454,42.6261678],[13.9135474,42.6255471],[13.9118199,42.6253054],[13.9106374,42.6250915],[13.9097931,42.6249185],[13.9079483,42.6242582],[13.9063834,42.6236524],[13.9048277,42.6230603],[13.9028402,42.6225037],[13.900565,42.6218716],[13.8980263,42.6217399],[13.8962473,42.621586],[13.8939419,42.6213827],[13.8923138,42.6210185],[13.8904122,42.6205892],[13.8880827,42.6200208],[13.8862199,42.6195738],[13.88405,42.6192234],[13.881931,42.6188908],[13.8796981,42.6192155],[13.8771835,42.6197386],[13.874626,42.6202813],[13.8727793,42.6204748],[13.8698919,42.6205705],[13.8678239,42.6206396],[13.8649043,42.6207437],[13.8623182,42.6192467],[13.8609226,42.6180934],[13.8605504,42.6173389]]},"properties":{"voltage":"","name":""}},{"type":"Feature","geometry":{"type":"LineString","coordinates":[[13.8675282,42.6289848],[13.8675041,42.6286119]]},"properties":{"voltage":"","name":""}},{"type":"Feature","geometry":{"type":"LineString","coordinates":[[13.9386658,42.6419673],[13.9393531,42.6421858]]},"properties":{"voltage":"","name":""}},{"type":"Feature","geometry":{"type":"LineString","coordinates":[[13.9221387,42.63689],[13.9210041,42.6366512],[13.9198514,42.6364085],[13.9181797,42.6360765],[13.91719,42.6358762]]},"properties":{"voltage":"","name":""}},{"type":"Feature","geometry":{"type":"LineString","coordinates":[[13.795527,42.6378238],[13.7961654,42.6376299],[13.797141,42.6372619]]},"properties":{"voltage":"","name":""}},{"type":"Feature","geometry":{"type":"LineString","coordinates":[[13.7318225,42.7398652],[13.7316777,42.7398839],[13.7312197,42.7403459]]},"properties":{"voltage":"","name":""}},{"type":"Feature","geometry":{"type":"LineString","coordinates":[[13.9498975,42.7221993],[13.9509417,42.722636],[13.9520864,42.7231939]]},"properties":{"voltage":"","name":""}},{"type":"Feature","geometry":{"type":"LineString","coordinates":[[13.8420631,42.9839233],[13.8416056,42.9851628],[13.8411709,42.9861826]]},"properties":{"voltage":"","name":""}},{"type":"Feature","geometry":{"type":"LineString","coordinates":[[13.926674,42.7261348],[13.9262737,42.7264276],[13.9256269,42.7269081],[13.9246147,42.7276355],[13.9242459,42.7279156]]},"properties":{"voltage":"","name":""}},{"type":"Feature","geometry":{"type":"LineString","coordinates":[[13.9306291,42.6761544],[13.9306955,42.6767632]]},"properties":{"voltage":"","name":""}},{"type":"Feature","geometry":{"type":"LineString","coordinates":[[13.9793873,42.6617984],[13.9776359,42.6629285]]},"properties":{"voltage":"","name":""}},{"type":"Feature","geometry":{"type":"LineString","coordinates":[[13.9737685,42.6655707],[13.9747965,42.6647949],[13.9760509,42.6639171]]},"properties":{"voltage":"","name":""}},{"type":"Feature","geometry":{"type":"LineString","coordinates":[[13.9740803,42.6654945],[13.9748944,42.6648434],[13.9763331,42.6640326],[13.9777435,42.6632952]]},"properties":{"voltage":"","name":""}},{"type":"Feature","geometry":{"type":"LineString","coordinates":[[13.9731454,42.6662411],[13.9752712,42.6655708]]},"properties":{"voltage":"","name":""}},{"type":"Feature","geometry":{"type":"LineString","coordinates":[[13.9516744,42.6598872],[13.953086,42.6591871]]},"properties":{"voltage":"","name":""}},{"type":"Feature","geometry":{"type":"LineString","coordinates":[[13.9651323,42.6836203],[13.9618688,42.6831812],[13.9578565,42.6824299]]},"properties":{"voltage":"","name":""}},{"type":"Feature","geometry":{"type":"LineString","coordinates":[[13.9843574,42.6327707],[13.9862852,42.6336276]]},"properties":{"voltage":"","name":""}},{"type":"Feature","geometry":{"type":"LineString","coordinates":[[13.9830614,42.6141549],[13.9835819,42.6154057],[13.9841931,42.616944]]},"properties":{"voltage":"","name":""}},{"type":"Feature","geometry":{"type":"LineString","coordinates":[[13.9729137,42.6165636],[13.9723741,42.6169843],[13.9718076,42.6174192]]},"properties":{"voltage":"","name":""}},{"type":"Feature","geometry":{"type":"LineString","coordinates":[[14.0474149,42.5956911],[14.0484605,42.5964734]]},"properties":{"voltage":"","name":""}},{"type":"Feature","geometry":{"type":"LineString","coordinates":[[13.9810715,42.6070649],[13.9801005,42.6067937],[13.979094,42.6069563],[13.9776235,42.6069437],[13.9773915,42.606939]]},"properties":{"voltage":"","name":""}},{"type":"Feature","geometry":{"type":"LineString","coordinates":[[14.0761969,42.5442072],[14.0764471,42.5444373],[14.0769112,42.5448221],[14.0770118,42.545865],[14.0771229,42.5469089],[14.0771334,42.5476708],[14.0772383,42.5487326],[14.0770834,42.5492074]]},"properties":{"voltage":"","name":""}},{"type":"Feature","geometry":{"type":"LineString","coordinates":[[14.1099132,42.5034787],[14.1086001,42.5042416],[14.1071872,42.5050338],[14.1059739,42.5057275],[14.1043272,42.5066455],[14.1029611,42.5073993],[14.1015544,42.5082179],[14.1001057,42.5090477]]},"properties":{"voltage":"","name":""}},{"type":"Feature","geometry":{"type":"LineString","coordinates":[[13.9388381,42.5116386],[13.9394221,42.5105242],[13.9399481,42.5099035],[13.9404286,42.5094328],[13.9413694,42.5089558],[13.9418227,42.5094644],[13.9422593,42.5099254],[13.9426769,42.5104145]]},"properties":{"voltage":"","name":""}},{"type":"Feature","geometry":{"type":"LineString","coordinates":[[13.8434907,42.60438],[13.8440218,42.6048812],[13.8447516,42.6056471],[13.8451122,42.6060705],[13.8455216,42.606524],[13.8459859,42.6070904],[13.8467263,42.6077954]]},"properties":{"voltage":"","name":""}},{"type":"Feature","geometry":{"type":"LineString","coordinates":[[13.9474604,42.6362215],[13.9495767,42.6367727],[13.951634,42.6373051],[13.9529717,42.6376485],[13.9545413,42.6373213],[13.9557032,42.6370481],[13.9558245,42.6374653],[13.9558863,42.6377265],[13.9564035,42.6385427],[13.9585116,42.6390922],[13.9606416,42.639638],[13.9625878,42.640148],[13.9647398,42.6407069],[13.9669532,42.6412968],[13.9691813,42.641859],[13.9714917,42.6424698],[13.9736749,42.6430246],[13.9760741,42.6436697]]},"properties":{"voltage":"","name":""}},{"type":"Feature","geometry":{"type":"LineString","coordinates":[[13.9918937,42.6592519],[13.9927364,42.6593299],[13.9935109,42.6594114],[13.9938391,42.6594442]]},"properties":{"voltage":"","name":""}},{"type":"Feature","geometry":{"type":"LineString","coordinates":[[13.9945093,42.6597959],[13.9954264,42.6599166]]},"properties":{"voltage":"","name":""}},{"type":"Feature","geometry":{"type":"LineString","coordinates":[[13.9682422,42.6451332],[13.9680628,42.644883],[13.9685766,42.6436333],[13.9686537,42.6435302],[13.9687387,42.6434642],[13.9692051,42.6433748]]},"properties":{"voltage":"","name":""}},{"type":"Feature","geometry":{"type":"LineString","coordinates":[[13.9678773,42.6496914],[13.9686963,42.6476977]]},"properties":{"voltage":"","name":""}},{"type":"Feature","geometry":{"type":"LineString","coordinates":[[13.8672389,42.4166647],[13.8678038,42.4160848],[13.8684642,42.4154709],[13.8685467,42.4146417],[13.8686357,42.4140947],[13.8697658,42.4135674],[13.8723446,42.4141142],[13.8726117,42.4134675],[13.8734075,42.4122233],[13.874449,42.4120146],[13.8751487,42.4120286],[13.8756546,42.4113385],[13.8754182,42.4107489],[13.8756214,42.4099034],[13.8761321,42.4094234],[13.8773439,42.4089993],[13.8779987,42.4086623],[13.8774264,42.4076864],[13.8770244,42.407382],[13.8767399,42.407152],[13.8764196,42.4068785],[13.8754058,42.4060321],[13.875547,42.4053584],[13.8746701,42.4045815],[13.8737668,42.4037631],[13.8733831,42.4021846],[13.8737899,42.401062],[13.8740876,42.4004638]]},"properties":{"voltage":"","name":""}},{"type":"Feature","geometry":{"type":"LineString","coordinates":[[13.8202792,42.4370018],[13.8206143,42.438101],[13.8210273,42.4386655],[13.8216071,42.4392817],[13.8219449,42.4396339],[13.8227619,42.4404508]]},"properties":{"voltage":"","name":""}},{"type":"Feature","geometry":{"type":"LineString","coordinates":[[13.9090133,42.6402241],[13.9096852,42.6387487]]},"properties":{"voltage":"","name":""}},{"type":"Feature","geometry":{"type":"LineString","coordinates":[[13.8378348,42.6271564],[13.8395615,42.6258909],[13.8405459,42.6253038],[13.8427868,42.6254927]]},"properties":{"voltage":"","name":""}},{"type":"Feature","geometry":{"type":"LineString","coordinates":[[13.8702483,42.4176144],[13.8699261,42.4176941],[13.8683825,42.4178926],[13.8672389,42.4166647]]},"properties":{"voltage":"","name":""}},{"type":"Feature","geometry":{"type":"LineString","coordinates":[[13.5874459,43.0240129],[13.5882412,43.0236913],[13.5889976,43.0233834],[13.5899109,43.0230334],[13.5907712,43.0226888],[13.5916794,43.022323],[13.5924908,43.0219948],[13.5921337,43.0216264],[13.5919648,43.0213489]]},"properties":{"voltage":"","name":""}},{"type":"Feature","geometry":{"type":"LineString","coordinates":[[13.5871824,43.0186947],[13.5872246,43.0193384],[13.5872561,43.0199493],[13.5872849,43.020507],[13.587344,43.0216529],[13.5874459,43.0240129],[13.5875089,43.025459],[13.5875411,43.0259894],[13.5875673,43.0266521],[13.5875753,43.0268168],[13.5876035,43.0272115],[13.5876437,43.0276771],[13.5876813,43.0282722],[13.5877101,43.0289212],[13.5877463,43.029506]]},"properties":{"voltage":"","name":""}},{"type":"Feature","geometry":{"type":"LineString","coordinates":[[13.990301,42.6540584],[13.990881,42.653546],[13.9911519,42.6528925],[13.9913899,42.6523101],[13.9918935,42.651053]]},"properties":{"voltage":"","name":""}},{"type":"Feature","geometry":{"type":"LineString","coordinates":[[13.9900086,42.6544665],[13.9906463,42.6543498],[13.9914701,42.6541646]]},"properties":{"voltage":"","name":""}},{"type":"Feature","geometry":{"type":"LineString","coordinates":[[13.934677,42.597212],[13.9354805,42.596931],[13.936347,42.5966514],[13.937564,42.5962449],[13.9384827,42.5957713],[13.9388287,42.5956538],[13.9409007,42.5947687],[13.9430237,42.5938829],[13.9444707,42.5932108]]},"properties":{"voltage":"","name":""}},{"type":"Feature","geometry":{"type":"LineString","coordinates":[[13.9321218,42.597725],[13.9325825,42.5976596],[13.934516,42.5973676],[13.9352312,42.5971088],[13.9360908,42.5968153]]},"properties":{"voltage":"","name":""}},{"type":"Feature","geometry":{"type":"LineString","coordinates":[[13.527287,43.4696272],[13.5240719,43.4696764],[13.5210256,43.4697241],[13.518332,43.4697551],[13.516122,43.4697863],[13.5131951,43.4698335],[13.5102924,43.469879],[13.5085641,43.4710682],[13.506061,43.4728309],[13.5042202,43.4740676],[13.5029069,43.475643],[13.5009646,43.4761694],[13.4996323,43.4767527],[13.4993138,43.4774201]]},"properties":{"voltage":"","name":""}}]}