{"type":"FeatureCollection","features":[{"type":"Feature","geometry":{"type":"Point","coordinates":[13.6976879,43.3607981]},"properties":{"voltage":"","name":""}},{"type":"Feature","geometry":{"type":"Point","coordinates":[13.6473881,43.4130752]},"properties":{"voltage":"","name":""}},{"type":"Feature","geometry":{"type":"Point","coordinates":[13.6762021,43.3954293]},"properties":{"voltage":"","name":""}},{"type":"Feature","geometry":{"type":"Point","coordinates":[13.6963102,43.3614599]},"properties":{"voltage":"","name":""}},{"type":"Feature","geometry":{"type":"Point","coordinates":[13.5799304,43.4606669]},"properties":{"voltage":"","name":""}},{"type":"Feature","geometry":{"type":"Point","coordinates":[13.5020898,43.4871957]},"properties":{"voltage":"","name":""}},{"type":"Feature","geometry":{"type":"Point","coordinates":[13.9302674,44.8135939]},"properties":{"voltage":"","name":""}},{"type":"Feature","geometry":{"type":"Point","coordinates":[13.5465237,43.3325316]},"properties":{"voltage":"","name":""}},{"type":"Feature","geometry":{"type":"Point","coordinates":[13.5736674,43.3568574]},"properties":{"voltage":"","name":""}},{"type":"Feature","geometry":{"type":"Point","coordinates":[13.5864213,43.3520245]},"properties":{"voltage":"","name":""}},{"type":"Feature","geometry":{"type":"Point","coordinates":[13.5777685,43.3559095]},"properties":{"voltage":"","name":""}},{"type":"Feature","geometry":{"type":"Point","coordinates":[13.5773362,43.3562216]},"properties":{"voltage":"","name":""}},{"type":"Feature","geometry":{"type":"Point","coordinates":[13.6659622,43.3576121]},"properties":{"voltage":"","name":""}},{"type":"Feature","geometry":{"type":"Point","coordinates":[13.6639858,43.3679275]},"properties":{"voltage":"","name":""}},{"type":"Feature","geometry":{"type":"Point","coordinates":[13.5318173,43.3273647]},"properties":{"voltage":"","name":""}},{"type":"Feature","geometry":{"type":"Point","coordinates":[13.5308004,43.3242919]},"properties":{"voltage":"","name":""}},{"type":"Feature","geometry":{"type":"Point","coordinates":[13.5824596,43.3440744]},"properties":{"voltage":"","name":""}},{"type":"Feature","geometry":{"type":"Point","coordinates":[13.5784345,43.3501815]},"properties":{"voltage":"","name":""}},{"type":"Feature","geometry":{"type":"Point","coordinates":[13.5708431,43.3450341]},"properties":{"voltage":"","name":""}},{"type":"Feature","geometry":{"type":"Point","coordinates":[13.5544037,43.3532417]},"properties":{"voltage":"","name":""}},{"type":"Feature","geometry":{"type":"Point","coordinates":[13.5607088,43.3490575]},"properties":{"voltage":"","name":""}},{"type":"Feature","geometry":{"type":"Point","coordinates":[13.5534461,43.3468638]},"properties":{"voltage":"","name":""}},{"type":"Feature","geometry":{"type":"Point","coordinates":[13.5958626,43.3391372]},"properties":{"voltage":"","name":""}},{"type":"Feature","geometry":{"type":"Point","coordinates":[13.5974129,43.3471524]},"properties":{"voltage":"","name":""}},{"type":"Feature","geometry":{"type":"Point","coordinates":[13.5489079,43.3621949]},"properties":{"voltage":"","name":""}},{"type":"Feature","geometry":{"type":"Point","coordinates":[13.5517833,43.3588338]},"properties":{"voltage":"","name":""}},{"type":"Feature","geometry":{"type":"Point","coordinates":[13.5389158,43.3438378]},"properties":{"voltage":"","name":""}},{"type":"Feature","geometry":{"type":"Point","coordinates":[13.5769235,43.3571033]},"properties":{"voltage":"","name":""}},{"type":"Feature","geometry":{"type":"Point","coordinates":[13.5785929,43.3620028]},"properties":{"voltage":"","name":""}},{"type":"Feature","geometry":{"type":"Point","coordinates":[13.5519816,43.3392927]},"properties":{"voltage":"","name":""}},{"type":"Feature","geometry":{"type":"Point","coordinates":[13.5705669,43.3354462]},"properties":{"voltage":"","name":""}},{"type":"Feature","geometry":{"type":"Point","coordinates":[13.5345715,43.431004]},"properties":{"voltage":"","name":""}},{"type":"Feature","geometry":{"type":"Point","coordinates":[13.6388395,43.4083835]},"properties":{"voltage":"","name":""}},{"type":"Feature","geometry":{"type":"Point","coordinates":[13.5703334,43.3615242]},"properties":{"voltage":"","name":""}},{"type":"Feature","geometry":{"type":"Point","coordinates":[13.5782813,43.3721079]},"properties":{"voltage":"","name":""}},{"type":"Feature","geometry":{"type":"Point","coordinates":[13.5802629,43.372615]},"properties":{"voltage":"","name":""}},{"type":"Feature","geometry":{"type":"Point","coordinates":[13.5907369,43.3800566]},"properties":{"voltage":"","name":""}},{"type":"Feature","geometry":{"type":"Point","coordinates":[13.5855066,43.3840938]},"properties":{"voltage":"","name":""}},{"type":"Feature","geometry":{"type":"Point","coordinates":[13.5175234,43.4345688]},"properties":{"voltage":"","name":""}},{"type":"Feature","geometry":{"type":"Point","coordinates":[13.5359689,43.4362352]},"properties":{"voltage":"","name":""}},{"type":"Feature","geometry":{"type":"Point","coordinates":[13.537154,43.4345742]},"properties":{"voltage":"","name":""}},{"type":"Feature","geometry":{"type":"Point","coordinates":[13.5402201,43.4132196]},"properties":{"voltage":"","name":""}},{"type":"Feature","geometry":{"type":"Point","coordinates":[14.736665,44.8229192]},"properties":{"voltage":"","name":""}},{"type":"Feature","geometry":{"type":"Point","coordinates":[13.5216026,43.2663888]},"properties":{"voltage":"","name":""}},{"type":"Feature","geometry":{"type":"Point","coordinates":[13.5444255,43.2661764]},"properties":{"voltage":"","name":""}},{"type":"Feature","geometry":{"type":"Point","coordinates":[13.5816096,43.2858987]},"properties":{"voltage":"","name":""}},{"type":"Feature","geometry":{"type":"Point","coordinates":[14.7468915,44.9651978]},"properties":{"voltage":"","name":""}},{"type":"Feature","geometry":{"type":"Point","coordinates":[13.9421113,44.8130427]},"properties":{"voltage":"","name":""}},{"type":"Feature","geometry":{"type":"Point","coordinates":[14.6707422,44.7814977]},"properties":{"voltage":"","name":""}},{"type":"Feature","geometry":{"type":"Point","coordinates":[14.1903422,42.4200369]},"properties":{"voltage":"","name":""}},{"type":"Feature","geometry":{"type":"Point","coordinates":[14.1905524,42.4201381]},"properties":{"voltage":"","name":""}},{"type":"Feature","geometry":{"type":"Point","coordinates":[13.5051094,43.5951695]},"properties":{"voltage":"","name":"Palaz.Pal"}},{"type":"Feature","geometry":{"type":"Point","coordinates":[13.5180728,43.5888716]},"properties":{"voltage":"","name":"PI B.Bian"}},{"type":"Feature","geometry":{"type":"Point","coordinates":[13.5038657,43.5940798]},"properties":{"voltage":"","name":"Cagnoni"}},{"type":"Feature","geometry":{"type":"Point","coordinates":[13.5041701,43.5953753]},"properties":{"voltage":"","name":"N.Derusch"}},{"type":"Feature","geometry":{"type":"Point","coordinates":[13.5140288,43.5942818]},"properties":{"voltage":"","name":"INRCA"}},{"type":"Feature","geometry":{"type":"Point","coordinates":[13.5606664,42.8586071]},"properties":{"voltage":"","name":""}},{"type":"Feature","geometry":{"type":"Point","coordinates":[14.5059337,44.5178796]},"properties":{"voltage":"","name":"TS Rovenska"}},{"type":"Feature","geometry":{"type":"Point","coordinates":[14.5025667,44.520315]},"properties":{"voltage":"","name":"TS Veli Lo\u0161inj 3"}},{"type":"Feature","geometry":{"type":"Point","coordinates":[14.4454589,44.9775193]},"properties":{"voltage":"","name":"TS Merag"}},{"type":"Feature","geometry":{"type":"Point","coordinates":[13.5132836,43.6074706]},"properties":{"voltage":"","name":"Co.Romag."}},{"type":"Feature","geometry":{"type":"Point","coordinates":[13.5129839,43.5502357]},"properties":{"voltage":"","name":""}},{"type":"Feature","geometry":{"type":"Point","coordinates":[13.5132309,43.5495662]},"properties":{"voltage":"","name":"V.Scatagl"}},{"type":"Feature","geometry":{"type":"Point","coordinates":[13.5108351,43.5485649]},"properties":{"voltage":"","name":"Prada"}},{"type":"Feature","geometry":{"type":"Point","coordinates":[13.5123083,43.5526066]},"properties":{"voltage":"","name":"Globo Cal"}},{"type":"Feature","geometry":{"type":"Point","coordinates":[13.5121818,43.5528149]},"properties":{"voltage":"","name":"Federcalc"}},{"type":"Feature","geometry":{"type":"Point","coordinates":[13.5129897,43.5513289]},"properties":{"voltage":"","name":"Delta"}},{"type":"Feature","geometry":{"type":"Point","coordinates":[13.5128493,43.5514564]},"properties":{"voltage":"","name":"FV Merced"}},{"type":"Feature","geometry":{"type":"Point","coordinates":[13.5150655,43.607311]},"properties":{"voltage":"","name":""}},{"type":"Feature","geometry":{"type":"Point","coordinates":[14.2113645,42.4592209]},"properties":{"voltage":"","name":""}},{"type":"Feature","geometry":{"type":"Point","coordinates":[13.516778,43.5912878]},"properties":{"voltage":"","name":""}},{"type":"Feature","geometry":{"type":"Point","coordinates":[13.5052628,43.6049691]},"properties":{"voltage":"","name":"Don Bosco"}},{"type":"Feature","geometry":{"type":"Point","coordinates":[13.5294864,43.6129155]},"properties":{"voltage":"","name":"V.Isonzo"}},{"type":"Feature","geometry":{"type":"Point","coordinates":[13.5002123,43.6117639]},"properties":{"voltage":"","name":""}},{"type":"Feature","geometry":{"type":"Point","coordinates":[13.5133923,43.5516875]},"properties":{"voltage":"","name":"Pip Bara1"}},{"type":"Feature","geometry":{"type":"Point","coordinates":[13.5123476,43.5525993]},"properties":{"voltage":"","name":"Pellegrin"}},{"type":"Feature","geometry":{"type":"Point","coordinates":[13.5993859,42.8511753]},"properties":{"voltage":"","name":"Iti V.Sar MG"}},{"type":"Feature","geometry":{"type":"Point","coordinates":[13.6009878,42.8519206]},"properties":{"voltage":"","name":"S.Filippo **"}},{"type":"Feature","geometry":{"type":"Point","coordinates":[13.5958025,42.8535051]},"properties":{"voltage":"","name":"C.Commerc **"}},{"type":"Feature","geometry":{"type":"Point","coordinates":[13.592163,42.8554073]},"properties":{"voltage":"","name":"Uff.Finan M*"}},{"type":"Feature","geometry":{"type":"Point","coordinates":[13.5094022,43.5976536]},"properties":{"voltage":"","name":"Dist.Mili"}},{"type":"Feature","geometry":{"type":"Point","coordinates":[13.5085208,43.5697502]},"properties":{"voltage":"","name":""}},{"type":"Feature","geometry":{"type":"Point","coordinates":[13.5203653,43.5745237]},"properties":{"voltage":"","name":"Maest.Lav"}},{"type":"Feature","geometry":{"type":"Point","coordinates":[13.5952286,42.8606846]},"properties":{"voltage":"","name":""}},{"type":"Feature","geometry":{"type":"Point","coordinates":[13.5037704,43.6059613]},"properties":{"voltage":"","name":""}},{"type":"Feature","geometry":{"type":"Point","coordinates":[14.1623315,42.4084581]},"properties":{"voltage":"","name":""}},{"type":"Feature","geometry":{"type":"Point","coordinates":[13.8007033,42.8842141]},"properties":{"voltage":"","name":""}},{"type":"Feature","geometry":{"type":"Point","coordinates":[13.6139274,42.8497492]},"properties":{"voltage":"","name":"Zona 15 M M*"}},{"type":"Feature","geometry":{"type":"Point","coordinates":[13.6173767,42.8510746]},"properties":{"voltage":"","name":"Epoca Nuo M*"}},{"type":"Feature","geometry":{"type":"Point","coordinates":[13.611888,42.8496088]},"properties":{"voltage":"","name":"Nuo.Api M*"}},{"type":"Feature","geometry":{"type":"Point","coordinates":[13.5145268,43.6090315]},"properties":{"voltage":"","name":"Ulisse"}},{"type":"Feature","geometry":{"type":"Point","coordinates":[13.5143803,43.6084588]},"properties":{"voltage":"","name":""}},{"type":"Feature","geometry":{"type":"Point","coordinates":[13.5091346,43.5716517]},"properties":{"voltage":"","name":"V.Valenti"}},{"type":"Feature","geometry":{"type":"Point","coordinates":[13.5036952,43.5815063]},"properties":{"voltage":"","name":"Spar.Gali"}},{"type":"Feature","geometry":{"type":"Point","coordinates":[13.504088,43.5827292]},"properties":{"voltage":"","name":"Tirabo.Q3"}},{"type":"Feature","geometry":{"type":"Point","coordinates":[13.5130517,43.562951]},"properties":{"voltage":"","name":"Sogesi"}},{"type":"Feature","geometry":{"type":"Point","coordinates":[13.5142033,43.5639824]},"properties":{"voltage":"","name":""}},{"type":"Feature","geometry":{"type":"Point","coordinates":[13.5155382,43.5661372]},"properties":{"voltage":"","name":"Edil. Rivi"}},{"type":"Feature","geometry":{"type":"Point","coordinates":[13.5126788,43.5640807]},"properties":{"voltage":"","name":"Cen.Carni"}},{"type":"Feature","geometry":{"type":"Point","coordinates":[13.8708233,44.8260033]},"properties":{"voltage":"","name":""}},{"type":"Feature","geometry":{"type":"Point","coordinates":[14.8524921,44.5806075]},"properties":{"voltage":"","name":""}},{"type":"Feature","geometry":{"type":"Point","coordinates":[14.394393,44.961583]},"properties":{"voltage":"","name":""}},{"type":"Feature","geometry":{"type":"Point","coordinates":[13.5189157,43.5788531]},"properties":{"voltage":"","name":"V.Crocioni"}},{"type":"Feature","geometry":{"type":"Point","coordinates":[13.5204149,43.6121058]},"properties":{"voltage":"","name":"B.go Rodi"}},{"type":"Feature","geometry":{"type":"Point","coordinates":[13.5039999,43.6137393]},"properties":{"voltage":"","name":"N.Molevan"}},{"type":"Feature","geometry":{"type":"Polygon","coordinates":[[[14.1290827,42.5072078],[14.1292557,42.5068813],[14.1287665,42.5064551],[14.1280755,42.5068843],[14.1286935,42.5074479],[14.1290827,42.5072078]]]},"properties":{"voltage":"132000","name":"Montesilvano"}},{"type":"Feature","geometry":{"type":"Polygon","coordinates":[[[13.5025092,43.2762809],[13.5025572,43.2763018],[13.5025799,43.2762743],[13.5025319,43.2762534],[13.5025092,43.2762809]]]},"properties":{"voltage":"","name":""}},{"type":"Feature","geometry":{"type":"Polygon","coordinates":[[[13.5155174,43.5876758],[13.5153679,43.5877013],[13.515353,43.5876556],[13.5155025,43.5876301],[13.5155174,43.5876758]]]},"properties":{"voltage":"","name":"Cabina elettrica"}},{"type":"Feature","geometry":{"type":"Polygon","coordinates":[[[13.515615,43.5876428],[13.515546,43.5876545],[13.5155514,43.5876709],[13.5156203,43.5876592],[13.515615,43.5876428]]]},"properties":{"voltage":"","name":"Gruppo elettrogeno"}},{"type":"Feature","geometry":{"type":"Polygon","coordinates":[[[13.7038426,42.5996048],[13.7054044,42.5988492],[13.7046836,42.5980372],[13.7045135,42.5981221],[13.7043969,42.5981804],[13.7037925,42.5975145],[13.7035557,42.5974967],[13.7034355,42.5975622],[13.7024331,42.5981082],[13.7038426,42.5996048]]]},"properties":{"voltage":"380000","name":"Teramo"}},{"type":"Feature","geometry":{"type":"Polygon","coordinates":[[[14.1629204,42.4166261],[14.1633965,42.4171431],[14.1642059,42.4167406],[14.1638198,42.416324],[14.1637435,42.4162475],[14.1629204,42.4166261]]]},"properties":{"voltage":"132000","name":"San Giovanni Teatino"}},{"type":"Feature","geometry":{"type":"Polygon","coordinates":[[[14.2428894,42.4473701],[14.2428915,42.4473837],[14.2428936,42.4473969],[14.2429138,42.4473951],[14.2429348,42.4473933],[14.2429306,42.4473666],[14.2429112,42.4473683],[14.2428894,42.4473701]]]},"properties":{"voltage":"","name":""}},{"type":"Feature","geometry":{"type":"Polygon","coordinates":[[[13.5589641,42.5341179],[13.5597566,42.5343623],[13.5590126,42.5356078],[13.5580017,42.5352383],[13.5582119,42.5349284],[13.5586163,42.5346722],[13.5589641,42.5341179]]]},"properties":{"voltage":"220000","name":"San Giacomo 220"}},{"type":"Feature","geometry":{"type":"Polygon","coordinates":[[[13.5555031,42.5379141],[13.5553064,42.5375467],[13.5555679,42.5374311],[13.5557932,42.537525],[13.5559464,42.537345],[13.5566276,42.5376392],[13.5567818,42.5374397],[13.5575603,42.5377706],[13.5571118,42.5384319],[13.5566027,42.5383416],[13.5556831,42.5380256],[13.5555031,42.5379141]]]},"properties":{"voltage":"380000","name":"San Giacomo 380"}},{"type":"Feature","geometry":{"type":"Polygon","coordinates":[[[13.7070659,43.2888639],[13.707373,43.2881049],[13.708155,43.2884896],[13.7080019,43.2888344],[13.7079633,43.2889211],[13.7079194,43.2890199],[13.7070659,43.2888639]]]},"properties":{"voltage":"132000","name":"Civitanova Marche"}},{"type":"Feature","geometry":{"type":"Polygon","coordinates":[[[14.6975645,44.3691772],[14.698073,44.3692634],[14.6979572,44.3695895],[14.6974615,44.3695123],[14.6975232,44.3693075],[14.6975645,44.3691772]]]},"properties":{"voltage":"35000","name":"Trafostanica Silba"}},{"type":"Feature","geometry":{"type":"Polygon","coordinates":[[[13.8769281,42.6625215],[13.8769009,42.6625619],[13.8769866,42.6625931],[13.8770383,42.6626119],[13.8770654,42.6625715],[13.8770329,42.6625596],[13.8770235,42.6625562],[13.8770138,42.6625527],[13.8769281,42.6625215]]]},"properties":{"voltage":"","name":""}},{"type":"Feature","geometry":{"type":"Polygon","coordinates":[[[13.8631383,44.8856582],[13.8638062,44.885497],[13.8636142,44.8849515],[13.8635557,44.884803],[13.8632344,44.8848765],[13.8631872,44.8848752],[13.8631439,44.8848645],[13.8631072,44.8848718],[13.8628448,44.8849241],[13.8631383,44.8856582]]]},"properties":{"voltage":"110000;35000;10000","name":"TS \u0160ijana"}},{"type":"Feature","geometry":{"type":"Polygon","coordinates":[[[13.8609531,44.8503432],[13.8618842,44.8503621],[13.8619059,44.8498241],[13.8609748,44.8498052],[13.8609531,44.8503432]]]},"properties":{"voltage":"110000;35000;10000","name":"TS Dolinka"}},{"type":"Feature","geometry":{"type":"Polygon","coordinates":[[[13.5021609,43.2732463],[13.5022015,43.2732469],[13.5022025,43.2732122],[13.5021619,43.2732116],[13.5021609,43.2732463]]]},"properties":{"voltage":"","name":""}},{"type":"Feature","geometry":{"type":"Polygon","coordinates":[[[13.5995886,43.2549954],[13.6001214,43.2548056],[13.5997877,43.2542726],[13.5992227,43.2544539],[13.5991934,43.2546244],[13.5992373,43.2546948],[13.5994247,43.2547289],[13.5995886,43.2549954]]]},"properties":{"voltage":"132000","name":"Monte San Giusto"}},{"type":"Feature","geometry":{"type":"Polygon","coordinates":[[[13.5857923,43.2720567],[13.5857916,43.2720192],[13.5858418,43.2720187],[13.5858425,43.2720562],[13.5857923,43.2720567]]]},"properties":{"voltage":"","name":""}},{"type":"Feature","geometry":{"type":"Polygon","coordinates":[[[14.2090224,42.4581329],[14.2096969,42.4586084],[14.2099667,42.4582787],[14.2100361,42.4582321],[14.209952,42.4581235],[14.2099102,42.4580696],[14.2098726,42.4580855],[14.2096834,42.4581652],[14.2095805,42.4580926],[14.209304,42.4578974],[14.2090224,42.4581329]]]},"properties":{"voltage":"132000","name":"Marrucina"}},{"type":"Feature","geometry":{"type":"Polygon","coordinates":[[[14.1810063,42.4432384],[14.1812526,42.4430947],[14.1810292,42.4428473],[14.1809404,42.442896],[14.1809059,42.4428594],[14.1807771,42.4427226],[14.1805909,42.442822],[14.1810063,42.4432384]]]},"properties":{"voltage":"132000","name":"Fater"}},{"type":"Feature","geometry":{"type":"Polygon","coordinates":[[[14.2012996,42.4418909],[14.2011725,42.4417403],[14.2001429,42.4405204],[14.2005488,42.4403141],[14.2008475,42.4401622],[14.2020457,42.4415177],[14.2020196,42.4415309],[14.201793,42.4416443],[14.2017653,42.4416582],[14.2012996,42.4418909]]]},"properties":{"voltage":"150000","name":"FS Pescara"}},{"type":"Feature","geometry":{"type":"Polygon","coordinates":[[[14.0032433,42.6934969],[14.0038127,42.6927707],[14.003651,42.6927142],[14.0035639,42.6928236],[14.002967,42.6926007],[14.0028316,42.6927862],[14.0030462,42.692871],[14.0027786,42.6934553],[14.0030177,42.6935555],[14.0030928,42.6934331],[14.0032433,42.6934969]]]},"properties":{"voltage":"132000","name":"FS Roseto"}},{"type":"Feature","geometry":{"type":"Polygon","coordinates":[[[13.9056904,42.8272977],[13.9058481,42.8261052],[13.9063267,42.8260893],[13.9064463,42.8272897],[13.9056904,42.8272977]]]},"properties":{"voltage":"132000","name":"Alba Adriatica"}},{"type":"Feature","geometry":{"type":"Polygon","coordinates":[[[13.77784,42.774673],[13.7777732,42.773987],[13.779051,42.7739135],[13.7790653,42.7745785],[13.77784,42.774673]]]},"properties":{"voltage":"132000","name":"Sant'Omero"}},{"type":"Feature","geometry":{"type":"Polygon","coordinates":[[[13.6536777,42.7709085],[13.6530669,42.7705835],[13.6536159,42.7700143],[13.654237,42.7703644],[13.6536777,42.7709085]]]},"properties":{"voltage":"132000","name":"Civitella del Tronto"}},{"type":"Feature","geometry":{"type":"Polygon","coordinates":[[[13.8084269,42.6968405],[13.8087534,42.6961711],[13.8096541,42.6964078],[13.8093378,42.697074],[13.8090536,42.6970011],[13.8086014,42.6968852],[13.8084269,42.6968405]]]},"properties":{"voltage":"132000","name":"Teramo Zona Industriale"}},{"type":"Feature","geometry":{"type":"Polygon","coordinates":[[[13.6810559,42.6522107],[13.6806946,42.6518747],[13.6811966,42.6515827],[13.6815579,42.6519187],[13.6810559,42.6522107]]]},"properties":{"voltage":"132000","name":"Teramo"}},{"type":"Feature","geometry":{"type":"Polygon","coordinates":[[[13.8612276,42.6170018],[13.8609348,42.6163512],[13.8615075,42.6162215],[13.861696,42.6161788],[13.8619712,42.6168424],[13.8612276,42.6170018]]]},"properties":{"voltage":"132000","name":"Cellino Attanasio"}},{"type":"Feature","geometry":{"type":"Polygon","coordinates":[[[13.7411932,42.613045],[13.7410856,42.6128985],[13.7409104,42.61296],[13.7407431,42.6126992],[13.7410856,42.6125761],[13.741456,42.6130773],[13.7411932,42.613045]]]},"properties":{"voltage":"132000","name":"Golden Lady"}},{"type":"Feature","geometry":{"type":"Polygon","coordinates":[[[13.7019059,42.8566987],[13.7020701,42.8560628],[13.7028988,42.8561778],[13.7027144,42.8568917],[13.7025045,42.8568625],[13.7025247,42.8567845],[13.7019059,42.8566987]]]},"properties":{"voltage":"132000","name":"Campolungo"}},{"type":"Feature","geometry":{"type":"Polygon","coordinates":[[[13.5798472,42.8649369],[13.5791267,42.8641556],[13.5797144,42.8638562],[13.5801594,42.8638635],[13.5806375,42.8643917],[13.5804283,42.8646789],[13.5798472,42.8649369]]]},"properties":{"voltage":"132000","name":"San Gaetano"}},{"type":"Feature","geometry":{"type":"Polygon","coordinates":[[[13.9068008,42.4619333],[13.9068922,42.4615998],[13.9070468,42.4610357],[13.9081211,42.4612872],[13.9087165,42.4616628],[13.9081815,42.4623725],[13.9068008,42.4619333]]]},"properties":{"voltage":"132000","name":"Penne"}},{"type":"Feature","geometry":{"type":"Polygon","coordinates":[[[13.7091113,42.5864189],[13.7088878,42.5863844],[13.7086208,42.5863432],[13.7085155,42.5857987],[13.7083398,42.5858205],[13.7083022,42.5856368],[13.7084725,42.585619],[13.7084339,42.5853939],[13.7088076,42.5852116],[13.7090412,42.5852013],[13.7091903,42.5853237],[13.7092455,42.5855481],[13.7094476,42.5857482],[13.7096205,42.5862228],[13.7096298,42.5864671],[13.7091487,42.5865221],[13.7091113,42.5864189]]]},"properties":{"voltage":"220000","name":"Montorio"}},{"type":"Feature","geometry":{"type":"Polygon","coordinates":[[[13.6486606,42.5038993],[13.6486255,42.5034843],[13.648602,42.5032059],[13.6495979,42.5031891],[13.6495979,42.5034554],[13.6493896,42.5034602],[13.6493343,42.5037938],[13.6492204,42.5038634],[13.6486606,42.5038993]]]},"properties":{"voltage":"132000","name":"Isola del Gran Sasso"}},{"type":"Feature","geometry":{"type":"Polygon","coordinates":[[[13.8723533,42.9025259],[13.8727498,42.901589],[13.8748047,42.902151],[13.874103,42.9036635],[13.8727524,42.9026328],[13.8725429,42.9026079],[13.8723533,42.9025259]]]},"properties":{"voltage":"132000","name":"Porto d'Ascoli"}},{"type":"Feature","geometry":{"type":"Polygon","coordinates":[[[13.511509,42.9890759],[13.5109618,42.9885108],[13.511674,42.9881488],[13.5120804,42.988552],[13.5120361,42.9887875],[13.511509,42.9890759]]]},"properties":{"voltage":"132000","name":"Force"}},{"type":"Feature","geometry":{"type":"Polygon","coordinates":[[[13.6756439,43.0407352],[13.6755882,43.0400494],[13.6765311,43.0399951],[13.6774462,43.0409219],[13.6773348,43.0409423],[13.6770142,43.0407488],[13.6769556,43.0407529],[13.6769167,43.0407556],[13.6768006,43.0408506],[13.6756439,43.0407352]]]},"properties":{"voltage":"132000","name":"Carassai"}},{"type":"Feature","geometry":{"type":"Polygon","coordinates":[[[13.7749351,43.1632819],[13.7745089,43.1628361],[13.7752602,43.1624608],[13.7753238,43.1624291],[13.7754366,43.1626075],[13.7755181,43.1626623],[13.7758096,43.1626326],[13.7758629,43.1627492],[13.7758127,43.1628361],[13.7749351,43.1632819]]]},"properties":{"voltage":"132000","name":"Colmarino"}},{"type":"Feature","geometry":{"type":"Polygon","coordinates":[[[13.859138,42.9831542],[13.8591414,42.9827804],[13.8592982,42.9827704],[13.8592947,42.9826035],[13.8594787,42.9825636],[13.8598569,42.9825013],[13.85985,42.9831517],[13.859138,42.9831542]]]},"properties":{"voltage":"132000","name":"Grottammare"}},{"type":"Feature","geometry":{"type":"Polygon","coordinates":[[[13.840794,42.8818959],[13.8409318,42.8813141],[13.8414336,42.8813666],[13.8413068,42.8819525],[13.840794,42.8818959]]]},"properties":{"voltage":"132000","name":"Termoelettrica Abruzzo"}},{"type":"Feature","geometry":{"type":"Polygon","coordinates":[[[13.8862306,42.9433457],[13.8862776,42.9432408],[13.8865189,42.9427023],[13.8869173,42.9428078],[13.8868467,42.942963],[13.8868891,42.9429795],[13.8868297,42.9431409],[13.8869456,42.9431616],[13.8868071,42.9434719],[13.8862306,42.9433457]]]},"properties":{"voltage":"132000","name":"FS San Benedetto"}},{"type":"Feature","geometry":{"type":"Polygon","coordinates":[[[13.5088694,43.2754793],[13.5089139,43.275482],[13.5089173,43.2754516],[13.5088728,43.275449],[13.5088694,43.2754793]]]},"properties":{"voltage":"","name":"ENEL"}},{"type":"Feature","geometry":{"type":"Polygon","coordinates":[[[13.5843746,43.5058741],[13.5848101,43.5050927],[13.5858874,43.5054219],[13.5856444,43.5058475],[13.585516,43.5058657],[13.5854862,43.5059013],[13.5854519,43.5059406],[13.5854977,43.5060204],[13.5853785,43.5061733],[13.5843746,43.5058741]]]},"properties":{"voltage":"132000","name":"Sirolo"}},{"type":"Feature","geometry":{"type":"Polygon","coordinates":[[[13.6529857,43.4308104],[13.653423,43.4301339],[13.6543107,43.4304365],[13.6541233,43.4307263],[13.6538734,43.431113],[13.6529857,43.4308104]]]},"properties":{"voltage":"132000","name":"Loreto"}},{"type":"Feature","geometry":{"type":"Polygon","coordinates":[[[13.6668848,43.3496074],[13.6664129,43.3491752],[13.6666137,43.3490598],[13.6667041,43.3490657],[13.6667421,43.3490428],[13.6667965,43.3490102],[13.6668145,43.3489415],[13.6672161,43.3487284],[13.6676719,43.3491606],[13.6668848,43.3496074]]]},"properties":{"voltage":"132000","name":"Potenza Picena"}},{"type":"Feature","geometry":{"type":"Polygon","coordinates":[[[13.6122222,43.3449134],[13.6122604,43.3449046],[13.6122538,43.3448894],[13.612247,43.3448739],[13.6122088,43.3448827],[13.6122155,43.3448981],[13.6122222,43.3449134]]]},"properties":{"voltage":"","name":""}},{"type":"Feature","geometry":{"type":"Polygon","coordinates":[[[13.6254089,43.4469276],[13.6254062,43.4468021],[13.6256711,43.4466215],[13.625963,43.4466176],[13.6260792,43.4465156],[13.6264414,43.4465058],[13.6265333,43.4465293],[13.6265306,43.4468374],[13.6264062,43.4468452],[13.6264008,43.4468884],[13.6254089,43.4469276]]]},"properties":{"voltage":"132000","name":"FS Loreto"}},{"type":"Feature","geometry":{"type":"Polygon","coordinates":[[[13.7889649,43.194687],[13.7891932,43.1943087],[13.7897506,43.1939845],[13.789799,43.193888],[13.7899631,43.1935654],[13.7902132,43.1936235],[13.7896439,43.1948427],[13.7889649,43.194687]]]},"properties":{"voltage":"132000","name":"FS Porto San Giorgio"}},{"type":"Feature","geometry":{"type":"Polygon","coordinates":[[[13.7522236,43.2549796],[13.7516734,43.2546571],[13.7524352,43.2540074],[13.7529692,43.2543251],[13.7522236,43.2549796]]]},"properties":{"voltage":"132000","name":"Porto Sant'Elpidio"}},{"type":"Feature","geometry":{"type":"Polygon","coordinates":[[[14.7564505,44.7686916],[14.756957,44.7683046],[14.7563181,44.7678832],[14.7561958,44.7679766],[14.7558116,44.7682702],[14.7559986,44.7683935],[14.7564505,44.7686916]]]},"properties":{"voltage":"110000;35000","name":"TS Rab"}},{"type":"Feature","geometry":{"type":"Polygon","coordinates":[[[14.7215959,44.850911],[14.7217488,44.8509156],[14.7217601,44.8507276],[14.7216072,44.850723],[14.7215959,44.850911]]]},"properties":{"voltage":"","name":""}},{"type":"Feature","geometry":{"type":"Polygon","coordinates":[[[14.4097556,44.5840138],[14.4088441,44.5837482],[14.4091534,44.5832315],[14.4100702,44.583486],[14.4097556,44.5840138]]]},"properties":{"voltage":"110000","name":"TS Lo\u0161inj"}},{"type":"Feature","geometry":{"type":"Polygon","coordinates":[[[14.9249015,44.9423519],[14.9253996,44.942386],[14.9253068,44.9430668],[14.9248087,44.9430328],[14.9248269,44.9428989],[14.9248286,44.9428862],[14.92487,44.9425827],[14.9249015,44.9423519]]]},"properties":{"voltage":"220000","name":"TS HE Senj"}},{"type":"Feature","geometry":{"type":"Polygon","coordinates":[[[13.5106645,43.2654282],[13.5107152,43.2654279],[13.5107156,43.2654619],[13.5106649,43.2654622],[13.5106645,43.2654282]]]},"properties":{"voltage":"","name":""}},{"type":"Feature","geometry":{"type":"Polygon","coordinates":[[[13.5104792,43.2681686],[13.5104964,43.2681683],[13.5105167,43.2681679],[13.5105176,43.2681969],[13.5104802,43.2681976],[13.5104792,43.2681686]]]},"properties":{"voltage":"","name":""}},{"type":"Feature","geometry":{"type":"Polygon","coordinates":[[[14.192134,42.4528102],[14.1926181,42.4526196],[14.1925722,42.4524443],[14.1920348,42.4526618],[14.192134,42.4528102]]]},"properties":{"voltage":"132000","name":"Cementificio Adriatica"}},{"type":"Feature","geometry":{"type":"Polygon","coordinates":[[[13.5157678,43.2838137],[13.5158209,43.2838246],[13.5158322,43.2837978],[13.5157783,43.2837867],[13.5157678,43.2838137]]]},"properties":{"voltage":"","name":""}},{"type":"Feature","geometry":{"type":"Polygon","coordinates":[[[14.9066417,44.5354518],[14.9069848,44.5349146],[14.9062067,44.5346621],[14.9058636,44.5351994],[14.9066417,44.5354518]]]},"properties":{"voltage":"110000","name":"TS Novalja"}},{"type":"Feature","geometry":{"type":"Polygon","coordinates":[[[13.5740546,43.3412306],[13.5740692,43.3412723],[13.5741331,43.3412604],[13.5741185,43.3412187],[13.5740546,43.3412306]]]},"properties":{"voltage":"","name":""}},{"type":"Feature","geometry":{"type":"Polygon","coordinates":[[[13.5779754,43.2649621],[13.5780284,43.2649702],[13.5780384,43.2649358],[13.5779854,43.2649277],[13.5779754,43.2649621]]]},"properties":{"voltage":"","name":""}},{"type":"Feature","geometry":{"type":"Polygon","coordinates":[[[13.5038837,43.236262],[13.5039689,43.2361242],[13.5040118,43.2361421],[13.5039326,43.2362766],[13.5038837,43.236262]]]},"properties":{"voltage":"","name":""}},{"type":"Feature","geometry":{"type":"Polygon","coordinates":[[[13.5013605,43.2758779],[13.5013347,43.2759002],[13.5013927,43.2759325],[13.5014153,43.2759126],[13.5013605,43.2758779]]]},"properties":{"voltage":"","name":""}},{"type":"Feature","geometry":{"type":"Polygon","coordinates":[[[13.5014604,43.2759686],[13.5015245,43.2759967],[13.5015324,43.2759783],[13.5014761,43.2759527],[13.5014604,43.2759686]]]},"properties":{"voltage":"","name":""}},{"type":"Feature","geometry":{"type":"Polygon","coordinates":[[[13.5018212,43.276087],[13.5018388,43.2760707],[13.5018963,43.2760959],[13.5018771,43.2761141],[13.5018212,43.276087]]]},"properties":{"voltage":"","name":""}},{"type":"Feature","geometry":{"type":"Polygon","coordinates":[[[13.5037907,43.2804659],[13.5037567,43.2804482],[13.5038042,43.2803999],[13.5038382,43.2804176],[13.5037907,43.2804659]]]},"properties":{"voltage":"","name":""}},{"type":"Feature","geometry":{"type":"Polygon","coordinates":[[[13.5089948,43.2508975],[13.5090415,43.2509131],[13.5090789,43.250854],[13.5090322,43.2508383],[13.5089948,43.2508975]]]},"properties":{"voltage":"","name":""}},{"type":"Feature","geometry":{"type":"Polygon","coordinates":[[[13.5009746,43.279381],[13.5009859,43.2794044],[13.50103,43.2793931],[13.5010186,43.2793697],[13.5009746,43.279381]]]},"properties":{"voltage":"","name":""}},{"type":"Feature","geometry":{"type":"Polygon","coordinates":[[[14.1229002,44.9671179],[14.1230155,44.967023],[14.1232087,44.9671387],[14.1230987,44.9672393],[14.1229002,44.9671179]]]},"properties":{"voltage":"110000","name":"TS Koroma\u010dno"}},{"type":"Feature","geometry":{"type":"Polygon","coordinates":[[[13.9495898,42.7286223],[13.9487519,42.7282676],[13.9493035,42.7275763],[13.9497712,42.7277778],[13.9503094,42.7280096],[13.9502786,42.7280359],[13.9495898,42.7286223]]]},"properties":{"voltage":"132000","name":"Giulianova"}},{"type":"Feature","geometry":{"type":"Polygon","coordinates":[[[13.855365,42.9493706],[13.8556128,42.9487715],[13.8560801,42.9488721],[13.8560021,42.9490496],[13.856217,42.9491027],[13.8560198,42.9495451],[13.855365,42.9493706]]]},"properties":{"voltage":"132000","name":"San Benedetto del Tronto"}},{"type":"Feature","geometry":{"type":"Polygon","coordinates":[[[13.5403173,43.1000967],[13.5406442,43.0991838],[13.5419687,43.0994115],[13.5417508,43.1000289],[13.5403173,43.1000967]]]},"properties":{"voltage":"132000","name":"Belmonte"}},{"type":"Feature","geometry":{"type":"Polygon","coordinates":[[[13.6591216,43.16127],[13.6598038,43.1604016],[13.6605886,43.1607279],[13.6604618,43.1607765],[13.6600573,43.1613104],[13.6596717,43.1613482],[13.6591216,43.16127]]]},"properties":{"voltage":"132000","name":"Fermo Zona Industriale"}},{"type":"Feature","geometry":{"type":"Polygon","coordinates":[[[14.8418543,44.7014461],[14.8419014,44.7014471],[14.8419966,44.701446],[14.8419991,44.7013679],[14.8419803,44.7013317],[14.8419347,44.7013012],[14.8418838,44.7012974],[14.841696,44.7012917],[14.8416907,44.701427],[14.8417067,44.7014537],[14.8417416,44.701469],[14.8417792,44.7014785],[14.8418489,44.7014823],[14.8418543,44.7014461]]]},"properties":{"voltage":"","name":""}},{"type":"Feature","geometry":{"type":"Polygon","coordinates":[[[14.875499,44.6079918],[14.8754482,44.6080948],[14.8755151,44.6081808],[14.8755903,44.6081922],[14.8756601,44.6081903],[14.8757162,44.6081693],[14.8757486,44.6081292],[14.8757431,44.6080834],[14.8757055,44.6080471],[14.8756653,44.6080223],[14.8755823,44.6079955],[14.875499,44.6079918]]]},"properties":{"voltage":"","name":""}},{"type":"Feature","geometry":{"type":"Polygon","coordinates":[[[13.7766664,42.4357329],[13.7766409,42.4357137],[13.7766144,42.4357329],[13.7766399,42.4357521],[13.7766664,42.4357329]]]},"properties":{"voltage":"","name":""}},{"type":"Feature","geometry":{"type":"Polygon","coordinates":[[[13.5828159,43.2989855],[13.5828761,43.2989858],[13.5828765,43.2989376],[13.5828164,43.2989373],[13.5828159,43.2989855]]]},"properties":{"voltage":"","name":""}},{"type":"Feature","geometry":{"type":"Polygon","coordinates":[[[13.5387966,43.2769152],[13.5388456,43.2769098],[13.5388367,43.2768676],[13.5387869,43.2768724],[13.5387966,43.2769152]]]},"properties":{"voltage":"","name":""}},{"type":"Feature","geometry":{"type":"Polygon","coordinates":[[[13.5285602,43.2367104],[13.528561,43.2366758],[13.5286039,43.2366764],[13.5286031,43.2367109],[13.5285602,43.2367104]]]},"properties":{"voltage":"","name":""}},{"type":"Feature","geometry":{"type":"Polygon","coordinates":[[[13.5515088,43.2410279],[13.5515273,43.2410071],[13.5515557,43.2410204],[13.5515372,43.2410413],[13.5515088,43.2410279]]]},"properties":{"voltage":"","name":""}},{"type":"Feature","geometry":{"type":"Polygon","coordinates":[[[13.5671153,43.3577337],[13.5671752,43.3577329],[13.5671741,43.3576876],[13.5671143,43.3576883],[13.5671153,43.3577337]]]},"properties":{"voltage":"","name":""}},{"type":"Feature","geometry":{"type":"Polygon","coordinates":[[[13.5220559,43.3577835],[13.5220978,43.3577837],[13.5220981,43.3577535],[13.5220562,43.3577533],[13.5220559,43.3577835]]]},"properties":{"voltage":"","name":""}},{"type":"Feature","geometry":{"type":"Polygon","coordinates":[[[13.5976588,43.3721287],[13.5977001,43.3721272],[13.597698,43.3720963],[13.5976568,43.3720978],[13.5976588,43.3721287]]]},"properties":{"voltage":"","name":""}},{"type":"Feature","geometry":{"type":"Polygon","coordinates":[[[13.5964571,43.3717059],[13.5964612,43.3716719],[13.5965072,43.3716748],[13.5965031,43.3717088],[13.5964571,43.3717059]]]},"properties":{"voltage":"","name":""}},{"type":"Feature","geometry":{"type":"Polygon","coordinates":[[[14.0546201,42.6104776],[14.0555267,42.6101776],[14.0550547,42.6095064],[14.0541159,42.6096288],[14.0546201,42.6104776]]]},"properties":{"voltage":"132000","name":"Pineto"}},{"type":"Feature","geometry":{"type":"Polygon","coordinates":[[[14.1893233,42.4723439],[14.1894181,42.4724369],[14.1894331,42.4724292],[14.1895298,42.4723793],[14.1894313,42.4722828],[14.1893233,42.4723439]]]},"properties":{"voltage":"","name":""}},{"type":"Feature","geometry":{"type":"Polygon","coordinates":[[[13.5337575,42.8512996],[13.5342937,42.8513337],[13.5342846,42.8514263],[13.5343428,42.8515031],[13.5347312,42.8518152],[13.5347788,42.8515741],[13.5352075,42.8516121],[13.5352134,42.8515311],[13.5351428,42.8515293],[13.5351547,42.8513888],[13.5351964,42.8513858],[13.535225,42.851363],[13.5352339,42.8513237],[13.535234,42.8512827],[13.5351291,42.8511072],[13.5351838,42.8510821],[13.5352295,42.8510501],[13.5352558,42.8510139],[13.5352776,42.8509721],[13.5353381,42.8504209],[13.5353397,42.8503808],[13.5353056,42.850337],[13.5352601,42.8503082],[13.5352059,42.8502999],[13.5339587,42.8502545],[13.5337575,42.8512996]]]},"properties":{"voltage":"380000","name":"Rosara"}},{"type":"Feature","geometry":{"type":"Polygon","coordinates":[[[13.937346,42.5166482],[13.9370453,42.5164132],[13.93808,42.5163239],[13.9381294,42.5165721],[13.937346,42.5166482]]]},"properties":{"voltage":"132000","name":""}},{"type":"Feature","geometry":{"type":"Polygon","coordinates":[[[13.9182738,44.7971204],[13.9183419,44.7971422],[13.9183733,44.7970926],[13.9183052,44.7970709],[13.9182738,44.7971204]]]},"properties":{"voltage":"","name":""}},{"type":"Feature","geometry":{"type":"Polygon","coordinates":[[[13.9890314,42.6558555],[13.9884029,42.6556738],[13.9883399,42.6556556],[13.9883542,42.6556275],[13.9884384,42.6556111],[13.9884893,42.6555503],[13.9884718,42.6554837],[13.9887866,42.654988],[13.9888899,42.6549669],[13.9890711,42.6550464],[13.9890982,42.6550885],[13.9892126,42.6551306],[13.9892603,42.6551178],[13.9893843,42.6551587],[13.9893573,42.6552475],[13.9890314,42.6558555]]]},"properties":{"voltage":"132000","name":"Roseto"}},{"type":"Feature","geometry":{"type":"Polygon","coordinates":[[[13.5047262,42.8165152],[13.5047044,42.8161032],[13.5054726,42.8160813],[13.5054944,42.8164934],[13.5047262,42.8165152]]]},"properties":{"voltage":"132000","name":"Capodiponte"}},{"type":"Feature","geometry":{"type":"Polygon","coordinates":[[[13.6575294,42.8425445],[13.6568344,42.8422988],[13.6565008,42.8424542],[13.6564039,42.8426012],[13.6564712,42.842706],[13.6564236,42.8428012],[13.6562905,42.8430204],[13.6568442,42.8432048],[13.6574193,42.8429831],[13.6575294,42.8425445]]]},"properties":{"voltage":"132000","name":"Marino del Tronto"}},{"type":"Feature","geometry":{"type":"Polygon","coordinates":[[[13.656615,42.8477409],[13.6562245,42.8477697],[13.6562943,42.8482159],[13.6566629,42.8481887],[13.656615,42.8477409]]]},"properties":{"voltage":"132000","name":"Ahlstrom Ascoli"}},{"type":"Feature","geometry":{"type":"Polygon","coordinates":[[[13.5911508,42.859182],[13.5908226,42.8592839],[13.5908354,42.8587479],[13.5913379,42.8587777],[13.5913197,42.8590872],[13.591154,42.8590833],[13.5911508,42.859182]]]},"properties":{"voltage":"132000","name":"SGL Carbon"}},{"type":"Feature","geometry":{"type":"Polygon","coordinates":[[[13.8248912,42.8829256],[13.8250237,42.8826685],[13.8248016,42.8826071],[13.8248918,42.8824321],[13.824994,42.8824604],[13.8250756,42.8823021],[13.8260348,42.8825676],[13.825859,42.8829085],[13.8254834,42.8828046],[13.8253549,42.8830539],[13.8248912,42.8829256]]]},"properties":{"voltage":"132000","name":"Monsampolo"}},{"type":"Feature","geometry":{"type":"Polygon","coordinates":[[[13.5598407,43.4003666],[13.5594088,43.4002117],[13.5595751,43.3999671],[13.5596475,43.3999496],[13.559964,43.400046],[13.5600713,43.4001347],[13.5598407,43.4003666]]]},"properties":{"voltage":"50000","name":"Enel Recanati"}},{"type":"Feature","geometry":{"type":"Polygon","coordinates":[[[13.5646953,43.4274821],[13.5643867,43.4273989],[13.5645404,43.4270225],[13.5647536,43.4270578],[13.5648038,43.4272251],[13.5646953,43.4274821]]]},"properties":{"voltage":"132000","name":"Acquara"}},{"type":"Feature","geometry":{"type":"Polygon","coordinates":[[[13.523265,42.4221075],[13.5229619,42.4217372],[13.5230611,42.4216738],[13.5228573,42.4215709],[13.5227232,42.4213293],[13.5230772,42.421262],[13.5234769,42.4212877],[13.5234823,42.4213848],[13.5238899,42.4212917],[13.5241394,42.421959],[13.523265,42.4221075]]]},"properties":{"voltage":"150000","name":"Assergi"}},{"type":"Feature","geometry":{"type":"Polygon","coordinates":[[[13.5373119,42.8516333],[13.5371811,42.8516259],[13.5371141,42.8516686],[13.5371033,42.8517487],[13.5366554,42.8519817],[13.5364247,42.8519685],[13.5364569,42.8516578],[13.5365119,42.8516647],[13.5365271,42.8515164],[13.5359914,42.8514912],[13.5360266,42.8511373],[13.5367213,42.8511757],[13.5367095,42.8513472],[13.537335,42.8513845],[13.5373119,42.8516333]]]},"properties":{"voltage":"132000","name":"Rosara"}},{"type":"Feature","geometry":{"type":"Polygon","coordinates":[[[13.8386615,42.8917926],[13.8389432,42.8912441],[13.8376923,42.8908993],[13.8376701,42.8909424],[13.8374106,42.8914479],[13.8386615,42.8917926]]]},"properties":{"voltage":"132000","name":"Monteprandone FS"}},{"type":"Feature","geometry":{"type":"Polygon","coordinates":[[[13.8454958,43.0861304],[13.8450626,43.0860619],[13.8450667,43.0853802],[13.845355,43.0853302],[13.8454905,43.0853273],[13.8454958,43.0857465],[13.8454516,43.0857671],[13.8454516,43.0858219],[13.8454958,43.0858474],[13.8454958,43.0861304]]]},"properties":{"voltage":"50000","name":"Pedaso"}},{"type":"Feature","geometry":{"type":"Polygon","coordinates":[[[13.518247,43.5626559],[13.5183808,43.5625801],[13.5187208,43.5624447],[13.5188714,43.5628985],[13.5183956,43.5629811],[13.518247,43.5626559]]]},"properties":{"voltage":"132000","name":"Varano CP"}},{"type":"Feature","geometry":{"type":"Polygon","coordinates":[[[13.5183956,43.5629811],[13.5185203,43.563183],[13.5194819,43.5633136],[13.5191485,43.5623311],[13.5187208,43.5624447],[13.5188714,43.5628985],[13.5183956,43.5629811]]]},"properties":{"voltage":"132000","name":"Varano FS"}},{"type":"Feature","geometry":{"type":"Polygon","coordinates":[[[14.1531654,42.4490154],[14.1531664,42.4489751],[14.1531146,42.4489743],[14.1531136,42.4490146],[14.1531654,42.4490154]]]},"properties":{"voltage":"","name":""}},{"type":"Feature","geometry":{"type":"Polygon","coordinates":[[[14.0416171,42.495429],[14.0421782,42.4953356],[14.0420554,42.4949562],[14.0415105,42.4950694],[14.0416171,42.495429]]]},"properties":{"voltage":"150000","name":"Barberini"}},{"type":"Feature","geometry":{"type":"Polygon","coordinates":[[[14.9215991,44.9295452],[14.9218782,44.9295049],[14.9219159,44.9296361],[14.9216368,44.9296764],[14.9215991,44.9295452]]]},"properties":{"voltage":"","name":""}},{"type":"Feature","geometry":{"type":"Polygon","coordinates":[[[14.7319066,44.830764],[14.7318829,44.8307802],[14.731921,44.8308083],[14.7319448,44.8307921],[14.7319066,44.830764]]]},"properties":{"voltage":"","name":""}},{"type":"Feature","geometry":{"type":"Polygon","coordinates":[[[14.6986633,44.3706873],[14.6986808,44.3706628],[14.6986371,44.3706467],[14.6986186,44.3706695],[14.6986633,44.3706873]]]},"properties":{"voltage":"","name":"TS C 139"}},{"type":"Feature","geometry":{"type":"Polygon","coordinates":[[[13.8703602,42.4176725],[13.8703275,42.4176418],[13.8703698,42.4176173],[13.8703809,42.4176277],[13.8704025,42.417648],[13.8703602,42.4176725]]]},"properties":{"voltage":"","name":""}},{"type":"Feature","geometry":{"type":"Polygon","coordinates":[[[14.1429134,42.5072042],[14.143057,42.5070667],[14.1431051,42.5070908],[14.1429791,42.5072272],[14.1429134,42.5072042]]]},"properties":{"voltage":"","name":""}},{"type":"Feature","geometry":{"type":"Polygon","coordinates":[[[14.1388015,42.4990332],[14.1388031,42.499022],[14.1388048,42.4990109],[14.1387711,42.4990081],[14.1387678,42.4990304],[14.1388015,42.4990332]]]},"properties":{"voltage":"","name":""}},{"type":"Feature","geometry":{"type":"Polygon","coordinates":[[[14.1330649,42.4959491],[14.1331192,42.4959639],[14.1331297,42.4959431],[14.1330754,42.4959282],[14.1330699,42.4959392],[14.1330649,42.4959491]]]},"properties":{"voltage":"","name":""}},{"type":"Feature","geometry":{"type":"Polygon","coordinates":[[[14.1355862,42.5011887],[14.1356485,42.5012717],[14.1356998,42.5012508],[14.1356374,42.5011677],[14.1355862,42.5011887]]]},"properties":{"voltage":"","name":""}},{"type":"Feature","geometry":{"type":"Polygon","coordinates":[[[14.1591936,42.4908895],[14.1591811,42.4909042],[14.159169,42.4909183],[14.1592052,42.4909352],[14.1592298,42.4909063],[14.1591936,42.4908895]]]},"properties":{"voltage":"","name":""}},{"type":"Feature","geometry":{"type":"Polygon","coordinates":[[[14.1352784,42.4971525],[14.1352462,42.4971426],[14.1352327,42.4971663],[14.135265,42.4971762],[14.1352784,42.4971525]]]},"properties":{"voltage":"","name":""}},{"type":"Feature","geometry":{"type":"Polygon","coordinates":[[[14.151253,42.4899327],[14.1512305,42.4899348],[14.1512372,42.4899739],[14.1512597,42.4899718],[14.151253,42.4899327]]]},"properties":{"voltage":"","name":""}},{"type":"Feature","geometry":{"type":"Polygon","coordinates":[[[14.1291868,42.4998672],[14.1292655,42.4998991],[14.1292639,42.4999324],[14.1291529,42.4998897],[14.1291592,42.4998755],[14.1291631,42.4998724],[14.1291685,42.4998704],[14.129175,42.4998679],[14.1291868,42.4998672]]]},"properties":{"voltage":"","name":""}},{"type":"Feature","geometry":{"type":"Polygon","coordinates":[[[14.1224125,42.499422],[14.1223548,42.4994244],[14.1223582,42.4994677],[14.1223884,42.4994664],[14.1224158,42.4994653],[14.1224125,42.499422]]]},"properties":{"voltage":"","name":""}},{"type":"Feature","geometry":{"type":"Polygon","coordinates":[[[14.0927981,42.4675757],[14.0928144,42.4675848],[14.0928309,42.467594],[14.0928553,42.4675701],[14.0928225,42.4675519],[14.0927981,42.4675757]]]},"properties":{"voltage":"","name":""}},{"type":"Feature","geometry":{"type":"Polygon","coordinates":[[[14.3897862,44.6894617],[14.3896473,44.6894807],[14.3897037,44.689689],[14.3898426,44.68967],[14.3897862,44.6894617]]]},"properties":{"voltage":"","name":"Osor 2"}},{"type":"Feature","geometry":{"type":"Polygon","coordinates":[[[13.5618791,43.4278698],[13.5613396,43.4277934],[13.5609487,43.427257],[13.5609688,43.4271821],[13.5610522,43.4271939],[13.5611377,43.4268758],[13.5612074,43.4268526],[13.5611962,43.4267758],[13.5621312,43.4269309],[13.5618791,43.4278698]]]},"properties":{"voltage":"","name":""}},{"type":"Feature","geometry":{"type":"Polygon","coordinates":[[[13.906573,44.7740413],[13.9065467,44.774016],[13.9065555,44.7740114],[13.9065816,44.7739978],[13.9066079,44.774023],[13.906573,44.7740413]]]},"properties":{"voltage":"","name":""}},{"type":"Feature","geometry":{"type":"Polygon","coordinates":[[[13.5616472,43.3425375],[13.5615739,43.3425028],[13.5616,43.3424736],[13.5616733,43.3425083],[13.5616472,43.3425375]]]},"properties":{"voltage":"","name":""}},{"type":"Feature","geometry":{"type":"Polygon","coordinates":[[[13.6922379,42.6599306],[13.6922692,42.6599018],[13.6922271,42.659877],[13.6921957,42.6599058],[13.6922379,42.6599306]]]},"properties":{"voltage":"","name":""}},{"type":"Feature","geometry":{"type":"Polygon","coordinates":[[[13.9478115,44.8313733],[13.9477963,44.8308027],[13.9478603,44.8307013],[13.9484237,44.830684],[13.9486629,44.8308713],[13.948652,44.8314405],[13.947958,44.8314268],[13.947954,44.8313936],[13.9478115,44.8313733]]]},"properties":{"voltage":"110000;10000","name":"TS 110/20 kV Medulin"}},{"type":"Feature","geometry":{"type":"Polygon","coordinates":[[[14.4617792,44.53378],[14.4617461,44.5337625],[14.4617724,44.5337372],[14.4618055,44.5337548],[14.4617792,44.53378]]]},"properties":{"voltage":"","name":""}},{"type":"Feature","geometry":{"type":"Polygon","coordinates":[[[14.0559374,42.4022272],[14.0558848,42.4022053],[14.0558593,42.4022389],[14.0559118,42.4022608],[14.0559374,42.4022272]]]},"properties":{"voltage":"","name":""}},{"type":"Feature","geometry":{"type":"Polygon","coordinates":[[[14.1887372,42.4249087],[14.1887825,42.4248865],[14.1887709,42.4248736],[14.1887587,42.4248601],[14.18873,42.4248282],[14.1887112,42.4248375],[14.1886846,42.4248505],[14.188725,42.4248952],[14.1887372,42.4249087]]]},"properties":{"voltage":"","name":"Scuole M"}},{"type":"Feature","geometry":{"type":"Polygon","coordinates":[[[14.876579,44.2134104],[14.8766015,44.2133887],[14.8766214,44.2133993],[14.8766339,44.213406],[14.8766114,44.2134277],[14.876579,44.2134104]]]},"properties":{"voltage":"","name":""}},{"type":"Feature","geometry":{"type":"Polygon","coordinates":[[[14.4114891,44.8120238],[14.4116322,44.8120572],[14.4130832,44.8122311],[14.4132656,44.8118972],[14.4115597,44.8116496],[14.4114891,44.8120238]]]},"properties":{"voltage":"","name":""}},{"type":"Feature","geometry":{"type":"Polygon","coordinates":[[[14.3970499,44.6957266],[14.3971939,44.6956363],[14.396934,44.6954269],[14.3967901,44.6955171],[14.3970499,44.6957266]]]},"properties":{"voltage":"","name":""}},{"type":"Feature","geometry":{"type":"Polygon","coordinates":[[[14.3973532,44.6954311],[14.3974756,44.6953671],[14.3976575,44.6955431],[14.3975351,44.695607],[14.3973532,44.6954311]]]},"properties":{"voltage":"","name":"Osor 1"}},{"type":"Feature","geometry":{"type":"Polygon","coordinates":[[[14.4433936,44.9762756],[14.4436253,44.9762807],[14.4436297,44.9761796],[14.4433981,44.9761746],[14.4433936,44.9762756]]]},"properties":{"voltage":"","name":""}},{"type":"Feature","geometry":{"type":"Polygon","coordinates":[[[14.4162945,44.9577174],[14.4164337,44.9575017],[14.4166331,44.9575661],[14.4164939,44.9577818],[14.4162945,44.9577174]]]},"properties":{"voltage":"","name":""}},{"type":"Feature","geometry":{"type":"Polygon","coordinates":[[[13.9508407,44.8058672],[13.9509197,44.8058577],[13.950907,44.8058048],[13.950828,44.8058143],[13.9508407,44.8058672]]]},"properties":{"voltage":"","name":""}},{"type":"Feature","geometry":{"type":"Polygon","coordinates":[[[13.538248,42.8512489],[13.5380437,42.8512376],[13.537945,42.8512322],[13.5379755,42.8509335],[13.5380039,42.8506563],[13.5383069,42.8506729],[13.5382671,42.8510617],[13.538248,42.8512489]]]},"properties":{"voltage":"","name":""}},{"type":"Feature","geometry":{"type":"Polygon","coordinates":[[[14.9749779,44.8138847],[14.9750004,44.8139111],[14.9749506,44.8139324],[14.9749282,44.813906],[14.9749779,44.8138847]]]},"properties":{"voltage":"","name":""}},{"type":"Feature","geometry":{"type":"Polygon","coordinates":[[[14.1721235,42.4171794],[14.1721275,42.4171762],[14.172159,42.4171507],[14.1721627,42.4171477],[14.1722038,42.4171753],[14.1722129,42.4171815],[14.1721738,42.4172132],[14.1721235,42.4171794]]]},"properties":{"voltage":"","name":""}},{"type":"Feature","geometry":{"type":"Polygon","coordinates":[[[14.2047458,42.4629045],[14.2048622,42.4629553],[14.2048409,42.4629818],[14.2047246,42.462931],[14.2047458,42.4629045]]]},"properties":{"voltage":"","name":""}},{"type":"Feature","geometry":{"type":"Polygon","coordinates":[[[14.190808,42.4650591],[14.1907942,42.4650382],[14.1908363,42.465023],[14.1908501,42.4650439],[14.190808,42.4650591]]]},"properties":{"voltage":"","name":""}},{"type":"Feature","geometry":{"type":"Polygon","coordinates":[[[14.6933345,44.3775899],[14.6933607,44.3775567],[14.6934,44.3775725],[14.6933738,44.3776057],[14.6933345,44.3775899]]]},"properties":{"voltage":"10000;400","name":""}},{"type":"Feature","geometry":{"type":"Polygon","coordinates":[[[13.9986743,44.9469761],[13.9987309,44.946929],[13.998804,44.946973],[13.9987474,44.9470201],[13.9986743,44.9469761]]]},"properties":{"voltage":"","name":""}},{"type":"Feature","geometry":{"type":"Polygon","coordinates":[[[13.9658986,44.8489706],[13.9658858,44.8489512],[13.9658727,44.8489313],[13.965963,44.848911],[13.9659845,44.8489522],[13.9658986,44.8489706]]]},"properties":{"voltage":"","name":""}},{"type":"Feature","geometry":{"type":"Polygon","coordinates":[[[13.9594213,44.8501646],[13.9594623,44.8501402],[13.9594129,44.8500957],[13.959367,44.8501192],[13.9594213,44.8501646]]]},"properties":{"voltage":"","name":""}},{"type":"Feature","geometry":{"type":"Polygon","coordinates":[[[13.5180096,43.6142445],[13.5181673,43.6141505],[13.5180556,43.6140523],[13.5178979,43.6141463],[13.5179247,43.6141699],[13.5180096,43.6142445]]]},"properties":{"voltage":"","name":"Sottostazione elettrica per la conversione filoviaria"}},{"type":"Feature","geometry":{"type":"Polygon","coordinates":[[[14.1597746,42.4112846],[14.1598155,42.4112773],[14.1598072,42.4112517],[14.1597662,42.411259],[14.1597746,42.4112846]]]},"properties":{"voltage":"","name":""}},{"type":"Feature","geometry":{"type":"Polygon","coordinates":[[[14.1982144,42.4572948],[14.1982811,42.4571972],[14.1983383,42.4572185],[14.1982716,42.4573161],[14.1982144,42.4572948]]]},"properties":{"voltage":"","name":""}},{"type":"Feature","geometry":{"type":"Polygon","coordinates":[[[14.9741293,44.5264264],[14.9741888,44.5264142],[14.9741981,44.5264371],[14.9741386,44.5264493],[14.9741293,44.5264264]]]},"properties":{"voltage":"","name":""}},{"type":"Feature","geometry":{"type":"Polygon","coordinates":[[[14.9808142,44.5233267],[14.9808013,44.5233024],[14.9808606,44.5232864],[14.9808735,44.5233107],[14.9808142,44.5233267]]]},"properties":{"voltage":"","name":""}},{"type":"Feature","geometry":{"type":"Polygon","coordinates":[[[13.7985223,44.9506999],[13.7985568,44.9506759],[13.7985862,44.9506971],[13.7985517,44.9507211],[13.7985223,44.9506999]]]},"properties":{"voltage":"","name":""}},{"type":"Feature","geometry":{"type":"Polygon","coordinates":[[[13.8908637,44.7581243],[13.8908876,44.7581236],[13.8909109,44.758123],[13.8909104,44.7581124],[13.8909091,44.7580906],[13.8908619,44.7580919],[13.8908637,44.7581243]]]},"properties":{"voltage":"","name":""}},{"type":"Feature","geometry":{"type":"Polygon","coordinates":[[[13.8496196,44.8724364],[13.8496846,44.8724255],[13.8497009,44.8724746],[13.849636,44.8724854],[13.8496196,44.8724364]]]},"properties":{"voltage":"","name":""}},{"type":"Feature","geometry":{"type":"Polygon","coordinates":[[[13.5009272,43.1008006],[13.5008728,43.1007847],[13.5008501,43.100826],[13.5009044,43.100842],[13.5009272,43.1008006]]]},"properties":{"voltage":"","name":""}},{"type":"Feature","geometry":{"type":"Polygon","coordinates":[[[13.9924633,42.5416397],[13.9924762,42.5416868],[13.9924085,42.541697],[13.9923956,42.5416498],[13.9924633,42.5416397]]]},"properties":{"voltage":"","name":""}},{"type":"Feature","geometry":{"type":"Polygon","coordinates":[[[14.1926905,42.4258444],[14.1927251,42.4258682],[14.1927554,42.4258442],[14.1927209,42.4258204],[14.1926905,42.4258444]]]},"properties":{"voltage":"","name":""}},{"type":"Feature","geometry":{"type":"Polygon","coordinates":[[[14.0155392,42.5227068],[14.0155516,42.5227375],[14.0155088,42.5227469],[14.0154964,42.5227163],[14.0155392,42.5227068]]]},"properties":{"voltage":"","name":""}},{"type":"Feature","geometry":{"type":"Polygon","coordinates":[[[14.1416931,42.4356566],[14.1416988,42.4356413],[14.1417279,42.4356472],[14.1417222,42.4356625],[14.1416931,42.4356566]]]},"properties":{"voltage":"","name":""}},{"type":"Feature","geometry":{"type":"Polygon","coordinates":[[[14.1120066,42.4861856],[14.111976,42.486157],[14.1120267,42.4861275],[14.1120574,42.4861561],[14.1120066,42.4861856]]]},"properties":{"voltage":"","name":""}},{"type":"Feature","geometry":{"type":"Polygon","coordinates":[[[14.1060706,42.4800683],[14.1060874,42.480051],[14.1061132,42.4800645],[14.1060964,42.4800818],[14.1060706,42.4800683]]]},"properties":{"voltage":"","name":""}},{"type":"Feature","geometry":{"type":"Polygon","coordinates":[[[14.1536665,42.4572314],[14.1536773,42.4572066],[14.1537187,42.4572164],[14.1537079,42.4572412],[14.1536665,42.4572314]]]},"properties":{"voltage":"","name":""}},{"type":"Feature","geometry":{"type":"Polygon","coordinates":[[[14.1393749,42.4781529],[14.1393934,42.4781327],[14.1394207,42.4781462],[14.1394022,42.4781665],[14.1393749,42.4781529]]]},"properties":{"voltage":"","name":""}},{"type":"Feature","geometry":{"type":"Polygon","coordinates":[[[14.0898455,42.4594417],[14.08987,42.4594236],[14.089891,42.4594391],[14.0898665,42.4594572],[14.0898455,42.4594417]]]},"properties":{"voltage":"","name":""}},{"type":"Feature","geometry":{"type":"Polygon","coordinates":[[[14.1331028,42.4553841],[14.1331164,42.4553612],[14.1331597,42.4553753],[14.1331461,42.4553982],[14.1331028,42.4553841]]]},"properties":{"voltage":"","name":""}},{"type":"Feature","geometry":{"type":"Polygon","coordinates":[[[14.0763271,42.4689269],[14.0763488,42.4689055],[14.0763784,42.4689219],[14.0763567,42.4689433],[14.0763271,42.4689269]]]},"properties":{"voltage":"","name":""}},{"type":"Feature","geometry":{"type":"Polygon","coordinates":[[[14.0531493,42.4464464],[14.053167,42.4464129],[14.0530916,42.4463913],[14.0530739,42.4464248],[14.0531493,42.4464464]]]},"properties":{"voltage":"","name":""}},{"type":"Feature","geometry":{"type":"Polygon","coordinates":[[[13.9862544,42.64193],[13.9862877,42.6419439],[13.986306,42.6419204],[13.9862727,42.6419065],[13.9862544,42.64193]]]},"properties":{"voltage":"","name":""}},{"type":"Feature","geometry":{"type":"Polygon","coordinates":[[[14.1837416,42.487643],[14.1837699,42.4876183],[14.1837915,42.4876317],[14.1837632,42.4876564],[14.1837416,42.487643]]]},"properties":{"voltage":"","name":""}},{"type":"Feature","geometry":{"type":"Polygon","coordinates":[[[14.1806204,42.4681485],[14.1806604,42.4681165],[14.1807075,42.4681485],[14.1806675,42.4681805],[14.1806204,42.4681485]]]},"properties":{"voltage":"","name":""}},{"type":"Feature","geometry":{"type":"Polygon","coordinates":[[[14.1786379,42.4704362],[14.1786021,42.470399],[14.1786458,42.4703761],[14.1786816,42.4704133],[14.1786379,42.4704362]]]},"properties":{"voltage":"","name":""}},{"type":"Feature","geometry":{"type":"Polygon","coordinates":[[[14.189241,42.4813417],[14.1892536,42.4813219],[14.1892964,42.4813368],[14.1892838,42.4813566],[14.189241,42.4813417]]]},"properties":{"voltage":"","name":""}},{"type":"Feature","geometry":{"type":"Polygon","coordinates":[[[14.1871052,42.4701118],[14.1870984,42.4700715],[14.1871563,42.4700662],[14.187163,42.4701065],[14.1871052,42.4701118]]]},"properties":{"voltage":"","name":""}},{"type":"Feature","geometry":{"type":"Polygon","coordinates":[[[14.1786097,42.4908973],[14.1786261,42.4908742],[14.1786905,42.4908991],[14.1786741,42.4909222],[14.1786097,42.4908973]]]},"properties":{"voltage":"","name":""}},{"type":"Feature","geometry":{"type":"Polygon","coordinates":[[[14.1465718,42.4905406],[14.1465735,42.4905083],[14.146622,42.4905097],[14.1466203,42.4905419],[14.1465718,42.4905406]]]},"properties":{"voltage":"","name":""}},{"type":"Feature","geometry":{"type":"Polygon","coordinates":[[[14.1388002,42.4913927],[14.13879,42.4913626],[14.1388335,42.4913545],[14.1388438,42.4913846],[14.1388002,42.4913927]]]},"properties":{"voltage":"","name":""}},{"type":"Feature","geometry":{"type":"Polygon","coordinates":[[[14.0157484,42.6397012],[14.0157486,42.6396631],[14.015804,42.6396633],[14.0158038,42.6397014],[14.0157484,42.6397012]]]},"properties":{"voltage":"","name":""}},{"type":"Feature","geometry":{"type":"Polygon","coordinates":[[[14.1008728,42.5712994],[14.100894,42.5712666],[14.1009322,42.57128],[14.1009111,42.5713128],[14.1008728,42.5712994]]]},"properties":{"voltage":"","name":""}},{"type":"Feature","geometry":{"type":"Polygon","coordinates":[[[14.1565741,42.5136087],[14.1565109,42.5135562],[14.1566324,42.5134769],[14.1566955,42.5135295],[14.1565741,42.5136087]]]},"properties":{"voltage":"","name":""}},{"type":"Feature","geometry":{"type":"Polygon","coordinates":[[[14.2474348,42.4426343],[14.2474562,42.4426209],[14.2474829,42.442644],[14.2474616,42.4426574],[14.2474348,42.4426343]]]},"properties":{"voltage":"","name":""}},{"type":"Feature","geometry":{"type":"Polygon","coordinates":[[[14.2238593,42.455064],[14.2238807,42.4550463],[14.2239063,42.4550631],[14.2238848,42.4550808],[14.2238593,42.455064]]]},"properties":{"voltage":"","name":""}},{"type":"Feature","geometry":{"type":"Polygon","coordinates":[[[14.2205083,42.457209],[14.2204621,42.457181],[14.220484,42.4571613],[14.2205302,42.4571894],[14.2205083,42.457209]]]},"properties":{"voltage":"","name":""}},{"type":"Feature","geometry":{"type":"Polygon","coordinates":[[[14.1641238,42.4582593],[14.1641205,42.4582275],[14.1641645,42.458225],[14.1641678,42.4582568],[14.1641238,42.4582593]]]},"properties":{"voltage":"","name":""}},{"type":"Feature","geometry":{"type":"Polygon","coordinates":[[[14.2894277,42.4172781],[14.2893963,42.4172551],[14.2894281,42.4172315],[14.2894595,42.4172545],[14.2894277,42.4172781]]]},"properties":{"voltage":"","name":""}},{"type":"Feature","geometry":{"type":"Polygon","coordinates":[[[14.1659516,42.4190982],[14.1659224,42.4190574],[14.1659538,42.4190451],[14.165983,42.4190859],[14.1659516,42.4190982]]]},"properties":{"voltage":"","name":""}},{"type":"Feature","geometry":{"type":"Polygon","coordinates":[[[14.1659768,42.4191234],[14.1659606,42.4191016],[14.1659893,42.41909],[14.1660054,42.4191118],[14.1659768,42.4191234]]]},"properties":{"voltage":"","name":""}},{"type":"Feature","geometry":{"type":"Polygon","coordinates":[[[14.1668304,42.4198607],[14.1668149,42.4198379],[14.1668433,42.4198264],[14.1668604,42.4198496],[14.1668304,42.4198607]]]},"properties":{"voltage":"","name":""}},{"type":"Feature","geometry":{"type":"Polygon","coordinates":[[[14.1668604,42.4198496],[14.1668931,42.4198374],[14.1668606,42.4197898],[14.166798,42.419813],[14.1668149,42.4198379],[14.1668304,42.4198607],[14.1668604,42.4198496]]]},"properties":{"voltage":"","name":""}},{"type":"Feature","geometry":{"type":"Polygon","coordinates":[[[14.2081802,42.4530176],[14.2081423,42.4529504],[14.2081872,42.4529366],[14.2082251,42.4530038],[14.2081802,42.4530176]]]},"properties":{"voltage":"","name":""}},{"type":"Feature","geometry":{"type":"Polygon","coordinates":[[[14.1260815,42.5222742],[14.1261017,42.5222529],[14.1261308,42.5222678],[14.1261105,42.5222892],[14.1260815,42.5222742]]]},"properties":{"voltage":"","name":""}},{"type":"Feature","geometry":{"type":"Polygon","coordinates":[[[14.2493042,42.4463204],[14.2493363,42.4462976],[14.2493616,42.446317],[14.2493869,42.4463364],[14.2493548,42.4463592],[14.2493042,42.4463204]]]},"properties":{"voltage":"","name":""}},{"type":"Feature","geometry":{"type":"Polygon","coordinates":[[[14.0374486,42.6496495],[14.0374679,42.6496277],[14.0374967,42.6496409],[14.0374781,42.6496633],[14.0374486,42.6496495]]]},"properties":{"voltage":"","name":""}},{"type":"Feature","geometry":{"type":"Polygon","coordinates":[[[14.0374967,42.6496409],[14.0375445,42.6496624],[14.0375259,42.6496848],[14.0374781,42.6496633],[14.0374967,42.6496409]]]},"properties":{"voltage":"","name":""}},{"type":"Feature","geometry":{"type":"Polygon","coordinates":[[[14.1011824,42.5617882],[14.1011824,42.5617623],[14.1012169,42.5617623],[14.1012169,42.5617882],[14.1011824,42.5617882]]]},"properties":{"voltage":"","name":""}},{"type":"Feature","geometry":{"type":"Polygon","coordinates":[[[13.9925234,42.4866553],[13.9924437,42.4865439],[13.9927511,42.4864236],[13.9928305,42.4865282],[13.9925234,42.4866553]]]},"properties":{"voltage":"","name":""}},{"type":"Feature","geometry":{"type":"Polygon","coordinates":[[[14.1744973,42.4396207],[14.1744714,42.4395824],[14.1745246,42.4395628],[14.1745505,42.4396011],[14.1744973,42.4396207]]]},"properties":{"voltage":"","name":""}},{"type":"Feature","geometry":{"type":"Polygon","coordinates":[[[14.0113318,42.4001789],[14.0113318,42.4001497],[14.0113701,42.4001497],[14.0113701,42.4001789],[14.0113318,42.4001789]]]},"properties":{"voltage":"","name":""}},{"type":"Feature","geometry":{"type":"Polygon","coordinates":[[[14.1982021,42.4068806],[14.198232,42.406897],[14.1982562,42.4069104],[14.1982747,42.4068921],[14.1982941,42.406873],[14.1982643,42.4068566],[14.1982399,42.4068432],[14.198223,42.4068599],[14.1982021,42.4068806]]]},"properties":{"voltage":"","name":""}},{"type":"Feature","geometry":{"type":"Polygon","coordinates":[[[14.0402077,42.4565773],[14.0401958,42.4565569],[14.0402274,42.4565468],[14.0402393,42.4565673],[14.0402077,42.4565773]]]},"properties":{"voltage":"","name":""}},{"type":"Feature","geometry":{"type":"Polygon","coordinates":[[[13.987517,42.4315531],[13.9875167,42.4315296],[13.9875573,42.4315294],[13.9875575,42.4315529],[13.987517,42.4315531]]]},"properties":{"voltage":"","name":""}},{"type":"Feature","geometry":{"type":"Polygon","coordinates":[[[14.121372,42.4983578],[14.1214138,42.498327],[14.1214405,42.4983467],[14.1213987,42.4983775],[14.121372,42.4983578]]]},"properties":{"voltage":"","name":""}},{"type":"Feature","geometry":{"type":"Polygon","coordinates":[[[14.0812617,42.5192148],[14.0812538,42.5191889],[14.0812707,42.5191861],[14.0812859,42.5191835],[14.0812938,42.5192095],[14.0812785,42.519212],[14.0812766,42.5192124],[14.0812617,42.5192148]]]},"properties":{"voltage":"","name":""}},{"type":"Feature","geometry":{"type":"Polygon","coordinates":[[[13.9426776,42.5104403],[13.9426676,42.5104167],[13.9426769,42.5104145],[13.9427008,42.510409],[13.9427108,42.5104326],[13.9426776,42.5104403]]]},"properties":{"voltage":"","name":""}},{"type":"Feature","geometry":{"type":"Polygon","coordinates":[[[13.9961599,42.696323],[13.9961619,42.6962978],[13.9962031,42.6962996],[13.9962012,42.6963247],[13.9961599,42.696323]]]},"properties":{"voltage":"","name":""}},{"type":"Feature","geometry":{"type":"Polygon","coordinates":[[[14.038576,42.4656613],[14.0385633,42.46564],[14.0385935,42.4656301],[14.0386062,42.4656514],[14.038576,42.4656613]]]},"properties":{"voltage":"","name":""}},{"type":"Feature","geometry":{"type":"Polygon","coordinates":[[[13.8909514,42.5328385],[13.8909721,42.5328043],[13.8910253,42.5328219],[13.8910045,42.5328561],[13.8909788,42.5328476],[13.8909514,42.5328385]]]},"properties":{"voltage":"","name":""}},{"type":"Feature","geometry":{"type":"Polygon","coordinates":[[[14.0362144,42.4572204],[14.036208,42.4572097],[14.0361998,42.4571961],[14.0361865,42.4571739],[14.0362736,42.4571455],[14.0362858,42.4571659],[14.0363015,42.457192],[14.0362144,42.4572204]]]},"properties":{"voltage":"","name":""}},{"type":"Feature","geometry":{"type":"Polygon","coordinates":[[[13.8208656,42.5175506],[13.820877,42.5175396],[13.8208887,42.5175285],[13.8209204,42.5175466],[13.8209106,42.5175559],[13.8208973,42.5175686],[13.820884,42.5175611],[13.8208656,42.5175506]]]},"properties":{"voltage":"","name":""}},{"type":"Feature","geometry":{"type":"Polygon","coordinates":[[[13.8194877,42.5298454],[13.8194781,42.5298207],[13.8195038,42.5298153],[13.8195285,42.52981],[13.8195381,42.5298347],[13.8194877,42.5298454]]]},"properties":{"voltage":"","name":""}},{"type":"Feature","geometry":{"type":"Polygon","coordinates":[[[13.9900489,42.6937322],[13.9900481,42.6936988],[13.9900945,42.6936982],[13.9900953,42.6937316],[13.9900489,42.6937322]]]},"properties":{"voltage":"","name":""}},{"type":"Feature","geometry":{"type":"Polygon","coordinates":[[[13.9814521,42.6932553],[13.9814416,42.6932378],[13.9814631,42.6932309],[13.9814735,42.6932484],[13.9814625,42.6932519],[13.9814521,42.6932553]]]},"properties":{"voltage":"","name":""}},{"type":"Feature","geometry":{"type":"Polygon","coordinates":[[[13.8281026,42.4800254],[13.8281225,42.48],[13.8281532,42.4800131],[13.8281426,42.4800266],[13.8281333,42.4800384],[13.8281206,42.480033],[13.8281026,42.4800254]]]},"properties":{"voltage":"","name":""}},{"type":"Feature","geometry":{"type":"Polygon","coordinates":[[[13.7525638,42.5036334],[13.7525382,42.503617],[13.7525521,42.5036051],[13.7525632,42.5035956],[13.7525769,42.5036043],[13.7525889,42.503612],[13.7525783,42.503621],[13.7525638,42.5036334]]]},"properties":{"voltage":"","name":""}},{"type":"Feature","geometry":{"type":"Polygon","coordinates":[[[13.7237652,42.5011441],[13.7237585,42.5011308],[13.7237522,42.5011181],[13.7237635,42.501115],[13.7237796,42.5011106],[13.7237865,42.5011245],[13.7237926,42.5011366],[13.7237796,42.5011402],[13.7237652,42.5011441]]]},"properties":{"voltage":"","name":""}},{"type":"Feature","geometry":{"type":"Polygon","coordinates":[[[13.7962966,42.4717668],[13.7962963,42.4717402],[13.7963115,42.47174],[13.7963243,42.4717399],[13.7963245,42.4717517],[13.7963247,42.4717666],[13.7963136,42.4717667],[13.7962966,42.4717668]]]},"properties":{"voltage":"","name":""}},{"type":"Feature","geometry":{"type":"Polygon","coordinates":[[[13.8179814,42.4989134],[13.817986,42.498903],[13.817991,42.4988915],[13.8180058,42.498895],[13.8180237,42.4988993],[13.8180186,42.4989109],[13.8180141,42.4989212],[13.8179982,42.4989174],[13.8179814,42.4989134]]]},"properties":{"voltage":"","name":""}},{"type":"Feature","geometry":{"type":"Polygon","coordinates":[[[13.7861354,42.5013339],[13.7861284,42.501306],[13.7861495,42.5013031],[13.7861682,42.5013006],[13.7861752,42.5013285],[13.7861354,42.5013339]]]},"properties":{"voltage":"","name":""}},{"type":"Feature","geometry":{"type":"Polygon","coordinates":[[[13.7509614,42.5453909],[13.7509515,42.5453674],[13.7509866,42.5453593],[13.7509965,42.5453828],[13.7509614,42.5453909]]]},"properties":{"voltage":"","name":""}},{"type":"Feature","geometry":{"type":"Polygon","coordinates":[[[13.7935418,42.4880419],[13.7935416,42.4880278],[13.7935415,42.4880162],[13.7935797,42.4880159],[13.7935798,42.4880275],[13.79358,42.4880416],[13.7935418,42.4880419]]]},"properties":{"voltage":"","name":""}},{"type":"Feature","geometry":{"type":"Polygon","coordinates":[[[13.6380518,42.5772601],[13.6380462,42.5772404],[13.6380422,42.5772266],[13.6380904,42.5772191],[13.6381,42.5772527],[13.6380518,42.5772601]]]},"properties":{"voltage":"","name":""}},{"type":"Feature","geometry":{"type":"Polygon","coordinates":[[[13.7043924,42.5401998],[13.7043955,42.5401704],[13.7044151,42.5401715],[13.7044407,42.540173],[13.7044388,42.5401909],[13.7044376,42.5402024],[13.7043924,42.5401998]]]},"properties":{"voltage":"","name":""}},{"type":"Feature","geometry":{"type":"Polygon","coordinates":[[[13.7174698,42.594176],[13.7174819,42.5941595],[13.7174625,42.5941518],[13.7174438,42.5941443],[13.7174139,42.5941849],[13.7174521,42.5942001],[13.7174698,42.594176]]]},"properties":{"voltage":"","name":""}},{"type":"Feature","geometry":{"type":"Polygon","coordinates":[[[13.6961008,42.5417443],[13.6961234,42.5417321],[13.6961382,42.5417241],[13.6961641,42.54175],[13.6961266,42.5417703],[13.6961008,42.5417443]]]},"properties":{"voltage":"","name":""}},{"type":"Feature","geometry":{"type":"Polygon","coordinates":[[[13.6963527,42.5412475],[13.6963435,42.541228],[13.6963375,42.5412151],[13.6963788,42.5412046],[13.696394,42.5412369],[13.6963527,42.5412475]]]},"properties":{"voltage":"","name":""}},{"type":"Feature","geometry":{"type":"Polygon","coordinates":[[[13.6901752,42.5337243],[13.6902249,42.5337146],[13.690213,42.5336814],[13.6901633,42.5336911],[13.6901752,42.5337243]]]},"properties":{"voltage":"","name":""}},{"type":"Feature","geometry":{"type":"Polygon","coordinates":[[[13.6900322,42.533754],[13.6900192,42.5337201],[13.6901633,42.5336911],[13.6901752,42.5337243],[13.6900322,42.533754]]]},"properties":{"voltage":"","name":""}},{"type":"Feature","geometry":{"type":"Polygon","coordinates":[[[13.7760589,42.5593294],[13.7760453,42.559308],[13.7760739,42.5592982],[13.7760875,42.5593196],[13.7760589,42.5593294]]]},"properties":{"voltage":"","name":""}},{"type":"Feature","geometry":{"type":"Polygon","coordinates":[[[13.792026,42.5645585],[13.7920339,42.564547],[13.7920447,42.5645314],[13.7920747,42.5645426],[13.7920634,42.5645589],[13.792056,42.5645697],[13.792026,42.5645585]]]},"properties":{"voltage":"","name":""}},{"type":"Feature","geometry":{"type":"Polygon","coordinates":[[[13.8857047,42.5475369],[13.8857043,42.5475122],[13.8857206,42.5475121],[13.8857362,42.547512],[13.8857366,42.5475364],[13.88572,42.5475367],[13.8857047,42.5475369]]]},"properties":{"voltage":"","name":""}},{"type":"Feature","geometry":{"type":"Polygon","coordinates":[[[13.8866276,42.531045],[13.8866286,42.5310308],[13.8866289,42.5310257],[13.8866295,42.531017],[13.8866697,42.5310185],[13.8866679,42.5310465],[13.8866276,42.531045]]]},"properties":{"voltage":"","name":""}},{"type":"Feature","geometry":{"type":"Polygon","coordinates":[[[13.9192212,42.470934],[13.91921,42.4709212],[13.9192023,42.4709125],[13.919172,42.470927],[13.9191821,42.4709384],[13.9191909,42.4709485],[13.9192212,42.470934]]]},"properties":{"voltage":"","name":""}},{"type":"Feature","geometry":{"type":"Polygon","coordinates":[[[13.8707506,42.4717648],[13.8707532,42.4717343],[13.8707745,42.4717354],[13.870801,42.4717366],[13.8707998,42.4717495],[13.8707983,42.471767],[13.8707737,42.4717659],[13.8707506,42.4717648]]]},"properties":{"voltage":"","name":""}},{"type":"Feature","geometry":{"type":"Polygon","coordinates":[[[13.7513707,44.9910412],[13.7513872,44.9910823],[13.7513029,44.9910993],[13.7512864,44.9910582],[13.7513707,44.9910412]]]},"properties":{"voltage":"","name":"Barbariga Sjever 2"}},{"type":"Feature","geometry":{"type":"Polygon","coordinates":[[[13.7545345,44.9898903],[13.7544383,44.9899114],[13.7544628,44.9899673],[13.7545589,44.9899462],[13.7545345,44.9898903]]]},"properties":{"voltage":"","name":"Barbariga Centar"}},{"type":"Feature","geometry":{"type":"Polygon","coordinates":[[[14.04643,42.6097571],[14.0464308,42.6097282],[14.0464615,42.6097287],[14.0464606,42.6097575],[14.04643,42.6097571]]]},"properties":{"voltage":"","name":""}},{"type":"Feature","geometry":{"type":"Polygon","coordinates":[[[14.04466,42.6078517],[14.0446588,42.6078118],[14.0447117,42.6078112],[14.0447125,42.6078511],[14.04466,42.6078517]]]},"properties":{"voltage":"","name":""}},{"type":"Feature","geometry":{"type":"Polygon","coordinates":[[[14.0446006,42.6078594],[14.0445996,42.6078125],[14.0446588,42.6078118],[14.04466,42.6078517],[14.0446601,42.6078587],[14.0446006,42.6078594]]]},"properties":{"voltage":"","name":""}},{"type":"Feature","geometry":{"type":"Polygon","coordinates":[[[14.0007683,42.626133],[14.0007686,42.6260998],[14.000783,42.6260999],[14.0008094,42.6261001],[14.000809,42.6261333],[14.0007683,42.626133]]]},"properties":{"voltage":"","name":""}},{"type":"Feature","geometry":{"type":"Polygon","coordinates":[[[14.0344357,42.6279781],[14.0344121,42.6279312],[14.0344562,42.6279192],[14.0344798,42.6279662],[14.0344357,42.6279781]]]},"properties":{"voltage":"","name":""}},{"type":"Feature","geometry":{"type":"Polygon","coordinates":[[[14.016709,42.6408302],[14.0167596,42.6408306],[14.0167589,42.640878],[14.0167083,42.6408776],[14.016709,42.6408302]]]},"properties":{"voltage":"","name":""}},{"type":"Feature","geometry":{"type":"Polygon","coordinates":[[[14.0167083,42.6408776],[14.0166398,42.640877],[14.0166405,42.6408297],[14.016709,42.6408302],[14.0167083,42.6408776]]]},"properties":{"voltage":"","name":""}},{"type":"Feature","geometry":{"type":"Polygon","coordinates":[[[14.0191121,42.6416868],[14.0190927,42.6417255],[14.0190329,42.6417092],[14.0190523,42.6416705],[14.0191121,42.6416868]]]},"properties":{"voltage":"","name":""}},{"type":"Feature","geometry":{"type":"Polygon","coordinates":[[[14.0194599,42.6432571],[14.0194622,42.643211],[14.0195275,42.6432127],[14.0195253,42.6432588],[14.0194599,42.6432571]]]},"properties":{"voltage":"","name":""}},{"type":"Feature","geometry":{"type":"Polygon","coordinates":[[[14.0193647,42.6440989],[14.0194317,42.6441009],[14.019429,42.6441513],[14.0193621,42.6441494],[14.0193647,42.6440989]]]},"properties":{"voltage":"","name":""}},{"type":"Feature","geometry":{"type":"Polygon","coordinates":[[[14.0263336,42.6530425],[14.0263445,42.6530167],[14.0263749,42.6530237],[14.0263639,42.6530494],[14.0263336,42.6530425]]]},"properties":{"voltage":"","name":""}},{"type":"Feature","geometry":{"type":"Polygon","coordinates":[[[13.9408428,44.8173897],[13.9408361,44.8174279],[13.9407904,44.8174239],[13.9407971,44.8173857],[13.9408428,44.8173897]]]},"properties":{"voltage":"","name":""}},{"type":"Feature","geometry":{"type":"Polygon","coordinates":[[[14.1470579,42.4193746],[14.1470805,42.4193348],[14.1471509,42.4193565],[14.1471283,42.4193963],[14.1470579,42.4193746]]]},"properties":{"voltage":"","name":""}},{"type":"Feature","geometry":{"type":"Polygon","coordinates":[[[14.0323518,42.6475746],[14.032369,42.6475559],[14.0323946,42.6475687],[14.0323774,42.6475873],[14.0323518,42.6475746]]]},"properties":{"voltage":"","name":""}},{"type":"Feature","geometry":{"type":"Polygon","coordinates":[[[14.1306371,42.5179409],[14.1304995,42.5178203],[14.1306097,42.517752],[14.1307474,42.5178726],[14.1306371,42.5179409]]]},"properties":{"voltage":"","name":""}},{"type":"Feature","geometry":{"type":"Polygon","coordinates":[[[14.1854139,42.4852093],[14.1854516,42.4852344],[14.1853998,42.4852768],[14.1853621,42.4852517],[14.1854139,42.4852093]]]},"properties":{"voltage":"","name":""}},{"type":"Feature","geometry":{"type":"Polygon","coordinates":[[[14.2450809,42.4430669],[14.245089,42.4430424],[14.2451335,42.4430505],[14.2451254,42.4430749],[14.2450809,42.4430669]]]},"properties":{"voltage":"","name":""}},{"type":"Feature","geometry":{"type":"Polygon","coordinates":[[[14.1456456,42.5119978],[14.1456647,42.5119809],[14.1457005,42.5120029],[14.1456814,42.5120198],[14.1456456,42.5119978]]]},"properties":{"voltage":"","name":""}},{"type":"Feature","geometry":{"type":"Polygon","coordinates":[[[14.1748935,42.4618487],[14.1748182,42.4617545],[14.1748736,42.4617304],[14.1749489,42.4618246],[14.1748935,42.4618487]]]},"properties":{"voltage":"","name":""}},{"type":"Feature","geometry":{"type":"Polygon","coordinates":[[[14.1557706,42.5196263],[14.1558127,42.5195753],[14.1558373,42.5195863],[14.1557952,42.5196373],[14.1557706,42.5196263]]]},"properties":{"voltage":"","name":""}},{"type":"Feature","geometry":{"type":"Polygon","coordinates":[[[14.1551314,42.5203712],[14.1551734,42.5203201],[14.155198,42.5203312],[14.155156,42.5203822],[14.1551314,42.5203712]]]},"properties":{"voltage":"","name":""}},{"type":"Feature","geometry":{"type":"Polygon","coordinates":[[[14.2176631,42.462074],[14.2175975,42.4620489],[14.2176131,42.4620267],[14.2176788,42.4620517],[14.2176631,42.462074]]]},"properties":{"voltage":"","name":""}},{"type":"Feature","geometry":{"type":"Polygon","coordinates":[[[14.2009832,42.4650017],[14.20101,42.4649685],[14.2010635,42.4649922],[14.2010367,42.4650253],[14.2009832,42.4650017]]]},"properties":{"voltage":"","name":""}},{"type":"Feature","geometry":{"type":"Polygon","coordinates":[[[14.145131,42.4030352],[14.1450976,42.4029959],[14.1451511,42.4029711],[14.1451845,42.4030103],[14.145131,42.4030352]]]},"properties":{"voltage":"","name":""}},{"type":"Feature","geometry":{"type":"Polygon","coordinates":[[[14.2115425,42.4188151],[14.2115118,42.4187934],[14.2115361,42.4187747],[14.2115668,42.4187964],[14.2115425,42.4188151]]]},"properties":{"voltage":"","name":""}},{"type":"Feature","geometry":{"type":"Polygon","coordinates":[[[13.6523009,42.5378235],[13.6522992,42.5378122],[13.6523144,42.537811],[13.652316,42.5378223],[13.6523086,42.5378229],[13.6523009,42.5378235]]]},"properties":{"voltage":"","name":""}},{"type":"Feature","geometry":{"type":"Polygon","coordinates":[[[14.1675695,42.4114017],[14.1675496,42.4113776],[14.1675789,42.4113645],[14.1675988,42.4113886],[14.1675815,42.4113963],[14.1675695,42.4114017]]]},"properties":{"voltage":"","name":""}},{"type":"Feature","geometry":{"type":"Polygon","coordinates":[[[14.168169,42.412775],[14.1681491,42.4127509],[14.1681647,42.4127439],[14.1681783,42.4127378],[14.1681982,42.4127618],[14.168169,42.412775]]]},"properties":{"voltage":"","name":""}},{"type":"Feature","geometry":{"type":"Polygon","coordinates":[[[14.1314756,42.4163392],[14.1314738,42.416313],[14.1315046,42.4163119],[14.1315055,42.4163244],[14.1315064,42.4163381],[14.1314756,42.4163392]]]},"properties":{"voltage":"","name":""}},{"type":"Feature","geometry":{"type":"Polygon","coordinates":[[[14.1442998,42.5227985],[14.1443271,42.5227717],[14.1443938,42.5228086],[14.1443665,42.5228354],[14.1442998,42.5227985]]]},"properties":{"voltage":"","name":""}},{"type":"Feature","geometry":{"type":"Polygon","coordinates":[[[14.3165116,42.4037137],[14.3164859,42.403685],[14.3165092,42.4036736],[14.3165349,42.4037024],[14.3165116,42.4037137]]]},"properties":{"voltage":"","name":""}},{"type":"Feature","geometry":{"type":"Polygon","coordinates":[[[13.7148144,43.1610267],[13.7148193,43.1610453],[13.7148421,43.1610422],[13.7148372,43.1610236],[13.7148144,43.1610267]]]},"properties":{"voltage":"","name":""}},{"type":"Feature","geometry":{"type":"Polygon","coordinates":[[[14.1655252,42.40919],[14.1654998,42.4091574],[14.1655472,42.4091372],[14.1655726,42.4091698],[14.1655252,42.40919]]]},"properties":{"voltage":"","name":""}},{"type":"Feature","geometry":{"type":"Polygon","coordinates":[[[14.0250671,44.9231116],[14.0251492,44.9231268],[14.0251687,44.9230728],[14.0250905,44.9230604],[14.0250671,44.9231116]]]},"properties":{"voltage":"","name":""}},{"type":"Feature","geometry":{"type":"Polygon","coordinates":[[[13.9741903,42.6490065],[13.9741816,42.6489691],[13.9742309,42.6489626],[13.97424,42.6489996],[13.9741903,42.6490065]]]},"properties":{"voltage":"","name":""}},{"type":"Feature","geometry":{"type":"Polygon","coordinates":[[[13.8936859,42.7394819],[13.8937645,42.7394989],[13.8937871,42.7394424],[13.8937085,42.7394254],[13.8936859,42.7394819]]]},"properties":{"voltage":"","name":""}},{"type":"Feature","geometry":{"type":"Polygon","coordinates":[[[13.5795383,43.3152929],[13.5795753,43.3152562],[13.5796331,43.315287],[13.5795961,43.3153237],[13.5795383,43.3152929]]]},"properties":{"voltage":"","name":""}},{"type":"Feature","geometry":{"type":"Polygon","coordinates":[[[13.5955919,43.2325316],[13.5955721,43.2324651],[13.5956328,43.2324555],[13.5956526,43.232522],[13.5955919,43.2325316]]]},"properties":{"voltage":"","name":""}},{"type":"Feature","geometry":{"type":"Polygon","coordinates":[[[14.030802,42.6536498],[14.0308007,42.653612],[14.0308509,42.6536111],[14.0308515,42.6536274],[14.0308522,42.6536489],[14.030802,42.6536498]]]},"properties":{"voltage":"","name":""}},{"type":"Feature","geometry":{"type":"Polygon","coordinates":[[[13.9789946,42.7216732],[13.9790124,42.7216059],[13.979061,42.7216129],[13.9790432,42.7216801],[13.9789946,42.7216732]]]},"properties":{"voltage":"","name":""}},{"type":"Feature","geometry":{"type":"Polygon","coordinates":[[[13.9488685,42.7394579],[13.9488665,42.7394747],[13.9489026,42.739477],[13.9489046,42.7394596],[13.9489059,42.7394489],[13.9488896,42.7394478],[13.9488699,42.7394465],[13.9488685,42.7394579]]]},"properties":{"voltage":"","name":""}},{"type":"Feature","geometry":{"type":"Polygon","coordinates":[[[14.1823274,42.4509599],[14.1823447,42.4509214],[14.1824014,42.4509352],[14.1823841,42.4509737],[14.1823274,42.4509599]]]},"properties":{"voltage":"","name":""}},{"type":"Feature","geometry":{"type":"Polygon","coordinates":[[[13.9116133,42.4661309],[13.9116041,42.4661275],[13.9115773,42.4661173],[13.9115812,42.4661116],[13.911595,42.4660919],[13.9116014,42.4660944],[13.911631,42.4661056],[13.9116282,42.4661095],[13.9116133,42.4661309]]]},"properties":{"voltage":"","name":""}},{"type":"Feature","geometry":{"type":"Polygon","coordinates":[[[14.0262332,42.4322672],[14.0262192,42.4322562],[14.0262003,42.4322414],[14.0262292,42.4322224],[14.0262457,42.4322357],[14.026262,42.4322489],[14.0262332,42.4322672]]]},"properties":{"voltage":"","name":""}},{"type":"Feature","geometry":{"type":"Polygon","coordinates":[[[14.0263952,42.4318446],[14.0263844,42.4318368],[14.0263722,42.4318281],[14.0264073,42.4318016],[14.0264302,42.4318182],[14.0263952,42.4318446]]]},"properties":{"voltage":"","name":""}},{"type":"Feature","geometry":{"type":"Polygon","coordinates":[[[14.2015064,42.4303497],[14.2015045,42.4303272],[14.2015463,42.4303253],[14.2015483,42.4303478],[14.2015064,42.4303497]]]},"properties":{"voltage":"","name":""}},{"type":"Feature","geometry":{"type":"Polygon","coordinates":[[[14.2229472,42.4614283],[14.2229551,42.4613873],[14.222902,42.4613817],[14.222894,42.4614227],[14.2229206,42.4614255],[14.2229472,42.4614283]]]},"properties":{"voltage":"","name":""}},{"type":"Feature","geometry":{"type":"Polygon","coordinates":[[[13.9803018,42.5493082],[13.9802761,42.549292],[13.9802556,42.5492791],[13.9802925,42.5492473],[13.9803387,42.5492765],[13.9803018,42.5493082]]]},"properties":{"voltage":"","name":""}},{"type":"Feature","geometry":{"type":"Polygon","coordinates":[[[13.8619682,44.8671716],[13.8611503,44.8668747],[13.861109,44.8668736],[13.8609811,44.8665476],[13.8610889,44.866527],[13.8617098,44.8664047],[13.861991,44.8671329],[13.8619875,44.8671685],[13.8619682,44.8671716]]]},"properties":{"voltage":"35000;10000","name":"TS 35/10 kV Gregovica"}},{"type":"Feature","geometry":{"type":"Polygon","coordinates":[[[13.8290512,44.8617625],[13.8288134,44.8616589],[13.8289673,44.8614633],[13.8293324,44.8615844],[13.8292165,44.8617485],[13.8290512,44.8617625]]]},"properties":{"voltage":"35000;10000","name":"TS 35/10 kV Pula zapad"}},{"type":"Feature","geometry":{"type":"Polygon","coordinates":[[[13.8485954,44.8649395],[13.8483224,44.8649935],[13.8483033,44.8649425],[13.8482377,44.864776],[13.8484056,44.8647453],[13.8484356,44.8648207],[13.8485383,44.8648002],[13.8485954,44.8649395]]]},"properties":{"voltage":"35000;10000","name":"TS 35/10 kV Centar"}},{"type":"Feature","geometry":{"type":"Polygon","coordinates":[[[13.8547128,44.9563283],[13.8545966,44.9562099],[13.8546507,44.9561236],[13.8550035,44.9560267],[13.8551138,44.9561561],[13.8547128,44.9563283]]]},"properties":{"voltage":"35000;10000","name":"TS 35/10 kV Vodnjan"}},{"type":"Feature","geometry":{"type":"Polygon","coordinates":[[[13.8148122,44.9265458],[13.8146938,44.9263354],[13.8150601,44.9262659],[13.8151802,44.926302],[13.8154641,44.9268416],[13.8150718,44.9268916],[13.8148828,44.9266401],[13.8148122,44.9265458]]]},"properties":{"voltage":"35000;10000","name":"TS 35/10 kV Fa\u017eana"}},{"type":"Feature","geometry":{"type":"Polygon","coordinates":[[[13.876123,44.8261104],[13.8759898,44.8261],[13.8759036,44.8259482],[13.8763476,44.8258243],[13.8764767,44.8260634],[13.8763071,44.8261097],[13.8762427,44.8261345],[13.876123,44.8261104]]]},"properties":{"voltage":"35000;10000","name":"TS 35/10 kV Banjole"}},{"type":"Feature","geometry":{"type":"Polygon","coordinates":[[[13.5503948,43.2996172],[13.5503721,43.2995911],[13.550408,43.2995745],[13.5504308,43.2996006],[13.5503948,43.2996172]]]},"properties":{"voltage":"","name":""}},{"type":"Feature","geometry":{"type":"Polygon","coordinates":[[[13.8592873,42.6154965],[13.8592885,42.6154918],[13.8592942,42.6154693],[13.859328,42.6154739],[13.8593224,42.6154961],[13.8593212,42.6155011],[13.8592873,42.6154965]]]},"properties":{"voltage":"","name":""}},{"type":"Feature","geometry":{"type":"Polygon","coordinates":[[[13.8606483,42.6215189],[13.86063,42.6214883],[13.8606709,42.6214751],[13.8606891,42.6215057],[13.8606483,42.6215189]]]},"properties":{"voltage":"","name":""}},{"type":"Feature","geometry":{"type":"Polygon","coordinates":[[[13.9537347,42.7484234],[13.9537766,42.7483885],[13.9537203,42.7483521],[13.9536784,42.748387],[13.9537347,42.7484234]]]},"properties":{"voltage":"","name":""}},{"type":"Feature","geometry":{"type":"Polygon","coordinates":[[[13.9279691,42.7550473],[13.9279577,42.7550309],[13.9279535,42.7550249],[13.9279817,42.7550142],[13.9279889,42.7550246],[13.9279973,42.7550366],[13.9279691,42.7550473]]]},"properties":{"voltage":"","name":""}},{"type":"Feature","geometry":{"type":"Polygon","coordinates":[[[13.9352565,42.80747],[13.9352811,42.8074242],[13.9353424,42.8074419],[13.9353306,42.8074638],[13.9353177,42.8074877],[13.9352565,42.80747]]]},"properties":{"voltage":"","name":""}},{"type":"Feature","geometry":{"type":"Polygon","coordinates":[[[13.9604946,42.7452527],[13.9605147,42.7452155],[13.9605651,42.7452303],[13.9605449,42.7452674],[13.9604946,42.7452527]]]},"properties":{"voltage":"","name":""}},{"type":"Feature","geometry":{"type":"Polygon","coordinates":[[[14.0234629,42.66044],[14.0234857,42.6604069],[14.0235095,42.6604158],[14.0235315,42.660424],[14.0235088,42.6604571],[14.0234629,42.66044]]]},"properties":{"voltage":"","name":""}},{"type":"Feature","geometry":{"type":"Polygon","coordinates":[[[13.9654834,42.7491732],[13.9655021,42.7491479],[13.9655452,42.749165],[13.9655265,42.7491903],[13.9654834,42.7491732]]]},"properties":{"voltage":"","name":""}},{"type":"Feature","geometry":{"type":"Polygon","coordinates":[[[13.9642268,42.7459684],[13.9642164,42.7459662],[13.9641795,42.7459584],[13.9641655,42.7459942],[13.9642129,42.7460042],[13.964263,42.7460148],[13.9642719,42.7459922],[13.964277,42.745979],[13.9642268,42.7459684]]]},"properties":{"voltage":"","name":""}},{"type":"Feature","geometry":{"type":"Polygon","coordinates":[[[13.9642129,42.7460042],[13.9642268,42.7459684],[13.964277,42.745979],[13.9642719,42.7459922],[13.964263,42.7460148],[13.9642129,42.7460042]]]},"properties":{"voltage":"","name":""}},{"type":"Feature","geometry":{"type":"Polygon","coordinates":[[[13.9231303,42.4647345],[13.9231116,42.4647188],[13.9231236,42.4647111],[13.9231318,42.4647057],[13.9231392,42.4647119],[13.9231504,42.4647214],[13.923143,42.4647262],[13.9231303,42.4647345]]]},"properties":{"voltage":"","name":""}},{"type":"Feature","geometry":{"type":"Polygon","coordinates":[[[13.9312205,42.4601605],[13.9312277,42.4601371],[13.9312338,42.4601171],[13.9312958,42.4601274],[13.9312907,42.460144],[13.9312879,42.4601531],[13.9312825,42.4601709],[13.9312464,42.4601649],[13.9312205,42.4601605]]]},"properties":{"voltage":"","name":""}},{"type":"Feature","geometry":{"type":"Polygon","coordinates":[[[13.8065919,42.6995667],[13.8066081,42.699533],[13.806654,42.6995449],[13.8066379,42.6995786],[13.8065919,42.6995667]]]},"properties":{"voltage":"","name":""}},{"type":"Feature","geometry":{"type":"Polygon","coordinates":[[[13.9423549,42.7260922],[13.9423618,42.7260833],[13.9423785,42.7260618],[13.9423899,42.7260666],[13.9424034,42.7260722],[13.9424182,42.7260784],[13.94241,42.7260891],[13.9423993,42.7261029],[13.9423947,42.7261088],[13.9423687,42.726098],[13.9423624,42.7260953],[13.9423549,42.7260922]]]},"properties":{"voltage":"","name":""}},{"type":"Feature","geometry":{"type":"Polygon","coordinates":[[[13.922305,42.7181751],[13.9223197,42.7181305],[13.9223412,42.7181344],[13.9223811,42.7181415],[13.9223665,42.718186],[13.922305,42.7181751]]]},"properties":{"voltage":"","name":""}},{"type":"Feature","geometry":{"type":"Polygon","coordinates":[[[13.9325416,42.5526464],[13.9325652,42.552611],[13.932609,42.5526268],[13.9326063,42.5526308],[13.9325979,42.5526435],[13.9325854,42.5526622],[13.9325416,42.5526464]]]},"properties":{"voltage":"","name":""}},{"type":"Feature","geometry":{"type":"Polygon","coordinates":[[[13.8016606,42.6250573],[13.8016701,42.6250455],[13.8016785,42.6250351],[13.8016924,42.6250412],[13.8017083,42.6250481],[13.8016974,42.6250615],[13.8016904,42.6250703],[13.8016746,42.6250634],[13.8016606,42.6250573]]]},"properties":{"voltage":"","name":""}},{"type":"Feature","geometry":{"type":"Polygon","coordinates":[[[13.82374,42.7020218],[13.8237592,42.7019824],[13.8237813,42.7019881],[13.823806,42.7019946],[13.8237868,42.7020341],[13.8237638,42.7020281],[13.82374,42.7020218]]]},"properties":{"voltage":"","name":""}},{"type":"Feature","geometry":{"type":"Polygon","coordinates":[[[13.8661073,42.7073093],[13.8661106,42.7073029],[13.8661143,42.7072955],[13.8661365,42.7073016],[13.8661295,42.7073154],[13.8661073,42.7073093]]]},"properties":{"voltage":"","name":""}},{"type":"Feature","geometry":{"type":"Polygon","coordinates":[[[13.8682229,42.7078228],[13.8681804,42.7078126],[13.8681956,42.7077787],[13.868238,42.707789],[13.8682304,42.707806],[13.8682229,42.7078228]]]},"properties":{"voltage":"","name":""}},{"type":"Feature","geometry":{"type":"Polygon","coordinates":[[[13.8681622,42.7078532],[13.8681804,42.7078126],[13.8681956,42.7077787],[13.868238,42.707789],[13.8682304,42.707806],[13.8682229,42.7078228],[13.8682046,42.7078635],[13.8681622,42.7078532]]]},"properties":{"voltage":"","name":""}},{"type":"Feature","geometry":{"type":"Polygon","coordinates":[[[13.9051097,42.7152834],[13.9051251,42.715261],[13.9051322,42.7152637],[13.9051561,42.7152725],[13.9051542,42.7152752],[13.9051515,42.7152791],[13.9051406,42.7152949],[13.9051097,42.7152834]]]},"properties":{"voltage":"","name":""}},{"type":"Feature","geometry":{"type":"Polygon","coordinates":[[[13.8735853,42.6959955],[13.8735599,42.695966],[13.8735783,42.6959574],[13.8735966,42.695949],[13.8736064,42.6959603],[13.873622,42.6959785],[13.8735853,42.6959955]]]},"properties":{"voltage":"","name":""}},{"type":"Feature","geometry":{"type":"Polygon","coordinates":[[[13.8912036,42.6835941],[13.8912527,42.6835879],[13.8912785,42.6836749],[13.8911729,42.6836904],[13.8911574,42.683645],[13.8912005,42.6836387],[13.8912151,42.6836366],[13.8912036,42.6835941]]]},"properties":{"voltage":"","name":""}},{"type":"Feature","geometry":{"type":"Polygon","coordinates":[[[13.8911574,42.683645],[13.8911459,42.6836025],[13.8912036,42.6835941],[13.8912151,42.6836366],[13.8912005,42.6836387],[13.8911574,42.683645]]]},"properties":{"voltage":"","name":""}},{"type":"Feature","geometry":{"type":"Polygon","coordinates":[[[13.882952,42.6821427],[13.8829467,42.6821388],[13.8829265,42.6821241],[13.8829507,42.6821062],[13.8829669,42.6821181],[13.8829761,42.6821248],[13.8829649,42.6821332],[13.882952,42.6821427]]]},"properties":{"voltage":"","name":""}},{"type":"Feature","geometry":{"type":"Polygon","coordinates":[[[13.8037866,42.7953624],[13.8037899,42.7953229],[13.8038106,42.7953238],[13.8038466,42.7953254],[13.803845,42.7953448],[13.8038433,42.795365],[13.8037866,42.7953624]]]},"properties":{"voltage":"","name":""}},{"type":"Feature","geometry":{"type":"Polygon","coordinates":[[[13.8037532,42.7975984],[13.8037569,42.7975696],[13.8037976,42.7975724],[13.8037939,42.7976012],[13.8037689,42.7975995],[13.8037532,42.7975984]]]},"properties":{"voltage":"","name":""}},{"type":"Feature","geometry":{"type":"Polygon","coordinates":[[[13.7896982,42.6705206],[13.7897047,42.6704932],[13.7897451,42.6704983],[13.7897387,42.6705258],[13.7896982,42.6705206]]]},"properties":{"voltage":"","name":""}},{"type":"Feature","geometry":{"type":"Polygon","coordinates":[[[13.7897251,42.6704907],[13.7897309,42.6704666],[13.7897217,42.6704654],[13.7897327,42.6704203],[13.7897425,42.6704215],[13.7897629,42.6704242],[13.7897575,42.6704463],[13.7897732,42.6704484],[13.7897617,42.6704955],[13.789745,42.6704933],[13.7897397,42.6704926],[13.7897251,42.6704907]]]},"properties":{"voltage":"","name":""}},{"type":"Feature","geometry":{"type":"Polygon","coordinates":[[[13.8261855,42.7076021],[13.8261794,42.7075668],[13.8262126,42.7075637],[13.8262187,42.707599],[13.8261855,42.7076021]]]},"properties":{"voltage":"","name":""}},{"type":"Feature","geometry":{"type":"Polygon","coordinates":[[[13.8673775,42.6916137],[13.8673502,42.6915766],[13.8673475,42.6915729],[13.867394,42.6915544],[13.8674016,42.6915515],[13.8674316,42.6915923],[13.8673775,42.6916137]]]},"properties":{"voltage":"","name":""}},{"type":"Feature","geometry":{"type":"Polygon","coordinates":[[[13.8673265,42.691634],[13.8672681,42.6915546],[13.8673732,42.6915129],[13.8674016,42.6915515],[13.8674316,42.6915923],[13.8673775,42.6916137],[13.8673265,42.691634]]]},"properties":{"voltage":"","name":""}},{"type":"Feature","geometry":{"type":"Polygon","coordinates":[[[13.823084,42.6538666],[13.823085,42.6538635],[13.8230885,42.6538533],[13.8230934,42.6538386],[13.8231098,42.6538415],[13.8231258,42.6538444],[13.8231242,42.653849],[13.8231164,42.6538725],[13.823084,42.6538666]]]},"properties":{"voltage":"","name":""}},{"type":"Feature","geometry":{"type":"Polygon","coordinates":[[[13.7609716,42.6261297],[13.7609623,42.6260908],[13.7609784,42.6260887],[13.7610155,42.6260839],[13.7610193,42.6260997],[13.7610248,42.6261228],[13.7609716,42.6261297]]]},"properties":{"voltage":"","name":""}},{"type":"Feature","geometry":{"type":"Polygon","coordinates":[[[13.8026395,42.6457099],[13.8026229,42.6456958],[13.8026156,42.6456896],[13.8026418,42.6456729],[13.8026482,42.6456784],[13.8026656,42.6456933],[13.8026484,42.6457042],[13.8026395,42.6457099]]]},"properties":{"voltage":"","name":""}},{"type":"Feature","geometry":{"type":"Polygon","coordinates":[[[13.8626872,42.6602282],[13.8626979,42.660201],[13.8627198,42.6602057],[13.8627291,42.6602077],[13.8627184,42.6602349],[13.8627065,42.6602323],[13.8626872,42.6602282]]]},"properties":{"voltage":"","name":""}},{"type":"Feature","geometry":{"type":"Polygon","coordinates":[[[13.5787759,43.279796],[13.5787712,43.2797539],[13.5788238,43.2797508],[13.5788284,43.2797929],[13.5787759,43.279796]]]},"properties":{"voltage":"","name":""}},{"type":"Feature","geometry":{"type":"Polygon","coordinates":[[[13.8872421,42.6703984],[13.8872526,42.670374],[13.8872583,42.6703753],[13.8872828,42.6703809],[13.8872879,42.6703822],[13.8872811,42.6703981],[13.8872774,42.6704066],[13.8872651,42.6704037],[13.88725,42.6704002],[13.8872421,42.6703984]]]},"properties":{"voltage":"","name":""}},{"type":"Feature","geometry":{"type":"Polygon","coordinates":[[[13.8017424,42.6524638],[13.8017408,42.6524463],[13.8017627,42.6524452],[13.8017643,42.6524627],[13.8017424,42.6524638]]]},"properties":{"voltage":"","name":""}},{"type":"Feature","geometry":{"type":"Polygon","coordinates":[[[13.804772,42.6257568],[13.8047758,42.6257512],[13.8047796,42.6257454],[13.8047928,42.6257502],[13.8047888,42.6257561],[13.8047851,42.6257616],[13.804772,42.6257568]]]},"properties":{"voltage":"","name":""}},{"type":"Feature","geometry":{"type":"Polygon","coordinates":[[[13.8515012,42.6257211],[13.8515132,42.6257239],[13.851536,42.6257292],[13.8515408,42.6257182],[13.8515465,42.6257049],[13.8515277,42.6257005],[13.8515117,42.6256967],[13.8515047,42.625713],[13.8515012,42.6257211]]]},"properties":{"voltage":"","name":""}},{"type":"Feature","geometry":{"type":"Polygon","coordinates":[[[13.9159699,42.6327655],[13.9160024,42.6326951],[13.9160794,42.6327143],[13.9160624,42.6327513],[13.916047,42.6327847],[13.9159699,42.6327655]]]},"properties":{"voltage":"","name":""}},{"type":"Feature","geometry":{"type":"Polygon","coordinates":[[[13.9091793,42.6299268],[13.9091917,42.6298738],[13.9092903,42.6298863],[13.9093119,42.629889],[13.9092995,42.629942],[13.9091793,42.6299268]]]},"properties":{"voltage":"","name":""}},{"type":"Feature","geometry":{"type":"Polygon","coordinates":[[[13.9118582,42.6302645],[13.9118668,42.6302524],[13.9118758,42.6302398],[13.9119098,42.6302529],[13.9118922,42.6302776],[13.9118858,42.6302751],[13.9118743,42.6302707],[13.911863,42.6302664],[13.9118582,42.6302645]]]},"properties":{"voltage":"","name":""}},{"type":"Feature","geometry":{"type":"Polygon","coordinates":[[[13.8953525,42.625265],[13.8953604,42.6252532],[13.8953692,42.62524],[13.8953838,42.6252453],[13.895401,42.6252515],[13.8953932,42.6252632],[13.8953843,42.6252765],[13.8953525,42.625265]]]},"properties":{"voltage":"","name":""}},{"type":"Feature","geometry":{"type":"Polygon","coordinates":[[[13.8976707,42.6223697],[13.89768,42.622359],[13.8976905,42.6223471],[13.8977045,42.6223538],[13.8977297,42.6223658],[13.8977099,42.6223884],[13.8976707,42.6223697]]]},"properties":{"voltage":"","name":""}},{"type":"Feature","geometry":{"type":"Polygon","coordinates":[[[13.9119357,42.6375734],[13.9119363,42.6375619],[13.9119371,42.6375478],[13.9119664,42.6375487],[13.9119755,42.637549],[13.9119747,42.6375625],[13.911974,42.6375745],[13.9119357,42.6375734]]]},"properties":{"voltage":"","name":""}},{"type":"Feature","geometry":{"type":"Polygon","coordinates":[[[13.9608452,42.6515868],[13.9608699,42.6515975],[13.960879,42.6516015],[13.9608883,42.6515899],[13.9608971,42.6515789],[13.9608921,42.6515768],[13.9608633,42.6515643],[13.9608544,42.6515754],[13.9608452,42.6515868]]]},"properties":{"voltage":"","name":""}},{"type":"Feature","geometry":{"type":"Polygon","coordinates":[[[13.7991699,42.6442234],[13.7991706,42.6442145],[13.7991745,42.6441667],[13.7993196,42.6441731],[13.799315,42.6442297],[13.7992131,42.6442252],[13.7991882,42.6442242],[13.7991699,42.6442234]]]},"properties":{"voltage":"","name":""}},{"type":"Feature","geometry":{"type":"Polygon","coordinates":[[[13.7720102,42.7340842],[13.7720147,42.7340675],[13.7720489,42.7340724],[13.772046,42.7340834],[13.7720445,42.7340891],[13.7720198,42.7340856],[13.7720102,42.7340842]]]},"properties":{"voltage":"","name":""}},{"type":"Feature","geometry":{"type":"Polygon","coordinates":[[[13.962409,42.7625487],[13.9624651,42.7625629],[13.9624819,42.762527],[13.9624257,42.7625129],[13.962409,42.7625487]]]},"properties":{"voltage":"","name":""}},{"type":"Feature","geometry":{"type":"Polygon","coordinates":[[[13.9456419,42.7470063],[13.9456835,42.747018],[13.9456995,42.7469873],[13.9456579,42.7469756],[13.9456419,42.7470063]]]},"properties":{"voltage":"","name":""}},{"type":"Feature","geometry":{"type":"Polygon","coordinates":[[[13.9505354,42.7272082],[13.9505029,42.7271905],[13.9505249,42.7271686],[13.9505574,42.7271863],[13.9505354,42.7272082]]]},"properties":{"voltage":"","name":""}},{"type":"Feature","geometry":{"type":"Polygon","coordinates":[[[13.9544104,42.7273341],[13.9543811,42.7273183],[13.9544063,42.7272929],[13.9544357,42.7273087],[13.9544104,42.7273341]]]},"properties":{"voltage":"","name":""}},{"type":"Feature","geometry":{"type":"Polygon","coordinates":[[[13.9523093,42.7265361],[13.9523251,42.7265153],[13.9522928,42.7265021],[13.9522771,42.726523],[13.9523093,42.7265361]]]},"properties":{"voltage":"","name":""}},{"type":"Feature","geometry":{"type":"Polygon","coordinates":[[[13.9505186,42.7216609],[13.9505346,42.7216426],[13.9505057,42.7216288],[13.9504896,42.7216471],[13.9505186,42.7216609]]]},"properties":{"voltage":"","name":""}},{"type":"Feature","geometry":{"type":"Polygon","coordinates":[[[13.9511288,42.7210235],[13.9510777,42.7209952],[13.9511213,42.7209527],[13.9511723,42.720981],[13.9511288,42.7210235]]]},"properties":{"voltage":"","name":""}},{"type":"Feature","geometry":{"type":"Polygon","coordinates":[[[13.6982819,43.2990593],[13.6982975,43.2990142],[13.6983537,43.2990245],[13.6983381,43.2990696],[13.6982819,43.2990593]]]},"properties":{"voltage":"","name":""}},{"type":"Feature","geometry":{"type":"Polygon","coordinates":[[[13.9150302,42.4407696],[13.9150261,42.4407496],[13.915023,42.4407346],[13.915095,42.4407266],[13.9151022,42.4407615],[13.9150612,42.4407661],[13.915036,42.4407689],[13.9150302,42.4407696]]]},"properties":{"voltage":"","name":""}},{"type":"Feature","geometry":{"type":"Polygon","coordinates":[[[14.0432632,42.6352194],[14.0432524,42.635233],[14.0433036,42.635255],[14.0433493,42.6351977],[14.0432981,42.6351757],[14.0432632,42.6352194]]]},"properties":{"voltage":"","name":""}},{"type":"Feature","geometry":{"type":"Polygon","coordinates":[[[14.1920518,42.4644226],[14.1920564,42.4643925],[14.1921114,42.4643971],[14.1921068,42.4644272],[14.1920518,42.4644226]]]},"properties":{"voltage":"","name":""}},{"type":"Feature","geometry":{"type":"Polygon","coordinates":[[[13.9399561,42.6696359],[13.9399122,42.6696189],[13.9399153,42.6696146],[13.9399337,42.6695888],[13.9399776,42.6696058],[13.9399561,42.6696359]]]},"properties":{"voltage":"","name":""}},{"type":"Feature","geometry":{"type":"Polygon","coordinates":[[[13.9244613,42.6761615],[13.9245221,42.6761317],[13.9245603,42.6761737],[13.9245026,42.676202],[13.9244073,42.6762487],[13.9243691,42.6762067],[13.9244613,42.6761615]]]},"properties":{"voltage":"","name":""}},{"type":"Feature","geometry":{"type":"Polygon","coordinates":[[[13.9245026,42.676202],[13.9244613,42.6761615],[13.9245221,42.6761317],[13.9245603,42.6761737],[13.9245026,42.676202]]]},"properties":{"voltage":"","name":""}},{"type":"Feature","geometry":{"type":"Polygon","coordinates":[[[13.9336847,42.4483909],[13.9336619,42.4483721],[13.933655,42.4483666],[13.9336589,42.448364],[13.9336723,42.4483551],[13.9337017,42.4483355],[13.9337314,42.4483598],[13.9336847,42.4483909]]]},"properties":{"voltage":"","name":""}},{"type":"Feature","geometry":{"type":"Polygon","coordinates":[[[13.9325138,42.4453688],[13.9325127,42.4453631],[13.9325057,42.445327],[13.932522,42.4453253],[13.9325533,42.445322],[13.9325561,42.4453367],[13.9325613,42.4453638],[13.9325138,42.4453688]]]},"properties":{"voltage":"","name":""}},{"type":"Feature","geometry":{"type":"Polygon","coordinates":[[[13.9735129,42.6572054],[13.9734722,42.6571789],[13.973491,42.6571632],[13.9735318,42.6571896],[13.9735129,42.6572054]]]},"properties":{"voltage":"","name":""}},{"type":"Feature","geometry":{"type":"Polygon","coordinates":[[[13.9827904,42.616684],[13.9828036,42.6166678],[13.9828072,42.6166634],[13.9828368,42.6166765],[13.9828325,42.6166819],[13.9828201,42.616697],[13.9827904,42.616684]]]},"properties":{"voltage":"","name":""}},{"type":"Feature","geometry":{"type":"Polygon","coordinates":[[[13.9695366,42.6204225],[13.9695275,42.6203906],[13.9695672,42.6203845],[13.9695763,42.6204164],[13.9695366,42.6204225]]]},"properties":{"voltage":"","name":""}},{"type":"Feature","geometry":{"type":"Polygon","coordinates":[[[13.962415,42.6149836],[13.9624166,42.6149683],[13.9624381,42.6149695],[13.9624365,42.6149848],[13.962415,42.6149836]]]},"properties":{"voltage":"","name":""}},{"type":"Feature","geometry":{"type":"Polygon","coordinates":[[[13.9570462,42.6211558],[13.9570462,42.621148],[13.957058,42.621148],[13.957058,42.6211516],[13.957058,42.6211558],[13.9570462,42.6211558]]]},"properties":{"voltage":"","name":""}},{"type":"Feature","geometry":{"type":"Polygon","coordinates":[[[13.9886547,42.5808116],[13.9886525,42.5808381],[13.9886601,42.5808384],[13.9886766,42.5808391],[13.9886874,42.5808396],[13.9886896,42.5808132],[13.9886547,42.5808116]]]},"properties":{"voltage":"","name":""}},{"type":"Feature","geometry":{"type":"Polygon","coordinates":[[[13.995932,42.5895567],[13.9959246,42.5895424],[13.9959135,42.5895209],[13.9959557,42.5895091],[13.9959707,42.5895382],[13.9959742,42.5895449],[13.995932,42.5895567]]]},"properties":{"voltage":"","name":""}},{"type":"Feature","geometry":{"type":"Polygon","coordinates":[[[13.9773918,42.6069633],[13.9773915,42.606939],[13.9773912,42.6069158],[13.9773261,42.6069163],[13.9773268,42.6069638],[13.9773918,42.6069633]]]},"properties":{"voltage":"","name":""}},{"type":"Feature","geometry":{"type":"Polygon","coordinates":[[[13.9773268,42.6069638],[13.9773261,42.6069163],[13.9773912,42.6069158],[13.9774539,42.6069154],[13.9774545,42.6069629],[13.9773918,42.6069633],[13.9773268,42.6069638]]]},"properties":{"voltage":"","name":""}},{"type":"Feature","geometry":{"type":"Polygon","coordinates":[[[13.97119,42.5857426],[13.9711865,42.5857296],[13.9711833,42.5857174],[13.9712196,42.5857121],[13.9712232,42.5857256],[13.9712264,42.5857373],[13.97119,42.5857426]]]},"properties":{"voltage":"","name":""}},{"type":"Feature","geometry":{"type":"Polygon","coordinates":[[[13.934172,42.5981341],[13.9341865,42.5981066],[13.9342094,42.5981132],[13.9342241,42.5981174],[13.9342096,42.5981448],[13.9341946,42.5981405],[13.9341831,42.5981373],[13.934172,42.5981341]]]},"properties":{"voltage":"","name":""}},{"type":"Feature","geometry":{"type":"Polygon","coordinates":[[[14.1458228,42.4051459],[14.1457813,42.405106],[14.1458047,42.4050927],[14.1458463,42.4051326],[14.1458228,42.4051459]]]},"properties":{"voltage":"","name":""}},{"type":"Feature","geometry":{"type":"Polygon","coordinates":[[[13.9557941,42.7459748],[13.9557597,42.7459527],[13.9557854,42.7459312],[13.9558198,42.7459534],[13.9557941,42.7459748]]]},"properties":{"voltage":"","name":""}},{"type":"Feature","geometry":{"type":"Polygon","coordinates":[[[14.1128144,42.520721],[14.1128366,42.5206978],[14.1128666,42.5207134],[14.1128443,42.5207366],[14.1128144,42.520721]]]},"properties":{"voltage":"","name":""}},{"type":"Feature","geometry":{"type":"Polygon","coordinates":[[[14.0600003,42.5173119],[14.0599598,42.5172806],[14.059989,42.51726],[14.0600295,42.5172914],[14.0600003,42.5173119]]]},"properties":{"voltage":"","name":""}},{"type":"Feature","geometry":{"type":"Polygon","coordinates":[[[14.0569954,42.5164834],[14.0570111,42.5164639],[14.0570187,42.5164543],[14.0570458,42.5164662],[14.0570557,42.5164705],[14.0570323,42.5164996],[14.0569954,42.5164834]]]},"properties":{"voltage":"","name":""}},{"type":"Feature","geometry":{"type":"Polygon","coordinates":[[[13.8769866,42.6625931],[13.8770138,42.6625527],[13.8770235,42.6625562],[13.8770329,42.6625596],[13.8770654,42.6625715],[13.8770383,42.6626119],[13.8769866,42.6625931]]]},"properties":{"voltage":"","name":""}},{"type":"Feature","geometry":{"type":"Polygon","coordinates":[[[14.1232604,42.523135],[14.1232235,42.5231168],[14.1233031,42.5230292],[14.1233401,42.5230474],[14.1232604,42.523135]]]},"properties":{"voltage":"","name":""}},{"type":"Feature","geometry":{"type":"Polygon","coordinates":[[[14.0726157,42.5217513],[14.0726116,42.5217768],[14.0726434,42.5217796],[14.0726475,42.5217541],[14.0726157,42.5217513]]]},"properties":{"voltage":"","name":""}},{"type":"Feature","geometry":{"type":"Polygon","coordinates":[[[13.9354913,42.8162906],[13.9355,42.8162695],[13.9355688,42.8162848],[13.93556,42.8163059],[13.9354913,42.8162906]]]},"properties":{"voltage":"","name":""}},{"type":"Feature","geometry":{"type":"Polygon","coordinates":[[[14.1204502,42.5118376],[14.1202433,42.5117068],[14.1202672,42.5116862],[14.1204741,42.511817],[14.1204502,42.5118376]]]},"properties":{"voltage":"","name":""}},{"type":"Feature","geometry":{"type":"Polygon","coordinates":[[[14.1260024,42.5197909],[14.1259788,42.519763],[14.1259782,42.5197623],[14.1260049,42.51975],[14.1260291,42.5197786],[14.1260024,42.5197909]]]},"properties":{"voltage":"","name":""}},{"type":"Feature","geometry":{"type":"Polygon","coordinates":[[[14.0524418,42.5158904],[14.0524382,42.5158606],[14.0524822,42.5158577],[14.0524858,42.5158876],[14.0524418,42.5158904]]]},"properties":{"voltage":"","name":""}},{"type":"Feature","geometry":{"type":"Polygon","coordinates":[[[13.9873807,42.4986933],[13.9873899,42.4986611],[13.9874361,42.4986683],[13.9874332,42.4986785],[13.9874315,42.4986845],[13.9874269,42.4987005],[13.9874078,42.4986975],[13.9873807,42.4986933]]]},"properties":{"voltage":"","name":""}},{"type":"Feature","geometry":{"type":"Polygon","coordinates":[[[13.9847467,42.4942116],[13.9847421,42.4941762],[13.9847912,42.4941727],[13.9847958,42.4942081],[13.9847467,42.4942116]]]},"properties":{"voltage":"","name":""}},{"type":"Feature","geometry":{"type":"Polygon","coordinates":[[[13.9669048,42.5047381],[13.9668837,42.5047324],[13.966895,42.5047097],[13.9669161,42.5047153],[13.9669048,42.5047381]]]},"properties":{"voltage":"","name":""}},{"type":"Feature","geometry":{"type":"Polygon","coordinates":[[[13.9116698,42.5182406],[13.911673,42.5182091],[13.9116978,42.5182105],[13.911713,42.5182114],[13.9117097,42.5182429],[13.911696,42.5182421],[13.9116698,42.5182406]]]},"properties":{"voltage":"","name":""}},{"type":"Feature","geometry":{"type":"Polygon","coordinates":[[[13.9854038,42.4725505],[13.9854005,42.4725373],[13.9853979,42.4725269],[13.9854065,42.4725257],[13.9854334,42.4725217],[13.985437,42.4725366],[13.9854393,42.4725463],[13.985421,42.4725482],[13.9854038,42.4725505]]]},"properties":{"voltage":"","name":""}},{"type":"Feature","geometry":{"type":"Polygon","coordinates":[[[13.9176948,42.5142179],[13.9176722,42.5141922],[13.9176974,42.5141802],[13.9177199,42.5142059],[13.9176948,42.5142179]]]},"properties":{"voltage":"","name":""}},{"type":"Feature","geometry":{"type":"Polygon","coordinates":[[[14.1185151,42.5138572],[14.1184859,42.5138384],[14.1185123,42.5138161],[14.1185416,42.5138348],[14.1185151,42.5138572]]]},"properties":{"voltage":"","name":""}},{"type":"Feature","geometry":{"type":"Polygon","coordinates":[[[13.8580372,42.5910446],[13.8580633,42.5910219],[13.8580764,42.5910301],[13.8580913,42.5910394],[13.8580652,42.5910621],[13.8580514,42.5910535],[13.8580372,42.5910446]]]},"properties":{"voltage":"","name":""}},{"type":"Feature","geometry":{"type":"Polygon","coordinates":[[[13.8632638,42.5953169],[13.8632626,42.5953059],[13.8632608,42.5952888],[13.8632878,42.5952873],[13.8632892,42.5953003],[13.8632908,42.5953153],[13.8632638,42.5953169]]]},"properties":{"voltage":"","name":""}},{"type":"Feature","geometry":{"type":"Polygon","coordinates":[[[13.8474242,42.6082329],[13.8474035,42.6082236],[13.8474133,42.6082118],[13.847434,42.608221],[13.8474242,42.6082329]]]},"properties":{"voltage":"","name":""}},{"type":"Feature","geometry":{"type":"Polygon","coordinates":[[[13.8724721,42.6105513],[13.8724727,42.6105317],[13.872496,42.6105321],[13.8724954,42.6105517],[13.8724721,42.6105513]]]},"properties":{"voltage":"","name":""}},{"type":"Feature","geometry":{"type":"Polygon","coordinates":[[[13.8614844,42.6154387],[13.8614715,42.6153988],[13.8614802,42.6153973],[13.8615213,42.6153901],[13.8615341,42.61543],[13.8614844,42.6154387]]]},"properties":{"voltage":"","name":""}},{"type":"Feature","geometry":{"type":"Polygon","coordinates":[[[13.8718996,42.6161578],[13.871895,42.6161443],[13.8718913,42.6161336],[13.8719049,42.6161311],[13.8719242,42.6161275],[13.8719277,42.6161376],[13.8719325,42.6161517],[13.8718996,42.6161578]]]},"properties":{"voltage":"","name":""}},{"type":"Feature","geometry":{"type":"Polygon","coordinates":[[[13.7986608,42.5968932],[13.7986606,42.5968656],[13.7986961,42.5968655],[13.7986962,42.5968932],[13.7986681,42.5968932],[13.7986608,42.5968932]]]},"properties":{"voltage":"","name":""}},{"type":"Feature","geometry":{"type":"Polygon","coordinates":[[[13.8411376,42.6187168],[13.8411296,42.6187037],[13.8411235,42.6186938],[13.8411393,42.6186886],[13.8411554,42.6186832],[13.8411648,42.6186986],[13.8411695,42.6187061],[13.8411376,42.6187168]]]},"properties":{"voltage":"","name":""}},{"type":"Feature","geometry":{"type":"Polygon","coordinates":[[[13.8875732,42.6142977],[13.8875735,42.6142713],[13.8876097,42.6142716],[13.8876094,42.614298],[13.8875732,42.6142977]]]},"properties":{"voltage":"","name":""}},{"type":"Feature","geometry":{"type":"Polygon","coordinates":[[[13.9089881,42.6214594],[13.9089918,42.6214218],[13.9090218,42.6214234],[13.9090424,42.6214245],[13.909041,42.6214391],[13.9090388,42.6214621],[13.9089881,42.6214594]]]},"properties":{"voltage":"","name":""}},{"type":"Feature","geometry":{"type":"Polygon","coordinates":[[[13.8949909,42.6029209],[13.8949822,42.6028846],[13.8950137,42.6028805],[13.8950224,42.6029168],[13.8949909,42.6029209]]]},"properties":{"voltage":"","name":""}},{"type":"Feature","geometry":{"type":"Polygon","coordinates":[[[13.8960839,42.6036365],[13.8960792,42.6036264],[13.8960864,42.6036246],[13.8960945,42.6036225],[13.8960992,42.6036326],[13.8960912,42.6036347],[13.8960839,42.6036365]]]},"properties":{"voltage":"","name":""}},{"type":"Feature","geometry":{"type":"Polygon","coordinates":[[[14.1691451,42.4134669],[14.1691312,42.4134531],[14.169169,42.4134324],[14.1691828,42.4134462],[14.1691451,42.4134669]]]},"properties":{"voltage":"","name":""}},{"type":"Feature","geometry":{"type":"Polygon","coordinates":[[[13.9584946,42.6446436],[13.9585147,42.6446098],[13.9585447,42.6446194],[13.9585246,42.6446532],[13.9584946,42.6446436]]]},"properties":{"voltage":"","name":""}},{"type":"Feature","geometry":{"type":"Polygon","coordinates":[[[13.949409,42.6372125],[13.9493745,42.6372037],[13.9494399,42.637064],[13.9494744,42.6370727],[13.949409,42.6372125]]]},"properties":{"voltage":"","name":""}},{"type":"Feature","geometry":{"type":"Polygon","coordinates":[[[13.9526217,42.6420094],[13.9525765,42.6419953],[13.9525878,42.6419759],[13.9526329,42.64199],[13.9526217,42.6420094]]]},"properties":{"voltage":"","name":""}},{"type":"Feature","geometry":{"type":"Polygon","coordinates":[[[13.9509916,42.6430145],[13.9510082,42.6429849],[13.9509636,42.6429713],[13.950947,42.6430009],[13.9509916,42.6430145]]]},"properties":{"voltage":"","name":""}},{"type":"Feature","geometry":{"type":"Polygon","coordinates":[[[14.0092097,42.652129],[14.0092237,42.6521128],[14.0092647,42.6521321],[14.0092507,42.6521483],[14.0092097,42.652129]]]},"properties":{"voltage":"","name":""}},{"type":"Feature","geometry":{"type":"Polygon","coordinates":[[[13.9682355,42.6451516],[13.9682422,42.6451332],[13.9682484,42.645116],[13.9682998,42.6451261],[13.968286,42.6451619],[13.9682355,42.6451516]]]},"properties":{"voltage":"","name":""}},{"type":"Feature","geometry":{"type":"Polygon","coordinates":[[[13.9682063,42.647839],[13.9681768,42.6478311],[13.9681519,42.6478244],[13.9681726,42.6477826],[13.968227,42.6477972],[13.9682063,42.647839]]]},"properties":{"voltage":"","name":""}},{"type":"Feature","geometry":{"type":"Polygon","coordinates":[[[13.9682998,42.6451261],[13.9684933,42.6451663],[13.9684795,42.6452021],[13.968286,42.6451619],[13.9682998,42.6451261]]]},"properties":{"voltage":"","name":""}},{"type":"Feature","geometry":{"type":"Polygon","coordinates":[[[13.9172071,42.6480277],[13.9172002,42.6479985],[13.9172368,42.6479939],[13.9172436,42.6480231],[13.9172071,42.6480277]]]},"properties":{"voltage":"","name":""}},{"type":"Feature","geometry":{"type":"Polygon","coordinates":[[[13.8196926,42.4438673],[13.8197402,42.4438634],[13.8197436,42.443886],[13.819696,42.4438899],[13.8196926,42.4438673]]]},"properties":{"voltage":"","name":""}},{"type":"Feature","geometry":{"type":"Polygon","coordinates":[[[13.8593857,42.4172763],[13.8593659,42.4172653],[13.8593778,42.4172537],[13.8593975,42.4172647],[13.859391,42.417271],[13.8593857,42.4172763]]]},"properties":{"voltage":"","name":""}},{"type":"Feature","geometry":{"type":"Polygon","coordinates":[[[13.9200609,42.4631439],[13.9200241,42.4631194],[13.9200564,42.463093],[13.9200932,42.4631174],[13.9200679,42.4631382],[13.9200609,42.4631439]]]},"properties":{"voltage":"","name":""}},{"type":"Feature","geometry":{"type":"Polygon","coordinates":[[[13.8674966,44.8668648],[13.8675503,44.8669028],[13.8676025,44.8668692],[13.8675511,44.86683],[13.8674966,44.8668648]]]},"properties":{"voltage":"20000","name":"HEP ODS"}},{"type":"Feature","geometry":{"type":"Polygon","coordinates":[[[13.9697649,42.7487451],[13.9697742,42.7487304],[13.969796,42.7487378],[13.9697867,42.7487525],[13.9697649,42.7487451]]]},"properties":{"voltage":"","name":""}},{"type":"Feature","geometry":{"type":"Polygon","coordinates":[[[13.9013737,42.4346844],[13.9013752,42.4346814],[13.9013876,42.434657],[13.9014191,42.4346657],[13.9014162,42.4346713],[13.9014052,42.4346931],[13.9013957,42.4346905],[13.9013737,42.4346844]]]},"properties":{"voltage":"","name":""}},{"type":"Feature","geometry":{"type":"Polygon","coordinates":[[[13.6200691,43.03013],[13.6200493,43.0301053],[13.6200686,43.030097],[13.6200807,43.0300918],[13.6201005,43.0301166],[13.6200846,43.0301233],[13.6200691,43.03013]]]},"properties":{"voltage":"","name":""}},{"type":"Feature","geometry":{"type":"Polygon","coordinates":[[[13.7979344,43.1763544],[13.7979618,43.1763046],[13.7979139,43.1762901],[13.7978865,43.1763399],[13.7979344,43.1763544]]]},"properties":{"voltage":"","name":""}},{"type":"Feature","geometry":{"type":"Polygon","coordinates":[[[13.9384087,42.5937111],[13.9384205,42.5936865],[13.9384544,42.5936952],[13.9384513,42.5937018],[13.9384427,42.5937199],[13.9384174,42.5937134],[13.9384087,42.5937111]]]},"properties":{"voltage":"","name":""}},{"type":"Feature","geometry":{"type":"Polygon","coordinates":[[[13.8382664,42.6464127],[13.8382597,42.6463874],[13.8383077,42.6463805],[13.8383144,42.6464058],[13.8382664,42.6464127]]]},"properties":{"voltage":"","name":""}},{"type":"Feature","geometry":{"type":"Polygon","coordinates":[[[13.5146352,43.2989447],[13.5146623,43.2989421],[13.5146668,43.2989417],[13.5146634,43.2989228],[13.5146318,43.2989258],[13.5146341,43.2989383],[13.5146352,43.2989447]]]},"properties":{"voltage":"","name":""}},{"type":"Feature","geometry":{"type":"Polygon","coordinates":[[[13.6167232,42.5782723],[13.6167538,42.5782696],[13.6167808,42.5782673],[13.616778,42.5782277],[13.6167136,42.5782334],[13.6167181,42.5782515],[13.6167232,42.5782723]]]},"properties":{"voltage":"","name":"cabina di trasformazione MT-BT"}},{"type":"Feature","geometry":{"type":"Polygon","coordinates":[[[13.5503853,43.4621778],[13.5504078,43.4621447],[13.550356,43.4621261],[13.5503336,43.4621592],[13.5503853,43.4621778]]]},"properties":{"voltage":"","name":""}},{"type":"Feature","geometry":{"type":"Polygon","coordinates":[[[13.6123327,43.5240055],[13.6123594,43.5239816],[13.6123209,43.523959],[13.6122942,43.5239829],[13.6123327,43.5240055]]]},"properties":{"voltage":"","name":""}},{"type":"Feature","geometry":{"type":"Polygon","coordinates":[[[13.5400139,43.4633854],[13.5400577,43.4633661],[13.5400412,43.4633463],[13.5399974,43.4633655],[13.5400139,43.4633854]]]},"properties":{"voltage":"","name":""}},{"type":"Feature","geometry":{"type":"Polygon","coordinates":[[[13.5351865,43.4657928],[13.5351839,43.465746],[13.5350992,43.4657485],[13.5351018,43.4657953],[13.5351865,43.4657928]]]},"properties":{"voltage":"","name":""}},{"type":"Feature","geometry":{"type":"Polygon","coordinates":[[[13.5416961,43.4587649],[13.5417262,43.4587284],[13.5416587,43.4586991],[13.5416286,43.4587357],[13.5416961,43.4587649]]]},"properties":{"voltage":"","name":""}},{"type":"Feature","geometry":{"type":"Polygon","coordinates":[[[13.5466326,43.5174692],[13.5466604,43.5174441],[13.5466171,43.5174189],[13.5466371,43.5174008],[13.5465983,43.5173783],[13.5465506,43.5174215],[13.5466326,43.5174692]]]},"properties":{"voltage":"","name":""}}]}