{"type":"FeatureCollection","features":[{"type":"Feature","geometry":{"type":"Point","coordinates":[20.0023547,48.380273]},"properties":{"voltage":"","name":"t567"}},{"type":"Feature","geometry":{"type":"Point","coordinates":[20.0039191,48.381172]},"properties":{"voltage":"","name":"T555"}},{"type":"Feature","geometry":{"type":"Point","coordinates":[21.6342759,48.4067442]},"properties":{"voltage":"","name":""}},{"type":"Feature","geometry":{"type":"Point","coordinates":[20.0682094,46.9454599]},"properties":{"voltage":"","name":""}},{"type":"Feature","geometry":{"type":"Point","coordinates":[22.7197389,48.4441944]},"properties":{"voltage":"","name":"\u0417\u0430\u043a\u0430\u0440\u043f\u0430\u0442\u0442\u044f\u043e\u0431\u043b\u0435\u043d\u0435\u0440\u0433\u043e"}},{"type":"Feature","geometry":{"type":"Point","coordinates":[20.023273,48.3456734]},"properties":{"voltage":"","name":""}},{"type":"Feature","geometry":{"type":"Point","coordinates":[20.0682067,48.3497378]},"properties":{"voltage":"","name":""}},{"type":"Feature","geometry":{"type":"Point","coordinates":[20.0581365,48.3483599]},"properties":{"voltage":"","name":""}},{"type":"Feature","geometry":{"type":"Point","coordinates":[20.0642337,48.3446145]},"properties":{"voltage":"","name":""}},{"type":"Feature","geometry":{"type":"Point","coordinates":[20.066999,48.345028]},"properties":{"voltage":"","name":""}},{"type":"Feature","geometry":{"type":"Polygon","coordinates":[[[22.0481634,48.4126156],[22.0480909,48.4126723],[22.0481919,48.4127299],[22.048224,48.4127059],[22.0482408,48.4127165],[22.0482285,48.4127263],[22.0482577,48.4127428],[22.0483117,48.4127013],[22.0481634,48.4126156]]]},"properties":{"voltage":"","name":""}},{"type":"Feature","geometry":{"type":"Polygon","coordinates":[[[22.077326,48.5564638],[22.0773078,48.5565174],[22.0774223,48.5565347],[22.0774408,48.5564812],[22.077326,48.5564638]]]},"properties":{"voltage":"22000;400","name":"TS1188-0016"}},{"type":"Feature","geometry":{"type":"Polygon","coordinates":[[[22.0701496,48.5584207],[22.0700737,48.5584852],[22.0701781,48.5585383],[22.0702534,48.5584726],[22.0701496,48.5584207]]]},"properties":{"voltage":"22000;400","name":"TR10"}},{"type":"Feature","geometry":{"type":"Polygon","coordinates":[[[22.0738136,48.5557128],[22.0737371,48.5557493],[22.0737925,48.5558012],[22.0738675,48.555767],[22.0738136,48.5557128]]]},"properties":{"voltage":"22000;400","name":"TR7"}},{"type":"Feature","geometry":{"type":"Polygon","coordinates":[[[22.023708,48.4072929],[22.02391,48.407336],[22.0239504,48.4072503],[22.0237489,48.4072072],[22.023708,48.4072929]]]},"properties":{"voltage":"22000","name":""}},{"type":"Feature","geometry":{"type":"Polygon","coordinates":[[[21.6186165,48.5303935],[21.6186407,48.530365],[21.6186459,48.5303663],[21.6186867,48.5303157],[21.6185763,48.5302766],[21.6185327,48.530326],[21.6185473,48.5303309],[21.6185258,48.5303618],[21.6186165,48.5303935]]]},"properties":{"voltage":"22000;400","name":""}},{"type":"Feature","geometry":{"type":"Polygon","coordinates":[[[20.884561,48.5742632],[20.8842936,48.5743329],[20.8843281,48.5743915],[20.8844837,48.5743518],[20.8845032,48.5743839],[20.8846146,48.5743551],[20.884561,48.5742632]]]},"properties":{"voltage":"","name":""}},{"type":"Feature","geometry":{"type":"Polygon","coordinates":[[[20.1265012,46.307698],[20.1294497,46.307769],[20.1295022,46.3067785],[20.1301532,46.3067883],[20.130171,46.3063996],[20.1302365,46.3049652],[20.1302392,46.3049074],[20.1302489,46.304694],[20.1302507,46.3046547],[20.1302556,46.3045488],[20.1301298,46.3044596],[20.1297298,46.3044508],[20.1293716,46.3047163],[20.1293087,46.3053362],[20.1266305,46.3052726],[20.1265012,46.307698]]]},"properties":{"voltage":"400000;132000","name":"S\u00e1ndorfalva al\u00e1llom\u00e1s"}},{"type":"Feature","geometry":{"type":"Polygon","coordinates":[[[20.1196152,46.2164801],[20.1195315,46.2162734],[20.1193521,46.2163081],[20.1194221,46.2164811],[20.1195029,46.2164655],[20.1195165,46.2164992],[20.1196152,46.2164801]]]},"properties":{"voltage":"","name":"Traf\u00f3h\u00e1z"}},{"type":"Feature","geometry":{"type":"Polygon","coordinates":[[[20.05632,45.9308378],[20.0578312,45.9309443],[20.0578361,45.9309015],[20.0578681,45.9306785],[20.0579242,45.9302994],[20.0570476,45.9302393],[20.0570171,45.9303787],[20.0565805,45.9303268],[20.0564155,45.9305177],[20.05632,45.9308378]]]},"properties":{"voltage":"","name":""}},{"type":"Feature","geometry":{"type":"Polygon","coordinates":[[[20.1334742,46.2694911],[20.1335075,46.2694668],[20.1335703,46.2695078],[20.133537,46.2695321],[20.1334742,46.2694911]]]},"properties":{"voltage":"","name":""}},{"type":"Feature","geometry":{"type":"Polygon","coordinates":[[[20.1371948,46.2744585],[20.1373488,46.274581],[20.1371024,46.2747168],[20.1377985,46.2752668],[20.1383631,46.275713],[20.1386947,46.2755155],[20.1390392,46.2757931],[20.1404967,46.2749009],[20.139906,46.2744259],[20.1397546,46.2743042],[20.1395314,46.2742995],[20.1389591,46.2746526],[20.1388918,46.274603],[20.1387411,46.2744918],[20.1383003,46.2747626],[20.137603,46.2742136],[20.1371948,46.2744585]]]},"properties":{"voltage":"220000;132000;35000;22000","name":"Szeged OVIT al\u00e1llom\u00e1s"}},{"type":"Feature","geometry":{"type":"Polygon","coordinates":[[[20.0464129,48.3815614],[20.0465654,48.3814393],[20.0465137,48.3811071],[20.0475707,48.3802466],[20.0449358,48.3788256],[20.044344,48.3785058],[20.042321,48.3801843],[20.0430714,48.3810492],[20.0419469,48.3827813],[20.0422572,48.3828749],[20.0418727,48.3834533],[20.0419965,48.3834924],[20.0420012,48.3834853],[20.0421732,48.3835309],[20.0424431,48.3836093],[20.0424481,48.3836013],[20.0424747,48.3836099],[20.042471,48.3836173],[20.0429111,48.3837382],[20.0429166,48.3837304],[20.0429634,48.3837436],[20.0429572,48.3837523],[20.0435011,48.3839091],[20.0446052,48.3822689],[20.0452398,48.3823825],[20.0453189,48.3821889],[20.0452846,48.3820688],[20.0454973,48.3820041],[20.046082,48.3815188],[20.0461624,48.3814229],[20.0464129,48.3815614]]]},"properties":{"voltage":"400000;110000","name":"Rimavsk\u00e1 Sobota"}},{"type":"Feature","geometry":{"type":"Polygon","coordinates":[[[20.0936305,45.9127437],[20.0932991,45.9133397],[20.0944514,45.9136498],[20.0947827,45.9130538],[20.0936305,45.9127437]]]},"properties":{"voltage":"","name":""}},{"type":"Feature","geometry":{"type":"Polygon","coordinates":[[[20.1404777,46.2697078],[20.140523,46.2697243],[20.1404824,46.2697739],[20.140437,46.2697574],[20.1404777,46.2697078]]]},"properties":{"voltage":"","name":""}},{"type":"Feature","geometry":{"type":"Polygon","coordinates":[[[20.1435153,46.2709775],[20.143599,46.2709861],[20.1435918,46.2710198],[20.143508,46.2710113],[20.1435153,46.2709775]]]},"properties":{"voltage":"","name":""}},{"type":"Feature","geometry":{"type":"Polygon","coordinates":[[[21.5783135,48.5771545],[21.5782791,48.57686],[21.5780901,48.5768703],[21.5781242,48.5771639],[21.5783135,48.5771545]]]},"properties":{"voltage":"","name":"\u017dSR Trak\u010dn\u00e1 meniare\u0148 Kuzmice"}},{"type":"Feature","geometry":{"type":"Polygon","coordinates":[[[20.8432027,48.5938803],[20.84322,48.5938269],[20.8432595,48.5938317],[20.8433174,48.5936386],[20.843352,48.5935236],[20.8433891,48.5934001],[20.8434241,48.5932835],[20.8431977,48.5932509],[20.8431805,48.5933201],[20.8431264,48.5933126],[20.8429533,48.5938493],[20.8432027,48.5938803]]]},"properties":{"voltage":"","name":"Tur\u0148a"}},{"type":"Feature","geometry":{"type":"Polygon","coordinates":[[[20.0402177,46.2522157],[20.0408077,46.2515877],[20.040109,46.2512738],[20.039519,46.2519017],[20.0402177,46.2522157]]]},"properties":{"voltage":"132000;22000","name":"Kiskundorozsma al\u00e1llom\u00e1s"}},{"type":"Feature","geometry":{"type":"Polygon","coordinates":[[[20.1867067,47.1734638],[20.1867736,47.1734776],[20.1867953,47.1734288],[20.1867284,47.1734151],[20.1867067,47.1734638]]]},"properties":{"voltage":"","name":""}},{"type":"Feature","geometry":{"type":"Polygon","coordinates":[[[22.7184007,48.3880407],[22.7192362,48.3876684],[22.7184774,48.3869173],[22.7176418,48.3872896],[22.7184007,48.3880407]]]},"properties":{"voltage":"110000;35000;6000","name":"\u041c\u0443\u043a\u0430\u0447\u0435\u0432\u043e-6"}},{"type":"Feature","geometry":{"type":"Polygon","coordinates":[[[22.0383814,48.5699357],[22.0380533,48.5679435],[22.0412125,48.5677355],[22.0422093,48.5676726],[22.0423322,48.5683838],[22.0418795,48.5687385],[22.0420251,48.5696844],[22.0383814,48.5699357]]]},"properties":{"voltage":"400000","name":"Ve\u013ek\u00e9 Kapu\u0161any"}},{"type":"Feature","geometry":{"type":"Polygon","coordinates":[[[22.6223503,48.413819],[22.6211452,48.4163915],[22.6226165,48.4166951],[22.6217786,48.4184861],[22.6230529,48.4187464],[22.6229306,48.4190308],[22.6251115,48.4194888],[22.6253557,48.4189552],[22.6249132,48.4185119],[22.6250106,48.418323],[22.6248382,48.4182838],[22.6264432,48.414687],[22.6223503,48.413819]]]},"properties":{"voltage":"400000;220000;110000;35000","name":"\u041c\u0443\u043a\u0430\u0447\u0435\u0432\u0435-400"}},{"type":"Feature","geometry":{"type":"Polygon","coordinates":[[[22.5718287,48.3966286],[22.5724864,48.3971084],[22.5731676,48.3966617],[22.5726061,48.3962499],[22.5722262,48.3964922],[22.5721381,48.3964313],[22.5718287,48.3966286]]]},"properties":{"voltage":"110000;35000;10000","name":"\u0421\u0442\u0440\u0430\u0431\u0456\u0447\u043e\u0432\u043e"}},{"type":"Feature","geometry":{"type":"Polygon","coordinates":[[[22.7469987,48.4363829],[22.7459933,48.4366176],[22.7458179,48.4363101],[22.7453199,48.4364177],[22.7456631,48.4370931],[22.7456074,48.4371068],[22.7459115,48.4376303],[22.7474209,48.4372861],[22.7469987,48.4363829]]]},"properties":{"voltage":"110000;35000;6000","name":"\u041c\u0443\u043a\u0430\u0447\u0435\u0432\u043e-2"}},{"type":"Feature","geometry":{"type":"Polygon","coordinates":[[[22.851863,48.3638742],[22.8523417,48.3637882],[22.8522218,48.3634937],[22.8517431,48.3635798],[22.851863,48.3638742]]]},"properties":{"voltage":"35000;10000","name":"\u0417\u0430\u043b\u0443\u0436\u0436\u044f"}},{"type":"Feature","geometry":{"type":"Polygon","coordinates":[[[22.6879672,48.4341661],[22.688037,48.4341429],[22.688005,48.4341005],[22.6879353,48.4341237],[22.6879672,48.4341661]]]},"properties":{"voltage":"","name":""}},{"type":"Feature","geometry":{"type":"Polygon","coordinates":[[[22.3060244,48.5930964],[22.3078565,48.5929673],[22.3076266,48.5917417],[22.3061642,48.5918445],[22.3058715,48.5918606],[22.3060244,48.5930964]]]},"properties":{"voltage":"110000;35000;10000","name":"\u0423\u0436\u0433\u043e\u0440\u043e\u0434-1"}},{"type":"Feature","geometry":{"type":"Polygon","coordinates":[[[22.2704323,48.5763368],[22.270905,48.5762726],[22.2708049,48.57595],[22.2703321,48.5760142],[22.2704323,48.5763368]]]},"properties":{"voltage":"35000;10000","name":"\u041a\u043e\u043d\u0446\u0435\u0432\u043e"}},{"type":"Feature","geometry":{"type":"Polygon","coordinates":[[[22.3845837,48.3647471],[22.3843335,48.3645952],[22.3842727,48.3639368],[22.3860515,48.3638642],[22.3860832,48.3642073],[22.3862554,48.3642003],[22.3862995,48.3646771],[22.3845837,48.3647471]]]},"properties":{"voltage":"35000;6000","name":"\u0411\u0430\u0442\u044c\u043e\u0432\u043e, \u0442\u0443\u043f\u0456\u043a\u043e\u0432\u0430"}},{"type":"Feature","geometry":{"type":"Polygon","coordinates":[[[22.2671746,48.4124818],[22.2670113,48.4124342],[22.2664708,48.412095],[22.2664963,48.4120398],[22.266857,48.411787],[22.2669429,48.4117559],[22.2677176,48.4122137],[22.2674632,48.4123825],[22.2676927,48.4125283],[22.2674837,48.4126744],[22.2671746,48.4124818]]]},"properties":{"voltage":"35000","name":""}},{"type":"Feature","geometry":{"type":"Polygon","coordinates":[[[22.2164211,48.4353676],[22.2173443,48.435362],[22.2173397,48.4349358],[22.2174738,48.4349352],[22.2174715,48.4347258],[22.216453,48.4347306],[22.2163796,48.4347467],[22.2163861,48.4353413],[22.2164211,48.4353676]]]},"properties":{"voltage":"35000;6000","name":"\u0427\u043e\u043f, \u0442\u0443\u043f\u0456\u043a\u043e\u0432\u0430"}},{"type":"Feature","geometry":{"type":"Polygon","coordinates":[[[22.2117956,48.439791],[22.2116667,48.4386148],[22.2126573,48.438567],[22.2127862,48.4397432],[22.2117956,48.439791]]]},"properties":{"voltage":"110000;35000;10000","name":"\u0427\u043e\u043f"}},{"type":"Feature","geometry":{"type":"Polygon","coordinates":[[[20.1045203,47.7745817],[20.1106495,47.7742292],[20.1105319,47.7732851],[20.1091853,47.7733715],[20.1091021,47.7727646],[20.1072437,47.7728884],[20.1072822,47.7731309],[20.1072862,47.7731966],[20.1043606,47.773376],[20.1045203,47.7745817]]]},"properties":{"voltage":"220000;132000","name":"Detk al\u00e1llom\u00e1s"}},{"type":"Feature","geometry":{"type":"Polygon","coordinates":[[[20.1447352,47.2050157],[20.1447619,47.2052249],[20.1457273,47.206172],[20.1466603,47.2062276],[20.1473442,47.2059134],[20.148155,47.2066791],[20.1494558,47.2060769],[20.1509434,47.2054035],[20.1511323,47.205317],[20.1513678,47.2052093],[20.1510296,47.2048766],[20.1502744,47.2041338],[20.1497095,47.2043961],[20.1498211,47.2045026],[20.1494602,47.204675],[20.1491214,47.2043155],[20.1476397,47.2049983],[20.1468444,47.204218],[20.1463218,47.2042734],[20.1447352,47.2050157]]]},"properties":{"voltage":"400000;220000;132000;22000","name":"Szolnok OVIT al\u00e1llom\u00e1s"}},{"type":"Feature","geometry":{"type":"Polygon","coordinates":[[[22.6188476,48.4679093],[22.6193317,48.4677795],[22.6192141,48.4675866],[22.6191787,48.4675961],[22.6191134,48.4674891],[22.6186647,48.4676094],[22.6188476,48.4679093]]]},"properties":{"voltage":"35000;10000","name":"\u0420\u0430\u043a\u043e\u0448\u0438\u043d\u043e"}},{"type":"Feature","geometry":{"type":"Polygon","coordinates":[[[20.083557,46.9570408],[20.0841397,46.9566007],[20.0844308,46.956388],[20.0837019,46.9559317],[20.0828276,46.9565855],[20.083557,46.9570408]]]},"properties":{"voltage":"132000;22000","name":"Tiszak\u00e9cske al\u00e1llom\u00e1s"}},{"type":"Feature","geometry":{"type":"Polygon","coordinates":[[[21.5914231,48.3667272],[21.590807,48.3663973],[21.5912651,48.3660028],[21.5915899,48.3657231],[21.5922241,48.3660628],[21.5914231,48.3667272]]]},"properties":{"voltage":"132000","name":"K\u00e1rolyfalva al\u00e1llom\u00e1s"}},{"type":"Feature","geometry":{"type":"Polygon","coordinates":[[[20.166491,47.1650974],[20.165826,47.1649562],[20.1656016,47.1654166],[20.1662376,47.1655529],[20.166491,47.1650974]]]},"properties":{"voltage":"132000;11000","name":"Szolnok D\u00e9l al\u00e1llom\u00e1s"}},{"type":"Feature","geometry":{"type":"Polygon","coordinates":[[[20.1261627,46.7025786],[20.1273048,46.7029619],[20.1277238,46.7023336],[20.126585,46.7019651],[20.1261627,46.7025786]]]},"properties":{"voltage":"132000;22000","name":"Csongr\u00e1d al\u00e1llom\u00e1s"}},{"type":"Feature","geometry":{"type":"Polygon","coordinates":[[[21.1098126,48.3200159],[21.1087881,48.3190903],[21.1098421,48.318557],[21.110907,48.319488],[21.1098126,48.3200159]]]},"properties":{"voltage":"132000","name":"Encs al\u00e1llom\u00e1s"}},{"type":"Feature","geometry":{"type":"Polygon","coordinates":[[[20.1231283,46.246118],[20.1237835,46.2469852],[20.1231761,46.2472034],[20.122575,46.2471887],[20.1223242,46.247004],[20.1223459,46.2466547],[20.1223633,46.2463488],[20.1231283,46.246118]]]},"properties":{"voltage":"132000","name":"Cserepes sor al\u00e1llom\u00e1s"}},{"type":"Feature","geometry":{"type":"Polygon","coordinates":[[[20.1952338,47.1891768],[20.1957238,47.1891898],[20.1964097,47.1892039],[20.1964456,47.1886407],[20.1952657,47.188611],[20.1952338,47.1891768]]]},"properties":{"voltage":"132000;11000","name":"Szolnok \u00c9szak al\u00e1llom\u00e1s"}},{"type":"Feature","geometry":{"type":"Polygon","coordinates":[[[22.1516391,48.3343339],[22.1511404,48.3337214],[22.1507668,48.3338558],[22.1499784,48.3341395],[22.1504771,48.334752],[22.1516391,48.3343339]]]},"properties":{"voltage":"132000;22000","name":"Tuzs\u00e9r al\u00e1llom\u00e1s"}},{"type":"Feature","geometry":{"type":"Polygon","coordinates":[[[20.0602156,47.2974676],[20.0590411,47.2970767],[20.0597868,47.296051],[20.0606189,47.2963163],[20.0604176,47.2965877],[20.0607941,47.2967142],[20.0602156,47.2974676]]]},"properties":{"voltage":"132000;22000","name":"M\u00c1V Villamos Vonalf\u0151n\u00f6ks\u00e9ge \u00dajsz\u00e1sz"}},{"type":"Feature","geometry":{"type":"Polygon","coordinates":[[[20.0869297,47.9281776],[20.0862112,47.9280037],[20.0863121,47.9278165],[20.0857558,47.9276819],[20.0854149,47.9283143],[20.0866897,47.9286228],[20.0869297,47.9281776]]]},"properties":{"voltage":"","name":""}},{"type":"Feature","geometry":{"type":"Polygon","coordinates":[[[20.0906711,47.7629908],[20.0916846,47.7628034],[20.0913031,47.7618712],[20.0902895,47.7620587],[20.0906711,47.7629908]]]},"properties":{"voltage":"35000","name":""}},{"type":"Feature","geometry":{"type":"Polygon","coordinates":[[[20.1276556,47.1454118],[20.1277324,47.1453922],[20.1277772,47.145428],[20.1278092,47.1454608],[20.12779,47.1455114],[20.1282317,47.1458608],[20.1291176,47.1454167],[20.1281717,47.1446918],[20.1273555,47.1451587],[20.1276556,47.1454118]]]},"properties":{"voltage":"132000;22000","name":"Szolnok Ipari Park al\u00e1llom\u00e1s"}},{"type":"Feature","geometry":{"type":"Polygon","coordinates":[[[20.0420377,47.7923229],[20.042651,47.7923495],[20.0430355,47.7923661],[20.0429711,47.7932455],[20.0418016,47.793231],[20.0420377,47.7923229]]]},"properties":{"voltage":"","name":""}},{"type":"Feature","geometry":{"type":"Polygon","coordinates":[[[22.5329336,48.4745064],[22.5330842,48.4748576],[22.5336871,48.474744],[22.5335365,48.4743928],[22.5329336,48.4745064]]]},"properties":{"voltage":"35000;10000","name":"\u0417\u043d\u044f\u0446\u0435\u0432\u043e"}},{"type":"Feature","geometry":{"type":"Polygon","coordinates":[[[20.1035226,45.7988127],[20.1045414,45.7992998],[20.105109,45.7987214],[20.1043376,45.7983764],[20.1038702,45.7984262],[20.1035226,45.7988127]]]},"properties":{"voltage":"","name":""}},{"type":"Feature","geometry":{"type":"Polygon","coordinates":[[[21.6451111,48.4130024],[21.6451452,48.4130036],[21.6451474,48.412977],[21.6451133,48.4129758],[21.6451111,48.4130024]]]},"properties":{"voltage":"","name":""}},{"type":"Feature","geometry":{"type":"Polygon","coordinates":[[[22.5048952,48.5284625],[22.5054776,48.5285497],[22.5055575,48.5283157],[22.504975,48.5282285],[22.5048952,48.5284625]]]},"properties":{"voltage":"35000;10000","name":"\u0421\u0435\u0440\u0435\u0434\u043d\u0454"}},{"type":"Feature","geometry":{"type":"Polygon","coordinates":[[[22.7279525,48.4307882],[22.7280331,48.4308118],[22.7290952,48.4311223],[22.7291378,48.4311348],[22.729669,48.4303069],[22.7284948,48.4299609],[22.7279525,48.4307882]]]},"properties":{"voltage":"35000;6000","name":"\u041c\u0443\u043a\u0430\u0447\u0435\u0432\u043e, \u0442\u0440\u0430\u043d\u0437\u0438\u0442\u043d\u0430"}},{"type":"Feature","geometry":{"type":"Polygon","coordinates":[[[22.3293803,48.5139548],[22.3297659,48.5141081],[22.3300367,48.5138092],[22.329651,48.5136559],[22.3293803,48.5139548]]]},"properties":{"voltage":"35000;10000","name":"\u0413\u0435\u0457\u0432\u0446\u0456"}},{"type":"Feature","geometry":{"type":"Polygon","coordinates":[[[20.1875784,46.3044316],[20.1882523,46.3046793],[20.1881043,46.3048713],[20.1882208,46.3049141],[20.1878334,46.3054169],[20.1870432,46.3051264],[20.1875784,46.3044316]]]},"properties":{"voltage":"132000","name":"Algy\u0151 al\u00e1llom\u00e1s"}},{"type":"Feature","geometry":{"type":"Polygon","coordinates":[[[20.1312485,46.2392563],[20.1312831,46.2393016],[20.131321,46.2392877],[20.1312864,46.2392424],[20.1312485,46.2392563]]]},"properties":{"voltage":"","name":""}},{"type":"Feature","geometry":{"type":"Polygon","coordinates":[[[22.6686155,48.5173635],[22.6685019,48.5170003],[22.66884,48.5169539],[22.6689536,48.5173171],[22.6686155,48.5173635]]]},"properties":{"voltage":"35000;10000","name":"\u0411\u043e\u0431\u043e\u0432\u0438\u0449\u0435"}},{"type":"Feature","geometry":{"type":"Polygon","coordinates":[[[20.1686464,46.259244],[20.1687775,46.2592591],[20.168787,46.2592196],[20.1686558,46.2592046],[20.1686464,46.259244]]]},"properties":{"voltage":"","name":""}},{"type":"Feature","geometry":{"type":"Polygon","coordinates":[[[22.8437146,48.4903972],[22.8434641,48.4906621],[22.844783,48.49121],[22.8450336,48.4909451],[22.8437146,48.4903972]]]},"properties":{"voltage":"110000;10000","name":"\u0427\u0438\u043d\u0430\u0434\u0456\u0454\u0432\u043e, \u0442\u0440\u0430\u043d\u0437\u0438\u0442\u043d\u0430"}},{"type":"Feature","geometry":{"type":"Polygon","coordinates":[[[20.1428787,46.2726736],[20.1429273,46.2726732],[20.1429263,46.2726077],[20.1428777,46.2726077],[20.1428787,46.2726736]]]},"properties":{"voltage":"","name":""}},{"type":"Feature","geometry":{"type":"Polygon","coordinates":[[[20.1389726,46.2709489],[20.1390507,46.270983],[20.1390829,46.2709478],[20.1390048,46.2709137],[20.1389726,46.2709489]]]},"properties":{"voltage":"","name":""}},{"type":"Feature","geometry":{"type":"Polygon","coordinates":[[[22.2349356,48.5076039],[22.23521,48.5072697],[22.2356055,48.5074122],[22.2353311,48.5077464],[22.2349356,48.5076039]]]},"properties":{"voltage":"35000;10000","name":"\u0421\u0442\u0440\u0443\u043c\u043a\u0456\u0432\u043a\u0430"}},{"type":"Feature","geometry":{"type":"Polygon","coordinates":[[[22.8489421,48.491813],[22.8493497,48.4919778],[22.8490942,48.4922552],[22.8486867,48.4920903],[22.8489421,48.491813]]]},"properties":{"voltage":"35000;10000","name":"\u0427\u0438\u043d\u0430\u0434\u0456\u0439\u043e\u0432\u043e"}},{"type":"Feature","geometry":{"type":"Polygon","coordinates":[[[20.1666082,46.2632957],[20.1666608,46.2632461],[20.1666197,46.2632253],[20.1665672,46.2632748],[20.1666082,46.2632957]]]},"properties":{"voltage":"","name":""}},{"type":"Feature","geometry":{"type":"Polygon","coordinates":[[[22.8696457,48.5205172],[22.8700545,48.5207225],[22.8698417,48.5209084],[22.8694328,48.520703],[22.8696457,48.5205172]]]},"properties":{"voltage":"35000;10000","name":"\u041a\u0430\u0440\u043f\u0430\u0442\u0438"}},{"type":"Feature","geometry":{"type":"Polygon","coordinates":[[[22.6686566,48.3435222],[22.6688066,48.3437275],[22.6691325,48.3436223],[22.6689825,48.343417],[22.6686566,48.3435222]]]},"properties":{"voltage":"35000;10000","name":"\u0414\u0440\u0438\u0441\u0438\u043d\u043e"}},{"type":"Feature","geometry":{"type":"Polygon","coordinates":[[[22.5917791,48.3007656],[22.5921799,48.3009191],[22.5923582,48.300713],[22.5919575,48.3005595],[22.5917791,48.3007656]]]},"properties":{"voltage":"35000;10000","name":"\u0413\u0430\u0440\u0430\u0437\u0434\u0456\u0432\u043a\u0430"}},{"type":"Feature","geometry":{"type":"Polygon","coordinates":[[[22.6476394,48.3188769],[22.648058,48.3189554],[22.6481907,48.3186424],[22.6477721,48.3185638],[22.6476394,48.3188769]]]},"properties":{"voltage":"35000;10000","name":"\u0413\u0430\u0442\u044c"}},{"type":"Feature","geometry":{"type":"Polygon","coordinates":[[[22.4543512,48.3771862],[22.4545464,48.377393],[22.4547505,48.3773079],[22.4545552,48.3771011],[22.4543512,48.3771862]]]},"properties":{"voltage":"35000;10000","name":"\u0420\u0456\u0432\u043d\u0435"}},{"type":"Feature","geometry":{"type":"Polygon","coordinates":[[[22.4032937,48.3663359],[22.4038494,48.3663042],[22.4038862,48.3667413],[22.4037957,48.3670306],[22.4036765,48.3671636],[22.4036813,48.3672661],[22.4027117,48.3672656],[22.4028548,48.3665304],[22.4032894,48.3665138],[22.4032937,48.3663359]]]},"properties":{"voltage":"110000;35000;6000","name":"\u0411\u0430\u0442\u044c\u043e\u0432\u043e"}},{"type":"Feature","geometry":{"type":"Polygon","coordinates":[[[22.4187324,48.3259113],[22.4190214,48.3261244],[22.4194318,48.3258782],[22.4191428,48.3256652],[22.4187324,48.3259113]]]},"properties":{"voltage":"35000;6000","name":"\u0411\u043e\u0432\u0442\u0440\u0430\u0434\u044c"}},{"type":"Feature","geometry":{"type":"Polygon","coordinates":[[[22.570739,48.4427628],[22.5712741,48.4427646],[22.571276,48.4425109],[22.5707409,48.4425092],[22.570739,48.4427628]]]},"properties":{"voltage":"35000;10000","name":"\u041d.\u041b\u0443\u0447\u043a\u0438"}},{"type":"Feature","geometry":{"type":"Polygon","coordinates":[[[22.7407945,48.4521123],[22.7411039,48.452166],[22.7411951,48.4519347],[22.7408857,48.451881],[22.7407945,48.4521123]]]},"properties":{"voltage":"35000;6000","name":"\u041c\u0443\u043a\u0430\u0447\u0435\u0432\u043e-3"}},{"type":"Feature","geometry":{"type":"Polygon","coordinates":[[[22.7569966,48.4752994],[22.7574784,48.4754016],[22.7576286,48.4750904],[22.7571468,48.4749882],[22.7569966,48.4752994]]]},"properties":{"voltage":"35000;10000","name":"\u041c\u0443\u043a\u0430\u0447\u0435\u0432\u043e-4"}},{"type":"Feature","geometry":{"type":"Polygon","coordinates":[[[22.7442443,48.4672851],[22.7444284,48.4675414],[22.7448563,48.4674062],[22.7446721,48.46715],[22.7442443,48.4672851]]]},"properties":{"voltage":"","name":""}},{"type":"Feature","geometry":{"type":"Polygon","coordinates":[[[22.7044504,48.387315],[22.7045605,48.3874998],[22.7048689,48.3874188],[22.7047588,48.3872339],[22.7044504,48.387315]]]},"properties":{"voltage":"35000;6000","name":"\u0428\u0435\u043d\u0431\u043e\u0440\u043d"}},{"type":"Feature","geometry":{"type":"Polygon","coordinates":[[[22.7006051,48.4082842],[22.7013121,48.4080658],[22.7009588,48.4075618],[22.7002518,48.4077802],[22.7003467,48.4079155],[22.7005308,48.4081782],[22.7006051,48.4082842]]]},"properties":{"voltage":"110000","name":""}},{"type":"Feature","geometry":{"type":"Polygon","coordinates":[[[22.8885532,48.3525038],[22.8888774,48.3525999],[22.8890458,48.3523489],[22.8889492,48.352276],[22.8887463,48.3522159],[22.8885532,48.3525038]]]},"properties":{"voltage":"35000;10000","name":"\u0414\u043e\u0440\u043e\u0431\u0440\u0430\u0442\u043e\u0432\u043e"}},{"type":"Feature","geometry":{"type":"Polygon","coordinates":[[[22.3738507,48.4260279],[22.3740094,48.4262707],[22.3744734,48.4261372],[22.3743148,48.4258944],[22.3738507,48.4260279]]]},"properties":{"voltage":"35000;10000","name":"\u0414\u043e\u0431\u0440\u043e\u043d\u044c"}},{"type":"Feature","geometry":{"type":"Polygon","coordinates":[[[22.2626053,48.437645],[22.2627925,48.4377671],[22.2628903,48.4377011],[22.2629247,48.4377235],[22.2630375,48.4376474],[22.2628159,48.4375028],[22.2626053,48.437645]]]},"properties":{"voltage":"35000","name":"\u0427\u0435\u0440\u0432\u043e\u043d\u0435"}},{"type":"Feature","geometry":{"type":"Polygon","coordinates":[[[22.2705525,48.3614664],[22.2706544,48.3611723],[22.2703786,48.3611301],[22.2702767,48.3614242],[22.2705525,48.3614664]]]},"properties":{"voltage":"35000","name":""}},{"type":"Feature","geometry":{"type":"Polygon","coordinates":[[[22.2947911,48.5273615],[22.2942703,48.5274721],[22.2944657,48.5278492],[22.2950455,48.5277529],[22.2948781,48.5273842],[22.2947911,48.5273615]]]},"properties":{"voltage":"35000;10000","name":"\u0427\u0430\u0441\u043b\u0456\u0432\u0446\u0456"}},{"type":"Feature","geometry":{"type":"Polygon","coordinates":[[[21.5774797,48.5762329],[21.578666,48.5761911],[21.5787767,48.577303],[21.5787055,48.5773972],[21.5778791,48.5774285],[21.5776735,48.5772611],[21.5775667,48.57701],[21.5775347,48.5768778],[21.5775193,48.5768164],[21.5774995,48.5764161],[21.5775193,48.5763742],[21.577502,48.5763366],[21.5774837,48.5763094],[21.5774797,48.5762329]]]},"properties":{"voltage":"110000","name":"\u017dSR Kuzmice"}},{"type":"Feature","geometry":{"type":"Polygon","coordinates":[[[20.1603135,46.2437141],[20.1602948,46.2436646],[20.1601611,46.2436887],[20.1601799,46.2437382],[20.1603135,46.2437141]]]},"properties":{"voltage":"","name":""}},{"type":"Feature","geometry":{"type":"Polygon","coordinates":[[[20.1299828,46.2654683],[20.1300049,46.2654993],[20.1300921,46.2654697],[20.1300701,46.2654387],[20.1299828,46.2654683]]]},"properties":{"voltage":"","name":""}},{"type":"Feature","geometry":{"type":"Polygon","coordinates":[[[20.1603081,46.2584983],[20.1603289,46.2584822],[20.1602939,46.2584606],[20.1602731,46.2584767],[20.1603081,46.2584983]]]},"properties":{"voltage":"","name":""}},{"type":"Feature","geometry":{"type":"Polygon","coordinates":[[[20.1239092,46.2457049],[20.1239231,46.2457246],[20.1238769,46.2457402],[20.123863,46.2457205],[20.1239092,46.2457049]]]},"properties":{"voltage":"","name":""}},{"type":"Feature","geometry":{"type":"Polygon","coordinates":[[[22.688338,48.4484401],[22.6886473,48.4487508],[22.6890598,48.4485701],[22.6887505,48.4482594],[22.688338,48.4484401]]]},"properties":{"voltage":"35000;6000","name":"\u041c\u0443\u043a\u0430\u0447\u0435\u0432\u043e-5"}},{"type":"Feature","geometry":{"type":"Polygon","coordinates":[[[22.2641279,48.5828862],[22.2641503,48.582945],[22.264195,48.5829668],[22.264332,48.5829439],[22.2643557,48.5829107],[22.2643333,48.5828519],[22.2642896,48.5828328],[22.2641526,48.5828557],[22.2641279,48.5828862]]]},"properties":{"voltage":"35000","name":""}},{"type":"Feature","geometry":{"type":"Polygon","coordinates":[[[20.1582656,46.2643726],[20.1582677,46.264427],[20.1583314,46.2644258],[20.1583293,46.2643714],[20.1582656,46.2643726]]]},"properties":{"voltage":"","name":""}},{"type":"Feature","geometry":{"type":"Polygon","coordinates":[[[20.1696386,46.2616015],[20.1696478,46.2615442],[20.1696977,46.2615481],[20.1696885,46.2616054],[20.1696386,46.2616015]]]},"properties":{"voltage":"","name":""}},{"type":"Feature","geometry":{"type":"Polygon","coordinates":[[[20.1528899,46.2703279],[20.1529851,46.2703268],[20.1529842,46.2702875],[20.152889,46.2702886],[20.1528899,46.2703279]]]},"properties":{"voltage":"","name":""}},{"type":"Feature","geometry":{"type":"Polygon","coordinates":[[[20.1662182,46.2732463],[20.1662696,46.2732532],[20.1662747,46.273235],[20.1662233,46.2732281],[20.1662182,46.2732463]]]},"properties":{"voltage":"","name":""}},{"type":"Feature","geometry":{"type":"Polygon","coordinates":[[[20.1558472,46.2438005],[20.155873,46.2437943],[20.1558563,46.2437613],[20.1558306,46.2437675],[20.1558472,46.2438005]]]},"properties":{"voltage":"","name":""}},{"type":"Feature","geometry":{"type":"Polygon","coordinates":[[[20.1681051,46.2476283],[20.1680592,46.2476405],[20.1680493,46.2476227],[20.1680951,46.2476105],[20.1681051,46.2476283]]]},"properties":{"voltage":"","name":""}},{"type":"Feature","geometry":{"type":"Polygon","coordinates":[[[20.1582838,46.2730518],[20.1583143,46.2730518],[20.1583143,46.2730159],[20.1582838,46.2730159],[20.1582838,46.2730518]]]},"properties":{"voltage":"","name":""}},{"type":"Feature","geometry":{"type":"Polygon","coordinates":[[[20.1746205,46.249431],[20.1746138,46.2494111],[20.1746652,46.2494028],[20.174672,46.2494226],[20.1746205,46.249431]]]},"properties":{"voltage":"","name":""}},{"type":"Feature","geometry":{"type":"Polygon","coordinates":[[[20.1705946,46.2595651],[20.1706486,46.2595641],[20.1706465,46.2595038],[20.1705925,46.2595047],[20.1705946,46.2595651]]]},"properties":{"voltage":"","name":""}},{"type":"Feature","geometry":{"type":"Polygon","coordinates":[[[20.167744,46.2593184],[20.1677954,46.259314],[20.167785,46.2592549],[20.1677337,46.2592592],[20.167744,46.2593184]]]},"properties":{"voltage":"","name":""}},{"type":"Feature","geometry":{"type":"Polygon","coordinates":[[[20.668791,48.5824558],[20.6698286,48.5828042],[20.6701093,48.5824384],[20.6690717,48.58209],[20.668791,48.5824558]]]},"properties":{"voltage":"","name":""}},{"type":"Feature","geometry":{"type":"Polygon","coordinates":[[[20.1503411,46.268059],[20.1503977,46.2680577],[20.1503948,46.2679963],[20.1503382,46.2679976],[20.1503411,46.268059]]]},"properties":{"voltage":"","name":""}},{"type":"Feature","geometry":{"type":"Polygon","coordinates":[[[20.1467778,46.2661518],[20.1468028,46.266122],[20.1467259,46.2660911],[20.1467009,46.2661208],[20.1467778,46.2661518]]]},"properties":{"voltage":"","name":""}},{"type":"Feature","geometry":{"type":"Polygon","coordinates":[[[20.1464051,46.2614465],[20.1464344,46.2614311],[20.1464025,46.261402],[20.1463731,46.2614174],[20.1464051,46.2614465]]]},"properties":{"voltage":"","name":""}},{"type":"Feature","geometry":{"type":"Polygon","coordinates":[[[20.1428656,46.261901],[20.1428902,46.2618886],[20.1428607,46.2618606],[20.1428361,46.2618729],[20.1428656,46.261901]]]},"properties":{"voltage":"","name":""}},{"type":"Feature","geometry":{"type":"Polygon","coordinates":[[[20.1301292,46.2429982],[20.1301998,46.2429781],[20.1301462,46.2428882],[20.1300755,46.2429084],[20.1301292,46.2429982]]]},"properties":{"voltage":"600","name":""}},{"type":"Feature","geometry":{"type":"Polygon","coordinates":[[[20.1331221,46.2662598],[20.1330965,46.2662324],[20.1331208,46.2662216],[20.1331464,46.2662489],[20.1331221,46.2662598]]]},"properties":{"voltage":"","name":""}},{"type":"Feature","geometry":{"type":"Polygon","coordinates":[[[20.1350876,46.2660486],[20.1351203,46.2660269],[20.1351395,46.2660408],[20.1351068,46.2660624],[20.1350876,46.2660486]]]},"properties":{"voltage":"","name":""}},{"type":"Feature","geometry":{"type":"Polygon","coordinates":[[[20.1464915,46.2657421],[20.1465258,46.2657119],[20.1465016,46.2656987],[20.1464672,46.2657289],[20.1464915,46.2657421]]]},"properties":{"voltage":"","name":""}},{"type":"Feature","geometry":{"type":"Polygon","coordinates":[[[20.1714873,46.2643002],[20.1715664,46.26433],[20.1715912,46.2642986],[20.171512,46.2642688],[20.1714873,46.2643002]]]},"properties":{"voltage":"","name":""}},{"type":"Feature","geometry":{"type":"Polygon","coordinates":[[[20.1466796,46.2669334],[20.1467444,46.2669577],[20.1467755,46.266918],[20.1467106,46.2668937],[20.1466796,46.2669334]]]},"properties":{"voltage":"","name":""}},{"type":"Feature","geometry":{"type":"Polygon","coordinates":[[[20.1492541,46.2697539],[20.1492269,46.2697853],[20.1492969,46.2698142],[20.1493241,46.2697829],[20.1492541,46.2697539]]]},"properties":{"voltage":"","name":""}},{"type":"Feature","geometry":{"type":"Polygon","coordinates":[[[20.1524487,46.2751297],[20.152484,46.2751298],[20.1524842,46.2750894],[20.1524489,46.2750894],[20.1524487,46.2751297]]]},"properties":{"voltage":"","name":""}},{"type":"Feature","geometry":{"type":"Polygon","coordinates":[[[20.1540148,46.2732038],[20.1540705,46.2732041],[20.1540708,46.2731834],[20.1540151,46.2731832],[20.1540148,46.2732038]]]},"properties":{"voltage":"","name":""}},{"type":"Feature","geometry":{"type":"Polygon","coordinates":[[[20.1629108,46.2602159],[20.1629332,46.2602004],[20.162895,46.260174],[20.1628726,46.2601895],[20.1629108,46.2602159]]]},"properties":{"voltage":"","name":""}},{"type":"Feature","geometry":{"type":"Polygon","coordinates":[[[20.0402807,46.1041725],[20.0405556,46.1040237],[20.04029,46.1037836],[20.039808,46.1040398],[20.0400736,46.1042799],[20.0402807,46.1041725]]]},"properties":{"voltage":"","name":""}},{"type":"Feature","geometry":{"type":"Polygon","coordinates":[[[20.1416241,46.2731693],[20.1416723,46.2731611],[20.1416523,46.2731048],[20.1416041,46.273113],[20.1416241,46.2731693]]]},"properties":{"voltage":"","name":""}},{"type":"Feature","geometry":{"type":"Polygon","coordinates":[[[20.1398285,46.239595],[20.1398694,46.2395781],[20.1398572,46.239564],[20.1398163,46.239581],[20.1398285,46.239595]]]},"properties":{"voltage":"","name":""}},{"type":"Feature","geometry":{"type":"Polygon","coordinates":[[[20.1353663,46.2399655],[20.1353973,46.2399707],[20.1354105,46.2399318],[20.1353795,46.2399268],[20.1353663,46.2399655]]]},"properties":{"voltage":"","name":""}},{"type":"Feature","geometry":{"type":"Polygon","coordinates":[[[20.1360042,46.2701128],[20.1360604,46.2700592],[20.1361026,46.2700803],[20.1360463,46.2701339],[20.1360042,46.2701128]]]},"properties":{"voltage":"","name":""}},{"type":"Feature","geometry":{"type":"Polygon","coordinates":[[[20.150821,46.2646044],[20.15087,46.2645906],[20.15086,46.2645736],[20.150811,46.2645874],[20.150821,46.2646044]]]},"properties":{"voltage":"","name":""}},{"type":"Feature","geometry":{"type":"Polygon","coordinates":[[[20.1709785,46.2633319],[20.1710653,46.2633313],[20.1710648,46.2632964],[20.170978,46.2632969],[20.1709785,46.2633319]]]},"properties":{"voltage":"","name":""}},{"type":"Feature","geometry":{"type":"Polygon","coordinates":[[[20.1611228,46.2672379],[20.1611194,46.2672038],[20.1611469,46.2672025],[20.1611503,46.2672367],[20.1611228,46.2672379]]]},"properties":{"voltage":"","name":""}},{"type":"Feature","geometry":{"type":"Polygon","coordinates":[[[20.1312488,46.2646206],[20.1312814,46.2646152],[20.1312683,46.2645775],[20.1312358,46.2645829],[20.1312488,46.2646206]]]},"properties":{"voltage":"","name":""}},{"type":"Feature","geometry":{"type":"Polygon","coordinates":[[[20.1437424,46.2475325],[20.1437887,46.2475087],[20.1437702,46.2474915],[20.1437239,46.2475154],[20.1437424,46.2475325]]]},"properties":{"voltage":"","name":""}},{"type":"Feature","geometry":{"type":"Polygon","coordinates":[[[20.1677798,46.2730654],[20.1678103,46.2730653],[20.1678101,46.273031],[20.1677796,46.2730311],[20.1677798,46.2730654]]]},"properties":{"voltage":"","name":""}},{"type":"Feature","geometry":{"type":"Polygon","coordinates":[[[22.2125598,48.4592306],[22.2128222,48.4596104],[22.2134163,48.4594298],[22.2131539,48.4590501],[22.2125598,48.4592306]]]},"properties":{"voltage":"110000","name":""}},{"type":"Feature","geometry":{"type":"Polygon","coordinates":[[[21.2268755,48.5553135],[21.2285289,48.5553561],[21.2285523,48.5548196],[21.22828,48.5548146],[21.2268901,48.554775],[21.2268755,48.5553135]]]},"properties":{"voltage":"110000","name":"Elektrick\u00e1 stanica Kechnec"}},{"type":"Feature","geometry":{"type":"Polygon","coordinates":[[[20.7592087,48.4502973],[20.7591064,48.4501186],[20.7592868,48.4500732],[20.759389,48.4502519],[20.7592087,48.4502973]]]},"properties":{"voltage":"","name":""}},{"type":"Feature","geometry":{"type":"Polygon","coordinates":[[[20.1686965,46.2805818],[20.1687241,46.2805763],[20.1687133,46.2805505],[20.1686857,46.280556],[20.1686965,46.2805818]]]},"properties":{"voltage":"","name":""}},{"type":"Feature","geometry":{"type":"Polygon","coordinates":[[[20.1487569,47.145203],[20.1487322,47.1451747],[20.1486971,47.145189],[20.1487218,47.1452172],[20.1487569,47.145203]]]},"properties":{"voltage":"","name":""}},{"type":"Feature","geometry":{"type":"Polygon","coordinates":[[[20.1708459,46.261106],[20.1708976,46.2611047],[20.1708945,46.2610441],[20.1708428,46.2610454],[20.1708459,46.261106]]]},"properties":{"voltage":"","name":""}},{"type":"Feature","geometry":{"type":"Polygon","coordinates":[[[22.6486051,48.4836225],[22.6488082,48.4838389],[22.6491488,48.4836984],[22.6489457,48.483482],[22.6486051,48.4836225]]]},"properties":{"voltage":"35000;400","name":"\u0427\u043e\u043f\u0456\u0432\u043a\u0430"}},{"type":"Feature","geometry":{"type":"Polygon","coordinates":[[[22.5383288,48.5219697],[22.5386175,48.5223701],[22.5392183,48.52218],[22.5389296,48.5217796],[22.5383288,48.5219697]]]},"properties":{"voltage":"35000","name":""}},{"type":"Feature","geometry":{"type":"Polygon","coordinates":[[[20.1332571,46.2652654],[20.1332832,46.265254],[20.1332557,46.265224],[20.1332296,46.2652354],[20.1332571,46.2652654]]]},"properties":{"voltage":"","name":""}},{"type":"Feature","geometry":{"type":"Polygon","coordinates":[[[22.3002261,48.5477145],[22.300257,48.5476635],[22.3003381,48.547685],[22.3003073,48.547736],[22.3002261,48.5477145]]]},"properties":{"voltage":"","name":""}},{"type":"Feature","geometry":{"type":"Polygon","coordinates":[[[20.1748533,46.2449419],[20.1748847,46.244911],[20.1748554,46.2448967],[20.174824,46.2449277],[20.1748533,46.2449419]]]},"properties":{"voltage":"","name":""}},{"type":"Feature","geometry":{"type":"Polygon","coordinates":[[[20.1597766,46.2740856],[20.1598637,46.2740881],[20.1598659,46.2740508],[20.1597788,46.2740484],[20.1597766,46.2740856]]]},"properties":{"voltage":"","name":""}},{"type":"Feature","geometry":{"type":"Polygon","coordinates":[[[20.1383556,46.2572233],[20.1383345,46.257194],[20.1383586,46.2571856],[20.1383797,46.257215],[20.1383556,46.2572233]]]},"properties":{"voltage":"","name":""}},{"type":"Feature","geometry":{"type":"Polygon","coordinates":[[[20.1547102,46.2719519],[20.1547964,46.2719506],[20.1547953,46.2719154],[20.154709,46.2719167],[20.1547102,46.2719519]]]},"properties":{"voltage":"","name":""}},{"type":"Feature","geometry":{"type":"Polygon","coordinates":[[[20.1671113,46.2609688],[20.1671564,46.2609176],[20.1672053,46.2609382],[20.1671601,46.2609894],[20.1671113,46.2609688]]]},"properties":{"voltage":"","name":""}},{"type":"Feature","geometry":{"type":"Polygon","coordinates":[[[20.1679558,46.26371],[20.1679139,46.2636931],[20.1679297,46.2636744],[20.1679717,46.2636913],[20.1679558,46.26371]]]},"properties":{"voltage":"","name":""}},{"type":"Feature","geometry":{"type":"Polygon","coordinates":[[[20.139099,46.2491656],[20.1390853,46.2491496],[20.1391234,46.2491341],[20.139137,46.2491501],[20.139099,46.2491656]]]},"properties":{"voltage":"","name":""}},{"type":"Feature","geometry":{"type":"Polygon","coordinates":[[[20.161518,46.2745977],[20.1615455,46.274564],[20.1616184,46.2745924],[20.1615909,46.2746262],[20.161518,46.2745977]]]},"properties":{"voltage":"","name":""}},{"type":"Feature","geometry":{"type":"Polygon","coordinates":[[[21.9751427,48.5557655],[21.9780529,48.5564685],[21.9787502,48.5551796],[21.9758454,48.5544944],[21.9756804,48.554774],[21.9754444,48.5547154],[21.9753385,48.5549062],[21.9752553,48.5548867],[21.9750541,48.5552453],[21.9750783,48.5552826],[21.975368,48.5553465],[21.9751427,48.5557655]]]},"properties":{"voltage":"400000;110000","name":"Vojany"}},{"type":"Feature","geometry":{"type":"Polygon","coordinates":[[[21.6544078,48.4051678],[21.6543959,48.4051858],[21.6544442,48.4051998],[21.6544561,48.4051818],[21.6544078,48.4051678]]]},"properties":{"voltage":"","name":""}},{"type":"Feature","geometry":{"type":"Polygon","coordinates":[[[21.6472455,48.3908161],[21.6472398,48.3908296],[21.647281,48.3908373],[21.6472867,48.3908238],[21.6472455,48.3908161]]]},"properties":{"voltage":"","name":""}},{"type":"Feature","geometry":{"type":"Polygon","coordinates":[[[21.6509436,48.3957399],[21.6509375,48.3957529],[21.6509859,48.3957629],[21.650992,48.39575],[21.6509436,48.3957399]]]},"properties":{"voltage":"","name":""}},{"type":"Feature","geometry":{"type":"Polygon","coordinates":[[[21.6544655,48.3905608],[21.6544628,48.3905783],[21.6545037,48.3905811],[21.6545064,48.3905636],[21.6544655,48.3905608]]]},"properties":{"voltage":"","name":""}},{"type":"Feature","geometry":{"type":"Polygon","coordinates":[[[21.6486028,48.4013325],[21.6485735,48.4013358],[21.6485822,48.4013696],[21.6486115,48.4013663],[21.6486028,48.4013325]]]},"properties":{"voltage":"","name":""}},{"type":"Feature","geometry":{"type":"Polygon","coordinates":[[[22.7166428,48.4560168],[22.7166877,48.4559434],[22.7168049,48.4559749],[22.71676,48.4560483],[22.7166428,48.4560168]]]},"properties":{"voltage":"","name":""}},{"type":"Feature","geometry":{"type":"Polygon","coordinates":[[[20.132279,46.2310197],[20.1322907,46.2310346],[20.1322507,46.2310496],[20.132239,46.2310347],[20.132279,46.2310197]]]},"properties":{"voltage":"","name":""}},{"type":"Feature","geometry":{"type":"Polygon","coordinates":[[[20.1698062,46.2603221],[20.1697238,46.2603135],[20.1697314,46.2602792],[20.1698139,46.2602878],[20.1698062,46.2603221]]]},"properties":{"voltage":"","name":""}},{"type":"Feature","geometry":{"type":"Polygon","coordinates":[[[20.1693023,46.266376],[20.1693418,46.2663201],[20.1693889,46.2663361],[20.1693494,46.2663919],[20.1693023,46.266376]]]},"properties":{"voltage":"","name":""}},{"type":"Feature","geometry":{"type":"Polygon","coordinates":[[[20.1702226,46.2624838],[20.170306,46.2624834],[20.1703063,46.2625181],[20.1702229,46.2625185],[20.1702226,46.2624838]]]},"properties":{"voltage":"","name":""}},{"type":"Feature","geometry":{"type":"Polygon","coordinates":[[[20.1481258,46.2687708],[20.1481515,46.268739],[20.1482288,46.2687689],[20.1482031,46.2688006],[20.1481258,46.2687708]]]},"properties":{"voltage":"","name":""}},{"type":"Feature","geometry":{"type":"Polygon","coordinates":[[[20.1466591,46.2458313],[20.146637,46.2458018],[20.1466615,46.245793],[20.1466836,46.2458224],[20.1466591,46.2458313]]]},"properties":{"voltage":"","name":""}},{"type":"Feature","geometry":{"type":"Polygon","coordinates":[[[20.1466933,46.2458767],[20.1466712,46.2458473],[20.1466957,46.2458385],[20.1467178,46.2458679],[20.1466933,46.2458767]]]},"properties":{"voltage":"","name":""}},{"type":"Feature","geometry":{"type":"Polygon","coordinates":[[[20.1471479,46.2760706],[20.1471621,46.276053],[20.1472061,46.2760701],[20.1471918,46.2760877],[20.1471479,46.2760706]]]},"properties":{"voltage":"","name":""}},{"type":"Feature","geometry":{"type":"Polygon","coordinates":[[[20.1513882,46.2763889],[20.1513896,46.2763713],[20.1514351,46.276373],[20.1514338,46.2763906],[20.1513882,46.2763889]]]},"properties":{"voltage":"","name":""}},{"type":"Feature","geometry":{"type":"Polygon","coordinates":[[[20.1639053,46.2744035],[20.1639515,46.2744233],[20.1639679,46.2744051],[20.1639216,46.2743852],[20.1639053,46.2744035]]]},"properties":{"voltage":"","name":""}},{"type":"Feature","geometry":{"type":"Polygon","coordinates":[[[22.7582248,48.481644],[22.7586824,48.4818096],[22.7588566,48.4815981],[22.7589841,48.4814433],[22.7586274,48.4813142],[22.7585264,48.4812777],[22.7582248,48.481644]]]},"properties":{"voltage":"35000","name":""}},{"type":"Feature","geometry":{"type":"Polygon","coordinates":[[[20.1628397,47.7520683],[20.1629318,47.7519474],[20.1623478,47.7517464],[20.1622557,47.7518674],[20.1628397,47.7520683]]]},"properties":{"voltage":"35000","name":""}},{"type":"Feature","geometry":{"type":"Polygon","coordinates":[[[20.4099074,48.5326375],[20.4098316,48.5326548],[20.4094803,48.5327334],[20.4094394,48.5327187],[20.4091229,48.5320979],[20.4093233,48.5320549],[20.4095078,48.532082],[20.4096506,48.5321614],[20.4097666,48.5322653],[20.409949,48.5326286],[20.4099074,48.5326375]]]},"properties":{"voltage":"110000;22000","name":"Elektrick\u00e1 stanica Gemersk\u00e1 H\u00f4rka"}},{"type":"Feature","geometry":{"type":"Polygon","coordinates":[[[20.1649424,46.2660322],[20.165,46.266032],[20.1649999,46.2660124],[20.1649423,46.2660126],[20.1649424,46.2660322]]]},"properties":{"voltage":"11000;400","name":""}},{"type":"Feature","geometry":{"type":"Polygon","coordinates":[[[20.1257139,46.2301676],[20.1256771,46.2300897],[20.1257596,46.230071],[20.1257964,46.230149],[20.1257139,46.2301676]]]},"properties":{"voltage":"","name":""}},{"type":"Feature","geometry":{"type":"Polygon","coordinates":[[[22.7029102,48.4517653],[22.7030357,48.4517205],[22.7030736,48.4517673],[22.7029482,48.4518121],[22.7029102,48.4517653]]]},"properties":{"voltage":"","name":""}},{"type":"Feature","geometry":{"type":"Polygon","coordinates":[[[20.3467103,48.432959],[20.3466955,48.432748],[20.3469894,48.4327389],[20.3470042,48.4329499],[20.3467103,48.432959]]]},"properties":{"voltage":"","name":""}},{"type":"Feature","geometry":{"type":"Polygon","coordinates":[[[20.3470465,48.4329634],[20.3466249,48.4329753],[20.3466086,48.4327184],[20.3466542,48.4327172],[20.3470302,48.4327066],[20.3470465,48.4329634]]]},"properties":{"voltage":"","name":"FVE Torna\u013ea"}},{"type":"Feature","geometry":{"type":"Polygon","coordinates":[[[20.1477463,46.2745053],[20.147774,46.2745157],[20.1477986,46.2744844],[20.1477709,46.274474],[20.1477463,46.2745053]]]},"properties":{"voltage":"","name":""}},{"type":"Feature","geometry":{"type":"Polygon","coordinates":[[[20.149705,46.2748424],[20.1497045,46.2748651],[20.1497528,46.2748656],[20.1497532,46.2748428],[20.149705,46.2748424]]]},"properties":{"voltage":"","name":""}},{"type":"Feature","geometry":{"type":"Polygon","coordinates":[[[20.1448557,46.2752388],[20.1449104,46.2752375],[20.1449073,46.275174],[20.1448526,46.2751753],[20.1448557,46.2752388]]]},"properties":{"voltage":"","name":""}},{"type":"Feature","geometry":{"type":"Polygon","coordinates":[[[20.1473917,47.143646],[20.1473669,47.1436177],[20.1473318,47.1436319],[20.1473565,47.1436602],[20.1473917,47.143646]]]},"properties":{"voltage":"","name":""}},{"type":"Feature","geometry":{"type":"Polygon","coordinates":[[[20.3751415,48.3025208],[20.3752538,48.3025077],[20.3752124,48.3023499],[20.3751001,48.3023629],[20.3751415,48.3025208]]]},"properties":{"voltage":"","name":""}},{"type":"Feature","geometry":{"type":"Polygon","coordinates":[[[21.9586506,48.3093447],[21.9589233,48.3092283],[21.9590005,48.3091924],[21.958877,48.3090572],[21.9591857,48.3089288],[21.9590417,48.3087868],[21.9588615,48.3088741],[21.9587252,48.3087372],[21.9582672,48.308934],[21.9586506,48.3093447]]]},"properties":{"voltage":"22000","name":""}},{"type":"Feature","geometry":{"type":"Polygon","coordinates":[[[20.9963644,48.5942826],[20.9960921,48.5933876],[20.9961587,48.5933729],[20.996285,48.5933566],[20.9962369,48.5932146],[20.9960438,48.593235],[20.995781,48.5925237],[20.9975542,48.5923092],[20.9984759,48.5922008],[20.9987864,48.5933246],[20.9989634,48.593965],[20.9963644,48.5942826]]]},"properties":{"voltage":"110000;22000","name":"Elektrick\u00e1 stanica Budulov"}},{"type":"Feature","geometry":{"type":"Polygon","coordinates":[[[22.2335165,48.593642],[22.2335768,48.5936089],[22.2335469,48.5935851],[22.2334866,48.5936182],[22.2335165,48.593642]]]},"properties":{"voltage":"","name":"\u0421\u041a\u0417"}},{"type":"Feature","geometry":{"type":"Polygon","coordinates":[[[21.9858522,48.4314278],[21.9862247,48.4315775],[21.9865513,48.4312197],[21.9861788,48.43107],[21.9858522,48.4314278]]]},"properties":{"voltage":"","name":""}},{"type":"Feature","geometry":{"type":"Polygon","coordinates":[[[22.0633939,48.5311355],[22.0633777,48.5307968],[22.0646029,48.530771],[22.0646191,48.5311099],[22.0633939,48.5311355]]]},"properties":{"voltage":"110000","name":"EUSTREAM Ve\u013ek\u00e9 Kapu\u0161any"}},{"type":"Feature","geometry":{"type":"Polygon","coordinates":[[[22.7054023,48.4520134],[22.7054491,48.4519298],[22.7055223,48.4519487],[22.7054755,48.4520309],[22.7054023,48.4520134]]]},"properties":{"voltage":"","name":""}},{"type":"Feature","geometry":{"type":"Polygon","coordinates":[[[22.0233577,48.5606338],[22.0226115,48.5607584],[22.0228574,48.5614036],[22.0236036,48.561279],[22.0233577,48.5606338]]]},"properties":{"voltage":"110000","name":"\u017dSR Vojany"}},{"type":"Feature","geometry":{"type":"Polygon","coordinates":[[[22.2617344,48.5970185],[22.2606382,48.5977862],[22.260642,48.5978288],[22.2613058,48.5982252],[22.261393,48.5982327],[22.2623755,48.5975478],[22.2623717,48.5974901],[22.2618292,48.597011],[22.2617344,48.5970185]]]},"properties":{"voltage":"35000","name":""}},{"type":"Feature","geometry":{"type":"Polygon","coordinates":[[[22.7121804,48.4500488],[22.7122855,48.4500737],[22.7123588,48.4499378],[22.7122997,48.4499238],[22.7122511,48.450014],[22.7122051,48.4500031],[22.7121804,48.4500488]]]},"properties":{"voltage":"","name":"\u0422\u041f-31"}},{"type":"Feature","geometry":{"type":"Polygon","coordinates":[[[20.3118029,48.404568],[20.3131065,48.4045715],[20.3130957,48.4051093],[20.311811,48.4050559],[20.3118029,48.404568]]]},"properties":{"voltage":"","name":"Torna\u013ea"}},{"type":"Feature","geometry":{"type":"Polygon","coordinates":[[[21.9854753,48.4313529],[21.9864629,48.4317792],[21.987083,48.4310664],[21.9867704,48.4309355],[21.9861451,48.4306739],[21.9859202,48.4309019],[21.9854753,48.4313529]]]},"properties":{"voltage":"110000;22000","name":"Elektrick\u00e1 stanica Kr\u00e1\u013eovsk\u00fd Chlmec"}},{"type":"Feature","geometry":{"type":"Polygon","coordinates":[[[20.1697754,46.2643916],[20.1698146,46.2644057],[20.1698269,46.2643894],[20.1697877,46.2643753],[20.1697754,46.2643916]]]},"properties":{"voltage":"","name":""}},{"type":"Feature","geometry":{"type":"Polygon","coordinates":[[[20.1436676,46.2664396],[20.1436915,46.2664256],[20.1436532,46.2663946],[20.1436294,46.2664086],[20.1436676,46.2664396]]]},"properties":{"voltage":"","name":""}},{"type":"Feature","geometry":{"type":"Polygon","coordinates":[[[20.1378471,46.2667214],[20.1378926,46.2666979],[20.1378739,46.2666806],[20.1378283,46.266704],[20.1378471,46.2667214]]]},"properties":{"voltage":"","name":""}},{"type":"Feature","geometry":{"type":"Polygon","coordinates":[[[20.0590513,47.2970714],[20.06021,47.2974584],[20.0604969,47.2970814],[20.060352,47.2970301],[20.0600698,47.2969302],[20.0598183,47.2968399],[20.0597703,47.2968241],[20.0593445,47.2966733],[20.0590513,47.2970714]]]},"properties":{"voltage":"25000","name":"\u00dajsz\u00e1sz M\u00c1V al\u00e1llom\u00e1s"}},{"type":"Feature","geometry":{"type":"Polygon","coordinates":[[[20.1813356,46.2425838],[20.1813501,46.2425997],[20.1813943,46.2425805],[20.1813798,46.2425645],[20.1813356,46.2425838]]]},"properties":{"voltage":"","name":""}},{"type":"Feature","geometry":{"type":"Polygon","coordinates":[[[20.1610223,46.2716153],[20.1610147,46.2715935],[20.1610674,46.2715848],[20.161075,46.2716067],[20.1610223,46.2716153]]]},"properties":{"voltage":"","name":""}},{"type":"Feature","geometry":{"type":"Polygon","coordinates":[[[20.1627049,46.2710436],[20.1626934,46.2710103],[20.1627215,46.2710057],[20.162733,46.271039],[20.1627049,46.2710436]]]},"properties":{"voltage":"","name":""}},{"type":"Feature","geometry":{"type":"Polygon","coordinates":[[[21.5793433,48.3056741],[21.5795232,48.3055887],[21.579645,48.3057023],[21.5794651,48.3057876],[21.5793433,48.3056741]]]},"properties":{"voltage":"","name":""}},{"type":"Feature","geometry":{"type":"Polygon","coordinates":[[[21.2307974,48.5480758],[21.2308235,48.5480784],[21.2308268,48.5480641],[21.2308007,48.5480614],[21.2307974,48.5480758]]]},"properties":{"voltage":"","name":"VNR"}},{"type":"Feature","geometry":{"type":"Polygon","coordinates":[[[20.1633524,46.2671865],[20.1634079,46.2671839],[20.1634056,46.2671602],[20.1633501,46.2671628],[20.1633524,46.2671865]]]},"properties":{"voltage":"","name":""}},{"type":"Feature","geometry":{"type":"Polygon","coordinates":[[[20.1472009,46.2714814],[20.1472836,46.2714783],[20.1472808,46.271442],[20.1471981,46.2714451],[20.1472009,46.2714814]]]},"properties":{"voltage":"","name":""}},{"type":"Feature","geometry":{"type":"Polygon","coordinates":[[[22.0236836,48.5609249],[22.0236095,48.5607026],[22.0240273,48.5606416],[22.0240841,48.560812],[22.0237604,48.5608593],[22.0237777,48.5609111],[22.0236836,48.5609249]]]},"properties":{"voltage":"","name":""}},{"type":"Feature","geometry":{"type":"Polygon","coordinates":[[[20.149078,46.2664332],[20.1491236,46.2663808],[20.1490819,46.2663634],[20.1490363,46.2664158],[20.149078,46.2664332]]]},"properties":{"voltage":"","name":""}},{"type":"Feature","geometry":{"type":"Polygon","coordinates":[[[21.6279769,48.5190064],[21.6280672,48.5190398],[21.6281026,48.5189978],[21.6280283,48.5189703],[21.6280123,48.5189644],[21.6279769,48.5190064]]]},"properties":{"voltage":"","name":""}},{"type":"Feature","geometry":{"type":"Polygon","coordinates":[[[20.131599,46.2683353],[20.1316607,46.2683766],[20.1316967,46.2683509],[20.131635,46.2683096],[20.131599,46.2683353]]]},"properties":{"voltage":"","name":""}},{"type":"Feature","geometry":{"type":"Polygon","coordinates":[[[20.1664005,46.2669064],[20.1663978,46.2668823],[20.1663422,46.2668853],[20.1663449,46.2669095],[20.1664005,46.2669064]]]},"properties":{"voltage":"","name":""}},{"type":"Feature","geometry":{"type":"Polygon","coordinates":[[[20.1333276,46.2640148],[20.1333203,46.2640042],[20.1333166,46.2639988],[20.1333613,46.2639842],[20.133365,46.2639895],[20.1333723,46.2640001],[20.1333276,46.2640148]]]},"properties":{"voltage":"","name":""}},{"type":"Feature","geometry":{"type":"Polygon","coordinates":[[[20.0984895,46.286135],[20.0985602,46.2861627],[20.0996093,46.2865743],[20.0989911,46.2873434],[20.0978659,46.2868986],[20.0984895,46.286135]]]},"properties":{"voltage":"","name":""}},{"type":"Feature","geometry":{"type":"Polygon","coordinates":[[[20.158236,46.2658661],[20.1582924,46.2658654],[20.1582924,46.2658436],[20.1582355,46.2658436],[20.158236,46.2658661]]]},"properties":{"voltage":"","name":""}},{"type":"Feature","geometry":{"type":"Polygon","coordinates":[[[20.155865,47.2286006],[20.1567501,47.2285947],[20.1567441,47.2281781],[20.1565608,47.2281793],[20.156558,47.2279834],[20.1558562,47.227988],[20.155865,47.2286006]]]},"properties":{"voltage":"132000;22000","name":""}},{"type":"Feature","geometry":{"type":"Polygon","coordinates":[[[20.124962,47.3285465],[20.1244865,47.3280116],[20.1253698,47.3276579],[20.1256997,47.3280365],[20.1254935,47.3281177],[20.1252173,47.3282265],[20.1253551,47.3283908],[20.125283,47.3284194],[20.124962,47.3285465]]]},"properties":{"voltage":"","name":""}},{"type":"Feature","geometry":{"type":"Polygon","coordinates":[[[20.4152037,48.3035673],[20.4151929,48.3031409],[20.4151858,48.3028631],[20.415885,48.3028527],[20.4158827,48.3031261],[20.4164054,48.3031157],[20.4164211,48.3035525],[20.4152037,48.3035673]]]},"properties":{"voltage":"","name":""}},{"type":"Feature","geometry":{"type":"Polygon","coordinates":[[[21.2488917,48.5367025],[21.2488843,48.5366908],[21.2489196,48.5366811],[21.2489269,48.5366928],[21.2488917,48.5367025]]]},"properties":{"voltage":"","name":""}},{"type":"Feature","geometry":{"type":"Polygon","coordinates":[[[20.0906369,47.7617159],[20.0903351,47.761006],[20.0901377,47.7605416],[20.0908053,47.7604197],[20.0908934,47.7606338],[20.0909951,47.760881],[20.0912008,47.761381],[20.0912882,47.7615935],[20.0906369,47.7617159]]]},"properties":{"voltage":"","name":""}},{"type":"Feature","geometry":{"type":"Polygon","coordinates":[[[21.701635,48.3146104],[21.7016924,48.3142009],[21.7028064,48.3142664],[21.7027496,48.3146852],[21.7027127,48.3149572],[21.701924,48.3149059],[21.7019615,48.3146319],[21.701635,48.3146104]]]},"properties":{"voltage":"132000","name":""}},{"type":"Feature","geometry":{"type":"Polygon","coordinates":[[[20.1937059,47.178948],[20.1937814,47.1789201],[20.1937405,47.178869],[20.193665,47.1788969],[20.1937059,47.178948]]]},"properties":{"voltage":"","name":""}},{"type":"Feature","geometry":{"type":"Polygon","coordinates":[[[20.1490533,46.2770262],[20.1490538,46.2770007],[20.1491054,46.2770012],[20.1491049,46.2770266],[20.1490533,46.2770262]]]},"properties":{"voltage":"","name":""}},{"type":"Feature","geometry":{"type":"MultiLineString","coordinates":[[[21.7017383,48.3941375],[21.7015467,48.3939273],[21.7016529,48.3935227]],[[21.7016529,48.3935227],[21.7016922,48.3934151],[21.7029076,48.3935359],[21.7032933,48.3937002],[21.7032307,48.393907]],[[21.7032307,48.393907],[21.7031142,48.3942911],[21.7017383,48.3941375]]]},"properties":{"voltage":"110000","name":"\u017dSR Bor\u0161a"}},{"type":"Feature","geometry":{"type":"MultiLineString","coordinates":[[[20.1571088,46.2689588],[20.1566239,46.2689485],[20.1566291,46.2684623],[20.1570695,46.268469],[20.1571829,46.2684713],[20.1571814,46.2685082]],[[20.1571088,46.2689588],[20.1572102,46.2689604],[20.1572158,46.2687901],[20.1571721,46.2687895],[20.1571814,46.2685082]]]},"properties":{"voltage":"132000","name":"Szeged \u00c9szak al\u00e1llom\u00e1s"}},{"type":"Feature","geometry":{"type":"MultiLineString","coordinates":[[[20.0337331,46.0480636],[20.0334185,46.0484396],[20.0345106,46.0489133]],[[20.0346626,46.0487329],[20.0348422,46.0485351],[20.0337331,46.0480636]],[[20.0345106,46.0489133],[20.0346626,46.0487329]]]},"properties":{"voltage":"110000;20000","name":"\u041a\u0430\u045a\u0438\u0436\u0430"}},{"type":"Feature","geometry":{"type":"MultiLineString","coordinates":[[[22.1763473,48.4408413],[22.1753526,48.4407705],[22.1754213,48.4403332]],[[22.1754213,48.4403332],[22.1763044,48.4404214],[22.1763473,48.4408413]]]},"properties":{"voltage":"110000","name":""}},{"type":"Feature","geometry":{"type":"MultiLineString","coordinates":[[[22.7056356,48.4241484],[22.7053586,48.4243081],[22.7053784,48.42434],[22.7044179,48.4251953]],[[22.7059077,48.4239997],[22.7056356,48.4241484]],[[22.7060922,48.4239632],[22.7059265,48.4239562],[22.7059077,48.4239997]],[[22.7062119,48.4240087],[22.7060969,48.423982],[22.7060922,48.4239632]],[[22.7067608,48.4246913],[22.7067326,48.4245507],[22.7062119,48.4240087]],[[22.7068106,48.4248405],[22.7067608,48.4246913]],[[22.7066748,48.4248474],[22.706679,48.4248598],[22.7068106,48.4248405]],[[22.7044179,48.4251953],[22.7044412,48.4252202],[22.7044675,48.4252484],[22.7051053,48.4250593],[22.7055055,48.4249868],[22.7063956,48.4248903],[22.7064175,48.4248631],[22.7066748,48.4248474]]]},"properties":{"voltage":"110000;35000;6000","name":"\u041c\u0443\u043a\u0430\u0447\u0435\u0432\u043e-1"}},{"type":"Feature","geometry":{"type":"MultiLineString","coordinates":[[[21.6714157,48.5748842],[21.6714347,48.5749623],[21.6716911,48.5749351],[21.67183,48.5755088],[21.6715072,48.575543]],[[21.6715072,48.575543],[21.6714967,48.5754998],[21.6713662,48.5755136],[21.6712188,48.574905],[21.6714157,48.5748842]]]},"properties":{"voltage":"","name":""}},{"type":"Feature","geometry":{"type":"Point","coordinates":[16.8818556,48.5627863]},"properties":{"voltage":"","name":""}},{"type":"Feature","geometry":{"type":"Point","coordinates":[16.7387012,48.3867988]},"properties":{"voltage":"","name":""}},{"type":"Feature","geometry":{"type":"Point","coordinates":[16.7287916,48.3500534]},"properties":{"voltage":"","name":""}},{"type":"Feature","geometry":{"type":"Point","coordinates":[16.7175629,48.3549296]},"properties":{"voltage":"","name":""}},{"type":"Feature","geometry":{"type":"Point","coordinates":[16.5809878,48.3113789]},"properties":{"voltage":"","name":""}},{"type":"Feature","geometry":{"type":"Point","coordinates":[16.5113894,48.411792]},"properties":{"voltage":"","name":""}},{"type":"Feature","geometry":{"type":"Point","coordinates":[16.4073817,48.3494465]},"properties":{"voltage":"","name":""}},{"type":"Feature","geometry":{"type":"Point","coordinates":[16.4711076,48.4176868]},"properties":{"voltage":"","name":"TST Schleinbach Kirche"}},{"type":"Feature","geometry":{"type":"Point","coordinates":[16.4904117,48.420497]},"properties":{"voltage":"","name":""}},{"type":"Feature","geometry":{"type":"Point","coordinates":[16.5317963,48.364158]},"properties":{"voltage":"","name":""}},{"type":"Feature","geometry":{"type":"Point","coordinates":[16.4918093,48.3299009]},"properties":{"voltage":"","name":""}},{"type":"Feature","geometry":{"type":"Point","coordinates":[16.3830026,48.3666028]},"properties":{"voltage":"","name":""}},{"type":"Feature","geometry":{"type":"Point","coordinates":[16.4748343,48.344765]},"properties":{"voltage":"","name":""}},{"type":"Feature","geometry":{"type":"Point","coordinates":[16.4125048,48.3508072]},"properties":{"voltage":"","name":""}},{"type":"Feature","geometry":{"type":"Point","coordinates":[16.4723592,48.4218436]},"properties":{"voltage":"","name":""}},{"type":"Feature","geometry":{"type":"Point","coordinates":[16.4036276,48.4570618]},"properties":{"voltage":"","name":"TST Weinsteig 1"}},{"type":"Feature","geometry":{"type":"Point","coordinates":[16.4633309,48.4819276]},"properties":{"voltage":"","name":""}},{"type":"Feature","geometry":{"type":"Point","coordinates":[16.4868996,48.4275078]},"properties":{"voltage":"","name":""}},{"type":"Feature","geometry":{"type":"Point","coordinates":[16.5124765,48.3801841]},"properties":{"voltage":"","name":""}},{"type":"Feature","geometry":{"type":"Point","coordinates":[16.4742812,48.3841648]},"properties":{"voltage":"","name":"TST M\u00fcnichsthal Hauptstra\u00dfe"}},{"type":"Feature","geometry":{"type":"Point","coordinates":[16.4620943,48.3915728]},"properties":{"voltage":"","name":""}},{"type":"Feature","geometry":{"type":"Point","coordinates":[16.4407922,48.3980613]},"properties":{"voltage":"","name":""}},{"type":"Feature","geometry":{"type":"Point","coordinates":[16.3799413,48.2909849]},"properties":{"voltage":"","name":""}},{"type":"Feature","geometry":{"type":"Point","coordinates":[16.5246702,48.3745714]},"properties":{"voltage":"","name":""}},{"type":"Feature","geometry":{"type":"Point","coordinates":[16.3501977,48.3430184]},"properties":{"voltage":"","name":""}},{"type":"Feature","geometry":{"type":"Point","coordinates":[16.494313,48.4177545]},"properties":{"voltage":"","name":""}},{"type":"Feature","geometry":{"type":"Point","coordinates":[16.4919986,48.4196368]},"properties":{"voltage":"","name":""}},{"type":"Feature","geometry":{"type":"Point","coordinates":[16.5102214,48.388473]},"properties":{"voltage":"","name":""}},{"type":"Feature","geometry":{"type":"Point","coordinates":[16.630591,48.3718881]},"properties":{"voltage":"","name":""}},{"type":"Feature","geometry":{"type":"Point","coordinates":[16.6123166,48.3605921]},"properties":{"voltage":"","name":""}},{"type":"Feature","geometry":{"type":"Point","coordinates":[16.4307105,48.3858095]},"properties":{"voltage":"","name":"TST Manhartsbrunn Mittelstra\u00dfe"}},{"type":"Feature","geometry":{"type":"Point","coordinates":[16.4264959,48.387397]},"properties":{"voltage":"","name":"TST Manhartsbrunn Seebarnerstra\u00dfe"}},{"type":"Feature","geometry":{"type":"Point","coordinates":[16.3888635,48.3790786]},"properties":{"voltage":"","name":""}},{"type":"Feature","geometry":{"type":"Point","coordinates":[16.3638464,48.3363176]},"properties":{"voltage":"","name":""}},{"type":"Feature","geometry":{"type":"Point","coordinates":[16.419664,48.2951477]},"properties":{"voltage":"","name":""}},{"type":"Feature","geometry":{"type":"Point","coordinates":[16.4443516,48.3233413]},"properties":{"voltage":"","name":""}},{"type":"Feature","geometry":{"type":"Point","coordinates":[16.465262,48.3385218]},"properties":{"voltage":"","name":""}},{"type":"Feature","geometry":{"type":"Point","coordinates":[16.3693351,48.3892765]},"properties":{"voltage":"","name":""}},{"type":"Feature","geometry":{"type":"Point","coordinates":[16.5458604,48.3622236]},"properties":{"voltage":"","name":""}},{"type":"Feature","geometry":{"type":"Point","coordinates":[16.4106292,48.340006]},"properties":{"voltage":"","name":""}},{"type":"Feature","geometry":{"type":"Point","coordinates":[16.5084072,48.3787111]},"properties":{"voltage":"","name":""}},{"type":"Feature","geometry":{"type":"Point","coordinates":[16.5101417,48.3818174]},"properties":{"voltage":"","name":""}},{"type":"Feature","geometry":{"type":"Point","coordinates":[16.4991231,48.3153889]},"properties":{"voltage":"","name":""}},{"type":"Feature","geometry":{"type":"Point","coordinates":[16.4933991,48.4013731]},"properties":{"voltage":"","name":""}},{"type":"Feature","geometry":{"type":"Point","coordinates":[16.2875831,48.0885892]},"properties":{"voltage":"","name":""}},{"type":"Feature","geometry":{"type":"Point","coordinates":[16.4917209,48.4077278]},"properties":{"voltage":"","name":""}},{"type":"Feature","geometry":{"type":"Point","coordinates":[16.3702367,48.3457542]},"properties":{"voltage":"","name":""}},{"type":"Feature","geometry":{"type":"Point","coordinates":[16.4681998,48.3601653]},"properties":{"voltage":"","name":"TST Seyringer Weg"}},{"type":"Feature","geometry":{"type":"Point","coordinates":[16.5239243,48.3678349]},"properties":{"voltage":"","name":"TST Obersdorf Kellergasse"}},{"type":"Feature","geometry":{"type":"Point","coordinates":[16.5217622,48.377382]},"properties":{"voltage":"","name":""}},{"type":"Feature","geometry":{"type":"Point","coordinates":[16.4825467,48.3612657]},"properties":{"voltage":"","name":""}},{"type":"Feature","geometry":{"type":"Point","coordinates":[16.3747853,48.3662326]},"properties":{"voltage":"","name":"TST Stetten 1"}},{"type":"Feature","geometry":{"type":"Point","coordinates":[16.4966501,48.3473371]},"properties":{"voltage":"","name":""}},{"type":"Feature","geometry":{"type":"Point","coordinates":[16.4931154,48.3460912]},"properties":{"voltage":"","name":"TST Eibesbrunn S1 Ost T9"}},{"type":"Feature","geometry":{"type":"Point","coordinates":[16.510881,48.3668009]},"properties":{"voltage":"","name":""}},{"type":"Feature","geometry":{"type":"Point","coordinates":[16.5032278,48.3685982]},"properties":{"voltage":"","name":"TST Eco Plus S\u00fcd"}},{"type":"Feature","geometry":{"type":"Point","coordinates":[16.4285977,48.3900927]},"properties":{"voltage":"","name":"TST Manhartsbrunn Sender"}},{"type":"Feature","geometry":{"type":"Point","coordinates":[16.3741361,48.3478798]},"properties":{"voltage":"","name":""}},{"type":"Feature","geometry":{"type":"Point","coordinates":[16.5153285,48.4193777]},"properties":{"voltage":"","name":"TST Kronberg Gemeinde"}},{"type":"Feature","geometry":{"type":"Point","coordinates":[16.4130013,48.2331389]},"properties":{"voltage":"","name":""}},{"type":"Feature","geometry":{"type":"Point","coordinates":[16.3664974,48.3635924]},"properties":{"voltage":"","name":""}},{"type":"Feature","geometry":{"type":"Point","coordinates":[16.3273612,48.3560178]},"properties":{"voltage":"","name":"TST Korneuburg Karl-Bodingbauer-Stra\u00dfe"}},{"type":"Feature","geometry":{"type":"Point","coordinates":[16.4015724,48.3972803]},"properties":{"voltage":"","name":"TST Kleinr\u00f6tz West"}},{"type":"Feature","geometry":{"type":"Point","coordinates":[16.4814977,48.2876321]},"properties":{"voltage":"","name":""}},{"type":"Feature","geometry":{"type":"Point","coordinates":[16.3533556,48.319334]},"properties":{"voltage":"","name":""}},{"type":"Feature","geometry":{"type":"Point","coordinates":[16.3450695,48.3422291]},"properties":{"voltage":"","name":""}},{"type":"Feature","geometry":{"type":"Point","coordinates":[16.4604278,48.3379613]},"properties":{"voltage":"","name":""}},{"type":"Feature","geometry":{"type":"Point","coordinates":[16.4619374,48.3617209]},"properties":{"voltage":"","name":""}},{"type":"Feature","geometry":{"type":"Point","coordinates":[16.3303649,48.3424505]},"properties":{"voltage":"","name":"TST Korneuburg Bahnpark"}},{"type":"Feature","geometry":{"type":"Point","coordinates":[16.3089359,48.3602728]},"properties":{"voltage":"","name":""}},{"type":"Feature","geometry":{"type":"Point","coordinates":[16.3390573,48.3513343]},"properties":{"voltage":"","name":""}},{"type":"Feature","geometry":{"type":"Point","coordinates":[16.3232994,48.3569757]},"properties":{"voltage":"","name":""}},{"type":"Feature","geometry":{"type":"Point","coordinates":[16.9058335,48.281612]},"properties":{"voltage":"","name":""}},{"type":"Feature","geometry":{"type":"Point","coordinates":[16.6022379,48.5013671]},"properties":{"voltage":"","name":""}},{"type":"Feature","geometry":{"type":"Point","coordinates":[16.4956372,48.3954092]},"properties":{"voltage":"","name":"TST Ulrichskirchen Parksiedlung"}},{"type":"Feature","geometry":{"type":"Point","coordinates":[16.3304649,48.355576]},"properties":{"voltage":"","name":"TST Korneuburg Frauental"}},{"type":"Feature","geometry":{"type":"Point","coordinates":[16.3311451,48.3540883]},"properties":{"voltage":"","name":""}},{"type":"Feature","geometry":{"type":"Point","coordinates":[16.3980667,48.3390199]},"properties":{"voltage":"","name":""}},{"type":"Feature","geometry":{"type":"Point","coordinates":[16.5087509,48.3810984]},"properties":{"voltage":"","name":""}},{"type":"Feature","geometry":{"type":"Point","coordinates":[16.4524879,48.2656294]},"properties":{"voltage":"","name":""}},{"type":"Feature","geometry":{"type":"Point","coordinates":[16.4006282,48.3235369]},"properties":{"voltage":"","name":""}},{"type":"Feature","geometry":{"type":"Point","coordinates":[16.6065478,48.4473055]},"properties":{"voltage":"","name":""}},{"type":"Feature","geometry":{"type":"Point","coordinates":[16.75996,48.4678026]},"properties":{"voltage":"","name":""}},{"type":"Feature","geometry":{"type":"Point","coordinates":[17.0213601,48.2015063]},"properties":{"voltage":"","name":""}},{"type":"Feature","geometry":{"type":"Point","coordinates":[16.2913897,48.1440465]},"properties":{"voltage":"","name":""}},{"type":"Feature","geometry":{"type":"Point","coordinates":[17.0394772,48.1972682]},"properties":{"voltage":"","name":""}},{"type":"Feature","geometry":{"type":"Point","coordinates":[16.3053841,48.0966102]},"properties":{"voltage":"","name":""}},{"type":"Feature","geometry":{"type":"Point","coordinates":[16.2764906,48.0838021]},"properties":{"voltage":"","name":""}},{"type":"Feature","geometry":{"type":"Point","coordinates":[16.4793953,48.4179546]},"properties":{"voltage":"","name":""}},{"type":"Feature","geometry":{"type":"Point","coordinates":[17.7102711,48.4350333]},"properties":{"voltage":"","name":""}},{"type":"Feature","geometry":{"type":"Point","coordinates":[17.7056148,48.4392969]},"properties":{"voltage":"","name":""}},{"type":"Feature","geometry":{"type":"Point","coordinates":[16.4549553,48.3694352]},"properties":{"voltage":"","name":""}},{"type":"Feature","geometry":{"type":"Point","coordinates":[16.2853456,48.2285224]},"properties":{"voltage":"","name":""}},{"type":"Feature","geometry":{"type":"Point","coordinates":[16.4973364,48.361446]},"properties":{"voltage":"","name":""}},{"type":"Feature","geometry":{"type":"Point","coordinates":[16.4796705,48.1641385]},"properties":{"voltage":"","name":""}},{"type":"Feature","geometry":{"type":"Point","coordinates":[16.4913013,48.2677142]},"properties":{"voltage":"","name":""}},{"type":"Feature","geometry":{"type":"Point","coordinates":[16.5021221,48.2683699]},"properties":{"voltage":"","name":""}},{"type":"Feature","geometry":{"type":"Point","coordinates":[16.5152517,48.3296865]},"properties":{"voltage":"","name":""}},{"type":"Feature","geometry":{"type":"Point","coordinates":[16.5063128,48.338891]},"properties":{"voltage":"","name":""}},{"type":"Feature","geometry":{"type":"Point","coordinates":[16.5160474,48.3248566]},"properties":{"voltage":"","name":"TST Kapellerfeld S1 Ost T7"}},{"type":"Feature","geometry":{"type":"Point","coordinates":[16.5036659,48.3910726]},"properties":{"voltage":"","name":""}},{"type":"Feature","geometry":{"type":"Point","coordinates":[16.5414886,48.4162136]},"properties":{"voltage":"","name":""}},{"type":"Feature","geometry":{"type":"Point","coordinates":[16.2154172,48.4533251]},"properties":{"voltage":"","name":"TST Senning 2"}},{"type":"Feature","geometry":{"type":"Point","coordinates":[16.2173404,48.4286313]},"properties":{"voltage":"","name":"TST Hatzenbach"}},{"type":"Feature","geometry":{"type":"Point","coordinates":[16.1802405,48.3905561]},"properties":{"voltage":"","name":"Stockerau P.-MAX"}},{"type":"Feature","geometry":{"type":"Point","coordinates":[17.0508506,48.1982488]},"properties":{"voltage":"","name":""}},{"type":"Feature","geometry":{"type":"Point","coordinates":[16.2198378,48.2162529]},"properties":{"voltage":"","name":""}},{"type":"Feature","geometry":{"type":"Point","coordinates":[16.2035305,48.3804559]},"properties":{"voltage":"","name":""}},{"type":"Feature","geometry":{"type":"Point","coordinates":[16.2382335,48.3512821]},"properties":{"voltage":"","name":"TST Greifenstein Jarosch"}},{"type":"Feature","geometry":{"type":"Point","coordinates":[16.4053398,48.3340947]},"properties":{"voltage":"","name":""}},{"type":"Feature","geometry":{"type":"Point","coordinates":[16.2261579,48.3916477]},"properties":{"voltage":"","name":"TST Stockerau Adlerstra\u00dfe"}},{"type":"Feature","geometry":{"type":"Point","coordinates":[16.2664227,48.3811048]},"properties":{"voltage":"","name":"TST Spillern Marienhof"}},{"type":"Feature","geometry":{"type":"Point","coordinates":[16.3204641,48.3538107]},"properties":{"voltage":"","name":"TST Korneuburg Stockerauerstra\u00dfe Gymnasium"}},{"type":"Feature","geometry":{"type":"Point","coordinates":[18.4074883,48.4316848]},"properties":{"voltage":"","name":""}},{"type":"Feature","geometry":{"type":"Point","coordinates":[17.8961829,48.3732454]},"properties":{"voltage":"","name":""}},{"type":"Feature","geometry":{"type":"Point","coordinates":[16.4191944,48.2456208]},"properties":{"voltage":"","name":""}},{"type":"Feature","geometry":{"type":"Point","coordinates":[16.3219506,48.3466938]},"properties":{"voltage":"","name":""}},{"type":"Feature","geometry":{"type":"Point","coordinates":[16.452892,48.3641403]},"properties":{"voltage":"","name":""}},{"type":"Feature","geometry":{"type":"Point","coordinates":[16.4648613,48.3605475]},"properties":{"voltage":"","name":""}},{"type":"Feature","geometry":{"type":"Point","coordinates":[16.3025223,48.3919962]},"properties":{"voltage":"","name":"Oberrohrbach Leobendorferstra\u00dfe"}},{"type":"Feature","geometry":{"type":"Point","coordinates":[16.6231394,48.3710407]},"properties":{"voltage":"","name":"Trafo Bo 202"}},{"type":"Feature","geometry":{"type":"Point","coordinates":[16.4749316,48.3054435]},"properties":{"voltage":"","name":""}},{"type":"Feature","geometry":{"type":"Point","coordinates":[16.5149805,48.3156339]},"properties":{"voltage":"","name":""}},{"type":"Feature","geometry":{"type":"Point","coordinates":[16.2050015,48.3232726]},"properties":{"voltage":"","name":"TST St.Andr\u00e4 Friedhof"}},{"type":"Feature","geometry":{"type":"Point","coordinates":[16.1985284,48.3206503]},"properties":{"voltage":"","name":"TST St.Andr\u00e4 Siedlung"}},{"type":"Feature","geometry":{"type":"Point","coordinates":[16.4057322,48.3322591]},"properties":{"voltage":"","name":""}},{"type":"Feature","geometry":{"type":"Point","coordinates":[16.2309061,48.3404757]},"properties":{"voltage":"","name":"TST Altenberg 1"}},{"type":"Feature","geometry":{"type":"Point","coordinates":[16.2291459,48.3382556]},"properties":{"voltage":"","name":"TST Altenberg 2"}},{"type":"Feature","geometry":{"type":"Point","coordinates":[16.205075,48.3255507]},"properties":{"voltage":"","name":"TST St.Andr\u00e4 Grasweg"}},{"type":"Feature","geometry":{"type":"Point","coordinates":[16.213011,48.3331869]},"properties":{"voltage":"","name":"TST W\u00f6rdern Korngasse"}},{"type":"Feature","geometry":{"type":"Point","coordinates":[16.2140945,48.3258285]},"properties":{"voltage":"","name":"TST W\u00f6rdern Webergasse"}},{"type":"Feature","geometry":{"type":"Point","coordinates":[16.2052756,48.3318541]},"properties":{"voltage":"","name":"TST W\u00f6rdern-Aufhof"}},{"type":"Feature","geometry":{"type":"Point","coordinates":[16.6612236,48.3228953]},"properties":{"voltage":"","name":"TST Silberwald Lindengasse"}},{"type":"Feature","geometry":{"type":"Point","coordinates":[16.4481303,48.3328557]},"properties":{"voltage":"","name":""}},{"type":"Feature","geometry":{"type":"Point","coordinates":[16.2155884,48.3310405]},"properties":{"voltage":"","name":"TST W\u00f6rdern Dr. Kleinstra\u00dfe"}},{"type":"Feature","geometry":{"type":"Point","coordinates":[17.2725578,48.1630045]},"properties":{"voltage":"","name":""}},{"type":"Feature","geometry":{"type":"Point","coordinates":[16.2203156,48.325976]},"properties":{"voltage":"","name":"TST W\u00f6rdern Waldgasse"}},{"type":"Feature","geometry":{"type":"Point","coordinates":[20.0023547,48.380273]},"properties":{"voltage":"","name":"t567"}},{"type":"Feature","geometry":{"type":"Point","coordinates":[20.0039191,48.381172]},"properties":{"voltage":"","name":"T555"}},{"type":"Feature","geometry":{"type":"Point","coordinates":[17.2738272,48.167624]},"properties":{"voltage":"","name":""}},{"type":"Feature","geometry":{"type":"Point","coordinates":[16.2104954,48.3351127]},"properties":{"voltage":"","name":"TST W\u00f6rdern Bahnsiedlung"}},{"type":"Feature","geometry":{"type":"Point","coordinates":[16.2002479,48.331751]},"properties":{"voltage":"","name":"TST W\u00f6rdern Barth"}},{"type":"Feature","geometry":{"type":"Point","coordinates":[16.1995958,48.5252683]},"properties":{"voltage":"","name":""}},{"type":"Feature","geometry":{"type":"Point","coordinates":[21.6342759,48.4067442]},"properties":{"voltage":"","name":""}},{"type":"Feature","geometry":{"type":"Point","coordinates":[16.4499509,48.2778249]},"properties":{"voltage":"","name":""}},{"type":"Feature","geometry":{"type":"Point","coordinates":[16.4099564,48.2585612]},"properties":{"voltage":"","name":""}},{"type":"Feature","geometry":{"type":"Point","coordinates":[17.1019028,48.1171169]},"properties":{"voltage":"","name":"TS-811"}},{"type":"Feature","geometry":{"type":"Point","coordinates":[17.1020637,48.1170506]},"properties":{"voltage":"","name":"TS-812"}},{"type":"Feature","geometry":{"type":"Point","coordinates":[16.2102287,48.3267275]},"properties":{"voltage":"","name":"TST W\u00f6rdern-Hauptstra\u00dfe"}},{"type":"Feature","geometry":{"type":"Point","coordinates":[17.1725711,48.1580275]},"properties":{"voltage":"","name":""}},{"type":"Feature","geometry":{"type":"Point","coordinates":[16.3494243,48.2750073]},"properties":{"voltage":"","name":""}},{"type":"Feature","geometry":{"type":"Point","coordinates":[18.49098,48.4748239]},"properties":{"voltage":"","name":"TS 0024-004"}},{"type":"Feature","geometry":{"type":"Point","coordinates":[17.1012081,48.1310733]},"properties":{"voltage":"","name":""}},{"type":"Feature","geometry":{"type":"Point","coordinates":[16.2206563,48.3427087]},"properties":{"voltage":"","name":"TST Altenberg Gelsenweg"}},{"type":"Feature","geometry":{"type":"Point","coordinates":[16.2288451,48.3422399]},"properties":{"voltage":"","name":"TST Altenberg Gemeindeweg"}},{"type":"Feature","geometry":{"type":"Point","coordinates":[16.1893939,48.3240439]},"properties":{"voltage":"","name":""}},{"type":"Feature","geometry":{"type":"Point","coordinates":[16.1762497,48.3303516]},"properties":{"voltage":"","name":"TST Zeiselmauer Nord"}},{"type":"Feature","geometry":{"type":"Point","coordinates":[16.1963823,48.294746]},"properties":{"voltage":"","name":"TST Unterkirchbach"}},{"type":"Feature","geometry":{"type":"Point","coordinates":[16.2080097,48.2771472]},"properties":{"voltage":"","name":""}},{"type":"Feature","geometry":{"type":"Point","coordinates":[16.1570504,48.3052055]},"properties":{"voltage":"","name":""}},{"type":"Feature","geometry":{"type":"Point","coordinates":[16.1387524,48.3019074]},"properties":{"voltage":"","name":"TST"}},{"type":"Feature","geometry":{"type":"Point","coordinates":[18.0728504,48.0482008]},"properties":{"voltage":"","name":""}},{"type":"Feature","geometry":{"type":"Point","coordinates":[18.015396,48.0412212]},"properties":{"voltage":"","name":""}},{"type":"Feature","geometry":{"type":"Point","coordinates":[16.2390576,48.3446671]},"properties":{"voltage":"","name":"TST Altenberg Bahnweg"}},{"type":"Feature","geometry":{"type":"Point","coordinates":[16.2166102,48.3008851]},"properties":{"voltage":"","name":""}},{"type":"Feature","geometry":{"type":"Point","coordinates":[16.2932197,48.2057198]},"properties":{"voltage":"","name":""}},{"type":"Feature","geometry":{"type":"Point","coordinates":[17.0756212,48.1637901]},"properties":{"voltage":"","name":"TS-1840"}},{"type":"Feature","geometry":{"type":"Point","coordinates":[16.29775,48.1539928]},"properties":{"voltage":"","name":""}},{"type":"Feature","geometry":{"type":"Point","coordinates":[16.4241662,48.2255079]},"properties":{"voltage":"","name":""}},{"type":"Feature","geometry":{"type":"Point","coordinates":[16.5221581,48.5707435]},"properties":{"voltage":"","name":""}},{"type":"Feature","geometry":{"type":"Point","coordinates":[16.4799318,48.3571201]},"properties":{"voltage":"","name":"TST Gro\u00dfebersdorf Entw\u00e4sserung"}},{"type":"Feature","geometry":{"type":"Point","coordinates":[16.4704176,48.3664349]},"properties":{"voltage":"","name":"TST Gro\u00df Ebersdorf M\u00fcnichsthalerstra\u00dfe"}},{"type":"Feature","geometry":{"type":"Point","coordinates":[16.2165096,48.3006799]},"properties":{"voltage":"","name":"TST Hintersdorf"}},{"type":"Feature","geometry":{"type":"Point","coordinates":[16.1967739,48.3235829]},"properties":{"voltage":"","name":"TST St.Andr\u00e4 Rosengasse"}},{"type":"Feature","geometry":{"type":"Point","coordinates":[16.2263071,48.4033021]},"properties":{"voltage":"","name":""}},{"type":"Feature","geometry":{"type":"Point","coordinates":[16.4321895,48.2883988]},"properties":{"voltage":"","name":""}},{"type":"Feature","geometry":{"type":"Point","coordinates":[17.0979003,48.123246]},"properties":{"voltage":"","name":""}},{"type":"Feature","geometry":{"type":"Point","coordinates":[17.1024647,48.127158]},"properties":{"voltage":"","name":""}},{"type":"Feature","geometry":{"type":"Point","coordinates":[17.1040016,48.1273577]},"properties":{"voltage":"","name":""}},{"type":"Feature","geometry":{"type":"Point","coordinates":[17.1029703,48.1286735]},"properties":{"voltage":"","name":""}},{"type":"Feature","geometry":{"type":"Point","coordinates":[17.0980941,48.127329]},"properties":{"voltage":"","name":""}},{"type":"Feature","geometry":{"type":"Point","coordinates":[17.0957914,48.1286395]},"properties":{"voltage":"","name":""}},{"type":"Feature","geometry":{"type":"Point","coordinates":[17.097555,48.1297271]},"properties":{"voltage":"","name":""}},{"type":"Feature","geometry":{"type":"Point","coordinates":[17.0957002,48.129796]},"properties":{"voltage":"","name":""}},{"type":"Feature","geometry":{"type":"Point","coordinates":[17.0999901,48.1227454]},"properties":{"voltage":"","name":""}},{"type":"Feature","geometry":{"type":"Point","coordinates":[17.1029971,48.1325388]},"properties":{"voltage":"","name":""}},{"type":"Feature","geometry":{"type":"Point","coordinates":[16.2037705,48.3334213]},"properties":{"voltage":"","name":"TST W\u00f6rdern GEWOG"}},{"type":"Feature","geometry":{"type":"Point","coordinates":[16.1139272,48.3777981]},"properties":{"voltage":"","name":"TST Schmida Kirche"}},{"type":"Feature","geometry":{"type":"Point","coordinates":[16.6067282,48.3529175]},"properties":{"voltage":"","name":"Trafo Bo 123"}},{"type":"Feature","geometry":{"type":"Point","coordinates":[16.4861748,48.3046634]},"properties":{"voltage":"","name":""}},{"type":"Feature","geometry":{"type":"Point","coordinates":[16.7345231,48.3730859]},"properties":{"voltage":"","name":""}},{"type":"Feature","geometry":{"type":"Point","coordinates":[16.7468112,48.3933293]},"properties":{"voltage":"","name":""}},{"type":"Feature","geometry":{"type":"Point","coordinates":[16.3473842,48.1747881]},"properties":{"voltage":"","name":""}},{"type":"Feature","geometry":{"type":"Point","coordinates":[16.7244863,48.3476158]},"properties":{"voltage":"","name":""}},{"type":"Feature","geometry":{"type":"Point","coordinates":[16.7280627,48.3468045]},"properties":{"voltage":"","name":""}},{"type":"Feature","geometry":{"type":"Point","coordinates":[16.4133709,48.2369235]},"properties":{"voltage":"","name":""}},{"type":"Feature","geometry":{"type":"Point","coordinates":[17.1712761,48.1715951]},"properties":{"voltage":"420000","name":""}},{"type":"Feature","geometry":{"type":"Point","coordinates":[18.0276819,48.4518576]},"properties":{"voltage":"","name":""}},{"type":"Feature","geometry":{"type":"Point","coordinates":[16.240055,48.1310649]},"properties":{"voltage":"","name":""}},{"type":"Feature","geometry":{"type":"Point","coordinates":[16.2980111,48.196155]},"properties":{"voltage":"","name":""}},{"type":"Feature","geometry":{"type":"Point","coordinates":[16.368287,48.2831014]},"properties":{"voltage":"","name":""}},{"type":"Feature","geometry":{"type":"Point","coordinates":[16.3798287,48.2854362]},"properties":{"voltage":"","name":""}},{"type":"Feature","geometry":{"type":"Point","coordinates":[22.7197389,48.4441944]},"properties":{"voltage":"","name":"\u0417\u0430\u043a\u0430\u0440\u043f\u0430\u0442\u0442\u044f\u043e\u0431\u043b\u0435\u043d\u0435\u0440\u0433\u043e"}},{"type":"Feature","geometry":{"type":"Point","coordinates":[16.2362061,48.1996084]},"properties":{"voltage":"110000;55000;15000","name":"Unterwerk Auhof"}},{"type":"Feature","geometry":{"type":"Point","coordinates":[16.4055612,48.0865117]},"properties":{"voltage":"20000;400","name":""}},{"type":"Feature","geometry":{"type":"Point","coordinates":[16.357522,48.0675784]},"properties":{"voltage":"20000;400","name":""}},{"type":"Feature","geometry":{"type":"Point","coordinates":[16.3753142,48.0931348]},"properties":{"voltage":"20000;400","name":""}},{"type":"Feature","geometry":{"type":"Point","coordinates":[16.3940306,48.0830163]},"properties":{"voltage":"20000;400","name":""}},{"type":"Feature","geometry":{"type":"Point","coordinates":[16.2865002,48.1049958]},"properties":{"voltage":"20000;400","name":""}},{"type":"Feature","geometry":{"type":"Point","coordinates":[16.4140617,48.1875849]},"properties":{"voltage":"20000;400","name":""}},{"type":"Feature","geometry":{"type":"Point","coordinates":[16.3200198,48.1550148]},"properties":{"voltage":"","name":""}},{"type":"Feature","geometry":{"type":"Point","coordinates":[16.4029768,48.2167416]},"properties":{"voltage":"","name":""}},{"type":"Feature","geometry":{"type":"Point","coordinates":[17.134099,48.1427758]},"properties":{"voltage":"","name":"TS-1720"}},{"type":"Feature","geometry":{"type":"Point","coordinates":[16.4696129,48.2975173]},"properties":{"voltage":"","name":""}},{"type":"Feature","geometry":{"type":"Point","coordinates":[16.4243968,48.1661329]},"properties":{"voltage":"","name":"Unterwerk Niernberger"}},{"type":"Feature","geometry":{"type":"Point","coordinates":[16.2930876,48.143875]},"properties":{"voltage":"","name":""}},{"type":"Feature","geometry":{"type":"Point","coordinates":[16.363154,48.2506233]},"properties":{"voltage":"","name":""}},{"type":"Feature","geometry":{"type":"Point","coordinates":[16.2775283,48.1391636]},"properties":{"voltage":"","name":""}},{"type":"Feature","geometry":{"type":"Point","coordinates":[16.2496627,48.5162732]},"properties":{"voltage":"","name":""}},{"type":"Feature","geometry":{"type":"Point","coordinates":[16.2588504,48.1317286]},"properties":{"voltage":"","name":""}},{"type":"Feature","geometry":{"type":"Point","coordinates":[16.5502346,48.5411434]},"properties":{"voltage":"","name":"TST Paasdorf Kirschenallee"}},{"type":"Feature","geometry":{"type":"Point","coordinates":[16.5203786,48.3830022]},"properties":{"voltage":"","name":""}},{"type":"Feature","geometry":{"type":"Point","coordinates":[16.6080645,48.1168439]},"properties":{"voltage":"20000","name":""}},{"type":"Feature","geometry":{"type":"Point","coordinates":[16.6153843,48.1133331]},"properties":{"voltage":"20000","name":""}},{"type":"Feature","geometry":{"type":"Point","coordinates":[16.2560454,48.1230201]},"properties":{"voltage":"","name":""}},{"type":"Feature","geometry":{"type":"Point","coordinates":[16.2916892,48.1239137]},"properties":{"voltage":"","name":""}},{"type":"Feature","geometry":{"type":"Point","coordinates":[16.4315078,48.0811215]},"properties":{"voltage":"","name":""}},{"type":"Feature","geometry":{"type":"Point","coordinates":[16.407041,48.25429]},"properties":{"voltage":"","name":"Unterwerk Floridsdorf"}},{"type":"Feature","geometry":{"type":"Point","coordinates":[16.3419653,48.2174525]},"properties":{"voltage":"","name":""}},{"type":"Feature","geometry":{"type":"Point","coordinates":[17.1674872,48.1520457]},"properties":{"voltage":"22000;400","name":"Ts-1929"}},{"type":"Feature","geometry":{"type":"Point","coordinates":[16.3025878,48.1858845]},"properties":{"voltage":"","name":""}},{"type":"Feature","geometry":{"type":"Point","coordinates":[17.3465231,48.2992787]},"properties":{"voltage":"","name":""}},{"type":"Feature","geometry":{"type":"Point","coordinates":[17.346508,48.2992643]},"properties":{"voltage":"","name":""}},{"type":"Feature","geometry":{"type":"Point","coordinates":[16.7332339,48.3538873]},"properties":{"voltage":"","name":""}},{"type":"Feature","geometry":{"type":"Point","coordinates":[16.9700438,48.1515314]},"properties":{"voltage":"","name":"TST Hainburg Thebnerstra\u00dfe"}},{"type":"Feature","geometry":{"type":"Point","coordinates":[16.9960655,48.2282946]},"properties":{"voltage":"","name":""}},{"type":"Feature","geometry":{"type":"Point","coordinates":[16.407534,48.2215246]},"properties":{"voltage":"","name":""}},{"type":"Feature","geometry":{"type":"Point","coordinates":[16.4058123,48.2227408]},"properties":{"voltage":"","name":""}},{"type":"Feature","geometry":{"type":"Point","coordinates":[16.3570662,48.2291045]},"properties":{"voltage":"","name":""}},{"type":"Feature","geometry":{"type":"Point","coordinates":[16.369506,48.2508315]},"properties":{"voltage":"","name":""}},{"type":"Feature","geometry":{"type":"Point","coordinates":[16.3909971,48.2064888]},"properties":{"voltage":"","name":""}},{"type":"Feature","geometry":{"type":"Point","coordinates":[16.3556523,48.2371763]},"properties":{"voltage":"","name":""}},{"type":"Feature","geometry":{"type":"Point","coordinates":[16.36164,48.2479629]},"properties":{"voltage":"","name":""}},{"type":"Feature","geometry":{"type":"Point","coordinates":[16.338048,48.2299018]},"properties":{"voltage":"","name":""}},{"type":"Feature","geometry":{"type":"Point","coordinates":[18.0574355,48.3805152]},"properties":{"voltage":"","name":""}},{"type":"Feature","geometry":{"type":"Point","coordinates":[16.4138921,48.2126977]},"properties":{"voltage":"","name":""}},{"type":"Feature","geometry":{"type":"Point","coordinates":[18.081544,48.2919533]},"properties":{"voltage":"","name":"TS 0051-090"}},{"type":"Feature","geometry":{"type":"Point","coordinates":[18.0678233,48.3839608]},"properties":{"voltage":"","name":"TS 0026-004"}},{"type":"Feature","geometry":{"type":"Point","coordinates":[18.4863926,48.4753794]},"properties":{"voltage":"","name":"TS 0024-007"}},{"type":"Feature","geometry":{"type":"Point","coordinates":[18.4883726,48.4843954]},"properties":{"voltage":"","name":"TS 0024-009"}},{"type":"Feature","geometry":{"type":"Point","coordinates":[18.5020927,48.4700779]},"properties":{"voltage":"","name":"TS 0024-001"}},{"type":"Feature","geometry":{"type":"Point","coordinates":[18.0906287,48.2670033]},"properties":{"voltage":"","name":"TS 0051-480"}},{"type":"Feature","geometry":{"type":"Point","coordinates":[17.932708,48.3980244]},"properties":{"voltage":"","name":""}},{"type":"Feature","geometry":{"type":"Point","coordinates":[18.097227,48.3287332]},"properties":{"voltage":"","name":"TS 0051-457"}},{"type":"Feature","geometry":{"type":"Point","coordinates":[18.0628291,48.3818419]},"properties":{"voltage":"","name":"TS 0026-001"}},{"type":"Feature","geometry":{"type":"Point","coordinates":[18.0744727,48.3885128]},"properties":{"voltage":"","name":"TS 0026-005"}},{"type":"Feature","geometry":{"type":"Point","coordinates":[18.0668633,48.3831833]},"properties":{"voltage":"","name":"TS 0026-003"}},{"type":"Feature","geometry":{"type":"Point","coordinates":[17.140888,48.1581842]},"properties":{"voltage":"420000","name":""}},{"type":"Feature","geometry":{"type":"Point","coordinates":[16.3842525,48.2248857]},"properties":{"voltage":"","name":""}},{"type":"Feature","geometry":{"type":"Point","coordinates":[16.3820549,48.2271225]},"properties":{"voltage":"","name":""}},{"type":"Feature","geometry":{"type":"Point","coordinates":[16.3989783,48.2146983]},"properties":{"voltage":"","name":""}},{"type":"Feature","geometry":{"type":"Point","coordinates":[16.401987,48.213605]},"properties":{"voltage":"","name":""}},{"type":"Feature","geometry":{"type":"Point","coordinates":[16.3838657,48.2110775]},"properties":{"voltage":"","name":""}},{"type":"Feature","geometry":{"type":"Point","coordinates":[16.3649723,48.2265698]},"properties":{"voltage":"","name":""}},{"type":"Feature","geometry":{"type":"Point","coordinates":[16.3658347,48.2198039]},"properties":{"voltage":"","name":"Netztransformatorstation"}},{"type":"Feature","geometry":{"type":"Point","coordinates":[16.3514586,48.1920491]},"properties":{"voltage":"","name":""}},{"type":"Feature","geometry":{"type":"Point","coordinates":[16.3655275,48.2267399]},"properties":{"voltage":"","name":""}},{"type":"Feature","geometry":{"type":"Point","coordinates":[16.4020463,48.2155245]},"properties":{"voltage":"","name":""}},{"type":"Feature","geometry":{"type":"Point","coordinates":[16.403988,48.2146159]},"properties":{"voltage":"","name":""}},{"type":"Feature","geometry":{"type":"Point","coordinates":[16.4094401,48.2759838]},"properties":{"voltage":"","name":""}},{"type":"Feature","geometry":{"type":"Point","coordinates":[16.3932374,48.2211571]},"properties":{"voltage":"","name":""}},{"type":"Feature","geometry":{"type":"Point","coordinates":[16.3941947,48.2217247]},"properties":{"voltage":"","name":""}},{"type":"Feature","geometry":{"type":"Point","coordinates":[16.347681,48.2626577]},"properties":{"voltage":"","name":""}},{"type":"Feature","geometry":{"type":"Point","coordinates":[16.3674603,48.2604081]},"properties":{"voltage":"","name":""}},{"type":"Feature","geometry":{"type":"Point","coordinates":[16.3613659,48.2600698]},"properties":{"voltage":"","name":""}},{"type":"Feature","geometry":{"type":"Point","coordinates":[16.2092909,48.3841921]},"properties":{"voltage":"20000;400","name":"TST Stockerau Hauptstra\u00dfe 8"}},{"type":"Feature","geometry":{"type":"Point","coordinates":[16.3448741,48.2039871]},"properties":{"voltage":"","name":""}},{"type":"Feature","geometry":{"type":"Point","coordinates":[16.3437664,48.2002759]},"properties":{"voltage":"","name":""}},{"type":"Feature","geometry":{"type":"Point","coordinates":[16.9297979,48.1383463]},"properties":{"voltage":"","name":"TST Hainburg Carnuntumstra\u00dfe West"}},{"type":"Feature","geometry":{"type":"Point","coordinates":[16.9250261,48.1374755]},"properties":{"voltage":"","name":"TST Hainburg Pfaffenbergweg"}},{"type":"Feature","geometry":{"type":"Point","coordinates":[16.3311909,48.178494]},"properties":{"voltage":"","name":""}},{"type":"Feature","geometry":{"type":"Point","coordinates":[16.3314087,48.179342]},"properties":{"voltage":"","name":""}},{"type":"Feature","geometry":{"type":"Point","coordinates":[16.286315,48.1451813]},"properties":{"voltage":"","name":""}},{"type":"Feature","geometry":{"type":"Point","coordinates":[16.2857919,48.1348264]},"properties":{"voltage":"","name":""}},{"type":"Feature","geometry":{"type":"Point","coordinates":[16.2236832,48.125158]},"properties":{"voltage":"","name":""}},{"type":"Feature","geometry":{"type":"Point","coordinates":[16.2982414,48.1341446]},"properties":{"voltage":"20000;400","name":""}},{"type":"Feature","geometry":{"type":"Point","coordinates":[16.2875477,48.1334747]},"properties":{"voltage":"20000;400","name":""}},{"type":"Feature","geometry":{"type":"Point","coordinates":[16.3445844,48.2403678]},"properties":{"voltage":"","name":""}},{"type":"Feature","geometry":{"type":"Point","coordinates":[16.8589176,48.1122015]},"properties":{"voltage":"","name":""}},{"type":"Feature","geometry":{"type":"Point","coordinates":[16.2945235,48.1404336]},"properties":{"voltage":"","name":""}},{"type":"Feature","geometry":{"type":"Point","coordinates":[16.3127256,48.1387181]},"properties":{"voltage":"","name":""}},{"type":"Feature","geometry":{"type":"Point","coordinates":[16.3121041,48.1375203]},"properties":{"voltage":"","name":""}},{"type":"Feature","geometry":{"type":"Point","coordinates":[16.3017859,48.1373155]},"properties":{"voltage":"","name":""}},{"type":"Feature","geometry":{"type":"Point","coordinates":[16.3008768,48.1368615]},"properties":{"voltage":"","name":""}},{"type":"Feature","geometry":{"type":"Point","coordinates":[16.3673903,48.2120288]},"properties":{"voltage":"","name":""}},{"type":"Feature","geometry":{"type":"Point","coordinates":[16.3539395,48.228985]},"properties":{"voltage":"","name":""}},{"type":"Feature","geometry":{"type":"Point","coordinates":[16.3464354,48.2162141]},"properties":{"voltage":"","name":""}},{"type":"Feature","geometry":{"type":"Point","coordinates":[16.3578812,48.2380112]},"properties":{"voltage":"","name":""}},{"type":"Feature","geometry":{"type":"Point","coordinates":[16.3540895,48.230273]},"properties":{"voltage":"","name":""}},{"type":"Feature","geometry":{"type":"Point","coordinates":[16.3705291,48.2055466]},"properties":{"voltage":"","name":""}},{"type":"Feature","geometry":{"type":"Point","coordinates":[16.3700423,48.2053471]},"properties":{"voltage":"","name":""}},{"type":"Feature","geometry":{"type":"Point","coordinates":[16.3469831,48.2106725]},"properties":{"voltage":"","name":""}},{"type":"Feature","geometry":{"type":"Point","coordinates":[16.3690511,48.1947178]},"properties":{"voltage":"","name":""}},{"type":"Feature","geometry":{"type":"Point","coordinates":[16.3879948,48.1691363]},"properties":{"voltage":"","name":""}},{"type":"Feature","geometry":{"type":"Point","coordinates":[16.3614213,48.2236947]},"properties":{"voltage":"","name":""}},{"type":"Feature","geometry":{"type":"Point","coordinates":[16.3539736,48.2167801]},"properties":{"voltage":"","name":""}},{"type":"Feature","geometry":{"type":"Point","coordinates":[16.3594404,48.2285496]},"properties":{"voltage":"","name":""}},{"type":"Feature","geometry":{"type":"Point","coordinates":[16.3580851,48.2279218]},"properties":{"voltage":"","name":""}},{"type":"Feature","geometry":{"type":"Point","coordinates":[16.3858378,48.1994395]},"properties":{"voltage":"","name":""}},{"type":"Feature","geometry":{"type":"Point","coordinates":[16.3775179,48.1988852]},"properties":{"voltage":"","name":""}},{"type":"Feature","geometry":{"type":"Point","coordinates":[16.3736902,48.2173198]},"properties":{"voltage":"","name":""}},{"type":"Feature","geometry":{"type":"Point","coordinates":[16.3733112,48.2213353]},"properties":{"voltage":"","name":""}},{"type":"Feature","geometry":{"type":"Point","coordinates":[16.3451955,48.230583]},"properties":{"voltage":"","name":""}},{"type":"Feature","geometry":{"type":"Point","coordinates":[16.3626588,48.227284]},"properties":{"voltage":"","name":""}},{"type":"Feature","geometry":{"type":"Point","coordinates":[16.3684955,48.243894]},"properties":{"voltage":"","name":""}},{"type":"Feature","geometry":{"type":"Point","coordinates":[16.364264,48.2418509]},"properties":{"voltage":"","name":""}},{"type":"Feature","geometry":{"type":"Point","coordinates":[16.370564,48.2260857]},"properties":{"voltage":"","name":""}},{"type":"Feature","geometry":{"type":"Point","coordinates":[16.3768074,48.2231038]},"properties":{"voltage":"","name":""}},{"type":"Feature","geometry":{"type":"Point","coordinates":[16.3422988,48.1888712]},"properties":{"voltage":"","name":""}},{"type":"Feature","geometry":{"type":"Point","coordinates":[16.3470618,48.1793678]},"properties":{"voltage":"","name":""}},{"type":"Feature","geometry":{"type":"Point","coordinates":[16.4342612,48.276627]},"properties":{"voltage":"","name":""}},{"type":"Feature","geometry":{"type":"Point","coordinates":[16.3670278,48.1994569]},"properties":{"voltage":"","name":""}},{"type":"Feature","geometry":{"type":"Point","coordinates":[16.4220876,48.2705704]},"properties":{"voltage":"","name":""}},{"type":"Feature","geometry":{"type":"Point","coordinates":[16.4336028,48.2597262]},"properties":{"voltage":"","name":""}},{"type":"Feature","geometry":{"type":"Point","coordinates":[16.397633,48.1821128]},"properties":{"voltage":"","name":""}},{"type":"Feature","geometry":{"type":"Point","coordinates":[16.3942194,48.1783622]},"properties":{"voltage":"","name":""}},{"type":"Feature","geometry":{"type":"Point","coordinates":[16.3468232,48.217564]},"properties":{"voltage":"","name":""}},{"type":"Feature","geometry":{"type":"Point","coordinates":[16.505372,48.1686187]},"properties":{"voltage":"","name":""}},{"type":"Feature","geometry":{"type":"Point","coordinates":[16.3959276,48.2324076]},"properties":{"voltage":"","name":""}},{"type":"Feature","geometry":{"type":"Point","coordinates":[16.429256,48.2085794]},"properties":{"voltage":"","name":""}},{"type":"Feature","geometry":{"type":"Point","coordinates":[16.3857843,48.2079487]},"properties":{"voltage":"","name":""}},{"type":"Feature","geometry":{"type":"Point","coordinates":[16.3904655,48.2216151]},"properties":{"voltage":"","name":""}},{"type":"Feature","geometry":{"type":"Point","coordinates":[16.3918199,48.2275544]},"properties":{"voltage":"","name":""}},{"type":"Feature","geometry":{"type":"Point","coordinates":[16.406223,48.2241921]},"properties":{"voltage":"","name":""}},{"type":"Feature","geometry":{"type":"Point","coordinates":[16.3960996,48.2302642]},"properties":{"voltage":"","name":""}},{"type":"Feature","geometry":{"type":"Point","coordinates":[16.3614468,48.2422002]},"properties":{"voltage":"","name":""}},{"type":"Feature","geometry":{"type":"Point","coordinates":[16.3602909,48.2403263]},"properties":{"voltage":"","name":""}},{"type":"Feature","geometry":{"type":"Point","coordinates":[16.3594029,48.2392118]},"properties":{"voltage":"","name":""}},{"type":"Feature","geometry":{"type":"Point","coordinates":[16.3965103,48.2177069]},"properties":{"voltage":"","name":""}},{"type":"Feature","geometry":{"type":"Point","coordinates":[16.3980919,48.2225065]},"properties":{"voltage":"","name":""}},{"type":"Feature","geometry":{"type":"Point","coordinates":[16.3861598,48.2392476]},"properties":{"voltage":"","name":""}},{"type":"Feature","geometry":{"type":"Point","coordinates":[16.3842285,48.2405242]},"properties":{"voltage":"","name":""}},{"type":"Feature","geometry":{"type":"Point","coordinates":[16.3871908,48.2383138]},"properties":{"voltage":"","name":""}},{"type":"Feature","geometry":{"type":"Point","coordinates":[16.3058323,48.1935061]},"properties":{"voltage":"","name":""}},{"type":"Feature","geometry":{"type":"Point","coordinates":[16.3015467,48.1937357]},"properties":{"voltage":"","name":""}},{"type":"Feature","geometry":{"type":"Point","coordinates":[16.2964142,48.1944657]},"properties":{"voltage":"","name":""}},{"type":"Feature","geometry":{"type":"Point","coordinates":[16.3289837,48.2294781]},"properties":{"voltage":"","name":""}},{"type":"Feature","geometry":{"type":"Point","coordinates":[16.4238732,48.2257021]},"properties":{"voltage":"","name":""}},{"type":"Feature","geometry":{"type":"Point","coordinates":[16.3736056,48.2085073]},"properties":{"voltage":"","name":""}},{"type":"Feature","geometry":{"type":"Point","coordinates":[16.3688781,48.2533062]},"properties":{"voltage":"","name":""}},{"type":"Feature","geometry":{"type":"Point","coordinates":[16.4115933,48.2126151]},"properties":{"voltage":"","name":""}},{"type":"Feature","geometry":{"type":"Point","coordinates":[16.3676863,48.2597224]},"properties":{"voltage":"","name":""}},{"type":"Feature","geometry":{"type":"Point","coordinates":[16.3685381,48.2495235]},"properties":{"voltage":"","name":""}},{"type":"Feature","geometry":{"type":"Point","coordinates":[16.4176505,48.1887503]},"properties":{"voltage":"","name":""}},{"type":"Feature","geometry":{"type":"Point","coordinates":[16.4122488,48.1924049]},"properties":{"voltage":"","name":""}},{"type":"Feature","geometry":{"type":"Point","coordinates":[16.3683403,48.2542269]},"properties":{"voltage":"","name":""}},{"type":"Feature","geometry":{"type":"Point","coordinates":[16.3821608,48.1460856]},"properties":{"voltage":"","name":""}},{"type":"Feature","geometry":{"type":"Point","coordinates":[16.3597731,48.2449403]},"properties":{"voltage":"","name":""}},{"type":"Feature","geometry":{"type":"Point","coordinates":[16.4159764,48.2043142]},"properties":{"voltage":"","name":""}},{"type":"Feature","geometry":{"type":"Point","coordinates":[16.4157477,48.204996]},"properties":{"voltage":"","name":""}},{"type":"Feature","geometry":{"type":"Point","coordinates":[16.3205547,48.1757858]},"properties":{"voltage":"","name":""}},{"type":"Feature","geometry":{"type":"Point","coordinates":[16.3218402,48.1831959]},"properties":{"voltage":"","name":""}},{"type":"Feature","geometry":{"type":"Point","coordinates":[16.4171535,48.2037957]},"properties":{"voltage":"","name":""}},{"type":"Feature","geometry":{"type":"Point","coordinates":[16.4174517,48.2036346]},"properties":{"voltage":"","name":""}},{"type":"Feature","geometry":{"type":"Point","coordinates":[16.4027197,48.2161125]},"properties":{"voltage":"","name":""}},{"type":"Feature","geometry":{"type":"Point","coordinates":[16.3474776,48.2057026]},"properties":{"voltage":"","name":""}},{"type":"Feature","geometry":{"type":"Point","coordinates":[16.399008,48.2097038]},"properties":{"voltage":"","name":""}},{"type":"Feature","geometry":{"type":"Point","coordinates":[16.4207351,48.1912037]},"properties":{"voltage":"","name":""}},{"type":"Feature","geometry":{"type":"Point","coordinates":[16.4199378,48.1874244]},"properties":{"voltage":"","name":""}},{"type":"Feature","geometry":{"type":"Point","coordinates":[16.4202467,48.1861295]},"properties":{"voltage":"","name":""}},{"type":"Feature","geometry":{"type":"Point","coordinates":[16.320074,48.1689274]},"properties":{"voltage":"","name":""}},{"type":"Feature","geometry":{"type":"Point","coordinates":[16.3182767,48.1668118]},"properties":{"voltage":"","name":""}},{"type":"Feature","geometry":{"type":"Point","coordinates":[16.2843497,48.1740185]},"properties":{"voltage":"","name":""}},{"type":"Feature","geometry":{"type":"Point","coordinates":[16.2795393,48.1769646]},"properties":{"voltage":"","name":""}},{"type":"Feature","geometry":{"type":"Point","coordinates":[16.3007626,48.1865523]},"properties":{"voltage":"","name":""}},{"type":"Feature","geometry":{"type":"Point","coordinates":[16.3656229,48.1946459]},"properties":{"voltage":"","name":""}},{"type":"Feature","geometry":{"type":"Point","coordinates":[16.4059513,48.1821164]},"properties":{"voltage":"","name":""}},{"type":"Feature","geometry":{"type":"Point","coordinates":[16.3925308,48.208715]},"properties":{"voltage":"","name":""}},{"type":"Feature","geometry":{"type":"Point","coordinates":[16.3858917,48.2401828]},"properties":{"voltage":"","name":""}},{"type":"Feature","geometry":{"type":"Point","coordinates":[16.3857542,48.2417528]},"properties":{"voltage":"","name":""}},{"type":"Feature","geometry":{"type":"Point","coordinates":[16.3856796,48.241855]},"properties":{"voltage":"","name":""}},{"type":"Feature","geometry":{"type":"Point","coordinates":[16.4034786,48.2223464]},"properties":{"voltage":"","name":""}},{"type":"Feature","geometry":{"type":"Point","coordinates":[16.4096577,48.2184032]},"properties":{"voltage":"","name":""}},{"type":"Feature","geometry":{"type":"Point","coordinates":[16.2935025,48.2034575]},"properties":{"voltage":"","name":""}},{"type":"Feature","geometry":{"type":"Point","coordinates":[16.3679002,48.2477475]},"properties":{"voltage":"","name":""}},{"type":"Feature","geometry":{"type":"Point","coordinates":[16.3675737,48.2562289]},"properties":{"voltage":"","name":""}},{"type":"Feature","geometry":{"type":"Point","coordinates":[16.337667,48.2404266]},"properties":{"voltage":"","name":""}},{"type":"Feature","geometry":{"type":"Point","coordinates":[16.3434992,48.1999053]},"properties":{"voltage":"","name":""}},{"type":"Feature","geometry":{"type":"Point","coordinates":[16.392199,48.2335191]},"properties":{"voltage":"","name":""}},{"type":"Feature","geometry":{"type":"Point","coordinates":[16.1303776,48.2659993]},"properties":{"voltage":"","name":""}},{"type":"Feature","geometry":{"type":"Point","coordinates":[18.0988531,48.3147679]},"properties":{"voltage":"","name":""}},{"type":"Feature","geometry":{"type":"Point","coordinates":[17.0967749,48.1406999]},"properties":{"voltage":"","name":"TS-1041"}},{"type":"Feature","geometry":{"type":"Point","coordinates":[16.376046,48.2096099]},"properties":{"voltage":"","name":""}},{"type":"Feature","geometry":{"type":"Point","coordinates":[17.2963414,48.1056272]},"properties":{"voltage":"","name":""}},{"type":"Feature","geometry":{"type":"Point","coordinates":[16.4206587,48.255293]},"properties":{"voltage":"","name":""}},{"type":"Feature","geometry":{"type":"Point","coordinates":[20.023273,48.3456734]},"properties":{"voltage":"","name":""}},{"type":"Feature","geometry":{"type":"Point","coordinates":[16.4384909,48.1923769]},"properties":{"voltage":"","name":""}},{"type":"Feature","geometry":{"type":"Point","coordinates":[16.4391404,48.1909822]},"properties":{"voltage":"","name":""}},{"type":"Feature","geometry":{"type":"Point","coordinates":[16.4379025,48.1933496]},"properties":{"voltage":"","name":""}},{"type":"Feature","geometry":{"type":"Point","coordinates":[16.3862667,48.2187618]},"properties":{"voltage":"","name":""}},{"type":"Feature","geometry":{"type":"Point","coordinates":[16.3906787,48.2198746]},"properties":{"voltage":"","name":""}},{"type":"Feature","geometry":{"type":"Point","coordinates":[20.0682067,48.3497378]},"properties":{"voltage":"","name":""}},{"type":"Feature","geometry":{"type":"Point","coordinates":[20.0581365,48.3483599]},"properties":{"voltage":"","name":""}},{"type":"Feature","geometry":{"type":"Point","coordinates":[20.0642337,48.3446145]},"properties":{"voltage":"","name":""}},{"type":"Feature","geometry":{"type":"Point","coordinates":[20.066999,48.345028]},"properties":{"voltage":"","name":""}},{"type":"Feature","geometry":{"type":"Polygon","coordinates":[[[17.2168879,48.1152094],[17.2159973,48.1147667],[17.2159168,48.1146962],[17.2158888,48.1146717],[17.21555,48.114751],[17.2146686,48.1143281],[17.2168533,48.1123704],[17.2161354,48.1120181],[17.2166918,48.1115104],[17.2165318,48.1114267],[17.2179297,48.1101425],[17.2208601,48.1115786],[17.2194771,48.1128384],[17.2176949,48.1144704],[17.2168879,48.1152094]]]},"properties":{"voltage":"400000;110000","name":"ESt - Podunajsk\u00e9 Biskupice"}},{"type":"Feature","geometry":{"type":"Polygon","coordinates":[[[16.7681459,48.033103],[16.7678103,48.0332983],[16.7673219,48.0335761],[16.7668203,48.0338223],[16.7664529,48.03396],[16.7670624,48.0344824],[16.7675061,48.0342555],[16.7681191,48.033942],[16.7685087,48.0337427],[16.7681459,48.033103]]]},"properties":{"voltage":"110000","name":"Umspannwerk Bruck an der Leitha"}},{"type":"Feature","geometry":{"type":"Polygon","coordinates":[[[16.420312,48.2746668],[16.4202319,48.2746875],[16.420256,48.2747302],[16.4203422,48.2747085],[16.4203278,48.2746851],[16.420312,48.2746668]]]},"properties":{"voltage":"","name":""}},{"type":"Feature","geometry":{"type":"Polygon","coordinates":[[[16.37468,48.3555401],[16.3746361,48.3561728],[16.3752936,48.3561923],[16.3752896,48.3563589],[16.3757417,48.3563756],[16.3762755,48.3562963],[16.3761365,48.3567418],[16.3761282,48.356801],[16.3761227,48.356853],[16.3762338,48.3573255],[16.3759348,48.3573603],[16.375967,48.3574931],[16.3761091,48.3574744],[16.3761614,48.3575269],[16.3762602,48.3579021],[16.3763404,48.3579842],[16.3763738,48.3581063],[16.3763393,48.3582098],[16.3765801,48.359232],[16.3768078,48.3601462],[16.3770461,48.3610844],[16.3792429,48.360842],[16.3788454,48.3592385],[16.3788412,48.3592215],[16.3792621,48.359163],[16.3793667,48.3590819],[16.3794138,48.3590763],[16.3794713,48.3590695],[16.3794167,48.358852],[16.3798235,48.3588155],[16.3798155,48.3587794],[16.3798084,48.3587473],[16.3799337,48.3587356],[16.3799041,48.3585963],[16.3799189,48.3585792],[16.3799383,48.358557],[16.3798534,48.3581624],[16.3805252,48.3580874],[16.3805129,48.3580348],[16.3810196,48.3579822],[16.3809369,48.3575932],[16.3809928,48.3575882],[16.3818704,48.3575096],[16.3816548,48.3571476],[16.3817625,48.3571196],[16.3817074,48.357026],[16.3816368,48.3569061],[16.3815291,48.3569342],[16.381347,48.356625],[16.3812402,48.356369],[16.3810953,48.3558954],[16.3810321,48.3559003],[16.3809669,48.3559053],[16.3809664,48.3558953],[16.3808956,48.3558937],[16.3808547,48.3558849],[16.3808177,48.3558609],[16.3808157,48.3558593],[16.3807926,48.3558408],[16.3807635,48.3557974],[16.3807376,48.3557586],[16.3800324,48.3558318],[16.3800091,48.3557324],[16.3790892,48.3558263],[16.3789038,48.3558419],[16.3788836,48.3557522],[16.3788589,48.3556579],[16.3788276,48.3555506],[16.3780645,48.3556297],[16.3780068,48.3556618],[16.3780309,48.3557794],[16.3779882,48.3557845],[16.3779411,48.3557901],[16.377874,48.3557625],[16.3778459,48.3556475],[16.3770417,48.3557313],[16.3770239,48.3556476],[16.3770159,48.3556099],[16.3766217,48.3555994],[16.3765563,48.3556053],[16.3764539,48.355616],[16.37634,48.3556269],[16.3761766,48.3556212],[16.3761796,48.3555799],[16.3758098,48.355568],[16.375809,48.35558],[16.37468,48.3555401]]]},"properties":{"voltage":"380000;220000;110000","name":"Umspannwerk Bisamberg"}},{"type":"Feature","geometry":{"type":"Polygon","coordinates":[[[16.433877,48.1385666],[16.4330134,48.1385097],[16.4329693,48.1385081],[16.4329302,48.1384879],[16.4324724,48.1384534],[16.4320719,48.1384218],[16.4320709,48.1384698],[16.4321165,48.139507],[16.4321175,48.1395343],[16.4321178,48.1395616],[16.4321182,48.1395804],[16.4321199,48.1396057],[16.4321281,48.1398623],[16.4332548,48.1398434],[16.4339008,48.1395326],[16.433877,48.1385666]]]},"properties":{"voltage":"110000","name":"Umrichterwerk Kledering"}},{"type":"Feature","geometry":{"type":"Polygon","coordinates":[[[16.4626106,48.0282607],[16.4634795,48.0277991],[16.4632,48.0267623],[16.4617603,48.0275402],[16.4626106,48.0282607]]]},"properties":{"voltage":"110000","name":"Umspannwerk Moosbrunn"}},{"type":"Feature","geometry":{"type":"Polygon","coordinates":[[[16.307415,48.0812172],[16.3079027,48.081162],[16.3080735,48.0811427],[16.3086491,48.0810776],[16.3089343,48.082271],[16.308994,48.0825264],[16.307671,48.0822814],[16.307415,48.0812172]]]},"properties":{"voltage":"110000","name":"Umspannwerk Wr. Neudorf"}},{"type":"Feature","geometry":{"type":"Polygon","coordinates":[[[16.2377688,48.1999957],[16.2381249,48.1999345],[16.2382694,48.2002768],[16.2385513,48.2009442],[16.2368358,48.2012671],[16.235323,48.201547],[16.2352966,48.2013396],[16.2352271,48.2007554],[16.2351975,48.2005167],[16.2352505,48.2004626],[16.2353741,48.2004394],[16.2374945,48.2000465],[16.2377688,48.1999957]]]},"properties":{"voltage":"110000","name":"Umspannwerk Wien West"}},{"type":"Feature","geometry":{"type":"Polygon","coordinates":[[[16.323755,48.3233565],[16.3239865,48.3233875],[16.3240584,48.3231507],[16.3238269,48.3231197],[16.323755,48.3233565]]]},"properties":{"voltage":"110000","name":"Schaltanlage Kritzendorf"}},{"type":"Feature","geometry":{"type":"Polygon","coordinates":[[[16.3776998,48.2061491],[16.3780671,48.2065056],[16.3782896,48.2064036],[16.3779239,48.2060463],[16.3778659,48.2060729],[16.3778068,48.2061],[16.3776998,48.2061491]]]},"properties":{"voltage":"110000","name":"Umspannwerk Zedlitzhalle"}},{"type":"Feature","geometry":{"type":"Polygon","coordinates":[[[16.3888659,48.2581272],[16.3891421,48.2578208],[16.3887755,48.2576773],[16.3890207,48.2574043],[16.3896553,48.2566979],[16.3905215,48.2570302],[16.3906573,48.2568744],[16.391243,48.2570946],[16.3907153,48.2577114],[16.3899703,48.258582],[16.389489,48.2583838],[16.3888659,48.2581272]]]},"properties":{"voltage":"380000;110000","name":"Umspannwerk Wien Nord"}},{"type":"Feature","geometry":{"type":"Polygon","coordinates":[[[16.3099955,48.2058324],[16.3123458,48.2054731],[16.3125108,48.2054479],[16.3125567,48.2046959],[16.3125679,48.2045696],[16.312571,48.2045348],[16.312585,48.204378],[16.3115771,48.2045935],[16.3114408,48.2046226],[16.3106766,48.204786],[16.3106557,48.2047902],[16.3097131,48.2049904],[16.3097555,48.2051175],[16.3099955,48.2058324]]]},"properties":{"voltage":"380000","name":"Umspannwerk Kendlerstra\u00dfe"}},{"type":"Feature","geometry":{"type":"Polygon","coordinates":[[[16.4195044,48.1270877],[16.4200061,48.1270845],[16.4201584,48.1270835],[16.4204004,48.1270819],[16.4208811,48.1270788],[16.4210457,48.1269639],[16.421086,48.1269633],[16.4212269,48.126961],[16.4212315,48.1270889],[16.4213519,48.1270867],[16.4214298,48.1270702],[16.4214823,48.1270415],[16.4215173,48.1269826],[16.4215117,48.1268501],[16.4214892,48.1268321],[16.4214164,48.1268329],[16.4213922,48.1268744],[16.421387,48.1265789],[16.4215427,48.1265789],[16.4215758,48.1265777],[16.4215776,48.126553],[16.422938,48.1265506],[16.4246241,48.1265464],[16.4245931,48.1232295],[16.4228687,48.1232351],[16.4226868,48.1230956],[16.4226832,48.1230117],[16.4209027,48.1230197],[16.4205735,48.1227884],[16.4205732,48.1225471],[16.4204698,48.1225482],[16.4204247,48.1225478],[16.420431,48.122075],[16.4203835,48.1220749],[16.4203288,48.1220749],[16.4205342,48.1208774],[16.4182768,48.1208864],[16.418277,48.1206312],[16.4165718,48.1205807],[16.4164602,48.12066],[16.4164688,48.1223835],[16.4164913,48.1224142],[16.4165585,48.1224387],[16.4166631,48.1224756],[16.4165617,48.1225576],[16.4165153,48.1225952],[16.4165189,48.1229704],[16.4165195,48.1230278],[16.416074,48.123029],[16.4145307,48.1230333],[16.4145384,48.1239433],[16.4145829,48.1241018],[16.4146443,48.1241651],[16.414768,48.1242044],[16.4152176,48.124204],[16.4156323,48.1242324],[16.4170021,48.1242273],[16.4170085,48.1244434],[16.4182034,48.1246277],[16.4183506,48.1246904],[16.418595,48.1247946],[16.4189263,48.1249482],[16.4190074,48.1249858],[16.4191113,48.1249803],[16.4191934,48.1249798],[16.4194916,48.124978],[16.4195003,48.1264142],[16.4195044,48.1270877]]]},"properties":{"voltage":"380000;220000;110000","name":"Umspannwerk Wien S\u00fcdost"}},{"type":"Feature","geometry":{"type":"Polygon","coordinates":[[[16.4263264,48.1515473],[16.4267044,48.150961],[16.427192,48.1507321],[16.4275616,48.1508467],[16.4273678,48.1511732],[16.427683,48.1512628],[16.4272696,48.1519062],[16.426899,48.1518329],[16.4268225,48.1518107],[16.426411,48.1516911],[16.4263264,48.1515473]]]},"properties":{"voltage":"110000;55000;15000","name":"Unterwerk Simmering"}},{"type":"Feature","geometry":{"type":"Polygon","coordinates":[[[16.5821132,48.0259702],[16.5843404,48.0259047],[16.5843426,48.0259507],[16.5843578,48.0262302],[16.5843627,48.0263697],[16.5825456,48.0264207],[16.5821293,48.0261844],[16.5821179,48.0260322],[16.5821132,48.0259702]]]},"properties":{"voltage":"110000","name":"Unterwerk G\u00f6tzendorf"}},{"type":"Feature","geometry":{"type":"Polygon","coordinates":[[[16.5037381,48.3605248],[16.5036529,48.361039],[16.504674,48.3611088],[16.5049607,48.3611877],[16.5053979,48.3611976],[16.5054727,48.3608019],[16.5048628,48.3605931],[16.5037381,48.3605248]]]},"properties":{"voltage":"110000","name":"Umspannwerk Eibesbrunn"}},{"type":"Feature","geometry":{"type":"Polygon","coordinates":[[[16.4746742,48.1559127],[16.4757701,48.155385],[16.4761069,48.1557038],[16.4767332,48.1562793],[16.4768527,48.1563891],[16.4769055,48.1564721],[16.4768493,48.1564829],[16.4768264,48.1564872],[16.4765763,48.1565517],[16.4762077,48.1566709],[16.4761905,48.1566766],[16.4761732,48.1566822],[16.4760797,48.1567129],[16.4760368,48.1567272],[16.4758996,48.1567708],[16.4758615,48.1567829],[16.4758234,48.1567949],[16.4757128,48.1568301],[16.4756853,48.1568388],[16.4756557,48.156812],[16.4756448,48.1568022],[16.4751706,48.1563778],[16.4749368,48.1561687],[16.4749137,48.1561484],[16.4746742,48.1559127]]]},"properties":{"voltage":"110000","name":"Umspannwerk Kaiserebersdorf"}},{"type":"Feature","geometry":{"type":"Polygon","coordinates":[[[16.6146822,48.0648122],[16.6147294,48.0648146],[16.6149638,48.0648263],[16.6150239,48.0648295],[16.6154717,48.0648518],[16.6154207,48.0653107],[16.6146312,48.0652715],[16.6146822,48.0648122]]]},"properties":{"voltage":"110000","name":"Umspannwerk Enzersdorf"}},{"type":"Feature","geometry":{"type":"Polygon","coordinates":[[[17.0440743,48.1562135],[17.0440541,48.1559971],[17.0442251,48.15599],[17.0442454,48.1562064],[17.0440743,48.1562135]]]},"properties":{"voltage":"","name":""}},{"type":"Feature","geometry":{"type":"Polygon","coordinates":[[[17.0501769,48.1722566],[17.0508608,48.1722533],[17.0508529,48.1721317],[17.050851,48.171977],[17.0501933,48.1719342],[17.0501769,48.1722566]]]},"properties":{"voltage":"","name":""}},{"type":"Feature","geometry":{"type":"Polygon","coordinates":[[[16.4078243,48.2230717],[16.4084718,48.2225867],[16.4085741,48.2226473],[16.4086401,48.2225979],[16.4087909,48.2226873],[16.4080774,48.2232217],[16.4078243,48.2230717]]]},"properties":{"voltage":"110000","name":"Umspannwerk Handelskai"}},{"type":"Feature","geometry":{"type":"Polygon","coordinates":[[[16.4105657,48.3018574],[16.4106723,48.3018469],[16.410656,48.3017735],[16.4105494,48.301784],[16.4105657,48.3018574]]]},"properties":{"voltage":"","name":""}},{"type":"Feature","geometry":{"type":"Polygon","coordinates":[[[16.4132397,48.2975287],[16.4131942,48.2975101],[16.4132183,48.2974702],[16.4132619,48.2974916],[16.4132397,48.2975287]]]},"properties":{"voltage":"","name":""}},{"type":"Feature","geometry":{"type":"Polygon","coordinates":[[[16.4064304,48.3015422],[16.406415,48.3015041],[16.4064763,48.3014931],[16.4064917,48.3015312],[16.4064304,48.3015422]]]},"properties":{"voltage":"","name":""}},{"type":"Feature","geometry":{"type":"Polygon","coordinates":[[[16.4206179,48.2980826],[16.4205577,48.297978],[16.4206044,48.2979662],[16.4206646,48.2980707],[16.4206206,48.2980819],[16.4206179,48.2980826]]]},"properties":{"voltage":"","name":""}},{"type":"Feature","geometry":{"type":"Polygon","coordinates":[[[16.4162511,48.2177671],[16.4162926,48.2177372],[16.4162202,48.217692],[16.416178,48.2177229],[16.4162511,48.2177671]]]},"properties":{"voltage":"","name":""}},{"type":"Feature","geometry":{"type":"Polygon","coordinates":[[[16.4192439,48.2994265],[16.4191643,48.2994715],[16.4191535,48.2994636],[16.4192315,48.2994202],[16.4192439,48.2994265]]]},"properties":{"voltage":"","name":""}},{"type":"Feature","geometry":{"type":"Polygon","coordinates":[[[16.2843875,48.010722],[16.2839859,48.0103087],[16.2835822,48.0098932],[16.2847745,48.0094003],[16.2849754,48.0094359],[16.2851341,48.0094641],[16.2854746,48.009886],[16.2858171,48.0103104],[16.2858351,48.0103327],[16.2849207,48.0105442],[16.2846407,48.0106376],[16.2845733,48.01066],[16.2843875,48.010722]]]},"properties":{"voltage":"110000","name":"Umspannwerk Traiskirchen"}},{"type":"Feature","geometry":{"type":"Polygon","coordinates":[[[16.2405613,48.3562919],[16.2415783,48.35635],[16.2415615,48.3564801],[16.2415498,48.356571],[16.2414999,48.3569568],[16.2414972,48.3569773],[16.2414951,48.3569939],[16.2414764,48.3571383],[16.2407868,48.3570989],[16.2403213,48.3570723],[16.2400025,48.3570541],[16.2400797,48.3564569],[16.2401044,48.3562658],[16.2405613,48.3562919]]]},"properties":{"voltage":"220000","name":"Umspannwerk Greifenstein"}},{"type":"Feature","geometry":{"type":"Polygon","coordinates":[[[16.2061488,48.3940184],[16.2052191,48.3935096],[16.2060149,48.3928683],[16.2064256,48.393093],[16.206612,48.393195],[16.2064817,48.3933001],[16.2063036,48.3932026],[16.2062031,48.3932836],[16.2063314,48.3933538],[16.2061632,48.3934893],[16.2065457,48.3936986],[16.206315,48.3938845],[16.2061488,48.3940184]]]},"properties":{"voltage":"110000","name":"Umspannwerk Stockerau"}},{"type":"Feature","geometry":{"type":"Polygon","coordinates":[[[16.4688047,48.2156467],[16.4691074,48.2155389],[16.4689043,48.2152964],[16.4687252,48.2153622],[16.4686072,48.2154056],[16.4686222,48.2154239],[16.4687736,48.2156087],[16.4687876,48.2156258],[16.4688047,48.2156467]]]},"properties":{"voltage":"110000","name":""}},{"type":"Feature","geometry":{"type":"Polygon","coordinates":[[[17.0341858,48.3049276],[17.033653,48.304552],[17.0321043,48.3036129],[17.0318719,48.303472],[17.0311877,48.3039535],[17.0311311,48.3039933],[17.0292675,48.3052977],[17.0285651,48.3057893],[17.0289243,48.3060179],[17.029588,48.3064402],[17.0298316,48.3065957],[17.0309013,48.3072787],[17.0309548,48.3072911],[17.0310151,48.3072939],[17.0310725,48.3072893],[17.0342292,48.3051143],[17.0342576,48.3050283],[17.0341858,48.3049276]]]},"properties":{"voltage":"400000;110000","name":"ESt Stupava"}},{"type":"Feature","geometry":{"type":"Polygon","coordinates":[[[17.1481204,48.1890139],[17.1485097,48.1890504],[17.1484515,48.1892796],[17.1482679,48.1900026],[17.1468069,48.1898455],[17.1470222,48.1888974],[17.1481204,48.1890139]]]},"properties":{"voltage":"","name":"\u017dab\u00ed majer"}},{"type":"Feature","geometry":{"type":"Polygon","coordinates":[[[16.4306381,48.3272106],[16.4298242,48.3274138],[16.4297313,48.3276378],[16.4298026,48.3279706],[16.4309283,48.3276557],[16.4306381,48.3272106]]]},"properties":{"voltage":"110000","name":"Umspannwerk Gerasdorf"}},{"type":"Feature","geometry":{"type":"Polygon","coordinates":[[[16.3333808,48.2004963],[16.3334502,48.2003831],[16.3330438,48.2002733],[16.3327717,48.2006978],[16.3331868,48.2008134],[16.3331978,48.2007932],[16.3333023,48.2006279],[16.3331059,48.2005684],[16.3331998,48.2004217],[16.3333101,48.2004532],[16.3332958,48.2004738],[16.3333808,48.2004963]]]},"properties":{"voltage":"110000","name":"Umspannwerk Schmelz"}},{"type":"Feature","geometry":{"type":"Polygon","coordinates":[[[16.3388065,48.3306457],[16.3400992,48.3313627],[16.3406963,48.3308869],[16.3394037,48.3301699],[16.3388065,48.3306457]]]},"properties":{"voltage":"110000","name":""}},{"type":"Feature","geometry":{"type":"Polygon","coordinates":[[[16.3535959,48.1912994],[16.3536567,48.1912775],[16.3536952,48.1912637],[16.3537225,48.1912539],[16.3537846,48.1912314],[16.3540032,48.1915007],[16.3538075,48.1915668],[16.3535959,48.1912994]]]},"properties":{"voltage":"","name":"U-Bahn Unterwerk Pilgramgasse"}},{"type":"Feature","geometry":{"type":"Polygon","coordinates":[[[17.6587094,48.3342948],[17.658638,48.334305],[17.6585758,48.3343139],[17.6585283,48.3343207],[17.6577735,48.3344922],[17.6575144,48.3345233],[17.6567695,48.3347159],[17.6567177,48.3347509],[17.6567118,48.334804],[17.6573653,48.3360498],[17.6587128,48.3385405],[17.6601988,48.3381843],[17.6603404,48.3384588],[17.6607237,48.3387007],[17.6613254,48.3397823],[17.6638811,48.3391576],[17.6621819,48.3359346],[17.6610162,48.3361842],[17.6596937,48.3336342],[17.659899,48.3335764],[17.6597873,48.3334055],[17.6583993,48.3337069],[17.6587094,48.3342948]]]},"properties":{"voltage":"400000;220000;110000","name":"Kri\u017eovany"}},{"type":"Feature","geometry":{"type":"Polygon","coordinates":[[[16.3673801,48.3733312],[16.3673824,48.3733817],[16.3674532,48.3733803],[16.3674509,48.3733298],[16.3673801,48.3733312]]]},"properties":{"voltage":"","name":"TST Tresdorf Pumpe"}},{"type":"Feature","geometry":{"type":"Polygon","coordinates":[[[17.0918494,48.1530428],[17.0917795,48.1529932],[17.0917053,48.1530398],[17.0917752,48.1530893],[17.0918494,48.1530428]]]},"properties":{"voltage":"","name":""}},{"type":"Feature","geometry":{"type":"Polygon","coordinates":[[[17.0931924,48.1516927],[17.0930785,48.1516929],[17.0930787,48.1516354],[17.0931943,48.1516364],[17.0931924,48.1516927]]]},"properties":{"voltage":"","name":""}},{"type":"Feature","geometry":{"type":"Polygon","coordinates":[[[17.0768182,48.1606395],[17.0768176,48.1606154],[17.076775,48.1606159],[17.0767757,48.16064],[17.0768182,48.1606395]]]},"properties":{"voltage":"","name":"TS-214"}},{"type":"Feature","geometry":{"type":"Polygon","coordinates":[[[18.0992432,48.2627367],[18.0990138,48.2631025],[18.0996379,48.2632759],[18.0996864,48.2631985],[18.099746,48.2632151],[18.0997676,48.2631807],[18.0997993,48.2631895],[18.0998873,48.2630492],[18.0999586,48.2629355],[18.0992432,48.2627367]]]},"properties":{"voltage":"","name":"Plastika Nitra"}},{"type":"Feature","geometry":{"type":"Polygon","coordinates":[[[17.0303629,48.151641],[17.0303448,48.1515766],[17.0303411,48.1515628],[17.030255,48.1515737],[17.0302761,48.1516509],[17.0303629,48.151641]]]},"properties":{"voltage":"","name":"TS-1116"}},{"type":"Feature","geometry":{"type":"Polygon","coordinates":[[[17.134168,48.1700698],[17.1340796,48.1699791],[17.1340094,48.1700082],[17.1340985,48.1701002],[17.134168,48.1700698]]]},"properties":{"voltage":"","name":"T895"}},{"type":"Feature","geometry":{"type":"Polygon","coordinates":[[[17.1274813,48.1799445],[17.1275079,48.1800697],[17.1278369,48.1800386],[17.127833,48.1800201],[17.1279054,48.1800132],[17.1278792,48.1798902],[17.1278022,48.1798975],[17.1278056,48.1799138],[17.1274813,48.1799445]]]},"properties":{"voltage":"","name":"Meniare\u0148 Ra\u010dianska (4)"}},{"type":"Feature","geometry":{"type":"Polygon","coordinates":[[[17.1228804,48.1585926],[17.1229815,48.1585995],[17.1229912,48.1585302],[17.1230389,48.1585334],[17.1230472,48.1584887],[17.1230344,48.1584873],[17.1230248,48.1584862],[17.1230329,48.158455],[17.123008,48.1584522],[17.1230095,48.1584422],[17.1229041,48.1584361],[17.1228804,48.1585926]]]},"properties":{"voltage":"","name":""}},{"type":"Feature","geometry":{"type":"Polygon","coordinates":[[[17.1375983,48.1657022],[17.1376873,48.1656636],[17.1376372,48.1656122],[17.1375482,48.1656508],[17.1375983,48.1657022]]]},"properties":{"voltage":"","name":""}},{"type":"Feature","geometry":{"type":"Polygon","coordinates":[[[17.1284166,48.1809253],[17.1283971,48.1808653],[17.1282787,48.1808821],[17.1282983,48.1809422],[17.1284166,48.1809253]]]},"properties":{"voltage":"","name":"TS-986"}},{"type":"Feature","geometry":{"type":"Polygon","coordinates":[[[17.1195632,48.1641825],[17.1191443,48.163675],[17.1191085,48.1636883],[17.1191115,48.1636909],[17.1188485,48.1637883],[17.1192703,48.1642926],[17.1195632,48.1641825]]]},"properties":{"voltage":"","name":"Pionierska"}},{"type":"Feature","geometry":{"type":"Polygon","coordinates":[[[17.1284535,48.1775032],[17.1284461,48.177462],[17.1283316,48.1774713],[17.1283383,48.1775113],[17.1284535,48.1775032]]]},"properties":{"voltage":"","name":"TS-996"}},{"type":"Feature","geometry":{"type":"Polygon","coordinates":[[[17.1770825,48.1887149],[17.1770717,48.1887234],[17.1774553,48.1888808],[17.1774663,48.1888705],[17.1775538,48.1887725],[17.1771726,48.1886158],[17.1770825,48.1887149]]]},"properties":{"voltage":"","name":"TS-562; Meniare\u0148 DPB 15: Zlat\u00e9 piesky"}},{"type":"Feature","geometry":{"type":"Polygon","coordinates":[[[17.1604923,48.1778612],[17.1605617,48.1777664],[17.160569,48.177768],[17.1605933,48.1777347],[17.1605296,48.1777145],[17.1605675,48.177665],[17.160414,48.1776141],[17.1603233,48.1777333],[17.160312,48.1777292],[17.1602986,48.1777453],[17.1603107,48.1777495],[17.1602816,48.1777916],[17.1604923,48.1778612]]]},"properties":{"voltage":"","name":"Meniare\u0148 DPB 3: Trn\u00e1vka"}},{"type":"Feature","geometry":{"type":"Polygon","coordinates":[[[17.6161941,48.3682298],[17.6162135,48.3682107],[17.6161851,48.368198],[17.6161657,48.368217],[17.6161941,48.3682298]]]},"properties":{"voltage":"42000","name":""}},{"type":"Feature","geometry":{"type":"Polygon","coordinates":[[[17.4528675,48.5209842],[17.4528106,48.5209488],[17.4527613,48.5209841],[17.4527915,48.5210028],[17.4528182,48.5210194],[17.4528675,48.5209842]]]},"properties":{"voltage":"","name":""}},{"type":"Feature","geometry":{"type":"Polygon","coordinates":[[[18.8918327,48.4615603],[18.8917285,48.4615395],[18.8916998,48.4616029],[18.891804,48.4616237],[18.8918327,48.4615603]]]},"properties":{"voltage":"","name":""}},{"type":"Feature","geometry":{"type":"Polygon","coordinates":[[[18.9079528,48.4521937],[18.9079511,48.4521993],[18.9080414,48.4522119],[18.9080935,48.4520567],[18.9080031,48.4520429],[18.9079998,48.4520529],[18.9079328,48.4520427],[18.9078857,48.4521847],[18.9079528,48.4521937]]]},"properties":{"voltage":"","name":""}},{"type":"Feature","geometry":{"type":"Polygon","coordinates":[[[17.1557598,48.1621336],[17.1557662,48.1620912],[17.1557035,48.162087],[17.1556971,48.1621294],[17.1557598,48.1621336]]]},"properties":{"voltage":"22000;420","name":"TS-11"}},{"type":"Feature","geometry":{"type":"Polygon","coordinates":[[[17.1537049,48.158056],[17.1538018,48.1580631],[17.1538105,48.1580111],[17.1537136,48.158004],[17.1537049,48.158056]]]},"properties":{"voltage":"22000;420","name":"TS-2"}},{"type":"Feature","geometry":{"type":"Polygon","coordinates":[[[17.1713085,48.163785],[17.1713122,48.1637604],[17.1712695,48.1637576],[17.171265,48.163781],[17.1713085,48.163785]]]},"properties":{"voltage":"","name":"Ts-1248"}},{"type":"Feature","geometry":{"type":"Polygon","coordinates":[[[17.165599,48.1542425],[17.1655943,48.1542694],[17.1657304,48.1542797],[17.1657337,48.1542516],[17.165599,48.1542425]]]},"properties":{"voltage":"","name":"Ts-1253"}},{"type":"Feature","geometry":{"type":"Polygon","coordinates":[[[17.1600666,48.1601451],[17.1601252,48.160149],[17.1601303,48.1601087],[17.1600727,48.1601048],[17.1600666,48.1601451]]]},"properties":{"voltage":"22000;420","name":"TS-5"}},{"type":"Feature","geometry":{"type":"Polygon","coordinates":[[[17.1726393,48.1518715],[17.1726489,48.1518123],[17.1725496,48.1518044],[17.17254,48.1518637],[17.1726393,48.1518715]]]},"properties":{"voltage":"","name":"TS-35"}},{"type":"Feature","geometry":{"type":"Polygon","coordinates":[[[17.1754431,48.1574855],[17.1755393,48.1574919],[17.1755489,48.1574338],[17.1754527,48.1574274],[17.1754431,48.1574855]]]},"properties":{"voltage":"","name":"TS-42"}},{"type":"Feature","geometry":{"type":"Polygon","coordinates":[[[17.1600921,48.1585288],[17.1601015,48.1584663],[17.1600889,48.1584654],[17.1600886,48.158471],[17.1599947,48.1584636],[17.1599861,48.1585149],[17.1600856,48.1585227],[17.1600853,48.1585284],[17.1600921,48.1585288]]]},"properties":{"voltage":"22000;420","name":"TS-4"}},{"type":"Feature","geometry":{"type":"Polygon","coordinates":[[[17.152384,48.162436],[17.1523942,48.162379],[17.1522975,48.1623713],[17.1522864,48.1624282],[17.152384,48.162436]]]},"properties":{"voltage":"22000;420","name":"TS-10"}},{"type":"Feature","geometry":{"type":"Polygon","coordinates":[[[17.1572055,48.1583196],[17.1573017,48.1583261],[17.1573096,48.1582736],[17.1572127,48.1582659],[17.1572055,48.1583196]]]},"properties":{"voltage":"22000;420","name":"TS-3"}},{"type":"Feature","geometry":{"type":"Polygon","coordinates":[[[17.1495573,48.1622205],[17.1495671,48.1621668],[17.1494702,48.1621592],[17.1494613,48.162214],[17.1495573,48.1622205]]]},"properties":{"voltage":"22000;420","name":"TS-9"}},{"type":"Feature","geometry":{"type":"Polygon","coordinates":[[[17.1728349,48.1553238],[17.1729319,48.1553293],[17.172941,48.1552745],[17.1728433,48.1552679],[17.1728349,48.1553238]]]},"properties":{"voltage":"","name":"TS-40"}},{"type":"Feature","geometry":{"type":"Polygon","coordinates":[[[17.1567879,48.1543816],[17.1567807,48.154454],[17.1568718,48.1544587],[17.1568745,48.1544358],[17.1568812,48.1543885],[17.1567879,48.1543816]]]},"properties":{"voltage":"","name":"TS-1020"}},{"type":"Feature","geometry":{"type":"Polygon","coordinates":[[[17.1544855,48.1596514],[17.1545864,48.1596593],[17.1545934,48.1596079],[17.1544941,48.1596],[17.1544855,48.1596514]]]},"properties":{"voltage":"22000;420","name":"TS-7"}},{"type":"Feature","geometry":{"type":"Polygon","coordinates":[[[17.1511736,48.1603206],[17.1511692,48.1603441],[17.1512687,48.1603508],[17.1512721,48.1603283],[17.1512763,48.1603286],[17.1512766,48.1602982],[17.1511813,48.1602918],[17.1511736,48.1603206]]]},"properties":{"voltage":"22000;420","name":"TS-8"}},{"type":"Feature","geometry":{"type":"Polygon","coordinates":[[[17.1714995,48.1539874],[17.1715093,48.1539146],[17.1713948,48.1539078],[17.171385,48.1539806],[17.1714995,48.1539874]]]},"properties":{"voltage":"","name":"TS-953"}},{"type":"Feature","geometry":{"type":"Polygon","coordinates":[[[17.1512009,48.1578695],[17.1512985,48.1578773],[17.1513062,48.1578259],[17.1512095,48.1578183],[17.1512009,48.1578695]]]},"properties":{"voltage":"22000;420","name":"TS-1"}},{"type":"Feature","geometry":{"type":"Polygon","coordinates":[[[17.1577723,48.1608423],[17.1577729,48.1608384],[17.1577814,48.1607819],[17.1576693,48.1607743],[17.1576599,48.1608308],[17.1576593,48.1608347],[17.1577723,48.1608423]]]},"properties":{"voltage":"22000;420","name":"TS-6"}},{"type":"Feature","geometry":{"type":"Polygon","coordinates":[[[17.1698366,48.1566437],[17.1698431,48.1565845],[17.1697437,48.1565785],[17.1697352,48.156635],[17.1698366,48.1566437]]]},"properties":{"voltage":"","name":"Ts-44"}},{"type":"Feature","geometry":{"type":"Polygon","coordinates":[[[18.1616118,48.5610125],[18.1616615,48.5610571],[18.1617544,48.5610128],[18.1617049,48.5609671],[18.1616118,48.5610125]]]},"properties":{"voltage":"","name":""}},{"type":"Feature","geometry":{"type":"Polygon","coordinates":[[[18.1480103,48.5631598],[18.1479852,48.5631798],[18.1480354,48.5632087],[18.1480605,48.5631898],[18.1480103,48.5631598]]]},"properties":{"voltage":"","name":""}},{"type":"Feature","geometry":{"type":"Polygon","coordinates":[[[17.1413704,48.1435567],[17.1413775,48.1435872],[17.1414224,48.1435825],[17.1414153,48.143552],[17.1413704,48.1435567]]]},"properties":{"voltage":"","name":"TS-189"}},{"type":"Feature","geometry":{"type":"Polygon","coordinates":[[[17.141703,48.143016],[17.1415298,48.1430338],[17.1415428,48.1430933],[17.1417159,48.1430757],[17.141715,48.1430701],[17.141703,48.143016]]]},"properties":{"voltage":"","name":"TS-191"}},{"type":"Feature","geometry":{"type":"Polygon","coordinates":[[[17.886911,48.1613265],[17.8868342,48.1613512],[17.8868867,48.1614176],[17.8869629,48.161394],[17.886911,48.1613265]]]},"properties":{"voltage":"22000;400","name":""}},{"type":"Feature","geometry":{"type":"Polygon","coordinates":[[[17.8842147,48.1620561],[17.8841071,48.1620326],[17.8840789,48.1620874],[17.8841854,48.1621108],[17.8842147,48.1620561]]]},"properties":{"voltage":"22000;400","name":""}},{"type":"Feature","geometry":{"type":"Polygon","coordinates":[[[17.8748346,48.1583607],[17.8748847,48.1584045],[17.874962,48.1583663],[17.8749124,48.1583215],[17.8748346,48.1583607]]]},"properties":{"voltage":"22000;400","name":""}},{"type":"Feature","geometry":{"type":"Polygon","coordinates":[[[22.0481634,48.4126156],[22.0480909,48.4126723],[22.0481919,48.4127299],[22.048224,48.4127059],[22.0482408,48.4127165],[22.0482285,48.4127263],[22.0482577,48.4127428],[22.0483117,48.4127013],[22.0481634,48.4126156]]]},"properties":{"voltage":"","name":""}},{"type":"Feature","geometry":{"type":"Polygon","coordinates":[[[19.4250674,48.5585823],[19.4250886,48.5586137],[19.4251689,48.5585893],[19.4251294,48.558531],[19.4250649,48.5585505],[19.4250828,48.5585774],[19.4250674,48.5585823]]]},"properties":{"voltage":"","name":""}},{"type":"Feature","geometry":{"type":"Polygon","coordinates":[[[19.4066817,48.5413641],[19.406652,48.5413335],[19.4066236,48.5413445],[19.406653,48.5413752],[19.4066817,48.5413641]]]},"properties":{"voltage":"","name":""}},{"type":"Feature","geometry":{"type":"Polygon","coordinates":[[[17.3179683,48.0850377],[17.3179734,48.0850596],[17.3180051,48.085056],[17.3180007,48.0850343],[17.3179683,48.0850377]]]},"properties":{"voltage":"22000;420","name":""}},{"type":"Feature","geometry":{"type":"Polygon","coordinates":[[[17.2821641,48.0821109],[17.282162,48.0820932],[17.282128,48.0820951],[17.2821302,48.0821128],[17.2821641,48.0821109]]]},"properties":{"voltage":"","name":""}},{"type":"Feature","geometry":{"type":"Polygon","coordinates":[[[17.2811119,48.0934804],[17.2811383,48.0935013],[17.2811865,48.0934729],[17.2811608,48.093452],[17.2811119,48.0934804]]]},"properties":{"voltage":"","name":""}},{"type":"Feature","geometry":{"type":"Polygon","coordinates":[[[17.4044239,48.0169647],[17.4043837,48.0169406],[17.4043492,48.0169667],[17.404326,48.0169843],[17.4043671,48.0170084],[17.4044239,48.0169647]]]},"properties":{"voltage":"","name":""}},{"type":"Feature","geometry":{"type":"Polygon","coordinates":[[[17.2105703,48.1440894],[17.2106393,48.1441189],[17.210698,48.1440584],[17.2106101,48.1440208],[17.210552,48.1440813],[17.2105703,48.1440894]]]},"properties":{"voltage":"","name":""}},{"type":"Feature","geometry":{"type":"Polygon","coordinates":[[[16.3596026,48.1747902],[16.3596993,48.1747813],[16.3596855,48.1747146],[16.3595888,48.1747235],[16.3596026,48.1747902]]]},"properties":{"voltage":"","name":""}},{"type":"Feature","geometry":{"type":"Polygon","coordinates":[[[17.198274,48.1416942],[17.1983302,48.1416686],[17.1982819,48.1416189],[17.1982649,48.1416264],[17.1982243,48.1416422],[17.198274,48.1416942]]]},"properties":{"voltage":"","name":""}},{"type":"Feature","geometry":{"type":"Polygon","coordinates":[[[16.3433744,48.188302],[16.3435185,48.1883104],[16.3435235,48.1882723],[16.3433794,48.1882639],[16.3433744,48.188302]]]},"properties":{"voltage":"","name":""}},{"type":"Feature","geometry":{"type":"Polygon","coordinates":[[[17.0613975,48.150206],[17.061422,48.1501415],[17.0613384,48.1501274],[17.0613139,48.1501918],[17.0613975,48.150206]]]},"properties":{"voltage":"","name":"TS-207"}},{"type":"Feature","geometry":{"type":"Polygon","coordinates":[[[17.069142,48.1705017],[17.069004,48.1703873],[17.0688553,48.170466],[17.0689959,48.1705814],[17.069142,48.1705017]]]},"properties":{"voltage":"","name":"TS-197"}},{"type":"Feature","geometry":{"type":"Polygon","coordinates":[[[17.052583,48.1623533],[17.0524846,48.1623228],[17.0524376,48.1623874],[17.0525358,48.162419],[17.052583,48.1623533]]]},"properties":{"voltage":"","name":""}},{"type":"Feature","geometry":{"type":"Polygon","coordinates":[[[17.062495,48.1613175],[17.0625418,48.1612042],[17.0623554,48.1611685],[17.0623095,48.1612819],[17.062495,48.1613175]]]},"properties":{"voltage":"","name":""}},{"type":"Feature","geometry":{"type":"Polygon","coordinates":[[[17.0512997,48.1549771],[17.0513755,48.1548737],[17.0512823,48.1548425],[17.0512056,48.1549469],[17.0512997,48.1549771]]]},"properties":{"voltage":"","name":"TS-1089"}},{"type":"Feature","geometry":{"type":"Polygon","coordinates":[[[17.0681582,48.1503507],[17.0681746,48.1503371],[17.0681505,48.150323],[17.0681333,48.1503366],[17.0681582,48.1503507]]]},"properties":{"voltage":"","name":""}},{"type":"Feature","geometry":{"type":"Polygon","coordinates":[[[17.0659008,48.1757362],[17.0658368,48.1756968],[17.0657788,48.1757381],[17.0658422,48.1757774],[17.0659008,48.1757362]]]},"properties":{"voltage":"","name":"TS-500"}},{"type":"Feature","geometry":{"type":"Polygon","coordinates":[[[17.0482622,48.1513306],[17.048276,48.1514452],[17.048544,48.1514309],[17.0485303,48.1513163],[17.0482622,48.1513306]]]},"properties":{"voltage":"","name":"TS-1077"}},{"type":"Feature","geometry":{"type":"Polygon","coordinates":[[[17.0530568,48.1603448],[17.053073,48.1603222],[17.0530125,48.1603034],[17.0529963,48.160326],[17.0530568,48.1603448]]]},"properties":{"voltage":"","name":""}},{"type":"Feature","geometry":{"type":"Polygon","coordinates":[[[17.0668464,48.1729295],[17.0668721,48.1729165],[17.0668525,48.1728994],[17.0668269,48.1729134],[17.0668464,48.1729295]]]},"properties":{"voltage":"","name":"TS-1577"}},{"type":"Feature","geometry":{"type":"Polygon","coordinates":[[[22.077326,48.5564638],[22.0773078,48.5565174],[22.0774223,48.5565347],[22.0774408,48.5564812],[22.077326,48.5564638]]]},"properties":{"voltage":"22000;400","name":"TS1188-0016"}},{"type":"Feature","geometry":{"type":"Polygon","coordinates":[[[22.0701496,48.5584207],[22.0700737,48.5584852],[22.0701781,48.5585383],[22.0702534,48.5584726],[22.0701496,48.5584207]]]},"properties":{"voltage":"22000;400","name":"TR10"}},{"type":"Feature","geometry":{"type":"Polygon","coordinates":[[[22.0738136,48.5557128],[22.0737371,48.5557493],[22.0737925,48.5558012],[22.0738675,48.555767],[22.0738136,48.5557128]]]},"properties":{"voltage":"22000;400","name":"TR7"}},{"type":"Feature","geometry":{"type":"Polygon","coordinates":[[[22.023708,48.4072929],[22.02391,48.407336],[22.0239504,48.4072503],[22.0237489,48.4072072],[22.023708,48.4072929]]]},"properties":{"voltage":"22000","name":""}},{"type":"Feature","geometry":{"type":"Polygon","coordinates":[[[21.6186165,48.5303935],[21.6186407,48.530365],[21.6186459,48.5303663],[21.6186867,48.5303157],[21.6185763,48.5302766],[21.6185327,48.530326],[21.6185473,48.5303309],[21.6185258,48.5303618],[21.6186165,48.5303935]]]},"properties":{"voltage":"22000;400","name":""}},{"type":"Feature","geometry":{"type":"Polygon","coordinates":[[[20.884561,48.5742632],[20.8842936,48.5743329],[20.8843281,48.5743915],[20.8844837,48.5743518],[20.8845032,48.5743839],[20.8846146,48.5743551],[20.884561,48.5742632]]]},"properties":{"voltage":"","name":""}},{"type":"Feature","geometry":{"type":"Polygon","coordinates":[[[19.4615276,48.1765541],[19.4614777,48.1769518],[19.462603,48.1770193],[19.4626688,48.1766246],[19.4615276,48.1765541]]]},"properties":{"voltage":"","name":""}},{"type":"Feature","geometry":{"type":"Polygon","coordinates":[[[16.2611674,48.1699343],[16.2611978,48.1699343],[16.2611978,48.1699188],[16.2611676,48.1699187],[16.2611674,48.1699343]]]},"properties":{"voltage":"","name":""}},{"type":"Feature","geometry":{"type":"Polygon","coordinates":[[[16.1171797,48.0290218],[16.1172104,48.0290324],[16.1172252,48.0290119],[16.1171936,48.0290013],[16.117186,48.0290125],[16.1171797,48.0290218]]]},"properties":{"voltage":"","name":""}},{"type":"Feature","geometry":{"type":"Polygon","coordinates":[[[17.5962413,48.3872126],[17.5962266,48.3872681],[17.596355,48.387283],[17.5963697,48.3872275],[17.5962413,48.3872126]]]},"properties":{"voltage":"","name":""}},{"type":"Feature","geometry":{"type":"Polygon","coordinates":[[[17.5963002,48.3886333],[17.5963107,48.3886265],[17.596233,48.3885722],[17.5962016,48.3885911],[17.5961243,48.3886382],[17.5962041,48.3886934],[17.5963002,48.3886333]]]},"properties":{"voltage":"","name":""}},{"type":"Feature","geometry":{"type":"Polygon","coordinates":[[[17.5960126,48.3882585],[17.5959783,48.3883985],[17.5961144,48.3884128],[17.5961486,48.3882738],[17.5960126,48.3882585]]]},"properties":{"voltage":"","name":""}},{"type":"Feature","geometry":{"type":"Polygon","coordinates":[[[16.9186964,48.1215125],[16.9184689,48.1224078],[16.9187611,48.1224375],[16.9188018,48.1224416],[16.9188289,48.1224447],[16.919177,48.122485],[16.9197007,48.1223954],[16.9197221,48.1223112],[16.9198065,48.1219873],[16.919836,48.1218714],[16.9194978,48.1216054],[16.9186964,48.1215125]]]},"properties":{"voltage":"110000","name":"Umspannwerk Deutsch-Altenburg"}},{"type":"Feature","geometry":{"type":"Polygon","coordinates":[[[16.4684264,48.219476],[16.4684911,48.2194655],[16.4684762,48.2194314],[16.4684139,48.2194405],[16.4684264,48.219476]]]},"properties":{"voltage":"","name":""}},{"type":"Feature","geometry":{"type":"Polygon","coordinates":[[[16.7120078,48.5993316],[16.7120357,48.5993261],[16.7120265,48.5992983],[16.7119959,48.5993037],[16.7120078,48.5993316]]]},"properties":{"voltage":"","name":""}},{"type":"Feature","geometry":{"type":"Polygon","coordinates":[[[16.7601251,48.4674272],[16.7602765,48.4674608],[16.760347,48.4673451],[16.7607216,48.4673841],[16.7612207,48.4675036],[16.7607856,48.4682438],[16.7605901,48.4684835],[16.7601384,48.4688961],[16.760011,48.4688987],[16.7594933,48.468648],[16.759429,48.4685537],[16.7596596,48.4681429],[16.760026,48.4675639],[16.7600512,48.4675712],[16.7601251,48.4674272]]]},"properties":{"voltage":"110000","name":"Umspannwerk Spannberg"}},{"type":"Feature","geometry":{"type":"Polygon","coordinates":[[[16.2941542,48.373527],[16.2941334,48.3735046],[16.2941707,48.3734893],[16.2941915,48.3735116],[16.2941542,48.373527]]]},"properties":{"voltage":"","name":""}},{"type":"Feature","geometry":{"type":"Polygon","coordinates":[[[16.3202392,48.1742847],[16.3202921,48.1742811],[16.3202804,48.1742053],[16.3202275,48.1742089],[16.3202392,48.1742847]]]},"properties":{"voltage":"","name":""}},{"type":"Feature","geometry":{"type":"Polygon","coordinates":[[[16.3255229,48.174139],[16.325682,48.1741005],[16.3256622,48.1740641],[16.3255031,48.1741026],[16.3255229,48.174139]]]},"properties":{"voltage":"","name":""}},{"type":"Feature","geometry":{"type":"Polygon","coordinates":[[[16.2752653,48.1437525],[16.2754587,48.1437193],[16.2754413,48.1436741],[16.2752479,48.1437073],[16.2752653,48.1437525]]]},"properties":{"voltage":"","name":""}},{"type":"Feature","geometry":{"type":"Polygon","coordinates":[[[17.6806422,48.4937627],[17.6796961,48.4929617],[17.6802419,48.4926817],[17.6808549,48.4931953],[17.6809059,48.4931651],[17.6809996,48.4932514],[17.6810575,48.4932246],[17.6812519,48.4933997],[17.6813632,48.4933393],[17.6816355,48.4936832],[17.6811191,48.4939428],[17.6808053,48.493685],[17.6806422,48.4937627]]]},"properties":{"voltage":"","name":"V1"}},{"type":"Feature","geometry":{"type":"Polygon","coordinates":[[[17.691589,48.4991724],[17.6952884,48.498857],[17.6950885,48.4979059],[17.6913823,48.4982479],[17.691589,48.4991724]]]},"properties":{"voltage":"400000","name":"Jaslovsk\u00e9 Bohunice"}},{"type":"Feature","geometry":{"type":"Polygon","coordinates":[[[16.4156748,48.2158108],[16.4156332,48.2157831],[16.4156796,48.2157501],[16.4157231,48.2157783],[16.4156748,48.2158108]]]},"properties":{"voltage":"","name":""}},{"type":"Feature","geometry":{"type":"Polygon","coordinates":[[[16.3496833,48.2077442],[16.3498646,48.2077592],[16.3498253,48.2079353],[16.3496456,48.2079174],[16.3496656,48.2078138],[16.3496833,48.2077442]]]},"properties":{"voltage":"110000","name":"Umspannwerk Josefstadt"}},{"type":"Feature","geometry":{"type":"Polygon","coordinates":[[[16.713788,48.3446],[16.7140425,48.3441827],[16.7132126,48.3434492],[16.7127595,48.3436757],[16.713788,48.3446]]]},"properties":{"voltage":"110000","name":"Umspannwerk G\u00e4nserndorf"}},{"type":"Feature","geometry":{"type":"Polygon","coordinates":[[[16.8213213,48.382333],[16.8215032,48.3821768],[16.8213285,48.3820813],[16.8214147,48.3820065],[16.8229687,48.3828304],[16.8227273,48.38306],[16.8213213,48.382333]]]},"properties":{"voltage":"15000","name":""}},{"type":"Feature","geometry":{"type":"Polygon","coordinates":[[[16.6225669,48.5435337],[16.6230896,48.5433542],[16.6228497,48.543048],[16.6227887,48.5430692],[16.6226982,48.5431],[16.6226594,48.5430505],[16.6225114,48.5431014],[16.6225508,48.5431518],[16.6223277,48.5432284],[16.6225669,48.5435337]]]},"properties":{"voltage":"110000","name":"Umspannwerk Kettlasbrunn"}},{"type":"Feature","geometry":{"type":"Polygon","coordinates":[[[17.1901133,48.2190421],[17.1897061,48.2188745],[17.189778,48.218797],[17.1896327,48.2187371],[17.1893914,48.2189905],[17.1899484,48.2192184],[17.1901133,48.2190421]]]},"properties":{"voltage":"","name":"BEZ BA"}},{"type":"Feature","geometry":{"type":"Polygon","coordinates":[[[17.1784609,48.1597765],[17.1778069,48.1598123],[17.177698,48.1598183],[17.1773017,48.159795],[17.177302,48.1597878],[17.1773066,48.1597593],[17.1773109,48.159733],[17.1773149,48.1597084],[17.1773195,48.1596805],[17.1773239,48.1596536],[17.1773283,48.1596263],[17.1773327,48.1595994],[17.177337,48.1595732],[17.1773414,48.1595463],[17.1773457,48.1595195],[17.1773501,48.1594927],[17.1773545,48.1594659],[17.1773589,48.1594385],[17.1773632,48.1594123],[17.1773722,48.1593569],[17.1773768,48.159329],[17.1773814,48.159301],[17.1773825,48.1592937],[17.1774257,48.1590031],[17.1779665,48.1590363],[17.1783167,48.1592097],[17.1783341,48.1592549],[17.1783683,48.1592731],[17.1783974,48.1592882],[17.1786026,48.1593835],[17.1786039,48.1594385],[17.1785728,48.1595426],[17.1784609,48.1597765]]]},"properties":{"voltage":"110000;20000","name":"Ostredky"}},{"type":"Feature","geometry":{"type":"Polygon","coordinates":[[[17.0327669,48.2023075],[17.0327251,48.2020684],[17.0333645,48.2020187],[17.0334064,48.2022577],[17.0327669,48.2023075]]]},"properties":{"voltage":"","name":"Podvornice"}},{"type":"Feature","geometry":{"type":"Polygon","coordinates":[[[17.411822,48.2046273],[17.4115116,48.2056592],[17.4123794,48.2057752],[17.4124845,48.205426],[17.4125231,48.2052978],[17.4125516,48.2052032],[17.4125812,48.2051047],[17.4123253,48.2050705],[17.4124339,48.2047091],[17.411822,48.2046273]]]},"properties":{"voltage":"","name":"Senec"}},{"type":"Feature","geometry":{"type":"Polygon","coordinates":[[[17.2829261,48.3025029],[17.2840448,48.3020548],[17.2847628,48.3028417],[17.2837316,48.3032535],[17.2836462,48.3032876],[17.2835871,48.3032272],[17.2829261,48.3025029]]]},"properties":{"voltage":"","name":"Pezinok"}},{"type":"Feature","geometry":{"type":"Polygon","coordinates":[[[16.5586901,48.5644253],[16.5596194,48.564802],[16.5597112,48.5646853],[16.559421,48.5645833],[16.5595632,48.5644031],[16.5587905,48.5641073],[16.5586901,48.5644253]]]},"properties":{"voltage":"110000","name":"Unterwerk Mistelbach"}},{"type":"Feature","geometry":{"type":"Polygon","coordinates":[[[16.3103981,48.0907898],[16.3104667,48.0908145],[16.3105258,48.0907413],[16.3104572,48.0907165],[16.3103981,48.0907898]]]},"properties":{"voltage":"20000","name":""}},{"type":"Feature","geometry":{"type":"Polygon","coordinates":[[[16.499065,48.2393919],[16.4991197,48.2393826],[16.4991017,48.2393397],[16.4990449,48.2393513],[16.499065,48.2393919]]]},"properties":{"voltage":"","name":""}},{"type":"Feature","geometry":{"type":"Polygon","coordinates":[[[16.355352,48.2538368],[16.3554311,48.2538427],[16.3554486,48.2537383],[16.3553695,48.2537325],[16.355352,48.2538368]]]},"properties":{"voltage":"","name":""}},{"type":"Feature","geometry":{"type":"Polygon","coordinates":[[[18.1814921,48.5650601],[18.1815647,48.5650124],[18.1815014,48.5649703],[18.1814284,48.565018],[18.1814921,48.5650601]]]},"properties":{"voltage":"","name":""}},{"type":"Feature","geometry":{"type":"Polygon","coordinates":[[[18.1787906,48.5664452],[18.1787093,48.566497],[18.1787812,48.5665452],[18.178861,48.5664933],[18.1787906,48.5664452]]]},"properties":{"voltage":"","name":""}},{"type":"Feature","geometry":{"type":"Polygon","coordinates":[[[17.8914204,48.1643182],[17.8914824,48.1642779],[17.891424,48.1642382],[17.8913617,48.1642807],[17.8914204,48.1643182]]]},"properties":{"voltage":"22000;400","name":""}},{"type":"Feature","geometry":{"type":"Polygon","coordinates":[[[17.8884006,48.1647484],[17.8883408,48.1647877],[17.8884222,48.1648367],[17.88848,48.1648029],[17.8884006,48.1647484]]]},"properties":{"voltage":"22000;400","name":""}},{"type":"Feature","geometry":{"type":"Polygon","coordinates":[[[17.8897868,48.1661953],[17.8897344,48.1661616],[17.8896741,48.166202],[17.889727,48.1662357],[17.8897868,48.1661953]]]},"properties":{"voltage":"22000;400","name":""}},{"type":"Feature","geometry":{"type":"Polygon","coordinates":[[[17.8895295,48.1637639],[17.8895898,48.1637247],[17.8895111,48.1636703],[17.889451,48.1637095],[17.8895295,48.1637639]]]},"properties":{"voltage":"22000;400","name":""}},{"type":"Feature","geometry":{"type":"Polygon","coordinates":[[[16.3898314,48.2360261],[16.3899007,48.2360621],[16.3899601,48.2360114],[16.3898908,48.2359754],[16.3898314,48.2360261]]]},"properties":{"voltage":"","name":""}},{"type":"Feature","geometry":{"type":"Polygon","coordinates":[[[17.0572852,48.148796],[17.0572606,48.1486147],[17.057251,48.1485384],[17.0572245,48.1484688],[17.0571991,48.1484196],[17.0571643,48.1483822],[17.0571229,48.14835],[17.057072,48.1483228],[17.0570131,48.148295],[17.0569542,48.1482763],[17.0568871,48.1482627],[17.0567591,48.148255],[17.0567504,48.1482553],[17.0567144,48.1482564],[17.0566683,48.1482578],[17.0564971,48.1483231],[17.0564418,48.1483487],[17.0564116,48.1483691],[17.0563755,48.1484119],[17.0563463,48.1484539],[17.0563265,48.1485001],[17.0563204,48.1485573],[17.0563274,48.1486335],[17.0563351,48.1486329],[17.0563596,48.1488595],[17.056383,48.1490712],[17.0563865,48.1491031],[17.0563993,48.149235],[17.0564376,48.1492331],[17.0564496,48.1493536],[17.0564979,48.1493524],[17.0565593,48.1493488],[17.05677,48.1493339],[17.0569239,48.1493216],[17.0569945,48.1492915],[17.0570974,48.1490703],[17.0571655,48.149067],[17.057212,48.14906],[17.0572466,48.1490546],[17.0572304,48.1489393],[17.0573039,48.1489342],[17.0572952,48.1488697],[17.0572852,48.148796]]]},"properties":{"voltage":"","name":"Karlova Ves"}},{"type":"Feature","geometry":{"type":"Polygon","coordinates":[[[16.6990278,48.033395],[16.6990122,48.030127],[16.6971454,48.0307637],[16.6967699,48.0308732],[16.6938624,48.0315108],[16.6936344,48.0308418],[16.691781,48.0308328],[16.6918022,48.0308922],[16.692249,48.0321251],[16.6924046,48.0326157],[16.692587,48.0331618],[16.6926205,48.0332836],[16.6969657,48.033282],[16.6969657,48.0334147],[16.6990278,48.033395]]]},"properties":{"voltage":"380000;110000","name":"Umspannwerk Sarasdorf"}},{"type":"Feature","geometry":{"type":"Polygon","coordinates":[[[16.367873,48.2094868],[16.3677996,48.2095272],[16.3678122,48.2095366],[16.3678183,48.2095417],[16.3677311,48.2095942],[16.3679243,48.2097291],[16.3678116,48.2098012],[16.3678291,48.209814],[16.3677571,48.2098596],[16.3677009,48.2098199],[16.3676489,48.2098525],[16.3676142,48.2098353],[16.3674816,48.2097485],[16.3675372,48.2097133],[16.3675207,48.2097022],[16.3676031,48.2096516],[16.3676398,48.2096289],[16.3675562,48.2095674],[16.3675599,48.2095653],[16.3677173,48.2094742],[16.3678009,48.2094285],[16.367873,48.2094868]]]},"properties":{"voltage":"110000","name":"Umspannwerk Neubad"}},{"type":"Feature","geometry":{"type":"Polygon","coordinates":[[[17.076222,48.1389964],[17.0761849,48.1389295],[17.0761017,48.1389487],[17.0761382,48.1390144],[17.076222,48.1389964]]]},"properties":{"voltage":"","name":""}},{"type":"Feature","geometry":{"type":"Polygon","coordinates":[[[16.4549869,48.209301],[16.4549857,48.2092639],[16.4549228,48.2092646],[16.454923,48.2093018],[16.4549869,48.209301]]]},"properties":{"voltage":"","name":""}},{"type":"Feature","geometry":{"type":"Polygon","coordinates":[[[17.0507017,48.1526821],[17.0506917,48.1525695],[17.0508893,48.1525617],[17.0509532,48.1525592],[17.0509632,48.1526718],[17.0507017,48.1526821]]]},"properties":{"voltage":"","name":"TS-1082"}},{"type":"Feature","geometry":{"type":"Polygon","coordinates":[[[20.0464129,48.3815614],[20.0465654,48.3814393],[20.0465137,48.3811071],[20.0475707,48.3802466],[20.0449358,48.3788256],[20.044344,48.3785058],[20.042321,48.3801843],[20.0430714,48.3810492],[20.0419469,48.3827813],[20.0422572,48.3828749],[20.0418727,48.3834533],[20.0419965,48.3834924],[20.0420012,48.3834853],[20.0421732,48.3835309],[20.0424431,48.3836093],[20.0424481,48.3836013],[20.0424747,48.3836099],[20.042471,48.3836173],[20.0429111,48.3837382],[20.0429166,48.3837304],[20.0429634,48.3837436],[20.0429572,48.3837523],[20.0435011,48.3839091],[20.0446052,48.3822689],[20.0452398,48.3823825],[20.0453189,48.3821889],[20.0452846,48.3820688],[20.0454973,48.3820041],[20.046082,48.3815188],[20.0461624,48.3814229],[20.0464129,48.3815614]]]},"properties":{"voltage":"400000;110000","name":"Rimavsk\u00e1 Sobota"}},{"type":"Feature","geometry":{"type":"Polygon","coordinates":[[[16.3207765,48.1079693],[16.3207734,48.1079076],[16.3208224,48.1079065],[16.3208254,48.1079682],[16.3207765,48.1079693]]]},"properties":{"voltage":"","name":""}},{"type":"Feature","geometry":{"type":"Polygon","coordinates":[[[18.2473334,48.5818556],[18.2472351,48.5819086],[18.2473038,48.5819599],[18.247396,48.5819111],[18.2473334,48.5818556]]]},"properties":{"voltage":"","name":""}},{"type":"Feature","geometry":{"type":"Polygon","coordinates":[[[18.2499035,48.5821957],[18.2498599,48.5821447],[18.2497949,48.5821703],[18.2498386,48.5822202],[18.2499035,48.5821957]]]},"properties":{"voltage":"","name":""}},{"type":"Feature","geometry":{"type":"Polygon","coordinates":[[[16.3553236,48.1809094],[16.3554634,48.1809029],[16.3554607,48.1808619],[16.3553192,48.1808684],[16.3553236,48.1809094]]]},"properties":{"voltage":"","name":""}},{"type":"Feature","geometry":{"type":"Polygon","coordinates":[[[16.3313521,48.1642248],[16.3301414,48.1650337],[16.3296478,48.1653877],[16.3295519,48.1654957],[16.3298237,48.165895],[16.3315898,48.1654926],[16.331773,48.1654525],[16.3316549,48.1652454],[16.3320432,48.1651442],[16.3313521,48.1642248]]]},"properties":{"voltage":"380000;110000","name":"Umspannwerk S\u00fcd"}},{"type":"Feature","geometry":{"type":"Polygon","coordinates":[[[17.0261264,48.0396813],[17.0273278,48.0390466],[17.0268512,48.0386426],[17.025657,48.0392083],[17.0256398,48.0392584],[17.0260246,48.0396464],[17.0261264,48.0396813]]]},"properties":{"voltage":"110000","name":"Umspannwerk Pama"}},{"type":"Feature","geometry":{"type":"Polygon","coordinates":[[[16.3957673,48.2976361],[16.3966349,48.2973881],[16.3962755,48.2968316],[16.3954307,48.2964109],[16.395232,48.2965906],[16.3954432,48.2969177],[16.3953252,48.2969515],[16.3957673,48.2976361]]]},"properties":{"voltage":"400000","name":"Kabel\u00fcberf\u00fchrungsstation 400kV-1GW-Nordeinspeisung"}},{"type":"Feature","geometry":{"type":"Polygon","coordinates":[[[17.1577889,48.2009334],[17.157757,48.2009165],[17.1577235,48.2008988],[17.1577509,48.2008757],[17.1578174,48.2009098],[17.1577889,48.2009334]]]},"properties":{"voltage":"","name":""}},{"type":"Feature","geometry":{"type":"Polygon","coordinates":[[[16.3128849,48.1641271],[16.3129898,48.1640863],[16.3129515,48.1640426],[16.3128466,48.1640835],[16.3128849,48.1641271]]]},"properties":{"voltage":"20000;400","name":""}},{"type":"Feature","geometry":{"type":"Polygon","coordinates":[[[16.8656553,48.0962291],[16.8658966,48.0958877],[16.8658627,48.095862],[16.8657977,48.0958891],[16.8657165,48.0958024],[16.8656772,48.0958237],[16.8654018,48.0956197],[16.8654992,48.095561],[16.8652969,48.0954114],[16.8652717,48.095395],[16.8649828,48.0953953],[16.8646345,48.0951424],[16.8645937,48.0951677],[16.8645497,48.0951951],[16.864453,48.0951224],[16.8639643,48.0954107],[16.8638869,48.0954564],[16.8648573,48.0961851],[16.8656553,48.0962291]]]},"properties":{"voltage":"110000","name":"Umspannwerk Petronell"}},{"type":"Feature","geometry":{"type":"Polygon","coordinates":[[[16.4382434,48.1808811],[16.4384209,48.1807779],[16.4380525,48.1804961],[16.437875,48.1805994],[16.4382434,48.1808811]]]},"properties":{"voltage":"110000","name":""}},{"type":"Feature","geometry":{"type":"Polygon","coordinates":[[[16.4093982,48.3326729],[16.4094594,48.3326609],[16.4094392,48.3326152],[16.4093849,48.3326259],[16.4093779,48.3326273],[16.4093982,48.3326729]]]},"properties":{"voltage":"","name":""}},{"type":"Feature","geometry":{"type":"Polygon","coordinates":[[[16.6252282,48.338619],[16.6256436,48.338581],[16.6259127,48.3384779],[16.6258789,48.338322],[16.6259265,48.3383176],[16.6259018,48.3381912],[16.6256558,48.3382137],[16.6256348,48.3381126],[16.6253535,48.3381384],[16.6251412,48.3381992],[16.6252282,48.338619]]]},"properties":{"voltage":"110000","name":"Umspannwerk Bockflie\u00df"}},{"type":"Feature","geometry":{"type":"Polygon","coordinates":[[[16.3115955,48.0880028],[16.3116238,48.0879667],[16.3116797,48.0879863],[16.3116513,48.0880224],[16.3115955,48.0880028]]]},"properties":{"voltage":"20000;400","name":""}},{"type":"Feature","geometry":{"type":"Polygon","coordinates":[[[16.4381337,48.240412],[16.4381885,48.2404041],[16.4381722,48.2403538],[16.4381189,48.2403617],[16.4381337,48.240412]]]},"properties":{"voltage":"","name":""}},{"type":"Feature","geometry":{"type":"Polygon","coordinates":[[[16.4400008,48.2438736],[16.4400725,48.2438518],[16.4400472,48.2438149],[16.4399755,48.2438367],[16.4400008,48.2438736]]]},"properties":{"voltage":"","name":""}},{"type":"Feature","geometry":{"type":"Polygon","coordinates":[[[17.1611129,48.2141598],[17.1612478,48.2140812],[17.1609545,48.2138579],[17.1608196,48.2139365],[17.1611129,48.2141598]]]},"properties":{"voltage":"","name":"TS 1048;Meniare\u0148 Z\u00e1humenice (14)"}},{"type":"Feature","geometry":{"type":"Polygon","coordinates":[[[16.3381123,48.1995136],[16.3382679,48.1995372],[16.3382937,48.1995411],[16.3383551,48.1993668],[16.3381763,48.1993366],[16.3381123,48.1995136]]]},"properties":{"voltage":"20000","name":"Unterwerk Goldschlagstra\u00dfe"}},{"type":"Feature","geometry":{"type":"Polygon","coordinates":[[[17.0458535,48.1574679],[17.0460243,48.157459],[17.0460236,48.1574533],[17.0460036,48.1572814],[17.0458328,48.1572902],[17.0458535,48.1574679]]]},"properties":{"voltage":"","name":"TS-1091"}},{"type":"Feature","geometry":{"type":"Polygon","coordinates":[[[16.3233337,48.3580166],[16.3238977,48.3576071],[16.3234312,48.3573234],[16.3228672,48.3577329],[16.3233337,48.3580166]]]},"properties":{"voltage":"110000","name":"Umspannwerk Korneuburg"}},{"type":"Feature","geometry":{"type":"Polygon","coordinates":[[[16.2353741,48.2004394],[16.2353557,48.2004037],[16.235333,48.2003521],[16.2355232,48.2003034],[16.2355125,48.2000376],[16.2356773,48.1999926],[16.235428,48.199386],[16.2367643,48.1990986],[16.2368281,48.199085],[16.2369947,48.1994801],[16.2374256,48.1994034],[16.2375477,48.1996926],[16.2376558,48.1996773],[16.2377688,48.1999957],[16.2374945,48.2000465],[16.2353741,48.2004394]]]},"properties":{"voltage":"110000","name":"Umformerwerk Auhof"}},{"type":"Feature","geometry":{"type":"Polygon","coordinates":[[[16.4601186,48.2178211],[16.4601621,48.2178361],[16.4601969,48.2177883],[16.460152,48.2177731],[16.4601186,48.2178211]]]},"properties":{"voltage":"","name":""}},{"type":"Feature","geometry":{"type":"Polygon","coordinates":[[[16.5751444,48.5609261],[16.5753149,48.5605412],[16.5753369,48.5604914],[16.5760707,48.5605868],[16.5760762,48.5608435],[16.5763544,48.5608758],[16.5763711,48.5608103],[16.5765384,48.5608291],[16.5765344,48.5608448],[16.576498,48.5609869],[16.5764739,48.5610871],[16.5751444,48.5609261]]]},"properties":{"voltage":"110000","name":"Umspannwerk Mistelbach"}},{"type":"Feature","geometry":{"type":"Polygon","coordinates":[[[16.2612042,48.1209388],[16.2613012,48.1209448],[16.2613112,48.1208742],[16.2612141,48.1208681],[16.2612042,48.1209388]]]},"properties":{"voltage":"","name":""}},{"type":"Feature","geometry":{"type":"Polygon","coordinates":[[[18.6005965,48.2346991],[18.6008495,48.2346411],[18.6009005,48.2346265],[18.600918,48.2345987],[18.6011184,48.2343301],[18.6009676,48.2342839],[18.6019008,48.2329643],[18.6018643,48.2329532],[18.6019507,48.2328317],[18.6017343,48.2327612],[18.601764,48.23272],[18.6015047,48.2326382],[18.6015103,48.2326304],[18.6013351,48.2325748],[18.6013043,48.2325742],[18.6012179,48.2325492],[18.6010153,48.2328506],[18.6007572,48.2332347],[18.5998958,48.2344578],[18.6005965,48.2346991]]]},"properties":{"voltage":"110000","name":""}},{"type":"Feature","geometry":{"type":"Polygon","coordinates":[[[18.602664,48.2348264],[18.6036835,48.2346869],[18.6047217,48.2345466],[18.6047518,48.234521],[18.6054571,48.2335331],[18.6062365,48.2324369],[18.6039613,48.2317175],[18.6033453,48.2325817],[18.6035128,48.2326348],[18.6034251,48.2327597],[18.6033844,48.2327971],[18.6033402,48.2328205],[18.6032898,48.2328303],[18.6032398,48.2328207],[18.6025703,48.2326113],[18.602347,48.2325444],[18.6022337,48.2327038],[18.602021,48.2330025],[18.6019008,48.2329643],[18.6009676,48.2342839],[18.6011184,48.2343301],[18.602664,48.2348264]]]},"properties":{"voltage":"400000","name":"ESt Levice"}},{"type":"Feature","geometry":{"type":"Polygon","coordinates":[[[17.0647839,48.1491577],[17.0649275,48.1491858],[17.0649673,48.1490949],[17.0648238,48.1490669],[17.0647839,48.1491577]]]},"properties":{"voltage":"","name":"TS-204"}},{"type":"Feature","geometry":{"type":"Polygon","coordinates":[[[16.35136,48.2341705],[16.3516321,48.2339901],[16.3515431,48.2339642],[16.3514283,48.2339723],[16.3514201,48.2339771],[16.3512262,48.2341043],[16.3512405,48.2341114],[16.35136,48.2341705]]]},"properties":{"voltage":"","name":"Unterwerk D\u00f6bling"}},{"type":"Feature","geometry":{"type":"Polygon","coordinates":[[[16.3908508,48.2057139],[16.3912503,48.2054871],[16.3913608,48.2054234],[16.3915433,48.2053091],[16.3913601,48.2051759],[16.3912051,48.2052687],[16.390978,48.2053973],[16.3907188,48.2055441],[16.390671,48.2055056],[16.3906238,48.2055295],[16.3908508,48.2057139]]]},"properties":{"voltage":"110000","name":"Umspannwerk Wei\u00dfgerber"}},{"type":"Feature","geometry":{"type":"Polygon","coordinates":[[[16.3405421,48.1366535],[16.3407339,48.1366211],[16.3409505,48.1365835],[16.3407153,48.1360081],[16.3407001,48.135971],[16.3402954,48.1360525],[16.3405421,48.1366535]]]},"properties":{"voltage":"380000","name":"Kabel\u00fcberf\u00fchrungsstation Pfarrgasse"}},{"type":"Feature","geometry":{"type":"Polygon","coordinates":[[[16.5106142,48.4121469],[16.5105876,48.4121207],[16.5106251,48.412104],[16.5106516,48.4121302],[16.5106142,48.4121469]]]},"properties":{"voltage":"","name":""}},{"type":"Feature","geometry":{"type":"Polygon","coordinates":[[[16.4640571,48.2005592],[16.4633774,48.2001096],[16.4643992,48.1994233],[16.4642844,48.1993474],[16.464444,48.1992402],[16.4646214,48.199121],[16.4647381,48.1991982],[16.4648328,48.1991346],[16.4655106,48.1995829],[16.4640571,48.2005592]]]},"properties":{"voltage":"110000","name":"Umspannwerk Kraftwerk Donaustadt"}},{"type":"Feature","geometry":{"type":"Polygon","coordinates":[[[16.2901333,48.1142588],[16.2902627,48.11426],[16.2902619,48.1143007],[16.2901325,48.1142995],[16.2901333,48.1142588]]]},"properties":{"voltage":"20000;400","name":""}},{"type":"Feature","geometry":{"type":"Polygon","coordinates":[[[17.0343043,48.2378311],[17.0343122,48.2378734],[17.0343514,48.2378704],[17.0343436,48.2378281],[17.0343043,48.2378311]]]},"properties":{"voltage":"","name":"Ts-1601"}},{"type":"Feature","geometry":{"type":"Polygon","coordinates":[[[16.2544383,48.1528125],[16.2544041,48.1528194],[16.2544226,48.1528567],[16.2544558,48.1528511],[16.2544383,48.1528125]]]},"properties":{"voltage":"","name":""}},{"type":"Feature","geometry":{"type":"Polygon","coordinates":[[[16.8378191,48.0812612],[16.8376049,48.0810999],[16.8379374,48.0809027],[16.8381517,48.0810639],[16.8378191,48.0812612]]]},"properties":{"voltage":"110000","name":"Umspannwerk Scharndorf"}},{"type":"Feature","geometry":{"type":"Polygon","coordinates":[[[16.3144267,48.2514623],[16.314446,48.2514714],[16.3144681,48.2514505],[16.3144488,48.2514415],[16.3144267,48.2514623]]]},"properties":{"voltage":"","name":""}},{"type":"Feature","geometry":{"type":"Polygon","coordinates":[[[16.3219331,48.2514824],[16.3219569,48.2514994],[16.3219745,48.2514884],[16.3219507,48.2514715],[16.3219331,48.2514824]]]},"properties":{"voltage":"","name":""}},{"type":"Feature","geometry":{"type":"Polygon","coordinates":[[[16.4315189,48.1819292],[16.4312,48.1820252],[16.4312692,48.1821299],[16.4313079,48.1821885],[16.4312218,48.1822121],[16.4312911,48.182317],[16.4313802,48.1824518],[16.4314434,48.1824316],[16.4314686,48.1824235],[16.4315067,48.1824827],[16.4315148,48.1824953],[16.4316886,48.1824436],[16.4316959,48.1824515],[16.4318424,48.1824112],[16.4315189,48.1819292]]]},"properties":{"voltage":"380000","name":"Umspannwerk Simmering - 380kV-Anlage"}},{"type":"Feature","geometry":{"type":"Polygon","coordinates":[[[16.430171,48.1834224],[16.429585,48.1824864],[16.4306159,48.1821889],[16.4310914,48.182944],[16.4308329,48.1830164],[16.4307712,48.1829185],[16.4307052,48.1828136],[16.4305419,48.18286],[16.4305197,48.1828238],[16.430683,48.1827784],[16.4306185,48.182676],[16.4305642,48.1825897],[16.430508,48.1825006],[16.4304709,48.1824416],[16.4299453,48.1825887],[16.429984,48.1826501],[16.4300393,48.1827379],[16.4300931,48.1828233],[16.4301558,48.182923],[16.4302462,48.1830664],[16.4303092,48.1831664],[16.4304263,48.1833524],[16.430171,48.1834224]]]},"properties":{"voltage":"110000","name":"Umspannwerk Simmering 110kV-Anlage"}},{"type":"Feature","geometry":{"type":"Polygon","coordinates":[[[16.3284733,48.249241],[16.3284607,48.2492944],[16.3285332,48.249302],[16.3285458,48.2492487],[16.3284733,48.249241]]]},"properties":{"voltage":"","name":""}},{"type":"Feature","geometry":{"type":"Polygon","coordinates":[[[18.063198,48.2830972],[18.063614,48.2833093],[18.0645305,48.2837904],[18.0653438,48.2831361],[18.0652639,48.283093],[18.0640305,48.2824181],[18.063198,48.2830972]]]},"properties":{"voltage":"110000;22000","name":"Nitra \u010cerm\u00e1\u0148"}},{"type":"Feature","geometry":{"type":"Polygon","coordinates":[[[16.3139074,48.2615907],[16.3139401,48.2615468],[16.3139836,48.2615612],[16.3139508,48.2616051],[16.3139074,48.2615907]]]},"properties":{"voltage":"","name":""}},{"type":"Feature","geometry":{"type":"Polygon","coordinates":[[[16.3319153,48.3586417],[16.3320685,48.3586331],[16.3320356,48.3583744],[16.3318823,48.358383],[16.3319153,48.3586417]]]},"properties":{"voltage":"","name":""}},{"type":"Feature","geometry":{"type":"Polygon","coordinates":[[[16.316402,48.3638063],[16.3165305,48.3637582],[16.3163453,48.3635396],[16.3162168,48.3635877],[16.316402,48.3638063]]]},"properties":{"voltage":"","name":""}},{"type":"Feature","geometry":{"type":"Polygon","coordinates":[[[17.0986986,48.1285957],[17.0988068,48.1285915],[17.0988005,48.1285174],[17.0986923,48.1285229],[17.0986986,48.1285957]]]},"properties":{"voltage":"","name":""}},{"type":"Feature","geometry":{"type":"Polygon","coordinates":[[[16.2520106,48.5212125],[16.252047,48.5211918],[16.252065,48.5212057],[16.2520286,48.5212264],[16.2520106,48.5212125]]]},"properties":{"voltage":"","name":""}},{"type":"Feature","geometry":{"type":"Polygon","coordinates":[[[16.7501805,48.3561899],[16.7502018,48.3562119],[16.7502324,48.3561989],[16.7502111,48.3561769],[16.7501975,48.3561827],[16.7501805,48.3561899]]]},"properties":{"voltage":"","name":""}},{"type":"Feature","geometry":{"type":"Polygon","coordinates":[[[16.430832,48.1412685],[16.4308531,48.1412887],[16.4309516,48.1412431],[16.4309306,48.1412229],[16.430832,48.1412685]]]},"properties":{"voltage":"","name":""}},{"type":"Feature","geometry":{"type":"Polygon","coordinates":[[[21.5783135,48.5771545],[21.5782791,48.57686],[21.5780901,48.5768703],[21.5781242,48.5771639],[21.5783135,48.5771545]]]},"properties":{"voltage":"","name":"\u017dSR Trak\u010dn\u00e1 meniare\u0148 Kuzmice"}},{"type":"Feature","geometry":{"type":"Polygon","coordinates":[[[16.4763002,48.1471493],[16.4763897,48.1471492],[16.4763895,48.1470667],[16.4762999,48.1470668],[16.4763002,48.1471493]]]},"properties":{"voltage":"","name":""}},{"type":"Feature","geometry":{"type":"Polygon","coordinates":[[[16.472702,48.1411395],[16.4728605,48.1410065],[16.4729748,48.1410672],[16.4728164,48.1412002],[16.472702,48.1411395]]]},"properties":{"voltage":"","name":""}},{"type":"Feature","geometry":{"type":"Polygon","coordinates":[[[16.4783851,48.1384704],[16.4783419,48.1384226],[16.478254,48.138458],[16.4782972,48.1385057],[16.4783851,48.1384704]]]},"properties":{"voltage":"","name":""}},{"type":"Feature","geometry":{"type":"Polygon","coordinates":[[[16.4712901,48.1228274],[16.47132,48.1228663],[16.4712686,48.1228839],[16.4712386,48.122845],[16.4712901,48.1228274]]]},"properties":{"voltage":"","name":""}},{"type":"Feature","geometry":{"type":"Polygon","coordinates":[[[16.5067381,48.1502049],[16.5067175,48.1501602],[16.5067855,48.1501462],[16.506806,48.150191],[16.5067381,48.1502049]]]},"properties":{"voltage":"","name":""}},{"type":"Feature","geometry":{"type":"Polygon","coordinates":[[[16.4234357,48.3031908],[16.4234404,48.3032357],[16.4235097,48.3032325],[16.423505,48.3031875],[16.4234357,48.3031908]]]},"properties":{"voltage":"","name":""}},{"type":"Feature","geometry":{"type":"Polygon","coordinates":[[[16.466993,48.2346609],[16.4670363,48.2346458],[16.4670744,48.2346945],[16.4670311,48.2347096],[16.466993,48.2346609]]]},"properties":{"voltage":"","name":""}},{"type":"Feature","geometry":{"type":"Polygon","coordinates":[[[16.4172864,48.2935709],[16.4173112,48.2936121],[16.4174221,48.2935826],[16.4173973,48.2935414],[16.4172864,48.2935709]]]},"properties":{"voltage":"","name":"Unterwerk Kummergasse"}},{"type":"Feature","geometry":{"type":"Polygon","coordinates":[[[16.2133476,48.2090579],[16.2134678,48.2090466],[16.2134783,48.209096],[16.2133581,48.2091073],[16.2133476,48.2090579]]]},"properties":{"voltage":"","name":""}},{"type":"Feature","geometry":{"type":"Polygon","coordinates":[[[20.8432027,48.5938803],[20.84322,48.5938269],[20.8432595,48.5938317],[20.8433174,48.5936386],[20.843352,48.5935236],[20.8433891,48.5934001],[20.8434241,48.5932835],[20.8431977,48.5932509],[20.8431805,48.5933201],[20.8431264,48.5933126],[20.8429533,48.5938493],[20.8432027,48.5938803]]]},"properties":{"voltage":"","name":"Tur\u0148a"}},{"type":"Feature","geometry":{"type":"Polygon","coordinates":[[[16.2438353,48.2031812],[16.243833,48.2031172],[16.2438814,48.2031164],[16.2438837,48.2031804],[16.2438353,48.2031812]]]},"properties":{"voltage":"","name":""}},{"type":"Feature","geometry":{"type":"Polygon","coordinates":[[[17.0461888,48.1541361],[17.046458,48.1541207],[17.0464434,48.1540066],[17.0463423,48.1540124],[17.0461749,48.1540221],[17.0461888,48.1541361]]]},"properties":{"voltage":"","name":"TS-1086"}},{"type":"Feature","geometry":{"type":"Polygon","coordinates":[[[17.0486803,48.1527746],[17.0486685,48.1526605],[17.0483995,48.1526728],[17.0484113,48.1527869],[17.0486803,48.1527746]]]},"properties":{"voltage":"","name":"TS-1083"}},{"type":"Feature","geometry":{"type":"Polygon","coordinates":[[[17.0460454,48.1529071],[17.0463139,48.1528939],[17.0463013,48.1527799],[17.0460328,48.1527931],[17.0460454,48.1529071]]]},"properties":{"voltage":"","name":"TS-1085"}},{"type":"Feature","geometry":{"type":"Polygon","coordinates":[[[17.0485273,48.1539074],[17.0485399,48.1540212],[17.0488095,48.154008],[17.0487969,48.1538941],[17.0485273,48.1539074]]]},"properties":{"voltage":"","name":"TS-1084"}},{"type":"Feature","geometry":{"type":"Polygon","coordinates":[[[16.4015433,48.221407],[16.4014783,48.2213727],[16.4014165,48.2214246],[16.4014815,48.2214589],[16.4015433,48.221407]]]},"properties":{"voltage":"","name":""}},{"type":"Feature","geometry":{"type":"Polygon","coordinates":[[[16.4643966,48.2340651],[16.4644672,48.2340679],[16.4644636,48.2341086],[16.464393,48.2341058],[16.4643966,48.2340651]]]},"properties":{"voltage":"","name":""}},{"type":"Feature","geometry":{"type":"Polygon","coordinates":[[[16.3182326,48.2446441],[16.3182733,48.2445867],[16.3183291,48.2446042],[16.3182884,48.2446617],[16.3182326,48.2446441]]]},"properties":{"voltage":"","name":""}},{"type":"Feature","geometry":{"type":"Polygon","coordinates":[[[16.3926634,48.2197892],[16.39265,48.2198354],[16.3927758,48.2198515],[16.3927892,48.2198053],[16.3926634,48.2197892]]]},"properties":{"voltage":"","name":""}},{"type":"Feature","geometry":{"type":"Polygon","coordinates":[[[16.2119036,48.212013],[16.211905,48.2119541],[16.2119587,48.2119547],[16.2119572,48.2120136],[16.2119036,48.212013]]]},"properties":{"voltage":"","name":""}},{"type":"Feature","geometry":{"type":"Polygon","coordinates":[[[16.2151611,48.2117591],[16.2151382,48.2116941],[16.2152055,48.2116836],[16.2152285,48.2117485],[16.2151611,48.2117591]]]},"properties":{"voltage":"","name":""}},{"type":"Feature","geometry":{"type":"Polygon","coordinates":[[[17.0721918,48.1680372],[17.0722412,48.1680094],[17.0723384,48.1679548],[17.0723722,48.1679815],[17.0724019,48.1679648],[17.0724477,48.168001],[17.0722714,48.1681001],[17.0721918,48.1680372]]]},"properties":{"voltage":"","name":"TS-196"}},{"type":"Feature","geometry":{"type":"Polygon","coordinates":[[[16.2629458,48.2186041],[16.2629783,48.2185831],[16.2630334,48.2186209],[16.2630009,48.2186419],[16.2629458,48.2186041]]]},"properties":{"voltage":"","name":""}},{"type":"Feature","geometry":{"type":"Polygon","coordinates":[[[17.0576361,48.1487626],[17.0576006,48.1488952],[17.0577035,48.1489075],[17.0577407,48.1487684],[17.0576958,48.148763],[17.0576378,48.1487561],[17.0576361,48.1487626]]]},"properties":{"voltage":"","name":""}},{"type":"Feature","geometry":{"type":"Polygon","coordinates":[[[16.4790344,48.2128301],[16.4791054,48.2128151],[16.4790875,48.2127774],[16.4790165,48.2127924],[16.4790344,48.2128301]]]},"properties":{"voltage":"","name":""}},{"type":"Feature","geometry":{"type":"Polygon","coordinates":[[[17.1693503,48.1535054],[17.1693616,48.1534361],[17.1692422,48.1534269],[17.1692311,48.1534962],[17.1693503,48.1535054]]]},"properties":{"voltage":"","name":"TS-37"}},{"type":"Feature","geometry":{"type":"Polygon","coordinates":[[[16.4288014,48.2669608],[16.4288936,48.2669518],[16.4288857,48.2669157],[16.4287935,48.2669246],[16.4288014,48.2669608]]]},"properties":{"voltage":"","name":""}},{"type":"Feature","geometry":{"type":"Polygon","coordinates":[[[16.2863496,48.3139377],[16.2863728,48.3138912],[16.2864407,48.3139062],[16.2864176,48.3139527],[16.2863496,48.3139377]]]},"properties":{"voltage":"","name":""}},{"type":"Feature","geometry":{"type":"Polygon","coordinates":[[[16.294355,48.3113648],[16.2943675,48.3113261],[16.2944339,48.3113357],[16.2944214,48.3113743],[16.294355,48.3113648]]]},"properties":{"voltage":"","name":""}},{"type":"Feature","geometry":{"type":"Polygon","coordinates":[[[16.1484115,48.2222721],[16.1484412,48.2222413],[16.1485192,48.2222747],[16.1484895,48.2223055],[16.1484115,48.2222721]]]},"properties":{"voltage":"","name":""}},{"type":"Feature","geometry":{"type":"Polygon","coordinates":[[[16.2990705,48.3130042],[16.2991228,48.312963],[16.2991915,48.3130016],[16.2991392,48.3130428],[16.2990705,48.3130042]]]},"properties":{"voltage":"","name":""}},{"type":"Feature","geometry":{"type":"Polygon","coordinates":[[[16.3066925,48.3134559],[16.3067685,48.313452],[16.3067629,48.3134036],[16.3066869,48.3134074],[16.3066925,48.3134559]]]},"properties":{"voltage":"","name":""}},{"type":"Feature","geometry":{"type":"Polygon","coordinates":[[[16.304831,48.3071704],[16.3048686,48.3071231],[16.3049508,48.307152],[16.3049133,48.3071993],[16.304831,48.3071704]]]},"properties":{"voltage":"","name":""}},{"type":"Feature","geometry":{"type":"Polygon","coordinates":[[[16.5791068,48.3020823],[16.5791425,48.3020812],[16.5791398,48.3020397],[16.5791041,48.3020407],[16.5791068,48.3020823]]]},"properties":{"voltage":"","name":""}},{"type":"Feature","geometry":{"type":"Polygon","coordinates":[[[16.5809874,48.3037464],[16.5810298,48.3037399],[16.5810208,48.303714],[16.5809784,48.3037205],[16.5809874,48.3037464]]]},"properties":{"voltage":"","name":""}},{"type":"Feature","geometry":{"type":"Polygon","coordinates":[[[16.1521745,48.2271749],[16.1522251,48.2272025],[16.1522677,48.2271711],[16.1522171,48.2271442],[16.1521745,48.2271749]]]},"properties":{"voltage":"","name":""}},{"type":"Feature","geometry":{"type":"Polygon","coordinates":[[[16.2446746,48.2170208],[16.2447522,48.2169112],[16.2447433,48.2169084],[16.2446317,48.2168733],[16.2446142,48.2168981],[16.2445832,48.2168883],[16.2445583,48.2169235],[16.2445889,48.2169331],[16.2445538,48.2169828],[16.2446629,48.2170171],[16.2446746,48.2170208]]]},"properties":{"voltage":"","name":""}},{"type":"Feature","geometry":{"type":"Polygon","coordinates":[[[16.1864061,48.1383618],[16.186431,48.1383984],[16.1864907,48.1383803],[16.1864658,48.1383437],[16.1864061,48.1383618]]]},"properties":{"voltage":"20000","name":""}},{"type":"Feature","geometry":{"type":"Polygon","coordinates":[[[16.1982562,48.1417987],[16.1983196,48.1417633],[16.198357,48.1417931],[16.1982937,48.1418286],[16.1982562,48.1417987]]]},"properties":{"voltage":"20000","name":""}},{"type":"Feature","geometry":{"type":"Polygon","coordinates":[[[16.1622849,48.2236354],[16.1623266,48.2236882],[16.1623978,48.2236633],[16.1623561,48.2236104],[16.1622849,48.2236354]]]},"properties":{"voltage":"","name":""}},{"type":"Feature","geometry":{"type":"Polygon","coordinates":[[[16.6845979,48.3753227],[16.6846297,48.3753222],[16.6846289,48.3752976],[16.684597,48.3752981],[16.6845979,48.3753227]]]},"properties":{"voltage":"","name":""}},{"type":"Feature","geometry":{"type":"Polygon","coordinates":[[[16.3006275,48.208414],[16.3009804,48.2084662],[16.3009628,48.2085189],[16.3008094,48.2084962],[16.3007984,48.2085292],[16.3007331,48.2085195],[16.3007443,48.2084859],[16.3006102,48.2084661],[16.3006275,48.208414]]]},"properties":{"voltage":"","name":""}},{"type":"Feature","geometry":{"type":"Polygon","coordinates":[[[17.5738204,48.3850477],[17.5738492,48.3849897],[17.573743,48.3849671],[17.5737155,48.385024],[17.5738204,48.3850477]]]},"properties":{"voltage":"","name":""}},{"type":"Feature","geometry":{"type":"Polygon","coordinates":[[[17.1314187,48.1953128],[17.1314037,48.1952992],[17.1313709,48.1953163],[17.1313857,48.1953297],[17.1314187,48.1953128]]]},"properties":{"voltage":"","name":"TS-1357"}},{"type":"Feature","geometry":{"type":"Polygon","coordinates":[[[16.4400386,48.1080058],[16.4400746,48.1079865],[16.4400548,48.10797],[16.4400348,48.1079533],[16.4399988,48.1079726],[16.4400386,48.1080058]]]},"properties":{"voltage":"20000","name":""}},{"type":"Feature","geometry":{"type":"Polygon","coordinates":[[[17.5900413,48.3592727],[17.5899072,48.359263],[17.589894,48.3593434],[17.5900267,48.3593518],[17.5900413,48.3592727]]]},"properties":{"voltage":"","name":""}},{"type":"Feature","geometry":{"type":"Polygon","coordinates":[[[17.5842336,48.3571116],[17.5842746,48.3570387],[17.5841577,48.3570073],[17.5841157,48.3570826],[17.5842336,48.3571116]]]},"properties":{"voltage":"","name":""}},{"type":"Feature","geometry":{"type":"Polygon","coordinates":[[[17.5851287,48.3617406],[17.5851719,48.3616631],[17.5850608,48.3616346],[17.5850176,48.3617121],[17.5851287,48.3617406]]]},"properties":{"voltage":"","name":""}},{"type":"Feature","geometry":{"type":"Polygon","coordinates":[[[17.5756056,48.3833461],[17.5756133,48.3833398],[17.5756975,48.3833858],[17.5756907,48.3833911],[17.5756946,48.3833935],[17.575781,48.3833234],[17.5757769,48.383322],[17.5757684,48.3833282],[17.5756842,48.3832823],[17.575691,48.383277],[17.5756871,48.3832745],[17.5756017,48.3833436],[17.5756056,48.3833461]]]},"properties":{"voltage":"","name":""}},{"type":"Feature","geometry":{"type":"Polygon","coordinates":[[[17.5700316,48.366075],[17.5699892,48.3661593],[17.5701213,48.3661891],[17.5701647,48.3661037],[17.5700316,48.366075]]]},"properties":{"voltage":"","name":""}},{"type":"Feature","geometry":{"type":"Polygon","coordinates":[[[16.4725009,48.2516145],[16.4725024,48.2515512],[16.4726007,48.2515523],[16.4725992,48.2516156],[16.4725009,48.2516145]]]},"properties":{"voltage":"","name":""}},{"type":"Feature","geometry":{"type":"Polygon","coordinates":[[[16.4742665,48.2671212],[16.4742107,48.2670136],[16.4741392,48.26703],[16.4741949,48.2671376],[16.4742665,48.2671212]]]},"properties":{"voltage":"","name":""}},{"type":"Feature","geometry":{"type":"Polygon","coordinates":[[[16.4758817,48.4815641],[16.4759119,48.4815392],[16.4759703,48.4815703],[16.4759401,48.4815952],[16.4758817,48.4815641]]]},"properties":{"voltage":"","name":""}},{"type":"Feature","geometry":{"type":"Polygon","coordinates":[[[17.0502956,48.153786],[17.0501896,48.1537911],[17.0501977,48.1538662],[17.0503037,48.1538611],[17.0502956,48.153786]]]},"properties":{"voltage":"","name":"TS-1087"}},{"type":"Feature","geometry":{"type":"Polygon","coordinates":[[[17.5793062,48.3823566],[17.5792642,48.3823358],[17.5792448,48.3823538],[17.5792867,48.3823745],[17.5793062,48.3823566]]]},"properties":{"voltage":"","name":""}},{"type":"Feature","geometry":{"type":"Polygon","coordinates":[[[16.3219017,48.0907836],[16.3219339,48.090747],[16.3220203,48.0907808],[16.3219881,48.0908175],[16.3219017,48.0907836]]]},"properties":{"voltage":"20000;400","name":""}},{"type":"Feature","geometry":{"type":"Polygon","coordinates":[[[16.4388028,48.2580629],[16.4388572,48.2580793],[16.4388836,48.2580404],[16.4388292,48.258024],[16.4388028,48.2580629]]]},"properties":{"voltage":"","name":""}},{"type":"Feature","geometry":{"type":"Polygon","coordinates":[[[16.3052049,48.3402908],[16.3052667,48.3402491],[16.3052022,48.3402068],[16.3051403,48.3402486],[16.3052049,48.3402908]]]},"properties":{"voltage":"10000","name":""}},{"type":"Feature","geometry":{"type":"Polygon","coordinates":[[[16.430815,48.0854141],[16.4307828,48.0853692],[16.4308234,48.0853562],[16.4308557,48.085401],[16.430815,48.0854141]]]},"properties":{"voltage":"20000;400","name":""}},{"type":"Feature","geometry":{"type":"Polygon","coordinates":[[[16.3267219,48.0894571],[16.3267293,48.0894309],[16.3268036,48.0894403],[16.3267962,48.0894665],[16.3267219,48.0894571]]]},"properties":{"voltage":"","name":""}},{"type":"Feature","geometry":{"type":"Polygon","coordinates":[[[16.9487445,48.1374638],[16.9487096,48.1374505],[16.9487246,48.1374319],[16.9487594,48.1374452],[16.9487445,48.1374638]]]},"properties":{"voltage":"","name":""}},{"type":"Feature","geometry":{"type":"Polygon","coordinates":[[[17.0979482,48.1635761],[17.0980459,48.1635173],[17.0979773,48.1634666],[17.0978796,48.1635254],[17.0979482,48.1635761]]]},"properties":{"voltage":"","name":""}},{"type":"Feature","geometry":{"type":"Polygon","coordinates":[[[16.3226322,48.089603],[16.3226367,48.0895718],[16.3226869,48.089575],[16.3226824,48.0896063],[16.3226322,48.089603]]]},"properties":{"voltage":"20000;400","name":""}},{"type":"Feature","geometry":{"type":"Polygon","coordinates":[[[16.3269344,48.0867426],[16.3269251,48.0867121],[16.3269663,48.0867065],[16.3269756,48.086737],[16.3269344,48.0867426]]]},"properties":{"voltage":"","name":""}},{"type":"Feature","geometry":{"type":"Polygon","coordinates":[[[16.3115633,48.0848838],[16.3116441,48.0848834],[16.3116437,48.0848421],[16.3115629,48.0848425],[16.3115633,48.0848838]]]},"properties":{"voltage":"","name":""}},{"type":"Feature","geometry":{"type":"Polygon","coordinates":[[[22.7184007,48.3880407],[22.7192362,48.3876684],[22.7184774,48.3869173],[22.7176418,48.3872896],[22.7184007,48.3880407]]]},"properties":{"voltage":"110000;35000;6000","name":"\u041c\u0443\u043a\u0430\u0447\u0435\u0432\u043e-6"}},{"type":"Feature","geometry":{"type":"Polygon","coordinates":[[[16.4594694,48.2273572],[16.4586216,48.2261967],[16.4579997,48.2265525],[16.4585162,48.2272146],[16.458583,48.2272992],[16.4586445,48.2273813],[16.4587765,48.2275475],[16.4588501,48.2276398],[16.458919,48.2276123],[16.4589014,48.2275902],[16.4588819,48.2275657],[16.4592039,48.2274511],[16.4593195,48.2274102],[16.4594694,48.2273572]]]},"properties":{"voltage":"110000","name":"Umspannwerk Stadlau"}},{"type":"Feature","geometry":{"type":"Polygon","coordinates":[[[17.6551619,48.3253228],[17.6551723,48.3253328],[17.6551821,48.3253421],[17.6552119,48.3253282],[17.6551918,48.3253089],[17.6551619,48.3253228]]]},"properties":{"voltage":"","name":""}},{"type":"Feature","geometry":{"type":"Polygon","coordinates":[[[16.5689177,48.3006034],[16.5689745,48.3005815],[16.5689422,48.3005444],[16.5688855,48.3005663],[16.5689177,48.3006034]]]},"properties":{"voltage":"","name":""}},{"type":"Feature","geometry":{"type":"Polygon","coordinates":[[[16.2802753,48.1879073],[16.2803508,48.1879053],[16.2803548,48.1879747],[16.2802793,48.1879766],[16.2802765,48.1879291],[16.2802758,48.1879161],[16.2802753,48.1879073]]]},"properties":{"voltage":"","name":""}},{"type":"Feature","geometry":{"type":"Polygon","coordinates":[[[16.3716274,48.2238608],[16.3718103,48.2237498],[16.371899,48.2238117],[16.3719665,48.2237742],[16.37196,48.2237686],[16.3720294,48.2237287],[16.3716191,48.2234049],[16.3715055,48.2234688],[16.3713455,48.2233317],[16.3713434,48.2233013],[16.3713827,48.2233092],[16.371702,48.2231517],[16.3719083,48.223332],[16.3718442,48.2233685],[16.3721899,48.2236375],[16.3722278,48.2236166],[16.3725829,48.2239284],[16.3726016,48.2239407],[16.37265,48.223989],[16.3725758,48.2240348],[16.372528,48.2239953],[16.3724924,48.2239602],[16.3725021,48.2239536],[16.3724873,48.2239396],[16.372412,48.223977],[16.3723646,48.2239381],[16.3723536,48.2239463],[16.3722961,48.2239024],[16.3723097,48.2238955],[16.3722554,48.2238542],[16.3723747,48.2237891],[16.3723392,48.2237612],[16.3721127,48.2238904],[16.37214,48.223911],[16.3720081,48.2239914],[16.3719277,48.2239345],[16.3718272,48.2239969],[16.3718001,48.2239782],[16.3716477,48.2238735],[16.3716274,48.2238608]]]},"properties":{"voltage":"110000","name":"Umspannwerk Leopoldstadt"}},{"type":"Feature","geometry":{"type":"Polygon","coordinates":[[[16.3632513,48.233436],[16.3632977,48.2334433],[16.3633329,48.2334489],[16.3633759,48.233329],[16.3632944,48.233316],[16.3632513,48.233436]]]},"properties":{"voltage":"","name":""}},{"type":"Feature","geometry":{"type":"Polygon","coordinates":[[[16.6926648,48.3516869],[16.6927614,48.3512007],[16.693664,48.3512799],[16.6936581,48.3513094],[16.6941153,48.3513496],[16.6940901,48.3514765],[16.693764,48.3514479],[16.6937274,48.351632],[16.6940402,48.3516595],[16.6940113,48.351805],[16.6926648,48.3516869]]]},"properties":{"voltage":"110000","name":"Umspannwerk Sch\u00f6nkirchen"}},{"type":"Feature","geometry":{"type":"Polygon","coordinates":[[[16.3182721,48.1029989],[16.3183114,48.1030265],[16.3183446,48.1030054],[16.3183731,48.1030254],[16.3184342,48.1029867],[16.3184055,48.1029664],[16.3184363,48.1029469],[16.3183973,48.1029195],[16.3182721,48.1029989]]]},"properties":{"voltage":"20000;400","name":""}},{"type":"Feature","geometry":{"type":"Polygon","coordinates":[[[22.0383814,48.5699357],[22.0380533,48.5679435],[22.0412125,48.5677355],[22.0422093,48.5676726],[22.0423322,48.5683838],[22.0418795,48.5687385],[22.0420251,48.5696844],[22.0383814,48.5699357]]]},"properties":{"voltage":"400000","name":"Ve\u013ek\u00e9 Kapu\u0161any"}},{"type":"Feature","geometry":{"type":"Polygon","coordinates":[[[16.3281818,48.0850231],[16.3281837,48.0849856],[16.3283192,48.0849887],[16.3283172,48.0850262],[16.3281818,48.0850231]]]},"properties":{"voltage":"","name":""}},{"type":"Feature","geometry":{"type":"Polygon","coordinates":[[[16.7242285,48.338116],[16.7241595,48.3381104],[16.7241575,48.3381211],[16.7241536,48.3381424],[16.7242226,48.338148],[16.7242285,48.338116]]]},"properties":{"voltage":"","name":""}},{"type":"Feature","geometry":{"type":"Polygon","coordinates":[[[16.3279091,48.0799788],[16.3278981,48.0799366],[16.3279583,48.0799296],[16.3279693,48.0799718],[16.3279091,48.0799788]]]},"properties":{"voltage":"20000;400","name":""}},{"type":"Feature","geometry":{"type":"Polygon","coordinates":[[[16.405881,48.2622991],[16.4057191,48.2620432],[16.4054134,48.2615511],[16.4053381,48.2615171],[16.4052614,48.2613725],[16.4051633,48.2612169],[16.4050564,48.2610802],[16.4049667,48.260989],[16.404912,48.2609356],[16.404818,48.2609644],[16.4048914,48.2610663],[16.4047967,48.2610933],[16.4048237,48.2611355],[16.4051552,48.2616548],[16.4050647,48.2616814],[16.405135,48.2617952],[16.4050742,48.2618106],[16.4052523,48.262114],[16.4054721,48.2622498],[16.4055405,48.2622372],[16.4055758,48.2623138],[16.4056308,48.2623474],[16.405881,48.2622991]]]},"properties":{"voltage":"55000;15000","name":"Unterwerk Floridsdorf"}},{"type":"Feature","geometry":{"type":"Polygon","coordinates":[[[16.650741,48.1147311],[16.6507322,48.1147126],[16.6507234,48.1146941],[16.6507816,48.1146818],[16.6507904,48.1147002],[16.6507992,48.1147187],[16.650741,48.1147311]]]},"properties":{"voltage":"","name":""}},{"type":"Feature","geometry":{"type":"Polygon","coordinates":[[[16.3339323,48.2273868],[16.3346652,48.2272095],[16.3345144,48.2269912],[16.334444,48.2270135],[16.3344678,48.2270454],[16.3340981,48.2271379],[16.3340816,48.2271126],[16.3340084,48.2271311],[16.3338148,48.2271798],[16.3338779,48.2272885],[16.3339323,48.2273868]]]},"properties":{"voltage":"110000","name":"Umspannwerk W\u00e4hring"}},{"type":"Feature","geometry":{"type":"Polygon","coordinates":[[[16.2509352,48.2173831],[16.25097,48.2174248],[16.2510194,48.2174064],[16.2509845,48.2173648],[16.2509352,48.2173831]]]},"properties":{"voltage":"","name":""}},{"type":"Feature","geometry":{"type":"Polygon","coordinates":[[[16.3997065,48.267235],[16.3997612,48.2672251],[16.3997357,48.267163],[16.399681,48.2671729],[16.3997065,48.267235]]]},"properties":{"voltage":"","name":""}},{"type":"Feature","geometry":{"type":"Polygon","coordinates":[[[16.2526397,48.2058284],[16.2526778,48.2058284],[16.2526829,48.2057956],[16.2526841,48.2057736],[16.2526203,48.2057735],[16.2526397,48.2058284]]]},"properties":{"voltage":"","name":""}},{"type":"Feature","geometry":{"type":"Polygon","coordinates":[[[16.2770077,48.1922388],[16.2769777,48.1920979],[16.2774252,48.1920557],[16.2774327,48.1920912],[16.2774551,48.1921966],[16.2770077,48.1922388]]]},"properties":{"voltage":"","name":"Unterwerk Ober St.\u202fVeit"}},{"type":"Feature","geometry":{"type":"Polygon","coordinates":[[[16.6402315,48.2490435],[16.6402408,48.2490109],[16.6403041,48.2490189],[16.6402948,48.2490515],[16.6402315,48.2490435]]]},"properties":{"voltage":"","name":""}},{"type":"Feature","geometry":{"type":"Polygon","coordinates":[[[16.2050558,48.2127193],[16.2051198,48.2127188],[16.2051194,48.2126945],[16.2050554,48.212695],[16.2050558,48.2127193]]]},"properties":{"voltage":"","name":""}},{"type":"Feature","geometry":{"type":"Polygon","coordinates":[[[16.3651494,48.2358803],[16.3652175,48.2358805],[16.3652177,48.2358419],[16.3651496,48.2358417],[16.3651494,48.2358803]]]},"properties":{"voltage":"","name":""}},{"type":"Feature","geometry":{"type":"Polygon","coordinates":[[[16.2897666,48.1480401],[16.2897764,48.1480414],[16.2898592,48.1480524],[16.2898715,48.1480111],[16.2897788,48.1479989],[16.2897705,48.1480268],[16.2897666,48.1480401]]]},"properties":{"voltage":"","name":""}},{"type":"Feature","geometry":{"type":"Polygon","coordinates":[[[16.4345441,48.2775758],[16.4345631,48.2776556],[16.4346365,48.2776479],[16.4346175,48.2775681],[16.4345441,48.2775758]]]},"properties":{"voltage":"","name":""}},{"type":"Feature","geometry":{"type":"Polygon","coordinates":[[[16.4108063,48.1903111],[16.4107557,48.1902765],[16.410788,48.1902555],[16.4108386,48.1902901],[16.4108063,48.1903111]]]},"properties":{"voltage":"","name":""}},{"type":"Feature","geometry":{"type":"Polygon","coordinates":[[[16.513509,48.2914386],[16.5135309,48.2913908],[16.5134857,48.2913816],[16.5134639,48.2914295],[16.513509,48.2914386]]]},"properties":{"voltage":"","name":""}},{"type":"Feature","geometry":{"type":"Polygon","coordinates":[[[16.3098246,48.1925685],[16.309824,48.1925405],[16.3099551,48.1925393],[16.3099556,48.1925673],[16.3098246,48.1925685]]]},"properties":{"voltage":"","name":""}},{"type":"Feature","geometry":{"type":"Polygon","coordinates":[[[16.2989495,48.1466717],[16.298885,48.1466625],[16.2988979,48.1466222],[16.2989624,48.1466313],[16.2989495,48.1466717]]]},"properties":{"voltage":"","name":""}},{"type":"Feature","geometry":{"type":"Polygon","coordinates":[[[17.1463685,48.1956977],[17.1465643,48.1958746],[17.1472831,48.1955224],[17.1470803,48.1953506],[17.1464819,48.1948425],[17.1457972,48.1951871],[17.1463685,48.1956977]]]},"properties":{"voltage":"25000","name":"\u017dSR Vinohrady"}},{"type":"Feature","geometry":{"type":"Polygon","coordinates":[[[16.3365373,48.2530709],[16.3365067,48.2530336],[16.3366092,48.2529962],[16.3366399,48.2530334],[16.3365373,48.2530709]]]},"properties":{"voltage":"","name":""}},{"type":"Feature","geometry":{"type":"Polygon","coordinates":[[[16.3460465,48.3556572],[16.3460816,48.3556422],[16.3460688,48.355629],[16.3460338,48.355644],[16.3460465,48.3556572]]]},"properties":{"voltage":"","name":"TST Korneuburg Sportzentrum Laaerstra\u00dfe"}},{"type":"Feature","geometry":{"type":"Polygon","coordinates":[[[16.4045626,48.2452552],[16.4045586,48.2452302],[16.4045854,48.2452284],[16.4045893,48.2452533],[16.4045626,48.2452552]]]},"properties":{"voltage":"","name":""}},{"type":"Feature","geometry":{"type":"Polygon","coordinates":[[[16.2866205,48.1093044],[16.2867239,48.10929],[16.2867056,48.1092312],[16.2866021,48.1092455],[16.2866205,48.1093044]]]},"properties":{"voltage":"20000;400","name":""}},{"type":"Feature","geometry":{"type":"Polygon","coordinates":[[[16.3553361,48.2589223],[16.3554079,48.2589328],[16.3554193,48.2588982],[16.3553475,48.2588877],[16.3553361,48.2589223]]]},"properties":{"voltage":"","name":""}},{"type":"Feature","geometry":{"type":"Polygon","coordinates":[[[16.3498397,48.2479715],[16.3500107,48.247959],[16.350005,48.2479245],[16.349834,48.247937],[16.3498397,48.2479715]]]},"properties":{"voltage":"","name":""}},{"type":"Feature","geometry":{"type":"Polygon","coordinates":[[[16.5179743,48.2181605],[16.5179698,48.2181247],[16.5180698,48.2181192],[16.5180743,48.2181549],[16.5179743,48.2181605]]]},"properties":{"voltage":"","name":""}},{"type":"Feature","geometry":{"type":"Polygon","coordinates":[[[16.4035917,48.2471616],[16.4036417,48.2471485],[16.4036027,48.2470828],[16.4035528,48.2470959],[16.4035917,48.2471616]]]},"properties":{"voltage":"","name":""}},{"type":"Feature","geometry":{"type":"Polygon","coordinates":[[[16.5067354,48.1359383],[16.5069869,48.1360182],[16.5070779,48.1359997],[16.507057,48.135954],[16.5073811,48.1358881],[16.5072582,48.135619],[16.5068537,48.1357012],[16.5068849,48.1357695],[16.5066775,48.1358117],[16.5067354,48.1359383]]]},"properties":{"voltage":"110000","name":"Umspannwerk Schwechat"}},{"type":"Feature","geometry":{"type":"Polygon","coordinates":[[[16.3238699,48.1196269],[16.3237544,48.1196487],[16.323812,48.1197851],[16.3239275,48.1197633],[16.3238699,48.1196269]]]},"properties":{"voltage":"20000","name":""}},{"type":"Feature","geometry":{"type":"Polygon","coordinates":[[[17.1273128,48.1266576],[17.1273103,48.1265845],[17.1274128,48.1265819],[17.1274164,48.1266532],[17.1273128,48.1266576]]]},"properties":{"voltage":"","name":"TS-637"}},{"type":"Feature","geometry":{"type":"Polygon","coordinates":[[[16.5245531,48.2138844],[16.5251207,48.2138353],[16.5250843,48.2136486],[16.5245167,48.2136977],[16.5245531,48.2138844]]]},"properties":{"voltage":"110000","name":"Umspannwerk Essling"}},{"type":"Feature","geometry":{"type":"Polygon","coordinates":[[[16.400343,48.1859527],[16.4006675,48.1857926],[16.400483,48.1856252],[16.4004958,48.1856185],[16.4003796,48.1855134],[16.4001806,48.1856097],[16.4000382,48.1856818],[16.400343,48.1859527]]]},"properties":{"voltage":"110000","name":"Umspannwerk Landstra\u00dfe"}},{"type":"Feature","geometry":{"type":"Polygon","coordinates":[[[16.400879,48.2134859],[16.4008395,48.2134179],[16.4007914,48.2134304],[16.4008309,48.2134983],[16.400879,48.2134859]]]},"properties":{"voltage":"","name":""}},{"type":"Feature","geometry":{"type":"Polygon","coordinates":[[[16.3833108,48.1654718],[16.3833134,48.1654575],[16.3834213,48.1654776],[16.3833971,48.165542],[16.383373,48.1655384],[16.3833354,48.1656225],[16.3820936,48.16539],[16.3824074,48.164635],[16.3828923,48.164724],[16.382883,48.1647489],[16.3828441,48.1648528],[16.3825415,48.1647978],[16.3824879,48.164932],[16.3824664,48.1649284],[16.3823727,48.1651556],[16.3823183,48.1652875],[16.3827813,48.1653735],[16.3830005,48.1654142],[16.3833108,48.1654718]]]},"properties":{"voltage":"110000","name":"Umspannwerk Eisenstadtplatz"}},{"type":"Feature","geometry":{"type":"Polygon","coordinates":[[[16.2558341,48.1304625],[16.2557919,48.1305023],[16.2559045,48.1305555],[16.2559467,48.1305157],[16.2558341,48.1304625]]]},"properties":{"voltage":"","name":""}},{"type":"Feature","geometry":{"type":"Polygon","coordinates":[[[16.3304094,48.1214096],[16.3304233,48.1213844],[16.3304533,48.1213918],[16.3304395,48.121417],[16.3304094,48.1214096]]]},"properties":{"voltage":"20000;400","name":""}},{"type":"Feature","geometry":{"type":"Polygon","coordinates":[[[16.3445876,48.1803683],[16.3446433,48.1803831],[16.3445894,48.1804691],[16.3445346,48.1804529],[16.3445876,48.1803683]]]},"properties":{"voltage":"","name":"Unterwerk Flursch\u00fctzstra\u00dfe"}},{"type":"Feature","geometry":{"type":"Polygon","coordinates":[[[16.2640614,48.2007845],[16.2643581,48.2007138],[16.264306,48.200612],[16.26427,48.2006199],[16.2642482,48.2005806],[16.2641416,48.2006041],[16.2641213,48.2005679],[16.2639651,48.2006048],[16.2640614,48.2007845]]]},"properties":{"voltage":"","name":"Unterwerk H\u00fctteldorf"}},{"type":"Feature","geometry":{"type":"Polygon","coordinates":[[[16.6151733,48.1181821],[16.6151558,48.1181153],[16.615236,48.1181059],[16.6152535,48.1181728],[16.6151733,48.1181821]]]},"properties":{"voltage":"20000","name":""}},{"type":"Feature","geometry":{"type":"Polygon","coordinates":[[[16.4766648,48.2444602],[16.4767012,48.2444954],[16.4766568,48.2445158],[16.4766203,48.2444806],[16.4766648,48.2444602]]]},"properties":{"voltage":"","name":""}},{"type":"Feature","geometry":{"type":"Polygon","coordinates":[[[16.74669,48.5875425],[16.7470162,48.587546],[16.7470237,48.5872449],[16.7466974,48.5872413],[16.74669,48.5875425]]]},"properties":{"voltage":"110000","name":"Umspannwerk Prinzendorf"}},{"type":"Feature","geometry":{"type":"Polygon","coordinates":[[[16.5655633,48.5897652],[16.565598,48.5897686],[16.5656039,48.5897422],[16.5655692,48.5897388],[16.5655663,48.5897519],[16.5655633,48.5897652]]]},"properties":{"voltage":"","name":""}},{"type":"Feature","geometry":{"type":"Polygon","coordinates":[[[16.2861089,48.1924389],[16.2861863,48.1924324],[16.2861845,48.1924229],[16.2861726,48.1923607],[16.2860953,48.1923673],[16.2861089,48.1924389]]]},"properties":{"voltage":"","name":""}},{"type":"Feature","geometry":{"type":"Polygon","coordinates":[[[16.2773577,48.2146759],[16.277493,48.2146612],[16.2774746,48.2145861],[16.2773393,48.2146009],[16.2773577,48.2146759]]]},"properties":{"voltage":"","name":""}},{"type":"Feature","geometry":{"type":"Polygon","coordinates":[[[16.3141055,48.200405],[16.3140564,48.2003615],[16.3141182,48.2003317],[16.3141666,48.2003752],[16.3141055,48.200405]]]},"properties":{"voltage":"","name":""}},{"type":"Feature","geometry":{"type":"Polygon","coordinates":[[[17.1399357,48.1948673],[17.1399959,48.1949306],[17.1401467,48.1948668],[17.1401496,48.1948656],[17.1400239,48.1947335],[17.1400123,48.1947213],[17.139845,48.194792],[17.1399221,48.194873],[17.1399357,48.1948673]]]},"properties":{"voltage":"","name":"TS 268"}},{"type":"Feature","geometry":{"type":"Polygon","coordinates":[[[17.1408726,48.1953151],[17.140955,48.1952804],[17.1409039,48.1952264],[17.1408583,48.1952456],[17.1408215,48.1952611],[17.1408726,48.1953151]]]},"properties":{"voltage":"","name":""}},{"type":"Feature","geometry":{"type":"Polygon","coordinates":[[[16.4161186,48.1791652],[16.4162436,48.1791794],[16.4162625,48.1791053],[16.4161376,48.1790911],[16.4161186,48.1791652]]]},"properties":{"voltage":"","name":""}},{"type":"Feature","geometry":{"type":"Polygon","coordinates":[[[22.6223503,48.413819],[22.6211452,48.4163915],[22.6226165,48.4166951],[22.6217786,48.4184861],[22.6230529,48.4187464],[22.6229306,48.4190308],[22.6251115,48.4194888],[22.6253557,48.4189552],[22.6249132,48.4185119],[22.6250106,48.418323],[22.6248382,48.4182838],[22.6264432,48.414687],[22.6223503,48.413819]]]},"properties":{"voltage":"400000;220000;110000;35000","name":"\u041c\u0443\u043a\u0430\u0447\u0435\u0432\u0435-400"}},{"type":"Feature","geometry":{"type":"Polygon","coordinates":[[[16.4407058,48.2659864],[16.4407734,48.2659903],[16.4407786,48.2659507],[16.4407109,48.2659468],[16.4407058,48.2659864]]]},"properties":{"voltage":"","name":""}},{"type":"Feature","geometry":{"type":"Polygon","coordinates":[[[16.2631684,48.1332483],[16.2633179,48.133262],[16.263343,48.1331407],[16.2633204,48.1331386],[16.2633251,48.133116],[16.2632178,48.1331062],[16.2632131,48.1331288],[16.2631935,48.1331269],[16.2631684,48.1332483]]]},"properties":{"voltage":"","name":""}},{"type":"Feature","geometry":{"type":"Polygon","coordinates":[[[16.3971073,48.1570409],[16.3971857,48.1570685],[16.3972113,48.1570362],[16.3971329,48.1570086],[16.3971073,48.1570409]]]},"properties":{"voltage":"","name":""}},{"type":"Feature","geometry":{"type":"Polygon","coordinates":[[[16.3957082,48.246568],[16.3957671,48.246595],[16.3959236,48.2464436],[16.3958648,48.2464167],[16.3957082,48.246568]]]},"properties":{"voltage":"","name":""}},{"type":"Feature","geometry":{"type":"Polygon","coordinates":[[[17.4490592,48.5177202],[17.4486667,48.5179456],[17.4493515,48.5184313],[17.4497401,48.5182033],[17.4490592,48.5177202]]]},"properties":{"voltage":"110000","name":"Smolenice"}},{"type":"Feature","geometry":{"type":"Polygon","coordinates":[[[16.2963835,48.1381954],[16.2973876,48.1381747],[16.2974085,48.1381742],[16.2976946,48.1381677],[16.2979745,48.1381727],[16.298,48.1375461],[16.2979542,48.1375453],[16.2979546,48.1375333],[16.2979567,48.1374683],[16.2976139,48.1374596],[16.2976132,48.1374809],[16.2972815,48.1374728],[16.2970227,48.1374932],[16.2969638,48.1374916],[16.2964033,48.1375342],[16.2963984,48.1377797],[16.2963835,48.1381954]]]},"properties":{"voltage":"110000","name":"Umspannwerk Liesing"}},{"type":"Feature","geometry":{"type":"Polygon","coordinates":[[[16.3450973,48.218098],[16.3453882,48.218048],[16.3453709,48.2180033],[16.34508,48.2180533],[16.3450973,48.218098]]]},"properties":{"voltage":"","name":""}},{"type":"Feature","geometry":{"type":"Polygon","coordinates":[[[22.5718287,48.3966286],[22.5724864,48.3971084],[22.5731676,48.3966617],[22.5726061,48.3962499],[22.5722262,48.3964922],[22.5721381,48.3964313],[22.5718287,48.3966286]]]},"properties":{"voltage":"110000;35000;10000","name":"\u0421\u0442\u0440\u0430\u0431\u0456\u0447\u043e\u0432\u043e"}},{"type":"Feature","geometry":{"type":"Polygon","coordinates":[[[16.3622915,48.2389789],[16.3623149,48.2390141],[16.3623769,48.2389959],[16.3623536,48.2389607],[16.3622915,48.2389789]]]},"properties":{"voltage":"","name":""}},{"type":"Feature","geometry":{"type":"Polygon","coordinates":[[[16.3673371,48.2466983],[16.3672973,48.2466372],[16.3673526,48.2466229],[16.3673904,48.2466813],[16.3673371,48.2466983]]]},"properties":{"voltage":"","name":""}},{"type":"Feature","geometry":{"type":"Polygon","coordinates":[[[16.314962,48.2302829],[16.3151267,48.2302342],[16.3150709,48.2301506],[16.3149063,48.2301993],[16.314962,48.2302829]]]},"properties":{"voltage":"","name":""}},{"type":"Feature","geometry":{"type":"Polygon","coordinates":[[[16.3140101,48.2304287],[16.3140107,48.2304296],[16.3140323,48.2304644],[16.3140401,48.2304615],[16.3140452,48.2304725],[16.3140666,48.2304677],[16.3140609,48.2304549],[16.3141023,48.2304425],[16.314083,48.2304082],[16.3140101,48.2304287]]]},"properties":{"voltage":"","name":""}},{"type":"Feature","geometry":{"type":"Polygon","coordinates":[[[16.2353165,48.2047688],[16.2354054,48.2047307],[16.2354498,48.2047766],[16.2353608,48.2048147],[16.2353165,48.2047688]]]},"properties":{"voltage":"","name":""}},{"type":"Feature","geometry":{"type":"Polygon","coordinates":[[[16.452121,48.2294605],[16.4522973,48.2295007],[16.4523353,48.2294937],[16.4522509,48.2292892],[16.4521985,48.2292988],[16.452121,48.2294605]]]},"properties":{"voltage":"","name":"Unterwerk Erzherzog-Karl-Stra\u00dfe"}},{"type":"Feature","geometry":{"type":"Polygon","coordinates":[[[16.3080662,48.0933609],[16.308069,48.093393],[16.3080964,48.0933919],[16.3080936,48.0933598],[16.3080662,48.0933609]]]},"properties":{"voltage":"","name":""}},{"type":"Feature","geometry":{"type":"Polygon","coordinates":[[[16.30531,48.0933978],[16.3053112,48.0934288],[16.3053409,48.0934285],[16.3053407,48.0933976],[16.30531,48.0933978]]]},"properties":{"voltage":"","name":""}},{"type":"Feature","geometry":{"type":"Polygon","coordinates":[[[16.2438273,48.0026277],[16.2440337,48.0025517],[16.2439927,48.002502],[16.2437863,48.002578],[16.2438273,48.0026277]]]},"properties":{"voltage":"20000","name":""}},{"type":"Feature","geometry":{"type":"Polygon","coordinates":[[[16.2472774,48.0013208],[16.247558,48.0012051],[16.2478022,48.0011044],[16.2478955,48.0010567],[16.2481771,48.0009126],[16.2478071,48.0004798],[16.2468817,48.0008602],[16.2472774,48.0013208]]]},"properties":{"voltage":"110000","name":"Umspannwerk Baden"}},{"type":"Feature","geometry":{"type":"Polygon","coordinates":[[[17.5614688,48.3529677],[17.5619678,48.3525113],[17.5629424,48.352982],[17.5624434,48.3534383],[17.5614688,48.3529677]]]},"properties":{"voltage":"","name":"Pp Trnava"}},{"type":"Feature","geometry":{"type":"Polygon","coordinates":[[[17.5693167,48.3622074],[17.5697259,48.3618503],[17.5707728,48.3623402],[17.5703426,48.3627168],[17.5693167,48.3622074]]]},"properties":{"voltage":"110000","name":"Trnava Centrum"}},{"type":"Feature","geometry":{"type":"Polygon","coordinates":[[[22.7469987,48.4363829],[22.7459933,48.4366176],[22.7458179,48.4363101],[22.7453199,48.4364177],[22.7456631,48.4370931],[22.7456074,48.4371068],[22.7459115,48.4376303],[22.7474209,48.4372861],[22.7469987,48.4363829]]]},"properties":{"voltage":"110000;35000;6000","name":"\u041c\u0443\u043a\u0430\u0447\u0435\u0432\u043e-2"}},{"type":"Feature","geometry":{"type":"Polygon","coordinates":[[[22.851863,48.3638742],[22.8523417,48.3637882],[22.8522218,48.3634937],[22.8517431,48.3635798],[22.851863,48.3638742]]]},"properties":{"voltage":"35000;10000","name":"\u0417\u0430\u043b\u0443\u0436\u0436\u044f"}},{"type":"Feature","geometry":{"type":"Polygon","coordinates":[[[16.157094,48.4628794],[16.1571271,48.4628697],[16.1571499,48.4629037],[16.1571168,48.4629135],[16.157094,48.4628794]]]},"properties":{"voltage":"","name":"TST Obermallebarn 1"}},{"type":"Feature","geometry":{"type":"Polygon","coordinates":[[[16.46001,48.2121565],[16.460031,48.2122013],[16.4600866,48.2121896],[16.4600887,48.2121892],[16.4600676,48.2121445],[16.46001,48.2121565]]]},"properties":{"voltage":"","name":""}},{"type":"Feature","geometry":{"type":"Polygon","coordinates":[[[16.2482467,48.2082685],[16.2482629,48.2082834],[16.2482919,48.2082695],[16.2482757,48.2082546],[16.2482467,48.2082685]]]},"properties":{"voltage":"","name":""}},{"type":"Feature","geometry":{"type":"Polygon","coordinates":[[[16.2337628,48.2115332],[16.2338168,48.2115803],[16.2338646,48.2115559],[16.2338106,48.2115088],[16.2337628,48.2115332]]]},"properties":{"voltage":"","name":""}},{"type":"Feature","geometry":{"type":"Polygon","coordinates":[[[16.4722445,48.1598071],[16.4723589,48.1598149],[16.4723993,48.1596299],[16.4722848,48.1596034],[16.4722445,48.1598071]]]},"properties":{"voltage":"","name":""}},{"type":"Feature","geometry":{"type":"Polygon","coordinates":[[[16.4570703,48.151669],[16.4571109,48.1516236],[16.4570713,48.1515997],[16.4570194,48.1516368],[16.4570703,48.151669]]]},"properties":{"voltage":"","name":""}},{"type":"Feature","geometry":{"type":"Polygon","coordinates":[[[16.4326625,48.2172346],[16.4326961,48.2172002],[16.4326391,48.2171754],[16.4326054,48.2172098],[16.4326625,48.2172346]]]},"properties":{"voltage":"","name":""}},{"type":"Feature","geometry":{"type":"Polygon","coordinates":[[[16.1208743,48.2425989],[16.1208878,48.2426498],[16.1209821,48.2426387],[16.1209687,48.2425879],[16.1208743,48.2425989]]]},"properties":{"voltage":"","name":""}},{"type":"Feature","geometry":{"type":"Polygon","coordinates":[[[16.3177188,48.1225537],[16.3177063,48.1224876],[16.3177904,48.1224805],[16.3178067,48.1225665],[16.3177568,48.1225707],[16.3177531,48.1225508],[16.3177188,48.1225537]]]},"properties":{"voltage":"","name":""}},{"type":"Feature","geometry":{"type":"Polygon","coordinates":[[[16.4240843,48.1773901],[16.4241215,48.1773777],[16.4241552,48.1774229],[16.424118,48.1774352],[16.4240843,48.1773901]]]},"properties":{"voltage":"","name":""}},{"type":"Feature","geometry":{"type":"Polygon","coordinates":[[[16.5780691,48.3028813],[16.5781019,48.3028996],[16.5781189,48.3028861],[16.578086,48.3028678],[16.5780691,48.3028813]]]},"properties":{"voltage":"","name":""}},{"type":"Feature","geometry":{"type":"Polygon","coordinates":[[[17.0508906,48.1539957],[17.0510173,48.1539893],[17.0510029,48.1538635],[17.0508761,48.1538699],[17.0508906,48.1539957]]]},"properties":{"voltage":"","name":""}},{"type":"Feature","geometry":{"type":"Polygon","coordinates":[[[16.3537656,48.1685521],[16.3536432,48.1683442],[16.3538467,48.1682912],[16.3538262,48.1682563],[16.3539517,48.1681902],[16.3541103,48.1684629],[16.3537656,48.1685521]]]},"properties":{"voltage":"110000","name":"Umspannwerk Wienerberg"}},{"type":"Feature","geometry":{"type":"Polygon","coordinates":[[[22.6879672,48.4341661],[22.688037,48.4341429],[22.688005,48.4341005],[22.6879353,48.4341237],[22.6879672,48.4341661]]]},"properties":{"voltage":"","name":""}},{"type":"Feature","geometry":{"type":"Polygon","coordinates":[[[16.4460777,48.2180974],[16.4462669,48.2180591],[16.4462548,48.2180326],[16.4460656,48.2180709],[16.4460777,48.2180974]]]},"properties":{"voltage":"","name":""}},{"type":"Feature","geometry":{"type":"Polygon","coordinates":[[[17.1738542,48.1642036],[17.173914,48.1642261],[17.173953,48.16418],[17.1738932,48.1641575],[17.1738542,48.1642036]]]},"properties":{"voltage":"","name":""}},{"type":"Feature","geometry":{"type":"Polygon","coordinates":[[[18.42449,48.2045122],[18.4298598,48.2056313],[18.4309581,48.2058547],[18.4306574,48.2064898],[18.4273278,48.20581],[18.4265779,48.2074023],[18.4235227,48.2067735],[18.4228624,48.2066351],[18.423916,48.2043843],[18.42449,48.2045122]]]},"properties":{"voltage":"400000;110000","name":"ESt Ve\u013ek\u00fd \u010eur"}},{"type":"Feature","geometry":{"type":"Polygon","coordinates":[[[16.2954859,48.0397821],[16.2955339,48.0397565],[16.2954511,48.0396882],[16.2954024,48.0397146],[16.2954859,48.0397821]]]},"properties":{"voltage":"20000;400","name":""}},{"type":"Feature","geometry":{"type":"Polygon","coordinates":[[[16.2950623,48.0072606],[16.2950614,48.0072056],[16.2951548,48.0072049],[16.2951558,48.00726],[16.2950623,48.0072606]]]},"properties":{"voltage":"20000","name":""}},{"type":"Feature","geometry":{"type":"Polygon","coordinates":[[[17.0961905,48.1678827],[17.0961138,48.1677984],[17.0961073,48.1678013],[17.0961154,48.1678098],[17.0960254,48.1678467],[17.096018,48.1678393],[17.0960108,48.1678423],[17.0960913,48.1679245],[17.0961905,48.1678827]]]},"properties":{"voltage":"","name":"TS-550"}},{"type":"Feature","geometry":{"type":"Polygon","coordinates":[[[17.1021211,48.1731567],[17.1020269,48.1731542],[17.1020219,48.173238],[17.1021161,48.1732405],[17.1021211,48.1731567]]]},"properties":{"voltage":"","name":""}},{"type":"Feature","geometry":{"type":"Polygon","coordinates":[[[17.1476274,48.2138755],[17.1476929,48.2138392],[17.1476214,48.2137802],[17.1475559,48.2138165],[17.1476274,48.2138755]]]},"properties":{"voltage":"","name":"TS-712"}},{"type":"Feature","geometry":{"type":"Polygon","coordinates":[[[16.5343934,48.0765972],[16.5343911,48.0765547],[16.5344578,48.076553],[16.5344944,48.0765522],[16.5344967,48.0765947],[16.5344564,48.0765957],[16.5343934,48.0765972]]]},"properties":{"voltage":"20000","name":""}},{"type":"Feature","geometry":{"type":"Polygon","coordinates":[[[16.1351997,48.1940041],[16.135217,48.1939647],[16.1353056,48.193982],[16.1352882,48.1940214],[16.1351997,48.1940041]]]},"properties":{"voltage":"20000","name":""}},{"type":"Feature","geometry":{"type":"Polygon","coordinates":[[[22.3060244,48.5930964],[22.3078565,48.5929673],[22.3076266,48.5917417],[22.3061642,48.5918445],[22.3058715,48.5918606],[22.3060244,48.5930964]]]},"properties":{"voltage":"110000;35000;10000","name":"\u0423\u0436\u0433\u043e\u0440\u043e\u0434-1"}},{"type":"Feature","geometry":{"type":"Polygon","coordinates":[[[16.4526593,48.2058555],[16.4527114,48.2058366],[16.4526785,48.2057992],[16.4526287,48.205817],[16.4526593,48.2058555]]]},"properties":{"voltage":"","name":""}},{"type":"Feature","geometry":{"type":"Polygon","coordinates":[[[16.4488994,48.2054346],[16.4489668,48.2053904],[16.4489292,48.2053666],[16.4488624,48.2054096],[16.4488994,48.2054346]]]},"properties":{"voltage":"","name":""}},{"type":"Feature","geometry":{"type":"Polygon","coordinates":[[[16.4383884,48.2130483],[16.4384548,48.2130394],[16.4384445,48.213002],[16.4383781,48.2130109],[16.4383884,48.2130483]]]},"properties":{"voltage":"","name":""}},{"type":"Feature","geometry":{"type":"Polygon","coordinates":[[[16.309534,48.0399024],[16.3095277,48.0398602],[16.309553,48.039858],[16.3095943,48.0398544],[16.3096012,48.0398972],[16.309534,48.0399024]]]},"properties":{"voltage":"","name":""}},{"type":"Feature","geometry":{"type":"Polygon","coordinates":[[[16.3791124,48.2823234],[16.3791471,48.2822621],[16.3790905,48.2822508],[16.3790579,48.2823102],[16.3791124,48.2823234]]]},"properties":{"voltage":"","name":""}},{"type":"Feature","geometry":{"type":"Polygon","coordinates":[[[16.4024544,48.2719805],[16.4025095,48.2719666],[16.4024853,48.271925],[16.4024295,48.2719393],[16.4024544,48.2719805]]]},"properties":{"voltage":"","name":""}},{"type":"Feature","geometry":{"type":"Polygon","coordinates":[[[16.4003562,48.2815751],[16.400101,48.2816537],[16.4001621,48.2817384],[16.4004162,48.2816606],[16.4003562,48.2815751]]]},"properties":{"voltage":"","name":""}},{"type":"Feature","geometry":{"type":"Polygon","coordinates":[[[16.3700392,48.2824809],[16.370058,48.2824459],[16.3699657,48.2824239],[16.3699477,48.2824584],[16.3700392,48.2824809]]]},"properties":{"voltage":"","name":""}},{"type":"Feature","geometry":{"type":"Polygon","coordinates":[[[16.3953576,48.2628907],[16.395398,48.2629256],[16.3954437,48.2629021],[16.3954033,48.2628672],[16.3953576,48.2628907]]]},"properties":{"voltage":"","name":""}},{"type":"Feature","geometry":{"type":"Polygon","coordinates":[[[16.3612866,48.2013239],[16.3612595,48.2013001],[16.3612079,48.2012548],[16.3611838,48.201267],[16.3610401,48.2011408],[16.3610643,48.2011285],[16.3610365,48.2011032],[16.3610556,48.2010825],[16.3610933,48.2010985],[16.3611086,48.2010826],[16.3611534,48.2010362],[16.3611714,48.2010175],[16.3612222,48.2009648],[16.3609702,48.2008582],[16.3608609,48.2009632],[16.3609151,48.2009861],[16.360903,48.2009988],[16.3609308,48.2010113],[16.3609744,48.2010496],[16.3609503,48.2010618],[16.3609231,48.2010379],[16.3607208,48.2011401],[16.3610602,48.2014384],[16.3612866,48.2013239]]]},"properties":{"voltage":"110000","name":"Umspannwerk Mariahilf"}},{"type":"Feature","geometry":{"type":"Polygon","coordinates":[[[17.8211231,48.2782121],[17.8211854,48.2782215],[17.8211979,48.278185],[17.8211356,48.2781756],[17.8211231,48.2782121]]]},"properties":{"voltage":"","name":""}},{"type":"Feature","geometry":{"type":"Polygon","coordinates":[[[16.4716958,48.1608082],[16.4717444,48.1607606],[16.4717087,48.1607449],[16.4717315,48.1607205],[16.4716676,48.1606896],[16.4716441,48.1607114],[16.4716296,48.1607056],[16.4715778,48.1607529],[16.4716958,48.1608082]]]},"properties":{"voltage":"","name":""}},{"type":"Feature","geometry":{"type":"Polygon","coordinates":[[[16.4628334,48.1485155],[16.4628735,48.1485629],[16.4629747,48.1485248],[16.4629346,48.1484774],[16.4628334,48.1485155]]]},"properties":{"voltage":"","name":""}},{"type":"Feature","geometry":{"type":"Polygon","coordinates":[[[16.4607195,48.1452369],[16.460679,48.1452655],[16.4607736,48.1453296],[16.4608172,48.145301],[16.4607195,48.1452369]]]},"properties":{"voltage":"","name":""}},{"type":"Feature","geometry":{"type":"Polygon","coordinates":[[[16.407353,48.1672324],[16.4074091,48.1671908],[16.4073663,48.1671652],[16.4073102,48.167208],[16.407353,48.1672324]]]},"properties":{"voltage":"","name":""}},{"type":"Feature","geometry":{"type":"Polygon","coordinates":[[[22.2704323,48.5763368],[22.270905,48.5762726],[22.2708049,48.57595],[22.2703321,48.5760142],[22.2704323,48.5763368]]]},"properties":{"voltage":"35000;10000","name":"\u041a\u043e\u043d\u0446\u0435\u0432\u043e"}},{"type":"Feature","geometry":{"type":"Polygon","coordinates":[[[16.4920441,48.2787852],[16.4920055,48.2787479],[16.4919572,48.2787675],[16.4919908,48.2788053],[16.4920441,48.2787852]]]},"properties":{"voltage":"","name":""}},{"type":"Feature","geometry":{"type":"Polygon","coordinates":[[[16.5141029,48.1860054],[16.5141396,48.1859863],[16.5141548,48.1859994],[16.5141695,48.186012],[16.5141491,48.1860225],[16.5141328,48.186031],[16.5141029,48.1860054]]]},"properties":{"voltage":"","name":""}},{"type":"Feature","geometry":{"type":"Polygon","coordinates":[[[16.4715246,48.2605244],[16.4714957,48.2604709],[16.4716595,48.2604318],[16.4718705,48.2603814],[16.4718993,48.2604349],[16.4715246,48.2605244]]]},"properties":{"voltage":"","name":""}},{"type":"Feature","geometry":{"type":"Polygon","coordinates":[[[16.5131081,48.051942],[16.5130788,48.0519191],[16.5131366,48.0518861],[16.5131659,48.051909],[16.5131081,48.051942]]]},"properties":{"voltage":"20000","name":""}},{"type":"Feature","geometry":{"type":"Polygon","coordinates":[[[16.2404913,48.2099139],[16.2405222,48.2099455],[16.2405926,48.2099149],[16.2405617,48.2098834],[16.2404913,48.2099139]]]},"properties":{"voltage":"","name":""}},{"type":"Feature","geometry":{"type":"Polygon","coordinates":[[[16.1602311,48.2000486],[16.1601844,48.2000842],[16.1602486,48.2001217],[16.1602954,48.2000861],[16.1602311,48.2000486]]]},"properties":{"voltage":"20000","name":""}},{"type":"Feature","geometry":{"type":"Polygon","coordinates":[[[16.9801845,48.2047203],[16.9800371,48.2047169],[16.9800326,48.2047946],[16.9801812,48.2047958],[16.9801845,48.2047203]]]},"properties":{"voltage":"","name":""}},{"type":"Feature","geometry":{"type":"Polygon","coordinates":[[[16.4951275,48.2178756],[16.4954753,48.2186583],[16.4956478,48.2185843],[16.4958382,48.2184945],[16.4960837,48.2183667],[16.4963358,48.218225],[16.4961898,48.2177318],[16.4951275,48.2178756]]]},"properties":{"voltage":"110000","name":"Umspannwerk Aspern"}},{"type":"Feature","geometry":{"type":"Polygon","coordinates":[[[16.4686231,48.2153526],[16.4686835,48.215331],[16.4686543,48.2152962],[16.4686538,48.2152956],[16.4685944,48.2153168],[16.4686231,48.2153526]]]},"properties":{"voltage":"","name":""}},{"type":"Feature","geometry":{"type":"Polygon","coordinates":[[[17.0429754,48.1547945],[17.0429626,48.1546761],[17.0432281,48.1546633],[17.0432409,48.1547818],[17.0429754,48.1547945]]]},"properties":{"voltage":"","name":""}},{"type":"Feature","geometry":{"type":"Polygon","coordinates":[[[18.742042,48.5575667],[18.7406344,48.5575286],[18.7400445,48.5582651],[18.7392859,48.5598204],[18.7395403,48.5598699],[18.7399131,48.5601007],[18.7402886,48.5602019],[18.7404803,48.5604374],[18.7408469,48.5606237],[18.7425537,48.5610612],[18.7442168,48.5583689],[18.7433878,48.5581579],[18.7433848,48.5580723],[18.7433039,48.5580458],[18.7427035,48.5578488],[18.7423011,48.5576428],[18.742042,48.5575667]]]},"properties":{"voltage":"400000","name":"Horn\u00e1 \u017dda\u0148a"}},{"type":"Feature","geometry":{"type":"Polygon","coordinates":[[[16.3959817,48.2719914],[16.3960331,48.2719836],[16.3960157,48.2719326],[16.3959644,48.2719403],[16.3959817,48.2719914]]]},"properties":{"voltage":"","name":""}},{"type":"Feature","geometry":{"type":"Polygon","coordinates":[[[16.400063,48.2681166],[16.4001206,48.2681071],[16.4001044,48.2680639],[16.4000467,48.2680735],[16.400063,48.2681166]]]},"properties":{"voltage":"","name":""}},{"type":"Feature","geometry":{"type":"Polygon","coordinates":[[[16.4007927,48.2676849],[16.4008085,48.2677214],[16.4009483,48.2676946],[16.4009325,48.2676581],[16.4007927,48.2676849]]]},"properties":{"voltage":"","name":""}},{"type":"Feature","geometry":{"type":"Polygon","coordinates":[[[16.4015868,48.2673647],[16.4015717,48.2673278],[16.4016701,48.26731],[16.4016852,48.2673469],[16.4015868,48.2673647]]]},"properties":{"voltage":"","name":""}},{"type":"Feature","geometry":{"type":"Polygon","coordinates":[[[22.3845837,48.3647471],[22.3843335,48.3645952],[22.3842727,48.3639368],[22.3860515,48.3638642],[22.3860832,48.3642073],[22.3862554,48.3642003],[22.3862995,48.3646771],[22.3845837,48.3647471]]]},"properties":{"voltage":"35000;6000","name":"\u0411\u0430\u0442\u044c\u043e\u0432\u043e, \u0442\u0443\u043f\u0456\u043a\u043e\u0432\u0430"}},{"type":"Feature","geometry":{"type":"Polygon","coordinates":[[[16.3335697,48.1647003],[16.3336585,48.1646719],[16.3336322,48.1646352],[16.3335433,48.1646636],[16.3335697,48.1647003]]]},"properties":{"voltage":"20000;400","name":""}},{"type":"Feature","geometry":{"type":"Polygon","coordinates":[[[16.3157811,48.1054656],[16.315777,48.1054025],[16.31585,48.1054004],[16.3158541,48.1054635],[16.3157811,48.1054656]]]},"properties":{"voltage":"20000;400","name":""}},{"type":"Feature","geometry":{"type":"Polygon","coordinates":[[[16.161772,48.5288894],[16.1617475,48.5288572],[16.1617861,48.5288444],[16.1618105,48.5288766],[16.161772,48.5288894]]]},"properties":{"voltage":"","name":""}},{"type":"Feature","geometry":{"type":"Polygon","coordinates":[[[16.367341,48.3423487],[16.3673651,48.3423916],[16.3674025,48.3423824],[16.3673783,48.3423394],[16.367341,48.3423487]]]},"properties":{"voltage":"","name":""}},{"type":"Feature","geometry":{"type":"Polygon","coordinates":[[[16.2030127,48.0540707],[16.2030162,48.0540356],[16.2029631,48.0540332],[16.2029596,48.0540684],[16.2030127,48.0540707]]]},"properties":{"voltage":"20000","name":""}},{"type":"Feature","geometry":{"type":"Polygon","coordinates":[[[16.5044419,48.237478],[16.5044756,48.2374777],[16.5044695,48.2374348],[16.5044347,48.2374363],[16.5044419,48.237478]]]},"properties":{"voltage":"","name":""}},{"type":"Feature","geometry":{"type":"Polygon","coordinates":[[[16.2702332,48.1430167],[16.27029,48.1430095],[16.2702701,48.1429393],[16.2702133,48.1429465],[16.2702332,48.1430167]]]},"properties":{"voltage":"","name":""}},{"type":"Feature","geometry":{"type":"Polygon","coordinates":[[[16.4929486,48.2584443],[16.4930079,48.2584074],[16.4929671,48.2583792],[16.4929102,48.2584174],[16.4929486,48.2584443]]]},"properties":{"voltage":"","name":""}},{"type":"Feature","geometry":{"type":"Polygon","coordinates":[[[17.0976933,48.1146449],[17.098013,48.1145185],[17.0978996,48.1143907],[17.097997,48.1143521],[17.0977572,48.1140817],[17.0977044,48.1141025],[17.0975033,48.114182],[17.09734,48.1142466],[17.0976933,48.1146449]]]},"properties":{"voltage":"","name":"Petr\u017ealka"}},{"type":"Feature","geometry":{"type":"Polygon","coordinates":[[[16.38229,48.1870911],[16.3823388,48.187167],[16.3823888,48.187153],[16.3823407,48.1870761],[16.38229,48.1870911]]]},"properties":{"voltage":"","name":""}},{"type":"Feature","geometry":{"type":"Polygon","coordinates":[[[16.207707,48.203291],[16.2077463,48.2032726],[16.2077917,48.2033156],[16.2077524,48.2033341],[16.207707,48.203291]]]},"properties":{"voltage":"","name":""}},{"type":"Feature","geometry":{"type":"Polygon","coordinates":[[[16.2550856,48.2097075],[16.2551397,48.2097077],[16.2551402,48.2096406],[16.2550862,48.2096405],[16.2550856,48.2097075]]]},"properties":{"voltage":"","name":""}},{"type":"Feature","geometry":{"type":"Polygon","coordinates":[[[16.107526,48.4920724],[16.1075577,48.4920876],[16.1075908,48.4921034],[16.1076333,48.4920645],[16.1075994,48.4920482],[16.1075684,48.4920334],[16.107526,48.4920724]]]},"properties":{"voltage":"20000","name":""}},{"type":"Feature","geometry":{"type":"Polygon","coordinates":[[[16.4543064,48.249392],[16.4555164,48.2491383],[16.4555683,48.2490752],[16.4553989,48.248717],[16.455267,48.2486772],[16.4550245,48.2487249],[16.4540055,48.2489412],[16.454011,48.2489494],[16.4543064,48.249392]]]},"properties":{"voltage":"110000","name":"Umspannwerk Kagran"}},{"type":"Feature","geometry":{"type":"Polygon","coordinates":[[[16.4383338,48.2343323],[16.4382733,48.2343262],[16.4382928,48.2342407],[16.4383533,48.2342469],[16.4383338,48.2343323]]]},"properties":{"voltage":"","name":""}},{"type":"Feature","geometry":{"type":"Polygon","coordinates":[[[16.2318624,48.2155422],[16.2318879,48.2155474],[16.2318823,48.2155595],[16.2318568,48.2155542],[16.2318624,48.2155422]]]},"properties":{"voltage":"","name":""}},{"type":"Feature","geometry":{"type":"Polygon","coordinates":[[[16.4484276,48.2277314],[16.448563,48.2277353],[16.4485657,48.2276938],[16.4484302,48.2276899],[16.4484276,48.2277314]]]},"properties":{"voltage":"","name":""}},{"type":"Feature","geometry":{"type":"Polygon","coordinates":[[[16.4506221,48.2305072],[16.4506689,48.2304862],[16.450633,48.2304472],[16.4505868,48.2304689],[16.4506221,48.2305072]]]},"properties":{"voltage":"","name":""}},{"type":"Feature","geometry":{"type":"Polygon","coordinates":[[[16.4646734,48.2692749],[16.4647284,48.2692347],[16.4646845,48.2692084],[16.4646316,48.2692492],[16.4646734,48.2692749]]]},"properties":{"voltage":"","name":""}},{"type":"Feature","geometry":{"type":"Polygon","coordinates":[[[16.4647055,48.2606275],[16.4647962,48.2606039],[16.4647731,48.2605644],[16.4646823,48.2605881],[16.4647055,48.2606275]]]},"properties":{"voltage":"","name":""}},{"type":"Feature","geometry":{"type":"Polygon","coordinates":[[[16.4606626,48.2631773],[16.4607222,48.2631589],[16.4606988,48.2631225],[16.4606385,48.2631428],[16.4606626,48.2631773]]]},"properties":{"voltage":"","name":""}},{"type":"Feature","geometry":{"type":"Polygon","coordinates":[[[16.4337402,48.1866357],[16.4337657,48.1866012],[16.4337084,48.1865817],[16.4336822,48.186617],[16.4337402,48.1866357]]]},"properties":{"voltage":"","name":""}},{"type":"Feature","geometry":{"type":"Polygon","coordinates":[[[16.476175,48.1759454],[16.4762462,48.1759156],[16.4762218,48.1758887],[16.4761495,48.1759163],[16.476175,48.1759454]]]},"properties":{"voltage":"","name":""}},{"type":"Feature","geometry":{"type":"Polygon","coordinates":[[[16.4747768,48.1769959],[16.4748662,48.1769423],[16.4748076,48.1768987],[16.4747181,48.1769533],[16.4747768,48.1769959]]]},"properties":{"voltage":"","name":""}},{"type":"Feature","geometry":{"type":"Polygon","coordinates":[[[16.4576748,48.1733648],[16.4577358,48.1733481],[16.4577134,48.1733095],[16.4576497,48.1733272],[16.4576748,48.1733648]]]},"properties":{"voltage":"","name":""}},{"type":"Feature","geometry":{"type":"Polygon","coordinates":[[[16.4750367,48.1668878],[16.4749779,48.1667757],[16.4749242,48.1667872],[16.4749856,48.1668987],[16.4750367,48.1668878]]]},"properties":{"voltage":"","name":""}},{"type":"Feature","geometry":{"type":"Polygon","coordinates":[[[16.463212,48.1748074],[16.4631516,48.1747261],[16.4630855,48.174748],[16.4630799,48.1747498],[16.4631402,48.1748311],[16.4631458,48.1748292],[16.463212,48.1748074]]]},"properties":{"voltage":"","name":""}},{"type":"Feature","geometry":{"type":"Polygon","coordinates":[[[16.4292304,48.1858628],[16.4292716,48.1858982],[16.4293171,48.1858746],[16.4292772,48.1858392],[16.4292304,48.1858628]]]},"properties":{"voltage":"","name":""}},{"type":"Feature","geometry":{"type":"Polygon","coordinates":[[[16.2950262,48.1944869],[16.2951207,48.1944895],[16.2951231,48.1944518],[16.2950285,48.1944492],[16.2950283,48.1944524],[16.2950262,48.1944869]]]},"properties":{"voltage":"","name":""}},{"type":"Feature","geometry":{"type":"Polygon","coordinates":[[[16.2001176,48.2303926],[16.2000624,48.230351],[16.2001017,48.2303279],[16.2001568,48.2303696],[16.2001176,48.2303926]]]},"properties":{"voltage":"","name":""}},{"type":"Feature","geometry":{"type":"Polygon","coordinates":[[[16.3154936,48.1673717],[16.3156237,48.167343],[16.3156075,48.1673073],[16.3156063,48.1673046],[16.3155569,48.1673157],[16.3154748,48.1673341],[16.3154936,48.1673717]]]},"properties":{"voltage":"","name":""}},{"type":"Feature","geometry":{"type":"Polygon","coordinates":[[[16.3920935,48.1096247],[16.3920684,48.1095804],[16.3921395,48.1095634],[16.392166,48.1096063],[16.3920935,48.1096247]]]},"properties":{"voltage":"20000","name":""}},{"type":"Feature","geometry":{"type":"Polygon","coordinates":[[[16.4710994,48.2227799],[16.4711514,48.2227616],[16.4711231,48.2227224],[16.4710711,48.2227403],[16.4710994,48.2227799]]]},"properties":{"voltage":"","name":""}},{"type":"Feature","geometry":{"type":"Polygon","coordinates":[[[16.4868464,48.2319111],[16.4869021,48.2319004],[16.4868847,48.23186],[16.4868289,48.2318707],[16.4868464,48.2319111]]]},"properties":{"voltage":"","name":""}},{"type":"Feature","geometry":{"type":"Polygon","coordinates":[[[16.4853947,48.2358265],[16.4855154,48.2358503],[16.485532,48.2358117],[16.485413,48.235789],[16.4853947,48.2358265]]]},"properties":{"voltage":"","name":""}},{"type":"Feature","geometry":{"type":"Polygon","coordinates":[[[16.419692,48.2293886],[16.4197746,48.2294372],[16.4198195,48.2294033],[16.419737,48.2293547],[16.419692,48.2293886]]]},"properties":{"voltage":"","name":""}},{"type":"Feature","geometry":{"type":"Polygon","coordinates":[[[16.324329,48.1358542],[16.3243543,48.1359024],[16.3243944,48.135893],[16.3243692,48.1358448],[16.324329,48.1358542]]]},"properties":{"voltage":"","name":""}},{"type":"Feature","geometry":{"type":"Polygon","coordinates":[[[16.4867191,48.2353202],[16.4867944,48.2351556],[16.4868608,48.2351691],[16.4867855,48.2353337],[16.4867191,48.2353202]]]},"properties":{"voltage":"","name":""}},{"type":"Feature","geometry":{"type":"Polygon","coordinates":[[[22.2671746,48.4124818],[22.2670113,48.4124342],[22.2664708,48.412095],[22.2664963,48.4120398],[22.266857,48.411787],[22.2669429,48.4117559],[22.2677176,48.4122137],[22.2674632,48.4123825],[22.2676927,48.4125283],[22.2674837,48.4126744],[22.2671746,48.4124818]]]},"properties":{"voltage":"35000","name":""}},{"type":"Feature","geometry":{"type":"Polygon","coordinates":[[[22.2164211,48.4353676],[22.2173443,48.435362],[22.2173397,48.4349358],[22.2174738,48.4349352],[22.2174715,48.4347258],[22.216453,48.4347306],[22.2163796,48.4347467],[22.2163861,48.4353413],[22.2164211,48.4353676]]]},"properties":{"voltage":"35000;6000","name":"\u0427\u043e\u043f, \u0442\u0443\u043f\u0456\u043a\u043e\u0432\u0430"}},{"type":"Feature","geometry":{"type":"Polygon","coordinates":[[[22.2117956,48.439791],[22.2116667,48.4386148],[22.2126573,48.438567],[22.2127862,48.4397432],[22.2117956,48.439791]]]},"properties":{"voltage":"110000;35000;10000","name":"\u0427\u043e\u043f"}},{"type":"Feature","geometry":{"type":"Polygon","coordinates":[[[16.2358444,48.1300624],[16.2358659,48.1300289],[16.2357641,48.1299998],[16.235738,48.1300404],[16.2358398,48.1300695],[16.2358444,48.1300624]]]},"properties":{"voltage":"","name":""}},{"type":"Feature","geometry":{"type":"Polygon","coordinates":[[[16.4519754,48.2200186],[16.4520108,48.2200259],[16.4520166,48.2200133],[16.4519816,48.220005],[16.4519754,48.2200186]]]},"properties":{"voltage":"","name":""}},{"type":"Feature","geometry":{"type":"Polygon","coordinates":[[[16.4591235,48.2361595],[16.4591771,48.2361411],[16.4592241,48.2362005],[16.4591664,48.2362202],[16.4591235,48.2361595]]]},"properties":{"voltage":"","name":""}},{"type":"Feature","geometry":{"type":"Polygon","coordinates":[[[16.307316,48.091323],[16.3073159,48.0912914],[16.3073481,48.0912917],[16.307348,48.091323],[16.307316,48.091323]]]},"properties":{"voltage":"","name":""}},{"type":"Feature","geometry":{"type":"Polygon","coordinates":[[[16.3039961,48.091571],[16.3039839,48.0914455],[16.3040527,48.0914425],[16.3040649,48.091568],[16.3039961,48.091571]]]},"properties":{"voltage":"","name":""}},{"type":"Feature","geometry":{"type":"Polygon","coordinates":[[[16.4585634,48.194817],[16.458504,48.1948215],[16.4583078,48.1949567],[16.4583089,48.1950046],[16.4588269,48.1953468],[16.4590982,48.1951705],[16.4585634,48.194817]]]},"properties":{"voltage":"","name":""}},{"type":"Feature","geometry":{"type":"Polygon","coordinates":[[[16.4563036,48.2200675],[16.4563679,48.2200627],[16.456361,48.2200218],[16.4562966,48.2200267],[16.4563036,48.2200675]]]},"properties":{"voltage":"","name":""}},{"type":"Feature","geometry":{"type":"Polygon","coordinates":[[[16.4724762,48.2637874],[16.4724358,48.2637082],[16.4724983,48.2636941],[16.4725386,48.2637734],[16.4724762,48.2637874]]]},"properties":{"voltage":"","name":""}},{"type":"Feature","geometry":{"type":"Polygon","coordinates":[[[16.4711329,48.2553057],[16.4711211,48.2553086],[16.4710469,48.2551753],[16.4711283,48.2551551],[16.4712026,48.2552885],[16.4711329,48.2553057]]]},"properties":{"voltage":"","name":""}},{"type":"Feature","geometry":{"type":"Polygon","coordinates":[[[16.4534051,48.2301733],[16.4534596,48.2301626],[16.453442,48.2301227],[16.4533875,48.2301333],[16.4534051,48.2301733]]]},"properties":{"voltage":"","name":""}},{"type":"Feature","geometry":{"type":"Polygon","coordinates":[[[16.4455168,48.2273065],[16.4455192,48.2273162],[16.4455258,48.227343],[16.4455576,48.2273442],[16.4456092,48.2273463],[16.445604,48.2273125],[16.4455963,48.2272746],[16.4455168,48.2273065]]]},"properties":{"voltage":"","name":""}},{"type":"Feature","geometry":{"type":"Polygon","coordinates":[[[16.2809658,48.2280634],[16.28098,48.2280773],[16.2810086,48.2280643],[16.2809944,48.2280504],[16.2809658,48.2280634]]]},"properties":{"voltage":"","name":""}},{"type":"Feature","geometry":{"type":"Polygon","coordinates":[[[16.3097775,48.08839],[16.3098664,48.0883545],[16.3098351,48.0883196],[16.3097463,48.0883551],[16.3097775,48.08839]]]},"properties":{"voltage":"","name":""}},{"type":"Feature","geometry":{"type":"Polygon","coordinates":[[[16.3107198,48.0880354],[16.3108152,48.0880707],[16.3107829,48.0881096],[16.3106875,48.0880743],[16.3107198,48.0880354]]]},"properties":{"voltage":"","name":""}},{"type":"Feature","geometry":{"type":"Polygon","coordinates":[[[16.2876019,48.1118158],[16.2876679,48.1118067],[16.2876281,48.1116786],[16.287562,48.1116878],[16.2876019,48.1118158]]]},"properties":{"voltage":"20000;400","name":""}},{"type":"Feature","geometry":{"type":"Polygon","coordinates":[[[16.3632825,48.2283468],[16.3634159,48.2284055],[16.3634253,48.2284096],[16.3636347,48.2281982],[16.3635541,48.2281628],[16.3634989,48.2281386],[16.3634919,48.2281355],[16.3632825,48.2283468]]]},"properties":{"voltage":"","name":"Unterwerk Friedensbr\u00fccke"}},{"type":"Feature","geometry":{"type":"Polygon","coordinates":[[[16.6045828,48.5985715],[16.6045588,48.5986009],[16.6045928,48.5986131],[16.6046169,48.5985837],[16.6045828,48.5985715]]]},"properties":{"voltage":"","name":""}},{"type":"Feature","geometry":{"type":"Polygon","coordinates":[[[16.3043132,48.3232559],[16.3043204,48.3232162],[16.3044066,48.3232231],[16.3043994,48.3232628],[16.3043132,48.3232559]]]},"properties":{"voltage":"","name":""}},{"type":"Feature","geometry":{"type":"Polygon","coordinates":[[[16.2870043,48.3338392],[16.2870288,48.3337928],[16.2871142,48.3338127],[16.2870897,48.3338591],[16.2870043,48.3338392]]]},"properties":{"voltage":"10000","name":""}},{"type":"Feature","geometry":{"type":"Polygon","coordinates":[[[16.2899429,48.345808],[16.2899904,48.3457789],[16.290021,48.345801],[16.2899735,48.3458301],[16.2899429,48.345808]]]},"properties":{"voltage":"10000","name":""}},{"type":"Feature","geometry":{"type":"Polygon","coordinates":[[[16.279835,48.3491821],[16.2798627,48.3491495],[16.2799399,48.3491784],[16.2799122,48.3492111],[16.279835,48.3491821]]]},"properties":{"voltage":"20000","name":""}},{"type":"Feature","geometry":{"type":"Polygon","coordinates":[[[16.1740954,48.1124087],[16.1740954,48.1124385],[16.1741492,48.1124385],[16.1741492,48.1124087],[16.1741228,48.1124087],[16.1740954,48.1124087]]]},"properties":{"voltage":"20000","name":""}},{"type":"Feature","geometry":{"type":"Polygon","coordinates":[[[16.9466602,48.146846],[16.9466256,48.1468317],[16.9466056,48.1468531],[16.9466402,48.1468675],[16.9466602,48.146846]]]},"properties":{"voltage":"","name":""}},{"type":"Feature","geometry":{"type":"Polygon","coordinates":[[[16.953097,48.1473796],[16.9530678,48.1473847],[16.9530836,48.1474246],[16.9531127,48.1474195],[16.953097,48.1473796]]]},"properties":{"voltage":"","name":"TST Hainburg Riedenhofsiedlung"}},{"type":"Feature","geometry":{"type":"Polygon","coordinates":[[[17.0700263,48.1493057],[17.0700272,48.1491401],[17.0701722,48.1491403],[17.0701723,48.1493064],[17.0700263,48.1493057]]]},"properties":{"voltage":"","name":""}},{"type":"Feature","geometry":{"type":"Polygon","coordinates":[[[16.2546585,48.306765],[16.2546964,48.3067219],[16.2547609,48.3067469],[16.254723,48.3067901],[16.2546585,48.306765]]]},"properties":{"voltage":"","name":""}},{"type":"Feature","geometry":{"type":"Polygon","coordinates":[[[16.2381782,48.3162255],[16.2382356,48.3161881],[16.2382774,48.3162164],[16.23822,48.3162539],[16.2381782,48.3162255]]]},"properties":{"voltage":"","name":""}},{"type":"Feature","geometry":{"type":"Polygon","coordinates":[[[16.9450476,48.1415018],[16.9450205,48.1414975],[16.9450374,48.1414646],[16.9450616,48.1414726],[16.9450476,48.1415018]]]},"properties":{"voltage":"","name":"TST Hainburg Schlo\u00dfberg"}},{"type":"Feature","geometry":{"type":"Polygon","coordinates":[[[16.3980595,48.1038031],[16.3981253,48.1038013],[16.3981226,48.1037559],[16.3980567,48.1037577],[16.3980595,48.1038031]]]},"properties":{"voltage":"20000;400","name":""}},{"type":"Feature","geometry":{"type":"Polygon","coordinates":[[[16.3936191,48.1182074],[16.3936837,48.1182],[16.3936942,48.1182405],[16.3936296,48.1182479],[16.3936191,48.1182074]]]},"properties":{"voltage":"20000","name":""}},{"type":"Feature","geometry":{"type":"Polygon","coordinates":[[[17.2597574,48.2425644],[17.2597343,48.2425256],[17.2597114,48.2425319],[17.2597345,48.2425708],[17.2597574,48.2425644]]]},"properties":{"voltage":"","name":"Ts-59-11"}},{"type":"Feature","geometry":{"type":"Polygon","coordinates":[[[16.4570312,48.2269096],[16.4570316,48.2269021],[16.4570151,48.2268888],[16.457018,48.2268583],[16.4571136,48.2268635],[16.4571084,48.2268983],[16.4570872,48.2269038],[16.4570862,48.2269092],[16.4570864,48.2269113],[16.4570312,48.2269096]]]},"properties":{"voltage":"","name":""}},{"type":"Feature","geometry":{"type":"Polygon","coordinates":[[[16.1490702,48.2770886],[16.1490711,48.2770653],[16.1491081,48.2770659],[16.1491072,48.2770893],[16.1490702,48.2770886]]]},"properties":{"voltage":"","name":""}},{"type":"Feature","geometry":{"type":"Polygon","coordinates":[[[17.156856,48.179842],[17.1567087,48.1797924],[17.1568134,48.1796335],[17.156956,48.1796721],[17.1570663,48.1797363],[17.1575653,48.179885],[17.1575492,48.1799657],[17.157128,48.1806276],[17.1563628,48.1803635],[17.1566887,48.1799246],[17.1567655,48.1799167],[17.1567756,48.1799157],[17.156856,48.179842]]]},"properties":{"voltage":"","name":"PPC BA"}},{"type":"Feature","geometry":{"type":"Polygon","coordinates":[[[17.6428321,48.3623675],[17.6421643,48.362036],[17.6423948,48.36183],[17.6429957,48.3612928],[17.6436609,48.3616136],[17.6430652,48.3621555],[17.6428321,48.3623675]]]},"properties":{"voltage":"","name":"PSA"}},{"type":"Feature","geometry":{"type":"Polygon","coordinates":[[[16.2552054,48.1144636],[16.2552879,48.1144655],[16.25529,48.114425],[16.2552074,48.1144231],[16.2552054,48.1144636]]]},"properties":{"voltage":"","name":""}},{"type":"Feature","geometry":{"type":"Polygon","coordinates":[[[22.6188476,48.4679093],[22.6193317,48.4677795],[22.6192141,48.4675866],[22.6191787,48.4675961],[22.6191134,48.4674891],[22.6186647,48.4676094],[22.6188476,48.4679093]]]},"properties":{"voltage":"35000;10000","name":"\u0420\u0430\u043a\u043e\u0448\u0438\u043d\u043e"}},{"type":"Feature","geometry":{"type":"Polygon","coordinates":[[[16.3504636,48.0842349],[16.3505467,48.0842273],[16.350535,48.0841732],[16.3504519,48.0841807],[16.3504636,48.0842349]]]},"properties":{"voltage":"20000;400","name":""}},{"type":"Feature","geometry":{"type":"Polygon","coordinates":[[[16.3053342,48.3228414],[16.3053423,48.3228237],[16.3053496,48.3228076],[16.3054867,48.3228342],[16.3054729,48.322867],[16.3053342,48.3228414]]]},"properties":{"voltage":"","name":""}},{"type":"Feature","geometry":{"type":"Polygon","coordinates":[[[16.5000606,48.2228836],[16.5001922,48.2228572],[16.5001401,48.2227417],[16.5000084,48.2227681],[16.5000606,48.2228836]]]},"properties":{"voltage":"","name":""}},{"type":"Feature","geometry":{"type":"Polygon","coordinates":[[[16.2511111,48.119028],[16.2511748,48.119029],[16.2511763,48.1189855],[16.2511126,48.1189846],[16.2511111,48.119028]]]},"properties":{"voltage":"","name":""}},{"type":"Feature","geometry":{"type":"Polygon","coordinates":[[[16.2844529,48.1474021],[16.2844617,48.1474446],[16.2845454,48.1474369],[16.2845366,48.1473944],[16.2844529,48.1474021]]]},"properties":{"voltage":"","name":""}},{"type":"Feature","geometry":{"type":"Polygon","coordinates":[[[16.2761235,48.1495481],[16.2760361,48.1495741],[16.276061,48.1496114],[16.2761539,48.1495838],[16.2761235,48.1495481]]]},"properties":{"voltage":"","name":""}},{"type":"Feature","geometry":{"type":"Polygon","coordinates":[[[16.4123426,48.2835125],[16.4123065,48.2836001],[16.4122459,48.283589],[16.4122821,48.2835015],[16.4123426,48.2835125]]]},"properties":{"voltage":"","name":"Unterwerk Gerasdorf"}},{"type":"Feature","geometry":{"type":"Polygon","coordinates":[[[16.3104663,48.1954565],[16.3104431,48.1954568],[16.310415,48.1952808],[16.3100408,48.1953117],[16.3100227,48.1952195],[16.3103983,48.1951909],[16.310348,48.1948961],[16.3103156,48.1948972],[16.3103049,48.1948345],[16.3103358,48.1948331],[16.3102458,48.1942944],[16.3104248,48.1942798],[16.3105076,48.194738],[16.3103561,48.1947473],[16.3103716,48.1948308],[16.3105185,48.1948209],[16.3106266,48.1954424],[16.3104663,48.1954565]]]},"properties":{"voltage":"110000","name":"Umspannwerk Penzing"}},{"type":"Feature","geometry":{"type":"Polygon","coordinates":[[[16.3037185,48.137704],[16.303709,48.1376485],[16.3038418,48.1376383],[16.3038501,48.1376949],[16.3037938,48.1376983],[16.3037185,48.137704]]]},"properties":{"voltage":"","name":""}},{"type":"Feature","geometry":{"type":"Polygon","coordinates":[[[16.3612583,48.1599713],[16.3612437,48.159908],[16.3613483,48.1598973],[16.3613629,48.1599606],[16.3612583,48.1599713]]]},"properties":{"voltage":"","name":"Gleichrichterunterwerk"}},{"type":"Feature","geometry":{"type":"Polygon","coordinates":[[[16.3405706,48.1750925],[16.3405327,48.1753198],[16.3415202,48.1753971],[16.3418283,48.1754448],[16.342065,48.1748298],[16.3402872,48.1747173],[16.3402747,48.1747879],[16.3402629,48.1748707],[16.3401784,48.1748636],[16.340163,48.1749502],[16.3405434,48.1749802],[16.3405348,48.1750289],[16.3409128,48.1750596],[16.340908,48.1750884],[16.3409032,48.1751171],[16.3405706,48.1750925]]]},"properties":{"voltage":"55000;15000","name":"Unterwerk Meidling"}},{"type":"Feature","geometry":{"type":"Polygon","coordinates":[[[16.4584566,48.2530382],[16.4585018,48.2530322],[16.458487,48.2529823],[16.4584418,48.2529883],[16.4584566,48.2530382]]]},"properties":{"voltage":"","name":""}},{"type":"Feature","geometry":{"type":"Polygon","coordinates":[[[16.2879595,48.139532],[16.2880167,48.1395173],[16.288044,48.1395645],[16.2879868,48.1395792],[16.2879595,48.139532]]]},"properties":{"voltage":"","name":""}},{"type":"Feature","geometry":{"type":"Polygon","coordinates":[[[16.2901743,48.151366],[16.2901859,48.1514239],[16.2901136,48.1514304],[16.2901019,48.1513724],[16.2901743,48.151366]]]},"properties":{"voltage":"","name":""}},{"type":"Feature","geometry":{"type":"Polygon","coordinates":[[[16.3109404,48.1477054],[16.3109486,48.1478143],[16.3110053,48.1478124],[16.3109971,48.1477035],[16.3109404,48.1477054]]]},"properties":{"voltage":"","name":""}},{"type":"Feature","geometry":{"type":"Polygon","coordinates":[[[16.1679036,48.2455874],[16.1679565,48.2455024],[16.1680052,48.2455158],[16.1679523,48.2456008],[16.1679036,48.2455874]]]},"properties":{"voltage":"20000","name":""}},{"type":"Feature","geometry":{"type":"Polygon","coordinates":[[[17.14223,48.2011227],[17.1421855,48.2010756],[17.1420889,48.2011165],[17.1421333,48.2011637],[17.14223,48.2011227]]]},"properties":{"voltage":"","name":"TS-717"}},{"type":"Feature","geometry":{"type":"Polygon","coordinates":[[[16.1079063,48.0825909],[16.1079242,48.0825979],[16.1079457,48.0826063],[16.1079686,48.0825801],[16.1079292,48.0825647],[16.1079063,48.0825909]]]},"properties":{"voltage":"20000","name":""}},{"type":"Feature","geometry":{"type":"Polygon","coordinates":[[[16.3154501,48.1573439],[16.3154612,48.1573131],[16.3155326,48.1573512],[16.3154501,48.1573439]]]},"properties":{"voltage":"","name":""}},{"type":"Feature","geometry":{"type":"Polygon","coordinates":[[[16.2720956,48.1390803],[16.2721218,48.139115],[16.2722088,48.1390857],[16.2721826,48.139051],[16.2720956,48.1390803]]]},"properties":{"voltage":"","name":""}},{"type":"Feature","geometry":{"type":"Polygon","coordinates":[[[21.5914231,48.3667272],[21.590807,48.3663973],[21.5912651,48.3660028],[21.5915899,48.3657231],[21.5922241,48.3660628],[21.5914231,48.3667272]]]},"properties":{"voltage":"132000","name":"K\u00e1rolyfalva al\u00e1llom\u00e1s"}},{"type":"Feature","geometry":{"type":"Polygon","coordinates":[[[16.4277747,48.2678211],[16.4277406,48.2675761],[16.4279006,48.2674937],[16.4279271,48.2676787],[16.427946,48.2678106],[16.4277747,48.2678211]]]},"properties":{"voltage":"","name":""}},{"type":"Feature","geometry":{"type":"Polygon","coordinates":[[[16.3904938,48.2215414],[16.390452,48.2215377],[16.3904233,48.2216849],[16.3904871,48.2216904],[16.3905158,48.2215433],[16.3904938,48.2215414]]]},"properties":{"voltage":"","name":""}},{"type":"Feature","geometry":{"type":"Polygon","coordinates":[[[16.4581697,48.1839004],[16.4582945,48.1838014],[16.4582336,48.1837698],[16.458113,48.1838695],[16.4581697,48.1839004]]]},"properties":{"voltage":"","name":""}},{"type":"Feature","geometry":{"type":"Polygon","coordinates":[[[16.4054709,48.1914412],[16.4056319,48.1915008],[16.4058786,48.1912047],[16.405672,48.1911282],[16.4054252,48.1914242],[16.4054709,48.1914412]]]},"properties":{"voltage":"","name":"Kabelk\u00fchl- und Schaltanlage Baumgasse"}},{"type":"Feature","geometry":{"type":"Polygon","coordinates":[[[21.1098126,48.3200159],[21.1087881,48.3190903],[21.1098421,48.318557],[21.110907,48.319488],[21.1098126,48.3200159]]]},"properties":{"voltage":"132000","name":"Encs al\u00e1llom\u00e1s"}},{"type":"Feature","geometry":{"type":"Polygon","coordinates":[[[17.1641047,48.2136406],[17.1640416,48.2135878],[17.1639482,48.2136357],[17.1640095,48.2136884],[17.1641047,48.2136406]]]},"properties":{"voltage":"","name":""}},{"type":"Feature","geometry":{"type":"Polygon","coordinates":[[[16.4106015,48.2104268],[16.4104105,48.2102666],[16.4108256,48.2100468],[16.4110166,48.2102071],[16.4106015,48.2104268]]]},"properties":{"voltage":"110000","name":"Umspannwerk Messe"}},{"type":"Feature","geometry":{"type":"Polygon","coordinates":[[[16.3463607,48.2850121],[16.346414,48.2850547],[16.3464691,48.2850242],[16.3464403,48.2850012],[16.3464196,48.2850126],[16.3463951,48.2849931],[16.3463607,48.2850121]]]},"properties":{"voltage":"","name":""}},{"type":"Feature","geometry":{"type":"Polygon","coordinates":[[[16.7582733,48.5428901],[16.7582863,48.5429267],[16.7583906,48.5429104],[16.7583776,48.5428738],[16.7582733,48.5428901]]]},"properties":{"voltage":"","name":""}},{"type":"Feature","geometry":{"type":"Polygon","coordinates":[[[17.0539983,48.1507265],[17.0539903,48.1506108],[17.0537224,48.150619],[17.0537304,48.1507347],[17.0539983,48.1507265]]]},"properties":{"voltage":"","name":"TS-1075"}},{"type":"Feature","geometry":{"type":"Polygon","coordinates":[[[17.046722,48.1502838],[17.0468803,48.1502757],[17.0468602,48.1501013],[17.0467019,48.1501093],[17.046722,48.1502838]]]},"properties":{"voltage":"","name":"TS-1078"}},{"type":"Feature","geometry":{"type":"Polygon","coordinates":[[[17.0517072,48.1566173],[17.0518637,48.1566681],[17.0519819,48.1565061],[17.0518254,48.1564553],[17.0517072,48.1566173]]]},"properties":{"voltage":"","name":"TS203"}},{"type":"Feature","geometry":{"type":"Polygon","coordinates":[[[16.2101213,48.3228862],[16.2101753,48.322922],[16.2102056,48.3229018],[16.210216,48.3228948],[16.210162,48.322859],[16.2101213,48.3228862]]]},"properties":{"voltage":"","name":"TST St. Andr\u00e4 W\u00e4hlamt"}},{"type":"Feature","geometry":{"type":"Polygon","coordinates":[[[17.0490784,48.1493411],[17.0491064,48.1493711],[17.0491694,48.1493449],[17.0491414,48.1493149],[17.0490784,48.1493411]]]},"properties":{"voltage":"","name":"TS-1469"}},{"type":"Feature","geometry":{"type":"Polygon","coordinates":[[[16.3007669,48.3366794],[16.300778,48.3366373],[16.3009458,48.3366568],[16.3009347,48.336699],[16.3007669,48.3366794]]]},"properties":{"voltage":"","name":""}},{"type":"Feature","geometry":{"type":"Polygon","coordinates":[[[16.2825555,48.2260884],[16.2825469,48.2260449],[16.2826356,48.2260371],[16.2826443,48.2260806],[16.2825555,48.2260884]]]},"properties":{"voltage":"","name":""}},{"type":"Feature","geometry":{"type":"Polygon","coordinates":[[[22.1516391,48.3343339],[22.1511404,48.3337214],[22.1507668,48.3338558],[22.1499784,48.3341395],[22.1504771,48.334752],[22.1516391,48.3343339]]]},"properties":{"voltage":"132000;22000","name":"Tuzs\u00e9r al\u00e1llom\u00e1s"}},{"type":"Feature","geometry":{"type":"Polygon","coordinates":[[[16.2952711,48.2066844],[16.2953417,48.2066554],[16.2953115,48.2066228],[16.295241,48.2066519],[16.2952711,48.2066844]]]},"properties":{"voltage":"","name":""}},{"type":"Feature","geometry":{"type":"Polygon","coordinates":[[[18.405269,48.4004972],[18.4057442,48.4001168],[18.406287,48.4004158],[18.4058119,48.4007961],[18.405269,48.4004972]]]},"properties":{"voltage":"","name":"Zlat\u00e9 Moravce"}},{"type":"Feature","geometry":{"type":"Polygon","coordinates":[[[17.8014544,48.5881312],[17.8015169,48.5889533],[17.8025162,48.5889167],[17.8025118,48.5888618],[17.802507,48.5887715],[17.8026399,48.5887663],[17.8027064,48.5887679],[17.8026532,48.5880912],[17.8014544,48.5881312]]]},"properties":{"voltage":"110000;22000","name":"Pie\u0161\u0165any"}},{"type":"Feature","geometry":{"type":"Polygon","coordinates":[[[16.3987473,48.1840062],[16.398795,48.1840219],[16.3988356,48.1839675],[16.3987879,48.1839517],[16.3987473,48.1840062]]]},"properties":{"voltage":"","name":""}},{"type":"Feature","geometry":{"type":"Polygon","coordinates":[[[16.1861441,48.2066946],[16.1861343,48.2066706],[16.1862067,48.2066575],[16.1862164,48.2066814],[16.1861441,48.2066946]]]},"properties":{"voltage":"","name":""}},{"type":"Feature","geometry":{"type":"Polygon","coordinates":[[[16.2190661,48.2047666],[16.2190628,48.2047282],[16.2190976,48.2047268],[16.219101,48.2047652],[16.2190661,48.2047666]]]},"properties":{"voltage":"","name":""}},{"type":"Feature","geometry":{"type":"Polygon","coordinates":[[[16.205383,48.2278838],[16.205404,48.2278721],[16.205428,48.2278911],[16.2054069,48.2279028],[16.205383,48.2278838]]]},"properties":{"voltage":"","name":""}},{"type":"Feature","geometry":{"type":"Polygon","coordinates":[[[16.2098922,48.2239955],[16.2099176,48.2239559],[16.2099795,48.2239735],[16.2099541,48.2240131],[16.2098922,48.2239955]]]},"properties":{"voltage":"","name":""}},{"type":"Feature","geometry":{"type":"Polygon","coordinates":[[[16.456684,48.2506729],[16.4566236,48.250655],[16.4566435,48.2506248],[16.4567028,48.2506444],[16.456684,48.2506729]]]},"properties":{"voltage":"","name":""}},{"type":"Feature","geometry":{"type":"Polygon","coordinates":[[[16.1322057,48.1919455],[16.1322247,48.1919247],[16.1322521,48.1919358],[16.1322331,48.1919566],[16.1322057,48.1919455]]]},"properties":{"voltage":"20000","name":""}},{"type":"Feature","geometry":{"type":"Polygon","coordinates":[[[16.1459377,48.1969708],[16.145977,48.1969895],[16.1459551,48.19701],[16.1459158,48.1969913],[16.1459377,48.1969708]]]},"properties":{"voltage":"20000","name":""}},{"type":"Feature","geometry":{"type":"Polygon","coordinates":[[[16.2368614,48.2094998],[16.2369181,48.2094774],[16.236949,48.2095121],[16.2368923,48.2095345],[16.2368614,48.2094998]]]},"properties":{"voltage":"","name":""}},{"type":"Feature","geometry":{"type":"Polygon","coordinates":[[[16.2324336,48.2086323],[16.2324196,48.2085961],[16.2325021,48.208582],[16.232516,48.2086183],[16.2324336,48.2086323]]]},"properties":{"voltage":"","name":""}},{"type":"Feature","geometry":{"type":"Polygon","coordinates":[[[16.2388702,48.2128952],[16.2388847,48.2128919],[16.2389696,48.2128941],[16.2389869,48.2129177],[16.2389282,48.2129486],[16.2388702,48.2128952]]]},"properties":{"voltage":"","name":""}},{"type":"Feature","geometry":{"type":"Polygon","coordinates":[[[16.2360591,48.2154689],[16.2360444,48.2154337],[16.2360824,48.2154266],[16.2360972,48.2154618],[16.2360591,48.2154689]]]},"properties":{"voltage":"","name":""}},{"type":"Feature","geometry":{"type":"Polygon","coordinates":[[[16.2441772,48.2049683],[16.2441981,48.2049202],[16.2442387,48.2049281],[16.2442178,48.2049761],[16.2441772,48.2049683]]]},"properties":{"voltage":"","name":""}},{"type":"Feature","geometry":{"type":"Polygon","coordinates":[[[16.7707456,48.0227597],[16.7707757,48.0227133],[16.7708372,48.0227312],[16.770807,48.0227776],[16.7707456,48.0227597]]]},"properties":{"voltage":"","name":""}},{"type":"Feature","geometry":{"type":"Polygon","coordinates":[[[16.2498392,48.2112374],[16.2498736,48.2111924],[16.2499154,48.2112067],[16.2498809,48.2112516],[16.2498392,48.2112374]]]},"properties":{"voltage":"","name":""}},{"type":"Feature","geometry":{"type":"Polygon","coordinates":[[[16.1644262,48.2172682],[16.164455,48.2172444],[16.1645291,48.2172842],[16.1645003,48.217308],[16.1644262,48.2172682]]]},"properties":{"voltage":"","name":""}},{"type":"Feature","geometry":{"type":"Polygon","coordinates":[[[16.1646147,48.2195788],[16.164558,48.219551],[16.1645876,48.2195243],[16.1646442,48.2195521],[16.1646147,48.2195788]]]},"properties":{"voltage":"","name":""}},{"type":"Feature","geometry":{"type":"Polygon","coordinates":[[[16.1438249,48.227166],[16.1438529,48.2271052],[16.1440003,48.2271353],[16.1439722,48.2271961],[16.1438249,48.227166]]]},"properties":{"voltage":"","name":""}},{"type":"Feature","geometry":{"type":"Polygon","coordinates":[[[16.143698,48.2273241],[16.1436589,48.2273204],[16.1436694,48.2272714],[16.1437085,48.2272751],[16.143698,48.2273241]]]},"properties":{"voltage":"","name":""}},{"type":"Feature","geometry":{"type":"Polygon","coordinates":[[[16.460085,48.3558234],[16.4601452,48.3558211],[16.4601431,48.3557964],[16.460113,48.3557976],[16.4600829,48.3557987],[16.460085,48.3558234]]]},"properties":{"voltage":"","name":"SH Gro\u00dfebersdorf"}},{"type":"Feature","geometry":{"type":"Polygon","coordinates":[[[16.2379808,48.2070766],[16.2379817,48.2070399],[16.2380598,48.2070412],[16.2380586,48.2070777],[16.2379808,48.2070766]]]},"properties":{"voltage":"","name":""}},{"type":"Feature","geometry":{"type":"Polygon","coordinates":[[[16.2372348,48.2081268],[16.2372349,48.2081016],[16.237235,48.208091],[16.2373071,48.2080911],[16.2373069,48.208127],[16.2372348,48.2081268]]]},"properties":{"voltage":"","name":""}},{"type":"Feature","geometry":{"type":"Polygon","coordinates":[[[16.258038,48.1991916],[16.2580626,48.199174],[16.2581112,48.199204],[16.2580866,48.1992217],[16.258038,48.1991916]]]},"properties":{"voltage":"","name":""}},{"type":"Feature","geometry":{"type":"Polygon","coordinates":[[[16.3032442,48.1627453],[16.3032388,48.1626687],[16.3032948,48.162667],[16.3033002,48.1627436],[16.3032442,48.1627453]]]},"properties":{"voltage":"","name":""}},{"type":"Feature","geometry":{"type":"Polygon","coordinates":[[[16.2459395,48.2241357],[16.2459254,48.224099],[16.2459856,48.2240887],[16.2459997,48.2241255],[16.2459395,48.2241357]]]},"properties":{"voltage":"","name":""}},{"type":"Feature","geometry":{"type":"Polygon","coordinates":[[[16.2445557,48.2218985],[16.2445524,48.2218747],[16.2446043,48.2218715],[16.2446076,48.2218954],[16.2445557,48.2218985]]]},"properties":{"voltage":"","name":""}},{"type":"Feature","geometry":{"type":"Polygon","coordinates":[[[16.3466231,48.1540366],[16.3466759,48.1540198],[16.3466401,48.1539699],[16.3465874,48.1539867],[16.3466231,48.1540366]]]},"properties":{"voltage":"","name":""}},{"type":"Feature","geometry":{"type":"Polygon","coordinates":[[[16.2454484,48.2141253],[16.2455015,48.2140865],[16.2455358,48.2141074],[16.2454827,48.2141462],[16.2454484,48.2141253]]]},"properties":{"voltage":"","name":""}},{"type":"Feature","geometry":{"type":"Polygon","coordinates":[[[16.1334957,48.2406985],[16.1334849,48.2406691],[16.1335361,48.2406607],[16.1335469,48.2406901],[16.1334957,48.2406985]]]},"properties":{"voltage":"","name":""}},{"type":"Feature","geometry":{"type":"Polygon","coordinates":[[[16.1624132,48.2271704],[16.1624669,48.2272006],[16.162432,48.2272281],[16.1623783,48.227198],[16.1624132,48.2271704]]]},"properties":{"voltage":"","name":""}},{"type":"Feature","geometry":{"type":"Polygon","coordinates":[[[16.1276328,48.2242365],[16.1277027,48.2242143],[16.1277193,48.2242375],[16.1276494,48.2242598],[16.1276328,48.2242365]]]},"properties":{"voltage":"","name":""}},{"type":"Feature","geometry":{"type":"Polygon","coordinates":[[[16.1313766,48.2237895],[16.1313792,48.2237673],[16.1314178,48.2237693],[16.1314153,48.2237915],[16.1313766,48.2237895]]]},"properties":{"voltage":"","name":""}},{"type":"Feature","geometry":{"type":"Polygon","coordinates":[[[16.4039048,48.3273904],[16.4039343,48.3273719],[16.4039961,48.3274156],[16.4039665,48.3274341],[16.4039048,48.3273904]]]},"properties":{"voltage":"","name":""}},{"type":"Feature","geometry":{"type":"Polygon","coordinates":[[[16.2796014,48.1769887],[16.2796748,48.1769848],[16.2796694,48.1769393],[16.279596,48.1769431],[16.2796014,48.1769887]]]},"properties":{"voltage":"","name":""}},{"type":"Feature","geometry":{"type":"Polygon","coordinates":[[[16.2495271,48.2195349],[16.2495671,48.2195695],[16.249637,48.2195336],[16.2495765,48.2194813],[16.249539,48.2195005],[16.2495595,48.2195183],[16.2495271,48.2195349]]]},"properties":{"voltage":"","name":""}},{"type":"Feature","geometry":{"type":"Polygon","coordinates":[[[16.4670984,48.2362016],[16.4671505,48.236184],[16.4671191,48.2361453],[16.4670685,48.2361628],[16.4670984,48.2362016]]]},"properties":{"voltage":"","name":""}},{"type":"Feature","geometry":{"type":"Polygon","coordinates":[[[16.2324692,48.2069371],[16.2324177,48.206919],[16.2324486,48.20688],[16.2324802,48.2068911],[16.2325002,48.2068981],[16.2324692,48.2069371]]]},"properties":{"voltage":"","name":""}},{"type":"Feature","geometry":{"type":"Polygon","coordinates":[[[16.2490186,48.2183987],[16.2490391,48.2183999],[16.2490421,48.2183774],[16.2490216,48.2183762],[16.2490186,48.2183987]]]},"properties":{"voltage":"","name":""}},{"type":"Feature","geometry":{"type":"Polygon","coordinates":[[[16.2486346,48.2035113],[16.2486444,48.2034622],[16.2486914,48.2034664],[16.2486816,48.2035155],[16.2486346,48.2035113]]]},"properties":{"voltage":"","name":""}},{"type":"Feature","geometry":{"type":"Polygon","coordinates":[[[16.2501608,48.2095566],[16.2501737,48.2095029],[16.2502273,48.2095086],[16.2502144,48.2095623],[16.2501608,48.2095566]]]},"properties":{"voltage":"","name":""}},{"type":"Feature","geometry":{"type":"Polygon","coordinates":[[[16.2441026,48.2095587],[16.2441028,48.2095258],[16.2441983,48.2095261],[16.244198,48.2095674],[16.244162,48.2095673],[16.2441619,48.2095805],[16.244121,48.2095804],[16.2441212,48.2095587],[16.2441026,48.2095587]]]},"properties":{"voltage":"","name":""}},{"type":"Feature","geometry":{"type":"Polygon","coordinates":[[[16.2191941,48.2067477],[16.21932,48.2067439],[16.2193277,48.2068566],[16.2192018,48.2068604],[16.2191941,48.2067477]]]},"properties":{"voltage":"","name":""}},{"type":"Feature","geometry":{"type":"Polygon","coordinates":[[[16.2167325,48.2067455],[16.2167217,48.2067232],[16.2167754,48.2067117],[16.2167862,48.206734],[16.2167325,48.2067455]]]},"properties":{"voltage":"","name":""}},{"type":"Feature","geometry":{"type":"Polygon","coordinates":[[[16.2166239,48.2065304],[16.2166035,48.2064781],[16.2166586,48.2064686],[16.2166791,48.2065209],[16.2166239,48.2065304]]]},"properties":{"voltage":"","name":""}},{"type":"Feature","geometry":{"type":"Polygon","coordinates":[[[16.4054304,48.2068523],[16.4054634,48.2068479],[16.4054558,48.2068228],[16.4054229,48.2068272],[16.4054304,48.2068523]]]},"properties":{"voltage":"","name":""}},{"type":"Feature","geometry":{"type":"Polygon","coordinates":[[[16.3273886,48.3136606],[16.3274483,48.3136853],[16.3274846,48.3136466],[16.3274249,48.3136218],[16.3273886,48.3136606]]]},"properties":{"voltage":"10000","name":""}},{"type":"Feature","geometry":{"type":"Polygon","coordinates":[[[16.3247506,48.3159543],[16.324695,48.3159254],[16.324652,48.315962],[16.3247076,48.3159909],[16.3247506,48.3159543]]]},"properties":{"voltage":"10000","name":""}},{"type":"Feature","geometry":{"type":"Polygon","coordinates":[[[16.2957753,48.1028302],[16.2957772,48.1028666],[16.2958733,48.1028644],[16.2958723,48.1028443],[16.2958715,48.102828],[16.2957753,48.1028302]]]},"properties":{"voltage":"20000;400","name":""}},{"type":"Feature","geometry":{"type":"Polygon","coordinates":[[[16.3107363,48.337456],[16.3107816,48.3374327],[16.3107249,48.3373841],[16.3106551,48.3374201],[16.3106951,48.3374543],[16.3107196,48.3374417],[16.3107363,48.337456]]]},"properties":{"voltage":"10000","name":""}},{"type":"Feature","geometry":{"type":"Polygon","coordinates":[[[16.201953,48.2299286],[16.2018395,48.229824],[16.20201,48.2297419],[16.2020762,48.2298029],[16.2020147,48.2298325],[16.202062,48.229876],[16.201953,48.2299286]]]},"properties":{"voltage":"","name":""}},{"type":"Feature","geometry":{"type":"Polygon","coordinates":[[[16.2654072,48.1232484],[16.2654523,48.1232462],[16.2654473,48.1232],[16.2654021,48.1232022],[16.2654072,48.1232484]]]},"properties":{"voltage":"","name":""}},{"type":"Feature","geometry":{"type":"Polygon","coordinates":[[[16.3971464,48.1170724],[16.3971526,48.1170376],[16.3971043,48.1170338],[16.3970981,48.1170686],[16.3971464,48.1170724]]]},"properties":{"voltage":"20000","name":""}},{"type":"Feature","geometry":{"type":"Polygon","coordinates":[[[17.0179765,48.4181561],[17.0178305,48.4171156],[17.0191191,48.4170398],[17.0192157,48.4177972],[17.0185986,48.4181309],[17.0179765,48.4181561]]]},"properties":{"voltage":"","name":"Malacky"}},{"type":"Feature","geometry":{"type":"Polygon","coordinates":[[[16.7055704,48.3256901],[16.7056057,48.3256832],[16.7055917,48.3256514],[16.7055564,48.3256582],[16.7055704,48.3256901]]]},"properties":{"voltage":"","name":"KAH Haidlissen G\u00e4nserndorf S\u00fcd"}},{"type":"Feature","geometry":{"type":"Polygon","coordinates":[[[16.2687863,48.3502383],[16.2688559,48.3502531],[16.2688774,48.3502084],[16.2688078,48.3501936],[16.2687863,48.3502383]]]},"properties":{"voltage":"10000","name":""}},{"type":"Feature","geometry":{"type":"Polygon","coordinates":[[[16.3026953,48.0869565],[16.3026883,48.0869994],[16.3027086,48.0870009],[16.3027056,48.0870191],[16.3027841,48.0870249],[16.3027941,48.0869638],[16.3026953,48.0869565]]]},"properties":{"voltage":"","name":""}},{"type":"Feature","geometry":{"type":"Polygon","coordinates":[[[16.2720678,48.1601349],[16.272103,48.1601288],[16.2721099,48.1601464],[16.2720747,48.1601526],[16.2720678,48.1601349]]]},"properties":{"voltage":"","name":""}},{"type":"Feature","geometry":{"type":"Polygon","coordinates":[[[17.0887687,48.1179059],[17.0896281,48.117898],[17.0897166,48.1179032],[17.0896933,48.1174767],[17.0889978,48.1174688],[17.0887433,48.1175321],[17.0887687,48.1179059]]]},"properties":{"voltage":"","name":"PGA BA"}},{"type":"Feature","geometry":{"type":"Polygon","coordinates":[[[16.3921007,48.160608],[16.39217,48.1605934],[16.3921566,48.160565],[16.3920872,48.1605796],[16.3921007,48.160608]]]},"properties":{"voltage":"","name":""}},{"type":"Feature","geometry":{"type":"Polygon","coordinates":[[[16.2967954,48.1096405],[16.2968647,48.1096369],[16.2968693,48.1096701],[16.2968734,48.1097003],[16.2968041,48.1097065],[16.2967954,48.1096405]]]},"properties":{"voltage":"20000;400","name":""}},{"type":"Feature","geometry":{"type":"Polygon","coordinates":[[[16.2909829,48.093859],[16.2909943,48.0939101],[16.29109,48.0939006],[16.2910786,48.0938495],[16.2909829,48.093859]]]},"properties":{"voltage":"","name":""}},{"type":"Feature","geometry":{"type":"Polygon","coordinates":[[[17.2372877,48.223812],[17.2372567,48.223831],[17.2372306,48.223813],[17.2372605,48.2237951],[17.2372877,48.223812]]]},"properties":{"voltage":"","name":""}},{"type":"Feature","geometry":{"type":"Polygon","coordinates":[[[17.2403033,48.2262516],[17.2402801,48.2262315],[17.2403183,48.226212],[17.2403414,48.2262322],[17.2403033,48.2262516]]]},"properties":{"voltage":"","name":"Ts-12-11"}},{"type":"Feature","geometry":{"type":"Polygon","coordinates":[[[16.2726153,48.1012177],[16.2726932,48.101216],[16.2726917,48.1011837],[16.2726911,48.1011708],[16.2726132,48.1011725],[16.2726153,48.1012177]]]},"properties":{"voltage":"","name":""}},{"type":"Feature","geometry":{"type":"Polygon","coordinates":[[[16.2011136,48.0136761],[16.2010761,48.0136492],[16.201121,48.0136232],[16.2011566,48.0136492],[16.2011136,48.0136761]]]},"properties":{"voltage":"20000","name":""}},{"type":"Feature","geometry":{"type":"Polygon","coordinates":[[[16.3034501,48.1093912],[16.3036954,48.1093878],[16.3036941,48.1093465],[16.3034488,48.1093499],[16.3034501,48.1093912]]]},"properties":{"voltage":"20000;400","name":""}},{"type":"Feature","geometry":{"type":"Polygon","coordinates":[[[16.4128577,48.1865019],[16.4129306,48.1864838],[16.4128744,48.1863831],[16.4128015,48.1864012],[16.4128577,48.1865019]]]},"properties":{"voltage":"","name":""}},{"type":"Feature","geometry":{"type":"Polygon","coordinates":[[[16.3567144,48.1447232],[16.3567767,48.1447073],[16.3567516,48.1446636],[16.3566893,48.1446795],[16.3567144,48.1447232]]]},"properties":{"voltage":"","name":""}},{"type":"Feature","geometry":{"type":"Polygon","coordinates":[[[16.3547756,48.1457975],[16.3547985,48.1458391],[16.3548913,48.1458164],[16.3548887,48.1458104],[16.3548686,48.1457748],[16.3547756,48.1457975]]]},"properties":{"voltage":"","name":""}},{"type":"Feature","geometry":{"type":"Polygon","coordinates":[[[16.3563024,48.1349605],[16.3562488,48.1349712],[16.3562865,48.1350551],[16.35634,48.1350444],[16.3563024,48.1349605]]]},"properties":{"voltage":"","name":""}},{"type":"Feature","geometry":{"type":"Polygon","coordinates":[[[16.2906695,48.0739234],[16.2907683,48.0739291],[16.2907748,48.0738794],[16.2906759,48.0738737],[16.2906695,48.0739234]]]},"properties":{"voltage":"20000","name":""}},{"type":"Feature","geometry":{"type":"Polygon","coordinates":[[[16.3572245,48.1400951],[16.3573211,48.1400748],[16.357303,48.1400363],[16.3572064,48.1400565],[16.3572245,48.1400951]]]},"properties":{"voltage":"","name":""}},{"type":"Feature","geometry":{"type":"Polygon","coordinates":[[[16.3580337,48.1418668],[16.3580567,48.1419105],[16.3582169,48.1418729],[16.3581939,48.1418292],[16.3580337,48.1418668]]]},"properties":{"voltage":"","name":""}},{"type":"Feature","geometry":{"type":"Polygon","coordinates":[[[16.378804,48.1459462],[16.3788231,48.1459827],[16.3788839,48.1459685],[16.3788649,48.1459321],[16.378804,48.1459462]]]},"properties":{"voltage":"","name":""}},{"type":"Feature","geometry":{"type":"Polygon","coordinates":[[[16.3415801,48.1458819],[16.3415244,48.145752],[16.3414683,48.1457627],[16.3415241,48.1458926],[16.3415801,48.1458819]]]},"properties":{"voltage":"","name":""}},{"type":"Feature","geometry":{"type":"Polygon","coordinates":[[[16.1959884,48.3257121],[16.1960421,48.3256952],[16.1960179,48.3256615],[16.1959643,48.3256784],[16.1959884,48.3257121]]]},"properties":{"voltage":"","name":"TST St.Andr\u00e4 Siedlung 2"}},{"type":"Feature","geometry":{"type":"Polygon","coordinates":[[[16.2813525,48.1212985],[16.2814197,48.1213169],[16.2814396,48.1212844],[16.2813724,48.1212661],[16.2813525,48.1212985]]]},"properties":{"voltage":"","name":""}},{"type":"Feature","geometry":{"type":"Polygon","coordinates":[[[16.2076287,48.3306747],[16.2074627,48.3307483],[16.2072971,48.3308823],[16.2075412,48.330996],[16.2077748,48.3307888],[16.2076287,48.3306747]]]},"properties":{"voltage":"","name":"SST W\u00f6rdern"}},{"type":"Feature","geometry":{"type":"Polygon","coordinates":[[[16.2940332,48.0950232],[16.2940006,48.0950534],[16.2940525,48.0950785],[16.2940852,48.0950483],[16.2940332,48.0950232]]]},"properties":{"voltage":"20000;400","name":""}},{"type":"Feature","geometry":{"type":"Polygon","coordinates":[[[16.2931369,48.1143205],[16.2931357,48.1143592],[16.2930154,48.1143576],[16.2930166,48.1143189],[16.2931369,48.1143205]]]},"properties":{"voltage":"20000;400","name":""}},{"type":"Feature","geometry":{"type":"Polygon","coordinates":[[[16.2969029,48.1145719],[16.2967649,48.1145607],[16.2967719,48.114522],[16.29691,48.1145332],[16.2969029,48.1145719]]]},"properties":{"voltage":"20000;400","name":""}},{"type":"Feature","geometry":{"type":"Polygon","coordinates":[[[16.221217,48.080547],[16.2212259,48.0805121],[16.2213099,48.0805217],[16.221301,48.0805565],[16.221217,48.080547]]]},"properties":{"voltage":"20000;400","name":""}},{"type":"Feature","geometry":{"type":"Polygon","coordinates":[[[16.2282503,48.0779202],[16.2282477,48.0778915],[16.2283161,48.0778887],[16.2283186,48.0779174],[16.2282503,48.0779202]]]},"properties":{"voltage":"20000;400","name":""}},{"type":"Feature","geometry":{"type":"Polygon","coordinates":[[[16.2355191,48.0808171],[16.2355636,48.0808244],[16.2355847,48.0807715],[16.2355399,48.0807639],[16.2355191,48.0808171]]]},"properties":{"voltage":"20000;400","name":""}},{"type":"Feature","geometry":{"type":"Polygon","coordinates":[[[16.2415414,48.0848033],[16.2415196,48.0847558],[16.2415753,48.0847445],[16.2415971,48.084792],[16.2415414,48.0848033]]]},"properties":{"voltage":"20000;400","name":""}},{"type":"Feature","geometry":{"type":"Polygon","coordinates":[[[16.2320388,48.0725538],[16.2320949,48.0725636],[16.2321122,48.0725191],[16.2320561,48.0725093],[16.2320388,48.0725538]]]},"properties":{"voltage":"20000;400","name":""}},{"type":"Feature","geometry":{"type":"Polygon","coordinates":[[[16.2526073,48.0882688],[16.2526075,48.0882443],[16.2526567,48.0882446],[16.2526565,48.088269],[16.2526073,48.0882688]]]},"properties":{"voltage":"20000;400","name":""}},{"type":"Feature","geometry":{"type":"Polygon","coordinates":[[[16.2837039,48.1142226],[16.2837701,48.1142213],[16.2837683,48.1141829],[16.2837021,48.1141843],[16.2837039,48.1142226]]]},"properties":{"voltage":"","name":""}},{"type":"Feature","geometry":{"type":"Polygon","coordinates":[[[16.2842608,48.1091953],[16.2841621,48.1092187],[16.2841791,48.1092506],[16.2842778,48.1092272],[16.2842608,48.1091953]]]},"properties":{"voltage":"","name":""}},{"type":"Feature","geometry":{"type":"Polygon","coordinates":[[[16.283363,48.1109234],[16.2833251,48.110925],[16.2832819,48.1109269],[16.2832861,48.1109707],[16.2833672,48.1109672],[16.283363,48.1109234]]]},"properties":{"voltage":"20000;400","name":""}},{"type":"Feature","geometry":{"type":"Polygon","coordinates":[[[16.1900568,48.0716505],[16.1900561,48.0716068],[16.1901113,48.0716064],[16.190112,48.0716501],[16.1900568,48.0716505]]]},"properties":{"voltage":"20000;400","name":""}},{"type":"Feature","geometry":{"type":"Polygon","coordinates":[[[16.1846149,48.0753152],[16.1846067,48.0752924],[16.1846669,48.0752827],[16.1846751,48.0753056],[16.1846149,48.0753152]]]},"properties":{"voltage":"20000;400","name":""}},{"type":"Feature","geometry":{"type":"Polygon","coordinates":[[[16.2395444,48.0880867],[16.2395642,48.0880412],[16.2396425,48.0880564],[16.2396228,48.0881019],[16.2395444,48.0880867]]]},"properties":{"voltage":"20000;400","name":""}},{"type":"Feature","geometry":{"type":"Polygon","coordinates":[[[16.2504825,48.0924855],[16.2505485,48.092467],[16.2505692,48.0925001],[16.2505033,48.0925185],[16.2504825,48.0924855]]]},"properties":{"voltage":"20000;400","name":""}},{"type":"Feature","geometry":{"type":"Polygon","coordinates":[[[16.2441502,48.0895944],[16.2441784,48.0895495],[16.2442131,48.0895592],[16.2441849,48.0896041],[16.2441502,48.0895944]]]},"properties":{"voltage":"20000;400","name":""}},{"type":"Feature","geometry":{"type":"Polygon","coordinates":[[[16.2455038,48.0863041],[16.2455499,48.0863139],[16.2455752,48.0862609],[16.2455291,48.0862511],[16.2455038,48.0863041]]]},"properties":{"voltage":"20000;400","name":""}},{"type":"Feature","geometry":{"type":"Polygon","coordinates":[[[16.3071017,48.1011964],[16.3070954,48.1012192],[16.3071596,48.1012271],[16.3071659,48.1012044],[16.3071017,48.1011964]]]},"properties":{"voltage":"20000;400","name":""}},{"type":"Feature","geometry":{"type":"Polygon","coordinates":[[[16.2897351,48.027863],[16.289767,48.0278937],[16.2898333,48.0278629],[16.2898014,48.0278322],[16.2897351,48.027863]]]},"properties":{"voltage":"20000;400","name":""}},{"type":"Feature","geometry":{"type":"Polygon","coordinates":[[[16.6019739,48.083255],[16.6020949,48.0830673],[16.6020111,48.0830432],[16.6020061,48.0830418],[16.6019286,48.0830195],[16.6018076,48.0832071],[16.6018851,48.0832294],[16.6018995,48.0832336],[16.6019739,48.083255]]]},"properties":{"voltage":"","name":""}},{"type":"Feature","geometry":{"type":"Polygon","coordinates":[[[16.278094,48.1411551],[16.2781495,48.1411454],[16.2781328,48.1411029],[16.2780773,48.1411126],[16.278094,48.1411551]]]},"properties":{"voltage":"","name":""}},{"type":"Feature","geometry":{"type":"Polygon","coordinates":[[[16.253505,48.1213208],[16.2535713,48.1213155],[16.2535645,48.1212772],[16.2534981,48.1212824],[16.253505,48.1213208]]]},"properties":{"voltage":"","name":""}},{"type":"Feature","geometry":{"type":"Polygon","coordinates":[[[16.3004095,48.0219266],[16.3004212,48.0219024],[16.3003551,48.0218881],[16.3003433,48.0219123],[16.3004095,48.0219266]]]},"properties":{"voltage":"20000;400","name":""}},{"type":"Feature","geometry":{"type":"Polygon","coordinates":[[[16.2545732,48.1234066],[16.254565,48.1234372],[16.2545041,48.1234298],[16.2545124,48.1233993],[16.2545732,48.1234066]]]},"properties":{"voltage":"","name":""}},{"type":"Feature","geometry":{"type":"Polygon","coordinates":[[[16.2933677,48.0374141],[16.2934699,48.0374827],[16.293341,48.0375686],[16.2932388,48.0375],[16.2933677,48.0374141]]]},"properties":{"voltage":"","name":"Schaltanlage Gumpoldskirchen"}},{"type":"Feature","geometry":{"type":"Polygon","coordinates":[[[16.2705576,48.1071417],[16.2705547,48.1071675],[16.2706222,48.107171],[16.2706252,48.1071451],[16.2705576,48.1071417]]]},"properties":{"voltage":"","name":""}},{"type":"Feature","geometry":{"type":"Polygon","coordinates":[[[16.3218443,48.1328844],[16.3218568,48.1329071],[16.3219203,48.1328915],[16.3219079,48.1328688],[16.3218443,48.1328844]]]},"properties":{"voltage":"20000","name":""}},{"type":"Feature","geometry":{"type":"Polygon","coordinates":[[[16.3164917,48.1181981],[16.3164509,48.1182302],[16.3165192,48.1182703],[16.31656,48.1182382],[16.3164917,48.1181981]]]},"properties":{"voltage":"20000;400","name":""}},{"type":"Feature","geometry":{"type":"Polygon","coordinates":[[[16.3153631,48.119658],[16.315366,48.119696],[16.3154305,48.1196938],[16.3154277,48.1196558],[16.3153631,48.119658]]]},"properties":{"voltage":"20000;400","name":""}},{"type":"Feature","geometry":{"type":"Polygon","coordinates":[[[16.2540919,48.1457767],[16.2541837,48.1457549],[16.2541662,48.1457221],[16.2540744,48.1457439],[16.2540919,48.1457767]]]},"properties":{"voltage":"","name":""}},{"type":"Feature","geometry":{"type":"Polygon","coordinates":[[[16.285128,48.1192725],[16.285201,48.1192807],[16.2852114,48.1192398],[16.2851385,48.1192315],[16.285128,48.1192725]]]},"properties":{"voltage":"20000","name":""}},{"type":"Feature","geometry":{"type":"Polygon","coordinates":[[[16.3040951,48.1220861],[16.3040526,48.1220527],[16.3039965,48.1220844],[16.3040389,48.1221179],[16.3040951,48.1220861]]]},"properties":{"voltage":"20000;400","name":""}},{"type":"Feature","geometry":{"type":"Polygon","coordinates":[[[16.4391432,48.1911263],[16.439093,48.1911097],[16.4391366,48.1910513],[16.4391867,48.191068],[16.4391432,48.1911263]]]},"properties":{"voltage":"","name":""}},{"type":"Feature","geometry":{"type":"Polygon","coordinates":[[[16.2745178,48.1035566],[16.274465,48.1035563],[16.2744644,48.1035977],[16.2745172,48.103598],[16.2745178,48.1035566]]]},"properties":{"voltage":"","name":""}},{"type":"Feature","geometry":{"type":"Polygon","coordinates":[[[16.5342651,48.2157231],[16.5343297,48.2157072],[16.5343059,48.2156641],[16.5342412,48.21568],[16.5342651,48.2157231]]]},"properties":{"voltage":"","name":""}},{"type":"Feature","geometry":{"type":"Polygon","coordinates":[[[16.3761934,48.2719326],[16.3761733,48.2719281],[16.376185,48.2719051],[16.3762051,48.2719096],[16.3761934,48.2719326]]]},"properties":{"voltage":"","name":""}},{"type":"Feature","geometry":{"type":"Polygon","coordinates":[[[16.4640389,48.2149178],[16.4640879,48.2148987],[16.464055,48.2148623],[16.4640081,48.2148805],[16.4640389,48.2149178]]]},"properties":{"voltage":"","name":""}},{"type":"Feature","geometry":{"type":"Polygon","coordinates":[[[16.5013789,48.2546201],[16.5014649,48.2545983],[16.5014563,48.2545835],[16.5014563,48.2545464],[16.501356,48.254548],[16.5013585,48.2545847],[16.5013789,48.2546201]]]},"properties":{"voltage":"","name":""}},{"type":"Feature","geometry":{"type":"Polygon","coordinates":[[[16.4846387,48.2848941],[16.4846354,48.2848627],[16.4847252,48.2848586],[16.4847284,48.28489],[16.4846387,48.2848941]]]},"properties":{"voltage":"","name":""}},{"type":"Feature","geometry":{"type":"Polygon","coordinates":[[[16.2571461,48.1163516],[16.2573412,48.1163887],[16.2573542,48.1163584],[16.2571591,48.1163213],[16.2571461,48.1163516]]]},"properties":{"voltage":"20000","name":""}},{"type":"Feature","geometry":{"type":"Polygon","coordinates":[[[16.2599912,48.1667908],[16.2599856,48.1667544],[16.2600699,48.1667487],[16.2600754,48.1667851],[16.2599912,48.1667908]]]},"properties":{"voltage":"","name":""}},{"type":"Feature","geometry":{"type":"Polygon","coordinates":[[[16.2810392,48.1367584],[16.2810238,48.1367449],[16.2809789,48.1367055],[16.2809437,48.1367234],[16.2809218,48.1367345],[16.280982,48.1367874],[16.2810392,48.1367584]]]},"properties":{"voltage":"","name":""}},{"type":"Feature","geometry":{"type":"Polygon","coordinates":[[[16.3280617,48.1746382],[16.3280537,48.1746109],[16.328045,48.174581],[16.328044,48.1745777],[16.3281309,48.1745663],[16.3281341,48.1745772],[16.3281422,48.1746046],[16.3281237,48.174607],[16.3281278,48.174621],[16.3281302,48.1746292],[16.3280617,48.1746382]]]},"properties":{"voltage":"","name":""}},{"type":"Feature","geometry":{"type":"Polygon","coordinates":[[[16.3165198,48.1749126],[16.3164768,48.174867],[16.3165323,48.1748437],[16.3165527,48.1748653],[16.3165753,48.1748894],[16.3165198,48.1749126]]]},"properties":{"voltage":"","name":""}},{"type":"Feature","geometry":{"type":"Polygon","coordinates":[[[16.3110708,48.162037],[16.3111331,48.1620506],[16.3111509,48.1620142],[16.3110887,48.1620006],[16.3110708,48.162037]]]},"properties":{"voltage":"","name":""}},{"type":"Feature","geometry":{"type":"Polygon","coordinates":[[[16.4614167,48.1791767],[16.4614594,48.1791405],[16.4615044,48.1791644],[16.4614617,48.179199],[16.4614167,48.1791767]]]},"properties":{"voltage":"","name":""}},{"type":"Feature","geometry":{"type":"Polygon","coordinates":[[[16.4237291,48.4310025],[16.4237598,48.4309866],[16.423784,48.4310071],[16.4237533,48.431023],[16.4237291,48.4310025]]]},"properties":{"voltage":"","name":""}},{"type":"Feature","geometry":{"type":"Polygon","coordinates":[[[16.3795308,48.2868952],[16.3794793,48.2869363],[16.3794326,48.2869105],[16.3794841,48.2868693],[16.3795308,48.2868952]]]},"properties":{"voltage":"","name":""}},{"type":"Feature","geometry":{"type":"Polygon","coordinates":[[[16.303581,48.1141434],[16.3035832,48.1142162],[16.3036376,48.1142155],[16.3036354,48.1141427],[16.303581,48.1141434]]]},"properties":{"voltage":"20000;400","name":""}},{"type":"Feature","geometry":{"type":"Polygon","coordinates":[[[16.2916594,48.1056367],[16.2916628,48.1057058],[16.2917288,48.1057044],[16.2917255,48.1056353],[16.2916594,48.1056367]]]},"properties":{"voltage":"20000;400","name":""}},{"type":"Feature","geometry":{"type":"Polygon","coordinates":[[[16.7998614,48.2232463],[16.7987281,48.2230888],[16.7988121,48.2228239],[16.7998879,48.2224589],[16.8000889,48.2225457],[16.7998614,48.2232463]]]},"properties":{"voltage":"110000","name":"Umspannwerk Lassee"}},{"type":"Feature","geometry":{"type":"Polygon","coordinates":[[[16.288294,48.3463447],[16.2883723,48.3463041],[16.2883391,48.3462758],[16.2882608,48.3463164],[16.288294,48.3463447]]]},"properties":{"voltage":"","name":""}},{"type":"Feature","geometry":{"type":"Polygon","coordinates":[[[16.2977244,48.3371916],[16.2978025,48.33723],[16.2977618,48.3372785],[16.2976881,48.3372627],[16.2977244,48.3371916]]]},"properties":{"voltage":"10000","name":""}},{"type":"Feature","geometry":{"type":"Polygon","coordinates":[[[16.207117,48.3231915],[16.2071482,48.3232015],[16.2071743,48.3231654],[16.2071431,48.3231554],[16.207117,48.3231915]]]},"properties":{"voltage":"","name":"TST St. Andr\u00e4 Lehnergasse"}},{"type":"Feature","geometry":{"type":"Polygon","coordinates":[[[16.2625149,48.2113287],[16.262562,48.2113177],[16.2625539,48.2113065],[16.2625982,48.2112947],[16.2625787,48.2112616],[16.2624904,48.2112873],[16.2625149,48.2113287]]]},"properties":{"voltage":"","name":""}},{"type":"Feature","geometry":{"type":"Polygon","coordinates":[[[16.2879592,48.1942817],[16.2879992,48.1942831],[16.2880031,48.1942303],[16.2879631,48.194229],[16.2879592,48.1942817]]]},"properties":{"voltage":"","name":""}},{"type":"Feature","geometry":{"type":"Polygon","coordinates":[[[16.2801053,48.1447638],[16.2801621,48.1447591],[16.2802462,48.1447522],[16.280237,48.1447026],[16.2800962,48.1447142],[16.2801053,48.1447638]]]},"properties":{"voltage":"","name":""}},{"type":"Feature","geometry":{"type":"Polygon","coordinates":[[[16.3531441,48.0801804],[16.3531484,48.0802083],[16.353189,48.0802056],[16.3531847,48.0801777],[16.3531441,48.0801804]]]},"properties":{"voltage":"20000;400","name":""}},{"type":"Feature","geometry":{"type":"Polygon","coordinates":[[[16.3616249,48.0826525],[16.3615582,48.0826592],[16.3615673,48.0826998],[16.361634,48.0826931],[16.3616249,48.0826525]]]},"properties":{"voltage":"20000;400","name":""}},{"type":"Feature","geometry":{"type":"Polygon","coordinates":[[[16.2552196,48.0864392],[16.2551944,48.0864878],[16.2552568,48.0865023],[16.255282,48.0864536],[16.2552196,48.0864392]]]},"properties":{"voltage":"20000;400","name":""}},{"type":"Feature","geometry":{"type":"Polygon","coordinates":[[[16.4188641,48.2849227],[16.4188541,48.2849097],[16.4188381,48.2848781],[16.4189059,48.2848604],[16.4189305,48.284904],[16.4188641,48.2849227]]]},"properties":{"voltage":"","name":""}},{"type":"Feature","geometry":{"type":"Polygon","coordinates":[[[16.7697561,48.5456574],[16.7698358,48.5456577],[16.7698361,48.5456231],[16.7697563,48.5456228],[16.7697561,48.5456574]]]},"properties":{"voltage":"","name":""}},{"type":"Feature","geometry":{"type":"Polygon","coordinates":[[[16.3985715,48.2171573],[16.398606,48.217156],[16.3986024,48.2171128],[16.3985678,48.217114],[16.3985715,48.2171573]]]},"properties":{"voltage":"","name":""}},{"type":"Feature","geometry":{"type":"Polygon","coordinates":[[[16.3963298,48.2165195],[16.3963228,48.2164763],[16.3963761,48.2164722],[16.3963877,48.2165144],[16.3963298,48.2165195]]]},"properties":{"voltage":"","name":""}},{"type":"Feature","geometry":{"type":"Polygon","coordinates":[[[16.2584995,48.090664],[16.2583962,48.0906566],[16.2583884,48.0907051],[16.2584917,48.0907125],[16.2584995,48.090664]]]},"properties":{"voltage":"20000","name":""}},{"type":"Feature","geometry":{"type":"Polygon","coordinates":[[[16.2379436,48.2404704],[16.2379654,48.2404911],[16.2380258,48.2404628],[16.238004,48.2404422],[16.2379436,48.2404704]]]},"properties":{"voltage":"","name":""}},{"type":"Feature","geometry":{"type":"Polygon","coordinates":[[[16.2780994,48.0977439],[16.2780656,48.0977451],[16.2780692,48.0977902],[16.278103,48.097789],[16.2780994,48.0977439]]]},"properties":{"voltage":"20000;400","name":""}},{"type":"Feature","geometry":{"type":"Polygon","coordinates":[[[22.5329336,48.4745064],[22.5330842,48.4748576],[22.5336871,48.474744],[22.5335365,48.4743928],[22.5329336,48.4745064]]]},"properties":{"voltage":"35000;10000","name":"\u0417\u043d\u044f\u0446\u0435\u0432\u043e"}},{"type":"Feature","geometry":{"type":"Polygon","coordinates":[[[16.321431,48.0790655],[16.3213553,48.0790731],[16.3213687,48.0791325],[16.3214443,48.0791249],[16.321431,48.0790655]]]},"properties":{"voltage":"20000;400","name":""}},{"type":"Feature","geometry":{"type":"Polygon","coordinates":[[[16.2680563,48.0979809],[16.2680913,48.0980114],[16.2681432,48.0979848],[16.2681081,48.0979543],[16.2680563,48.0979809]]]},"properties":{"voltage":"20000","name":""}},{"type":"Feature","geometry":{"type":"Polygon","coordinates":[[[19.3481834,48.2026338],[19.3484681,48.2025916],[19.3495121,48.2029659],[19.3488952,48.2036985],[19.3482309,48.2038461],[19.3481834,48.2037565],[19.3478885,48.2038367],[19.3477959,48.2038619],[19.3473389,48.2036869],[19.3481834,48.2026338]]]},"properties":{"voltage":"","name":"Ve\u013ek\u00fd Krt\u00ed\u0161"}},{"type":"Feature","geometry":{"type":"Polygon","coordinates":[[[16.4674651,48.2127703],[16.4675099,48.2127628],[16.4674987,48.2127297],[16.4674534,48.2127372],[16.4674651,48.2127703]]]},"properties":{"voltage":"","name":""}},{"type":"Feature","geometry":{"type":"Polygon","coordinates":[[[16.285263,48.0060894],[16.2852599,48.006061],[16.2852289,48.0060625],[16.285232,48.0060908],[16.285263,48.0060894]]]},"properties":{"voltage":"20000","name":""}},{"type":"Feature","geometry":{"type":"Polygon","coordinates":[[[16.2885569,48.0058244],[16.2885158,48.0058579],[16.2884974,48.0058729],[16.2885378,48.0058951],[16.2885973,48.0058467],[16.2885766,48.0058353],[16.2885569,48.0058244]]]},"properties":{"voltage":"","name":""}},{"type":"Feature","geometry":{"type":"Polygon","coordinates":[[[16.2835765,48.0819374],[16.2835496,48.0819624],[16.2835765,48.0819753],[16.2836034,48.0819503],[16.2835765,48.0819374]]]},"properties":{"voltage":"20000;400","name":""}},{"type":"Feature","geometry":{"type":"Polygon","coordinates":[[[17.1415886,48.2274568],[17.1416992,48.2275127],[17.1417822,48.22744],[17.1416716,48.227384],[17.1415886,48.2274568]]]},"properties":{"voltage":"","name":"TS 703"}},{"type":"Feature","geometry":{"type":"Polygon","coordinates":[[[16.3890173,48.0808399],[16.3890204,48.0808606],[16.3890659,48.0808576],[16.3890629,48.0808369],[16.3890173,48.0808399]]]},"properties":{"voltage":"20000;400","name":""}},{"type":"Feature","geometry":{"type":"Polygon","coordinates":[[[16.3470467,48.1465713],[16.3471105,48.1465592],[16.3470944,48.1465189],[16.3470317,48.146531],[16.3470467,48.1465713]]]},"properties":{"voltage":"","name":""}},{"type":"Feature","geometry":{"type":"Polygon","coordinates":[[[16.3466056,48.1455633],[16.3465713,48.1455706],[16.3465918,48.1456137],[16.3466261,48.1456064],[16.3466056,48.1455633]]]},"properties":{"voltage":"","name":""}},{"type":"Feature","geometry":{"type":"Polygon","coordinates":[[[16.2994496,48.0827906],[16.2994447,48.0828267],[16.2995461,48.0828328],[16.2995489,48.0828144],[16.2995511,48.0827967],[16.299515,48.0827947],[16.2994496,48.0827906]]]},"properties":{"voltage":"20000;400","name":""}},{"type":"Feature","geometry":{"type":"Polygon","coordinates":[[[16.2676961,48.0028565],[16.2676869,48.0028188],[16.2676595,48.0028218],[16.2676297,48.002825],[16.2676389,48.0028628],[16.2676961,48.0028565]]]},"properties":{"voltage":"","name":""}},{"type":"Feature","geometry":{"type":"Polygon","coordinates":[[[16.2732106,48.0030584],[16.2731715,48.0030866],[16.2732191,48.0031161],[16.2732582,48.0030878],[16.2732106,48.0030584]]]},"properties":{"voltage":"","name":""}},{"type":"Feature","geometry":{"type":"Polygon","coordinates":[[[16.3267732,48.128833],[16.3267189,48.1288454],[16.3267405,48.1288874],[16.3267948,48.128875],[16.3267732,48.128833]]]},"properties":{"voltage":"20000;400","name":""}},{"type":"Feature","geometry":{"type":"Polygon","coordinates":[[[16.3526426,48.0586135],[16.3525916,48.0586184],[16.3525957,48.0586374],[16.3525993,48.0586539],[16.3526504,48.0586489],[16.3526426,48.0586135]]]},"properties":{"voltage":"20000;400","name":""}},{"type":"Feature","geometry":{"type":"Polygon","coordinates":[[[16.5310998,48.2247853],[16.5310966,48.2247466],[16.5310304,48.2247491],[16.5310336,48.2247877],[16.5310998,48.2247853]]]},"properties":{"voltage":"","name":""}},{"type":"Feature","geometry":{"type":"Polygon","coordinates":[[[16.2927491,48.0791663],[16.2926966,48.0791572],[16.2926805,48.0791983],[16.2927331,48.0792074],[16.2927491,48.0791663]]]},"properties":{"voltage":"20000","name":""}},{"type":"Feature","geometry":{"type":"Polygon","coordinates":[[[16.2923713,48.077429],[16.2923968,48.0773777],[16.2923435,48.0773659],[16.292318,48.0774172],[16.2923713,48.077429]]]},"properties":{"voltage":"20000","name":""}},{"type":"Feature","geometry":{"type":"Polygon","coordinates":[[[16.3127791,48.1046935],[16.3126414,48.1046941],[16.3126418,48.1047442],[16.3127273,48.1047439],[16.3127795,48.1047437],[16.3127793,48.1047219],[16.3127791,48.1046935]]]},"properties":{"voltage":"20000;400","name":""}},{"type":"Feature","geometry":{"type":"Polygon","coordinates":[[[16.5299172,48.2467723],[16.5299047,48.2467285],[16.5298706,48.2467327],[16.529883,48.2467769],[16.5299172,48.2467723]]]},"properties":{"voltage":"","name":""}},{"type":"Feature","geometry":{"type":"Polygon","coordinates":[[[16.5338351,48.2526856],[16.5338182,48.252643],[16.5337619,48.2526529],[16.5337797,48.2526953],[16.5338351,48.2526856]]]},"properties":{"voltage":"","name":""}},{"type":"Feature","geometry":{"type":"Polygon","coordinates":[[[16.3027147,48.0818658],[16.302766,48.0818632],[16.3027587,48.0817967],[16.3027073,48.0817992],[16.3027147,48.0818658]]]},"properties":{"voltage":"20000","name":""}},{"type":"Feature","geometry":{"type":"Polygon","coordinates":[[[16.3860678,48.1598321],[16.3860301,48.1598022],[16.3860852,48.1597713],[16.3861229,48.1598011],[16.3860678,48.1598321]]]},"properties":{"voltage":"","name":""}},{"type":"Feature","geometry":{"type":"Polygon","coordinates":[[[16.2525495,48.0037253],[16.2524767,48.003725],[16.2524761,48.0037854],[16.2525489,48.0037858],[16.2525495,48.0037253]]]},"properties":{"voltage":"20000","name":""}},{"type":"Feature","geometry":{"type":"Polygon","coordinates":[[[16.5324687,48.248223],[16.5324107,48.2482298],[16.5324225,48.2482742],[16.5324805,48.2482673],[16.5324687,48.248223]]]},"properties":{"voltage":"","name":""}},{"type":"Feature","geometry":{"type":"Polygon","coordinates":[[[16.5361622,48.2586168],[16.5361562,48.2585891],[16.5360818,48.2585962],[16.5360878,48.2586239],[16.5361622,48.2586168]]]},"properties":{"voltage":"","name":""}},{"type":"Feature","geometry":{"type":"Polygon","coordinates":[[[16.5221161,48.2310415],[16.5221144,48.2310017],[16.5220505,48.2310028],[16.5220521,48.2310427],[16.5221161,48.2310415]]]},"properties":{"voltage":"20000","name":""}},{"type":"Feature","geometry":{"type":"Polygon","coordinates":[[[16.5245239,48.233552],[16.5245073,48.233508],[16.5244426,48.2335188],[16.5244556,48.2335534],[16.5244591,48.2335629],[16.5245239,48.233552]]]},"properties":{"voltage":"20000","name":""}},{"type":"Feature","geometry":{"type":"Polygon","coordinates":[[[16.5186366,48.2253789],[16.5186326,48.2253374],[16.5185644,48.2253403],[16.5185683,48.2253818],[16.5186366,48.2253789]]]},"properties":{"voltage":"20000","name":""}},{"type":"Feature","geometry":{"type":"Polygon","coordinates":[[[16.5193802,48.2271583],[16.5193747,48.2271444],[16.5193646,48.2271187],[16.5193008,48.2271298],[16.5193017,48.2271319],[16.5193077,48.2271471],[16.5193167,48.2271696],[16.5193802,48.2271583]]]},"properties":{"voltage":"20000","name":""}},{"type":"Feature","geometry":{"type":"Polygon","coordinates":[[[16.2581311,48.0083406],[16.2580805,48.0083187],[16.2580181,48.0083832],[16.2580687,48.0084051],[16.2581311,48.0083406]]]},"properties":{"voltage":"20000","name":""}},{"type":"Feature","geometry":{"type":"Polygon","coordinates":[[[16.5162914,48.2147447],[16.5162868,48.2146927],[16.5162124,48.2146956],[16.5162169,48.2147476],[16.5162914,48.2147447]]]},"properties":{"voltage":"","name":""}},{"type":"Feature","geometry":{"type":"Polygon","coordinates":[[[16.4594271,48.2815113],[16.4594029,48.2814208],[16.4593283,48.2814296],[16.4593525,48.2815201],[16.4594271,48.2815113]]]},"properties":{"voltage":"","name":""}},{"type":"Feature","geometry":{"type":"Polygon","coordinates":[[[16.3724196,48.1388019],[16.3724466,48.1388439],[16.3725023,48.138828],[16.3724752,48.138786],[16.3724196,48.1388019]]]},"properties":{"voltage":"","name":""}},{"type":"Feature","geometry":{"type":"Polygon","coordinates":[[[16.3877849,48.2787749],[16.3877604,48.2788227],[16.3876615,48.2788023],[16.3876822,48.2787544],[16.3877849,48.2787749]]]},"properties":{"voltage":"","name":""}},{"type":"Feature","geometry":{"type":"Polygon","coordinates":[[[16.2316034,48.0035446],[16.2316094,48.003485],[16.2315501,48.0034824],[16.2315441,48.0035419],[16.2316034,48.0035446]]]},"properties":{"voltage":"20000;400","name":""}},{"type":"Feature","geometry":{"type":"Polygon","coordinates":[[[16.3840644,48.2651865],[16.3840131,48.265173],[16.3839567,48.2652682],[16.3840081,48.2652818],[16.3840215,48.265259],[16.3840644,48.2651865]]]},"properties":{"voltage":"","name":""}},{"type":"Feature","geometry":{"type":"Polygon","coordinates":[[[16.5388441,48.2148235],[16.538819,48.2147669],[16.538777,48.2147755],[16.538802,48.2148318],[16.5388441,48.2148235]]]},"properties":{"voltage":"","name":""}},{"type":"Feature","geometry":{"type":"Polygon","coordinates":[[[16.539427,48.2085532],[16.5393982,48.2085161],[16.5393402,48.2085362],[16.5393689,48.2085732],[16.539427,48.2085532]]]},"properties":{"voltage":"","name":""}},{"type":"Feature","geometry":{"type":"Polygon","coordinates":[[[16.486262,48.2054761],[16.4862395,48.2054317],[16.4861759,48.2054459],[16.4861983,48.2054903],[16.486262,48.2054761]]]},"properties":{"voltage":"","name":""}},{"type":"Feature","geometry":{"type":"Polygon","coordinates":[[[16.4611233,48.1727705],[16.4611702,48.1727552],[16.4610899,48.1726459],[16.4610253,48.172667],[16.461105,48.1727765],[16.4611233,48.1727705]]]},"properties":{"voltage":"","name":""}},{"type":"Feature","geometry":{"type":"Polygon","coordinates":[[[16.4788428,48.2346921],[16.478805,48.2346899],[16.4787617,48.2346873],[16.4787393,48.234686],[16.4787344,48.2347229],[16.4788379,48.234729],[16.4788428,48.2346921]]]},"properties":{"voltage":"","name":""}},{"type":"Feature","geometry":{"type":"Polygon","coordinates":[[[16.3095976,48.1099708],[16.3096221,48.1100249],[16.3096821,48.1100127],[16.3096576,48.1099587],[16.3095976,48.1099708]]]},"properties":{"voltage":"20000;400","name":""}},{"type":"Feature","geometry":{"type":"Polygon","coordinates":[[[16.3107623,48.1101088],[16.3107463,48.1100768],[16.3106899,48.1100894],[16.3107059,48.1101213],[16.3107623,48.1101088]]]},"properties":{"voltage":"20000;400","name":""}},{"type":"Feature","geometry":{"type":"Polygon","coordinates":[[[17.081977,48.1898314],[17.0820229,48.1897848],[17.0819281,48.1897423],[17.0818812,48.1897888],[17.081977,48.1898314]]]},"properties":{"voltage":"","name":"Ts-709"}},{"type":"Feature","geometry":{"type":"Polygon","coordinates":[[[16.4222849,48.2799878],[16.4222846,48.2799846],[16.4222815,48.2799507],[16.4222814,48.2799493],[16.4222702,48.2799497],[16.4222244,48.2799515],[16.4222154,48.2799519],[16.4222188,48.2799905],[16.4222849,48.2799878]]]},"properties":{"voltage":"","name":""}},{"type":"Feature","geometry":{"type":"Polygon","coordinates":[[[16.4188969,48.2826648],[16.41896,48.2826621],[16.4189591,48.282649],[16.4189566,48.282611],[16.4188973,48.2826133],[16.4188927,48.2826135],[16.4188969,48.2826648]]]},"properties":{"voltage":"","name":""}},{"type":"Feature","geometry":{"type":"Polygon","coordinates":[[[16.4155871,48.2814589],[16.4155846,48.2814298],[16.4155108,48.2814327],[16.4155134,48.2814618],[16.4155871,48.2814589]]]},"properties":{"voltage":"","name":""}},{"type":"Feature","geometry":{"type":"Polygon","coordinates":[[[16.4180912,48.2801254],[16.418087,48.2801256],[16.4180252,48.280128],[16.4180288,48.2801684],[16.4180948,48.2801658],[16.4180927,48.2801424],[16.4180918,48.2801326],[16.4180912,48.2801254]]]},"properties":{"voltage":"","name":""}},{"type":"Feature","geometry":{"type":"Polygon","coordinates":[[[16.3800304,48.3014821],[16.3799567,48.3014993],[16.3799807,48.3015448],[16.3800543,48.3015276],[16.3800304,48.3014821]]]},"properties":{"voltage":"","name":""}},{"type":"Feature","geometry":{"type":"Polygon","coordinates":[[[16.4030533,48.2786448],[16.4030355,48.2786008],[16.402983,48.2786102],[16.4030008,48.2786543],[16.4030533,48.2786448]]]},"properties":{"voltage":"","name":""}},{"type":"Feature","geometry":{"type":"Polygon","coordinates":[[[16.4861867,48.2567598],[16.4862141,48.2568082],[16.4862174,48.2568142],[16.4862759,48.2567997],[16.4862459,48.256745],[16.4861879,48.2567591],[16.4861867,48.2567598]]]},"properties":{"voltage":"","name":""}},{"type":"Feature","geometry":{"type":"Polygon","coordinates":[[[16.4963745,48.2412951],[16.4963576,48.2412516],[16.4963238,48.2412573],[16.4963244,48.241259],[16.4963295,48.2412719],[16.4963356,48.2412875],[16.4963406,48.2413003],[16.4963408,48.2413009],[16.4963745,48.2412951]]]},"properties":{"voltage":"","name":""}},{"type":"Feature","geometry":{"type":"Polygon","coordinates":[[[16.3329783,48.1492689],[16.3329519,48.1492321],[16.3329043,48.1492473],[16.3329307,48.1492841],[16.3329783,48.1492689]]]},"properties":{"voltage":"","name":""}},{"type":"Feature","geometry":{"type":"Polygon","coordinates":[[[16.2218842,48.1359989],[16.2217571,48.1359932],[16.2217529,48.1360328],[16.2218803,48.1360385],[16.2218842,48.1359989]]]},"properties":{"voltage":"","name":""}},{"type":"Feature","geometry":{"type":"Polygon","coordinates":[[[16.2359751,48.1371617],[16.235787,48.1371517],[16.2357721,48.137151],[16.2357716,48.1371555],[16.2357703,48.1371667],[16.2357616,48.1372378],[16.2358475,48.1372425],[16.2359645,48.1372489],[16.2359751,48.1371617]]]},"properties":{"voltage":"","name":""}},{"type":"Feature","geometry":{"type":"Polygon","coordinates":[[[16.3674356,48.1614444],[16.3673502,48.161449],[16.3673561,48.161497],[16.3674217,48.1614934],[16.3674208,48.1614855],[16.3674405,48.1614845],[16.3674356,48.1614444]]]},"properties":{"voltage":"","name":""}},{"type":"Feature","geometry":{"type":"Polygon","coordinates":[[[16.397037,48.1688499],[16.3969967,48.1688212],[16.3969389,48.1688574],[16.3969788,48.1688862],[16.397037,48.1688499]]]},"properties":{"voltage":"","name":""}},{"type":"Feature","geometry":{"type":"Polygon","coordinates":[[[16.4033106,48.1682434],[16.4032852,48.1682275],[16.4032394,48.1682603],[16.4032648,48.1682762],[16.4033106,48.1682434]]]},"properties":{"voltage":"","name":""}},{"type":"Feature","geometry":{"type":"Polygon","coordinates":[[[16.3243122,48.1411642],[16.3243115,48.1411441],[16.3243095,48.1410877],[16.3242714,48.1410884],[16.3242267,48.1410892],[16.32423,48.1411653],[16.3243122,48.1411642]]]},"properties":{"voltage":"","name":""}},{"type":"Feature","geometry":{"type":"Polygon","coordinates":[[[16.3212486,48.1360884],[16.3212399,48.1360502],[16.3211745,48.1360569],[16.3211832,48.136095],[16.3212486,48.1360884]]]},"properties":{"voltage":"","name":""}},{"type":"Feature","geometry":{"type":"Polygon","coordinates":[[[16.317743,48.133816],[16.3177375,48.1338029],[16.3176465,48.1338196],[16.3176619,48.133857],[16.3177754,48.1338362],[16.3177654,48.1338119],[16.317743,48.133816]]]},"properties":{"voltage":"","name":""}},{"type":"Feature","geometry":{"type":"Polygon","coordinates":[[[16.4434687,48.1790518],[16.4434102,48.1790649],[16.4434287,48.1791015],[16.4434872,48.1790884],[16.4434687,48.1790518]]]},"properties":{"voltage":"","name":""}},{"type":"Feature","geometry":{"type":"Polygon","coordinates":[[[16.4500602,48.1780583],[16.4499855,48.1780145],[16.4499409,48.178048],[16.4500143,48.1780923],[16.4500602,48.1780583]]]},"properties":{"voltage":"","name":""}},{"type":"Feature","geometry":{"type":"Polygon","coordinates":[[[16.5044103,48.0496273],[16.5043487,48.049509],[16.5044387,48.049489],[16.50446,48.0495309],[16.5044988,48.0496072],[16.5044103,48.0496273]]]},"properties":{"voltage":"","name":""}},{"type":"Feature","geometry":{"type":"Polygon","coordinates":[[[16.383543,48.1386254],[16.3835336,48.1387125],[16.3835981,48.1387156],[16.3836074,48.1386284],[16.383543,48.1386254]]]},"properties":{"voltage":"","name":""}},{"type":"Feature","geometry":{"type":"Polygon","coordinates":[[[16.4021867,48.1352819],[16.4021459,48.1352853],[16.4021555,48.1353372],[16.4021967,48.1353338],[16.4021867,48.1352819]]]},"properties":{"voltage":"","name":""}},{"type":"Feature","geometry":{"type":"Polygon","coordinates":[[[16.399495,48.1370845],[16.399544,48.1370802],[16.3995356,48.1370366],[16.3995027,48.1370394],[16.3994786,48.1370415],[16.399487,48.1370852],[16.399495,48.1370845]]]},"properties":{"voltage":"","name":""}},{"type":"Feature","geometry":{"type":"Polygon","coordinates":[[[16.3927901,48.1392866],[16.3927885,48.1392847],[16.3927616,48.1392531],[16.3927355,48.1392631],[16.392754,48.1392854],[16.3927634,48.1392968],[16.3927901,48.1392866]]]},"properties":{"voltage":"","name":""}},{"type":"Feature","geometry":{"type":"Polygon","coordinates":[[[16.3595456,48.1450088],[16.35949,48.1449056],[16.3594236,48.1449216],[16.3594793,48.1450247],[16.3595456,48.1450088]]]},"properties":{"voltage":"","name":""}},{"type":"Feature","geometry":{"type":"Polygon","coordinates":[[[16.5131902,48.166974],[16.5132478,48.1670245],[16.5133265,48.1669845],[16.5132688,48.166934],[16.5131902,48.166974]]]},"properties":{"voltage":"","name":""}},{"type":"Feature","geometry":{"type":"Polygon","coordinates":[[[16.4927097,48.2325375],[16.4927002,48.2325164],[16.4926905,48.2324952],[16.4926343,48.2325065],[16.4926436,48.2325277],[16.4926529,48.2325489],[16.4927097,48.2325375]]]},"properties":{"voltage":"","name":""}},{"type":"Feature","geometry":{"type":"Polygon","coordinates":[[[16.4434428,48.1627947],[16.4435189,48.1627754],[16.4434923,48.1627287],[16.4434161,48.162748],[16.4434428,48.1627947]]]},"properties":{"voltage":"","name":""}},{"type":"Feature","geometry":{"type":"Polygon","coordinates":[[[16.2897261,48.2224496],[16.289746,48.2224317],[16.2897117,48.2224148],[16.2896918,48.2224326],[16.2897261,48.2224496]]]},"properties":{"voltage":"","name":""}},{"type":"Feature","geometry":{"type":"Polygon","coordinates":[[[16.2921206,48.1541143],[16.2921177,48.1540779],[16.2920393,48.1540808],[16.2920423,48.1541171],[16.2921206,48.1541143]]]},"properties":{"voltage":"","name":""}},{"type":"Feature","geometry":{"type":"Polygon","coordinates":[[[16.4929735,48.2170769],[16.4929225,48.2170833],[16.4929044,48.2170198],[16.4929448,48.2170147],[16.4929476,48.2170245],[16.4929582,48.2170232],[16.4929735,48.2170769]]]},"properties":{"voltage":"","name":""}},{"type":"Feature","geometry":{"type":"Polygon","coordinates":[[[16.4025116,48.1536781],[16.4024806,48.153668],[16.4025101,48.1536276],[16.4025412,48.1536376],[16.4025116,48.1536781]]]},"properties":{"voltage":"","name":""}},{"type":"Feature","geometry":{"type":"Polygon","coordinates":[[[16.4479589,48.266254],[16.4479493,48.266191],[16.4478009,48.2662007],[16.4478109,48.266264],[16.4479589,48.266254]]]},"properties":{"voltage":"","name":""}},{"type":"Feature","geometry":{"type":"Polygon","coordinates":[[[16.2648656,48.1669741],[16.2649403,48.1669746],[16.2649413,48.1669021],[16.2648666,48.1669017],[16.2648656,48.1669741]]]},"properties":{"voltage":"","name":""}},{"type":"Feature","geometry":{"type":"Polygon","coordinates":[[[16.3796808,48.1744792],[16.3796702,48.1744463],[16.3797142,48.1744064],[16.3798111,48.1743911],[16.3798375,48.1744557],[16.3796808,48.1744792]]]},"properties":{"voltage":"","name":""}},{"type":"Feature","geometry":{"type":"Polygon","coordinates":[[[16.302558,48.1017943],[16.3025406,48.1017588],[16.3024484,48.101779],[16.3024658,48.1018145],[16.302558,48.1017943]]]},"properties":{"voltage":"20000;400","name":""}},{"type":"Feature","geometry":{"type":"Polygon","coordinates":[[[16.2578547,48.1654911],[16.2578223,48.1654285],[16.2577622,48.1654424],[16.2577946,48.165505],[16.2578547,48.1654911]]]},"properties":{"voltage":"","name":""}},{"type":"Feature","geometry":{"type":"Polygon","coordinates":[[[16.2599887,48.1356762],[16.2600819,48.1356773],[16.2600829,48.1356372],[16.2599897,48.1356362],[16.2599887,48.1356762]]]},"properties":{"voltage":"","name":""}},{"type":"Feature","geometry":{"type":"Polygon","coordinates":[[[16.2570712,48.0199465],[16.2570895,48.019944],[16.2571105,48.0199411],[16.2571022,48.0199141],[16.257063,48.0199195],[16.2570712,48.0199465]]]},"properties":{"voltage":"","name":""}},{"type":"Feature","geometry":{"type":"Polygon","coordinates":[[[16.2523206,48.0117368],[16.2523562,48.0117391],[16.2523625,48.0116955],[16.2523269,48.0116932],[16.2523206,48.0117368]]]},"properties":{"voltage":"20000","name":""}},{"type":"Feature","geometry":{"type":"Polygon","coordinates":[[[16.253867,48.0129133],[16.253907,48.0129221],[16.253923,48.0128897],[16.253883,48.0128809],[16.253867,48.0129133]]]},"properties":{"voltage":"20000","name":""}},{"type":"Feature","geometry":{"type":"Polygon","coordinates":[[[16.4213453,48.1954146],[16.4213408,48.1953901],[16.4212711,48.1953957],[16.4212756,48.1954201],[16.4213453,48.1954146]]]},"properties":{"voltage":"","name":""}},{"type":"Feature","geometry":{"type":"Polygon","coordinates":[[[16.3204913,48.37653],[16.3205343,48.3765479],[16.3205557,48.3765247],[16.3205128,48.3765069],[16.3204913,48.37653]]]},"properties":{"voltage":"","name":""}},{"type":"Feature","geometry":{"type":"Polygon","coordinates":[[[16.2926122,48.0739979],[16.2926032,48.0740533],[16.292662,48.0740575],[16.2926709,48.0740022],[16.2926122,48.0739979]]]},"properties":{"voltage":"20000;400","name":""}},{"type":"Feature","geometry":{"type":"Polygon","coordinates":[[[16.3017114,48.1124982],[16.3016535,48.1124937],[16.3016422,48.1125586],[16.3017001,48.1125631],[16.3017114,48.1124982]]]},"properties":{"voltage":"20000;400","name":""}},{"type":"Feature","geometry":{"type":"Polygon","coordinates":[[[16.3085255,48.0681364],[16.3085664,48.0681514],[16.3086039,48.068106],[16.308563,48.0680909],[16.3085255,48.0681364]]]},"properties":{"voltage":"20000;400","name":""}},{"type":"Feature","geometry":{"type":"Polygon","coordinates":[[[16.3105402,48.1057304],[16.3105994,48.1057344],[16.310608,48.1056778],[16.3105488,48.1056739],[16.3105402,48.1057304]]]},"properties":{"voltage":"20000;400","name":""}},{"type":"Feature","geometry":{"type":"Polygon","coordinates":[[[21.6451111,48.4130024],[21.6451452,48.4130036],[21.6451474,48.412977],[21.6451133,48.4129758],[21.6451111,48.4130024]]]},"properties":{"voltage":"","name":""}},{"type":"Feature","geometry":{"type":"Polygon","coordinates":[[[16.2595479,48.0003217],[16.2595133,48.0003271],[16.2594796,48.0003324],[16.2595011,48.0003934],[16.2595693,48.0003826],[16.2595479,48.0003217]]]},"properties":{"voltage":"","name":""}},{"type":"Feature","geometry":{"type":"Polygon","coordinates":[[[16.283664,48.1176158],[16.2836595,48.1176645],[16.2837431,48.117668],[16.2837477,48.1176193],[16.283664,48.1176158]]]},"properties":{"voltage":"","name":""}},{"type":"Feature","geometry":{"type":"Polygon","coordinates":[[[16.4217153,48.2720521],[16.4203167,48.2727012],[16.4201141,48.2725116],[16.419533,48.2719677],[16.4204221,48.2715621],[16.420534,48.2715659],[16.4210618,48.2717837],[16.4217153,48.2720521]]]},"properties":{"voltage":"110000","name":"Umspannwerk Leopoldau"}},{"type":"Feature","geometry":{"type":"Polygon","coordinates":[[[16.8569588,48.4065691],[16.8569775,48.4065907],[16.8570084,48.406577],[16.8569896,48.4065565],[16.8569588,48.4065691]]]},"properties":{"voltage":"","name":""}},{"type":"Feature","geometry":{"type":"Polygon","coordinates":[[[16.2852162,48.0950099],[16.2852161,48.0950492],[16.2852809,48.0950493],[16.285281,48.09501],[16.2852162,48.0950099]]]},"properties":{"voltage":"20000","name":""}},{"type":"Feature","geometry":{"type":"Polygon","coordinates":[[[16.2994193,48.1194622],[16.2994778,48.11943],[16.2994447,48.1194032],[16.2993861,48.1194354],[16.2994193,48.1194622]]]},"properties":{"voltage":"20000;400","name":""}},{"type":"Feature","geometry":{"type":"Polygon","coordinates":[[[16.3184422,48.0762235],[16.318375,48.0762406],[16.3183873,48.0762623],[16.3184546,48.0762452],[16.3184422,48.0762235]]]},"properties":{"voltage":"20000;400","name":""}},{"type":"Feature","geometry":{"type":"Polygon","coordinates":[[[16.3078735,48.0810268],[16.3078853,48.0810699],[16.3079199,48.0810657],[16.3079081,48.0810225],[16.3078735,48.0810268]]]},"properties":{"voltage":"","name":""}},{"type":"Feature","geometry":{"type":"Polygon","coordinates":[[[16.4599207,48.2547767],[16.459961,48.2548293],[16.4600209,48.254809],[16.4599806,48.2547564],[16.4599207,48.2547767]]]},"properties":{"voltage":"","name":""}},{"type":"Feature","geometry":{"type":"Polygon","coordinates":[[[16.4570737,48.2537974],[16.45702,48.2537213],[16.4570873,48.2537002],[16.4571411,48.2537763],[16.4570737,48.2537974]]]},"properties":{"voltage":"","name":""}},{"type":"Feature","geometry":{"type":"Polygon","coordinates":[[[16.3369338,48.1191391],[16.3369692,48.1192001],[16.3370248,48.1191857],[16.3369893,48.1191248],[16.3369338,48.1191391]]]},"properties":{"voltage":"20000;400","name":""}},{"type":"Feature","geometry":{"type":"Polygon","coordinates":[[[16.5688505,48.5687124],[16.5688994,48.5687155],[16.5689017,48.5686995],[16.5688528,48.5686964],[16.5688505,48.5687124]]]},"properties":{"voltage":"20000;400","name":""}},{"type":"Feature","geometry":{"type":"Polygon","coordinates":[[[22.5048952,48.5284625],[22.5054776,48.5285497],[22.5055575,48.5283157],[22.504975,48.5282285],[22.5048952,48.5284625]]]},"properties":{"voltage":"35000;10000","name":"\u0421\u0435\u0440\u0435\u0434\u043d\u0454"}},{"type":"Feature","geometry":{"type":"Polygon","coordinates":[[[16.348811,48.2229233],[16.3489682,48.2228603],[16.3490483,48.2228239],[16.3491148,48.2227992],[16.3493644,48.2226999],[16.3495581,48.2226196],[16.3496322,48.2225889],[16.3498888,48.2224895],[16.350032,48.2224347],[16.349923,48.2222428],[16.349828,48.222123],[16.34975,48.2220289],[16.34945,48.2221408],[16.3491163,48.2217743],[16.3490706,48.2217927],[16.347809,48.2222996],[16.3477871,48.2223537],[16.3477875,48.2224249],[16.3481675,48.2225534],[16.3482685,48.2225495],[16.3483516,48.2225167],[16.3483935,48.2225638],[16.3484616,48.2225364],[16.3486564,48.2227538],[16.348811,48.2229233]]]},"properties":{"voltage":"110000","name":"Umspannwerk Michelbeuern"}},{"type":"Feature","geometry":{"type":"Polygon","coordinates":[[[17.1163271,48.126379],[17.1162707,48.1262747],[17.1164379,48.1262341],[17.1164901,48.1263297],[17.1164311,48.126344],[17.1164355,48.1263541],[17.1163271,48.126379]]]},"properties":{"voltage":"","name":"Ts-1877"}},{"type":"Feature","geometry":{"type":"Polygon","coordinates":[[[16.3566786,48.0272475],[16.3567075,48.0272854],[16.3568291,48.0272438],[16.3568002,48.027206],[16.3566786,48.0272475]]]},"properties":{"voltage":"","name":""}},{"type":"Feature","geometry":{"type":"Polygon","coordinates":[[[17.1817416,48.1695309],[17.1818391,48.169568],[17.1818577,48.1695455],[17.1817601,48.1695085],[17.1817416,48.1695309]]]},"properties":{"voltage":"","name":""}},{"type":"Feature","geometry":{"type":"Polygon","coordinates":[[[16.3582954,48.3304425],[16.3582654,48.3304125],[16.3583138,48.3303911],[16.3583438,48.330421],[16.3582954,48.3304425]]]},"properties":{"voltage":"","name":""}},{"type":"Feature","geometry":{"type":"Polygon","coordinates":[[[16.3539888,48.113331],[16.3539345,48.1133439],[16.3539787,48.1134266],[16.354033,48.1134137],[16.3539888,48.113331]]]},"properties":{"voltage":"20000;400","name":""}},{"type":"Feature","geometry":{"type":"Polygon","coordinates":[[[22.7279525,48.4307882],[22.7280331,48.4308118],[22.7290952,48.4311223],[22.7291378,48.4311348],[22.729669,48.4303069],[22.7284948,48.4299609],[22.7279525,48.4307882]]]},"properties":{"voltage":"35000;6000","name":"\u041c\u0443\u043a\u0430\u0447\u0435\u0432\u043e, \u0442\u0440\u0430\u043d\u0437\u0438\u0442\u043d\u0430"}},{"type":"Feature","geometry":{"type":"Polygon","coordinates":[[[22.3293803,48.5139548],[22.3297659,48.5141081],[22.3300367,48.5138092],[22.329651,48.5136559],[22.3293803,48.5139548]]]},"properties":{"voltage":"35000;10000","name":"\u0413\u0435\u0457\u0432\u0446\u0456"}},{"type":"Feature","geometry":{"type":"Polygon","coordinates":[[[16.2920485,48.1191314],[16.2920626,48.1191982],[16.2921556,48.1191894],[16.2921415,48.1191227],[16.2920485,48.1191314]]]},"properties":{"voltage":"20000;400","name":""}},{"type":"Feature","geometry":{"type":"Polygon","coordinates":[[[16.2928515,48.123139],[16.2928503,48.1231867],[16.292944,48.1231878],[16.2929452,48.12314],[16.2928515,48.123139]]]},"properties":{"voltage":"","name":""}},{"type":"Feature","geometry":{"type":"Polygon","coordinates":[[[16.7633419,48.0112064],[16.7633712,48.0112234],[16.7634005,48.0112009],[16.7633712,48.0111838],[16.7633419,48.0112064]]]},"properties":{"voltage":"","name":""}},{"type":"Feature","geometry":{"type":"Polygon","coordinates":[[[16.1238578,48.1729585],[16.1238883,48.1729636],[16.1238981,48.172938],[16.1238676,48.1729329],[16.1238578,48.1729585]]]},"properties":{"voltage":"20000","name":""}},{"type":"Feature","geometry":{"type":"Polygon","coordinates":[[[16.3729215,48.0224533],[16.3729627,48.0224261],[16.3729001,48.0223837],[16.3728589,48.0224109],[16.3729215,48.0224533]]]},"properties":{"voltage":"20000;400","name":""}},{"type":"Feature","geometry":{"type":"Polygon","coordinates":[[[17.1071928,48.136363],[17.1073021,48.136359],[17.1072937,48.136247],[17.1071847,48.1362516],[17.1071928,48.136363]]]},"properties":{"voltage":"","name":"TS-330"}},{"type":"Feature","geometry":{"type":"Polygon","coordinates":[[[16.5232555,48.0805196],[16.523291,48.0805026],[16.5232538,48.0804679],[16.5232183,48.0804849],[16.5232555,48.0805196]]]},"properties":{"voltage":"20000","name":""}},{"type":"Feature","geometry":{"type":"Polygon","coordinates":[[[17.120866,48.1565891],[17.1207581,48.1566257],[17.1207946,48.1566736],[17.1209025,48.156637],[17.120866,48.1565891]]]},"properties":{"voltage":"","name":"TS-946"}},{"type":"Feature","geometry":{"type":"Polygon","coordinates":[[[16.3279998,48.1161024],[16.3279777,48.1161071],[16.3279612,48.1161106],[16.3279756,48.1161407],[16.3280142,48.1161325],[16.3279998,48.1161024]]]},"properties":{"voltage":"","name":""}},{"type":"Feature","geometry":{"type":"Polygon","coordinates":[[[17.0814751,48.1567806],[17.0815053,48.1568023],[17.0814778,48.1568197],[17.0814475,48.156798],[17.0814751,48.1567806]]]},"properties":{"voltage":"","name":""}},{"type":"Feature","geometry":{"type":"Polygon","coordinates":[[[16.2643769,48.1390686],[16.2642853,48.1390541],[16.2642721,48.1390911],[16.2643636,48.1391057],[16.2643769,48.1390686]]]},"properties":{"voltage":"","name":""}},{"type":"Feature","geometry":{"type":"Polygon","coordinates":[[[17.166908,48.1533027],[17.1669131,48.1532746],[17.1668765,48.1532711],[17.1668721,48.1533003],[17.166908,48.1533027]]]},"properties":{"voltage":"","name":"Ts-1202"}},{"type":"Feature","geometry":{"type":"Polygon","coordinates":[[[16.266722,48.1368948],[16.2666071,48.1368846],[16.2666049,48.1368959],[16.2665977,48.1369322],[16.2667125,48.1369424],[16.266722,48.1368948]]]},"properties":{"voltage":"","name":""}},{"type":"Feature","geometry":{"type":"Polygon","coordinates":[[[16.2071037,48.1367971],[16.2071777,48.1367861],[16.2071681,48.1367576],[16.2070941,48.1367686],[16.2071037,48.1367971]]]},"properties":{"voltage":"20000","name":""}},{"type":"Feature","geometry":{"type":"Polygon","coordinates":[[[16.2584507,48.1449382],[16.2584668,48.1449816],[16.2585507,48.1449677],[16.2585345,48.1449243],[16.2584507,48.1449382]]]},"properties":{"voltage":"","name":""}},{"type":"Feature","geometry":{"type":"Polygon","coordinates":[[[16.3002678,48.0714704],[16.3002912,48.0715181],[16.3003487,48.0715055],[16.3003252,48.0714578],[16.3002678,48.0714704]]]},"properties":{"voltage":"20000;400","name":""}},{"type":"Feature","geometry":{"type":"Polygon","coordinates":[[[16.3039585,48.0702353],[16.3040523,48.0703809],[16.3041118,48.0703638],[16.3040179,48.0702182],[16.3039585,48.0702353]]]},"properties":{"voltage":"20000;400","name":""}},{"type":"Feature","geometry":{"type":"Polygon","coordinates":[[[16.3021711,48.0715229],[16.3021035,48.0715345],[16.3021119,48.0715566],[16.3021796,48.071545],[16.3021711,48.0715229]]]},"properties":{"voltage":"20000;400","name":""}},{"type":"Feature","geometry":{"type":"Polygon","coordinates":[[[16.8075012,48.1121872],[16.8075455,48.1121849],[16.8075371,48.1121277],[16.8074927,48.1121313],[16.8075012,48.1121872]]]},"properties":{"voltage":"","name":""}},{"type":"Feature","geometry":{"type":"Polygon","coordinates":[[[16.408298,48.1888863],[16.4083423,48.1888613],[16.4082602,48.1887967],[16.4082158,48.1888217],[16.408298,48.1888863]]]},"properties":{"voltage":"","name":""}},{"type":"Feature","geometry":{"type":"Polygon","coordinates":[[[16.7130874,48.1136856],[16.7131172,48.1136703],[16.7130747,48.1136334],[16.7130448,48.113649],[16.7130874,48.1136856]]]},"properties":{"voltage":"","name":""}},{"type":"Feature","geometry":{"type":"Polygon","coordinates":[[[16.3023767,48.0903447],[16.3024344,48.0903724],[16.3024747,48.0903339],[16.3024169,48.0903069],[16.3023767,48.0903447]]]},"properties":{"voltage":"20000","name":""}},{"type":"Feature","geometry":{"type":"Polygon","coordinates":[[[16.17745,48.0382653],[16.1774567,48.0382491],[16.177497,48.0382563],[16.1774902,48.0382725],[16.17745,48.0382653]]]},"properties":{"voltage":"20000;400","name":""}},{"type":"Feature","geometry":{"type":"Polygon","coordinates":[[[16.336353,48.0832082],[16.3363904,48.0832132],[16.3363965,48.0831931],[16.336359,48.0831881],[16.336353,48.0832082]]]},"properties":{"voltage":"20000","name":""}},{"type":"Feature","geometry":{"type":"Polygon","coordinates":[[[16.3522053,48.0776279],[16.3521912,48.0776644],[16.3521892,48.0776695],[16.3522278,48.0776761],[16.3522438,48.0776345],[16.3522053,48.0776279]]]},"properties":{"voltage":"20000;400","name":""}},{"type":"Feature","geometry":{"type":"Polygon","coordinates":[[[16.2569981,48.1192188],[16.2569915,48.1192545],[16.2570408,48.1192586],[16.2570583,48.1191643],[16.257009,48.1191602],[16.2569981,48.1192188]]]},"properties":{"voltage":"","name":""}},{"type":"Feature","geometry":{"type":"Polygon","coordinates":[[[16.2629824,48.176699],[16.2629024,48.1766776],[16.2628719,48.1767284],[16.2629519,48.1767498],[16.2629824,48.176699]]]},"properties":{"voltage":"","name":""}},{"type":"Feature","geometry":{"type":"Polygon","coordinates":[[[16.2664962,48.0812025],[16.2665591,48.0812022],[16.2665587,48.0811581],[16.2664957,48.0811584],[16.2664962,48.0812025]]]},"properties":{"voltage":"","name":""}},{"type":"Feature","geometry":{"type":"Polygon","coordinates":[[[16.2645694,48.0810549],[16.2645693,48.0810919],[16.2646528,48.081092],[16.2646529,48.081055],[16.2645694,48.0810549]]]},"properties":{"voltage":"","name":""}},{"type":"Feature","geometry":{"type":"Polygon","coordinates":[[[16.3448551,48.1713983],[16.3449209,48.1713934],[16.3449116,48.1713317],[16.3448472,48.1713354],[16.3448551,48.1713983]]]},"properties":{"voltage":"","name":""}},{"type":"Feature","geometry":{"type":"Polygon","coordinates":[[[16.6186732,48.1674779],[16.6187463,48.16749],[16.6187651,48.1674417],[16.6186927,48.1674283],[16.6186732,48.1674779]]]},"properties":{"voltage":"20000","name":""}},{"type":"Feature","geometry":{"type":"Polygon","coordinates":[[[16.818662,48.4667973],[16.8187079,48.4667992],[16.8187108,48.4667687],[16.8186649,48.4667668],[16.818662,48.4667973]]]},"properties":{"voltage":"","name":""}},{"type":"Feature","geometry":{"type":"Polygon","coordinates":[[[16.4975673,48.2547368],[16.4976261,48.2547361],[16.4976248,48.2546907],[16.497566,48.2546915],[16.4975673,48.2547368]]]},"properties":{"voltage":"","name":""}},{"type":"Feature","geometry":{"type":"Polygon","coordinates":[[[16.3598412,48.1645187],[16.3597875,48.1645254],[16.3598016,48.1645764],[16.3598554,48.1645698],[16.3598412,48.1645187]]]},"properties":{"voltage":"","name":""}},{"type":"Feature","geometry":{"type":"Polygon","coordinates":[[[16.2934537,48.0962746],[16.2934195,48.0963633],[16.2935012,48.0963773],[16.2935354,48.0962887],[16.2934537,48.0962746]]]},"properties":{"voltage":"20000;400","name":""}},{"type":"Feature","geometry":{"type":"Polygon","coordinates":[[[16.8483652,48.464184],[16.8483826,48.4641863],[16.8484095,48.4641899],[16.8484122,48.4641777],[16.8484157,48.4641623],[16.8483741,48.4641565],[16.8483652,48.464184]]]},"properties":{"voltage":"","name":""}},{"type":"Feature","geometry":{"type":"Polygon","coordinates":[[[16.3578279,48.1792736],[16.3578903,48.1793068],[16.3579179,48.1792838],[16.3578554,48.1792506],[16.3578279,48.1792736]]]},"properties":{"voltage":"20000;400","name":""}},{"type":"Feature","geometry":{"type":"Polygon","coordinates":[[[16.3164895,48.0665676],[16.3164354,48.0665803],[16.3164565,48.0666204],[16.3165106,48.0666076],[16.3164895,48.0665676]]]},"properties":{"voltage":"20000;400","name":""}},{"type":"Feature","geometry":{"type":"Polygon","coordinates":[[[17.166611,48.1526171],[17.166652,48.1526167],[17.1666513,48.1525898],[17.1666103,48.1525903],[17.166611,48.1526171]]]},"properties":{"voltage":"22000;400","name":"Ts-1242"}},{"type":"Feature","geometry":{"type":"Polygon","coordinates":[[[16.2178072,48.3849099],[16.2178758,48.3849172],[16.2178893,48.3848608],[16.2178207,48.3848536],[16.2178072,48.3849099]]]},"properties":{"voltage":"20000;400","name":"TST Stockerau Berggartenstra\u00dfe"}},{"type":"Feature","geometry":{"type":"Polygon","coordinates":[[[16.4731746,48.2021882],[16.4732197,48.2021635],[16.4731795,48.2021309],[16.4731344,48.2021555],[16.4731746,48.2021882]]]},"properties":{"voltage":"","name":""}},{"type":"Feature","geometry":{"type":"Polygon","coordinates":[[[16.4276346,48.2539707],[16.4276118,48.2539333],[16.4276717,48.2539171],[16.4276944,48.2539545],[16.4276346,48.2539707]]]},"properties":{"voltage":"","name":""}},{"type":"Feature","geometry":{"type":"Polygon","coordinates":[[[16.2580754,48.0837125],[16.2579992,48.0836773],[16.2579482,48.0837266],[16.2580244,48.0837617],[16.2580754,48.0837125]]]},"properties":{"voltage":"","name":""}},{"type":"Feature","geometry":{"type":"Polygon","coordinates":[[[16.44923,48.1123946],[16.4492826,48.1123669],[16.4492476,48.1123373],[16.449195,48.112365],[16.44923,48.1123946]]]},"properties":{"voltage":"","name":""}},{"type":"Feature","geometry":{"type":"Polygon","coordinates":[[[16.2237483,48.3826729],[16.2238495,48.3826766],[16.2238531,48.3826334],[16.2237518,48.3826298],[16.2237483,48.3826729]]]},"properties":{"voltage":"","name":"SST Stockerau Neuri\u00df"}},{"type":"Feature","geometry":{"type":"Polygon","coordinates":[[[16.3392375,48.1232666],[16.3391859,48.1232779],[16.3392127,48.1233325],[16.3392643,48.1233212],[16.3392375,48.1232666]]]},"properties":{"voltage":"20000;400","name":""}},{"type":"Feature","geometry":{"type":"Polygon","coordinates":[[[16.4521397,48.2959629],[16.4521961,48.2959488],[16.4521732,48.2959083],[16.4521167,48.2959225],[16.4521397,48.2959629]]]},"properties":{"voltage":"","name":""}},{"type":"Feature","geometry":{"type":"Polygon","coordinates":[[[16.4774443,48.199265],[16.4774654,48.1992824],[16.4775184,48.1992538],[16.4774973,48.1992364],[16.4774443,48.199265]]]},"properties":{"voltage":"","name":""}},{"type":"Feature","geometry":{"type":"Polygon","coordinates":[[[22.6686155,48.5173635],[22.6685019,48.5170003],[22.66884,48.5169539],[22.6689536,48.5173171],[22.6686155,48.5173635]]]},"properties":{"voltage":"35000;10000","name":"\u0411\u043e\u0431\u043e\u0432\u0438\u0449\u0435"}},{"type":"Feature","geometry":{"type":"Polygon","coordinates":[[[16.4763161,48.1304431],[16.4764193,48.1304101],[16.4764153,48.1304047],[16.4763971,48.130379],[16.4762939,48.130412],[16.4763161,48.1304431]]]},"properties":{"voltage":"","name":""}},{"type":"Feature","geometry":{"type":"Polygon","coordinates":[[[16.4730871,48.1242729],[16.4732084,48.1242367],[16.4731774,48.1241896],[16.4730571,48.1242258],[16.4730871,48.1242729]]]},"properties":{"voltage":"","name":""}},{"type":"Feature","geometry":{"type":"Polygon","coordinates":[[[16.4415259,48.1313606],[16.4415828,48.131361],[16.4415835,48.1313155],[16.4415273,48.1313155],[16.4415259,48.1313606]]]},"properties":{"voltage":"","name":""}},{"type":"Feature","geometry":{"type":"Polygon","coordinates":[[[16.4451448,48.1403489],[16.445243,48.1403405],[16.4452355,48.1403014],[16.4451374,48.1403097],[16.4451448,48.1403489]]]},"properties":{"voltage":"","name":""}},{"type":"Feature","geometry":{"type":"Polygon","coordinates":[[[22.8437146,48.4903972],[22.8434641,48.4906621],[22.844783,48.49121],[22.8450336,48.4909451],[22.8437146,48.4903972]]]},"properties":{"voltage":"110000;10000","name":"\u0427\u0438\u043d\u0430\u0434\u0456\u0454\u0432\u043e, \u0442\u0440\u0430\u043d\u0437\u0438\u0442\u043d\u0430"}},{"type":"Feature","geometry":{"type":"Polygon","coordinates":[[[16.4881821,48.0269568],[16.4882135,48.0269104],[16.4882798,48.0269304],[16.4882484,48.0269768],[16.4881821,48.0269568]]]},"properties":{"voltage":"20000","name":""}},{"type":"Feature","geometry":{"type":"Polygon","coordinates":[[[16.464281,48.1095446],[16.4643137,48.1096004],[16.4643565,48.1095893],[16.4643238,48.1095335],[16.464281,48.1095446]]]},"properties":{"voltage":"","name":""}},{"type":"Feature","geometry":{"type":"Polygon","coordinates":[[[16.2978395,48.2379065],[16.2978398,48.2378848],[16.2978611,48.2378849],[16.2978609,48.2379066],[16.2978395,48.2379065]]]},"properties":{"voltage":"","name":""}},{"type":"Feature","geometry":{"type":"Polygon","coordinates":[[[16.3216942,48.0596193],[16.3216633,48.0595628],[16.3216006,48.0595781],[16.3216314,48.0596346],[16.3216942,48.0596193]]]},"properties":{"voltage":"20000;400","name":""}},{"type":"Feature","geometry":{"type":"Polygon","coordinates":[[[16.333521,48.3000635],[16.3337255,48.2998066],[16.3338584,48.2998493],[16.3340381,48.2999466],[16.3339616,48.3001134],[16.3338744,48.3001875],[16.3337551,48.3002838],[16.3335917,48.3003943],[16.3334738,48.3002455],[16.3334451,48.3002049],[16.3334502,48.3001589],[16.333521,48.3000635]]]},"properties":{"voltage":"110000","name":"Umspannwerk Klosterneuburg"}},{"type":"Feature","geometry":{"type":"Polygon","coordinates":[[[16.4576788,48.2068855],[16.4577331,48.2068643],[16.4577033,48.2068292],[16.457691,48.2068331],[16.4576478,48.2068494],[16.4576788,48.2068855]]]},"properties":{"voltage":"","name":""}},{"type":"Feature","geometry":{"type":"Polygon","coordinates":[[[16.3121938,48.0720641],[16.3121897,48.0719956],[16.3121154,48.0719975],[16.3121194,48.0720661],[16.3121938,48.0720641]]]},"properties":{"voltage":"20000;400","name":""}},{"type":"Feature","geometry":{"type":"Polygon","coordinates":[[[22.2349356,48.5076039],[22.23521,48.5072697],[22.2356055,48.5074122],[22.2353311,48.5077464],[22.2349356,48.5076039]]]},"properties":{"voltage":"35000;10000","name":"\u0421\u0442\u0440\u0443\u043c\u043a\u0456\u0432\u043a\u0430"}},{"type":"Feature","geometry":{"type":"Polygon","coordinates":[[[16.2997812,48.1148011],[16.2999086,48.1148136],[16.2999177,48.1147724],[16.2997903,48.1147599],[16.2997812,48.1148011]]]},"properties":{"voltage":"20000;400","name":""}},{"type":"Feature","geometry":{"type":"Polygon","coordinates":[[[17.1428698,48.1986713],[17.1429628,48.1986317],[17.1429021,48.1985668],[17.1428076,48.1986072],[17.1428698,48.1986713]]]},"properties":{"voltage":"","name":"TS-272"}},{"type":"Feature","geometry":{"type":"Polygon","coordinates":[[[16.7614062,48.5429766],[16.7614395,48.5429708],[16.7614548,48.5430091],[16.7614215,48.5430149],[16.7614062,48.5429766]]]},"properties":{"voltage":"","name":""}},{"type":"Feature","geometry":{"type":"Polygon","coordinates":[[[22.8489421,48.491813],[22.8493497,48.4919778],[22.8490942,48.4922552],[22.8486867,48.4920903],[22.8489421,48.491813]]]},"properties":{"voltage":"35000;10000","name":"\u0427\u0438\u043d\u0430\u0434\u0456\u0439\u043e\u0432\u043e"}},{"type":"Feature","geometry":{"type":"Polygon","coordinates":[[[17.0674523,48.1725953],[17.0674996,48.1726369],[17.0675793,48.1725967],[17.067532,48.172555],[17.0674523,48.1725953]]]},"properties":{"voltage":"","name":"TS-1829"}},{"type":"Feature","geometry":{"type":"Polygon","coordinates":[[[22.8696457,48.5205172],[22.8700545,48.5207225],[22.8698417,48.5209084],[22.8694328,48.520703],[22.8696457,48.5205172]]]},"properties":{"voltage":"35000;10000","name":"\u041a\u0430\u0440\u043f\u0430\u0442\u0438"}},{"type":"Feature","geometry":{"type":"Polygon","coordinates":[[[17.9249772,48.1898077],[17.9237401,48.189084],[17.9249132,48.1882392],[17.9261287,48.1889905],[17.9260617,48.1890284],[17.9259984,48.1890787],[17.9249772,48.1898077]]]},"properties":{"voltage":"","name":""}},{"type":"Feature","geometry":{"type":"Polygon","coordinates":[[[16.391474,48.2453322],[16.3914511,48.245376],[16.3915108,48.2453898],[16.3915337,48.2453461],[16.391474,48.2453322]]]},"properties":{"voltage":"","name":""}},{"type":"Feature","geometry":{"type":"Polygon","coordinates":[[[16.3766552,48.2429905],[16.3766828,48.2429633],[16.3766077,48.2429295],[16.3765801,48.2429567],[16.3766552,48.2429905]]]},"properties":{"voltage":"","name":""}},{"type":"Feature","geometry":{"type":"Polygon","coordinates":[[[22.6686566,48.3435222],[22.6688066,48.3437275],[22.6691325,48.3436223],[22.6689825,48.343417],[22.6686566,48.3435222]]]},"properties":{"voltage":"35000;10000","name":"\u0414\u0440\u0438\u0441\u0438\u043d\u043e"}},{"type":"Feature","geometry":{"type":"Polygon","coordinates":[[[22.5917791,48.3007656],[22.5921799,48.3009191],[22.5923582,48.300713],[22.5919575,48.3005595],[22.5917791,48.3007656]]]},"properties":{"voltage":"35000;10000","name":"\u0413\u0430\u0440\u0430\u0437\u0434\u0456\u0432\u043a\u0430"}},{"type":"Feature","geometry":{"type":"Polygon","coordinates":[[[22.6476394,48.3188769],[22.648058,48.3189554],[22.6481907,48.3186424],[22.6477721,48.3185638],[22.6476394,48.3188769]]]},"properties":{"voltage":"35000;10000","name":"\u0413\u0430\u0442\u044c"}},{"type":"Feature","geometry":{"type":"Polygon","coordinates":[[[22.4543512,48.3771862],[22.4545464,48.377393],[22.4547505,48.3773079],[22.4545552,48.3771011],[22.4543512,48.3771862]]]},"properties":{"voltage":"35000;10000","name":"\u0420\u0456\u0432\u043d\u0435"}},{"type":"Feature","geometry":{"type":"Polygon","coordinates":[[[22.4032937,48.3663359],[22.4038494,48.3663042],[22.4038862,48.3667413],[22.4037957,48.3670306],[22.4036765,48.3671636],[22.4036813,48.3672661],[22.4027117,48.3672656],[22.4028548,48.3665304],[22.4032894,48.3665138],[22.4032937,48.3663359]]]},"properties":{"voltage":"110000;35000;6000","name":"\u0411\u0430\u0442\u044c\u043e\u0432\u043e"}},{"type":"Feature","geometry":{"type":"Polygon","coordinates":[[[22.4187324,48.3259113],[22.4190214,48.3261244],[22.4194318,48.3258782],[22.4191428,48.3256652],[22.4187324,48.3259113]]]},"properties":{"voltage":"35000;6000","name":"\u0411\u043e\u0432\u0442\u0440\u0430\u0434\u044c"}},{"type":"Feature","geometry":{"type":"Polygon","coordinates":[[[22.570739,48.4427628],[22.5712741,48.4427646],[22.571276,48.4425109],[22.5707409,48.4425092],[22.570739,48.4427628]]]},"properties":{"voltage":"35000;10000","name":"\u041d.\u041b\u0443\u0447\u043a\u0438"}},{"type":"Feature","geometry":{"type":"Polygon","coordinates":[[[22.7407945,48.4521123],[22.7411039,48.452166],[22.7411951,48.4519347],[22.7408857,48.451881],[22.7407945,48.4521123]]]},"properties":{"voltage":"35000;6000","name":"\u041c\u0443\u043a\u0430\u0447\u0435\u0432\u043e-3"}},{"type":"Feature","geometry":{"type":"Polygon","coordinates":[[[22.7569966,48.4752994],[22.7574784,48.4754016],[22.7576286,48.4750904],[22.7571468,48.4749882],[22.7569966,48.4752994]]]},"properties":{"voltage":"35000;10000","name":"\u041c\u0443\u043a\u0430\u0447\u0435\u0432\u043e-4"}},{"type":"Feature","geometry":{"type":"Polygon","coordinates":[[[22.7442443,48.4672851],[22.7444284,48.4675414],[22.7448563,48.4674062],[22.7446721,48.46715],[22.7442443,48.4672851]]]},"properties":{"voltage":"","name":""}},{"type":"Feature","geometry":{"type":"Polygon","coordinates":[[[22.7044504,48.387315],[22.7045605,48.3874998],[22.7048689,48.3874188],[22.7047588,48.3872339],[22.7044504,48.387315]]]},"properties":{"voltage":"35000;6000","name":"\u0428\u0435\u043d\u0431\u043e\u0440\u043d"}},{"type":"Feature","geometry":{"type":"Polygon","coordinates":[[[22.7006051,48.4082842],[22.7013121,48.4080658],[22.7009588,48.4075618],[22.7002518,48.4077802],[22.7003467,48.4079155],[22.7005308,48.4081782],[22.7006051,48.4082842]]]},"properties":{"voltage":"110000","name":""}},{"type":"Feature","geometry":{"type":"Polygon","coordinates":[[[22.8885532,48.3525038],[22.8888774,48.3525999],[22.8890458,48.3523489],[22.8889492,48.352276],[22.8887463,48.3522159],[22.8885532,48.3525038]]]},"properties":{"voltage":"35000;10000","name":"\u0414\u043e\u0440\u043e\u0431\u0440\u0430\u0442\u043e\u0432\u043e"}},{"type":"Feature","geometry":{"type":"Polygon","coordinates":[[[22.3738507,48.4260279],[22.3740094,48.4262707],[22.3744734,48.4261372],[22.3743148,48.4258944],[22.3738507,48.4260279]]]},"properties":{"voltage":"35000;10000","name":"\u0414\u043e\u0431\u0440\u043e\u043d\u044c"}},{"type":"Feature","geometry":{"type":"Polygon","coordinates":[[[22.2626053,48.437645],[22.2627925,48.4377671],[22.2628903,48.4377011],[22.2629247,48.4377235],[22.2630375,48.4376474],[22.2628159,48.4375028],[22.2626053,48.437645]]]},"properties":{"voltage":"35000","name":"\u0427\u0435\u0440\u0432\u043e\u043d\u0435"}},{"type":"Feature","geometry":{"type":"Polygon","coordinates":[[[22.2705525,48.3614664],[22.2706544,48.3611723],[22.2703786,48.3611301],[22.2702767,48.3614242],[22.2705525,48.3614664]]]},"properties":{"voltage":"35000","name":""}},{"type":"Feature","geometry":{"type":"Polygon","coordinates":[[[22.2947911,48.5273615],[22.2942703,48.5274721],[22.2944657,48.5278492],[22.2950455,48.5277529],[22.2948781,48.5273842],[22.2947911,48.5273615]]]},"properties":{"voltage":"35000;10000","name":"\u0427\u0430\u0441\u043b\u0456\u0432\u0446\u0456"}},{"type":"Feature","geometry":{"type":"Polygon","coordinates":[[[16.4447928,48.0867148],[16.4446978,48.0867365],[16.4447168,48.0867736],[16.4448118,48.0867519],[16.4447928,48.0867148]]]},"properties":{"voltage":"20000;400","name":""}},{"type":"Feature","geometry":{"type":"Polygon","coordinates":[[[21.5774797,48.5762329],[21.578666,48.5761911],[21.5787767,48.577303],[21.5787055,48.5773972],[21.5778791,48.5774285],[21.5776735,48.5772611],[21.5775667,48.57701],[21.5775347,48.5768778],[21.5775193,48.5768164],[21.5774995,48.5764161],[21.5775193,48.5763742],[21.577502,48.5763366],[21.5774837,48.5763094],[21.5774797,48.5762329]]]},"properties":{"voltage":"110000","name":"\u017dSR Kuzmice"}},{"type":"Feature","geometry":{"type":"Polygon","coordinates":[[[16.6104406,48.0960206],[16.6104028,48.0960365],[16.6104258,48.0960609],[16.6104636,48.0960449],[16.6104513,48.0960319],[16.6104406,48.0960206]]]},"properties":{"voltage":"","name":""}},{"type":"Feature","geometry":{"type":"Polygon","coordinates":[[[16.3238981,48.083621],[16.3239123,48.0835948],[16.3238764,48.0835862],[16.3238622,48.0836123],[16.3238981,48.083621]]]},"properties":{"voltage":"20000","name":""}},{"type":"Feature","geometry":{"type":"Polygon","coordinates":[[[16.5711312,48.0696458],[16.5710027,48.0697265],[16.5710777,48.0697799],[16.5712062,48.0696992],[16.5711312,48.0696458]]]},"properties":{"voltage":"","name":"Schaltanlage Schwadorf"}},{"type":"Feature","geometry":{"type":"Polygon","coordinates":[[[16.5521572,48.0573534],[16.5521297,48.0573905],[16.5521891,48.0574102],[16.5522166,48.0573731],[16.5521855,48.0573628],[16.5521572,48.0573534]]]},"properties":{"voltage":"","name":""}},{"type":"Feature","geometry":{"type":"Polygon","coordinates":[[[16.4525721,48.103016],[16.4525371,48.1030267],[16.4525467,48.1030407],[16.4525538,48.1030509],[16.4525887,48.1030402],[16.4525721,48.103016]]]},"properties":{"voltage":"","name":""}},{"type":"Feature","geometry":{"type":"Polygon","coordinates":[[[16.3116058,48.1364831],[16.3115267,48.1364791],[16.3115216,48.1365161],[16.3116016,48.1365197],[16.3116058,48.1364831]]]},"properties":{"voltage":"","name":""}},{"type":"Feature","geometry":{"type":"Polygon","coordinates":[[[16.2827636,48.1467716],[16.2827227,48.1467118],[16.2826669,48.1467278],[16.2827004,48.1467797],[16.2827325,48.1467705],[16.2827382,48.1467789],[16.2827636,48.1467716]]]},"properties":{"voltage":"","name":""}},{"type":"Feature","geometry":{"type":"Polygon","coordinates":[[[16.3180121,48.1407249],[16.3180944,48.140681],[16.3180551,48.1406483],[16.3179729,48.1406921],[16.3180121,48.1407249]]]},"properties":{"voltage":"","name":""}},{"type":"Feature","geometry":{"type":"Polygon","coordinates":[[[16.5690289,48.4751535],[16.5699972,48.4748405],[16.5691026,48.4736313],[16.5685796,48.4735077],[16.5679681,48.4737096],[16.5690289,48.4751535]]]},"properties":{"voltage":"110000","name":"Umspannwerk Gaweinstal"}},{"type":"Feature","geometry":{"type":"Polygon","coordinates":[[[17.3459232,48.3052109],[17.3458985,48.3052341],[17.3459286,48.3052485],[17.3459532,48.3052253],[17.3459232,48.3052109]]]},"properties":{"voltage":"","name":"Ts-58-4"}},{"type":"Feature","geometry":{"type":"Polygon","coordinates":[[[16.2808191,48.1886858],[16.2807167,48.1886889],[16.2807177,48.1887024],[16.2807181,48.1887117],[16.2808205,48.1887084],[16.28082,48.188699],[16.2808191,48.1886858]]]},"properties":{"voltage":"","name":""}},{"type":"Feature","geometry":{"type":"Polygon","coordinates":[[[16.3387267,48.1618945],[16.3387776,48.1618697],[16.338738,48.1618335],[16.3386871,48.1618584],[16.3387267,48.1618945]]]},"properties":{"voltage":"","name":""}},{"type":"Feature","geometry":{"type":"Polygon","coordinates":[[[16.2606286,48.1824734],[16.260675,48.1825008],[16.2606226,48.1825403],[16.2605762,48.1825129],[16.2606286,48.1824734]]]},"properties":{"voltage":"","name":""}},{"type":"Feature","geometry":{"type":"Polygon","coordinates":[[[17.1537841,48.1680079],[17.1538607,48.1679701],[17.1538384,48.1679493],[17.1537621,48.167986],[17.1537841,48.1680079]]]},"properties":{"voltage":"","name":"Ts-1872"}},{"type":"Feature","geometry":{"type":"Polygon","coordinates":[[[16.3295057,48.3101107],[16.3293951,48.3100393],[16.3293408,48.3100766],[16.3294514,48.3101479],[16.3295057,48.3101107]]]},"properties":{"voltage":"10000","name":""}},{"type":"Feature","geometry":{"type":"Polygon","coordinates":[[[16.2133433,48.3824888],[16.2133612,48.3825416],[16.2136577,48.3824973],[16.2136399,48.3824445],[16.2133433,48.3824888]]]},"properties":{"voltage":"","name":""}},{"type":"Feature","geometry":{"type":"Polygon","coordinates":[[[16.4271783,48.270067],[16.4272727,48.2700604],[16.427267,48.2700242],[16.4271726,48.2700308],[16.4271783,48.270067]]]},"properties":{"voltage":"","name":""}},{"type":"Feature","geometry":{"type":"Polygon","coordinates":[[[16.7883693,48.0142239],[16.7883455,48.0142072],[16.7883907,48.0141783],[16.7884145,48.014195],[16.7883693,48.0142239]]]},"properties":{"voltage":"","name":"Objekt 856"}},{"type":"Feature","geometry":{"type":"Polygon","coordinates":[[[16.309981,48.1257896],[16.3099911,48.1258137],[16.3100561,48.1258016],[16.3100461,48.1257776],[16.309981,48.1257896]]]},"properties":{"voltage":"","name":""}},{"type":"Feature","geometry":{"type":"Polygon","coordinates":[[[16.3939413,48.3154578],[16.3938751,48.3154673],[16.3938874,48.3155053],[16.3939536,48.3154958],[16.3939413,48.3154578]]]},"properties":{"voltage":"","name":""}},{"type":"Feature","geometry":{"type":"Polygon","coordinates":[[[16.2712325,48.3254209],[16.2712797,48.3253943],[16.2713262,48.3254308],[16.271279,48.3254574],[16.2712325,48.3254209]]]},"properties":{"voltage":"","name":""}},{"type":"Feature","geometry":{"type":"Polygon","coordinates":[[[17.6413291,48.1776158],[17.6419702,48.1770662],[17.6424723,48.1772247],[17.6429561,48.1773775],[17.6424896,48.1780561],[17.6413291,48.1776158]]]},"properties":{"voltage":"","name":"Sl\u00e1dkovi\u010dovo"}},{"type":"Feature","geometry":{"type":"Polygon","coordinates":[[[16.3053171,48.0525013],[16.3052983,48.0524756],[16.3052418,48.052494],[16.3052606,48.0525198],[16.3053171,48.0525013]]]},"properties":{"voltage":"20000","name":""}},{"type":"Feature","geometry":{"type":"Polygon","coordinates":[[[16.3502845,48.0799664],[16.3501903,48.0799695],[16.3501929,48.0800056],[16.3502872,48.0800024],[16.3502845,48.0799664]]]},"properties":{"voltage":"20000;400","name":""}},{"type":"Feature","geometry":{"type":"Polygon","coordinates":[[[16.4324258,48.1263576],[16.4324578,48.1263587],[16.4324542,48.1264066],[16.4324223,48.1264055],[16.4324258,48.1263576]]]},"properties":{"voltage":"","name":""}},{"type":"Feature","geometry":{"type":"Polygon","coordinates":[[[17.0753563,48.1448478],[17.0754341,48.1448442],[17.0754239,48.1447456],[17.0753462,48.1447492],[17.0753563,48.1448478]]]},"properties":{"voltage":"","name":"TS-1030"}},{"type":"Feature","geometry":{"type":"Polygon","coordinates":[[[16.323964,48.09648],[16.3239646,48.0964314],[16.3239331,48.0964312],[16.3239325,48.0964799],[16.323964,48.09648]]]},"properties":{"voltage":"","name":""}},{"type":"Feature","geometry":{"type":"Polygon","coordinates":[[[16.323964,48.0964205],[16.3239647,48.0963667],[16.3239104,48.0963664],[16.3239097,48.0964202],[16.323964,48.0964205]]]},"properties":{"voltage":"","name":"Station 4"}},{"type":"Feature","geometry":{"type":"Polygon","coordinates":[[[22.688338,48.4484401],[22.6886473,48.4487508],[22.6890598,48.4485701],[22.6887505,48.4482594],[22.688338,48.4484401]]]},"properties":{"voltage":"35000;6000","name":"\u041c\u0443\u043a\u0430\u0447\u0435\u0432\u043e-5"}},{"type":"Feature","geometry":{"type":"Polygon","coordinates":[[[22.2641279,48.5828862],[22.2641503,48.582945],[22.264195,48.5829668],[22.264332,48.5829439],[22.2643557,48.5829107],[22.2643333,48.5828519],[22.2642896,48.5828328],[22.2641526,48.5828557],[22.2641279,48.5828862]]]},"properties":{"voltage":"35000","name":""}},{"type":"Feature","geometry":{"type":"Polygon","coordinates":[[[16.4731653,48.2907975],[16.473214,48.2907854],[16.4732048,48.290769],[16.4731957,48.2907528],[16.473147,48.2907649],[16.4731653,48.2907975]]]},"properties":{"voltage":"","name":""}},{"type":"Feature","geometry":{"type":"Polygon","coordinates":[[[16.299243,48.0764708],[16.299241,48.0764179],[16.2991879,48.0764188],[16.2991899,48.0764717],[16.299243,48.0764708]]]},"properties":{"voltage":"20000","name":""}},{"type":"Feature","geometry":{"type":"Polygon","coordinates":[[[16.3104596,48.0725722],[16.3104158,48.0725125],[16.310365,48.0725292],[16.3104088,48.0725888],[16.3104596,48.0725722]]]},"properties":{"voltage":"20000;400","name":""}},{"type":"Feature","geometry":{"type":"Polygon","coordinates":[[[16.2957736,48.2902492],[16.2958264,48.2902456],[16.2958238,48.2902286],[16.295771,48.2902322],[16.2957736,48.2902492]]]},"properties":{"voltage":"10000","name":""}},{"type":"Feature","geometry":{"type":"Polygon","coordinates":[[[16.4633339,48.0264466],[16.4633828,48.0264409],[16.4633687,48.0263875],[16.4633198,48.0263933],[16.4633339,48.0264466]]]},"properties":{"voltage":"","name":""}},{"type":"Feature","geometry":{"type":"Polygon","coordinates":[[[17.1361765,48.1910104],[17.1362308,48.1909848],[17.1362748,48.1910261],[17.1362214,48.1910518],[17.1361765,48.1910104]]]},"properties":{"voltage":"","name":""}},{"type":"Feature","geometry":{"type":"Polygon","coordinates":[[[17.1378537,48.1953022],[17.1378258,48.1952744],[17.137903,48.1952399],[17.1379309,48.1952677],[17.1378537,48.1953022]]]},"properties":{"voltage":"","name":""}},{"type":"Feature","geometry":{"type":"Polygon","coordinates":[[[17.1962217,48.0314257],[17.196256,48.0314155],[17.1962301,48.0313754],[17.1961949,48.0313854],[17.1962217,48.0314257]]]},"properties":{"voltage":"","name":""}},{"type":"Feature","geometry":{"type":"Polygon","coordinates":[[[16.4602118,48.0182899],[16.4602546,48.0182912],[16.460258,48.0182423],[16.4602152,48.018241],[16.4602118,48.0182899]]]},"properties":{"voltage":"20000","name":""}},{"type":"Feature","geometry":{"type":"Polygon","coordinates":[[[16.5840679,48.3533205],[16.5841284,48.3532957],[16.5840716,48.3532345],[16.5840111,48.3532594],[16.5840679,48.3533205]]]},"properties":{"voltage":"","name":"Schalthaus Engersdorf"}},{"type":"Feature","geometry":{"type":"Polygon","coordinates":[[[16.4701125,48.2144398],[16.4701715,48.2144267],[16.4701501,48.214384],[16.470091,48.2143972],[16.4701125,48.2144398]]]},"properties":{"voltage":"","name":""}},{"type":"Feature","geometry":{"type":"Polygon","coordinates":[[[16.7904911,48.1896584],[16.7905404,48.1896522],[16.7905342,48.1896276],[16.790485,48.1896338],[16.7904911,48.1896584]]]},"properties":{"voltage":"20000;400","name":""}},{"type":"Feature","geometry":{"type":"Polygon","coordinates":[[[17.1425986,48.1751948],[17.1426884,48.1751535],[17.1426812,48.1751469],[17.1426564,48.1751239],[17.1426343,48.1751035],[17.1425446,48.1751449],[17.1425986,48.1751948]]]},"properties":{"voltage":"","name":""}},{"type":"Feature","geometry":{"type":"Polygon","coordinates":[[[16.3138564,48.0937931],[16.3137791,48.0937945],[16.313782,48.0938643],[16.3138593,48.0938629],[16.3138564,48.0937931]]]},"properties":{"voltage":"","name":""}},{"type":"Feature","geometry":{"type":"Polygon","coordinates":[[[16.3444007,48.2859253],[16.3443767,48.2859143],[16.3443548,48.2859043],[16.3442998,48.2859575],[16.3443458,48.2859785],[16.3444007,48.2859253]]]},"properties":{"voltage":"","name":""}},{"type":"Feature","geometry":{"type":"Polygon","coordinates":[[[16.4088247,48.1688962],[16.408885,48.1689611],[16.4089571,48.1689313],[16.4088967,48.1688664],[16.4088247,48.1688962]]]},"properties":{"voltage":"","name":""}},{"type":"Feature","geometry":{"type":"Polygon","coordinates":[[[16.3651578,48.3067901],[16.3652494,48.3067547],[16.3652774,48.3067867],[16.3651858,48.3068221],[16.3651578,48.3067901]]]},"properties":{"voltage":"20000","name":""}},{"type":"Feature","geometry":{"type":"Polygon","coordinates":[[[16.4706207,48.2315615],[16.4705862,48.2315184],[16.4706187,48.2315068],[16.4706532,48.23155],[16.4706207,48.2315615]]]},"properties":{"voltage":"","name":""}},{"type":"Feature","geometry":{"type":"Polygon","coordinates":[[[16.4790852,48.2787528],[16.4790087,48.2787684],[16.4790261,48.2788061],[16.4791025,48.2787905],[16.4790852,48.2787528]]]},"properties":{"voltage":"","name":""}},{"type":"Feature","geometry":{"type":"Polygon","coordinates":[[[16.4719078,48.234337],[16.4719137,48.2342849],[16.4720655,48.2342924],[16.4720597,48.2343445],[16.4719078,48.234337]]]},"properties":{"voltage":"","name":""}},{"type":"Feature","geometry":{"type":"Polygon","coordinates":[[[16.4653688,48.233081],[16.4654278,48.2330737],[16.4654424,48.2331267],[16.4653827,48.2331327],[16.4653688,48.233081]]]},"properties":{"voltage":"","name":""}},{"type":"Feature","geometry":{"type":"Polygon","coordinates":[[[16.3314592,48.1246955],[16.3314703,48.1247332],[16.3315339,48.1247249],[16.3315229,48.1246872],[16.3314592,48.1246955]]]},"properties":{"voltage":"20000;400","name":""}},{"type":"Feature","geometry":{"type":"Polygon","coordinates":[[[16.5845127,48.0739634],[16.5845297,48.0739528],[16.5845468,48.0739423],[16.5845193,48.0739223],[16.584485,48.0739433],[16.5845127,48.0739634]]]},"properties":{"voltage":"20000","name":""}},{"type":"Feature","geometry":{"type":"Polygon","coordinates":[[[16.3651344,48.1718329],[16.3651496,48.1718746],[16.3652232,48.1718627],[16.3652079,48.171821],[16.3651344,48.1718329]]]},"properties":{"voltage":"","name":""}},{"type":"Feature","geometry":{"type":"Polygon","coordinates":[[[16.5918721,48.0777192],[16.5919202,48.0777512],[16.5919659,48.0777205],[16.5919178,48.0776885],[16.5918721,48.0777192]]]},"properties":{"voltage":"","name":""}},{"type":"Feature","geometry":{"type":"Polygon","coordinates":[[[16.4578228,48.2561062],[16.457771,48.2560348],[16.4577036,48.2560569],[16.4577556,48.256127],[16.4578228,48.2561062]]]},"properties":{"voltage":"","name":""}},{"type":"Feature","geometry":{"type":"Polygon","coordinates":[[[16.4549762,48.2570087],[16.4549619,48.2570132],[16.4548863,48.2570368],[16.4549404,48.2571136],[16.4550131,48.2570908],[16.4550302,48.2570855],[16.4549762,48.2570087]]]},"properties":{"voltage":"","name":""}},{"type":"Feature","geometry":{"type":"Polygon","coordinates":[[[16.457297,48.2589089],[16.4573634,48.2588884],[16.4573108,48.2588128],[16.4572443,48.2588333],[16.457297,48.2589089]]]},"properties":{"voltage":"","name":""}},{"type":"Feature","geometry":{"type":"Polygon","coordinates":[[[16.4537604,48.2600485],[16.4538731,48.2600133],[16.4538422,48.2599695],[16.4537289,48.2600039],[16.4537604,48.2600485]]]},"properties":{"voltage":"","name":""}},{"type":"Feature","geometry":{"type":"Polygon","coordinates":[[[16.4509713,48.2559935],[16.451046,48.2559694],[16.4510259,48.2559415],[16.4509518,48.2559656],[16.4509713,48.2559935]]]},"properties":{"voltage":"","name":""}},{"type":"Feature","geometry":{"type":"Polygon","coordinates":[[[17.0744752,48.1683023],[17.0745141,48.1682889],[17.0744973,48.1682673],[17.0744585,48.1682807],[17.0744752,48.1683023]]]},"properties":{"voltage":"","name":"Ts-1845"}},{"type":"Feature","geometry":{"type":"Polygon","coordinates":[[[16.4593464,48.335643],[16.4593717,48.3356983],[16.4595404,48.3356642],[16.459515,48.3356088],[16.4593464,48.335643]]]},"properties":{"voltage":"20000","name":""}},{"type":"Feature","geometry":{"type":"Polygon","coordinates":[[[16.4283679,48.2187694],[16.4283022,48.2187223],[16.4283494,48.2186931],[16.4284151,48.2187403],[16.4283679,48.2187694]]]},"properties":{"voltage":"","name":""}},{"type":"Feature","geometry":{"type":"Polygon","coordinates":[[[16.2995964,48.1136438],[16.2996031,48.1135847],[16.2995451,48.1135818],[16.2995384,48.1136409],[16.2995964,48.1136438]]]},"properties":{"voltage":"20000;400","name":""}},{"type":"Feature","geometry":{"type":"Polygon","coordinates":[[[16.457356,48.0717971],[16.4574117,48.0717805],[16.4573836,48.0717384],[16.457328,48.071755],[16.457356,48.0717971]]]},"properties":{"voltage":"20000;400","name":""}},{"type":"Feature","geometry":{"type":"Polygon","coordinates":[[[16.4053271,48.1118919],[16.4052808,48.1119202],[16.4053232,48.1119512],[16.4053695,48.1119229],[16.4053271,48.1118919]]]},"properties":{"voltage":"20000","name":""}},{"type":"Feature","geometry":{"type":"Polygon","coordinates":[[[16.3805857,48.08222],[16.3805793,48.0822459],[16.3806442,48.082253],[16.3806505,48.0822271],[16.3805857,48.08222]]]},"properties":{"voltage":"20000;400","name":""}},{"type":"Feature","geometry":{"type":"Polygon","coordinates":[[[17.3542429,48.0517692],[17.3542971,48.0517434],[17.3542758,48.0517228],[17.3542214,48.0517486],[17.3542429,48.0517692]]]},"properties":{"voltage":"22000","name":""}},{"type":"Feature","geometry":{"type":"Polygon","coordinates":[[[16.3729328,48.3948581],[16.3729581,48.3948626],[16.3729682,48.3948379],[16.3729429,48.3948333],[16.3729328,48.3948581]]]},"properties":{"voltage":"","name":"TST R\u00fcckersdorf Am Donaugraben"}},{"type":"Feature","geometry":{"type":"Polygon","coordinates":[[[16.4517246,48.0455532],[16.4516855,48.0455538],[16.4516871,48.0456007],[16.4517262,48.0456001],[16.4517246,48.0455532]]]},"properties":{"voltage":"","name":""}},{"type":"Feature","geometry":{"type":"Polygon","coordinates":[[[16.4155832,48.1850717],[16.4155215,48.1850887],[16.4155428,48.1851231],[16.4156045,48.1851061],[16.4155832,48.1850717]]]},"properties":{"voltage":"","name":""}},{"type":"Feature","geometry":{"type":"Polygon","coordinates":[[[17.1465748,48.20463],[17.1465483,48.2046502],[17.146597,48.2046787],[17.1466236,48.2046586],[17.1465748,48.20463]]]},"properties":{"voltage":"","name":""}},{"type":"Feature","geometry":{"type":"Polygon","coordinates":[[[17.1556161,48.2124272],[17.1556468,48.2124095],[17.1556301,48.2123966],[17.1555994,48.2124143],[17.1556161,48.2124272]]]},"properties":{"voltage":"","name":""}},{"type":"Feature","geometry":{"type":"Polygon","coordinates":[[[16.1678444,48.1559547],[16.1678051,48.1559141],[16.1678398,48.1558992],[16.1678791,48.1559398],[16.1678444,48.1559547]]]},"properties":{"voltage":"20000","name":""}},{"type":"Feature","geometry":{"type":"Polygon","coordinates":[[[16.2559785,48.1202074],[16.2559523,48.1202016],[16.2559658,48.1201743],[16.255992,48.1201801],[16.2559785,48.1202074]]]},"properties":{"voltage":"","name":""}},{"type":"Feature","geometry":{"type":"Polygon","coordinates":[[[16.712123,48.062994],[16.7121737,48.0629617],[16.712205,48.0629836],[16.7121543,48.0630159],[16.712123,48.062994]]]},"properties":{"voltage":"","name":""}},{"type":"Feature","geometry":{"type":"Polygon","coordinates":[[[16.2829969,48.1289447],[16.2830104,48.1288874],[16.2829389,48.12888],[16.2829345,48.1288988],[16.2829255,48.1289373],[16.2829969,48.1289447]]]},"properties":{"voltage":"","name":""}},{"type":"Feature","geometry":{"type":"Polygon","coordinates":[[[16.4672578,48.2053878],[16.4673046,48.20537],[16.4672722,48.2053321],[16.4672254,48.20535],[16.4672578,48.2053878]]]},"properties":{"voltage":"","name":""}},{"type":"Feature","geometry":{"type":"Polygon","coordinates":[[[16.2927823,48.1082792],[16.2927186,48.1082774],[16.2927165,48.1083106],[16.2927802,48.1083124],[16.2927823,48.1082792]]]},"properties":{"voltage":"20000;400","name":""}},{"type":"Feature","geometry":{"type":"Polygon","coordinates":[[[19.7991815,48.0932983],[19.7986432,48.0929758],[19.798832,48.0928204],[19.7993996,48.0931282],[19.7991815,48.0932983]]]},"properties":{"voltage":"","name":""}},{"type":"Feature","geometry":{"type":"Polygon","coordinates":[[[16.2885263,48.0320852],[16.2884412,48.0321232],[16.2885082,48.0321904],[16.2885933,48.0321525],[16.2885263,48.0320852]]]},"properties":{"voltage":"20000;400","name":""}},{"type":"Feature","geometry":{"type":"Polygon","coordinates":[[[16.3669978,48.1408801],[16.366936,48.1408984],[16.3668947,48.1408364],[16.3669566,48.1408181],[16.3669978,48.1408801]]]},"properties":{"voltage":"","name":""}},{"type":"Feature","geometry":{"type":"Polygon","coordinates":[[[16.3279416,48.1402209],[16.3277956,48.1402705],[16.3278234,48.140307],[16.3279695,48.1402575],[16.3279416,48.1402209]]]},"properties":{"voltage":"","name":""}},{"type":"Feature","geometry":{"type":"Polygon","coordinates":[[[16.3053022,48.0840246],[16.3052908,48.0839748],[16.3052245,48.0839816],[16.3052359,48.0840313],[16.3053022,48.0840246]]]},"properties":{"voltage":"","name":""}},{"type":"Feature","geometry":{"type":"Polygon","coordinates":[[[16.3030995,48.0767762],[16.303036,48.0767818],[16.3030438,48.0768216],[16.3031073,48.076816],[16.3030995,48.0767762]]]},"properties":{"voltage":"","name":""}},{"type":"Feature","geometry":{"type":"Polygon","coordinates":[[[16.3154811,48.0723889],[16.3154744,48.0723275],[16.3154135,48.0723305],[16.3154202,48.0723919],[16.3154811,48.0723889]]]},"properties":{"voltage":"20000;400","name":""}},{"type":"Feature","geometry":{"type":"Polygon","coordinates":[[[16.3157708,48.0785919],[16.3157116,48.0785991],[16.3157279,48.0786587],[16.3157871,48.0786514],[16.3157708,48.0785919]]]},"properties":{"voltage":"20000;400","name":""}},{"type":"Feature","geometry":{"type":"Polygon","coordinates":[[[16.3269802,48.0709439],[16.3269144,48.0708199],[16.3268435,48.0708368],[16.3269096,48.0709616],[16.3269802,48.0709439]]]},"properties":{"voltage":"20000;400","name":""}},{"type":"Feature","geometry":{"type":"Polygon","coordinates":[[[16.7458992,48.536245],[16.7459389,48.5362414],[16.7459276,48.5361873],[16.7458879,48.5361909],[16.7458992,48.536245]]]},"properties":{"voltage":"","name":""}},{"type":"Feature","geometry":{"type":"Polygon","coordinates":[[[16.2798996,48.1095468],[16.2799357,48.1095801],[16.279984,48.1095568],[16.2799479,48.1095235],[16.2798996,48.1095468]]]},"properties":{"voltage":"","name":""}},{"type":"Feature","geometry":{"type":"Polygon","coordinates":[[[16.279074,48.1086455],[16.279124,48.1086817],[16.2791657,48.1087119],[16.2792146,48.1086818],[16.279123,48.1086154],[16.279074,48.1086455]]]},"properties":{"voltage":"","name":""}},{"type":"Feature","geometry":{"type":"Polygon","coordinates":[[[16.2724801,48.1333933],[16.2725776,48.1333771],[16.2725613,48.1333333],[16.2724638,48.1333495],[16.2724801,48.1333933]]]},"properties":{"voltage":"","name":""}},{"type":"Feature","geometry":{"type":"Polygon","coordinates":[[[16.3217057,48.2151124],[16.3217049,48.2151205],[16.3216224,48.2151113],[16.3216213,48.2151149],[16.3211969,48.2150733],[16.3212035,48.214992],[16.3215051,48.2150223],[16.3215109,48.2149909],[16.3217154,48.2150095],[16.3217057,48.2151124]]]},"properties":{"voltage":"110000","name":"Umspannwerk Ottakring"}},{"type":"Feature","geometry":{"type":"Polygon","coordinates":[[[16.2943512,48.4697491],[16.294364,48.4697318],[16.2943255,48.4697192],[16.2943127,48.4697365],[16.2943512,48.4697491]]]},"properties":{"voltage":"","name":""}},{"type":"Feature","geometry":{"type":"Polygon","coordinates":[[[17.133923,48.1957998],[17.1339056,48.195774],[17.1338758,48.195783],[17.1338932,48.1958087],[17.133923,48.1957998]]]},"properties":{"voltage":"","name":"TS-1356"}},{"type":"Feature","geometry":{"type":"Polygon","coordinates":[[[17.3271044,48.3703102],[17.3270828,48.3702908],[17.327048,48.3703077],[17.3270698,48.3703272],[17.3271044,48.3703102]]]},"properties":{"voltage":"400","name":""}},{"type":"Feature","geometry":{"type":"Polygon","coordinates":[[[16.3619575,48.2443736],[16.3619951,48.2443732],[16.3620727,48.2443809],[16.3621853,48.2443919],[16.3622586,48.2443997],[16.3623484,48.2444097],[16.3624652,48.2444072],[16.3627124,48.2443987],[16.3627399,48.2443973],[16.3627478,48.2443969],[16.3629065,48.244393],[16.3631101,48.244383],[16.3631084,48.2443434],[16.3630919,48.2442971],[16.3630962,48.2440722],[16.3627799,48.2439101],[16.3625217,48.2438271],[16.3621945,48.2437503],[16.361996,48.2437141],[16.3619041,48.2437092],[16.3619079,48.2437666],[16.3619096,48.2437919],[16.3619285,48.2440085],[16.3618807,48.2440078],[16.361881,48.2440133],[16.3618834,48.2440653],[16.3618838,48.2440744],[16.3619333,48.244073],[16.3619515,48.2442986],[16.3619575,48.2443736]]]},"properties":{"voltage":"110000","name":"Umspannwerk Heiligenstadt"}},{"type":"Feature","geometry":{"type":"Polygon","coordinates":[[[17.2750573,48.0968707],[17.2750454,48.0968597],[17.275007,48.0968797],[17.2750189,48.0968907],[17.2750573,48.0968707]]]},"properties":{"voltage":"","name":""}},{"type":"Feature","geometry":{"type":"Polygon","coordinates":[[[17.299279,48.1089112],[17.2992876,48.1088937],[17.2992484,48.1088854],[17.2992407,48.108903],[17.299279,48.1089112]]]},"properties":{"voltage":"","name":""}},{"type":"Feature","geometry":{"type":"Polygon","coordinates":[[[17.3046541,48.1099446],[17.3046592,48.1099325],[17.3046208,48.1099244],[17.3046155,48.1099376],[17.3046541,48.1099446]]]},"properties":{"voltage":"22000;420","name":""}},{"type":"Feature","geometry":{"type":"Polygon","coordinates":[[[16.4104547,48.1662642],[16.4105199,48.1662652],[16.4105221,48.1661984],[16.4104569,48.1661975],[16.4104547,48.1662642]]]},"properties":{"voltage":"","name":""}},{"type":"Feature","geometry":{"type":"Polygon","coordinates":[[[16.4475536,48.2518512],[16.4476162,48.2518308],[16.4475958,48.2518032],[16.4475333,48.2518236],[16.4475536,48.2518512]]]},"properties":{"voltage":"","name":""}},{"type":"Feature","geometry":{"type":"Polygon","coordinates":[[[16.4586723,48.2624806],[16.458732,48.2624619],[16.4587071,48.2624268],[16.4586475,48.2624456],[16.4586723,48.2624806]]]},"properties":{"voltage":"","name":""}},{"type":"Feature","geometry":{"type":"Polygon","coordinates":[[[16.3871072,48.2646856],[16.3870624,48.2647722],[16.387198,48.2648033],[16.3872429,48.2647167],[16.3871072,48.2646856]]]},"properties":{"voltage":"","name":""}},{"type":"Feature","geometry":{"type":"Polygon","coordinates":[[[16.4609095,48.2064736],[16.4609609,48.2064531],[16.4609264,48.2064148],[16.4608751,48.2064353],[16.4609095,48.2064736]]]},"properties":{"voltage":"","name":""}},{"type":"Feature","geometry":{"type":"Polygon","coordinates":[[[16.2774528,48.2522227],[16.2774404,48.2522344],[16.2774674,48.2522471],[16.2774798,48.2522354],[16.2774528,48.2522227]]]},"properties":{"voltage":"","name":""}},{"type":"Feature","geometry":{"type":"Polygon","coordinates":[[[16.4533637,48.225256],[16.4534189,48.2252197],[16.4533882,48.225199],[16.4533331,48.2252354],[16.4533637,48.225256]]]},"properties":{"voltage":"","name":""}},{"type":"Feature","geometry":{"type":"Polygon","coordinates":[[[16.438732,48.1324486],[16.4387333,48.1323927],[16.4386919,48.1323922],[16.4386905,48.1324482],[16.438732,48.1324486]]]},"properties":{"voltage":"","name":""}},{"type":"Feature","geometry":{"type":"Polygon","coordinates":[[[16.4380878,48.2362519],[16.4380281,48.2362606],[16.4380565,48.2363472],[16.4381163,48.2363385],[16.4380878,48.2362519]]]},"properties":{"voltage":"","name":"Unterwerk Arminenstra\u00dfe"}},{"type":"Feature","geometry":{"type":"Polygon","coordinates":[[[16.3065362,48.1425103],[16.3066447,48.1424964],[16.3066327,48.1424546],[16.3065242,48.1424684],[16.3065362,48.1425103]]]},"properties":{"voltage":"","name":""}},{"type":"Feature","geometry":{"type":"Polygon","coordinates":[[[16.8430451,48.3054306],[16.8431254,48.30543],[16.843169,48.3054296],[16.8432021,48.3054293],[16.8432016,48.305376],[16.8431426,48.3053765],[16.8431105,48.3053768],[16.8430446,48.3053773],[16.8430451,48.3054306]]]},"properties":{"voltage":"20000","name":""}},{"type":"Feature","geometry":{"type":"Polygon","coordinates":[[[16.4589489,48.1413107],[16.4590071,48.1413191],[16.4590183,48.1412848],[16.4589601,48.1412763],[16.4589489,48.1413107]]]},"properties":{"voltage":"","name":""}},{"type":"Feature","geometry":{"type":"Polygon","coordinates":[[[16.5909684,48.4582128],[16.5910224,48.4582486],[16.5910729,48.4582151],[16.5910189,48.4581793],[16.5909684,48.4582128]]]},"properties":{"voltage":"","name":""}},{"type":"Feature","geometry":{"type":"Polygon","coordinates":[[[16.3121198,48.0895898],[16.3121153,48.089521],[16.3121979,48.0895186],[16.3122024,48.0895873],[16.3121198,48.0895898]]]},"properties":{"voltage":"20000;400","name":""}},{"type":"Feature","geometry":{"type":"Polygon","coordinates":[[[16.427708,48.3677411],[16.4276797,48.3677416],[16.4276522,48.3677421],[16.4276537,48.3677788],[16.4277095,48.3677778],[16.427708,48.3677411]]]},"properties":{"voltage":"","name":""}},{"type":"Feature","geometry":{"type":"Polygon","coordinates":[[[16.7345722,48.052915],[16.7345982,48.052932],[16.7346252,48.0529136],[16.7345991,48.0528966],[16.7345722,48.052915]]]},"properties":{"voltage":"","name":""}},{"type":"Feature","geometry":{"type":"Polygon","coordinates":[[[16.32724,48.2101542],[16.3273302,48.2101397],[16.3273159,48.2101002],[16.3273081,48.2100784],[16.3272179,48.2100928],[16.32724,48.2101542]]]},"properties":{"voltage":"","name":""}},{"type":"Feature","geometry":{"type":"Polygon","coordinates":[[[17.5198693,48.2489682],[17.5199251,48.2489522],[17.5198967,48.2489082],[17.5198409,48.2489241],[17.5198693,48.2489682]]]},"properties":{"voltage":"","name":""}},{"type":"Feature","geometry":{"type":"Polygon","coordinates":[[[16.3493596,48.3796091],[16.3493643,48.3795812],[16.3493918,48.3795832],[16.3493871,48.3796112],[16.3493596,48.3796091]]]},"properties":{"voltage":"","name":""}},{"type":"Feature","geometry":{"type":"Polygon","coordinates":[[[20.668791,48.5824558],[20.6698286,48.5828042],[20.6701093,48.5824384],[20.6690717,48.58209],[20.668791,48.5824558]]]},"properties":{"voltage":"","name":""}},{"type":"Feature","geometry":{"type":"Polygon","coordinates":[[[16.3259345,48.3104924],[16.3259751,48.3104553],[16.3259415,48.310439],[16.3259009,48.3104762],[16.3259345,48.3104924]]]},"properties":{"voltage":"","name":""}},{"type":"Feature","geometry":{"type":"Polygon","coordinates":[[[16.3917179,48.106661],[16.3916663,48.1066778],[16.3916934,48.106715],[16.391745,48.1066982],[16.3917179,48.106661]]]},"properties":{"voltage":"20000;400","name":""}},{"type":"Feature","geometry":{"type":"Polygon","coordinates":[[[16.4282164,48.2202302],[16.4282607,48.220198],[16.4283054,48.2202253],[16.4282611,48.2202575],[16.4282164,48.2202302]]]},"properties":{"voltage":"","name":""}},{"type":"Feature","geometry":{"type":"Polygon","coordinates":[[[16.2616835,48.1727679],[16.2617228,48.1727444],[16.2616815,48.1727136],[16.2616422,48.1727371],[16.2616835,48.1727679]]]},"properties":{"voltage":"","name":""}},{"type":"Feature","geometry":{"type":"Polygon","coordinates":[[[16.489119,48.213911],[16.4891795,48.2138971],[16.4891596,48.2138588],[16.489099,48.2138727],[16.489119,48.213911]]]},"properties":{"voltage":"","name":""}},{"type":"Feature","geometry":{"type":"Polygon","coordinates":[[[16.3084866,48.1091004],[16.30849,48.1091631],[16.3085724,48.1091611],[16.3085691,48.1090984],[16.3084866,48.1091004]]]},"properties":{"voltage":"20000;400","name":""}},{"type":"Feature","geometry":{"type":"Polygon","coordinates":[[[17.1376286,48.1914157],[17.1375974,48.1914311],[17.1375182,48.1913599],[17.1375494,48.1913445],[17.1376286,48.1914157]]]},"properties":{"voltage":"","name":""}},{"type":"Feature","geometry":{"type":"Polygon","coordinates":[[[16.1124256,48.1304537],[16.1124247,48.1304075],[16.1123506,48.1304082],[16.1123515,48.1304544],[16.1124256,48.1304537]]]},"properties":{"voltage":"20000","name":""}},{"type":"Feature","geometry":{"type":"Polygon","coordinates":[[[16.1634331,48.2467135],[16.1634835,48.2467275],[16.1634934,48.2467306],[16.1635055,48.2467098],[16.1634459,48.2466932],[16.1634331,48.2467135]]]},"properties":{"voltage":"20000","name":""}},{"type":"Feature","geometry":{"type":"Polygon","coordinates":[[[16.4935928,48.2510912],[16.4936598,48.2510908],[16.4936594,48.2510535],[16.4935924,48.2510538],[16.4935928,48.2510912]]]},"properties":{"voltage":"","name":""}},{"type":"Feature","geometry":{"type":"Polygon","coordinates":[[[16.4356065,48.3509654],[16.4356539,48.3509275],[16.4356854,48.3509449],[16.435638,48.3509828],[16.4356065,48.3509654]]]},"properties":{"voltage":"","name":""}},{"type":"Feature","geometry":{"type":"Polygon","coordinates":[[[16.3387566,48.187036],[16.338804,48.1870507],[16.3391306,48.1871529],[16.3391891,48.1871703],[16.3392913,48.1872023],[16.3393319,48.1872156],[16.339346,48.1871882],[16.339392,48.1871021],[16.3393999,48.1870874],[16.3394134,48.1870651],[16.339546,48.1868154],[16.3397784,48.1863751],[16.3392049,48.1862029],[16.3389847,48.18661],[16.3388951,48.1867756],[16.3387566,48.187036]]]},"properties":{"voltage":"110000","name":"Umspannwerk Gaudenzdorf"}},{"type":"Feature","geometry":{"type":"Polygon","coordinates":[[[16.3960694,48.179462],[16.396164,48.1795102],[16.3962076,48.1794722],[16.396113,48.179424],[16.3960694,48.179462]]]},"properties":{"voltage":"","name":""}},{"type":"Feature","geometry":{"type":"Polygon","coordinates":[[[16.3955538,48.1804541],[16.3956349,48.1803855],[16.3956822,48.1804104],[16.3956011,48.180479],[16.3955538,48.1804541]]]},"properties":{"voltage":"","name":""}},{"type":"Feature","geometry":{"type":"Polygon","coordinates":[[[16.2716416,48.1951669],[16.27157,48.1950446],[16.2723938,48.1948484],[16.2724469,48.1949406],[16.2721399,48.1950184],[16.2720206,48.1950486],[16.2720547,48.1951013],[16.2720608,48.1950999],[16.272201,48.195313],[16.2722489,48.1953893],[16.270655,48.1958248],[16.2705568,48.1956382],[16.2706803,48.1955816],[16.2709262,48.1955012],[16.2710595,48.195468],[16.2710338,48.1954244],[16.2710412,48.1954228],[16.2710044,48.195354],[16.2713959,48.1952587],[16.2713804,48.1952302],[16.2716416,48.1951669]]]},"properties":{"voltage":"55000;15000","name":"Unterwerk Wien H\u00fctteldorf"}},{"type":"Feature","geometry":{"type":"Polygon","coordinates":[[[16.4304149,48.3611847],[16.4304125,48.3611344],[16.4304587,48.3611334],[16.4304611,48.3611838],[16.4304149,48.3611847]]]},"properties":{"voltage":"","name":""}},{"type":"Feature","geometry":{"type":"Polygon","coordinates":[[[16.3881434,48.1756102],[16.3880706,48.1756258],[16.3880851,48.1756555],[16.388158,48.1756415],[16.3881434,48.1756102]]]},"properties":{"voltage":"","name":""}},{"type":"Feature","geometry":{"type":"Polygon","coordinates":[[[16.5121927,48.1474363],[16.5121487,48.147385],[16.5121928,48.1473681],[16.5122365,48.14742],[16.5121927,48.1474363]]]},"properties":{"voltage":"","name":""}},{"type":"Feature","geometry":{"type":"Polygon","coordinates":[[[16.3487489,48.0880832],[16.3487423,48.0880427],[16.3488062,48.088038],[16.3488129,48.0880785],[16.3487489,48.0880832]]]},"properties":{"voltage":"20000;400","name":""}},{"type":"Feature","geometry":{"type":"Polygon","coordinates":[[[16.1237194,48.1854545],[16.1236332,48.1854122],[16.123599,48.1854433],[16.1236851,48.1854855],[16.1237194,48.1854545]]]},"properties":{"voltage":"20000","name":""}},{"type":"Feature","geometry":{"type":"Polygon","coordinates":[[[16.3134742,48.0769927],[16.3134888,48.0770181],[16.3135532,48.0770015],[16.3135386,48.0769762],[16.3134742,48.0769927]]]},"properties":{"voltage":"20000;400","name":""}},{"type":"Feature","geometry":{"type":"Polygon","coordinates":[[[16.3654486,48.3336227],[16.3654738,48.3336722],[16.3655414,48.3336569],[16.3655162,48.3336075],[16.3654486,48.3336227]]]},"properties":{"voltage":"","name":""}},{"type":"Feature","geometry":{"type":"Polygon","coordinates":[[[16.3302245,48.0825271],[16.3302203,48.082498],[16.3302629,48.0824952],[16.3302671,48.0825244],[16.3302245,48.0825271]]]},"properties":{"voltage":"","name":""}},{"type":"Feature","geometry":{"type":"Polygon","coordinates":[[[19.7985509,48.0930025],[19.7988029,48.0927453],[19.7995025,48.0931244],[19.7998645,48.09332],[19.8001045,48.0934618],[19.80003,48.0936222],[19.7999366,48.0936986],[19.7999023,48.0936792],[19.7998595,48.0936549],[19.7997932,48.0936741],[19.7991509,48.0933269],[19.7985509,48.0930025]]]},"properties":{"voltage":"132000;22000;11000","name":"Salg\u00f3tarj\u00e1n \u00c9M\u00c1SZ al\u00e1llom\u00e1s"}},{"type":"Feature","geometry":{"type":"Polygon","coordinates":[[[16.2597301,48.0986448],[16.2597351,48.0986285],[16.25974,48.0986123],[16.2596879,48.098605],[16.2596779,48.0986377],[16.2597301,48.0986448]]]},"properties":{"voltage":"20000","name":""}},{"type":"Feature","geometry":{"type":"Polygon","coordinates":[[[16.4530349,48.0137746],[16.4530406,48.0138026],[16.4530609,48.0138007],[16.4530799,48.0137989],[16.4530742,48.013771],[16.4530349,48.0137746]]]},"properties":{"voltage":"20000;400","name":""}},{"type":"Feature","geometry":{"type":"Polygon","coordinates":[[[16.3293274,48.1731464],[16.3292992,48.1731771],[16.3294085,48.1732218],[16.3294367,48.1731911],[16.3293274,48.1731464]]]},"properties":{"voltage":"","name":"Unterwerk Philadelphiabr\u00fccke"}},{"type":"Feature","geometry":{"type":"Polygon","coordinates":[[[16.3278901,48.2277914],[16.3279322,48.2277631],[16.3278832,48.2277307],[16.327841,48.2277591],[16.3278901,48.2277914]]]},"properties":{"voltage":"","name":""}},{"type":"Feature","geometry":{"type":"Polygon","coordinates":[[[16.3342056,48.0611818],[16.3342545,48.0611472],[16.334171,48.0610945],[16.3341221,48.0611291],[16.3342056,48.0611818]]]},"properties":{"voltage":"20000;400","name":"IZ Trafo 1"}},{"type":"Feature","geometry":{"type":"Polygon","coordinates":[[[16.3336564,48.0616681],[16.3336806,48.0617054],[16.3337749,48.0616782],[16.3337509,48.0616408],[16.3336564,48.0616681]]]},"properties":{"voltage":"20000;400","name":""}},{"type":"Feature","geometry":{"type":"Polygon","coordinates":[[[16.3258734,48.0736999],[16.3258291,48.0736229],[16.3257872,48.0736336],[16.3258314,48.0737107],[16.3258734,48.0736999]]]},"properties":{"voltage":"20000;400","name":""}},{"type":"Feature","geometry":{"type":"Polygon","coordinates":[[[16.3256316,48.0740154],[16.3256498,48.0740478],[16.3257071,48.0740335],[16.325689,48.074001],[16.3256316,48.0740154]]]},"properties":{"voltage":"20000;400","name":""}},{"type":"Feature","geometry":{"type":"Polygon","coordinates":[[[16.3230745,48.0743989],[16.3231247,48.0743868],[16.3230925,48.0743272],[16.3230423,48.0743393],[16.3230745,48.0743989]]]},"properties":{"voltage":"20000;400","name":""}},{"type":"Feature","geometry":{"type":"Polygon","coordinates":[[[16.3078965,48.0437053],[16.3078161,48.0437425],[16.3078479,48.0437733],[16.3079284,48.0437361],[16.3078965,48.0437053]]]},"properties":{"voltage":"20000;400","name":""}},{"type":"Feature","geometry":{"type":"Polygon","coordinates":[[[16.3819777,48.312443],[16.3819761,48.3124031],[16.3820763,48.3124012],[16.382078,48.3124412],[16.3819777,48.312443]]]},"properties":{"voltage":"20000","name":""}},{"type":"Feature","geometry":{"type":"Polygon","coordinates":[[[16.3926034,48.1569358],[16.3926541,48.1569483],[16.3926782,48.1569044],[16.3926275,48.156892],[16.3926034,48.1569358]]]},"properties":{"voltage":"","name":""}},{"type":"Feature","geometry":{"type":"Polygon","coordinates":[[[16.2207878,48.0096454],[16.2207475,48.0096375],[16.2207374,48.0096606],[16.2207777,48.0096685],[16.2207878,48.0096454]]]},"properties":{"voltage":"20000","name":""}},{"type":"Feature","geometry":{"type":"Polygon","coordinates":[[[16.28412,48.192769],[16.2841932,48.1927447],[16.2841657,48.1927079],[16.2840925,48.1927322],[16.28412,48.192769]]]},"properties":{"voltage":"","name":""}},{"type":"Feature","geometry":{"type":"Polygon","coordinates":[[[17.0361673,48.0490073],[17.0361396,48.048987],[17.0361935,48.0489542],[17.0362211,48.0489745],[17.0361673,48.0490073]]]},"properties":{"voltage":"","name":""}},{"type":"Feature","geometry":{"type":"Polygon","coordinates":[[[16.4671592,48.2945743],[16.4671668,48.2946109],[16.467231,48.2946049],[16.4672233,48.2945684],[16.4671592,48.2945743]]]},"properties":{"voltage":"","name":""}},{"type":"Feature","geometry":{"type":"Polygon","coordinates":[[[16.4242599,48.1543222],[16.4244725,48.154439],[16.4247214,48.1545664],[16.4248092,48.1545346],[16.4249236,48.1544965],[16.4250552,48.1544723],[16.4251315,48.1544596],[16.425223,48.1544596],[16.424773,48.1538126],[16.4246503,48.153638],[16.424656,48.1537148],[16.4246128,48.1538563],[16.424559,48.1539646],[16.4244976,48.1540639],[16.4244198,48.154169],[16.4243535,48.1542439],[16.4242599,48.1543222]]]},"properties":{"voltage":"380000","name":"Kabel\u00fcberf\u00fchrungsstation Schemmerlstra\u00dfe"}},{"type":"Feature","geometry":{"type":"Polygon","coordinates":[[[17.2942293,48.1018917],[17.2942302,48.1018747],[17.2941905,48.1018737],[17.2941896,48.1018908],[17.2942293,48.1018917]]]},"properties":{"voltage":"","name":""}},{"type":"Feature","geometry":{"type":"Polygon","coordinates":[[[17.3043104,48.1050758],[17.3043,48.1050491],[17.3042799,48.1050535],[17.3042905,48.105079],[17.3043104,48.1050758]]]},"properties":{"voltage":"22000;420","name":""}},{"type":"Feature","geometry":{"type":"Polygon","coordinates":[[[16.2280746,48.2143784],[16.2280081,48.2143776],[16.2280072,48.2144132],[16.2280737,48.214414],[16.2280746,48.2143784]]]},"properties":{"voltage":"","name":""}},{"type":"Feature","geometry":{"type":"Polygon","coordinates":[[[16.2173826,48.0048306],[16.2173095,48.0048472],[16.2173484,48.004927],[16.2174197,48.0049074],[16.2173826,48.0048306]]]},"properties":{"voltage":"20000","name":""}},{"type":"Feature","geometry":{"type":"Polygon","coordinates":[[[16.6491714,48.1900597],[16.6491861,48.1900529],[16.6492043,48.1900445],[16.6491799,48.1900211],[16.649147,48.1900363],[16.6491714,48.1900597]]]},"properties":{"voltage":"","name":""}},{"type":"Feature","geometry":{"type":"Polygon","coordinates":[[[17.9249772,48.1898077],[17.9237401,48.189084],[17.9249132,48.1882392],[17.9261287,48.1889905],[17.9260617,48.1890284],[17.9259984,48.1890787],[17.9249772,48.1898077]]]},"properties":{"voltage":"220000","name":"\u0160a\u013ea"}},{"type":"Feature","geometry":{"type":"Polygon","coordinates":[[[16.7620473,48.3862365],[16.7620332,48.3862564],[16.7628129,48.3865003],[16.7630491,48.3861672],[16.7622694,48.3859234],[16.7622274,48.3859825],[16.7620863,48.3861815],[16.7620473,48.3862365]]]},"properties":{"voltage":"110000","name":"Umspannwerk Prottes"}},{"type":"Feature","geometry":{"type":"Polygon","coordinates":[[[16.235332,48.2015018],[16.2353483,48.2015376],[16.2354126,48.2015247],[16.2353964,48.2014888],[16.235332,48.2015018]]]},"properties":{"voltage":"","name":""}},{"type":"Feature","geometry":{"type":"Polygon","coordinates":[[[16.3134819,48.1061193],[16.3134819,48.1062095],[16.3135372,48.1062095],[16.3135372,48.1061193],[16.3134819,48.1061193]]]},"properties":{"voltage":"20000;400","name":""}},{"type":"Feature","geometry":{"type":"Polygon","coordinates":[[[16.6056579,48.00475],[16.6054514,48.0048417],[16.6055021,48.0048928],[16.6057086,48.0048012],[16.6056579,48.00475]]]},"properties":{"voltage":"20000","name":""}},{"type":"Feature","geometry":{"type":"Polygon","coordinates":[[[16.2929467,48.195783],[16.292908,48.195781],[16.2929036,48.1958116],[16.2929429,48.1958137],[16.2929467,48.195783]]]},"properties":{"voltage":"","name":""}},{"type":"Feature","geometry":{"type":"Polygon","coordinates":[[[16.3806159,48.2837001],[16.3806667,48.2837193],[16.3806984,48.2836821],[16.3806476,48.2836629],[16.3806159,48.2837001]]]},"properties":{"voltage":"","name":""}},{"type":"Feature","geometry":{"type":"Polygon","coordinates":[[[17.2630287,48.0902589],[17.2630025,48.0902368],[17.2629734,48.0902518],[17.263001,48.0902751],[17.2630287,48.0902589]]]},"properties":{"voltage":"","name":""}},{"type":"Feature","geometry":{"type":"Polygon","coordinates":[[[22.2125598,48.4592306],[22.2128222,48.4596104],[22.2134163,48.4594298],[22.2131539,48.4590501],[22.2125598,48.4592306]]]},"properties":{"voltage":"110000","name":""}},{"type":"Feature","geometry":{"type":"Polygon","coordinates":[[[16.3752354,48.2837588],[16.375212,48.2837948],[16.375021,48.2837473],[16.3750067,48.2837252],[16.3750211,48.2837039],[16.3752354,48.2837588]]]},"properties":{"voltage":"","name":""}},{"type":"Feature","geometry":{"type":"Polygon","coordinates":[[[16.7487351,48.2646721],[16.7490987,48.2645282],[16.7497125,48.2652156],[16.7475025,48.26609],[16.7468888,48.2654027],[16.7487351,48.2646721]]]},"properties":{"voltage":"110000","name":"Umspannwerk Untersiebenbrunn"}},{"type":"Feature","geometry":{"type":"Polygon","coordinates":[[[16.2778893,48.1237854],[16.2778622,48.1238061],[16.2779171,48.1238383],[16.2779443,48.1238176],[16.2778893,48.1237854]]]},"properties":{"voltage":"","name":""}},{"type":"Feature","geometry":{"type":"Polygon","coordinates":[[[21.2268755,48.5553135],[21.2285289,48.5553561],[21.2285523,48.5548196],[21.22828,48.5548146],[21.2268901,48.554775],[21.2268755,48.5553135]]]},"properties":{"voltage":"110000","name":"Elektrick\u00e1 stanica Kechnec"}},{"type":"Feature","geometry":{"type":"Polygon","coordinates":[[[20.7592087,48.4502973],[20.7591064,48.4501186],[20.7592868,48.4500732],[20.759389,48.4502519],[20.7592087,48.4502973]]]},"properties":{"voltage":"","name":""}},{"type":"Feature","geometry":{"type":"Polygon","coordinates":[[[16.4037171,48.2673357],[16.4037852,48.2673161],[16.40377,48.2672928],[16.4037019,48.2673124],[16.4037171,48.2673357]]]},"properties":{"voltage":"","name":""}},{"type":"Feature","geometry":{"type":"Polygon","coordinates":[[[16.2490881,48.426165],[16.2491149,48.426171],[16.2491278,48.4261456],[16.249101,48.4261396],[16.2490881,48.426165]]]},"properties":{"voltage":"","name":""}},{"type":"Feature","geometry":{"type":"Polygon","coordinates":[[[16.5991093,48.4546626],[16.599059,48.4546413],[16.5990391,48.4546619],[16.5990894,48.4546833],[16.5991093,48.4546626]]]},"properties":{"voltage":"","name":""}},{"type":"Feature","geometry":{"type":"Polygon","coordinates":[[[16.2152597,48.3412424],[16.2153075,48.3412359],[16.2152949,48.3411952],[16.2152471,48.3412017],[16.2152597,48.3412424]]]},"properties":{"voltage":"20000;400","name":""}},{"type":"Feature","geometry":{"type":"Polygon","coordinates":[[[17.2161052,48.1180652],[17.216145,48.1180295],[17.2161145,48.1180139],[17.2160745,48.1180496],[17.2161052,48.1180652]]]},"properties":{"voltage":"","name":""}},{"type":"Feature","geometry":{"type":"Polygon","coordinates":[[[18.1623343,48.0103118],[18.1621224,48.0104239],[18.1613902,48.0107957],[18.1622698,48.0115273],[18.1623961,48.0115255],[18.1625558,48.0116777],[18.1633409,48.0112745],[18.1626856,48.010694],[18.1627446,48.010659],[18.1623343,48.0103118]]]},"properties":{"voltage":"","name":"Nov\u00e9 Z\u00e1mky"}},{"type":"Feature","geometry":{"type":"Polygon","coordinates":[[[16.1969013,48.5791017],[16.1969324,48.5791045],[16.1969299,48.5791168],[16.1969277,48.5791272],[16.1968966,48.5791243],[16.1968988,48.5791137],[16.1969013,48.5791017]]]},"properties":{"voltage":"","name":""}},{"type":"Feature","geometry":{"type":"Polygon","coordinates":[[[17.0953272,48.1277099],[17.0953474,48.1276875],[17.0953135,48.1276739],[17.0952933,48.1276963],[17.0953272,48.1277099]]]},"properties":{"voltage":"","name":""}},{"type":"Feature","geometry":{"type":"Polygon","coordinates":[[[16.1872205,48.3872784],[16.1872093,48.3872594],[16.1872289,48.3872543],[16.1872401,48.3872733],[16.1872205,48.3872784]]]},"properties":{"voltage":"","name":""}},{"type":"Feature","geometry":{"type":"Polygon","coordinates":[[[16.4577751,48.2536632],[16.4578266,48.2536449],[16.4577857,48.253594],[16.4577343,48.2536123],[16.4577751,48.2536632]]]},"properties":{"voltage":"","name":""}},{"type":"Feature","geometry":{"type":"Polygon","coordinates":[[[16.4040981,48.2828348],[16.4041614,48.2828156],[16.4041447,48.2827882],[16.404079,48.2828105],[16.4040981,48.2828348]]]},"properties":{"voltage":"","name":""}},{"type":"Feature","geometry":{"type":"Polygon","coordinates":[[[16.4584222,48.3403642],[16.4585044,48.3403462],[16.4584796,48.3402961],[16.4583973,48.3403142],[16.4584222,48.3403642]]]},"properties":{"voltage":"","name":""}},{"type":"Feature","geometry":{"type":"Polygon","coordinates":[[[16.553358,48.4521552],[16.5533855,48.4521601],[16.5533976,48.4521303],[16.5533701,48.4521254],[16.553358,48.4521552]]]},"properties":{"voltage":"","name":"TST Kollnbrunn Blumental"}},{"type":"Feature","geometry":{"type":"Polygon","coordinates":[[[17.3310206,48.2981312],[17.3310149,48.2981182],[17.3309756,48.2981258],[17.3309814,48.2981388],[17.3310206,48.2981312]]]},"properties":{"voltage":"","name":"Ts-58-24"}},{"type":"Feature","geometry":{"type":"Polygon","coordinates":[[[22.6486051,48.4836225],[22.6488082,48.4838389],[22.6491488,48.4836984],[22.6489457,48.483482],[22.6486051,48.4836225]]]},"properties":{"voltage":"35000;400","name":"\u0427\u043e\u043f\u0456\u0432\u043a\u0430"}},{"type":"Feature","geometry":{"type":"Polygon","coordinates":[[[22.5383288,48.5219697],[22.5386175,48.5223701],[22.5392183,48.52218],[22.5389296,48.5217796],[22.5383288,48.5219697]]]},"properties":{"voltage":"35000","name":""}},{"type":"Feature","geometry":{"type":"Polygon","coordinates":[[[16.3410513,48.2913244],[16.3409832,48.2913151],[16.3409704,48.2913569],[16.3410385,48.2913661],[16.3410513,48.2913244]]]},"properties":{"voltage":"","name":""}},{"type":"Feature","geometry":{"type":"Polygon","coordinates":[[[16.5765354,48.0655253],[16.5765531,48.0655357],[16.5765686,48.0655449],[16.5765316,48.0655729],[16.5765167,48.0655641],[16.5764984,48.0655533],[16.5765354,48.0655253]]]},"properties":{"voltage":"","name":""}},{"type":"Feature","geometry":{"type":"Polygon","coordinates":[[[16.5469153,48.0511682],[16.5469516,48.0511735],[16.5469601,48.0511473],[16.5469414,48.0511446],[16.5469238,48.051142],[16.5469153,48.0511682]]]},"properties":{"voltage":"","name":""}},{"type":"Feature","geometry":{"type":"Polygon","coordinates":[[[16.1940319,48.1661517],[16.1940497,48.1661333],[16.1940222,48.1661214],[16.1940043,48.1661398],[16.1940319,48.1661517]]]},"properties":{"voltage":"","name":""}},{"type":"Feature","geometry":{"type":"Polygon","coordinates":[[[16.6057483,48.1149315],[16.6057803,48.1149607],[16.6058262,48.1149382],[16.6058104,48.1149238],[16.6057942,48.114909],[16.6057483,48.1149315]]]},"properties":{"voltage":"20000","name":""}},{"type":"Feature","geometry":{"type":"Polygon","coordinates":[[[16.10756,48.3913977],[16.1075579,48.3913764],[16.1076637,48.3913718],[16.1076658,48.3913931],[16.10756,48.3913977]]]},"properties":{"voltage":"","name":""}},{"type":"Feature","geometry":{"type":"Polygon","coordinates":[[[16.1748594,48.4292168],[16.1748135,48.4291188],[16.1748427,48.4291127],[16.1748886,48.4292108],[16.1748594,48.4292168]]]},"properties":{"voltage":"","name":""}},{"type":"Feature","geometry":{"type":"Polygon","coordinates":[[[22.3002261,48.5477145],[22.300257,48.5476635],[22.3003381,48.547685],[22.3003073,48.547736],[22.3002261,48.5477145]]]},"properties":{"voltage":"","name":""}},{"type":"Feature","geometry":{"type":"Polygon","coordinates":[[[16.3590209,48.1121812],[16.3590141,48.1121449],[16.3590637,48.1121408],[16.3590705,48.112177],[16.3590209,48.1121812]]]},"properties":{"voltage":"","name":""}},{"type":"Feature","geometry":{"type":"Polygon","coordinates":[[[19.5206962,48.0911447],[19.5207491,48.091058],[19.5208103,48.0910747],[19.5207822,48.0911208],[19.5207575,48.0911614],[19.5206962,48.0911447]]]},"properties":{"voltage":"22000;400","name":""}},{"type":"Feature","geometry":{"type":"Polygon","coordinates":[[[19.7127732,48.1539166],[19.7134027,48.1536651],[19.7135661,48.1538471],[19.7129366,48.1540986],[19.7127732,48.1539166]]]},"properties":{"voltage":"","name":""}},{"type":"Feature","geometry":{"type":"Polygon","coordinates":[[[16.2036484,48.1712377],[16.203672,48.1712555],[16.2036457,48.171271],[16.2036221,48.1712533],[16.2036484,48.1712377]]]},"properties":{"voltage":"","name":""}},{"type":"Feature","geometry":{"type":"Polygon","coordinates":[[[16.3280741,48.3445],[16.3281757,48.3443489],[16.3282167,48.3443611],[16.3281151,48.3445122],[16.3280741,48.3445]]]},"properties":{"voltage":"","name":""}},{"type":"Feature","geometry":{"type":"Polygon","coordinates":[[[16.6035142,48.3580866],[16.6035812,48.3580785],[16.6035731,48.3580487],[16.6035061,48.3580567],[16.6035142,48.3580866]]]},"properties":{"voltage":"","name":""}},{"type":"Feature","geometry":{"type":"Polygon","coordinates":[[[16.2083289,48.2773596],[16.2083745,48.2773694],[16.2083832,48.277352],[16.208341,48.2773409],[16.2083289,48.2773596]]]},"properties":{"voltage":"","name":""}},{"type":"Feature","geometry":{"type":"Polygon","coordinates":[[[16.3369256,48.315241],[16.3369015,48.3152781],[16.3368365,48.3152594],[16.3368605,48.3152224],[16.3369256,48.315241]]]},"properties":{"voltage":"10000","name":""}},{"type":"Feature","geometry":{"type":"Polygon","coordinates":[[[16.4328499,48.2614806],[16.432929,48.2614762],[16.4329236,48.2614334],[16.4328445,48.2614379],[16.4328499,48.2614806]]]},"properties":{"voltage":"","name":""}},{"type":"Feature","geometry":{"type":"Polygon","coordinates":[[[16.4058072,48.1029033],[16.4058412,48.1029575],[16.4059438,48.1029289],[16.4059098,48.1028747],[16.4058072,48.1029033]]]},"properties":{"voltage":"20000;400","name":""}},{"type":"Feature","geometry":{"type":"Polygon","coordinates":[[[16.3493977,48.2216612],[16.3494308,48.221701],[16.3494085,48.2217102],[16.3493823,48.2217209],[16.3493475,48.2216788],[16.3493977,48.2216612]]]},"properties":{"voltage":"","name":""}},{"type":"Feature","geometry":{"type":"Polygon","coordinates":[[[16.2954836,48.3447687],[16.2955613,48.3447339],[16.2955265,48.3447027],[16.2954554,48.3447402],[16.2954836,48.3447687]]]},"properties":{"voltage":"","name":""}},{"type":"Feature","geometry":{"type":"Polygon","coordinates":[[[16.4024066,48.2028029],[16.4024357,48.2027982],[16.4024308,48.2027847],[16.4024017,48.2027894],[16.4024066,48.2028029]]]},"properties":{"voltage":"","name":""}},{"type":"Feature","geometry":{"type":"Polygon","coordinates":[[[18.1115589,48.3273754],[18.1115705,48.3273542],[18.1116221,48.3273667],[18.1116105,48.3273879],[18.1115589,48.3273754]]]},"properties":{"voltage":"","name":""}},{"type":"Feature","geometry":{"type":"Polygon","coordinates":[[[18.1067823,48.3293393],[18.1067804,48.3293123],[18.106827,48.3293108],[18.106829,48.3293379],[18.1067823,48.3293393]]]},"properties":{"voltage":"","name":""}},{"type":"Feature","geometry":{"type":"Polygon","coordinates":[[[18.108604,48.3295919],[18.108651,48.3295781],[18.1086853,48.32963],[18.1086383,48.3296437],[18.108604,48.3295919]]]},"properties":{"voltage":"","name":""}},{"type":"Feature","geometry":{"type":"Polygon","coordinates":[[[18.1111951,48.3294864],[18.1112102,48.3294572],[18.1112589,48.3294683],[18.1112439,48.3294975],[18.1111951,48.3294864]]]},"properties":{"voltage":"","name":""}},{"type":"Feature","geometry":{"type":"Polygon","coordinates":[[[16.473134,48.241088],[16.4731859,48.2410682],[16.4732499,48.2411425],[16.473198,48.2411624],[16.473134,48.241088]]]},"properties":{"voltage":"","name":"Wiener Linien Unterwerk Spargelfeld"}},{"type":"Feature","geometry":{"type":"Polygon","coordinates":[[[19.5141755,48.0678577],[19.5135083,48.0680065],[19.5138718,48.0687418],[19.5145623,48.0685947],[19.5141755,48.0678577]]]},"properties":{"voltage":"132000;22000","name":"Sz\u00e9cs\u00e9ny al\u00e1llom\u00e1s"}},{"type":"Feature","geometry":{"type":"Polygon","coordinates":[[[17.8897244,48.1474066],[17.8897482,48.1473618],[17.8898562,48.1473864],[17.8898326,48.1474324],[17.8897244,48.1474066]]]},"properties":{"voltage":"","name":""}},{"type":"Feature","geometry":{"type":"Polygon","coordinates":[[[17.8884056,48.1627857],[17.8883233,48.1627332],[17.8882657,48.1627749],[17.8883482,48.1628262],[17.8884056,48.1627857]]]},"properties":{"voltage":"22000;400","name":""}},{"type":"Feature","geometry":{"type":"Polygon","coordinates":[[[17.7063691,48.281874],[17.7068954,48.2820661],[17.7071952,48.2817009],[17.7067323,48.2815332],[17.7063077,48.2813757],[17.7060071,48.281742],[17.7062074,48.2818155],[17.7062727,48.2818376],[17.7063184,48.2818548],[17.7063691,48.281874]]]},"properties":{"voltage":"","name":"Pp Sere\u010f"}},{"type":"Feature","geometry":{"type":"Polygon","coordinates":[[[16.2822784,48.0939964],[16.282253,48.0939741],[16.2821984,48.0940019],[16.2822238,48.0940242],[16.2822784,48.0939964]]]},"properties":{"voltage":"20000","name":""}},{"type":"Feature","geometry":{"type":"Polygon","coordinates":[[[16.5028777,48.3708348],[16.5028186,48.3708569],[16.5028515,48.3708956],[16.5029106,48.3708735],[16.5028777,48.3708348]]]},"properties":{"voltage":"","name":""}},{"type":"Feature","geometry":{"type":"Polygon","coordinates":[[[16.4614973,48.2466746],[16.4615355,48.2466653],[16.4615086,48.2466163],[16.4614704,48.2466256],[16.4614973,48.2466746]]]},"properties":{"voltage":"","name":""}},{"type":"Feature","geometry":{"type":"Polygon","coordinates":[[[16.4320709,48.1384698],[16.4318349,48.1384798],[16.4309762,48.1384899],[16.4309946,48.1388397],[16.4309432,48.1389345],[16.4309601,48.1394556],[16.4314068,48.1394955],[16.4314599,48.1394671],[16.4315012,48.1394664],[16.4315392,48.1394636],[16.4316168,48.1395143],[16.4321165,48.139507],[16.4320709,48.1384698]]]},"properties":{"voltage":"220000","name":"Umspannwerk Kledering"}},{"type":"Feature","geometry":{"type":"Polygon","coordinates":[[[16.4211385,48.1769354],[16.4211996,48.176921],[16.4212691,48.1770528],[16.4212081,48.1770671],[16.4211385,48.1769354]]]},"properties":{"voltage":"","name":""}},{"type":"Feature","geometry":{"type":"Polygon","coordinates":[[[16.4150318,48.2568884],[16.4150731,48.2568927],[16.4150821,48.2568535],[16.4150409,48.2568493],[16.4150318,48.2568884]]]},"properties":{"voltage":"","name":""}},{"type":"Feature","geometry":{"type":"Polygon","coordinates":[[[16.7325696,48.0327554],[16.7325119,48.0327564],[16.7325095,48.0326989],[16.7325673,48.0326978],[16.7325696,48.0327554]]]},"properties":{"voltage":"","name":""}},{"type":"Feature","geometry":{"type":"Polygon","coordinates":[[[16.5420522,48.1857582],[16.5421146,48.1857482],[16.5421002,48.1857082],[16.5420378,48.1857182],[16.5420522,48.1857582]]]},"properties":{"voltage":"","name":""}},{"type":"Feature","geometry":{"type":"Polygon","coordinates":[[[21.9751427,48.5557655],[21.9780529,48.5564685],[21.9787502,48.5551796],[21.9758454,48.5544944],[21.9756804,48.554774],[21.9754444,48.5547154],[21.9753385,48.5549062],[21.9752553,48.5548867],[21.9750541,48.5552453],[21.9750783,48.5552826],[21.975368,48.5553465],[21.9751427,48.5557655]]]},"properties":{"voltage":"400000;110000","name":"Vojany"}},{"type":"Feature","geometry":{"type":"Polygon","coordinates":[[[16.5673401,48.5800979],[16.5673455,48.5800635],[16.5672944,48.58006],[16.567289,48.5800943],[16.5673401,48.5800979]]]},"properties":{"voltage":"20000;400","name":""}},{"type":"Feature","geometry":{"type":"Polygon","coordinates":[[[16.3460228,48.2859469],[16.3461287,48.285983],[16.3461582,48.2859448],[16.3460522,48.2859087],[16.3460228,48.2859469]]]},"properties":{"voltage":"","name":""}},{"type":"Feature","geometry":{"type":"Polygon","coordinates":[[[16.308492,48.0465609],[16.3085242,48.046599],[16.3085802,48.0465779],[16.308548,48.0465398],[16.308492,48.0465609]]]},"properties":{"voltage":"","name":""}},{"type":"Feature","geometry":{"type":"Polygon","coordinates":[[[16.4185854,48.2152583],[16.4186721,48.2151914],[16.4186791,48.2151956],[16.4187223,48.215164],[16.4186498,48.2151183],[16.418594,48.2151549],[16.4185596,48.2151339],[16.4185323,48.2151339],[16.4185169,48.2151444],[16.4185273,48.2151515],[16.4184788,48.2151866],[16.4185854,48.2152583]]]},"properties":{"voltage":"","name":""}},{"type":"Feature","geometry":{"type":"Polygon","coordinates":[[[16.4311025,48.276718],[16.4311642,48.2767124],[16.4311498,48.2766424],[16.4310882,48.276648],[16.4311025,48.276718]]]},"properties":{"voltage":"","name":""}},{"type":"Feature","geometry":{"type":"Polygon","coordinates":[[[16.9856889,48.230397],[16.9860885,48.2298668],[16.9864496,48.2299875],[16.98605,48.2305177],[16.9856889,48.230397]]]},"properties":{"voltage":"","name":"VW-BA"}},{"type":"Feature","geometry":{"type":"Polygon","coordinates":[[[16.5855779,48.138482],[16.5856415,48.1384765],[16.5856296,48.1384147],[16.585566,48.1384202],[16.5855779,48.138482]]]},"properties":{"voltage":"","name":""}},{"type":"Feature","geometry":{"type":"Polygon","coordinates":[[[16.4796575,48.2682354],[16.479659,48.2682057],[16.4797345,48.2682067],[16.4797345,48.2682375],[16.4796575,48.2682354]]]},"properties":{"voltage":"","name":""}},{"type":"Feature","geometry":{"type":"Polygon","coordinates":[[[16.3096125,48.3281733],[16.309673,48.3281194],[16.3096192,48.3280927],[16.3095587,48.3281466],[16.3096125,48.3281733]]]},"properties":{"voltage":"","name":""}},{"type":"Feature","geometry":{"type":"Polygon","coordinates":[[[16.3784941,48.166216],[16.3785175,48.1662556],[16.3786026,48.1662331],[16.3785792,48.1661936],[16.3784941,48.166216]]]},"properties":{"voltage":"","name":""}},{"type":"Feature","geometry":{"type":"Polygon","coordinates":[[[18.146225,48.5632632],[18.1462005,48.5632851],[18.1462255,48.5632965],[18.1462501,48.5632748],[18.146225,48.5632632]]]},"properties":{"voltage":"","name":""}},{"type":"Feature","geometry":{"type":"Polygon","coordinates":[[[18.1472928,48.5619818],[18.1473275,48.5619928],[18.1472998,48.5620329],[18.1472649,48.5620231],[18.1472928,48.5619818]]]},"properties":{"voltage":"","name":""}},{"type":"Feature","geometry":{"type":"Polygon","coordinates":[[[18.1832606,48.5796053],[18.1833265,48.579633],[18.1832923,48.5796686],[18.1832264,48.5796409],[18.1832606,48.5796053]]]},"properties":{"voltage":"","name":""}},{"type":"Feature","geometry":{"type":"Polygon","coordinates":[[[18.1833498,48.5795587],[18.1833169,48.5795456],[18.1832814,48.579583],[18.1833142,48.5795961],[18.1833498,48.5795587]]]},"properties":{"voltage":"","name":""}},{"type":"Feature","geometry":{"type":"Polygon","coordinates":[[[18.181495,48.5786518],[18.1833597,48.5794835],[18.1831362,48.5796911],[18.1816224,48.5812084],[18.1815407,48.5812147],[18.1799813,48.580139],[18.181495,48.5786518]]]},"properties":{"voltage":"110000","name":"Topo\u013e\u010dany"}},{"type":"Feature","geometry":{"type":"Polygon","coordinates":[[[18.1809975,48.5826309],[18.1810101,48.5826158],[18.1809748,48.5826024],[18.1809623,48.5826175],[18.1809975,48.5826309]]]},"properties":{"voltage":"","name":""}},{"type":"Feature","geometry":{"type":"Polygon","coordinates":[[[16.2924007,48.1301273],[16.2923846,48.1300805],[16.292447,48.1300709],[16.2924631,48.1301177],[16.2924007,48.1301273]]]},"properties":{"voltage":"","name":""}},{"type":"Feature","geometry":{"type":"Polygon","coordinates":[[[16.3051191,48.0749821],[16.3050931,48.0749897],[16.3051066,48.0750105],[16.3051327,48.0750029],[16.3051191,48.0749821]]]},"properties":{"voltage":"20000;400","name":""}},{"type":"Feature","geometry":{"type":"Polygon","coordinates":[[[16.2829138,48.1323356],[16.2829325,48.1323895],[16.2829986,48.1323766],[16.2829805,48.1323251],[16.2829138,48.1323356]]]},"properties":{"voltage":"","name":""}},{"type":"Feature","geometry":{"type":"Polygon","coordinates":[[[16.6157121,48.1402348],[16.6156802,48.1401903],[16.6157183,48.1401774],[16.6157514,48.1402219],[16.6157121,48.1402348]]]},"properties":{"voltage":"","name":""}},{"type":"Feature","geometry":{"type":"Polygon","coordinates":[[[21.6544078,48.4051678],[21.6543959,48.4051858],[21.6544442,48.4051998],[21.6544561,48.4051818],[21.6544078,48.4051678]]]},"properties":{"voltage":"","name":""}},{"type":"Feature","geometry":{"type":"Polygon","coordinates":[[[21.6472455,48.3908161],[21.6472398,48.3908296],[21.647281,48.3908373],[21.6472867,48.3908238],[21.6472455,48.3908161]]]},"properties":{"voltage":"","name":""}},{"type":"Feature","geometry":{"type":"Polygon","coordinates":[[[21.6509436,48.3957399],[21.6509375,48.3957529],[21.6509859,48.3957629],[21.650992,48.39575],[21.6509436,48.3957399]]]},"properties":{"voltage":"","name":""}},{"type":"Feature","geometry":{"type":"Polygon","coordinates":[[[16.2976808,48.0220577],[16.297662,48.0220043],[16.2977297,48.0219937],[16.2977485,48.0220471],[16.2976808,48.0220577]]]},"properties":{"voltage":"20000;400","name":""}},{"type":"Feature","geometry":{"type":"Polygon","coordinates":[[[21.6544655,48.3905608],[21.6544628,48.3905783],[21.6545037,48.3905811],[21.6545064,48.3905636],[21.6544655,48.3905608]]]},"properties":{"voltage":"","name":""}},{"type":"Feature","geometry":{"type":"Polygon","coordinates":[[[16.4619027,48.3394014],[16.4618725,48.3393639],[16.4619518,48.3393356],[16.4619821,48.3393731],[16.4619027,48.3394014]]]},"properties":{"voltage":"","name":""}},{"type":"Feature","geometry":{"type":"Polygon","coordinates":[[[16.405315,48.2316513],[16.4053776,48.2316377],[16.4053585,48.2315984],[16.4052958,48.231612],[16.405315,48.2316513]]]},"properties":{"voltage":"","name":""}},{"type":"Feature","geometry":{"type":"Polygon","coordinates":[[[16.3090026,48.1408359],[16.3091433,48.1408329],[16.3091408,48.1407825],[16.3090001,48.1407856],[16.3090026,48.1408359]]]},"properties":{"voltage":"","name":""}},{"type":"Feature","geometry":{"type":"Polygon","coordinates":[[[16.2838969,48.1821484],[16.2839241,48.1821122],[16.2839917,48.1821363],[16.2839617,48.1821724],[16.2839463,48.1821667],[16.2838969,48.1821484]]]},"properties":{"voltage":"","name":""}},{"type":"Feature","geometry":{"type":"Polygon","coordinates":[[[16.4196434,48.126159],[16.4196829,48.1261587],[16.4197741,48.126158],[16.4198304,48.1261575],[16.4198237,48.1257869],[16.4197675,48.1257874],[16.4196588,48.1257882],[16.4196367,48.1257884],[16.4196388,48.1259059],[16.4196402,48.1259803],[16.4196434,48.126159]]]},"properties":{"voltage":"110000","name":""}},{"type":"Feature","geometry":{"type":"Polygon","coordinates":[[[21.6486028,48.4013325],[21.6485735,48.4013358],[21.6485822,48.4013696],[21.6486115,48.4013663],[21.6486028,48.4013325]]]},"properties":{"voltage":"","name":""}},{"type":"Feature","geometry":{"type":"Polygon","coordinates":[[[22.7166428,48.4560168],[22.7166877,48.4559434],[22.7168049,48.4559749],[22.71676,48.4560483],[22.7166428,48.4560168]]]},"properties":{"voltage":"","name":""}},{"type":"Feature","geometry":{"type":"Polygon","coordinates":[[[16.4957867,48.2032131],[16.4958731,48.2031977],[16.4958566,48.2031566],[16.4957702,48.203172],[16.4957867,48.2032131]]]},"properties":{"voltage":"","name":""}},{"type":"Feature","geometry":{"type":"Polygon","coordinates":[[[17.0354342,48.4188345],[17.0354299,48.4187938],[17.035471,48.4187922],[17.0354756,48.4188331],[17.0354342,48.4188345]]]},"properties":{"voltage":"","name":""}},{"type":"Feature","geometry":{"type":"Polygon","coordinates":[[[17.0356637,48.4204086],[17.0356554,48.4203682],[17.0356963,48.4203648],[17.035705,48.4204054],[17.0356637,48.4204086]]]},"properties":{"voltage":"","name":""}},{"type":"Feature","geometry":{"type":"Polygon","coordinates":[[[16.4189027,48.2216119],[16.4189682,48.2215642],[16.4189196,48.2215346],[16.4188541,48.2215823],[16.4189027,48.2216119]]]},"properties":{"voltage":"","name":""}},{"type":"Feature","geometry":{"type":"Polygon","coordinates":[[[17.1391962,48.368779],[17.1392112,48.3687903],[17.1392279,48.3688028],[17.1392621,48.3687828],[17.1392304,48.3687589],[17.1391962,48.368779]]]},"properties":{"voltage":"22000;400","name":""}},{"type":"Feature","geometry":{"type":"Polygon","coordinates":[[[17.1562658,48.4079466],[17.1562616,48.4079764],[17.1562721,48.407977],[17.1563079,48.4079793],[17.1563121,48.4079495],[17.1562658,48.4079466]]]},"properties":{"voltage":"22000;400","name":""}},{"type":"Feature","geometry":{"type":"Polygon","coordinates":[[[17.0411604,48.042416],[17.0412158,48.0423824],[17.0411861,48.0423605],[17.0411307,48.0423941],[17.0411604,48.042416]]]},"properties":{"voltage":"","name":""}},{"type":"Feature","geometry":{"type":"Polygon","coordinates":[[[16.4092873,48.2328819],[16.4092434,48.2329159],[16.4093228,48.2329614],[16.4093667,48.2329274],[16.4092873,48.2328819]]]},"properties":{"voltage":"","name":""}},{"type":"Feature","geometry":{"type":"Polygon","coordinates":[[[17.1373011,48.0582621],[17.1372767,48.058223],[17.1373006,48.0582176],[17.137325,48.0582556],[17.1373011,48.0582621]]]},"properties":{"voltage":"","name":""}},{"type":"Feature","geometry":{"type":"Polygon","coordinates":[[[18.044069,48.3275394],[18.0444887,48.3271871],[18.0452263,48.3275786],[18.0448052,48.327929],[18.044546,48.3277918],[18.044069,48.3275394]]]},"properties":{"voltage":"","name":"JLR"}},{"type":"Feature","geometry":{"type":"Polygon","coordinates":[[[16.3755342,48.2918641],[16.3755661,48.291831],[16.375623,48.2918553],[16.3755912,48.2918884],[16.3755342,48.2918641]]]},"properties":{"voltage":"","name":""}},{"type":"Feature","geometry":{"type":"Polygon","coordinates":[[[17.0970301,48.1268496],[17.0970831,48.126874],[17.0971055,48.1268523],[17.0970525,48.1268279],[17.0970301,48.1268496]]]},"properties":{"voltage":"","name":""}},{"type":"Feature","geometry":{"type":"Polygon","coordinates":[[[16.1191962,48.2883227],[16.1192353,48.2883384],[16.1192594,48.2883099],[16.1192186,48.2882925],[16.1191962,48.2883227]]]},"properties":{"voltage":"","name":"TST Tulbing S\u00fcd"}},{"type":"Feature","geometry":{"type":"Polygon","coordinates":[[[16.4256718,48.1730628],[16.4256741,48.1730586],[16.4256924,48.173025],[16.4257541,48.1730399],[16.4257356,48.173074],[16.4257335,48.1730778],[16.4256718,48.1730628]]]},"properties":{"voltage":"","name":""}},{"type":"Feature","geometry":{"type":"Polygon","coordinates":[[[17.0290372,48.2362827],[17.0291257,48.2362122],[17.0291617,48.2362323],[17.029068,48.2363026],[17.0290372,48.2362827]]]},"properties":{"voltage":"22000;400","name":"TS-1219"}},{"type":"Feature","geometry":{"type":"Polygon","coordinates":[[[18.9214142,48.452116],[18.9215117,48.4521363],[18.9214783,48.452205],[18.9215265,48.4522184],[18.9215147,48.4522411],[18.9215704,48.4522535],[18.9215852,48.4522268],[18.9217585,48.4522649],[18.9218205,48.4522908],[18.9220578,48.4523445],[18.9222245,48.4520191],[18.9220351,48.4519782],[18.92162,48.4518947],[18.9215811,48.4519773],[18.921494,48.4519587],[18.9214142,48.452116]]]},"properties":{"voltage":"","name":"Bansk\u00e1 \u0160tiavnica"}},{"type":"Feature","geometry":{"type":"Polygon","coordinates":[[[16.30358,48.1096061],[16.3035797,48.109534],[16.3035109,48.1095341],[16.3035112,48.1096063],[16.30358,48.1096061]]]},"properties":{"voltage":"20000;400","name":""}},{"type":"Feature","geometry":{"type":"Polygon","coordinates":[[[17.1002841,48.1236449],[17.1002498,48.1236566],[17.1002786,48.1236942],[17.1003129,48.1236825],[17.1002841,48.1236449]]]},"properties":{"voltage":"","name":""}},{"type":"Feature","geometry":{"type":"Polygon","coordinates":[[[16.8459761,48.0589898],[16.8459596,48.0589529],[16.8460051,48.0589438],[16.8460216,48.0589807],[16.8459761,48.0589898]]]},"properties":{"voltage":"","name":""}},{"type":"Feature","geometry":{"type":"Polygon","coordinates":[[[16.4261969,48.2684976],[16.4261895,48.2684293],[16.4262472,48.2684267],[16.4262579,48.2684941],[16.4261969,48.2684976]]]},"properties":{"voltage":"","name":""}},{"type":"Feature","geometry":{"type":"Polygon","coordinates":[[[17.1560097,48.1674853],[17.1560379,48.1675042],[17.1560564,48.1674919],[17.1560282,48.167473],[17.1560097,48.1674853]]]},"properties":{"voltage":"","name":""}},{"type":"Feature","geometry":{"type":"Polygon","coordinates":[[[16.2728517,48.220506],[16.2729135,48.2205049],[16.2729109,48.2204358],[16.2728491,48.2204369],[16.2728517,48.220506]]]},"properties":{"voltage":"","name":""}},{"type":"Feature","geometry":{"type":"Polygon","coordinates":[[[17.244992,48.0930746],[17.2449444,48.0930432],[17.244918,48.0930618],[17.2449658,48.0930921],[17.244992,48.0930746]]]},"properties":{"voltage":"","name":""}},{"type":"Feature","geometry":{"type":"Polygon","coordinates":[[[16.3461963,48.0860305],[16.3462011,48.0860774],[16.3461301,48.0860806],[16.3461254,48.0860337],[16.3461963,48.0860305]]]},"properties":{"voltage":"20000;400","name":""}},{"type":"Feature","geometry":{"type":"Polygon","coordinates":[[[16.3506209,48.3010234],[16.3506657,48.3009949],[16.35062,48.3009631],[16.3505752,48.3009916],[16.3506209,48.3010234]]]},"properties":{"voltage":"","name":""}},{"type":"Feature","geometry":{"type":"Polygon","coordinates":[[[17.034864,48.1975721],[17.0348752,48.1975441],[17.0349097,48.1975503],[17.0348985,48.1975782],[17.034864,48.1975721]]]},"properties":{"voltage":"","name":"Ts-1765"}},{"type":"Feature","geometry":{"type":"Polygon","coordinates":[[[16.722945,48.3568573],[16.7230179,48.3568375],[16.7230022,48.3568119],[16.7229292,48.3568317],[16.722945,48.3568573]]]},"properties":{"voltage":"","name":""}},{"type":"Feature","geometry":{"type":"Polygon","coordinates":[[[17.1269239,48.1833015],[17.126957,48.1832861],[17.1269194,48.183251],[17.1268874,48.1832655],[17.1269239,48.1833015]]]},"properties":{"voltage":"","name":"Ts-1682"}},{"type":"Feature","geometry":{"type":"Polygon","coordinates":[[[16.8704302,48.3178618],[16.8705835,48.3176411],[16.8708597,48.3173327],[16.8708517,48.3167784],[16.8708525,48.3167381],[16.8699318,48.3167426],[16.8699333,48.3167848],[16.8699424,48.3174494],[16.8704302,48.3178618]]]},"properties":{"voltage":"110000","name":"Umspannwerk Baumgarten"}},{"type":"Feature","geometry":{"type":"Polygon","coordinates":[[[16.4169873,48.1861632],[16.4169282,48.1861808],[16.4169588,48.1862263],[16.4170178,48.1862086],[16.4169873,48.1861632]]]},"properties":{"voltage":"","name":""}},{"type":"Feature","geometry":{"type":"Polygon","coordinates":[[[16.2856022,48.0199669],[16.2856464,48.019979],[16.2856669,48.0199494],[16.2856213,48.0199375],[16.285612,48.0199518],[16.2856022,48.0199669]]]},"properties":{"voltage":"20000;400","name":""}},{"type":"Feature","geometry":{"type":"Polygon","coordinates":[[[16.2845396,48.0106166],[16.2845733,48.01066],[16.2846407,48.0106376],[16.2846056,48.0105932],[16.2845396,48.0106166]]]},"properties":{"voltage":"","name":""}},{"type":"Feature","geometry":{"type":"Polygon","coordinates":[[[16.2876921,48.0138414],[16.2877037,48.0138071],[16.2876712,48.0138018],[16.2876278,48.0137948],[16.2876148,48.0138286],[16.2876921,48.0138414]]]},"properties":{"voltage":"","name":""}},{"type":"Feature","geometry":{"type":"Polygon","coordinates":[[[17.7139963,48.1855984],[17.7151608,48.1854967],[17.7152047,48.1854929],[17.715128,48.1850162],[17.7148761,48.1850351],[17.7148076,48.1847863],[17.7139032,48.1848782],[17.7139963,48.1855984]]]},"properties":{"voltage":"","name":"\u017dSR Galanta"}},{"type":"Feature","geometry":{"type":"Polygon","coordinates":[[[17.1920423,48.0292213],[17.1920153,48.0291799],[17.1920505,48.0291691],[17.1920783,48.0292111],[17.1920423,48.0292213]]]},"properties":{"voltage":"","name":""}},{"type":"Feature","geometry":{"type":"Polygon","coordinates":[[[16.732524,48.3609034],[16.7325125,48.3608877],[16.7325403,48.3608787],[16.7325518,48.3608944],[16.732524,48.3609034]]]},"properties":{"voltage":"","name":""}},{"type":"Feature","geometry":{"type":"Polygon","coordinates":[[[16.2377252,48.0213561],[16.2377004,48.0213253],[16.2377403,48.0213109],[16.2377519,48.0213253],[16.2377651,48.0213417],[16.2377252,48.0213561]]]},"properties":{"voltage":"","name":""}},{"type":"Feature","geometry":{"type":"Polygon","coordinates":[[[17.0509984,48.1512131],[17.0509969,48.1511912],[17.0509442,48.1511928],[17.0509457,48.1512147],[17.0509984,48.1512131]]]},"properties":{"voltage":"","name":"TS-1272"}},{"type":"Feature","geometry":{"type":"Polygon","coordinates":[[[16.3965627,48.2054698],[16.3965715,48.205419],[16.3966519,48.2054252],[16.396643,48.205476],[16.3965627,48.2054698]]]},"properties":{"voltage":"","name":""}},{"type":"Feature","geometry":{"type":"Polygon","coordinates":[[[16.4745827,48.5922105],[16.4745674,48.5921896],[16.4746008,48.5921789],[16.4746085,48.5921896],[16.4746161,48.5921999],[16.4745827,48.5922105]]]},"properties":{"voltage":"","name":""}},{"type":"Feature","geometry":{"type":"Polygon","coordinates":[[[16.5792288,48.504894],[16.5792308,48.5048678],[16.5792711,48.5048691],[16.57927,48.5048829],[16.5792691,48.5048954],[16.5792288,48.504894]]]},"properties":{"voltage":"","name":""}},{"type":"Feature","geometry":{"type":"Polygon","coordinates":[[[16.8860258,48.5293644],[16.8860286,48.5293519],[16.8860312,48.5293408],[16.8860719,48.5293449],[16.8860665,48.5293685],[16.8860258,48.5293644]]]},"properties":{"voltage":"","name":""}},{"type":"Feature","geometry":{"type":"Polygon","coordinates":[[[16.8827284,48.5121524],[16.8827248,48.5121232],[16.8827681,48.5121209],[16.8827717,48.5121501],[16.8827485,48.5121513],[16.8827284,48.5121524]]]},"properties":{"voltage":"","name":""}},{"type":"Feature","geometry":{"type":"Polygon","coordinates":[[[16.8467245,48.5613854],[16.8467119,48.5613749],[16.8466992,48.5613644],[16.8467311,48.5613475],[16.8467564,48.5613685],[16.8467245,48.5613854]]]},"properties":{"voltage":"","name":""}},{"type":"Feature","geometry":{"type":"Polygon","coordinates":[[[16.7766489,48.5985662],[16.7766485,48.5985554],[16.7766481,48.5985434],[16.7767029,48.5985426],[16.7767037,48.5985654],[16.7766489,48.5985662]]]},"properties":{"voltage":"","name":""}},{"type":"Feature","geometry":{"type":"Polygon","coordinates":[[[16.3566706,48.3096798],[16.3566269,48.3096337],[16.3565637,48.3096602],[16.3566074,48.3097063],[16.3566706,48.3096798]]]},"properties":{"voltage":"","name":""}},{"type":"Feature","geometry":{"type":"Polygon","coordinates":[[[16.7739232,48.1089652],[16.7739256,48.108997],[16.7739653,48.1089956],[16.7739628,48.1089638],[16.7739232,48.1089652]]]},"properties":{"voltage":"","name":"TST Regelsbrunn Siedlung"}},{"type":"Feature","geometry":{"type":"Polygon","coordinates":[[[16.8121068,48.3779385],[16.8127656,48.3777567],[16.8132906,48.3780192],[16.8142793,48.3785232],[16.8142074,48.3785833],[16.8142972,48.3786555],[16.814407,48.3787095],[16.8140185,48.3786821],[16.8133987,48.3786715],[16.8121666,48.3780225],[16.8121068,48.3779385]]]},"properties":{"voltage":"110000;15000","name":"Unterwerk Angern"}},{"type":"Feature","geometry":{"type":"Polygon","coordinates":[[[17.8860444,48.1625097],[17.8860744,48.1624886],[17.886049,48.1624719],[17.8860185,48.1624919],[17.8860444,48.1625097]]]},"properties":{"voltage":"","name":""}},{"type":"Feature","geometry":{"type":"Polygon","coordinates":[[[16.3516957,48.1757605],[16.351794,48.1757825],[16.3518113,48.1757481],[16.3517129,48.1757261],[16.3516957,48.1757605]]]},"properties":{"voltage":"","name":""}},{"type":"Feature","geometry":{"type":"Polygon","coordinates":[[[16.3488819,48.175144],[16.3488886,48.1751455],[16.3489026,48.1751486],[16.3489452,48.1751579],[16.348963,48.1751217],[16.3488996,48.1751078],[16.3488819,48.175144]]]},"properties":{"voltage":"","name":""}},{"type":"Feature","geometry":{"type":"Polygon","coordinates":[[[16.2712411,48.152427],[16.2712925,48.1524143],[16.271238,48.1523167],[16.2711849,48.15233],[16.2712411,48.152427]]]},"properties":{"voltage":"","name":""}},{"type":"Feature","geometry":{"type":"Polygon","coordinates":[[[16.4212017,48.2610122],[16.4211763,48.2609615],[16.4212257,48.2609506],[16.4212511,48.2610012],[16.4212017,48.2610122]]]},"properties":{"voltage":"","name":""}},{"type":"Feature","geometry":{"type":"Polygon","coordinates":[[[16.2873123,48.1625877],[16.2873464,48.1625842],[16.2873427,48.1625682],[16.2873086,48.1625717],[16.2873123,48.1625877]]]},"properties":{"voltage":"","name":""}},{"type":"Feature","geometry":{"type":"Polygon","coordinates":[[[16.2560742,48.1637342],[16.2561355,48.1637155],[16.2561022,48.1636646],[16.2560409,48.1636839],[16.2560742,48.1637342]]]},"properties":{"voltage":"","name":""}},{"type":"Feature","geometry":{"type":"Polygon","coordinates":[[[16.3188285,48.1610846],[16.3188507,48.161128],[16.3188833,48.1611206],[16.3188617,48.1610765],[16.3188285,48.1610846]]]},"properties":{"voltage":"","name":""}},{"type":"Feature","geometry":{"type":"Polygon","coordinates":[[[19.8084645,48.1169623],[19.8085298,48.1169913],[19.808574,48.1169469],[19.8085086,48.116918],[19.8084645,48.1169623]]]},"properties":{"voltage":"","name":""}},{"type":"Feature","geometry":{"type":"Polygon","coordinates":[[[16.7293973,48.3832441],[16.7294125,48.3832296],[16.7293795,48.3832143],[16.7293643,48.3832289],[16.7293973,48.3832441]]]},"properties":{"voltage":"","name":""}},{"type":"Feature","geometry":{"type":"Polygon","coordinates":[[[16.4114225,48.23147],[16.411492,48.2314205],[16.4114453,48.2313914],[16.4113758,48.2314409],[16.4114225,48.23147]]]},"properties":{"voltage":"","name":""}},{"type":"Feature","geometry":{"type":"Polygon","coordinates":[[[22.7582248,48.481644],[22.7586824,48.4818096],[22.7588566,48.4815981],[22.7589841,48.4814433],[22.7586274,48.4813142],[22.7585264,48.4812777],[22.7582248,48.481644]]]},"properties":{"voltage":"35000","name":""}},{"type":"Feature","geometry":{"type":"Polygon","coordinates":[[[16.6134099,48.1173542],[16.6134475,48.11735],[16.613427,48.1172689],[16.6133894,48.1172731],[16.6134099,48.1173542]]]},"properties":{"voltage":"20000","name":""}},{"type":"Feature","geometry":{"type":"Polygon","coordinates":[[[17.1092225,48.1513563],[17.1092069,48.1512887],[17.1093222,48.1512773],[17.1093359,48.1513448],[17.1092225,48.1513563]]]},"properties":{"voltage":"","name":""}},{"type":"Feature","geometry":{"type":"Polygon","coordinates":[[[16.3547283,48.0025844],[16.3547435,48.0026129],[16.3547733,48.0026076],[16.3547579,48.0025776],[16.3547283,48.0025844]]]},"properties":{"voltage":"","name":""}},{"type":"Feature","geometry":{"type":"Polygon","coordinates":[[[16.3488936,48.0002827],[16.3489476,48.0002699],[16.3489272,48.0002254],[16.3488711,48.0002368],[16.3488936,48.0002827]]]},"properties":{"voltage":"","name":""}},{"type":"Feature","geometry":{"type":"Polygon","coordinates":[[[20.4099074,48.5326375],[20.4098316,48.5326548],[20.4094803,48.5327334],[20.4094394,48.5327187],[20.4091229,48.5320979],[20.4093233,48.5320549],[20.4095078,48.532082],[20.4096506,48.5321614],[20.4097666,48.5322653],[20.409949,48.5326286],[20.4099074,48.5326375]]]},"properties":{"voltage":"110000;22000","name":"Elektrick\u00e1 stanica Gemersk\u00e1 H\u00f4rka"}},{"type":"Feature","geometry":{"type":"Polygon","coordinates":[[[16.4755952,48.2045242],[16.4756622,48.2044869],[16.4756989,48.2045161],[16.475632,48.2045535],[16.4755952,48.2045242]]]},"properties":{"voltage":"","name":""}},{"type":"Feature","geometry":{"type":"Polygon","coordinates":[[[16.2896244,48.1664419],[16.2896475,48.1664301],[16.2896694,48.16645],[16.2896475,48.1664615],[16.2896244,48.1664419]]]},"properties":{"voltage":"","name":""}},{"type":"Feature","geometry":{"type":"Polygon","coordinates":[[[16.2896629,48.1899826],[16.2896515,48.1899616],[16.2896828,48.1899541],[16.2896942,48.189975],[16.2896629,48.1899826]]]},"properties":{"voltage":"","name":""}},{"type":"Feature","geometry":{"type":"Polygon","coordinates":[[[22.7029102,48.4517653],[22.7030357,48.4517205],[22.7030736,48.4517673],[22.7029482,48.4518121],[22.7029102,48.4517653]]]},"properties":{"voltage":"","name":""}},{"type":"Feature","geometry":{"type":"Polygon","coordinates":[[[16.3234574,48.0796237],[16.3235164,48.0796189],[16.3235095,48.079581],[16.3234505,48.0795858],[16.3234574,48.0796237]]]},"properties":{"voltage":"20000;400","name":""}},{"type":"Feature","geometry":{"type":"Polygon","coordinates":[[[16.3306491,48.0647188],[16.3306354,48.0646885],[16.3306874,48.0646782],[16.3307009,48.0647085],[16.3306491,48.0647188]]]},"properties":{"voltage":"20000;400","name":""}},{"type":"Feature","geometry":{"type":"Polygon","coordinates":[[[16.3353563,48.0700372],[16.3353979,48.0700411],[16.3353887,48.0700856],[16.3353472,48.0700818],[16.3353563,48.0700372]]]},"properties":{"voltage":"20000;400","name":""}},{"type":"Feature","geometry":{"type":"Polygon","coordinates":[[[20.3467103,48.432959],[20.3466955,48.432748],[20.3469894,48.4327389],[20.3470042,48.4329499],[20.3467103,48.432959]]]},"properties":{"voltage":"","name":""}},{"type":"Feature","geometry":{"type":"Polygon","coordinates":[[[20.3470465,48.4329634],[20.3466249,48.4329753],[20.3466086,48.4327184],[20.3466542,48.4327172],[20.3470302,48.4327066],[20.3470465,48.4329634]]]},"properties":{"voltage":"","name":"FVE Torna\u013ea"}},{"type":"Feature","geometry":{"type":"Polygon","coordinates":[[[17.251985,48.0549815],[17.2520243,48.0549826],[17.252027,48.0549359],[17.2519877,48.0549349],[17.251985,48.0549815]]]},"properties":{"voltage":"","name":""}},{"type":"Feature","geometry":{"type":"Polygon","coordinates":[[[16.3893574,48.2474113],[16.3894105,48.247358],[16.3894591,48.2473795],[16.389406,48.2474328],[16.3893574,48.2474113]]]},"properties":{"voltage":"","name":""}},{"type":"Feature","geometry":{"type":"Polygon","coordinates":[[[16.3935409,48.2412541],[16.3935961,48.2412026],[16.3936461,48.2412263],[16.3935909,48.2412778],[16.3935409,48.2412541]]]},"properties":{"voltage":"","name":""}},{"type":"Feature","geometry":{"type":"Polygon","coordinates":[[[16.4010019,48.2347629],[16.4010364,48.2347015],[16.4010947,48.2347161],[16.4010601,48.2347774],[16.4010019,48.2347629]]]},"properties":{"voltage":"","name":""}},{"type":"Feature","geometry":{"type":"Polygon","coordinates":[[[17.8119613,48.5491715],[17.8124374,48.5492221],[17.8124937,48.5490019],[17.8120163,48.5489496],[17.8119613,48.5491715]]]},"properties":{"voltage":"","name":""}},{"type":"Feature","geometry":{"type":"Polygon","coordinates":[[[18.7248069,48.493294],[18.7243724,48.4924443],[18.7251905,48.4922594],[18.7256196,48.4931358],[18.7248069,48.493294]]]},"properties":{"voltage":"110000;22000","name":""}},{"type":"Feature","geometry":{"type":"Polygon","coordinates":[[[18.9862204,48.5791873],[18.9870223,48.579418],[18.9873738,48.5788833],[18.9865718,48.5786526],[18.9862204,48.5791873]]]},"properties":{"voltage":"110000;22000","name":""}},{"type":"Feature","geometry":{"type":"Polygon","coordinates":[[[16.3761604,48.3109172],[16.3761814,48.3109021],[16.3761499,48.3108828],[16.3761289,48.3108979],[16.3761604,48.3109172]]]},"properties":{"voltage":"20000","name":""}},{"type":"Feature","geometry":{"type":"Polygon","coordinates":[[[16.173322,48.0155606],[16.1733369,48.0155725],[16.1733703,48.0155538],[16.1733554,48.0155419],[16.173322,48.0155606]]]},"properties":{"voltage":"20000;400","name":""}},{"type":"Feature","geometry":{"type":"Polygon","coordinates":[[[16.4300219,48.2654267],[16.4300818,48.2654801],[16.4300346,48.2655036],[16.4299747,48.2654502],[16.4300219,48.2654267]]]},"properties":{"voltage":"","name":""}},{"type":"Feature","geometry":{"type":"Polygon","coordinates":[[[16.3234099,48.3468132],[16.3234406,48.3467854],[16.3233904,48.346761],[16.3233598,48.3467889],[16.3234099,48.3468132]]]},"properties":{"voltage":"","name":""}},{"type":"Feature","geometry":{"type":"Polygon","coordinates":[[[16.1193593,48.0458439],[16.1193799,48.0458197],[16.1194187,48.0458331],[16.1193984,48.0458571],[16.1193593,48.0458439]]]},"properties":{"voltage":"","name":""}},{"type":"Feature","geometry":{"type":"Polygon","coordinates":[[[16.1194788,48.0514588],[16.1195185,48.0514493],[16.11951,48.051432],[16.1194687,48.0514419],[16.1194788,48.0514588]]]},"properties":{"voltage":"20000","name":""}},{"type":"Feature","geometry":{"type":"Polygon","coordinates":[[[16.1333683,48.044301],[16.1333966,48.0443035],[16.1334034,48.0442747],[16.133376,48.0442719],[16.1333683,48.044301]]]},"properties":{"voltage":"20000;400","name":""}},{"type":"Feature","geometry":{"type":"Polygon","coordinates":[[[16.1027634,48.0243768],[16.1028042,48.0243895],[16.1028234,48.0243603],[16.1028054,48.0243546],[16.1027836,48.0243478],[16.1027705,48.0243665],[16.1027634,48.0243768]]]},"properties":{"voltage":"","name":""}},{"type":"Feature","geometry":{"type":"Polygon","coordinates":[[[16.1132792,48.0335162],[16.1132273,48.0334941],[16.1132709,48.0334507],[16.113324,48.0334752],[16.1132792,48.0335162]]]},"properties":{"voltage":"","name":""}},{"type":"Feature","geometry":{"type":"Polygon","coordinates":[[[16.4240031,48.1559616],[16.4239725,48.1559297],[16.4240261,48.1559068],[16.4240567,48.1559387],[16.4240031,48.1559616]]]},"properties":{"voltage":"","name":""}},{"type":"Feature","geometry":{"type":"Polygon","coordinates":[[[16.4981375,48.216739],[16.498221,48.2167271],[16.498202,48.2166679],[16.4981185,48.2166798],[16.4981375,48.216739]]]},"properties":{"voltage":"","name":""}},{"type":"Feature","geometry":{"type":"Polygon","coordinates":[[[16.4401625,48.2427543],[16.440127,48.2427624],[16.4401142,48.2427375],[16.4401498,48.2427294],[16.4401625,48.2427543]]]},"properties":{"voltage":"","name":""}},{"type":"Feature","geometry":{"type":"Polygon","coordinates":[[[16.1822126,48.0190054],[16.18224,48.0190108],[16.1822536,48.0189796],[16.1822261,48.0189743],[16.1822126,48.0190054]]]},"properties":{"voltage":"20000;400","name":""}},{"type":"Feature","geometry":{"type":"Polygon","coordinates":[[[16.3096957,48.0957022],[16.3098104,48.0957015],[16.3098097,48.0956508],[16.309695,48.0956515],[16.3096957,48.0957022]]]},"properties":{"voltage":"20000;400","name":""}},{"type":"Feature","geometry":{"type":"Polygon","coordinates":[[[16.3085448,48.0965246],[16.3085917,48.0965246],[16.308592,48.0965083],[16.3085446,48.0965084],[16.3085448,48.0965246]]]},"properties":{"voltage":"","name":""}},{"type":"Feature","geometry":{"type":"Polygon","coordinates":[[[16.3115001,48.0982745],[16.3115366,48.0982741],[16.3115366,48.0982599],[16.3114998,48.0982603],[16.3115001,48.0982745]]]},"properties":{"voltage":"","name":""}},{"type":"Feature","geometry":{"type":"Polygon","coordinates":[[[16.312011,48.0982676],[16.3120626,48.0982661],[16.3120606,48.0982311],[16.3120087,48.0982329],[16.312011,48.0982676]]]},"properties":{"voltage":"","name":""}},{"type":"Feature","geometry":{"type":"Polygon","coordinates":[[[16.3051717,48.0988713],[16.3051714,48.0988492],[16.305222,48.098849],[16.305222,48.0988707],[16.3051717,48.0988713]]]},"properties":{"voltage":"","name":""}},{"type":"Feature","geometry":{"type":"Polygon","coordinates":[[[16.3082445,48.0986312],[16.3082445,48.0985789],[16.3081469,48.0985816],[16.308149,48.0986318],[16.3082445,48.0986312]]]},"properties":{"voltage":"","name":""}},{"type":"Feature","geometry":{"type":"Polygon","coordinates":[[[16.2798162,48.0232389],[16.2798763,48.0232077],[16.279832,48.0231722],[16.2797719,48.0232038],[16.2797924,48.0232201],[16.2798162,48.0232389]]]},"properties":{"voltage":"","name":""}},{"type":"Feature","geometry":{"type":"Polygon","coordinates":[[[16.2864755,48.030002],[16.2864903,48.0300134],[16.2865047,48.0300244],[16.286546,48.0300005],[16.2865151,48.0299786],[16.2864755,48.030002]]]},"properties":{"voltage":"","name":""}},{"type":"Feature","geometry":{"type":"Polygon","coordinates":[[[16.4367368,48.1402393],[16.4367207,48.1401988],[16.4368254,48.1401802],[16.4368415,48.1402207],[16.4367368,48.1402393]]]},"properties":{"voltage":"","name":""}},{"type":"Feature","geometry":{"type":"Polygon","coordinates":[[[16.263867,48.0062732],[16.2639271,48.0062568],[16.2639078,48.0062234],[16.2639029,48.0062144],[16.2638705,48.0062229],[16.2638415,48.0062305],[16.263867,48.0062732]]]},"properties":{"voltage":"","name":""}},{"type":"Feature","geometry":{"type":"Polygon","coordinates":[[[17.1414254,48.0727583],[17.142272,48.0724899],[17.1424723,48.0727782],[17.1416499,48.073057],[17.1414254,48.0727583]]]},"properties":{"voltage":"","name":""}},{"type":"Feature","geometry":{"type":"Polygon","coordinates":[[[16.3254902,48.0667617],[16.3255475,48.0667468],[16.32557,48.0667854],[16.3255127,48.0668003],[16.3254902,48.0667617]]]},"properties":{"voltage":"20000;400","name":""}},{"type":"Feature","geometry":{"type":"Polygon","coordinates":[[[16.3198447,48.0682398],[16.3199046,48.0682256],[16.3199203,48.0682548],[16.3198604,48.0682691],[16.3198447,48.0682398]]]},"properties":{"voltage":"20000;400","name":""}},{"type":"Feature","geometry":{"type":"Polygon","coordinates":[[[16.3199046,48.0682256],[16.3199616,48.0682119],[16.3199951,48.0682738],[16.319938,48.0682875],[16.3199203,48.0682548],[16.3199046,48.0682256]]]},"properties":{"voltage":"20000;400","name":""}},{"type":"Feature","geometry":{"type":"Polygon","coordinates":[[[16.3147847,48.0691357],[16.3148236,48.0691595],[16.3147396,48.0692207],[16.3147007,48.0691968],[16.3147847,48.0691357]]]},"properties":{"voltage":"20000;400","name":""}},{"type":"Feature","geometry":{"type":"Polygon","coordinates":[[[16.1298158,48.0575091],[16.1298591,48.0575187],[16.1298685,48.0574991],[16.129879,48.0574772],[16.1298341,48.0574687],[16.1298158,48.0575091]]]},"properties":{"voltage":"","name":"TST Heiligenkreuz"}},{"type":"Feature","geometry":{"type":"Polygon","coordinates":[[[16.1389746,48.0567064],[16.1390158,48.0567133],[16.139024,48.0566956],[16.1389818,48.0566892],[16.1389746,48.0567064]]]},"properties":{"voltage":"20000","name":"TST Heiligenkreuz Friedhof"}},{"type":"Feature","geometry":{"type":"Polygon","coordinates":[[[16.1243082,48.0592689],[16.1243434,48.0592846],[16.1243569,48.0592713],[16.1243215,48.0592557],[16.1243082,48.0592689]]]},"properties":{"voltage":"","name":""}},{"type":"Feature","geometry":{"type":"Polygon","coordinates":[[[16.1285956,48.0558966],[16.1285711,48.0559145],[16.128612,48.0559356],[16.1286348,48.0559176],[16.1285956,48.0558966]]]},"properties":{"voltage":"","name":""}},{"type":"Feature","geometry":{"type":"Polygon","coordinates":[[[16.1588682,48.0247373],[16.1589156,48.0247242],[16.1589279,48.024743],[16.1588813,48.0247566],[16.1588682,48.0247373]]]},"properties":{"voltage":"","name":""}},{"type":"Feature","geometry":{"type":"Polygon","coordinates":[[[16.1725979,48.0398933],[16.1726265,48.0398931],[16.1726274,48.0398673],[16.1725986,48.039867],[16.1725979,48.0398933]]]},"properties":{"voltage":"","name":""}},{"type":"Feature","geometry":{"type":"Polygon","coordinates":[[[16.166961,48.0219096],[16.1669916,48.0219304],[16.1670111,48.0219163],[16.166979,48.0218969],[16.166961,48.0219096]]]},"properties":{"voltage":"","name":""}},{"type":"Feature","geometry":{"type":"Polygon","coordinates":[[[16.1783534,48.0311054],[16.1783779,48.0311147],[16.1783977,48.0310902],[16.1783728,48.0310807],[16.1783534,48.0311054]]]},"properties":{"voltage":"20000;400","name":""}},{"type":"Feature","geometry":{"type":"Polygon","coordinates":[[[16.1002116,48.0415872],[16.1002772,48.0416166],[16.1002566,48.041635],[16.1001926,48.0416054],[16.1002116,48.0415872]]]},"properties":{"voltage":"","name":""}},{"type":"Feature","geometry":{"type":"Polygon","coordinates":[[[16.1036939,48.0533401],[16.1037168,48.0533636],[16.1037379,48.0533556],[16.103713,48.0533315],[16.1036939,48.0533401]]]},"properties":{"voltage":"","name":""}},{"type":"Feature","geometry":{"type":"Polygon","coordinates":[[[17.049104,48.1565915],[17.0492452,48.1563926],[17.0492909,48.1564071],[17.0494346,48.1564525],[17.0495058,48.156475],[17.0494077,48.1565273],[17.0493431,48.1565069],[17.0492501,48.1566377],[17.049104,48.1565915]]]},"properties":{"voltage":"","name":""}},{"type":"Feature","geometry":{"type":"Polygon","coordinates":[[[17.1535276,48.148537],[17.1535335,48.1485203],[17.1534938,48.1485145],[17.1534881,48.1485315],[17.1535276,48.148537]]]},"properties":{"voltage":"","name":"Ts 1761"}},{"type":"Feature","geometry":{"type":"Polygon","coordinates":[[[16.360778,48.2973359],[16.3608124,48.2973594],[16.3608482,48.2973362],[16.3608138,48.2973127],[16.360778,48.2973359]]]},"properties":{"voltage":"","name":""}},{"type":"Feature","geometry":{"type":"Polygon","coordinates":[[[16.2739201,48.0496111],[16.273949,48.0496353],[16.2739271,48.0496456],[16.2739034,48.0496568],[16.2738765,48.0496317],[16.2739201,48.0496111]]]},"properties":{"voltage":"","name":""}},{"type":"Feature","geometry":{"type":"Polygon","coordinates":[[[16.7614932,48.3860308],[16.7615328,48.386043],[16.7615674,48.3859964],[16.7615262,48.3859836],[16.7614932,48.3860308]]]},"properties":{"voltage":"","name":""}},{"type":"Feature","geometry":{"type":"Polygon","coordinates":[[[16.3135294,48.031012],[16.3135476,48.0310323],[16.3135685,48.0310555],[16.3136336,48.0310293],[16.3136141,48.0310055],[16.313598,48.0309858],[16.3135294,48.031012]]]},"properties":{"voltage":"","name":""}},{"type":"Feature","geometry":{"type":"Polygon","coordinates":[[[16.3153898,48.0200425],[16.3154203,48.0200665],[16.3154372,48.0200571],[16.3154581,48.0200455],[16.3154262,48.0200216],[16.3154076,48.0200323],[16.3153898,48.0200425]]]},"properties":{"voltage":"","name":""}},{"type":"Feature","geometry":{"type":"Polygon","coordinates":[[[16.3206716,48.0184846],[16.3207137,48.0184764],[16.3207023,48.0184456],[16.3206591,48.0184534],[16.3206655,48.0184693],[16.3206716,48.0184846]]]},"properties":{"voltage":"","name":""}},{"type":"Feature","geometry":{"type":"Polygon","coordinates":[[[16.2291286,48.1273901],[16.2291466,48.1273616],[16.2292033,48.1273776],[16.2291852,48.1274061],[16.2291286,48.1273901]]]},"properties":{"voltage":"","name":""}},{"type":"Feature","geometry":{"type":"Polygon","coordinates":[[[16.7849998,48.0478921],[16.7852749,48.0468581],[16.7860345,48.0474763],[16.7864931,48.0478539],[16.7852356,48.0484126],[16.7850079,48.0485037],[16.7848375,48.0485791],[16.7849551,48.048115],[16.7849998,48.0478921]]]},"properties":{"voltage":"110000","name":"Umspannwerk H\u00f6flein"}},{"type":"Feature","geometry":{"type":"Polygon","coordinates":[[[16.2171706,48.1229926],[16.2172296,48.1230433],[16.2171771,48.1230705],[16.217118,48.1230198],[16.2171706,48.1229926]]]},"properties":{"voltage":"","name":""}},{"type":"Feature","geometry":{"type":"Polygon","coordinates":[[[16.461768,48.263224],[16.4618285,48.2632043],[16.4618716,48.2632628],[16.461811,48.2632825],[16.461768,48.263224]]]},"properties":{"voltage":"","name":""}},{"type":"Feature","geometry":{"type":"Polygon","coordinates":[[[16.481334,48.2830436],[16.4813633,48.2831303],[16.4813035,48.2831392],[16.4812742,48.2830525],[16.481334,48.2830436]]]},"properties":{"voltage":"","name":""}},{"type":"Feature","geometry":{"type":"Polygon","coordinates":[[[16.4815393,48.2828732],[16.4815508,48.28291],[16.4815042,48.2829165],[16.4814927,48.2828797],[16.4815393,48.2828732]]]},"properties":{"voltage":"","name":""}},{"type":"Feature","geometry":{"type":"Polygon","coordinates":[[[16.4166357,48.2541502],[16.416636,48.2541269],[16.4167019,48.2541272],[16.4167016,48.2541505],[16.4166357,48.2541502]]]},"properties":{"voltage":"","name":""}},{"type":"Feature","geometry":{"type":"Polygon","coordinates":[[[16.2518603,48.0006718],[16.2518816,48.0006654],[16.2518977,48.000689],[16.2518761,48.0006952],[16.2518685,48.0006839],[16.2518603,48.0006718]]]},"properties":{"voltage":"","name":""}},{"type":"Feature","geometry":{"type":"Polygon","coordinates":[[[16.3792054,48.3616926],[16.379279,48.361681],[16.3792611,48.3616306],[16.3791875,48.3616422],[16.3792054,48.3616926]]]},"properties":{"voltage":"","name":""}},{"type":"Feature","geometry":{"type":"Polygon","coordinates":[[[16.7105506,48.1989387],[16.7105707,48.1989476],[16.7105943,48.198924],[16.7105742,48.1989151],[16.7105506,48.1989387]]]},"properties":{"voltage":"","name":""}},{"type":"Feature","geometry":{"type":"Polygon","coordinates":[[[16.7058229,48.1949409],[16.7058445,48.1949508],[16.7058695,48.1949268],[16.7058479,48.1949168],[16.7058229,48.1949409]]]},"properties":{"voltage":"","name":""}},{"type":"Feature","geometry":{"type":"Polygon","coordinates":[[[16.2918987,48.0330756],[16.2917633,48.0329341],[16.2919198,48.0328672],[16.2920551,48.0330087],[16.2918987,48.0330756]]]},"properties":{"voltage":"","name":""}},{"type":"Feature","geometry":{"type":"Polygon","coordinates":[[[16.2864573,48.1340443],[16.2865304,48.1340438],[16.2865297,48.1340013],[16.2864566,48.1340018],[16.2864573,48.1340443]]]},"properties":{"voltage":"","name":""}},{"type":"Feature","geometry":{"type":"Polygon","coordinates":[[[16.4239961,48.2601386],[16.4239399,48.2601233],[16.4239593,48.2600917],[16.4240155,48.2601069],[16.4239961,48.2601386]]]},"properties":{"voltage":"","name":""}},{"type":"Feature","geometry":{"type":"Polygon","coordinates":[[[16.4008843,48.3114978],[16.4009437,48.3114912],[16.4009329,48.3114477],[16.4008735,48.3114542],[16.4008843,48.3114978]]]},"properties":{"voltage":"","name":""}},{"type":"Feature","geometry":{"type":"Polygon","coordinates":[[[16.4024223,48.2719269],[16.4024764,48.2719134],[16.4024392,48.2718477],[16.4023851,48.2718613],[16.4024223,48.2719269]]]},"properties":{"voltage":"","name":""}},{"type":"Feature","geometry":{"type":"Polygon","coordinates":[[[16.2937564,48.1383289],[16.2937545,48.1383958],[16.2938566,48.1383971],[16.2938584,48.1383301],[16.2937564,48.1383289]]]},"properties":{"voltage":"","name":""}},{"type":"Feature","geometry":{"type":"Polygon","coordinates":[[[16.4054244,48.2712841],[16.40539,48.2712226],[16.4054516,48.2712073],[16.405486,48.2712688],[16.4054244,48.2712841]]]},"properties":{"voltage":"","name":""}},{"type":"Feature","geometry":{"type":"Polygon","coordinates":[[[16.2980916,48.1312764],[16.2981543,48.1312752],[16.2981505,48.1311871],[16.2980878,48.1311883],[16.2980916,48.1312764]]]},"properties":{"voltage":"20000;400","name":""}},{"type":"Feature","geometry":{"type":"Polygon","coordinates":[[[16.2785736,48.1336523],[16.2785129,48.1336724],[16.2784996,48.1336768],[16.2785146,48.1336971],[16.27854,48.1336887],[16.2785622,48.1337186],[16.2786092,48.1337031],[16.2785736,48.1336523]]]},"properties":{"voltage":"","name":""}},{"type":"Feature","geometry":{"type":"Polygon","coordinates":[[[16.3745274,48.3317958],[16.3745347,48.3318075],[16.3745436,48.3318218],[16.3744877,48.3318371],[16.3744715,48.3318111],[16.3745274,48.3317958]]]},"properties":{"voltage":"","name":""}},{"type":"Feature","geometry":{"type":"Polygon","coordinates":[[[16.344104,48.0010065],[16.3441284,48.0010373],[16.3441725,48.0010218],[16.344148,48.0009909],[16.344104,48.0010065]]]},"properties":{"voltage":"","name":""}},{"type":"Feature","geometry":{"type":"Polygon","coordinates":[[[16.2750842,48.1294685],[16.2751516,48.1294683],[16.2751513,48.1294251],[16.2750839,48.1294253],[16.2750842,48.1294685]]]},"properties":{"voltage":"","name":""}},{"type":"Feature","geometry":{"type":"Polygon","coordinates":[[[16.3045512,48.1327436],[16.3046102,48.1327312],[16.3045892,48.1326868],[16.3045304,48.1326999],[16.3045512,48.1327436]]]},"properties":{"voltage":"","name":""}},{"type":"Feature","geometry":{"type":"Polygon","coordinates":[[[16.2920533,48.1258751],[16.2920457,48.125897],[16.2920924,48.1259043],[16.2921,48.1258824],[16.2920533,48.1258751]]]},"properties":{"voltage":"","name":""}},{"type":"Feature","geometry":{"type":"Polygon","coordinates":[[[16.2914276,48.1367487],[16.2914296,48.136714],[16.2914828,48.1367154],[16.2916333,48.1367194],[16.2916312,48.1367541],[16.2914276,48.1367487]]]},"properties":{"voltage":"","name":""}},{"type":"Feature","geometry":{"type":"Polygon","coordinates":[[[16.2911381,48.2336635],[16.2912264,48.2336863],[16.291212,48.2337109],[16.2911237,48.2336881],[16.2911381,48.2336635]]]},"properties":{"voltage":"","name":"Unterwerk Neuwaldegg"}},{"type":"Feature","geometry":{"type":"Polygon","coordinates":[[[16.30662,48.1330079],[16.3066791,48.1329945],[16.306651,48.132933],[16.3065914,48.1329431],[16.30662,48.1330079]]]},"properties":{"voltage":"","name":""}},{"type":"Feature","geometry":{"type":"Polygon","coordinates":[[[16.3905243,48.1258548],[16.3905365,48.1259048],[16.3904964,48.1259092],[16.3904844,48.12586],[16.3905243,48.1258548]]]},"properties":{"voltage":"20000","name":""}},{"type":"Feature","geometry":{"type":"Polygon","coordinates":[[[16.4330708,48.1319059],[16.4331269,48.1318797],[16.4331022,48.1318562],[16.4330461,48.1318824],[16.4330708,48.1319059]]]},"properties":{"voltage":"","name":""}},{"type":"Feature","geometry":{"type":"Polygon","coordinates":[[[19.6364737,48.3337155],[19.6381474,48.3333393],[19.6378175,48.3328245],[19.6376511,48.3325618],[19.6360794,48.3328882],[19.6364737,48.3337155]]]},"properties":{"voltage":"","name":"Lu\u010denec"}},{"type":"Feature","geometry":{"type":"Polygon","coordinates":[[[16.2882267,48.1273674],[16.2882356,48.1273112],[16.2882833,48.1273146],[16.2882744,48.1273708],[16.2882569,48.1273695],[16.2882267,48.1273674]]]},"properties":{"voltage":"20000;400","name":""}},{"type":"Feature","geometry":{"type":"Polygon","coordinates":[[[16.4585927,48.2955728],[16.4586427,48.2955657],[16.4586207,48.295497],[16.4585708,48.295504],[16.4585927,48.2955728]]]},"properties":{"voltage":"","name":""}},{"type":"Feature","geometry":{"type":"Polygon","coordinates":[[[16.2697804,48.1311927],[16.2697696,48.1312309],[16.2698353,48.1312392],[16.2698461,48.131201],[16.2697804,48.1311927]]]},"properties":{"voltage":"","name":""}},{"type":"Feature","geometry":{"type":"Polygon","coordinates":[[[16.6397903,48.2444171],[16.6398567,48.2444164],[16.6398562,48.2443943],[16.6397898,48.244395],[16.6397903,48.2444171]]]},"properties":{"voltage":"","name":""}},{"type":"Feature","geometry":{"type":"Polygon","coordinates":[[[16.3754948,48.2747958],[16.3755195,48.2748039],[16.3755014,48.2748283],[16.3754768,48.2748202],[16.3754948,48.2747958]]]},"properties":{"voltage":"","name":""}},{"type":"Feature","geometry":{"type":"Polygon","coordinates":[[[16.3775019,48.2844324],[16.3775227,48.2844066],[16.3775916,48.284431],[16.3775708,48.2844569],[16.3775019,48.2844324]]]},"properties":{"voltage":"","name":""}},{"type":"Feature","geometry":{"type":"Polygon","coordinates":[[[16.3779139,48.2848581],[16.3779346,48.2848322],[16.3780035,48.2848567],[16.3779828,48.2848826],[16.3779139,48.2848581]]]},"properties":{"voltage":"","name":""}},{"type":"Feature","geometry":{"type":"Polygon","coordinates":[[[16.3793607,48.2854348],[16.3793939,48.2853947],[16.3795691,48.2854591],[16.3795359,48.2854991],[16.3793607,48.2854348]]]},"properties":{"voltage":"","name":""}},{"type":"Feature","geometry":{"type":"Polygon","coordinates":[[[16.395371,48.2659743],[16.3954425,48.2659613],[16.3954538,48.2659886],[16.3953822,48.2660016],[16.395371,48.2659743]]]},"properties":{"voltage":"","name":""}},{"type":"Feature","geometry":{"type":"Polygon","coordinates":[[[16.4034211,48.2645487],[16.4033888,48.264487],[16.4033266,48.2645014],[16.4033589,48.2645631],[16.4034211,48.2645487]]]},"properties":{"voltage":"","name":""}},{"type":"Feature","geometry":{"type":"Polygon","coordinates":[[[16.2613107,48.1205451],[16.2613564,48.1205557],[16.2613654,48.1205383],[16.2613197,48.1205277],[16.2613107,48.1205451]]]},"properties":{"voltage":"","name":""}},{"type":"Feature","geometry":{"type":"Polygon","coordinates":[[[16.3806191,48.255604],[16.3806375,48.2555347],[16.3805707,48.2555268],[16.3805523,48.2555962],[16.3806191,48.255604]]]},"properties":{"voltage":"","name":""}},{"type":"Feature","geometry":{"type":"Polygon","coordinates":[[[16.4462066,48.289218],[16.4462135,48.2892149],[16.4462506,48.289252],[16.4461951,48.2892766],[16.446158,48.2892394],[16.4462066,48.289218]]]},"properties":{"voltage":"","name":""}},{"type":"Feature","geometry":{"type":"Polygon","coordinates":[[[16.2983597,48.1399751],[16.2983602,48.1399307],[16.2984197,48.139931],[16.2984192,48.1399754],[16.2983597,48.1399751]]]},"properties":{"voltage":"20000;400","name":""}},{"type":"Feature","geometry":{"type":"Polygon","coordinates":[[[16.679695,48.3294343],[16.6797036,48.3294128],[16.6797312,48.3294171],[16.6797223,48.3294391],[16.679695,48.3294343]]]},"properties":{"voltage":"","name":"TST Sch\u00f6nkirchen J\u00e4gergasse"}},{"type":"Feature","geometry":{"type":"Polygon","coordinates":[[[16.68402,48.330048],[16.6840286,48.3300265],[16.6840562,48.3300308],[16.6840473,48.3300528],[16.68402,48.330048]]]},"properties":{"voltage":"","name":""}},{"type":"Feature","geometry":{"type":"Polygon","coordinates":[[[16.3640332,48.1158987],[16.3640559,48.1158922],[16.36408,48.1158853],[16.3640996,48.1159159],[16.3640528,48.1159293],[16.3640332,48.1158987]]]},"properties":{"voltage":"20000;400","name":""}},{"type":"Feature","geometry":{"type":"Polygon","coordinates":[[[16.4447552,48.0768231],[16.4447741,48.0768148],[16.4447976,48.0768046],[16.444823,48.0768305],[16.4447805,48.076849],[16.4447552,48.0768231]]]},"properties":{"voltage":"","name":""}},{"type":"Feature","geometry":{"type":"Polygon","coordinates":[[[16.2585784,48.1366443],[16.2585831,48.1366898],[16.2586423,48.1367047],[16.258633,48.136614],[16.2585756,48.1366166],[16.2585784,48.1366443]]]},"properties":{"voltage":"","name":""}},{"type":"Feature","geometry":{"type":"Polygon","coordinates":[[[16.2852021,48.1303228],[16.2852,48.1303427],[16.2851564,48.1303406],[16.2851585,48.1303207],[16.2852021,48.1303228]]]},"properties":{"voltage":"","name":""}},{"type":"Feature","geometry":{"type":"Polygon","coordinates":[[[17.2545107,48.2766664],[17.2545383,48.276654],[17.2545102,48.2766251],[17.254482,48.2766373],[17.2545107,48.2766664]]]},"properties":{"voltage":"","name":"TS 52-75"}},{"type":"Feature","geometry":{"type":"Polygon","coordinates":[[[19.0647048,48.3440009],[19.0646624,48.3439935],[19.0644887,48.3439634],[19.064446,48.343913],[19.0638982,48.3438517],[19.0640689,48.3432872],[19.0648686,48.3433906],[19.0649003,48.3434528],[19.0647048,48.3440009]]]},"properties":{"voltage":"","name":"Krupina"}},{"type":"Feature","geometry":{"type":"Polygon","coordinates":[[[16.2625914,48.1450564],[16.2625906,48.1450273],[16.2625656,48.1450276],[16.2625664,48.1450567],[16.2625914,48.1450564]]]},"properties":{"voltage":"","name":""}},{"type":"Feature","geometry":{"type":"Polygon","coordinates":[[[16.4523683,48.2702736],[16.4524267,48.2702696],[16.4524212,48.2702339],[16.4523628,48.270238],[16.4523683,48.2702736]]]},"properties":{"voltage":"","name":""}},{"type":"Feature","geometry":{"type":"Polygon","coordinates":[[[16.2599308,48.0187549],[16.259953,48.0187925],[16.2600145,48.0187762],[16.2599923,48.0187386],[16.2599308,48.0187549]]]},"properties":{"voltage":"","name":""}},{"type":"Feature","geometry":{"type":"Polygon","coordinates":[[[16.2646003,48.0198975],[16.264661,48.0198726],[16.2647025,48.0199179],[16.2646419,48.0199428],[16.2646003,48.0198975]]]},"properties":{"voltage":"","name":""}},{"type":"Feature","geometry":{"type":"Polygon","coordinates":[[[16.2635897,48.0144907],[16.2635412,48.0145095],[16.2635983,48.0145753],[16.2636467,48.0145565],[16.2635897,48.0144907]]]},"properties":{"voltage":"20000","name":""}},{"type":"Feature","geometry":{"type":"Polygon","coordinates":[[[16.4475922,48.1750731],[16.4476228,48.1750508],[16.4476467,48.1750654],[16.447616,48.1750877],[16.4475922,48.1750731]]]},"properties":{"voltage":"","name":""}},{"type":"Feature","geometry":{"type":"Polygon","coordinates":[[[16.4549067,48.1715888],[16.4549296,48.1716306],[16.4549988,48.1716137],[16.4549758,48.171572],[16.4549067,48.1715888]]]},"properties":{"voltage":"","name":""}},{"type":"Feature","geometry":{"type":"Polygon","coordinates":[[[16.4604128,48.1802913],[16.4604712,48.1802369],[16.4605292,48.1802646],[16.4604708,48.180319],[16.4604128,48.1802913]]]},"properties":{"voltage":"","name":""}},{"type":"Feature","geometry":{"type":"Polygon","coordinates":[[[16.2690399,48.2078835],[16.2690665,48.2078726],[16.2690786,48.2078857],[16.269052,48.2078966],[16.2690399,48.2078835]]]},"properties":{"voltage":"","name":""}},{"type":"Feature","geometry":{"type":"Polygon","coordinates":[[[16.3058387,48.1371375],[16.30574,48.1371433],[16.3057347,48.1371029],[16.3058334,48.1370971],[16.3058387,48.1371375]]]},"properties":{"voltage":"","name":""}},{"type":"Feature","geometry":{"type":"Polygon","coordinates":[[[16.3088379,48.1368583],[16.308973,48.1368474],[16.3089658,48.1368078],[16.3088307,48.1368186],[16.3088379,48.1368583]]]},"properties":{"voltage":"","name":""}},{"type":"Feature","geometry":{"type":"Polygon","coordinates":[[[16.3101861,48.1339627],[16.310318,48.1339346],[16.3102972,48.1338901],[16.3101643,48.1339179],[16.3101861,48.1339627]]]},"properties":{"voltage":"","name":""}},{"type":"Feature","geometry":{"type":"Polygon","coordinates":[[[17.669194,48.5243271],[17.669992,48.5239594],[17.6693697,48.5232896],[17.6694757,48.5232443],[17.6692128,48.5229725],[17.6682593,48.5233962],[17.669194,48.5243271]]]},"properties":{"voltage":"","name":"Ve\u013eke Kosto\u013eany"}},{"type":"Feature","geometry":{"type":"Polygon","coordinates":[[[16.3170066,48.1280051],[16.3170981,48.1279811],[16.3170634,48.1279222],[16.3169719,48.1279462],[16.3170066,48.1280051]]]},"properties":{"voltage":"","name":""}},{"type":"Feature","geometry":{"type":"Polygon","coordinates":[[[16.318009,48.1256495],[16.3180357,48.1257155],[16.3181013,48.1257036],[16.3180746,48.1256377],[16.318009,48.1256495]]]},"properties":{"voltage":"","name":""}},{"type":"Feature","geometry":{"type":"Polygon","coordinates":[[[16.339682,48.0602266],[16.3397178,48.0602282],[16.3397084,48.060322],[16.3396726,48.0603204],[16.339682,48.0602266]]]},"properties":{"voltage":"","name":""}},{"type":"Feature","geometry":{"type":"Polygon","coordinates":[[[16.4085695,48.1688209],[16.4085362,48.1687975],[16.4086349,48.1687352],[16.4086158,48.1687217],[16.4086519,48.168699],[16.4087043,48.1687359],[16.4085695,48.1688209]]]},"properties":{"voltage":"","name":""}},{"type":"Feature","geometry":{"type":"Polygon","coordinates":[[[17.1484214,48.05056],[17.1484423,48.0505433],[17.1484816,48.0505669],[17.1484599,48.0505828],[17.1484214,48.05056]]]},"properties":{"voltage":"","name":""}},{"type":"Feature","geometry":{"type":"Polygon","coordinates":[[[16.4114959,48.2603306],[16.4114779,48.2603204],[16.4114948,48.2603071],[16.4115128,48.2603173],[16.4114959,48.2603306]]]},"properties":{"voltage":"","name":""}},{"type":"Feature","geometry":{"type":"Polygon","coordinates":[[[16.3884128,48.2757713],[16.388433,48.275725],[16.3885177,48.2757414],[16.3884974,48.2757877],[16.3884921,48.2757867],[16.3884128,48.2757713]]]},"properties":{"voltage":"","name":""}},{"type":"Feature","geometry":{"type":"Polygon","coordinates":[[[16.3256411,48.2574623],[16.325678,48.2574517],[16.3256871,48.2574658],[16.3256502,48.2574764],[16.3256411,48.2574623]]]},"properties":{"voltage":"","name":""}},{"type":"Feature","geometry":{"type":"Polygon","coordinates":[[[16.3086097,48.0302223],[16.3086685,48.0302091],[16.3086594,48.0301909],[16.308645,48.0301623],[16.3085862,48.0301756],[16.3085969,48.0301968],[16.3086097,48.0302223]]]},"properties":{"voltage":"20000;400","name":""}},{"type":"Feature","geometry":{"type":"Polygon","coordinates":[[[16.3121356,48.1547682],[16.3120965,48.1548352],[16.3121553,48.1548505],[16.3121945,48.1547835],[16.3121356,48.1547682]]]},"properties":{"voltage":"","name":""}},{"type":"Feature","geometry":{"type":"Polygon","coordinates":[[[16.2892035,48.1488826],[16.2892319,48.1488752],[16.2892205,48.1488556],[16.2891921,48.1488629],[16.2892035,48.1488826]]]},"properties":{"voltage":"","name":""}},{"type":"Feature","geometry":{"type":"Polygon","coordinates":[[[16.8335951,48.1081165],[16.8335815,48.1081363],[16.8336128,48.1081459],[16.8336264,48.1081261],[16.8335951,48.1081165]]]},"properties":{"voltage":"","name":""}},{"type":"Feature","geometry":{"type":"Polygon","coordinates":[[[16.8408533,48.1061909],[16.840882,48.1062004],[16.8408972,48.1061802],[16.8408685,48.1061706],[16.8408533,48.1061909]]]},"properties":{"voltage":"","name":""}},{"type":"Feature","geometry":{"type":"Polygon","coordinates":[[[16.8384689,48.1102321],[16.8385029,48.1102399],[16.8385137,48.110219],[16.8384797,48.1102112],[16.8384689,48.1102321]]]},"properties":{"voltage":"","name":""}},{"type":"Feature","geometry":{"type":"Polygon","coordinates":[[[16.2860099,48.0328111],[16.2860423,48.0327979],[16.2860057,48.0327579],[16.2859734,48.0327711],[16.2860099,48.0328111]]]},"properties":{"voltage":"20000;400","name":""}},{"type":"Feature","geometry":{"type":"Polygon","coordinates":[[[16.2851495,48.0323258],[16.2851833,48.0323596],[16.2852707,48.0323207],[16.2852368,48.0322868],[16.2851495,48.0323258]]]},"properties":{"voltage":"20000;400","name":""}},{"type":"Feature","geometry":{"type":"Polygon","coordinates":[[[16.324671,48.1096058],[16.3247012,48.1096007],[16.324693,48.109579],[16.3246628,48.1095841],[16.324671,48.1096058]]]},"properties":{"voltage":"","name":""}},{"type":"Feature","geometry":{"type":"Polygon","coordinates":[[[16.3252487,48.111346],[16.3252789,48.1113409],[16.3252707,48.1113192],[16.3252405,48.1113243],[16.3252487,48.111346]]]},"properties":{"voltage":"","name":""}},{"type":"Feature","geometry":{"type":"Polygon","coordinates":[[[17.1731998,48.1816707],[17.1732168,48.1816467],[17.1731574,48.1816279],[17.1731403,48.1816519],[17.1731998,48.1816707]]]},"properties":{"voltage":"","name":""}},{"type":"Feature","geometry":{"type":"Polygon","coordinates":[[[16.3523591,48.2797945],[16.3523429,48.2797849],[16.3523672,48.2797667],[16.3523834,48.2797763],[16.3523591,48.2797945]]]},"properties":{"voltage":"","name":""}},{"type":"Feature","geometry":{"type":"Polygon","coordinates":[[[16.3385341,48.2860005],[16.3385808,48.2860468],[16.3385432,48.2860636],[16.3384966,48.2860172],[16.3385341,48.2860005]]]},"properties":{"voltage":"10000","name":""}},{"type":"Feature","geometry":{"type":"Polygon","coordinates":[[[16.4115289,48.1245512],[16.4115703,48.1245479],[16.4115805,48.1246055],[16.4115391,48.1246088],[16.4115289,48.1245512]]]},"properties":{"voltage":"","name":""}},{"type":"Feature","geometry":{"type":"Polygon","coordinates":[[[16.4125347,48.122298],[16.4125705,48.1222962],[16.4125649,48.1222465],[16.412529,48.1222483],[16.4125347,48.122298]]]},"properties":{"voltage":"","name":""}},{"type":"Feature","geometry":{"type":"Polygon","coordinates":[[[16.4293557,48.1243159],[16.429342,48.1243577],[16.4293793,48.1243631],[16.429393,48.1243213],[16.4293557,48.1243159]]]},"properties":{"voltage":"","name":""}},{"type":"Feature","geometry":{"type":"Polygon","coordinates":[[[16.2903876,48.144927],[16.2904316,48.1449207],[16.2904163,48.1448735],[16.2903724,48.1448799],[16.2903876,48.144927]]]},"properties":{"voltage":"","name":""}},{"type":"Feature","geometry":{"type":"Polygon","coordinates":[[[16.4015464,48.1868094],[16.4015969,48.1868295],[16.4016312,48.1867905],[16.4015808,48.1867704],[16.4015464,48.1868094]]]},"properties":{"voltage":"","name":""}},{"type":"Feature","geometry":{"type":"Polygon","coordinates":[[[16.3889717,48.1711012],[16.3890038,48.1711834],[16.3890926,48.1711679],[16.3890605,48.1710858],[16.3889717,48.1711012]]]},"properties":{"voltage":"","name":""}},{"type":"Feature","geometry":{"type":"Polygon","coordinates":[[[16.3547727,48.0725939],[16.354826,48.0725862],[16.3548378,48.0726228],[16.3547845,48.0726305],[16.3547727,48.0725939]]]},"properties":{"voltage":"20000;400","name":""}},{"type":"Feature","geometry":{"type":"Polygon","coordinates":[[[16.5214141,48.2643128],[16.5214544,48.264307],[16.5214401,48.264263],[16.5213998,48.2642688],[16.5214141,48.2643128]]]},"properties":{"voltage":"","name":""}},{"type":"Feature","geometry":{"type":"Polygon","coordinates":[[[16.3785601,48.0335512],[16.3785916,48.0335991],[16.3785385,48.0336148],[16.3785069,48.0335668],[16.3785601,48.0335512]]]},"properties":{"voltage":"20000;400","name":""}},{"type":"Feature","geometry":{"type":"Polygon","coordinates":[[[16.2976859,48.1542617],[16.2977401,48.1542437],[16.2977847,48.1543033],[16.2977305,48.1543213],[16.2977181,48.1543047],[16.2976859,48.1542617]]]},"properties":{"voltage":"","name":""}},{"type":"Feature","geometry":{"type":"Polygon","coordinates":[[[16.2834714,48.1439153],[16.2835632,48.1439021],[16.283549,48.143858],[16.2834572,48.1438711],[16.2834714,48.1439153]]]},"properties":{"voltage":"","name":""}},{"type":"Feature","geometry":{"type":"Polygon","coordinates":[[[16.3784685,48.0257263],[16.3785144,48.0257473],[16.3784901,48.0257711],[16.3784441,48.0257501],[16.3784685,48.0257263]]]},"properties":{"voltage":"20000;400","name":""}},{"type":"Feature","geometry":{"type":"Polygon","coordinates":[[[16.4129605,48.0322419],[16.4130133,48.0322469],[16.4130088,48.032268],[16.4129561,48.032263],[16.4129605,48.0322419]]]},"properties":{"voltage":"20000;400","name":""}},{"type":"Feature","geometry":{"type":"Polygon","coordinates":[[[16.4231515,48.0348996],[16.4231826,48.0349166],[16.4231567,48.0349377],[16.4231411,48.0349292],[16.4231256,48.0349207],[16.4231515,48.0348996]]]},"properties":{"voltage":"20000","name":""}},{"type":"Feature","geometry":{"type":"Polygon","coordinates":[[[16.430647,48.0364812],[16.4306903,48.0364694],[16.4307053,48.0364941],[16.430683,48.0365002],[16.4306619,48.0365059],[16.430647,48.0364812]]]},"properties":{"voltage":"20000","name":""}},{"type":"Feature","geometry":{"type":"Polygon","coordinates":[[[16.4521665,48.2753548],[16.4522334,48.2753487],[16.452224,48.2753031],[16.4521571,48.2753092],[16.4521665,48.2753548]]]},"properties":{"voltage":"","name":""}},{"type":"Feature","geometry":{"type":"Polygon","coordinates":[[[16.3746023,48.1688577],[16.3746304,48.1689033],[16.3745749,48.1689183],[16.3745695,48.1689092],[16.3745358,48.1689191],[16.3745098,48.1688811],[16.3746023,48.1688577]]]},"properties":{"voltage":"","name":""}},{"type":"Feature","geometry":{"type":"Polygon","coordinates":[[[16.3522345,48.1174449],[16.3522398,48.1174225],[16.3523057,48.1174293],[16.3523004,48.1174517],[16.3522345,48.1174449]]]},"properties":{"voltage":"20000;400","name":""}},{"type":"Feature","geometry":{"type":"Polygon","coordinates":[[[17.0379029,48.224316],[17.0379286,48.2242985],[17.0378977,48.2242783],[17.037872,48.2242957],[17.0379029,48.224316]]]},"properties":{"voltage":"","name":""}},{"type":"Feature","geometry":{"type":"Polygon","coordinates":[[[16.3404216,48.2973097],[16.3404645,48.2972483],[16.3405172,48.2972647],[16.3404743,48.297326],[16.3404216,48.2973097]]]},"properties":{"voltage":"","name":""}},{"type":"Feature","geometry":{"type":"Polygon","coordinates":[[[16.4114477,48.0372317],[16.4114647,48.0372283],[16.4114909,48.037223],[16.4115025,48.0372486],[16.4114592,48.0372573],[16.4114477,48.0372317]]]},"properties":{"voltage":"20000;400","name":""}},{"type":"Feature","geometry":{"type":"Polygon","coordinates":[[[16.3851808,48.0299487],[16.3852396,48.0299387],[16.3852495,48.0299647],[16.3851906,48.0299746],[16.3851808,48.0299487]]]},"properties":{"voltage":"20000;400","name":""}},{"type":"Feature","geometry":{"type":"Polygon","coordinates":[[[16.4059092,48.0249106],[16.4058806,48.0248713],[16.4059174,48.0248594],[16.4059459,48.0248987],[16.4059092,48.0249106]]]},"properties":{"voltage":"20000;400","name":""}},{"type":"Feature","geometry":{"type":"Polygon","coordinates":[[[16.467909,48.1983723],[16.4679695,48.1984153],[16.4680107,48.1983896],[16.4679502,48.1983466],[16.467909,48.1983723]]]},"properties":{"voltage":"","name":""}},{"type":"Feature","geometry":{"type":"Polygon","coordinates":[[[16.3960644,48.0832324],[16.3960747,48.083213],[16.3961382,48.0832279],[16.3961279,48.0832473],[16.3960644,48.0832324]]]},"properties":{"voltage":"20000;400","name":""}},{"type":"Feature","geometry":{"type":"Polygon","coordinates":[[[16.3687651,48.0815103],[16.3687672,48.0814682],[16.3687999,48.0814688],[16.3687978,48.0815109],[16.3687651,48.0815103]]]},"properties":{"voltage":"20000;400","name":""}},{"type":"Feature","geometry":{"type":"Polygon","coordinates":[[[16.8608604,48.0201312],[16.8610792,48.0202013],[16.8614581,48.0209679],[16.8597974,48.0214316],[16.8591782,48.0210071],[16.8599627,48.0205331],[16.8602163,48.0203956],[16.8606037,48.0202062],[16.8608604,48.0201312]]]},"properties":{"voltage":"110000","name":"Umspannwerk Bruckneudorf"}},{"type":"Feature","geometry":{"type":"Polygon","coordinates":[[[16.438995,48.3447532],[16.4389762,48.3447244],[16.4390471,48.3447039],[16.439066,48.3447327],[16.438995,48.3447532]]]},"properties":{"voltage":"","name":""}},{"type":"Feature","geometry":{"type":"Polygon","coordinates":[[[16.5942517,48.0713417],[16.5942867,48.0713627],[16.5943188,48.0713389],[16.5943002,48.0713277],[16.5942838,48.0713178],[16.5942517,48.0713417]]]},"properties":{"voltage":"","name":""}},{"type":"Feature","geometry":{"type":"Polygon","coordinates":[[[16.5889292,48.0652021],[16.5889333,48.0651601],[16.588948,48.0651607],[16.5889632,48.0651614],[16.5889732,48.0651618],[16.588969,48.0652044],[16.5889292,48.0652021]]]},"properties":{"voltage":"","name":""}},{"type":"Feature","geometry":{"type":"Polygon","coordinates":[[[16.5989129,48.0906514],[16.5989426,48.090694],[16.5988848,48.090712],[16.598855,48.0906695],[16.5988852,48.0906601],[16.5989129,48.0906514]]]},"properties":{"voltage":"","name":""}},{"type":"Feature","geometry":{"type":"Polygon","coordinates":[[[16.6058578,48.0904081],[16.6059054,48.090395],[16.605899,48.0903845],[16.6058926,48.0903741],[16.6058721,48.0903797],[16.6058449,48.0903872],[16.6058578,48.0904081]]]},"properties":{"voltage":"","name":""}},{"type":"Feature","geometry":{"type":"Polygon","coordinates":[[[16.6059281,48.1005833],[16.6059525,48.1005827],[16.6059774,48.1005821],[16.6059756,48.1005485],[16.6059517,48.100549],[16.6059264,48.1005496],[16.6059281,48.1005833]]]},"properties":{"voltage":"","name":""}},{"type":"Feature","geometry":{"type":"Polygon","coordinates":[[[16.6059374,48.1009753],[16.6059827,48.1009753],[16.6059829,48.1009438],[16.6059606,48.1009438],[16.6059375,48.1009437],[16.6059374,48.1009753]]]},"properties":{"voltage":"","name":""}},{"type":"Feature","geometry":{"type":"Polygon","coordinates":[[[16.5426534,48.0793743],[16.5426629,48.0793862],[16.5426752,48.0794017],[16.5427252,48.0793839],[16.542714,48.0793698],[16.5427033,48.0793565],[16.5426534,48.0793743]]]},"properties":{"voltage":"20000;400","name":""}},{"type":"Feature","geometry":{"type":"Polygon","coordinates":[[[16.5358803,48.0813859],[16.5359422,48.081368],[16.5359126,48.0813224],[16.5358507,48.0813403],[16.5358803,48.0813859]]]},"properties":{"voltage":"","name":""}},{"type":"Feature","geometry":{"type":"Polygon","coordinates":[[[16.3877783,48.3898483],[16.3878231,48.3898436],[16.3878182,48.3898226],[16.3877734,48.3898272],[16.3877783,48.3898483]]]},"properties":{"voltage":"","name":""}},{"type":"Feature","geometry":{"type":"Polygon","coordinates":[[[16.3526701,48.0042147],[16.3526998,48.0042475],[16.3527595,48.0042233],[16.3527298,48.0041905],[16.3526701,48.0042147]]]},"properties":{"voltage":"","name":""}},{"type":"Feature","geometry":{"type":"Polygon","coordinates":[[[16.6591022,48.1124585],[16.6591447,48.112452],[16.6591514,48.1124718],[16.6591089,48.1124783],[16.6591022,48.1124585]]]},"properties":{"voltage":"","name":"TST Ma. Ellend HD S\u00fcd"}},{"type":"Feature","geometry":{"type":"Polygon","coordinates":[[[16.4433525,48.0430504],[16.4433997,48.04303],[16.4433686,48.0429979],[16.4433214,48.0430183],[16.4433354,48.0430327],[16.4433525,48.0430504]]]},"properties":{"voltage":"","name":""}},{"type":"Feature","geometry":{"type":"Polygon","coordinates":[[[16.3258814,48.1329778],[16.3258677,48.1330267],[16.3259285,48.1330343],[16.3259422,48.1329854],[16.3258814,48.1329778]]]},"properties":{"voltage":"","name":""}},{"type":"Feature","geometry":{"type":"Polygon","coordinates":[[[16.3687349,48.2850335],[16.3687596,48.284994],[16.3688469,48.2850181],[16.3688222,48.2850576],[16.3687349,48.2850335]]]},"properties":{"voltage":"","name":""}},{"type":"Feature","geometry":{"type":"Polygon","coordinates":[[[16.3739109,48.2836217],[16.3738369,48.2836042],[16.3738249,48.2836262],[16.3737964,48.2836804],[16.3737803,48.2837127],[16.3738434,48.2837287],[16.3739109,48.2836217]]]},"properties":{"voltage":"","name":""}},{"type":"Feature","geometry":{"type":"Polygon","coordinates":[[[20.3751415,48.3025208],[20.3752538,48.3025077],[20.3752124,48.3023499],[20.3751001,48.3023629],[20.3751415,48.3025208]]]},"properties":{"voltage":"","name":""}},{"type":"Feature","geometry":{"type":"Polygon","coordinates":[[[16.3858537,48.0736145],[16.3858816,48.073606],[16.3858628,48.0735785],[16.3858349,48.073587],[16.3858537,48.0736145]]]},"properties":{"voltage":"20000;400","name":""}},{"type":"Feature","geometry":{"type":"Polygon","coordinates":[[[16.3823735,48.0505757],[16.382328,48.0505791],[16.3823367,48.0506311],[16.3823822,48.0506277],[16.3823735,48.0505757]]]},"properties":{"voltage":"20000;400","name":""}},{"type":"Feature","geometry":{"type":"Polygon","coordinates":[[[21.9586506,48.3093447],[21.9589233,48.3092283],[21.9590005,48.3091924],[21.958877,48.3090572],[21.9591857,48.3089288],[21.9590417,48.3087868],[21.9588615,48.3088741],[21.9587252,48.3087372],[21.9582672,48.308934],[21.9586506,48.3093447]]]},"properties":{"voltage":"22000","name":""}},{"type":"Feature","geometry":{"type":"Polygon","coordinates":[[[18.2983002,48.2311321],[18.2983022,48.2309224],[18.2983063,48.2304998],[18.2976863,48.2305005],[18.2976782,48.2311301],[18.2983002,48.2311321]]]},"properties":{"voltage":"","name":"Pp Vr\u00e1ble"}},{"type":"Feature","geometry":{"type":"Polygon","coordinates":[[[16.2888842,48.0034936],[16.2889315,48.0035326],[16.2889665,48.0035137],[16.2889436,48.0034948],[16.2889192,48.0034746],[16.2889002,48.0034849],[16.2888842,48.0034936]]]},"properties":{"voltage":"","name":""}},{"type":"Feature","geometry":{"type":"Polygon","coordinates":[[[16.2841322,48.0070691],[16.2841771,48.0070488],[16.2841556,48.0070276],[16.2841311,48.0070034],[16.2840862,48.0070237],[16.2841322,48.0070691]]]},"properties":{"voltage":"","name":""}},{"type":"Feature","geometry":{"type":"Polygon","coordinates":[[[16.2726026,48.006199],[16.2726081,48.006175],[16.2726126,48.0061554],[16.272664,48.0061606],[16.2726541,48.0062042],[16.2726026,48.006199]]]},"properties":{"voltage":"","name":""}},{"type":"Feature","geometry":{"type":"Polygon","coordinates":[[[16.4643578,48.1278215],[16.4643971,48.1278664],[16.4643301,48.1278925],[16.4642908,48.1278476],[16.4643578,48.1278215]]]},"properties":{"voltage":"","name":""}},{"type":"Feature","geometry":{"type":"Polygon","coordinates":[[[16.4313581,48.2673329],[16.4314369,48.2673268],[16.4314317,48.2672968],[16.4313529,48.2673029],[16.4313581,48.2673329]]]},"properties":{"voltage":"","name":""}},{"type":"Feature","geometry":{"type":"Polygon","coordinates":[[[16.3586707,48.1117825],[16.3586279,48.1117801],[16.358634,48.1117315],[16.3586768,48.1117339],[16.3586707,48.1117825]]]},"properties":{"voltage":"20000;400","name":""}},{"type":"Feature","geometry":{"type":"Polygon","coordinates":[[[16.4633057,48.1749335],[16.4632446,48.1748512],[16.4631784,48.1748731],[16.4631742,48.1748745],[16.4632353,48.1749568],[16.4632395,48.1749554],[16.4633057,48.1749335]]]},"properties":{"voltage":"","name":""}},{"type":"Feature","geometry":{"type":"Polygon","coordinates":[[[16.2930264,48.2499461],[16.293033,48.2499584],[16.2930168,48.2499623],[16.2930102,48.24995],[16.2930264,48.2499461]]]},"properties":{"voltage":"","name":""}},{"type":"Feature","geometry":{"type":"Polygon","coordinates":[[[16.7293266,48.3400314],[16.7293451,48.3399876],[16.729398,48.3399974],[16.7293795,48.3400413],[16.7293266,48.3400314]]]},"properties":{"voltage":"","name":""}},{"type":"Feature","geometry":{"type":"Polygon","coordinates":[[[16.6498271,48.3236765],[16.6498654,48.3236756],[16.6498644,48.3236564],[16.6498261,48.3236573],[16.6498271,48.3236765]]]},"properties":{"voltage":"","name":""}},{"type":"Feature","geometry":{"type":"Polygon","coordinates":[[[16.5966591,48.3103946],[16.5965885,48.3103879],[16.596593,48.3103671],[16.5966636,48.3103739],[16.5966591,48.3103946]]]},"properties":{"voltage":"","name":""}},{"type":"Feature","geometry":{"type":"Polygon","coordinates":[[[16.4681103,48.2994903],[16.4680792,48.299454],[16.4681389,48.2994314],[16.46817,48.2994678],[16.4681103,48.2994903]]]},"properties":{"voltage":"","name":""}},{"type":"Feature","geometry":{"type":"Polygon","coordinates":[[[16.4616059,48.302188],[16.4617199,48.3021406],[16.4616929,48.3021119],[16.4615789,48.3021592],[16.4616059,48.302188]]]},"properties":{"voltage":"","name":""}},{"type":"Feature","geometry":{"type":"Polygon","coordinates":[[[16.4136983,48.2431918],[16.4136758,48.2431699],[16.4136962,48.2431606],[16.4137187,48.2431824],[16.4136983,48.2431918]]]},"properties":{"voltage":"","name":""}},{"type":"Feature","geometry":{"type":"Polygon","coordinates":[[[16.5788217,48.0099877],[16.5788388,48.0099771],[16.5788105,48.0099567],[16.5787934,48.0099673],[16.5788217,48.0099877]]]},"properties":{"voltage":"20000","name":""}},{"type":"Feature","geometry":{"type":"Polygon","coordinates":[[[16.5787133,48.0140364],[16.5787454,48.0140208],[16.5787217,48.0139989],[16.5786896,48.0140145],[16.5787133,48.0140364]]]},"properties":{"voltage":"20000","name":""}},{"type":"Feature","geometry":{"type":"Polygon","coordinates":[[[16.3061098,48.1532793],[16.3061131,48.1532435],[16.3062334,48.1532509],[16.3062321,48.1532858],[16.3061098,48.1532793]]]},"properties":{"voltage":"","name":""}},{"type":"Feature","geometry":{"type":"Polygon","coordinates":[[[18.4550728,48.2579665],[18.4552747,48.2579791],[18.4553116,48.2577563],[18.4558487,48.257763],[18.455846,48.2578594],[18.4568035,48.2579112],[18.4564549,48.2606458],[18.4564537,48.2606552],[18.4562979,48.2618946],[18.4562699,48.262121],[18.4561418,48.2631435],[18.4554823,48.2631609],[18.4549411,48.2631249],[18.454478,48.2630283],[18.4544818,48.2629957],[18.4544928,48.2629028],[18.4547527,48.2605441],[18.4547722,48.2604204],[18.4547765,48.260374],[18.4547859,48.2603068],[18.4549311,48.2591151],[18.454946,48.2590459],[18.4549814,48.2587447],[18.4549898,48.2586734],[18.4550728,48.2579665]]]},"properties":{"voltage":"400000;110000","name":"Mochovce"}},{"type":"Feature","geometry":{"type":"Polygon","coordinates":[[[16.3109678,48.2311541],[16.3109927,48.2311365],[16.3110119,48.2311484],[16.3109854,48.231165],[16.3109678,48.2311541]]]},"properties":{"voltage":"","name":""}},{"type":"Feature","geometry":{"type":"Polygon","coordinates":[[[16.3015234,48.2353162],[16.3015202,48.235392],[16.3014596,48.2353933],[16.3014628,48.2353176],[16.3015234,48.2353162]]]},"properties":{"voltage":"","name":""}},{"type":"Feature","geometry":{"type":"Polygon","coordinates":[[[16.401491,48.176795],[16.4014815,48.1767555],[16.4016112,48.1767417],[16.4016206,48.1767812],[16.401491,48.176795]]]},"properties":{"voltage":"","name":""}},{"type":"Feature","geometry":{"type":"Polygon","coordinates":[[[16.3998958,48.1748691],[16.3999457,48.1748672],[16.3999412,48.174812],[16.3998913,48.1748138],[16.3998958,48.1748691]]]},"properties":{"voltage":"","name":"Gleichrichterst\u00fctzpunkt Geiselbergstra\u00dfe"}},{"type":"Feature","geometry":{"type":"Polygon","coordinates":[[[16.3864614,48.1668079],[16.3864678,48.1668276],[16.3864261,48.1668337],[16.3864196,48.1668139],[16.3864614,48.1668079]]]},"properties":{"voltage":"","name":""}},{"type":"Feature","geometry":{"type":"Polygon","coordinates":[[[16.6586534,48.1820831],[16.6586754,48.1820886],[16.6586988,48.1820945],[16.6586887,48.1821124],[16.6586793,48.1821292],[16.6586567,48.1821236],[16.6586336,48.1821177],[16.6586435,48.1821004],[16.6586534,48.1820831]]]},"properties":{"voltage":"","name":""}},{"type":"Feature","geometry":{"type":"Polygon","coordinates":[[[16.2752398,48.3157618],[16.2752601,48.3157573],[16.2752511,48.3157393],[16.2752308,48.3157438],[16.2752398,48.3157618]]]},"properties":{"voltage":"","name":""}},{"type":"Feature","geometry":{"type":"Polygon","coordinates":[[[16.722536,48.0092336],[16.7225539,48.0092337],[16.7225733,48.0092338],[16.7225736,48.0092049],[16.7225363,48.0092047],[16.722536,48.0092336]]]},"properties":{"voltage":"","name":""}},{"type":"Feature","geometry":{"type":"Polygon","coordinates":[[[17.0687807,48.0360115],[17.0687952,48.0360024],[17.0688106,48.0359927],[17.0688398,48.0360135],[17.06881,48.0360323],[17.0687807,48.0360115]]]},"properties":{"voltage":"","name":""}},{"type":"Feature","geometry":{"type":"Polygon","coordinates":[[[16.2887165,48.2831509],[16.2887493,48.283125],[16.2887849,48.2831455],[16.2887594,48.2831665],[16.288754,48.2831629],[16.2887473,48.2831678],[16.2887165,48.2831509]]]},"properties":{"voltage":"","name":""}},{"type":"Feature","geometry":{"type":"Polygon","coordinates":[[[16.3054491,48.0208716],[16.3054893,48.0208567],[16.3054537,48.0208139],[16.3054135,48.0208288],[16.3054491,48.0208716]]]},"properties":{"voltage":"20000;400","name":""}},{"type":"Feature","geometry":{"type":"Polygon","coordinates":[[[20.9963644,48.5942826],[20.9960921,48.5933876],[20.9961587,48.5933729],[20.996285,48.5933566],[20.9962369,48.5932146],[20.9960438,48.593235],[20.995781,48.5925237],[20.9975542,48.5923092],[20.9984759,48.5922008],[20.9987864,48.5933246],[20.9989634,48.593965],[20.9963644,48.5942826]]]},"properties":{"voltage":"110000;22000","name":"Elektrick\u00e1 stanica Budulov"}},{"type":"Feature","geometry":{"type":"Polygon","coordinates":[[[16.3200336,48.0489493],[16.3199874,48.048909],[16.3200214,48.0488916],[16.3200676,48.0489319],[16.3200336,48.0489493]]]},"properties":{"voltage":"20000;400","name":""}},{"type":"Feature","geometry":{"type":"Polygon","coordinates":[[[17.2554009,48.0876472],[17.2554211,48.0876363],[17.2553958,48.0876152],[17.2553756,48.0876261],[17.2554009,48.0876472]]]},"properties":{"voltage":"","name":""}},{"type":"Feature","geometry":{"type":"Polygon","coordinates":[[[16.3750454,48.2609246],[16.3750722,48.2608876],[16.3751315,48.2609066],[16.3751047,48.2609436],[16.3750454,48.2609246]]]},"properties":{"voltage":"","name":""}},{"type":"Feature","geometry":{"type":"Polygon","coordinates":[[[16.3509783,48.1536642],[16.3509075,48.1536803],[16.3508907,48.1536476],[16.3509615,48.1536314],[16.3509783,48.1536642]]]},"properties":{"voltage":"","name":""}},{"type":"Feature","geometry":{"type":"Polygon","coordinates":[[[16.4063755,48.1610819],[16.4062922,48.1610198],[16.4062506,48.1610446],[16.406334,48.1611068],[16.4063755,48.1610819]]]},"properties":{"voltage":"","name":""}},{"type":"Feature","geometry":{"type":"Polygon","coordinates":[[[16.4089241,48.1627912],[16.4088909,48.1628054],[16.4089237,48.1628395],[16.4089568,48.1628253],[16.4089241,48.1627912]]]},"properties":{"voltage":"","name":""}},{"type":"Feature","geometry":{"type":"Polygon","coordinates":[[[16.4089902,48.1628594],[16.408929,48.1628854],[16.4089614,48.1629192],[16.4090226,48.1628932],[16.4089902,48.1628594]]]},"properties":{"voltage":"","name":""}},{"type":"Feature","geometry":{"type":"Polygon","coordinates":[[[16.4091727,48.1668667],[16.409227,48.1668962],[16.409183,48.1669322],[16.4091287,48.1669027],[16.4091727,48.1668667]]]},"properties":{"voltage":"","name":""}},{"type":"Feature","geometry":{"type":"Polygon","coordinates":[[[16.3579813,48.2990208],[16.3580371,48.2990692],[16.3581301,48.2990217],[16.358121,48.2990138],[16.3580743,48.2989733],[16.3579813,48.2990208]]]},"properties":{"voltage":"","name":""}},{"type":"Feature","geometry":{"type":"Polygon","coordinates":[[[16.3465015,48.0646413],[16.3465177,48.0646833],[16.3464634,48.0646927],[16.3464471,48.0646507],[16.3465015,48.0646413]]]},"properties":{"voltage":"20000;400","name":""}},{"type":"Feature","geometry":{"type":"Polygon","coordinates":[[[16.3833913,48.0829348],[16.383429,48.0828998],[16.3834834,48.082926],[16.3834456,48.082961],[16.3833913,48.0829348]]]},"properties":{"voltage":"20000;400","name":""}},{"type":"Feature","geometry":{"type":"Polygon","coordinates":[[[16.3806605,48.0803915],[16.3806758,48.0804271],[16.3807507,48.0804127],[16.3807354,48.0803771],[16.3806605,48.0803915]]]},"properties":{"voltage":"20000;400","name":""}},{"type":"Feature","geometry":{"type":"Polygon","coordinates":[[[16.8813008,48.2753273],[16.8813104,48.2753009],[16.8813487,48.2753071],[16.881339,48.2753335],[16.8813008,48.2753273]]]},"properties":{"voltage":"","name":""}},{"type":"Feature","geometry":{"type":"Polygon","coordinates":[[[16.7671292,48.344099],[16.7671656,48.3440921],[16.7671776,48.3441225],[16.7671429,48.3441289],[16.7671292,48.344099]]]},"properties":{"voltage":"","name":""}},{"type":"Feature","geometry":{"type":"Polygon","coordinates":[[[16.4347482,48.2771241],[16.4347911,48.2771199],[16.4348021,48.2771699],[16.4347592,48.2771741],[16.4347482,48.2771241]]]},"properties":{"voltage":"","name":""}},{"type":"Feature","geometry":{"type":"Polygon","coordinates":[[[16.355477,48.0753549],[16.3554934,48.0753992],[16.3554294,48.0754098],[16.355413,48.0753654],[16.355477,48.0753549]]]},"properties":{"voltage":"20000;400","name":""}},{"type":"Feature","geometry":{"type":"Polygon","coordinates":[[[16.3838714,48.0411345],[16.3839629,48.0411241],[16.3839729,48.041164],[16.3838815,48.0411743],[16.3838714,48.0411345]]]},"properties":{"voltage":"20000;400","name":""}},{"type":"Feature","geometry":{"type":"Polygon","coordinates":[[[16.3830214,48.0395997],[16.3830315,48.0396402],[16.3829481,48.0396495],[16.382938,48.0396089],[16.3830214,48.0395997]]]},"properties":{"voltage":"20000;400","name":""}},{"type":"Feature","geometry":{"type":"Polygon","coordinates":[[[16.3788292,48.0358406],[16.3788821,48.0358254],[16.3789231,48.035889],[16.3788702,48.0359042],[16.3788292,48.0358406]]]},"properties":{"voltage":"20000;400","name":""}},{"type":"Feature","geometry":{"type":"Polygon","coordinates":[[[16.3514777,48.1092893],[16.3514916,48.1093209],[16.3513889,48.1093411],[16.351375,48.1093095],[16.3514777,48.1092893]]]},"properties":{"voltage":"20000;400","name":""}},{"type":"Feature","geometry":{"type":"Polygon","coordinates":[[[19.31801,48.0431725],[19.3180134,48.0431986],[19.3180807,48.0431947],[19.3180773,48.0431686],[19.31801,48.0431725]]]},"properties":{"voltage":"","name":""}},{"type":"Feature","geometry":{"type":"Polygon","coordinates":[[[16.3653084,48.0821511],[16.3653792,48.0821264],[16.3654081,48.0821635],[16.3653372,48.0821881],[16.3653084,48.0821511]]]},"properties":{"voltage":"20000;400","name":""}},{"type":"Feature","geometry":{"type":"Polygon","coordinates":[[[16.4886073,48.2405848],[16.4886623,48.2405664],[16.4886014,48.2404857],[16.4885464,48.2405041],[16.4886073,48.2405848]]]},"properties":{"voltage":"","name":""}},{"type":"Feature","geometry":{"type":"Polygon","coordinates":[[[16.4519932,48.0169471],[16.4520142,48.0169435],[16.4520362,48.0169397],[16.4520476,48.0169697],[16.4520046,48.016977],[16.4519932,48.0169471]]]},"properties":{"voltage":"20000;400","name":""}},{"type":"Feature","geometry":{"type":"Polygon","coordinates":[[[16.3242997,48.3183026],[16.3243724,48.3182575],[16.3243291,48.3182267],[16.3242564,48.3182718],[16.3242997,48.3183026]]]},"properties":{"voltage":"10000","name":""}},{"type":"Feature","geometry":{"type":"Polygon","coordinates":[[[16.6301856,48.2041246],[16.6301679,48.2041086],[16.6302055,48.2040901],[16.6302232,48.2041061],[16.6301856,48.2041246]]]},"properties":{"voltage":"","name":""}},{"type":"Feature","geometry":{"type":"Polygon","coordinates":[[[16.3237313,48.3071363],[16.323787,48.307158],[16.3238071,48.3071351],[16.3237514,48.3071134],[16.3237313,48.3071363]]]},"properties":{"voltage":"20000;400","name":""}},{"type":"Feature","geometry":{"type":"Polygon","coordinates":[[[16.3368116,48.0340129],[16.3368506,48.0339992],[16.3368911,48.0340506],[16.3368522,48.0340643],[16.3368116,48.0340129]]]},"properties":{"voltage":"20000;400","name":""}},{"type":"Feature","geometry":{"type":"Polygon","coordinates":[[[16.7458997,48.4641691],[16.7459439,48.4641712],[16.7459461,48.4641513],[16.7459019,48.4641491],[16.7458997,48.4641691]]]},"properties":{"voltage":"","name":""}},{"type":"Feature","geometry":{"type":"Polygon","coordinates":[[[16.3833489,48.0796549],[16.3833869,48.0796609],[16.3833919,48.0796465],[16.3833539,48.0796406],[16.3833489,48.0796549]]]},"properties":{"voltage":"20000;400","name":""}},{"type":"Feature","geometry":{"type":"Polygon","coordinates":[[[16.3550922,48.068417],[16.3551224,48.0684343],[16.3551638,48.068402],[16.3551335,48.0683847],[16.3550922,48.068417]]]},"properties":{"voltage":"20000;400","name":""}},{"type":"Feature","geometry":{"type":"Polygon","coordinates":[[[16.7455856,48.536165],[16.7455839,48.5362026],[16.7456864,48.5362046],[16.745688,48.536167],[16.7455856,48.536165]]]},"properties":{"voltage":"","name":""}},{"type":"Feature","geometry":{"type":"Polygon","coordinates":[[[16.3219351,48.0448389],[16.321975,48.0448652],[16.3219266,48.0448981],[16.3218866,48.0448719],[16.3219351,48.0448389]]]},"properties":{"voltage":"20000;400","name":""}},{"type":"Feature","geometry":{"type":"Polygon","coordinates":[[[16.3441678,48.2909698],[16.3442611,48.2909876],[16.3442802,48.2909435],[16.3441868,48.2909257],[16.3441678,48.2909698]]]},"properties":{"voltage":"","name":""}},{"type":"Feature","geometry":{"type":"Polygon","coordinates":[[[16.3720459,48.3025104],[16.3721385,48.3025526],[16.3720712,48.3025819],[16.3720144,48.3025241],[16.3720459,48.3025104]]]},"properties":{"voltage":"","name":""}},{"type":"Feature","geometry":{"type":"Polygon","coordinates":[[[16.3422383,48.2949953],[16.3422877,48.2950164],[16.3422488,48.2950567],[16.3421995,48.2950357],[16.3422383,48.2949953]]]},"properties":{"voltage":"","name":""}},{"type":"Feature","geometry":{"type":"Polygon","coordinates":[[[16.3571009,48.3044022],[16.357155,48.3043742],[16.3571154,48.3043403],[16.3570612,48.3043684],[16.3571009,48.3044022]]]},"properties":{"voltage":"","name":""}},{"type":"Feature","geometry":{"type":"Polygon","coordinates":[[[16.3401693,48.3246693],[16.3401953,48.3246799],[16.340211,48.3246628],[16.340185,48.3246522],[16.3401693,48.3246693]]]},"properties":{"voltage":"","name":""}},{"type":"Feature","geometry":{"type":"Polygon","coordinates":[[[16.4307916,48.358267],[16.430845,48.3582654],[16.4308469,48.3582944],[16.4307936,48.358296],[16.4307916,48.358267]]]},"properties":{"voltage":"","name":""}},{"type":"Feature","geometry":{"type":"Polygon","coordinates":[[[16.4269645,48.3635351],[16.4270064,48.3635545],[16.4270216,48.3635396],[16.4270368,48.3635246],[16.426991,48.3635047],[16.4269645,48.3635351]]]},"properties":{"voltage":"20000","name":""}},{"type":"Feature","geometry":{"type":"Polygon","coordinates":[[[16.3085344,48.0768953],[16.3085639,48.076891],[16.3085767,48.0769306],[16.3085471,48.0769348],[16.3085344,48.0768953]]]},"properties":{"voltage":"20000;400","name":""}},{"type":"Feature","geometry":{"type":"Polygon","coordinates":[[[16.3375139,48.0613086],[16.3375758,48.061312],[16.3375701,48.0613584],[16.3375081,48.061355],[16.3375139,48.0613086]]]},"properties":{"voltage":"20000;400","name":""}},{"type":"Feature","geometry":{"type":"Polygon","coordinates":[[[16.3158505,48.073963],[16.3158193,48.0739716],[16.3157958,48.0739337],[16.315827,48.0739251],[16.3158505,48.073963]]]},"properties":{"voltage":"20000;400","name":""}},{"type":"Feature","geometry":{"type":"Polygon","coordinates":[[[16.329254,48.0657549],[16.3292711,48.0657926],[16.3293221,48.0657822],[16.3293049,48.0657445],[16.329254,48.0657549]]]},"properties":{"voltage":"20000;400","name":""}},{"type":"Feature","geometry":{"type":"Polygon","coordinates":[[[16.312449,48.0811974],[16.3124955,48.0811621],[16.3126033,48.0812255],[16.3125568,48.0812608],[16.312449,48.0811974]]]},"properties":{"voltage":"20000;400","name":""}},{"type":"Feature","geometry":{"type":"Polygon","coordinates":[[[16.3309905,48.0622519],[16.331071,48.0622289],[16.3310979,48.062271],[16.3310174,48.062294],[16.3309905,48.0622519]]]},"properties":{"voltage":"20000;400","name":""}},{"type":"Feature","geometry":{"type":"Polygon","coordinates":[[[16.3107356,48.0765481],[16.3107505,48.0765466],[16.3107719,48.0765443],[16.3107978,48.0765415],[16.3108135,48.0766077],[16.3107514,48.0766143],[16.3107356,48.0765481]]]},"properties":{"voltage":"","name":""}},{"type":"Feature","geometry":{"type":"Polygon","coordinates":[[[16.3380303,48.0618661],[16.3380157,48.0619506],[16.3379648,48.0619467],[16.3379793,48.0618622],[16.3380303,48.0618661]]]},"properties":{"voltage":"20000;400","name":""}},{"type":"Feature","geometry":{"type":"Polygon","coordinates":[[[16.3250119,48.0772973],[16.3250472,48.077289],[16.3250699,48.077332],[16.3250345,48.0773404],[16.3250119,48.0772973]]]},"properties":{"voltage":"20000;400","name":""}},{"type":"Feature","geometry":{"type":"Polygon","coordinates":[[[16.325984,48.0739239],[16.3259184,48.0739403],[16.325906,48.0739181],[16.3259715,48.0739017],[16.325984,48.0739239]]]},"properties":{"voltage":"20000;400","name":""}},{"type":"Feature","geometry":{"type":"Polygon","coordinates":[[[16.3126232,48.0734592],[16.312628,48.0735004],[16.3125924,48.0735023],[16.3125875,48.0734611],[16.3126232,48.0734592]]]},"properties":{"voltage":"20000;400","name":""}},{"type":"Feature","geometry":{"type":"Polygon","coordinates":[[[16.3195777,48.0776191],[16.3196458,48.077612],[16.3196514,48.0776364],[16.3195833,48.0776435],[16.3195777,48.0776191]]]},"properties":{"voltage":"20000;400","name":""}},{"type":"Feature","geometry":{"type":"Polygon","coordinates":[[[16.3282804,48.0635539],[16.3283444,48.0635397],[16.3283562,48.0635635],[16.3282922,48.0635777],[16.3282804,48.0635539]]]},"properties":{"voltage":"20000;400","name":""}},{"type":"Feature","geometry":{"type":"Polygon","coordinates":[[[16.3316407,48.075528],[16.3316096,48.0754717],[16.3316933,48.0754511],[16.3317243,48.0755074],[16.3316407,48.075528]]]},"properties":{"voltage":"20000;400","name":""}},{"type":"Feature","geometry":{"type":"Polygon","coordinates":[[[16.3219955,48.0749119],[16.3220324,48.0749026],[16.3220231,48.0748861],[16.3219861,48.0748952],[16.3219955,48.0749119]]]},"properties":{"voltage":"20000;400","name":""}},{"type":"Feature","geometry":{"type":"Polygon","coordinates":[[[16.3052996,48.0751322],[16.3053192,48.0751623],[16.3052734,48.0751756],[16.3052538,48.0751455],[16.3052996,48.0751322]]]},"properties":{"voltage":"","name":""}},{"type":"Feature","geometry":{"type":"Polygon","coordinates":[[[16.3178458,48.0799086],[16.3179146,48.0799062],[16.3179177,48.0799459],[16.3178491,48.0799485],[16.3178458,48.0799086]]]},"properties":{"voltage":"20000;400","name":""}},{"type":"Feature","geometry":{"type":"Polygon","coordinates":[[[16.2647026,48.1048458],[16.2647479,48.1048484],[16.2647504,48.1048298],[16.264705,48.1048272],[16.2647026,48.1048458]]]},"properties":{"voltage":"","name":""}},{"type":"Feature","geometry":{"type":"Polygon","coordinates":[[[16.2764573,48.109313],[16.2763869,48.1092895],[16.2764135,48.1092539],[16.2764839,48.1092773],[16.2764573,48.109313]]]},"properties":{"voltage":"","name":""}},{"type":"Feature","geometry":{"type":"Polygon","coordinates":[[[16.4586441,48.340331],[16.4586224,48.3402905],[16.4586802,48.3402768],[16.4587019,48.3403173],[16.4586441,48.340331]]]},"properties":{"voltage":"","name":""}},{"type":"Feature","geometry":{"type":"Polygon","coordinates":[[[16.4327801,48.0318204],[16.4328246,48.0318038],[16.4328103,48.0317866],[16.4327985,48.0317724],[16.432754,48.031789],[16.4327801,48.0318204]]]},"properties":{"voltage":"","name":""}},{"type":"Feature","geometry":{"type":"Polygon","coordinates":[[[16.4267618,48.0257768],[16.4268029,48.0257675],[16.42681,48.0257815],[16.4268175,48.0257965],[16.4267764,48.0258058],[16.4267618,48.0257768]]]},"properties":{"voltage":"","name":""}},{"type":"Feature","geometry":{"type":"Polygon","coordinates":[[[16.4238274,48.0216696],[16.4238593,48.0216577],[16.4238688,48.0216691],[16.4238795,48.0216819],[16.4238476,48.0216938],[16.4238274,48.0216696]]]},"properties":{"voltage":"","name":""}},{"type":"Feature","geometry":{"type":"Polygon","coordinates":[[[16.4264724,48.1015451],[16.4264982,48.1015567],[16.4265189,48.1015362],[16.4265064,48.1015306],[16.4264931,48.1015246],[16.4264724,48.1015451]]]},"properties":{"voltage":"20000;400","name":""}},{"type":"Feature","geometry":{"type":"Polygon","coordinates":[[[16.4463351,48.110487],[16.4463924,48.1104655],[16.4463618,48.1104291],[16.4463045,48.1104506],[16.4463351,48.110487]]]},"properties":{"voltage":"","name":""}},{"type":"Feature","geometry":{"type":"Polygon","coordinates":[[[16.4461129,48.1128228],[16.4461522,48.112807],[16.4461358,48.1127889],[16.4460965,48.1128046],[16.4461129,48.1128228]]]},"properties":{"voltage":"","name":""}},{"type":"Feature","geometry":{"type":"Polygon","coordinates":[[[16.3108782,48.1056958],[16.3109335,48.1056998],[16.3109226,48.1057677],[16.3108673,48.1057637],[16.3108782,48.1056958]]]},"properties":{"voltage":"20000;400","name":""}},{"type":"Feature","geometry":{"type":"Polygon","coordinates":[[[16.2905472,48.0756622],[16.2906387,48.0756833],[16.2906568,48.0756481],[16.2905653,48.0756271],[16.2905472,48.0756622]]]},"properties":{"voltage":"20000;400","name":""}},{"type":"Feature","geometry":{"type":"Polygon","coordinates":[[[16.4452114,48.1012874],[16.4452568,48.1012706],[16.4452817,48.1013006],[16.4452608,48.1013082],[16.4452362,48.1013174],[16.4452114,48.1012874]]]},"properties":{"voltage":"","name":""}},{"type":"Feature","geometry":{"type":"Polygon","coordinates":[[[16.4585625,48.1150255],[16.458603,48.1150583],[16.4585514,48.1150867],[16.4585109,48.1150539],[16.4585625,48.1150255]]]},"properties":{"voltage":"","name":""}},{"type":"Feature","geometry":{"type":"Polygon","coordinates":[[[16.4662431,48.1199625],[16.4662878,48.1199456],[16.4662653,48.1199192],[16.4662455,48.1199267],[16.4662206,48.1199362],[16.4662431,48.1199625]]]},"properties":{"voltage":"","name":""}},{"type":"Feature","geometry":{"type":"Polygon","coordinates":[[[16.5020591,48.1136696],[16.5021121,48.1136814],[16.5021298,48.1136461],[16.5021032,48.1136402],[16.5020768,48.1136343],[16.5020591,48.1136696]]]},"properties":{"voltage":"","name":""}},{"type":"Feature","geometry":{"type":"Polygon","coordinates":[[[16.5484859,48.0547917],[16.5485303,48.054817],[16.5485673,48.054788],[16.5485457,48.0547757],[16.5485229,48.0547627],[16.5484859,48.0547917]]]},"properties":{"voltage":"","name":""}},{"type":"Feature","geometry":{"type":"Polygon","coordinates":[[[16.5554807,48.0551376],[16.5555025,48.0551497],[16.5555196,48.0551591],[16.5555541,48.0551311],[16.5555153,48.0551097],[16.5554807,48.0551376]]]},"properties":{"voltage":"","name":""}},{"type":"Feature","geometry":{"type":"Polygon","coordinates":[[[16.5618977,48.0607669],[16.5619451,48.0607867],[16.5619718,48.0607581],[16.5619244,48.0607383],[16.5618977,48.0607669]]]},"properties":{"voltage":"","name":""}},{"type":"Feature","geometry":{"type":"Polygon","coordinates":[[[16.4182861,48.0255428],[16.4183488,48.025487],[16.4182985,48.0254617],[16.4182358,48.0255175],[16.4182861,48.0255428]]]},"properties":{"voltage":"20000;400","name":""}},{"type":"Feature","geometry":{"type":"Polygon","coordinates":[[[16.4158758,48.0229221],[16.4159014,48.022918],[16.4159255,48.0229142],[16.4159131,48.0228792],[16.4158633,48.0228872],[16.4158758,48.0229221]]]},"properties":{"voltage":"20000;400","name":""}},{"type":"Feature","geometry":{"type":"Polygon","coordinates":[[[16.3046432,48.0423357],[16.3045843,48.0423643],[16.3045635,48.0423451],[16.3046224,48.0423166],[16.3046432,48.0423357]]]},"properties":{"voltage":"20000;400","name":""}},{"type":"Feature","geometry":{"type":"Polygon","coordinates":[[[16.3106031,48.0515937],[16.3106754,48.0515297],[16.3107102,48.0515474],[16.3106388,48.0516117],[16.3106031,48.0515937]]]},"properties":{"voltage":"20000;400","name":""}},{"type":"Feature","geometry":{"type":"Polygon","coordinates":[[[16.3197295,48.0509015],[16.319764,48.0509373],[16.3198147,48.0509154],[16.3197801,48.0508796],[16.3197295,48.0509015]]]},"properties":{"voltage":"20000;400","name":""}},{"type":"Feature","geometry":{"type":"Polygon","coordinates":[[[16.3170195,48.0473913],[16.3170699,48.0473875],[16.3170811,48.0474532],[16.3170308,48.047457],[16.3170195,48.0473913]]]},"properties":{"voltage":"20000;400","name":""}},{"type":"Feature","geometry":{"type":"Polygon","coordinates":[[[16.3195922,48.06745],[16.3195804,48.067428],[16.3196488,48.0674117],[16.3196605,48.0674336],[16.3195922,48.06745]]]},"properties":{"voltage":"20000;400","name":""}},{"type":"Feature","geometry":{"type":"Polygon","coordinates":[[[16.3053089,48.0472297],[16.3053109,48.0471859],[16.3053914,48.0471877],[16.3053893,48.0472314],[16.3053089,48.0472297]]]},"properties":{"voltage":"20000;400","name":""}},{"type":"Feature","geometry":{"type":"Polygon","coordinates":[[[16.2924244,48.0363075],[16.2923765,48.0363416],[16.2922904,48.0362875],[16.2923382,48.0362534],[16.2924244,48.0363075]]]},"properties":{"voltage":"20000;400","name":""}},{"type":"Feature","geometry":{"type":"Polygon","coordinates":[[[16.3144618,48.0434557],[16.3144965,48.0434524],[16.3145131,48.0435296],[16.3144783,48.043533],[16.3144618,48.0434557]]]},"properties":{"voltage":"20000;400","name":""}},{"type":"Feature","geometry":{"type":"Polygon","coordinates":[[[16.3310872,48.0564994],[16.3311035,48.0564746],[16.3311718,48.0564947],[16.3311554,48.0565195],[16.3310872,48.0564994]]]},"properties":{"voltage":"20000;400","name":""}},{"type":"Feature","geometry":{"type":"Polygon","coordinates":[[[16.3066673,48.0747332],[16.3067031,48.0747141],[16.306672,48.0746881],[16.3066361,48.0747072],[16.3066673,48.0747332]]]},"properties":{"voltage":"20000;400","name":""}},{"type":"Feature","geometry":{"type":"Polygon","coordinates":[[[16.3276896,48.0615384],[16.3276579,48.0615469],[16.3276825,48.0615881],[16.3277142,48.0615796],[16.3276896,48.0615384]]]},"properties":{"voltage":"20000;400","name":""}},{"type":"Feature","geometry":{"type":"Polygon","coordinates":[[[16.2791713,48.0401517],[16.2792143,48.0401208],[16.2792533,48.040145],[16.2792102,48.040176],[16.2791713,48.0401517]]]},"properties":{"voltage":"20000;400","name":""}},{"type":"Feature","geometry":{"type":"Polygon","coordinates":[[[16.4432111,48.0826919],[16.4433067,48.0827072],[16.4433209,48.0826687],[16.4432248,48.0826535],[16.4432111,48.0826919]]]},"properties":{"voltage":"20000;400","name":""}},{"type":"Feature","geometry":{"type":"Polygon","coordinates":[[[16.270436,48.0053664],[16.2704957,48.0053831],[16.2705238,48.0053409],[16.2704616,48.0053252],[16.2704499,48.0053441],[16.270436,48.0053664]]]},"properties":{"voltage":"20000","name":""}},{"type":"Feature","geometry":{"type":"Polygon","coordinates":[[[16.2689081,48.0066592],[16.2689405,48.0066687],[16.2689754,48.0066788],[16.269003,48.0066363],[16.268974,48.0066279],[16.2689357,48.0066168],[16.2689081,48.0066592]]]},"properties":{"voltage":"","name":""}},{"type":"Feature","geometry":{"type":"Polygon","coordinates":[[[16.2630492,48.0033905],[16.2631044,48.003395],[16.2630947,48.0034624],[16.2630667,48.0034601],[16.2630389,48.0034579],[16.2630492,48.0033905]]]},"properties":{"voltage":"","name":""}},{"type":"Feature","geometry":{"type":"Polygon","coordinates":[[[16.2649952,48.0059049],[16.2650532,48.0059241],[16.265117,48.0058517],[16.2650604,48.0058294],[16.2650313,48.0058631],[16.2649952,48.0059049]]]},"properties":{"voltage":"","name":""}},{"type":"Feature","geometry":{"type":"Polygon","coordinates":[[[16.2656925,48.0058084],[16.2657143,48.0057798],[16.2657328,48.0057557],[16.265771,48.0057686],[16.2657773,48.0057933],[16.2657507,48.0058286],[16.2656925,48.0058084]]]},"properties":{"voltage":"","name":""}},{"type":"Feature","geometry":{"type":"Polygon","coordinates":[[[16.2751886,48.0153611],[16.2753143,48.0153356],[16.2753014,48.0153083],[16.2751761,48.0153346],[16.2751886,48.0153611]]]},"properties":{"voltage":"20000;400","name":""}},{"type":"Feature","geometry":{"type":"Polygon","coordinates":[[[16.2850757,48.0255177],[16.2850998,48.0255046],[16.2851174,48.025495],[16.2851885,48.0255533],[16.2851468,48.025576],[16.2850811,48.0255222],[16.2850757,48.0255177]]]},"properties":{"voltage":"20000;400","name":""}},{"type":"Feature","geometry":{"type":"Polygon","coordinates":[[[16.3259223,48.0186059],[16.3259791,48.0185881],[16.3260294,48.0185723],[16.3260572,48.0186121],[16.3259501,48.0186456],[16.3259223,48.0186059]]]},"properties":{"voltage":"","name":""}},{"type":"Feature","geometry":{"type":"Polygon","coordinates":[[[16.3076998,48.0377796],[16.3077294,48.0377744],[16.3077704,48.0377671],[16.3077868,48.0378083],[16.3077163,48.0378209],[16.3076998,48.0377796]]]},"properties":{"voltage":"","name":""}},{"type":"Feature","geometry":{"type":"Polygon","coordinates":[[[16.3051147,48.037641],[16.3051786,48.0376286],[16.3051577,48.0375804],[16.3051285,48.037586],[16.3050937,48.0375928],[16.3051147,48.037641]]]},"properties":{"voltage":"","name":""}},{"type":"Feature","geometry":{"type":"Polygon","coordinates":[[[16.3014245,48.0267674],[16.3014873,48.0267498],[16.3014719,48.0267251],[16.3014597,48.0267055],[16.3013968,48.0267232],[16.3014245,48.0267674]]]},"properties":{"voltage":"20000;400","name":""}},{"type":"Feature","geometry":{"type":"Polygon","coordinates":[[[16.3057935,48.0272256],[16.3058111,48.0272208],[16.3058367,48.0272138],[16.3057985,48.0271514],[16.3057552,48.0271632],[16.3057935,48.0272256]]]},"properties":{"voltage":"","name":""}},{"type":"Feature","geometry":{"type":"Polygon","coordinates":[[[16.3068263,48.0245765],[16.3068429,48.0245847],[16.3068747,48.0246006],[16.3067603,48.0247033],[16.3067119,48.0246791],[16.3068263,48.0245765]]]},"properties":{"voltage":"20000;400","name":""}},{"type":"Feature","geometry":{"type":"Polygon","coordinates":[[[16.4899968,48.1782358],[16.4899736,48.1782199],[16.4900283,48.1781844],[16.4900515,48.1782002],[16.4899968,48.1782358]]]},"properties":{"voltage":"","name":""}},{"type":"Feature","geometry":{"type":"Polygon","coordinates":[[[16.328898,48.0738654],[16.3289563,48.0738513],[16.328936,48.0738139],[16.3288777,48.0738281],[16.328898,48.0738654]]]},"properties":{"voltage":"20000;400","name":""}},{"type":"Feature","geometry":{"type":"Polygon","coordinates":[[[16.3449234,48.0835415],[16.3449831,48.0835346],[16.3449896,48.0835602],[16.3449299,48.083567],[16.3449234,48.0835415]]]},"properties":{"voltage":"20000;400","name":""}},{"type":"Feature","geometry":{"type":"Polygon","coordinates":[[[16.3512589,48.069959],[16.351285,48.0699501],[16.3513052,48.0699765],[16.3512791,48.0699854],[16.3512589,48.069959]]]},"properties":{"voltage":"20000;400","name":""}},{"type":"Feature","geometry":{"type":"Polygon","coordinates":[[[22.2335165,48.593642],[22.2335768,48.5936089],[22.2335469,48.5935851],[22.2334866,48.5936182],[22.2335165,48.593642]]]},"properties":{"voltage":"","name":"\u0421\u041a\u0417"}},{"type":"Feature","geometry":{"type":"Polygon","coordinates":[[[17.3007846,48.0873915],[17.3007688,48.0873794],[17.3007463,48.0873925],[17.3007621,48.0874046],[17.3007846,48.0873915]]]},"properties":{"voltage":"22000;420","name":""}},{"type":"Feature","geometry":{"type":"Polygon","coordinates":[[[17.1405445,48.1450026],[17.1405828,48.1449986],[17.1405724,48.1449546],[17.1405341,48.1449586],[17.1405445,48.1450026]]]},"properties":{"voltage":"","name":"TS-2024"}},{"type":"Feature","geometry":{"type":"Polygon","coordinates":[[[16.3019465,48.1111634],[16.302073,48.1111613],[16.3020713,48.1111171],[16.3019448,48.1111192],[16.3019465,48.1111634]]]},"properties":{"voltage":"20000;400","name":""}},{"type":"Feature","geometry":{"type":"Polygon","coordinates":[[[16.2932518,48.1125686],[16.2933203,48.1125708],[16.2933243,48.1125226],[16.2932557,48.1125204],[16.2932518,48.1125686]]]},"properties":{"voltage":"20000;400","name":""}},{"type":"Feature","geometry":{"type":"Polygon","coordinates":[[[16.2998662,48.1088968],[16.2998935,48.1088926],[16.2999024,48.1089186],[16.2998751,48.1089228],[16.2998662,48.1088968]]]},"properties":{"voltage":"20000;400","name":""}},{"type":"Feature","geometry":{"type":"Polygon","coordinates":[[[16.5181684,48.4985197],[16.5182019,48.4985069],[16.5182226,48.4985308],[16.5181891,48.4985436],[16.5181684,48.4985197]]]},"properties":{"voltage":"","name":""}},{"type":"Feature","geometry":{"type":"Polygon","coordinates":[[[16.1899627,48.0745773],[16.1899621,48.0745295],[16.1900395,48.0745291],[16.1900401,48.074577],[16.1899627,48.0745773]]]},"properties":{"voltage":"","name":""}},{"type":"Feature","geometry":{"type":"Polygon","coordinates":[[[16.326497,48.064567],[16.3264792,48.0645352],[16.3265366,48.0645209],[16.3265543,48.0645527],[16.326497,48.064567]]]},"properties":{"voltage":"20000;400","name":""}},{"type":"Feature","geometry":{"type":"Polygon","coordinates":[[[16.3342529,48.0667606],[16.3341907,48.0667753],[16.3342564,48.0668992],[16.3343185,48.0668845],[16.3342529,48.0667606]]]},"properties":{"voltage":"20000;400","name":""}},{"type":"Feature","geometry":{"type":"Polygon","coordinates":[[[16.289813,48.1944881],[16.2898677,48.1944724],[16.2898284,48.1944115],[16.2897737,48.1944271],[16.289813,48.1944881]]]},"properties":{"voltage":"","name":""}},{"type":"Feature","geometry":{"type":"Polygon","coordinates":[[[16.2088929,48.0383119],[16.2088988,48.0382585],[16.2088524,48.0382562],[16.2088464,48.0383096],[16.2088929,48.0383119]]]},"properties":{"voltage":"20000;400","name":""}},{"type":"Feature","geometry":{"type":"Polygon","coordinates":[[[16.3086883,48.0475577],[16.3087398,48.0475449],[16.3087712,48.0476014],[16.3087197,48.0476142],[16.3086883,48.0475577]]]},"properties":{"voltage":"20000;400","name":""}},{"type":"Feature","geometry":{"type":"Polygon","coordinates":[[[16.3332341,48.072071],[16.3332451,48.0720903],[16.33331,48.0720737],[16.333299,48.0720544],[16.3332341,48.072071]]]},"properties":{"voltage":"20000;400","name":""}},{"type":"Feature","geometry":{"type":"Polygon","coordinates":[[[16.3358573,48.0695182],[16.3358919,48.0695215],[16.3359515,48.0692356],[16.3359179,48.0692324],[16.3358573,48.0695182]]]},"properties":{"voltage":"20000;400","name":""}},{"type":"Feature","geometry":{"type":"Polygon","coordinates":[[[16.8438942,48.4071976],[16.8438961,48.4072232],[16.8439368,48.4072219],[16.8439349,48.4071963],[16.8438942,48.4071976]]]},"properties":{"voltage":"","name":""}},{"type":"Feature","geometry":{"type":"Polygon","coordinates":[[[16.3044451,48.0436947],[16.3044817,48.0436887],[16.3044983,48.0437341],[16.3044616,48.04374],[16.3044451,48.0436947]]]},"properties":{"voltage":"20000;400","name":""}},{"type":"Feature","geometry":{"type":"Polygon","coordinates":[[[16.3158214,48.0523673],[16.3158256,48.0523857],[16.3158678,48.0523814],[16.3158637,48.052363],[16.3158214,48.0523673]]]},"properties":{"voltage":"20000;400","name":""}},{"type":"Feature","geometry":{"type":"Polygon","coordinates":[[[16.3865614,48.0832009],[16.3865793,48.0831903],[16.3866028,48.083208],[16.3865849,48.0832186],[16.3865614,48.0832009]]]},"properties":{"voltage":"20000;400","name":""}},{"type":"Feature","geometry":{"type":"Polygon","coordinates":[[[16.7545861,48.248874],[16.7554515,48.2489089],[16.7556333,48.248887],[16.7558546,48.2488782],[16.7559803,48.2488107],[16.7561388,48.2487207],[16.7563127,48.248651],[16.7566606,48.2485417],[16.7563433,48.2485308],[16.7555384,48.2484929],[16.7555358,48.2485463],[16.7545925,48.2484847],[16.7545584,48.2486734],[16.7545861,48.248874]]]},"properties":{"voltage":"110000;15000","name":"Unterwerk Untersiebenbrunn"}},{"type":"Feature","geometry":{"type":"Polygon","coordinates":[[[16.6579902,48.1532262],[16.6580526,48.1532562],[16.6580225,48.153284],[16.6579601,48.153254],[16.6579902,48.1532262]]]},"properties":{"voltage":"20000","name":""}},{"type":"Feature","geometry":{"type":"Polygon","coordinates":[[[16.3009994,48.1111122],[16.3009232,48.1111127],[16.3009223,48.1110481],[16.3009974,48.1110476],[16.3009994,48.1111122]]]},"properties":{"voltage":"20000;400","name":""}},{"type":"Feature","geometry":{"type":"Polygon","coordinates":[[[16.3545606,48.085881],[16.3545647,48.0859182],[16.3546411,48.0859144],[16.354637,48.0858772],[16.3545606,48.085881]]]},"properties":{"voltage":"20000;400","name":""}},{"type":"Feature","geometry":{"type":"Polygon","coordinates":[[[16.3192421,48.1145039],[16.3192933,48.1144986],[16.3192973,48.1145161],[16.3192461,48.1145214],[16.3192421,48.1145039]]]},"properties":{"voltage":"20000;400","name":""}},{"type":"Feature","geometry":{"type":"Polygon","coordinates":[[[16.2936964,48.1189754],[16.293736,48.1189706],[16.2937403,48.1189867],[16.2937007,48.1189915],[16.2936964,48.1189754]]]},"properties":{"voltage":"20000;400","name":""}},{"type":"Feature","geometry":{"type":"Polygon","coordinates":[[[16.2935982,48.1113994],[16.2936191,48.1113785],[16.2936828,48.1114068],[16.2936619,48.1114277],[16.2935982,48.1113994]]]},"properties":{"voltage":"20000;400","name":""}},{"type":"Feature","geometry":{"type":"Polygon","coordinates":[[[16.37885,48.04192],[16.3788879,48.0419153],[16.3788766,48.0418746],[16.3788386,48.0418793],[16.37885,48.04192]]]},"properties":{"voltage":"20000;400","name":""}},{"type":"Feature","geometry":{"type":"Polygon","coordinates":[[[21.9858522,48.4314278],[21.9862247,48.4315775],[21.9865513,48.4312197],[21.9861788,48.43107],[21.9858522,48.4314278]]]},"properties":{"voltage":"","name":""}},{"type":"Feature","geometry":{"type":"Polygon","coordinates":[[[16.3187228,48.0832557],[16.3187874,48.0832602],[16.3187921,48.0832299],[16.3187274,48.0832254],[16.3187228,48.0832557]]]},"properties":{"voltage":"20000;400","name":""}},{"type":"Feature","geometry":{"type":"Polygon","coordinates":[[[16.3184789,48.0882748],[16.3185266,48.0882665],[16.3185517,48.0883307],[16.318504,48.088339],[16.3184789,48.0882748]]]},"properties":{"voltage":"20000;400","name":""}},{"type":"Feature","geometry":{"type":"Polygon","coordinates":[[[16.3158497,48.0879677],[16.3159272,48.0880175],[16.315964,48.087992],[16.3158864,48.0879421],[16.3158497,48.0879677]]]},"properties":{"voltage":"20000;400","name":""}},{"type":"Feature","geometry":{"type":"Polygon","coordinates":[[[16.3192153,48.0861141],[16.3192146,48.0860924],[16.3192674,48.0860916],[16.3192681,48.0861134],[16.3192153,48.0861141]]]},"properties":{"voltage":"20000;400","name":""}},{"type":"Feature","geometry":{"type":"Polygon","coordinates":[[[16.4419165,48.2451815],[16.4419346,48.245231],[16.4419683,48.2452256],[16.4419502,48.245176],[16.4419165,48.2451815]]]},"properties":{"voltage":"","name":""}},{"type":"Feature","geometry":{"type":"Polygon","coordinates":[[[16.4273079,48.0896652],[16.4273872,48.0896284],[16.4274173,48.0896573],[16.4273381,48.0896941],[16.4273079,48.0896652]]]},"properties":{"voltage":"20000;400","name":""}},{"type":"Feature","geometry":{"type":"Polygon","coordinates":[[[16.4269476,48.0894466],[16.4269945,48.0894362],[16.4270099,48.0894671],[16.4269891,48.0894722],[16.4269625,48.0894781],[16.4269476,48.0894466]]]},"properties":{"voltage":"20000;400","name":""}},{"type":"Feature","geometry":{"type":"Polygon","coordinates":[[[16.4264475,48.0876708],[16.4264783,48.0877038],[16.4264255,48.0877257],[16.4263948,48.0876928],[16.4264475,48.0876708]]]},"properties":{"voltage":"20000;400","name":""}},{"type":"Feature","geometry":{"type":"Polygon","coordinates":[[[16.4283907,48.0851151],[16.4284579,48.0851322],[16.4284355,48.0851714],[16.4283683,48.0851543],[16.4283907,48.0851151]]]},"properties":{"voltage":"20000;400","name":""}},{"type":"Feature","geometry":{"type":"Polygon","coordinates":[[[16.4305889,48.081872],[16.4306262,48.0818764],[16.4306146,48.0819212],[16.4305772,48.0819168],[16.4305889,48.081872]]]},"properties":{"voltage":"20000;400","name":""}},{"type":"Feature","geometry":{"type":"Polygon","coordinates":[[[16.4370602,48.0885906],[16.4371075,48.088614],[16.4370699,48.0886479],[16.4370226,48.0886245],[16.4370602,48.0885906]]]},"properties":{"voltage":"20000;400","name":""}},{"type":"Feature","geometry":{"type":"Polygon","coordinates":[[[16.441721,48.0875797],[16.4417838,48.0875729],[16.4417937,48.0876139],[16.4417309,48.0876207],[16.441721,48.0875797]]]},"properties":{"voltage":"20000;400","name":""}},{"type":"Feature","geometry":{"type":"Polygon","coordinates":[[[16.4504523,48.0839055],[16.4505192,48.0838881],[16.4505475,48.0839366],[16.4504806,48.083954],[16.4504523,48.0839055]]]},"properties":{"voltage":"20000;400","name":""}},{"type":"Feature","geometry":{"type":"Polygon","coordinates":[[[16.4474603,48.0854295],[16.4475191,48.0854148],[16.4475433,48.0854581],[16.4474845,48.0854728],[16.4474603,48.0854295]]]},"properties":{"voltage":"20000;400","name":""}},{"type":"Feature","geometry":{"type":"Polygon","coordinates":[[[16.4495144,48.0796326],[16.4495669,48.0796337],[16.4495661,48.0796397],[16.4495661,48.0796699],[16.4495127,48.0796694],[16.4495144,48.0796326]]]},"properties":{"voltage":"20000;400","name":""}},{"type":"Feature","geometry":{"type":"Polygon","coordinates":[[[16.4492604,48.079572],[16.4493174,48.0795726],[16.4493188,48.0795103],[16.4492619,48.0795097],[16.4492604,48.079572]]]},"properties":{"voltage":"20000;400","name":""}},{"type":"Feature","geometry":{"type":"Polygon","coordinates":[[[16.4492873,48.0794424],[16.449328,48.0794438],[16.4493256,48.0794741],[16.4492849,48.0794727],[16.4492873,48.0794424]]]},"properties":{"voltage":"20000;400","name":""}},{"type":"Feature","geometry":{"type":"Polygon","coordinates":[[[16.4505336,48.0774255],[16.4505912,48.0774111],[16.4506115,48.0774473],[16.4505539,48.0774617],[16.4505336,48.0774255]]]},"properties":{"voltage":"20000;400","name":""}},{"type":"Feature","geometry":{"type":"Polygon","coordinates":[[[16.4548868,48.0725757],[16.4549715,48.0725462],[16.4549985,48.0725808],[16.4549138,48.0726104],[16.4548868,48.0725757]]]},"properties":{"voltage":"20000;400","name":""}},{"type":"Feature","geometry":{"type":"Polygon","coordinates":[[[16.5338276,48.2834446],[16.5338189,48.2834252],[16.5338633,48.2834164],[16.533872,48.2834359],[16.5338276,48.2834446]]]},"properties":{"voltage":"","name":"TST Aderklaa West"}},{"type":"Feature","geometry":{"type":"Polygon","coordinates":[[[16.3377465,48.0301424],[16.3377827,48.0301329],[16.3378068,48.0301741],[16.3377706,48.0301836],[16.3377465,48.0301424]]]},"properties":{"voltage":"20000;400","name":""}},{"type":"Feature","geometry":{"type":"Polygon","coordinates":[[[16.3208488,48.1079702],[16.3208463,48.1079439],[16.3209119,48.1079412],[16.3209143,48.1079675],[16.3208488,48.1079702]]]},"properties":{"voltage":"","name":""}},{"type":"Feature","geometry":{"type":"Polygon","coordinates":[[[16.5488394,48.2055131],[16.5488712,48.2055518],[16.5488094,48.2055744],[16.5487768,48.2055352],[16.5488394,48.2055131]]]},"properties":{"voltage":"20000;400","name":""}},{"type":"Feature","geometry":{"type":"Polygon","coordinates":[[[16.3735003,48.1640094],[16.3735952,48.1639838],[16.3736151,48.1640167],[16.3735201,48.1640423],[16.3735003,48.1640094]]]},"properties":{"voltage":"","name":""}},{"type":"Feature","geometry":{"type":"Polygon","coordinates":[[[22.0633939,48.5311355],[22.0633777,48.5307968],[22.0646029,48.530771],[22.0646191,48.5311099],[22.0633939,48.5311355]]]},"properties":{"voltage":"110000","name":"EUSTREAM Ve\u013ek\u00e9 Kapu\u0161any"}},{"type":"Feature","geometry":{"type":"Polygon","coordinates":[[[16.3546702,48.1940106],[16.3546048,48.1940072],[16.3546113,48.193951],[16.3546767,48.1939544],[16.3546702,48.1940106]]]},"properties":{"voltage":"","name":""}},{"type":"Feature","geometry":{"type":"Polygon","coordinates":[[[16.2856061,48.0270264],[16.2856308,48.0270207],[16.2856142,48.0269888],[16.2855895,48.0269945],[16.2856061,48.0270264]]]},"properties":{"voltage":"20000;400","name":""}},{"type":"Feature","geometry":{"type":"Polygon","coordinates":[[[16.2692062,48.1181461],[16.2692651,48.1181573],[16.2692505,48.1181917],[16.2691915,48.1181805],[16.2692062,48.1181461]]]},"properties":{"voltage":"20000;400","name":""}},{"type":"Feature","geometry":{"type":"Polygon","coordinates":[[[16.2124228,48.007437],[16.2124456,48.0074536],[16.2123912,48.0074873],[16.2123683,48.0074706],[16.2124228,48.007437]]]},"properties":{"voltage":"20000;400","name":""}},{"type":"Feature","geometry":{"type":"Polygon","coordinates":[[[16.2094147,48.0091525],[16.2094975,48.0091213],[16.209527,48.0091564],[16.2094442,48.0091876],[16.2094147,48.0091525]]]},"properties":{"voltage":"20000;400","name":""}},{"type":"Feature","geometry":{"type":"Polygon","coordinates":[[[16.3017438,48.0268133],[16.3017772,48.0268048],[16.3017993,48.026844],[16.3017815,48.0268485],[16.3017659,48.0268524],[16.3017438,48.0268133]]]},"properties":{"voltage":"20000;400","name":""}},{"type":"Feature","geometry":{"type":"Polygon","coordinates":[[[16.3011556,48.0234746],[16.3011851,48.0235079],[16.3010969,48.0235429],[16.3010673,48.0235096],[16.3011556,48.0234746]]]},"properties":{"voltage":"20000;400","name":""}},{"type":"Feature","geometry":{"type":"Polygon","coordinates":[[[16.2967198,48.025986],[16.2967809,48.0260047],[16.2967985,48.025979],[16.2967374,48.0259603],[16.2967198,48.025986]]]},"properties":{"voltage":"20000;400","name":""}},{"type":"Feature","geometry":{"type":"Polygon","coordinates":[[[16.290995,48.0258194],[16.2910578,48.0258345],[16.2910385,48.0258703],[16.2909758,48.0258552],[16.290995,48.0258194]]]},"properties":{"voltage":"20000;400","name":""}},{"type":"Feature","geometry":{"type":"Polygon","coordinates":[[[16.4779562,48.2779652],[16.4780072,48.2779559],[16.4779953,48.2779271],[16.4779443,48.2779364],[16.4779562,48.2779652]]]},"properties":{"voltage":"","name":""}},{"type":"Feature","geometry":{"type":"Polygon","coordinates":[[[16.4779531,48.2778964],[16.4780086,48.2778902],[16.4780188,48.277889],[16.4780022,48.2778231],[16.4779895,48.2778245],[16.4779365,48.2778305],[16.4779531,48.2778964]]]},"properties":{"voltage":"","name":""}},{"type":"Feature","geometry":{"type":"Polygon","coordinates":[[[16.48151,48.2971964],[16.4815588,48.2971915],[16.481555,48.2971751],[16.4815063,48.2971801],[16.48151,48.2971964]]]},"properties":{"voltage":"","name":""}},{"type":"Feature","geometry":{"type":"Polygon","coordinates":[[[16.471791,48.2956318],[16.4717768,48.2956074],[16.4718034,48.2956005],[16.4718177,48.2956249],[16.471791,48.2956318]]]},"properties":{"voltage":"","name":""}},{"type":"Feature","geometry":{"type":"Polygon","coordinates":[[[16.4604406,48.3470123],[16.4605735,48.3469965],[16.4605633,48.3469587],[16.4604304,48.3469745],[16.4604406,48.3470123]]]},"properties":{"voltage":"20000","name":""}},{"type":"Feature","geometry":{"type":"Polygon","coordinates":[[[16.459793,48.3443635],[16.459813,48.3443906],[16.4599145,48.3443574],[16.4598945,48.3443303],[16.459793,48.3443635]]]},"properties":{"voltage":"20000","name":""}},{"type":"Feature","geometry":{"type":"Polygon","coordinates":[[[16.4596096,48.3444246],[16.4596293,48.3444506],[16.4597802,48.3444002],[16.4597605,48.3443741],[16.4596096,48.3444246]]]},"properties":{"voltage":"20000","name":""}},{"type":"Feature","geometry":{"type":"Polygon","coordinates":[[[16.4582179,48.3431186],[16.4582641,48.3430895],[16.458337,48.3431406],[16.4582907,48.3431697],[16.4582179,48.3431186]]]},"properties":{"voltage":"20000","name":""}},{"type":"Feature","geometry":{"type":"Polygon","coordinates":[[[16.1665098,48.2485415],[16.1665487,48.2485355],[16.1665661,48.2485858],[16.1665272,48.2485917],[16.1665098,48.2485415]]]},"properties":{"voltage":"20000","name":""}},{"type":"Feature","geometry":{"type":"Polygon","coordinates":[[[17.0546416,48.1778011],[17.0546711,48.1777841],[17.0546292,48.177751],[17.0546007,48.1777665],[17.0546416,48.1778011]]]},"properties":{"voltage":"","name":""}},{"type":"Feature","geometry":{"type":"Polygon","coordinates":[[[16.3708956,48.1688594],[16.370879,48.1688028],[16.3709192,48.1687975],[16.3709359,48.1688541],[16.3708956,48.1688594]]]},"properties":{"voltage":"","name":"Unterwerk Laxenburger Stra\u00dfe"}},{"type":"Feature","geometry":{"type":"Polygon","coordinates":[[[16.6103646,48.1142915],[16.6104317,48.1143036],[16.6104477,48.1142643],[16.6103806,48.1142521],[16.6103646,48.1142915]]]},"properties":{"voltage":"20000","name":""}},{"type":"Feature","geometry":{"type":"Polygon","coordinates":[[[16.6119518,48.1136157],[16.6121126,48.1136257],[16.612121,48.1135656],[16.6119602,48.1135556],[16.6119518,48.1136157]]]},"properties":{"voltage":"20000","name":""}},{"type":"Feature","geometry":{"type":"Polygon","coordinates":[[[16.6165322,48.1114608],[16.6165377,48.1114322],[16.6166029,48.1114378],[16.6165974,48.1114664],[16.6165322,48.1114608]]]},"properties":{"voltage":"20000","name":""}},{"type":"Feature","geometry":{"type":"Polygon","coordinates":[[[16.6161987,48.1180563],[16.6162934,48.118056],[16.6162931,48.1180173],[16.6161984,48.1180176],[16.6161987,48.1180563]]]},"properties":{"voltage":"20000","name":""}},{"type":"Feature","geometry":{"type":"Polygon","coordinates":[[[16.6100479,48.1167664],[16.6101275,48.1167667],[16.6101278,48.1167346],[16.6100481,48.1167343],[16.6100479,48.1167664]]]},"properties":{"voltage":"20000","name":""}},{"type":"Feature","geometry":{"type":"Polygon","coordinates":[[[16.6152431,48.1082039],[16.6152901,48.1082079],[16.6152992,48.1081594],[16.6152522,48.1081554],[16.6152431,48.1082039]]]},"properties":{"voltage":"20000","name":""}},{"type":"Feature","geometry":{"type":"Polygon","coordinates":[[[16.6146852,48.1097636],[16.6147428,48.109767],[16.6147523,48.1096956],[16.6146947,48.1096922],[16.6146852,48.1097636]]]},"properties":{"voltage":"20000","name":""}},{"type":"Feature","geometry":{"type":"Polygon","coordinates":[[[16.621043,48.1100702],[16.6211039,48.1100707],[16.6211046,48.1100306],[16.6210437,48.1100301],[16.621043,48.1100702]]]},"properties":{"voltage":"20000","name":""}},{"type":"Feature","geometry":{"type":"Polygon","coordinates":[[[16.6257406,48.1112017],[16.6257662,48.1112012],[16.6257891,48.1112006],[16.6257877,48.1111733],[16.6257392,48.1111744],[16.6257406,48.1112017]]]},"properties":{"voltage":"20000","name":""}},{"type":"Feature","geometry":{"type":"Polygon","coordinates":[[[16.6263039,48.1150114],[16.6263666,48.1150106],[16.6263654,48.1149681],[16.6263028,48.1149689],[16.6263039,48.1150114]]]},"properties":{"voltage":"20000","name":""}},{"type":"Feature","geometry":{"type":"Polygon","coordinates":[[[16.3821081,48.0792796],[16.3820657,48.0792649],[16.3820842,48.0792411],[16.3821266,48.0792558],[16.3821081,48.0792796]]]},"properties":{"voltage":"20000;400","name":""}},{"type":"Feature","geometry":{"type":"Polygon","coordinates":[[[16.4005724,48.2159475],[16.4004798,48.2160108],[16.4004381,48.2159838],[16.4005307,48.2159205],[16.4005724,48.2159475]]]},"properties":{"voltage":"","name":""}},{"type":"Feature","geometry":{"type":"Polygon","coordinates":[[[16.2456378,48.2646931],[16.2457085,48.2646809],[16.2457234,48.2647194],[16.2456527,48.2647315],[16.2456378,48.2646931]]]},"properties":{"voltage":"20000;400","name":""}},{"type":"Feature","geometry":{"type":"Polygon","coordinates":[[[16.1453903,48.3026991],[16.1454119,48.3026716],[16.1454478,48.302684],[16.1454262,48.3027116],[16.1453903,48.3026991]]]},"properties":{"voltage":"","name":""}},{"type":"Feature","geometry":{"type":"Polygon","coordinates":[[[16.358584,48.0706823],[16.3586178,48.0706478],[16.3585554,48.0706205],[16.3585216,48.070655],[16.358584,48.0706823]]]},"properties":{"voltage":"20000;400","name":""}},{"type":"Feature","geometry":{"type":"Polygon","coordinates":[[[16.1807751,48.2096751],[16.1808374,48.2096696],[16.1808443,48.2097043],[16.1807821,48.2097098],[16.1807751,48.2096751]]]},"properties":{"voltage":"","name":""}},{"type":"Feature","geometry":{"type":"Polygon","coordinates":[[[16.2874502,48.160071],[16.2874127,48.1601001],[16.2873523,48.1600656],[16.2873898,48.1600364],[16.2874502,48.160071]]]},"properties":{"voltage":"","name":""}},{"type":"Feature","geometry":{"type":"Polygon","coordinates":[[[16.2839983,48.1417746],[16.2840939,48.1417605],[16.2840809,48.1417213],[16.2839853,48.1417355],[16.2839983,48.1417746]]]},"properties":{"voltage":"","name":""}},{"type":"Feature","geometry":{"type":"Polygon","coordinates":[[[16.3066684,48.0825844],[16.3067479,48.0825785],[16.3067366,48.0825102],[16.3066571,48.082516],[16.3066684,48.0825844]]]},"properties":{"voltage":"","name":""}},{"type":"Feature","geometry":{"type":"Polygon","coordinates":[[[16.317858,48.0801929],[16.3179268,48.0801973],[16.317931,48.0801676],[16.3178622,48.0801632],[16.317858,48.0801929]]]},"properties":{"voltage":"20000;400","name":""}},{"type":"Feature","geometry":{"type":"Polygon","coordinates":[[[16.2867678,48.087788],[16.2868161,48.0877954],[16.2868335,48.0877447],[16.2867852,48.0877373],[16.2867678,48.087788]]]},"properties":{"voltage":"","name":""}},{"type":"Feature","geometry":{"type":"Polygon","coordinates":[[[17.354484,48.0545111],[17.3545154,48.0544975],[17.3544792,48.0544602],[17.3544478,48.0544738],[17.354484,48.0545111]]]},"properties":{"voltage":"","name":""}},{"type":"Feature","geometry":{"type":"Polygon","coordinates":[[[16.4786211,48.1522412],[16.4786729,48.1522153],[16.4786317,48.1521787],[16.4785799,48.1522046],[16.4786211,48.1522412]]]},"properties":{"voltage":"","name":""}},{"type":"Feature","geometry":{"type":"Polygon","coordinates":[[[16.2841177,48.1261086],[16.284041,48.126103],[16.2840514,48.1260399],[16.284128,48.1260455],[16.2841177,48.1261086]]]},"properties":{"voltage":"20000;400","name":""}},{"type":"Feature","geometry":{"type":"Polygon","coordinates":[[[16.3636498,48.083578],[16.3636406,48.0835384],[16.36377,48.083525],[16.3637792,48.0835646],[16.3636498,48.083578]]]},"properties":{"voltage":"20000;400","name":""}},{"type":"Feature","geometry":{"type":"Polygon","coordinates":[[[16.2050992,48.0539887],[16.2051171,48.0540225],[16.2051766,48.0540084],[16.2051587,48.0539746],[16.2050992,48.0539887]]]},"properties":{"voltage":"20000;400","name":"Netztransformatorstation Schulgasse"}},{"type":"Feature","geometry":{"type":"Polygon","coordinates":[[[16.6023418,48.0889987],[16.602299,48.0890382],[16.6023335,48.0890549],[16.6023763,48.0890153],[16.6023418,48.0889987]]]},"properties":{"voltage":"20000","name":""}},{"type":"Feature","geometry":{"type":"Polygon","coordinates":[[[16.3830517,48.0396272],[16.3830475,48.0396059],[16.3830959,48.0396017],[16.3831001,48.0396229],[16.3830517,48.0396272]]]},"properties":{"voltage":"20000;400","name":""}},{"type":"Feature","geometry":{"type":"Polygon","coordinates":[[[22.7054023,48.4520134],[22.7054491,48.4519298],[22.7055223,48.4519487],[22.7054755,48.4520309],[22.7054023,48.4520134]]]},"properties":{"voltage":"","name":""}},{"type":"Feature","geometry":{"type":"Polygon","coordinates":[[[16.3387233,48.1378576],[16.3387061,48.1378171],[16.338795,48.1377997],[16.3388167,48.137838],[16.3387233,48.1378576]]]},"properties":{"voltage":"","name":""}},{"type":"Feature","geometry":{"type":"Polygon","coordinates":[[[16.3524174,48.3122377],[16.3524721,48.3122265],[16.3524629,48.3122067],[16.3524082,48.3122179],[16.3524174,48.3122377]]]},"properties":{"voltage":"","name":""}},{"type":"Feature","geometry":{"type":"Polygon","coordinates":[[[22.0233577,48.5606338],[22.0226115,48.5607584],[22.0228574,48.5614036],[22.0236036,48.561279],[22.0233577,48.5606338]]]},"properties":{"voltage":"110000","name":"\u017dSR Vojany"}},{"type":"Feature","geometry":{"type":"Polygon","coordinates":[[[16.8206468,48.0335247],[16.8207165,48.0335076],[16.8206899,48.0334592],[16.8206202,48.0334763],[16.8206468,48.0335247]]]},"properties":{"voltage":"20000","name":""}},{"type":"Feature","geometry":{"type":"Polygon","coordinates":[[[16.2478822,48.0079241],[16.2479556,48.0079289],[16.2479651,48.007864],[16.2478916,48.0078592],[16.2478822,48.0079241]]]},"properties":{"voltage":"20000","name":""}},{"type":"Feature","geometry":{"type":"Polygon","coordinates":[[[16.2559849,48.0081052],[16.2559265,48.0080977],[16.2559392,48.0080533],[16.2559975,48.0080608],[16.2559849,48.0081052]]]},"properties":{"voltage":"20000","name":""}},{"type":"Feature","geometry":{"type":"Polygon","coordinates":[[[16.2594209,48.0086035],[16.2594917,48.0086159],[16.2594696,48.0086723],[16.2593989,48.0086599],[16.2594209,48.0086035]]]},"properties":{"voltage":"20000","name":""}},{"type":"Feature","geometry":{"type":"Polygon","coordinates":[[[16.244655,48.0084329],[16.2446815,48.0084326],[16.244681,48.0084113],[16.2446545,48.0084116],[16.244655,48.0084329]]]},"properties":{"voltage":"20000","name":""}},{"type":"Feature","geometry":{"type":"Polygon","coordinates":[[[16.2563577,48.0143415],[16.2563808,48.0143519],[16.256406,48.0143268],[16.2563829,48.0143164],[16.2563577,48.0143415]]]},"properties":{"voltage":"20000","name":""}},{"type":"Feature","geometry":{"type":"Polygon","coordinates":[[[17.4072752,48.3566806],[17.4072803,48.3566554],[17.4072438,48.3566521],[17.4072414,48.3566641],[17.4072387,48.3566774],[17.4072752,48.3566806]]]},"properties":{"voltage":"","name":"TS-1"}},{"type":"Feature","geometry":{"type":"Polygon","coordinates":[[[17.301772,48.1076203],[17.3018361,48.1076202],[17.3018359,48.1075903],[17.3017719,48.1075904],[17.301772,48.1076203]]]},"properties":{"voltage":"22000;420","name":""}},{"type":"Feature","geometry":{"type":"Polygon","coordinates":[[[17.3013022,48.0980086],[17.3013426,48.098012],[17.301347,48.0979889],[17.3013066,48.0979855],[17.3013022,48.0980086]]]},"properties":{"voltage":"","name":""}},{"type":"Feature","geometry":{"type":"Polygon","coordinates":[[[22.2617344,48.5970185],[22.2606382,48.5977862],[22.260642,48.5978288],[22.2613058,48.5982252],[22.261393,48.5982327],[22.2623755,48.5975478],[22.2623717,48.5974901],[22.2618292,48.597011],[22.2617344,48.5970185]]]},"properties":{"voltage":"35000","name":""}},{"type":"Feature","geometry":{"type":"Polygon","coordinates":[[[16.3569453,48.0867471],[16.3570076,48.0867437],[16.3570111,48.0867713],[16.3569487,48.0867748],[16.3569453,48.0867471]]]},"properties":{"voltage":"20000;400","name":""}},{"type":"Feature","geometry":{"type":"Polygon","coordinates":[[[16.3679092,48.1151337],[16.3679022,48.1151066],[16.3678628,48.1151111],[16.3678697,48.1151382],[16.3678888,48.115136],[16.3679092,48.1151337]]]},"properties":{"voltage":"20000;400","name":""}},{"type":"Feature","geometry":{"type":"Polygon","coordinates":[[[16.3813788,48.0348017],[16.3814163,48.0347938],[16.3814223,48.0348066],[16.3813847,48.0348145],[16.3813788,48.0348017]]]},"properties":{"voltage":"20000;400","name":""}},{"type":"Feature","geometry":{"type":"Polygon","coordinates":[[[16.3711411,48.1045934],[16.3711866,48.104573],[16.3711493,48.104536],[16.3711038,48.1045564],[16.3711411,48.1045934]]]},"properties":{"voltage":"20000;400","name":""}},{"type":"Feature","geometry":{"type":"Polygon","coordinates":[[[16.3686018,48.111736],[16.3686523,48.1117241],[16.368673,48.1117634],[16.3686225,48.1117753],[16.3686018,48.111736]]]},"properties":{"voltage":"20000;400","name":""}},{"type":"Feature","geometry":{"type":"Polygon","coordinates":[[[22.7121804,48.4500488],[22.7122855,48.4500737],[22.7123588,48.4499378],[22.7122997,48.4499238],[22.7122511,48.450014],[22.7122051,48.4500031],[22.7121804,48.4500488]]]},"properties":{"voltage":"","name":"\u0422\u041f-31"}},{"type":"Feature","geometry":{"type":"Polygon","coordinates":[[[16.2524437,48.1993576],[16.2524914,48.1993101],[16.2524629,48.1992974],[16.2524152,48.1993448],[16.2524437,48.1993576]]]},"properties":{"voltage":"","name":""}},{"type":"Feature","geometry":{"type":"Polygon","coordinates":[[[16.46862,48.1945318],[16.4686474,48.1945479],[16.4686918,48.1945144],[16.4686644,48.1944983],[16.46862,48.1945318]]]},"properties":{"voltage":"","name":""}},{"type":"Feature","geometry":{"type":"Polygon","coordinates":[[[16.5677673,48.2976117],[16.5677967,48.2976545],[16.5678376,48.297642],[16.5678082,48.2975993],[16.5677673,48.2976117]]]},"properties":{"voltage":"","name":"TST Deutsch-Wagram Friedhof"}},{"type":"Feature","geometry":{"type":"Polygon","coordinates":[[[16.5795964,48.2903182],[16.5796251,48.2903161],[16.5796231,48.2903042],[16.5795944,48.2903063],[16.5795964,48.2903182]]]},"properties":{"voltage":"20000","name":""}},{"type":"Feature","geometry":{"type":"Polygon","coordinates":[[[16.5811969,48.2921539],[16.5812352,48.2921516],[16.5812337,48.2921406],[16.5811954,48.2921428],[16.5811969,48.2921539]]]},"properties":{"voltage":"20000","name":""}},{"type":"Feature","geometry":{"type":"Polygon","coordinates":[[[16.5780593,48.2883371],[16.5780681,48.2883563],[16.5781253,48.2883446],[16.5781165,48.2883255],[16.5780593,48.2883371]]]},"properties":{"voltage":"20000","name":""}},{"type":"Feature","geometry":{"type":"Polygon","coordinates":[[[16.604252,48.2798569],[16.6042561,48.2798726],[16.6042995,48.2798677],[16.6042955,48.279852],[16.604252,48.2798569]]]},"properties":{"voltage":"","name":"TST Parbasdorf Bergvierteln"}},{"type":"Feature","geometry":{"type":"Polygon","coordinates":[[[16.1717469,48.2024833],[16.1717881,48.202489],[16.1717938,48.2024707],[16.1717526,48.202465],[16.1717469,48.2024833]]]},"properties":{"voltage":"","name":""}},{"type":"Feature","geometry":{"type":"Polygon","coordinates":[[[16.2791357,48.1207911],[16.2791277,48.1208008],[16.2790891,48.1207866],[16.2790971,48.1207769],[16.2791357,48.1207911]]]},"properties":{"voltage":"","name":""}},{"type":"Feature","geometry":{"type":"Polygon","coordinates":[[[16.2304799,48.0079569],[16.2305115,48.0079583],[16.2305079,48.007993],[16.2304764,48.0079915],[16.2304799,48.0079569]]]},"properties":{"voltage":"20000","name":""}},{"type":"Feature","geometry":{"type":"Polygon","coordinates":[[[16.2217781,48.0013757],[16.2217559,48.0013375],[16.2216122,48.001375],[16.2216344,48.0014132],[16.2217781,48.0013757]]]},"properties":{"voltage":"20000","name":""}},{"type":"Feature","geometry":{"type":"Polygon","coordinates":[[[16.2168649,48.0018486],[16.2169021,48.0018369],[16.2169128,48.0018521],[16.2168756,48.0018638],[16.2168649,48.0018486]]]},"properties":{"voltage":"20000","name":""}},{"type":"Feature","geometry":{"type":"Polygon","coordinates":[[[16.8353384,48.0971255],[16.8353677,48.0971405],[16.8353889,48.0971221],[16.8353596,48.0971071],[16.8353384,48.0971255]]]},"properties":{"voltage":"","name":""}},{"type":"Feature","geometry":{"type":"Polygon","coordinates":[[[16.8411419,48.097188],[16.8411754,48.0971984],[16.84119,48.0971773],[16.8411565,48.097167],[16.8411419,48.097188]]]},"properties":{"voltage":"","name":""}},{"type":"Feature","geometry":{"type":"Polygon","coordinates":[[[16.8380874,48.1119466],[16.838156,48.1119624],[16.838192,48.1118928],[16.8381234,48.111877],[16.8380874,48.1119466]]]},"properties":{"voltage":"","name":"TST Petronell Naturfilteranlage"}},{"type":"Feature","geometry":{"type":"Polygon","coordinates":[[[17.5920039,48.3579838],[17.5920419,48.3579846],[17.5920438,48.3579443],[17.5920058,48.3579435],[17.5920039,48.3579838]]]},"properties":{"voltage":"","name":""}},{"type":"Feature","geometry":{"type":"Polygon","coordinates":[[[16.3963874,48.1073474],[16.3964027,48.1073774],[16.3964432,48.1073682],[16.3964279,48.1073383],[16.3964068,48.1073431],[16.3963874,48.1073474]]]},"properties":{"voltage":"20000","name":""}},{"type":"Feature","geometry":{"type":"Polygon","coordinates":[[[16.2444128,48.1372964],[16.2445233,48.1373108],[16.2445376,48.1372622],[16.244427,48.1372478],[16.2444128,48.1372964]]]},"properties":{"voltage":"","name":""}},{"type":"Feature","geometry":{"type":"Polygon","coordinates":[[[16.4643346,48.2463898],[16.4643659,48.2464219],[16.4643108,48.2464457],[16.4642795,48.2464137],[16.4643346,48.2463898]]]},"properties":{"voltage":"","name":""}},{"type":"Feature","geometry":{"type":"Polygon","coordinates":[[[16.3143401,48.1275152],[16.3144045,48.1275006],[16.3143668,48.1274268],[16.3143024,48.1274414],[16.3143401,48.1275152]]]},"properties":{"voltage":"","name":""}},{"type":"Feature","geometry":{"type":"Polygon","coordinates":[[[16.2902106,48.1526848],[16.2902191,48.15273],[16.2902786,48.1527249],[16.29027,48.1526798],[16.2902106,48.1526848]]]},"properties":{"voltage":"","name":""}},{"type":"Feature","geometry":{"type":"Polygon","coordinates":[[[16.2243753,48.0027409],[16.2244063,48.0028128],[16.2243019,48.0028329],[16.2242709,48.002761],[16.2243753,48.0027409]]]},"properties":{"voltage":"20000","name":""}},{"type":"Feature","geometry":{"type":"Polygon","coordinates":[[[16.2124011,48.004098],[16.2123895,48.0040717],[16.2124603,48.0040578],[16.2124719,48.0040841],[16.2124011,48.004098]]]},"properties":{"voltage":"20000","name":""}},{"type":"Feature","geometry":{"type":"Polygon","coordinates":[[[16.2300856,48.0026052],[16.2300693,48.0025508],[16.230138,48.0025377],[16.2301607,48.0025908],[16.2300856,48.0026052]]]},"properties":{"voltage":"20000","name":""}},{"type":"Feature","geometry":{"type":"Polygon","coordinates":[[[16.3816771,48.0599938],[16.3816606,48.0600233],[16.3816904,48.0600307],[16.3817069,48.0600012],[16.3816771,48.0599938]]]},"properties":{"voltage":"20000;400","name":""}},{"type":"Feature","geometry":{"type":"Polygon","coordinates":[[[16.2362826,48.0102232],[16.2363128,48.0102289],[16.2363255,48.0101989],[16.2362953,48.0101931],[16.2362826,48.0102232]]]},"properties":{"voltage":"20000","name":""}},{"type":"Feature","geometry":{"type":"Polygon","coordinates":[[[17.5811101,48.3887547],[17.5811257,48.3887321],[17.5810889,48.3887209],[17.5810733,48.3887435],[17.5811101,48.3887547]]]},"properties":{"voltage":"","name":""}},{"type":"Feature","geometry":{"type":"Polygon","coordinates":[[[19.1347483,48.1038745],[19.1352788,48.1042109],[19.1357428,48.1038723],[19.1351603,48.1035505],[19.1351173,48.1035843],[19.1347483,48.1038745]]]},"properties":{"voltage":"","name":"Vinica"}},{"type":"Feature","geometry":{"type":"Polygon","coordinates":[[[18.8939004,48.0982756],[18.8946058,48.0984346],[18.8948137,48.0980231],[18.8941083,48.0978641],[18.8939004,48.0982756]]]},"properties":{"voltage":"","name":"Transpetrol Tup\u00e1"}},{"type":"Feature","geometry":{"type":"Polygon","coordinates":[[[20.3118029,48.404568],[20.3131065,48.4045715],[20.3130957,48.4051093],[20.311811,48.4050559],[20.3118029,48.404568]]]},"properties":{"voltage":"","name":"Torna\u013ea"}},{"type":"Feature","geometry":{"type":"Polygon","coordinates":[[[19.9556123,48.5607175],[19.9554835,48.561322],[19.9546963,48.5612368],[19.9548532,48.5606368],[19.9556123,48.5607175]]]},"properties":{"voltage":"110000;22000","name":"Elektrick\u00e1 stanica Hn\u00fa\u0161\u0165a"}},{"type":"Feature","geometry":{"type":"Polygon","coordinates":[[[19.2054059,48.571385],[19.2069095,48.5711358],[19.2065897,48.5702909],[19.2053152,48.5705021],[19.2053464,48.5705846],[19.2049645,48.5706479],[19.2051086,48.5710286],[19.2052614,48.5710033],[19.2054059,48.571385]]]},"properties":{"voltage":"","name":"Lieskovec"}},{"type":"Feature","geometry":{"type":"Polygon","coordinates":[[[16.6669653,48.1520781],[16.666997,48.1520783],[16.6669975,48.1520446],[16.6669658,48.1520444],[16.6669655,48.1520613],[16.6669653,48.1520781]]]},"properties":{"voltage":"20000","name":""}},{"type":"Feature","geometry":{"type":"Polygon","coordinates":[[[16.1412342,48.0314288],[16.1412554,48.0314408],[16.1412859,48.0314168],[16.1412647,48.0314048],[16.1412342,48.0314288]]]},"properties":{"voltage":"20000","name":""}},{"type":"Feature","geometry":{"type":"Polygon","coordinates":[[[16.1502299,48.0653263],[16.1502126,48.0653092],[16.1502522,48.0652913],[16.1502695,48.0653084],[16.1502299,48.0653263]]]},"properties":{"voltage":"20000","name":""}},{"type":"Feature","geometry":{"type":"Polygon","coordinates":[[[16.3124325,48.0704736],[16.3125037,48.0704805],[16.31249,48.0705428],[16.3124189,48.0705358],[16.3124325,48.0704736]]]},"properties":{"voltage":"20000;400","name":""}},{"type":"Feature","geometry":{"type":"Polygon","coordinates":[[[16.4410705,48.3174174],[16.441058,48.3173723],[16.4411273,48.3173638],[16.4411398,48.3174089],[16.4410705,48.3174174]]]},"properties":{"voltage":"20000","name":""}},{"type":"Feature","geometry":{"type":"Polygon","coordinates":[[[16.4020805,48.1050889],[16.4020971,48.1051305],[16.4021359,48.1051236],[16.4021984,48.1051125],[16.4021818,48.1050709],[16.4020805,48.1050889]]]},"properties":{"voltage":"20000;400","name":""}},{"type":"Feature","geometry":{"type":"Polygon","coordinates":[[[16.2658379,48.1318785],[16.2659174,48.1319032],[16.265943,48.1318666],[16.2658635,48.1318418],[16.2658379,48.1318785]]]},"properties":{"voltage":"","name":""}},{"type":"Feature","geometry":{"type":"Polygon","coordinates":[[[19.8307222,48.2804412],[19.8317294,48.2803409],[19.8316182,48.2798462],[19.8315573,48.2795755],[19.8306765,48.2796632],[19.8305502,48.2796757],[19.8307222,48.2804412]]]},"properties":{"voltage":"","name":"Fi\u013eakovo"}},{"type":"Feature","geometry":{"type":"Polygon","coordinates":[[[17.6741977,48.4905014],[17.6744673,48.4907263],[17.6747435,48.490593],[17.6753242,48.4910782],[17.6746134,48.4914364],[17.6740636,48.4909671],[17.6739751,48.4909503],[17.673786,48.4907761],[17.6737377,48.4907965],[17.6736894,48.4907574],[17.6741977,48.4905014]]]},"properties":{"voltage":"","name":"A1"}},{"type":"Feature","geometry":{"type":"Polygon","coordinates":[[[17.7919545,48.4880249],[17.7924385,48.4879179],[17.7917779,48.4866058],[17.7912939,48.4867128],[17.7919545,48.4880249]]]},"properties":{"voltage":"","name":"VE Madunice"}},{"type":"Feature","geometry":{"type":"Polygon","coordinates":[[[18.5974732,48.2026042],[18.5977132,48.2022411],[18.5986403,48.2025134],[18.5984004,48.2028764],[18.5974732,48.2026042]]]},"properties":{"voltage":"","name":""}},{"type":"Feature","geometry":{"type":"Polygon","coordinates":[[[17.3048267,48.1074818],[17.3048366,48.1075063],[17.3049,48.1074949],[17.30489,48.1074704],[17.3048267,48.1074818]]]},"properties":{"voltage":"22000;420","name":""}},{"type":"Feature","geometry":{"type":"Polygon","coordinates":[[[16.3212223,48.1174484],[16.3212414,48.1175092],[16.3211728,48.1175188],[16.3211537,48.117458],[16.3212223,48.1174484]]]},"properties":{"voltage":"20000;400","name":""}},{"type":"Feature","geometry":{"type":"Polygon","coordinates":[[[16.3209757,48.1230562],[16.3211055,48.123039],[16.3211163,48.1230755],[16.3209865,48.1230927],[16.3209757,48.1230562]]]},"properties":{"voltage":"20000;400","name":""}},{"type":"Feature","geometry":{"type":"Polygon","coordinates":[[[16.3418601,48.1228946],[16.3419112,48.1228798],[16.341941,48.1229256],[16.3418898,48.1229404],[16.3418601,48.1228946]]]},"properties":{"voltage":"20000;400","name":""}},{"type":"Feature","geometry":{"type":"Polygon","coordinates":[[[16.3339817,48.2663932],[16.334042,48.266369],[16.3340071,48.2663304],[16.3339467,48.2663547],[16.3339817,48.2663932]]]},"properties":{"voltage":"","name":""}},{"type":"Feature","geometry":{"type":"Polygon","coordinates":[[[16.5397864,48.2453505],[16.5398437,48.2453432],[16.5398572,48.2453907],[16.5397999,48.245398],[16.5397864,48.2453505]]]},"properties":{"voltage":"","name":""}},{"type":"Feature","geometry":{"type":"Polygon","coordinates":[[[17.2113691,48.1171015],[17.2114006,48.1170856],[17.2113715,48.11706],[17.21134,48.117076],[17.2113691,48.1171015]]]},"properties":{"voltage":"","name":""}},{"type":"Feature","geometry":{"type":"Polygon","coordinates":[[[16.4149844,48.2691487],[16.4150776,48.269244],[16.4151295,48.2692215],[16.4150363,48.2691262],[16.4149844,48.2691487]]]},"properties":{"voltage":"","name":""}},{"type":"Feature","geometry":{"type":"Polygon","coordinates":[[[16.9269831,48.2390288],[16.9269765,48.2390396],[16.9269678,48.2390541],[16.926919,48.239041],[16.9269343,48.2390157],[16.9269831,48.2390288]]]},"properties":{"voltage":"","name":""}},{"type":"Feature","geometry":{"type":"Polygon","coordinates":[[[17.4020055,48.0110968],[17.402027,48.0111162],[17.4020613,48.0110991],[17.4020397,48.0110797],[17.4020055,48.0110968]]]},"properties":{"voltage":"","name":""}},{"type":"Feature","geometry":{"type":"Polygon","coordinates":[[[21.9854753,48.4313529],[21.9864629,48.4317792],[21.987083,48.4310664],[21.9867704,48.4309355],[21.9861451,48.4306739],[21.9859202,48.4309019],[21.9854753,48.4313529]]]},"properties":{"voltage":"110000;22000","name":"Elektrick\u00e1 stanica Kr\u00e1\u013eovsk\u00fd Chlmec"}},{"type":"Feature","geometry":{"type":"Polygon","coordinates":[[[16.7647891,48.1078176],[16.7647957,48.1078725],[16.7648346,48.1078704],[16.7648281,48.1078156],[16.7647891,48.1078176]]]},"properties":{"voltage":"","name":"TST Regelsbrunn G\u00e4rtnerei"}},{"type":"Feature","geometry":{"type":"Polygon","coordinates":[[[16.235119,48.498702],[16.2350777,48.4986947],[16.2350844,48.498678],[16.2351257,48.4986852],[16.235119,48.498702]]]},"properties":{"voltage":"","name":""}},{"type":"Feature","geometry":{"type":"Polygon","coordinates":[[[16.1727915,48.4487256],[16.1728001,48.4487083],[16.1728407,48.4487171],[16.1728322,48.4487344],[16.1727915,48.4487256]]]},"properties":{"voltage":"","name":""}},{"type":"Feature","geometry":{"type":"Polygon","coordinates":[[[16.3141268,48.2876358],[16.3141396,48.2875893],[16.3141898,48.2875955],[16.3141769,48.287642],[16.3141268,48.2876358]]]},"properties":{"voltage":"","name":""}},{"type":"Feature","geometry":{"type":"Polygon","coordinates":[[[16.2647755,48.0892932],[16.2648883,48.0892891],[16.264891,48.089323],[16.2647783,48.089327],[16.2647755,48.0892932]]]},"properties":{"voltage":"","name":""}},{"type":"Feature","geometry":{"type":"Polygon","coordinates":[[[16.260852,48.082419],[16.2607975,48.0824462],[16.2608471,48.0824906],[16.2609016,48.0824633],[16.260852,48.082419]]]},"properties":{"voltage":"","name":""}},{"type":"Feature","geometry":{"type":"Polygon","coordinates":[[[16.2108208,48.0568275],[16.2108778,48.0568567],[16.2108986,48.0568374],[16.2108423,48.0568087],[16.2108208,48.0568275]]]},"properties":{"voltage":"20000","name":"Netztransformatorstation Hauptstra\u00dfe 40"}},{"type":"Feature","geometry":{"type":"Polygon","coordinates":[[[17.061274,48.1737854],[17.0612658,48.1738295],[17.0615168,48.1740591],[17.0613956,48.1741158],[17.0613353,48.174062],[17.0611712,48.1741469],[17.0611986,48.1741714],[17.0611831,48.1741793],[17.0612168,48.1742075],[17.0612754,48.1741777],[17.0613814,48.1742697],[17.0613768,48.1742716],[17.0616238,48.1744964],[17.06175,48.1744338],[17.0617796,48.1744705],[17.0618247,48.1744547],[17.0618816,48.1744347],[17.0618855,48.174407],[17.0627479,48.1739714],[17.0621243,48.1733892],[17.061274,48.1737854]]]},"properties":{"voltage":"110000;22000","name":"Lama\u010d"}},{"type":"Feature","geometry":{"type":"Polygon","coordinates":[[[18.850686,48.5718518],[18.8511497,48.571473],[18.8516003,48.5705341],[18.8515332,48.570401],[18.8512705,48.5702799],[18.8485667,48.5688995],[18.8471877,48.570073],[18.850686,48.5718518]]]},"properties":{"voltage":"110000","name":""}},{"type":"Feature","geometry":{"type":"Polygon","coordinates":[[[19.1107487,48.565944],[19.1109461,48.5660321],[19.1110433,48.5660754],[19.1112068,48.5659149],[19.1111096,48.5658715],[19.1109121,48.5657835],[19.1107487,48.565944]]]},"properties":{"voltage":"","name":"Zvolen Union"}},{"type":"Feature","geometry":{"type":"Polygon","coordinates":[[[17.2402226,48.1449674],[17.2402621,48.1449604],[17.2402444,48.1449166],[17.2402053,48.1449241],[17.2402226,48.1449674]]]},"properties":{"voltage":"","name":""}},{"type":"Feature","geometry":{"type":"Polygon","coordinates":[[[17.6982319,48.4282304],[17.6980849,48.427886],[17.6973441,48.4280372],[17.6974911,48.4283739],[17.6982319,48.4282304]]]},"properties":{"voltage":"","name":"Bu\u010dany"}},{"type":"Feature","geometry":{"type":"Polygon","coordinates":[[[17.6258943,48.3785365],[17.6261189,48.3786933],[17.6261485,48.3787139],[17.6264214,48.3784545],[17.6268954,48.3786762],[17.6272701,48.3783],[17.6265022,48.3779144],[17.6258962,48.3784827],[17.6258943,48.3785365]]]},"properties":{"voltage":"","name":"Trnava - Zavar"}},{"type":"Feature","geometry":{"type":"Polygon","coordinates":[[[16.8149848,48.2450517],[16.8150128,48.2450566],[16.8150235,48.2450292],[16.8149956,48.2450243],[16.8149848,48.2450517]]]},"properties":{"voltage":"","name":""}},{"type":"Feature","geometry":{"type":"Polygon","coordinates":[[[16.8292704,48.2170756],[16.8292507,48.2170891],[16.8292781,48.2171068],[16.8292977,48.2170933],[16.8292704,48.2170756]]]},"properties":{"voltage":"","name":""}},{"type":"Feature","geometry":{"type":"Polygon","coordinates":[[[19.3670841,48.5605442],[19.3676863,48.5609597],[19.3680756,48.5607125],[19.3674734,48.560297],[19.3670841,48.5605442]]]},"properties":{"voltage":"","name":"Detva"}},{"type":"Feature","geometry":{"type":"Polygon","coordinates":[[[16.2274628,48.4123795],[16.2274736,48.4124011],[16.2274525,48.4124057],[16.2274417,48.4123841],[16.2274628,48.4123795]]]},"properties":{"voltage":"","name":"TST Leitzersdorf Druckverst\u00e4rker"}},{"type":"Feature","geometry":{"type":"Polygon","coordinates":[[[16.226374,48.413131],[16.2264319,48.4131125],[16.2264089,48.4130806],[16.2263509,48.4130991],[16.226374,48.413131]]]},"properties":{"voltage":"","name":""}},{"type":"Feature","geometry":{"type":"Polygon","coordinates":[[[17.4228097,48.1197758],[17.4228358,48.1197749],[17.4228342,48.1197543],[17.4228081,48.1197552],[17.4228097,48.1197758]]]},"properties":{"voltage":"","name":"SO-13"}},{"type":"Feature","geometry":{"type":"Polygon","coordinates":[[[16.4897673,48.1587961],[16.490438,48.1586081],[16.4905392,48.1585811],[16.4911927,48.1588514],[16.4901654,48.1593263],[16.4898722,48.1591646],[16.4900974,48.1590125],[16.4897924,48.1588374],[16.4897673,48.1587961]]]},"properties":{"voltage":"110000","name":"Umspannwerk Albern"}},{"type":"Feature","geometry":{"type":"Polygon","coordinates":[[[16.2384072,48.1300362],[16.238386,48.1300742],[16.2384626,48.1300932],[16.238473,48.1300745],[16.2384837,48.1300557],[16.2384072,48.1300362]]]},"properties":{"voltage":"","name":""}},{"type":"Feature","geometry":{"type":"Polygon","coordinates":[[[17.7666374,48.4350014],[17.7666669,48.4352603],[17.7680026,48.4351758],[17.7682071,48.4350801],[17.7681897,48.4349062],[17.7677371,48.4349213],[17.7677371,48.4349507],[17.7666374,48.4350014]]]},"properties":{"voltage":"","name":"\u0160ulekovo"}},{"type":"Feature","geometry":{"type":"Polygon","coordinates":[[[16.3713236,48.3913818],[16.371343,48.391404],[16.3713651,48.3913955],[16.3713457,48.3913733],[16.3713236,48.3913818]]]},"properties":{"voltage":"","name":"TST Harmannsdorf Mitte"}},{"type":"Feature","geometry":{"type":"Polygon","coordinates":[[[16.375948,48.391092],[16.3759743,48.3910911],[16.3759722,48.3910667],[16.375946,48.3910676],[16.375948,48.391092]]]},"properties":{"voltage":"","name":""}},{"type":"Feature","geometry":{"type":"Polygon","coordinates":[[[16.371832,48.4004487],[16.3718719,48.4004596],[16.3718815,48.4004442],[16.3718416,48.4004333],[16.371832,48.4004487]]]},"properties":{"voltage":"","name":""}},{"type":"Feature","geometry":{"type":"Polygon","coordinates":[[[17.8257331,48.1879848],[17.8257651,48.1879997],[17.8262079,48.1882065],[17.826815,48.1876421],[17.8268764,48.1875874],[17.8263366,48.1873804],[17.8257331,48.1879848]]]},"properties":{"voltage":"","name":"VE Kr\u00e1\u013eov\u00e1"}},{"type":"Feature","geometry":{"type":"Polygon","coordinates":[[[16.9939406,48.3322689],[16.9948954,48.3321342],[16.9948039,48.3318477],[16.9938491,48.3319824],[16.9939406,48.3322689]]]},"properties":{"voltage":"","name":"\u017dSR Zohor"}},{"type":"Feature","geometry":{"type":"Polygon","coordinates":[[[16.2683568,48.1472703],[16.2683539,48.1472363],[16.2684214,48.1472338],[16.2684242,48.1472678],[16.2683568,48.1472703]]]},"properties":{"voltage":"","name":""}},{"type":"Feature","geometry":{"type":"Polygon","coordinates":[[[16.2684304,48.1473372],[16.2685006,48.1473352],[16.2684963,48.1472667],[16.268426,48.1472687],[16.2684304,48.1473372]]]},"properties":{"voltage":"","name":""}},{"type":"Feature","geometry":{"type":"Polygon","coordinates":[[[16.3769169,48.0301441],[16.3769536,48.0301382],[16.3769599,48.0301555],[16.3769231,48.0301614],[16.3769169,48.0301441]]]},"properties":{"voltage":"20000;400","name":""}},{"type":"Feature","geometry":{"type":"Polygon","coordinates":[[[16.6150354,48.1186597],[16.6151097,48.118655],[16.6151052,48.1186226],[16.6150309,48.1186273],[16.6150354,48.1186597]]]},"properties":{"voltage":"20000","name":""}},{"type":"Feature","geometry":{"type":"Polygon","coordinates":[[[16.6545834,48.4927437],[16.6545793,48.4927776],[16.6545259,48.4927748],[16.65453,48.4927409],[16.6545834,48.4927437]]]},"properties":{"voltage":"","name":"TST Nexing"}},{"type":"Feature","geometry":{"type":"Polygon","coordinates":[[[16.7029008,48.5180836],[16.7028901,48.5180911],[16.702879,48.518099],[16.7028943,48.5181086],[16.702913,48.5181201],[16.7029348,48.5181047],[16.7029008,48.5180836]]]},"properties":{"voltage":"","name":""}},{"type":"Feature","geometry":{"type":"Polygon","coordinates":[[[16.2707662,48.0080014],[16.2708326,48.0079955],[16.2708429,48.0080474],[16.2707766,48.0080533],[16.2707662,48.0080014]]]},"properties":{"voltage":"20000","name":""}},{"type":"Feature","geometry":{"type":"Polygon","coordinates":[[[16.5627977,48.1073118],[16.5628053,48.1073239],[16.5628136,48.1073366],[16.5627733,48.1073482],[16.5627572,48.1073235],[16.5627977,48.1073118]]]},"properties":{"voltage":"20000","name":""}},{"type":"Feature","geometry":{"type":"Polygon","coordinates":[[[16.4366779,48.0829388],[16.436748,48.0829393],[16.4367473,48.0829861],[16.4366772,48.0829856],[16.4366779,48.0829388]]]},"properties":{"voltage":"20000;400","name":""}},{"type":"Feature","geometry":{"type":"Polygon","coordinates":[[[16.4341278,48.0813777],[16.4341378,48.081355],[16.4340403,48.0813359],[16.4340302,48.0813589],[16.4341278,48.0813777]]]},"properties":{"voltage":"20000;400","name":""}},{"type":"Feature","geometry":{"type":"Polygon","coordinates":[[[16.4422162,48.0837884],[16.4422543,48.0837789],[16.4422285,48.0837328],[16.4421903,48.0837423],[16.4422162,48.0837884]]]},"properties":{"voltage":"20000;400","name":""}},{"type":"Feature","geometry":{"type":"Polygon","coordinates":[[[16.4569892,48.0846806],[16.4570392,48.0846642],[16.4570693,48.0847055],[16.457038,48.0847157],[16.4570194,48.0847218],[16.4569892,48.0846806]]]},"properties":{"voltage":"20000;400","name":""}},{"type":"Feature","geometry":{"type":"Polygon","coordinates":[[[16.4529486,48.0732657],[16.4530146,48.0732434],[16.4530323,48.0732668],[16.4529663,48.0732891],[16.4529486,48.0732657]]]},"properties":{"voltage":"20000;400","name":""}},{"type":"Feature","geometry":{"type":"Polygon","coordinates":[[[16.4447311,48.0773401],[16.4447689,48.0773692],[16.4446924,48.0774136],[16.4446546,48.0773844],[16.4447311,48.0773401]]]},"properties":{"voltage":"20000;400","name":""}},{"type":"Feature","geometry":{"type":"Polygon","coordinates":[[[16.4434632,48.0782606],[16.443515,48.0783007],[16.4435274,48.0783103],[16.4435763,48.0782821],[16.4435121,48.0782324],[16.4434632,48.0782606]]]},"properties":{"voltage":"20000;400","name":""}},{"type":"Feature","geometry":{"type":"Polygon","coordinates":[[[16.444404,48.0803049],[16.44442,48.0803039],[16.4444661,48.080301],[16.4444752,48.0803648],[16.4444605,48.0803657],[16.444413,48.0803687],[16.444404,48.0803049]]]},"properties":{"voltage":"20000;400","name":""}},{"type":"Feature","geometry":{"type":"Polygon","coordinates":[[[16.4394191,48.077244],[16.4394627,48.0772125],[16.4395088,48.077241],[16.4394651,48.0772725],[16.4394191,48.077244]]]},"properties":{"voltage":"20000;400","name":""}},{"type":"Feature","geometry":{"type":"Polygon","coordinates":[[[16.4062815,48.1030276],[16.4063118,48.1030197],[16.4063407,48.1030691],[16.4063103,48.103077],[16.4062815,48.1030276]]]},"properties":{"voltage":"20000;400","name":""}},{"type":"Feature","geometry":{"type":"Polygon","coordinates":[[[16.4178925,48.0971994],[16.4179503,48.0971773],[16.4179798,48.0972117],[16.4179221,48.0972338],[16.4178925,48.0971994]]]},"properties":{"voltage":"20000;400","name":""}},{"type":"Feature","geometry":{"type":"Polygon","coordinates":[[[16.4181983,48.1069072],[16.4183227,48.1069365],[16.4183038,48.1069722],[16.4181794,48.1069429],[16.4181983,48.1069072]]]},"properties":{"voltage":"20000;400","name":""}},{"type":"Feature","geometry":{"type":"Polygon","coordinates":[[[16.4176745,48.1069761],[16.4177191,48.1069888],[16.4176845,48.1070432],[16.4176398,48.1070306],[16.4176745,48.1069761]]]},"properties":{"voltage":"20000;400","name":""}},{"type":"Feature","geometry":{"type":"Polygon","coordinates":[[[16.4176335,48.1070674],[16.4176678,48.1070762],[16.4176442,48.1071172],[16.4176099,48.1071084],[16.4176335,48.1070674]]]},"properties":{"voltage":"20000;400","name":""}},{"type":"Feature","geometry":{"type":"Polygon","coordinates":[[[16.4199256,48.0950799],[16.4199668,48.0950822],[16.4199597,48.095139],[16.4199184,48.0951367],[16.4199256,48.0950799]]]},"properties":{"voltage":"20000;400","name":""}},{"type":"Feature","geometry":{"type":"Polygon","coordinates":[[[16.4171468,48.102083],[16.4171148,48.1021413],[16.4171562,48.1021512],[16.4171882,48.1020929],[16.4171468,48.102083]]]},"properties":{"voltage":"20000;400","name":""}},{"type":"Feature","geometry":{"type":"Polygon","coordinates":[[[16.4223012,48.1007543],[16.4223404,48.1007831],[16.4222906,48.1008134],[16.4222513,48.1007846],[16.4223012,48.1007543]]]},"properties":{"voltage":"20000;400","name":""}},{"type":"Feature","geometry":{"type":"Polygon","coordinates":[[[16.4178922,48.107028],[16.4178702,48.1070586],[16.4179618,48.107088],[16.4179838,48.1070574],[16.4178922,48.107028]]]},"properties":{"voltage":"20000;400","name":""}},{"type":"Feature","geometry":{"type":"Polygon","coordinates":[[[16.4176131,48.1067956],[16.417599,48.1068184],[16.4176631,48.106836],[16.4176771,48.1068132],[16.4176131,48.1067956]]]},"properties":{"voltage":"20000;400","name":""}},{"type":"Feature","geometry":{"type":"Polygon","coordinates":[[[16.4104866,48.1073659],[16.4105847,48.1073529],[16.4105992,48.1074021],[16.4105011,48.107415],[16.4104866,48.1073659]]]},"properties":{"voltage":"20000;400","name":""}},{"type":"Feature","geometry":{"type":"Polygon","coordinates":[[[16.409286,48.1076813],[16.4093856,48.1076782],[16.4093886,48.1077216],[16.409289,48.1077246],[16.409286,48.1076813]]]},"properties":{"voltage":"20000;400","name":""}},{"type":"Feature","geometry":{"type":"Polygon","coordinates":[[[16.4308836,48.1026228],[16.4309079,48.1026049],[16.4309633,48.1026386],[16.4309389,48.1026565],[16.4308836,48.1026228]]]},"properties":{"voltage":"20000;400","name":""}},{"type":"Feature","geometry":{"type":"Polygon","coordinates":[[[16.474074,48.2667736],[16.4740162,48.2667861],[16.4739944,48.2667411],[16.4740522,48.2667287],[16.474074,48.2667736]]]},"properties":{"voltage":"","name":""}},{"type":"Feature","geometry":{"type":"Polygon","coordinates":[[[16.3807795,48.3970471],[16.3808061,48.397043],[16.3807967,48.397016],[16.3807701,48.3970201],[16.3807795,48.3970471]]]},"properties":{"voltage":"","name":"TST R\u00fcckersdorf M\u00fchlgasse"}},{"type":"Feature","geometry":{"type":"Polygon","coordinates":[[[16.288741,48.124641],[16.2887219,48.1246751],[16.2888272,48.1247012],[16.2888462,48.1246671],[16.288741,48.124641]]]},"properties":{"voltage":"","name":""}},{"type":"Feature","geometry":{"type":"Polygon","coordinates":[[[16.3000998,48.232853],[16.300119,48.2328903],[16.3000301,48.2329106],[16.3000109,48.2328733],[16.3000998,48.232853]]]},"properties":{"voltage":"","name":""}},{"type":"Feature","geometry":{"type":"Polygon","coordinates":[[[16.2751686,48.1216242],[16.275114,48.1216712],[16.2751583,48.1216942],[16.2752123,48.1216468],[16.2751686,48.1216242]]]},"properties":{"voltage":"","name":""}},{"type":"Feature","geometry":{"type":"Polygon","coordinates":[[[16.2760678,48.1195851],[16.2760228,48.1196348],[16.2759757,48.1196158],[16.2760206,48.1195661],[16.2760678,48.1195851]]]},"properties":{"voltage":"","name":""}},{"type":"Feature","geometry":{"type":"Polygon","coordinates":[[[16.2529685,48.0525509],[16.253065,48.0525392],[16.2530778,48.0525862],[16.2529813,48.052598],[16.2529685,48.0525509]]]},"properties":{"voltage":"","name":""}},{"type":"Feature","geometry":{"type":"Polygon","coordinates":[[[17.0640446,48.0794669],[17.0640659,48.0794891],[17.0640895,48.079479],[17.0640682,48.0794568],[17.0640446,48.0794669]]]},"properties":{"voltage":"","name":""}},{"type":"Feature","geometry":{"type":"Polygon","coordinates":[[[17.0114889,48.0595164],[17.0114685,48.0594974],[17.0114399,48.0595111],[17.0114603,48.0595301],[17.0114889,48.0595164]]]},"properties":{"voltage":"","name":""}},{"type":"Feature","geometry":{"type":"Polygon","coordinates":[[[17.0101315,48.0581803],[17.0101111,48.0581613],[17.0100825,48.058175],[17.0101029,48.058194],[17.0101315,48.0581803]]]},"properties":{"voltage":"","name":""}},{"type":"Feature","geometry":{"type":"Polygon","coordinates":[[[17.0087769,48.056845],[17.0087565,48.056826],[17.0087279,48.0568397],[17.0087483,48.0568587],[17.0087769,48.056845]]]},"properties":{"voltage":"","name":""}},{"type":"Feature","geometry":{"type":"Polygon","coordinates":[[[17.0074322,48.0555068],[17.0074118,48.0554878],[17.0073832,48.0555015],[17.0074036,48.0555205],[17.0074322,48.0555068]]]},"properties":{"voltage":"","name":""}},{"type":"Feature","geometry":{"type":"Polygon","coordinates":[[[16.280636,48.0462325],[16.2806558,48.046257],[16.2807206,48.0462335],[16.2807007,48.046209],[16.280636,48.0462325]]]},"properties":{"voltage":"20000","name":""}},{"type":"Feature","geometry":{"type":"Polygon","coordinates":[[[16.2842614,48.0442363],[16.2842822,48.044255],[16.2842445,48.0442737],[16.2842237,48.0442551],[16.2842614,48.0442363]]]},"properties":{"voltage":"20000","name":""}},{"type":"Feature","geometry":{"type":"Polygon","coordinates":[[[16.2892211,48.0417765],[16.2892478,48.0418038],[16.2893338,48.0417661],[16.2893071,48.0417388],[16.2892211,48.0417765]]]},"properties":{"voltage":"20000","name":""}},{"type":"Feature","geometry":{"type":"Polygon","coordinates":[[[16.3383599,48.0337607],[16.338409,48.0337333],[16.338514,48.0338176],[16.3384648,48.033845],[16.3383599,48.0337607]]]},"properties":{"voltage":"20000;400","name":""}},{"type":"Feature","geometry":{"type":"Polygon","coordinates":[[[16.1338937,48.1055047],[16.1339236,48.1055004],[16.1339142,48.1054713],[16.1338844,48.1054756],[16.1338937,48.1055047]]]},"properties":{"voltage":"20000","name":""}},{"type":"Feature","geometry":{"type":"Polygon","coordinates":[[[16.1360632,48.101696],[16.1360447,48.1017076],[16.1360792,48.1017321],[16.1360977,48.1017205],[16.1360632,48.101696]]]},"properties":{"voltage":"","name":""}},{"type":"Feature","geometry":{"type":"Polygon","coordinates":[[[16.3731089,48.4286035],[16.3730807,48.4285906],[16.3731056,48.4285665],[16.3731338,48.4285793],[16.3731089,48.4286035]]]},"properties":{"voltage":"","name":""}},{"type":"Feature","geometry":{"type":"Polygon","coordinates":[[[16.2502846,48.0126892],[16.2502572,48.0127007],[16.2503001,48.0127465],[16.2503274,48.012735],[16.2502846,48.0126892]]]},"properties":{"voltage":"20000","name":""}},{"type":"Feature","geometry":{"type":"Polygon","coordinates":[[[16.3698159,48.3855028],[16.3697946,48.3855088],[16.3697806,48.3854868],[16.3698019,48.3854808],[16.3698159,48.3855028]]]},"properties":{"voltage":"","name":"TST Harmannsdorf Feldgasse"}},{"type":"Feature","geometry":{"type":"Polygon","coordinates":[[[16.1444436,48.1011613],[16.1445157,48.1011743],[16.1445288,48.1011415],[16.1444567,48.1011286],[16.1444436,48.1011613]]]},"properties":{"voltage":"","name":""}},{"type":"Feature","geometry":{"type":"Polygon","coordinates":[[[16.1476284,48.1049712],[16.1476067,48.1050072],[16.1475639,48.1049958],[16.1475855,48.1049597],[16.1476284,48.1049712]]]},"properties":{"voltage":"20000","name":""}},{"type":"Feature","geometry":{"type":"Polygon","coordinates":[[[16.2164143,48.0062488],[16.2164686,48.0062379],[16.2164441,48.0061831],[16.2163898,48.006194],[16.2164143,48.0062488]]]},"properties":{"voltage":"","name":""}},{"type":"Feature","geometry":{"type":"Polygon","coordinates":[[[16.4210113,48.2358105],[16.421063,48.2357871],[16.4210229,48.2357477],[16.4209712,48.2357711],[16.4210113,48.2358105]]]},"properties":{"voltage":"","name":""}},{"type":"Feature","geometry":{"type":"Polygon","coordinates":[[[16.7552838,48.5440921],[16.7552765,48.5440666],[16.7552444,48.5440707],[16.7552517,48.5440962],[16.7552838,48.5440921]]]},"properties":{"voltage":"","name":""}},{"type":"Feature","geometry":{"type":"Polygon","coordinates":[[[16.1757957,48.1348445],[16.1758288,48.1348364],[16.175822,48.1348241],[16.1757889,48.1348322],[16.1757957,48.1348445]]]},"properties":{"voltage":"20000","name":""}},{"type":"Feature","geometry":{"type":"Polygon","coordinates":[[[16.1972742,48.1334167],[16.1972768,48.1334574],[16.1973432,48.1334555],[16.1973406,48.1334148],[16.1972742,48.1334167]]]},"properties":{"voltage":"20000","name":""}},{"type":"Feature","geometry":{"type":"Polygon","coordinates":[[[16.8883128,48.1828984],[16.8883423,48.1828988],[16.8883429,48.1828782],[16.8883133,48.1828778],[16.8883128,48.1828984]]]},"properties":{"voltage":"","name":""}},{"type":"Feature","geometry":{"type":"Polygon","coordinates":[[[16.1612948,48.4212789],[16.1613265,48.421256],[16.1613054,48.4212431],[16.1612736,48.421266],[16.1612948,48.4212789]]]},"properties":{"voltage":"","name":"TST Sierndorf Sportanlage"}},{"type":"Feature","geometry":{"type":"Polygon","coordinates":[[[16.1627563,48.4265657],[16.1627951,48.4265572],[16.1627847,48.4265364],[16.1627459,48.4265449],[16.1627563,48.4265657]]]},"properties":{"voltage":"","name":""}},{"type":"Feature","geometry":{"type":"Polygon","coordinates":[[[17.0376206,48.0839973],[17.0376711,48.0839865],[17.0376478,48.0839382],[17.0375974,48.0839491],[17.0376206,48.0839973]]]},"properties":{"voltage":"","name":""}},{"type":"Feature","geometry":{"type":"Polygon","coordinates":[[[17.0224295,48.0877032],[17.0225601,48.0876801],[17.0225418,48.0876339],[17.0224111,48.087657],[17.0224295,48.0877032]]]},"properties":{"voltage":"","name":""}},{"type":"Feature","geometry":{"type":"Polygon","coordinates":[[[17.0223386,48.0877195],[17.0224053,48.0877083],[17.0223879,48.0876619],[17.0223212,48.0876731],[17.0223386,48.0877195]]]},"properties":{"voltage":"","name":""}},{"type":"Feature","geometry":{"type":"Polygon","coordinates":[[[16.3794199,48.3916979],[16.3793952,48.3917072],[16.3794161,48.3917317],[16.3794408,48.3917224],[16.3794199,48.3916979]]]},"properties":{"voltage":"","name":"TST R\u00fcckersdorf Am Platzgraben"}},{"type":"Feature","geometry":{"type":"Polygon","coordinates":[[[16.930141,48.1047347],[16.9301975,48.1047294],[16.9301897,48.1046925],[16.9301332,48.1046978],[16.930141,48.1047347]]]},"properties":{"voltage":"","name":""}},{"type":"Feature","geometry":{"type":"Polygon","coordinates":[[[17.0430744,48.0843448],[17.0431509,48.0843595],[17.0431838,48.084279],[17.0431077,48.0842651],[17.0430744,48.0843448]]]},"properties":{"voltage":"","name":""}},{"type":"Feature","geometry":{"type":"Polygon","coordinates":[[[16.9781362,48.0694157],[16.9781678,48.0694086],[16.9781579,48.0693891],[16.9781264,48.0693962],[16.9781362,48.0694157]]]},"properties":{"voltage":"","name":"WP Prellenkirchen III / TST WKA 3"}},{"type":"Feature","geometry":{"type":"Polygon","coordinates":[[[16.9850893,48.0632986],[16.9851209,48.0632915],[16.985111,48.063272],[16.9850795,48.0632791],[16.9850893,48.0632986]]]},"properties":{"voltage":"","name":"WP Prellenkirchen III / TST WKA 7"}},{"type":"Feature","geometry":{"type":"Polygon","coordinates":[[[16.9891918,48.0662327],[16.9892234,48.0662256],[16.9892135,48.0662061],[16.989182,48.0662132],[16.9891918,48.0662327]]]},"properties":{"voltage":"","name":"WP Prellenkirchen III / TST WKA 6"}},{"type":"Feature","geometry":{"type":"Polygon","coordinates":[[[16.9939639,48.0684981],[16.9939955,48.068491],[16.9939856,48.0684715],[16.9939541,48.0684786],[16.9939639,48.0684981]]]},"properties":{"voltage":"","name":"WP Prellenkirchen IV / WKA 3"}},{"type":"Feature","geometry":{"type":"Polygon","coordinates":[[[16.9892281,48.0726256],[16.9892597,48.0726185],[16.9892498,48.072599],[16.9892183,48.0726061],[16.9892281,48.0726256]]]},"properties":{"voltage":"","name":"WP Prellenkirchen III / TST WKA 5"}},{"type":"Feature","geometry":{"type":"Polygon","coordinates":[[[16.9830913,48.0707997],[16.9831229,48.0707926],[16.983113,48.0707731],[16.9830815,48.0707802],[16.9830913,48.0707997]]]},"properties":{"voltage":"","name":"WP Prellenkirchen III / TST WKA 4"}},{"type":"Feature","geometry":{"type":"Polygon","coordinates":[[[16.981308,48.0769961],[16.9813396,48.076989],[16.9813297,48.0769695],[16.9812982,48.0769766],[16.981308,48.0769961]]]},"properties":{"voltage":"","name":"WP Prellenkirchen III / TST WKA 2"}},{"type":"Feature","geometry":{"type":"Polygon","coordinates":[[[16.9774822,48.0748425],[16.9775138,48.0748354],[16.9775039,48.0748159],[16.9774724,48.074823],[16.9774822,48.0748425]]]},"properties":{"voltage":"","name":"WP Prellenkirchen III / TST WKA 1"}},{"type":"Feature","geometry":{"type":"Polygon","coordinates":[[[16.9775232,48.0749138],[16.9775629,48.0749034],[16.9775368,48.0748588],[16.977497,48.0748692],[16.9775232,48.0749138]]]},"properties":{"voltage":"","name":"SST Prellenkirchen WKA III"}},{"type":"Feature","geometry":{"type":"Polygon","coordinates":[[[17.1312411,48.5620405],[17.1312168,48.5620807],[17.1312942,48.5621013],[17.1313186,48.562061],[17.1312411,48.5620405]]]},"properties":{"voltage":"","name":""}},{"type":"Feature","geometry":{"type":"Polygon","coordinates":[[[17.3167076,48.094384],[17.3167504,48.0943906],[17.3167592,48.0943649],[17.3167165,48.0943584],[17.3167076,48.094384]]]},"properties":{"voltage":"","name":""}},{"type":"Feature","geometry":{"type":"Polygon","coordinates":[[[16.4250929,48.2423723],[16.4251112,48.2423513],[16.4250914,48.2423436],[16.425073,48.2423646],[16.4250929,48.2423723]]]},"properties":{"voltage":"","name":""}},{"type":"Feature","geometry":{"type":"Polygon","coordinates":[[[16.462555,48.2941832],[16.4626226,48.2942082],[16.4626411,48.2941861],[16.4625736,48.2941611],[16.462555,48.2941832]]]},"properties":{"voltage":"","name":""}},{"type":"Feature","geometry":{"type":"Polygon","coordinates":[[[16.4494833,48.3270717],[16.4495211,48.3271019],[16.4495714,48.3270742],[16.4495337,48.3270439],[16.4494833,48.3270717]]]},"properties":{"voltage":"","name":""}},{"type":"Feature","geometry":{"type":"Polygon","coordinates":[[[16.4163605,48.1036595],[16.4164362,48.1036794],[16.4164972,48.1035758],[16.4164214,48.1035559],[16.4163605,48.1036595]]]},"properties":{"voltage":"20000","name":""}},{"type":"Feature","geometry":{"type":"Polygon","coordinates":[[[16.4157489,48.1052711],[16.415804,48.1052851],[16.4157751,48.1053359],[16.4157199,48.1053219],[16.4157489,48.1052711]]]},"properties":{"voltage":"20000","name":""}},{"type":"Feature","geometry":{"type":"Polygon","coordinates":[[[16.5352949,48.1328446],[16.5353326,48.1328403],[16.535344,48.1328855],[16.5353063,48.1328898],[16.5352949,48.1328446]]]},"properties":{"voltage":"20000;400","name":""}},{"type":"Feature","geometry":{"type":"Polygon","coordinates":[[[16.5000047,48.1298414],[16.5000774,48.1298316],[16.5000692,48.1298047],[16.4999965,48.1298145],[16.5000047,48.1298414]]]},"properties":{"voltage":"20000","name":""}},{"type":"Feature","geometry":{"type":"Polygon","coordinates":[[[16.4916821,48.135755],[16.4917363,48.1357192],[16.4917051,48.1356981],[16.4916509,48.1357339],[16.4916821,48.135755]]]},"properties":{"voltage":"20000","name":""}},{"type":"Feature","geometry":{"type":"Polygon","coordinates":[[[16.4908177,48.1381094],[16.4908832,48.1381008],[16.4908709,48.1380592],[16.4908055,48.1380678],[16.4908177,48.1381094]]]},"properties":{"voltage":"20000","name":""}},{"type":"Feature","geometry":{"type":"Polygon","coordinates":[[[16.4919591,48.137716],[16.4920926,48.1376951],[16.4920781,48.1376541],[16.4919447,48.137675],[16.4919591,48.137716]]]},"properties":{"voltage":"20000","name":""}},{"type":"Feature","geometry":{"type":"Polygon","coordinates":[[[16.4941186,48.1376761],[16.4942222,48.1376296],[16.4941933,48.137516],[16.4940926,48.1375648],[16.4941186,48.1376761]]]},"properties":{"voltage":"20000","name":""}},{"type":"Feature","geometry":{"type":"Polygon","coordinates":[[[16.4399169,48.0919967],[16.4399587,48.0919823],[16.4399359,48.0919527],[16.4398946,48.0919672],[16.4399087,48.0919848],[16.4399169,48.0919967]]]},"properties":{"voltage":"20000","name":""}},{"type":"Feature","geometry":{"type":"Polygon","coordinates":[[[16.1298595,48.1444084],[16.1298872,48.1444085],[16.1298875,48.1443776],[16.1298598,48.1443775],[16.1298595,48.1444084]]]},"properties":{"voltage":"20000","name":""}},{"type":"Feature","geometry":{"type":"Polygon","coordinates":[[[16.1547562,48.1591532],[16.1547717,48.1591525],[16.1547731,48.1591671],[16.1547576,48.1591678],[16.1547562,48.1591532]]]},"properties":{"voltage":"20000","name":""}},{"type":"Feature","geometry":{"type":"Polygon","coordinates":[[[16.6403188,48.1915055],[16.6403307,48.191486],[16.6402687,48.1914692],[16.6402568,48.1914887],[16.6403188,48.1915055]]]},"properties":{"voltage":"","name":""}},{"type":"Feature","geometry":{"type":"Polygon","coordinates":[[[16.2834492,48.0957515],[16.2834467,48.095662],[16.2835465,48.0956608],[16.283549,48.0957503],[16.2834492,48.0957515]]]},"properties":{"voltage":"20000","name":""}},{"type":"Feature","geometry":{"type":"Polygon","coordinates":[[[16.4773214,48.1457134],[16.4773545,48.1457077],[16.4773381,48.145665],[16.477305,48.1456707],[16.4773214,48.1457134]]]},"properties":{"voltage":"","name":""}},{"type":"Feature","geometry":{"type":"Polygon","coordinates":[[[16.453015,48.2207281],[16.4530318,48.2206807],[16.4530778,48.2206879],[16.453061,48.2207354],[16.453015,48.2207281]]]},"properties":{"voltage":"","name":""}},{"type":"Feature","geometry":{"type":"Polygon","coordinates":[[[16.4516316,48.2206584],[16.4516509,48.2206057],[16.4516915,48.2206123],[16.4516722,48.220665],[16.4516316,48.2206584]]]},"properties":{"voltage":"","name":""}},{"type":"Feature","geometry":{"type":"Polygon","coordinates":[[[16.2821436,48.2303209],[16.2822093,48.2303234],[16.2822055,48.2303676],[16.2821398,48.2303651],[16.2821436,48.2303209]]]},"properties":{"voltage":"","name":""}},{"type":"Feature","geometry":{"type":"Polygon","coordinates":[[[16.4407493,48.222149],[16.4407811,48.2221488],[16.4407807,48.2221205],[16.4407489,48.2221207],[16.4407493,48.222149]]]},"properties":{"voltage":"","name":""}},{"type":"Feature","geometry":{"type":"Polygon","coordinates":[[[16.3429354,48.142505],[16.3429107,48.1424463],[16.3429786,48.1424328],[16.3430046,48.1424913],[16.3429354,48.142505]]]},"properties":{"voltage":"","name":""}},{"type":"Feature","geometry":{"type":"Polygon","coordinates":[[[16.4707226,48.143266],[16.4707013,48.1432553],[16.4707271,48.1432326],[16.4707483,48.1432432],[16.4707226,48.143266]]]},"properties":{"voltage":"","name":""}},{"type":"Feature","geometry":{"type":"Polygon","coordinates":[[[16.4270693,48.1855353],[16.4271258,48.1855231],[16.4270941,48.1854578],[16.4270376,48.18547],[16.4270693,48.1855353]]]},"properties":{"voltage":"","name":""}},{"type":"Feature","geometry":{"type":"Polygon","coordinates":[[[16.7052481,48.2855293],[16.7052673,48.285529],[16.7052681,48.2855513],[16.7052488,48.2855516],[16.7052481,48.2855293]]]},"properties":{"voltage":"","name":""}},{"type":"Feature","geometry":{"type":"Polygon","coordinates":[[[16.6585982,48.2533449],[16.6586267,48.2533352],[16.6586157,48.253321],[16.6585872,48.2533307],[16.6585982,48.2533449]]]},"properties":{"voltage":"","name":""}},{"type":"Feature","geometry":{"type":"Polygon","coordinates":[[[16.6988752,48.2814407],[16.6988944,48.2814404],[16.6988952,48.2814627],[16.6988759,48.281463],[16.6988752,48.2814407]]]},"properties":{"voltage":"","name":""}},{"type":"Feature","geometry":{"type":"Polygon","coordinates":[[[16.6708634,48.2810394],[16.6708826,48.2810391],[16.6708834,48.2810614],[16.6708641,48.2810617],[16.6708634,48.2810394]]]},"properties":{"voltage":"","name":""}},{"type":"Feature","geometry":{"type":"Polygon","coordinates":[[[16.6696696,48.2745927],[16.6697122,48.2746073],[16.6697452,48.2745644],[16.6697026,48.2745498],[16.6696696,48.2745927]]]},"properties":{"voltage":"","name":"TST Obersiebenbrunn Hochterassenpumpwerk"}},{"type":"Feature","geometry":{"type":"Polygon","coordinates":[[[16.6783349,48.2837176],[16.6783541,48.2837173],[16.6783549,48.2837396],[16.6783356,48.2837399],[16.6783349,48.2837176]]]},"properties":{"voltage":"","name":""}},{"type":"Feature","geometry":{"type":"Polygon","coordinates":[[[16.6614257,48.2491485],[16.6614621,48.2491446],[16.661457,48.2491237],[16.6614206,48.2491277],[16.6614257,48.2491485]]]},"properties":{"voltage":"","name":"WP Glinzendorf TST WKA 3"}},{"type":"Feature","geometry":{"type":"Polygon","coordinates":[[[16.6986807,48.2813281],[16.6987077,48.2813144],[16.6986788,48.2812892],[16.6986518,48.2813028],[16.6986807,48.2813281]]]},"properties":{"voltage":"","name":""}},{"type":"Feature","geometry":{"type":"Polygon","coordinates":[[[16.7004048,48.2943107],[16.700424,48.2943104],[16.7004248,48.2943327],[16.7004055,48.294333],[16.7004048,48.2943107]]]},"properties":{"voltage":"","name":""}},{"type":"Feature","geometry":{"type":"Polygon","coordinates":[[[16.6818392,48.2849703],[16.6818584,48.28497],[16.6818592,48.2849923],[16.6818399,48.2849926],[16.6818392,48.2849703]]]},"properties":{"voltage":"","name":""}},{"type":"Feature","geometry":{"type":"Polygon","coordinates":[[[16.68948,48.2876668],[16.6894992,48.2876665],[16.6895,48.2876888],[16.6894807,48.2876891],[16.68948,48.2876668]]]},"properties":{"voltage":"","name":""}},{"type":"Feature","geometry":{"type":"Polygon","coordinates":[[[16.7081972,48.265953],[16.7081919,48.2659948],[16.70811,48.2659903],[16.7081152,48.2659485],[16.7081972,48.265953]]]},"properties":{"voltage":"","name":"TST Obersiebenbrunn Schloss"}},{"type":"Feature","geometry":{"type":"Polygon","coordinates":[[[16.6724185,48.2500441],[16.672435,48.2500236],[16.67237,48.2500004],[16.6723535,48.2500209],[16.6724185,48.2500441]]]},"properties":{"voltage":"","name":"SSE Glinzendorf WP \u00dcbergabestation"}},{"type":"Feature","geometry":{"type":"Polygon","coordinates":[[[16.6610177,48.2557452],[16.6610514,48.2557445],[16.6610505,48.2557225],[16.6610167,48.2557232],[16.6610177,48.2557452]]]},"properties":{"voltage":"","name":""}},{"type":"Feature","geometry":{"type":"Polygon","coordinates":[[[16.6919248,48.2275193],[16.6918646,48.2275582],[16.6918269,48.2275323],[16.6918871,48.2274934],[16.6919248,48.2275193]]]},"properties":{"voltage":"","name":"TST Leopoldsdorf Gutshof"}},{"type":"Feature","geometry":{"type":"Polygon","coordinates":[[[16.6941908,48.2900242],[16.69421,48.2900239],[16.6942108,48.2900462],[16.6941915,48.2900465],[16.6941908,48.2900242]]]},"properties":{"voltage":"","name":""}},{"type":"Feature","geometry":{"type":"Polygon","coordinates":[[[16.7084395,48.2875721],[16.7084587,48.2875718],[16.7084595,48.2875941],[16.7084402,48.2875944],[16.7084395,48.2875721]]]},"properties":{"voltage":"","name":""}},{"type":"Feature","geometry":{"type":"Polygon","coordinates":[[[16.701897,48.2833733],[16.7019162,48.283373],[16.701917,48.2833953],[16.7018977,48.2833956],[16.701897,48.2833733]]]},"properties":{"voltage":"","name":""}},{"type":"Feature","geometry":{"type":"Polygon","coordinates":[[[16.6852204,48.2862087],[16.6852396,48.2862084],[16.6852404,48.2862307],[16.6852211,48.286231],[16.6852204,48.2862087]]]},"properties":{"voltage":"","name":""}},{"type":"Feature","geometry":{"type":"Polygon","coordinates":[[[16.67425,48.282275],[16.6742692,48.2822747],[16.67427,48.282297],[16.6742507,48.2822973],[16.67425,48.282275]]]},"properties":{"voltage":"","name":""}},{"type":"Feature","geometry":{"type":"Polygon","coordinates":[[[16.6693636,48.2745773],[16.669363,48.274606],[16.6694383,48.2746066],[16.6694388,48.2745779],[16.6693636,48.2745773]]]},"properties":{"voltage":"","name":"SSE Markgrafneusiedl, WP \u00dcbergabestation"}},{"type":"Feature","geometry":{"type":"Polygon","coordinates":[[[16.5183609,48.2061983],[16.5184269,48.2061963],[16.5184226,48.2061339],[16.5183566,48.2061359],[16.5183609,48.2061983]]]},"properties":{"voltage":"","name":""}},{"type":"Feature","geometry":{"type":"Polygon","coordinates":[[[16.54187,48.2295077],[16.5419117,48.2295],[16.5418925,48.229454],[16.5418508,48.2294618],[16.54187,48.2295077]]]},"properties":{"voltage":"","name":""}},{"type":"Feature","geometry":{"type":"Polygon","coordinates":[[[16.4875829,48.3026675],[16.4876651,48.3026593],[16.4876602,48.3026376],[16.487578,48.3026458],[16.4875829,48.3026675]]]},"properties":{"voltage":"","name":""}},{"type":"Feature","geometry":{"type":"Polygon","coordinates":[[[16.6967761,48.3445374],[16.6968211,48.3445169],[16.6967898,48.3444866],[16.6967448,48.3445071],[16.6967761,48.3445374]]]},"properties":{"voltage":"","name":"TST G\u00e4nserndorf Windpark West"}},{"type":"Feature","geometry":{"type":"Polygon","coordinates":[[[16.6881892,48.3440329],[16.6882071,48.3440165],[16.688169,48.3439981],[16.6881511,48.3440146],[16.6881892,48.3440329]]]},"properties":{"voltage":"","name":""}},{"type":"Feature","geometry":{"type":"Polygon","coordinates":[[[16.6968953,48.3445783],[16.6969631,48.3446442],[16.6969059,48.3446702],[16.696838,48.3446044],[16.6968953,48.3445783]]]},"properties":{"voltage":"","name":"Kompensationsstation WP G\u00e4nserndorf West"}},{"type":"Feature","geometry":{"type":"Polygon","coordinates":[[[16.5405351,48.2847738],[16.5405743,48.2847613],[16.5405627,48.2847451],[16.5405235,48.2847576],[16.5405351,48.2847738]]]},"properties":{"voltage":"","name":"TST Aderklaa Ost"}},{"type":"Feature","geometry":{"type":"Polygon","coordinates":[[[17.2810728,48.0202567],[17.2811194,48.0202508],[17.2811127,48.0202271],[17.281066,48.020233],[17.2810728,48.0202567]]]},"properties":{"voltage":"","name":""}},{"type":"Feature","geometry":{"type":"Polygon","coordinates":[[[16.4217656,48.156227],[16.42183,48.1561468],[16.4217763,48.1561276],[16.4217119,48.1562078],[16.4217656,48.156227]]]},"properties":{"voltage":"","name":""}},{"type":"Feature","geometry":{"type":"Polygon","coordinates":[[[16.4602053,48.240076],[16.460264,48.2400604],[16.4602392,48.2400191],[16.4601805,48.2400347],[16.4602053,48.240076]]]},"properties":{"voltage":"","name":""}},{"type":"Feature","geometry":{"type":"Polygon","coordinates":[[[16.4455257,48.2541633],[16.44553,48.2541619],[16.4455985,48.2541394],[16.4456317,48.2541844],[16.4455589,48.2542082],[16.4455257,48.2541633]]]},"properties":{"voltage":"","name":""}},{"type":"Feature","geometry":{"type":"Polygon","coordinates":[[[16.4681724,48.2570441],[16.4683052,48.2570104],[16.468329,48.257052],[16.4681963,48.2570857],[16.4681724,48.2570441]]]},"properties":{"voltage":"","name":""}},{"type":"Feature","geometry":{"type":"Polygon","coordinates":[[[16.4296436,48.276636],[16.4296337,48.2765967],[16.4297344,48.2765854],[16.4297443,48.2766247],[16.4296436,48.276636]]]},"properties":{"voltage":"","name":""}},{"type":"Feature","geometry":{"type":"Polygon","coordinates":[[[16.385368,48.2891141],[16.3854304,48.2890926],[16.3854005,48.2890543],[16.3853381,48.2890758],[16.385368,48.2891141]]]},"properties":{"voltage":"","name":""}},{"type":"Feature","geometry":{"type":"Polygon","coordinates":[[[16.3837256,48.2883665],[16.3836908,48.2883208],[16.383743,48.288301],[16.3837749,48.2883377],[16.3837256,48.2883665]]]},"properties":{"voltage":"","name":""}},{"type":"Feature","geometry":{"type":"Polygon","coordinates":[[[16.4000793,48.2516597],[16.4001661,48.2516424],[16.400152,48.2516111],[16.4000653,48.2516284],[16.4000793,48.2516597]]]},"properties":{"voltage":"","name":""}},{"type":"Feature","geometry":{"type":"Polygon","coordinates":[[[16.4345544,48.2797139],[16.4346159,48.2797051],[16.4346032,48.2796655],[16.4345417,48.2796743],[16.4345544,48.2797139]]]},"properties":{"voltage":"","name":""}},{"type":"Feature","geometry":{"type":"Polygon","coordinates":[[[16.2984134,48.246639],[16.2984386,48.2465923],[16.2984753,48.2466011],[16.2984501,48.2466478],[16.2984134,48.246639]]]},"properties":{"voltage":"","name":""}},{"type":"Feature","geometry":{"type":"Polygon","coordinates":[[[16.4251881,48.2527187],[16.4251491,48.2527263],[16.4251285,48.2526791],[16.4251675,48.2526716],[16.4251881,48.2527187]]]},"properties":{"voltage":"","name":""}},{"type":"Feature","geometry":{"type":"Polygon","coordinates":[[[16.3660213,48.0816866],[16.3660517,48.0816841],[16.3660499,48.0816742],[16.3660194,48.0816768],[16.3660213,48.0816866]]]},"properties":{"voltage":"20000","name":""}},{"type":"Feature","geometry":{"type":"Polygon","coordinates":[[[16.4615446,48.148072],[16.4615775,48.1481112],[16.4616356,48.1480894],[16.4616027,48.1480503],[16.4615446,48.148072]]]},"properties":{"voltage":"","name":""}},{"type":"Feature","geometry":{"type":"Polygon","coordinates":[[[18.1176987,48.3342699],[18.1177467,48.3342763],[18.1177388,48.3343027],[18.1176908,48.3342963],[18.1176987,48.3342699]]]},"properties":{"voltage":"","name":""}},{"type":"Feature","geometry":{"type":"Polygon","coordinates":[[[16.3555004,48.1456058],[16.355574,48.1455832],[16.355548,48.1455456],[16.3554744,48.1455682],[16.3555004,48.1456058]]]},"properties":{"voltage":"","name":""}},{"type":"Feature","geometry":{"type":"Polygon","coordinates":[[[16.3570499,48.144634],[16.3571073,48.1446195],[16.3570828,48.1445765],[16.3570255,48.144591],[16.3570499,48.144634]]]},"properties":{"voltage":"","name":""}},{"type":"Feature","geometry":{"type":"Polygon","coordinates":[[[16.4956515,48.1478907],[16.4956934,48.1480048],[16.4956723,48.1480082],[16.4955762,48.1480239],[16.4955343,48.1479098],[16.4955463,48.1479079],[16.4956515,48.1478907]]]},"properties":{"voltage":"20000","name":""}},{"type":"Feature","geometry":{"type":"Polygon","coordinates":[[[16.1378562,48.1410529],[16.1379207,48.1410599],[16.1379264,48.1410367],[16.1378619,48.1410297],[16.1378562,48.1410529]]]},"properties":{"voltage":"20000","name":""}},{"type":"Feature","geometry":{"type":"Polygon","coordinates":[[[16.4418297,48.1472294],[16.4417989,48.1472018],[16.4418544,48.1471742],[16.4418852,48.1472019],[16.4418297,48.1472294]]]},"properties":{"voltage":"","name":""}},{"type":"Feature","geometry":{"type":"Polygon","coordinates":[[[16.4560126,48.1409108],[16.456078,48.1409169],[16.4560689,48.1409602],[16.4560036,48.1409541],[16.4560126,48.1409108]]]},"properties":{"voltage":"","name":""}},{"type":"Feature","geometry":{"type":"Polygon","coordinates":[[[16.4289389,48.1792395],[16.4290142,48.1792424],[16.4290224,48.1791472],[16.4289471,48.1791443],[16.4289389,48.1792395]]]},"properties":{"voltage":"","name":""}},{"type":"Feature","geometry":{"type":"Polygon","coordinates":[[[16.4724418,48.2465154],[16.4724978,48.2464903],[16.4724651,48.2464556],[16.4724081,48.2464797],[16.4724418,48.2465154]]]},"properties":{"voltage":"","name":""}},{"type":"Feature","geometry":{"type":"Polygon","coordinates":[[[16.4619347,48.2475122],[16.4620003,48.247497],[16.461956,48.2474122],[16.4618904,48.2474273],[16.4619347,48.2475122]]]},"properties":{"voltage":"","name":""}},{"type":"Feature","geometry":{"type":"Polygon","coordinates":[[[16.4583877,48.2331688],[16.4583399,48.2331131],[16.458412,48.2330857],[16.4584598,48.2331414],[16.4583877,48.2331688]]]},"properties":{"voltage":"","name":""}},{"type":"Feature","geometry":{"type":"Polygon","coordinates":[[[16.4619935,48.2354829],[16.4620298,48.2354574],[16.4621007,48.2355023],[16.4620644,48.2355277],[16.4619935,48.2354829]]]},"properties":{"voltage":"","name":""}},{"type":"Feature","geometry":{"type":"Polygon","coordinates":[[[17.110213,48.0944804],[17.1102135,48.0945016],[17.1101878,48.0945019],[17.1101884,48.0945279],[17.1102141,48.0945276],[17.1102156,48.0945947],[17.1103046,48.0945938],[17.110305,48.0946104],[17.1104857,48.0946086],[17.1104838,48.0945227],[17.1105103,48.094523],[17.1105097,48.0944947],[17.1104831,48.0944945],[17.1104827,48.0944777],[17.110213,48.0944804]]]},"properties":{"voltage":"750","name":"Meniare\u0148 Pan\u00f3nska"}},{"type":"Feature","geometry":{"type":"Polygon","coordinates":[[[16.9007495,48.197259],[16.900754,48.1972744],[16.9007972,48.1972687],[16.9007927,48.1972534],[16.9007495,48.197259]]]},"properties":{"voltage":"","name":""}},{"type":"Feature","geometry":{"type":"Polygon","coordinates":[[[16.1319101,48.0857103],[16.1319162,48.0856747],[16.1319742,48.0856792],[16.1319681,48.0857148],[16.1319384,48.0857125],[16.1319101,48.0857103]]]},"properties":{"voltage":"20000","name":""}},{"type":"Feature","geometry":{"type":"Polygon","coordinates":[[[16.1006789,48.1153907],[16.1007192,48.115401],[16.1007393,48.1153659],[16.1006989,48.1153556],[16.1006789,48.1153907]]]},"properties":{"voltage":"20000","name":""}},{"type":"Feature","geometry":{"type":"Polygon","coordinates":[[[16.1231163,48.1354319],[16.1231573,48.1353992],[16.1232149,48.1354313],[16.1231739,48.135464],[16.1231163,48.1354319]]]},"properties":{"voltage":"20000","name":""}},{"type":"Feature","geometry":{"type":"Polygon","coordinates":[[[18.0972932,48.3182402],[18.0973158,48.3182194],[18.0973476,48.3182346],[18.097325,48.3182555],[18.0972932,48.3182402]]]},"properties":{"voltage":"","name":""}},{"type":"Feature","geometry":{"type":"Polygon","coordinates":[[[17.1282731,48.1775043],[17.1283111,48.1775009],[17.128322,48.1775438],[17.1282845,48.1775491],[17.1282731,48.1775043]]]},"properties":{"voltage":"","name":"TS-2063"}},{"type":"Feature","geometry":{"type":"Polygon","coordinates":[[[16.5572095,48.0619341],[16.557263,48.0619001],[16.557232,48.0618783],[16.5571785,48.0619124],[16.5572095,48.0619341]]]},"properties":{"voltage":"20000","name":""}},{"type":"Feature","geometry":{"type":"Polygon","coordinates":[[[16.6053815,48.083431],[16.6053898,48.0834558],[16.6054292,48.0834499],[16.6054209,48.0834251],[16.6053815,48.083431]]]},"properties":{"voltage":"20000","name":""}},{"type":"Feature","geometry":{"type":"Polygon","coordinates":[[[16.6101297,48.0890129],[16.6101794,48.089004],[16.6101934,48.089039],[16.6101438,48.0890479],[16.6101297,48.0890129]]]},"properties":{"voltage":"20000","name":""}},{"type":"Feature","geometry":{"type":"Polygon","coordinates":[[[16.6195864,48.0787373],[16.6196253,48.0787187],[16.6195991,48.0786943],[16.6195603,48.0787128],[16.6195739,48.0787256],[16.6195864,48.0787373]]]},"properties":{"voltage":"20000","name":""}},{"type":"Feature","geometry":{"type":"Polygon","coordinates":[[[18.1021377,48.3228525],[18.1021508,48.3228317],[18.1022015,48.3228458],[18.1021884,48.3228666],[18.1021377,48.3228525]]]},"properties":{"voltage":"","name":""}},{"type":"Feature","geometry":{"type":"Polygon","coordinates":[[[16.5103048,48.0150196],[16.5103456,48.0150434],[16.5103778,48.0150187],[16.5103578,48.015007],[16.510337,48.0149949],[16.5103048,48.0150196]]]},"properties":{"voltage":"20000","name":""}},{"type":"Feature","geometry":{"type":"Polygon","coordinates":[[[16.495707,48.0220373],[16.4956581,48.0220089],[16.4957367,48.0219482],[16.4957856,48.0219766],[16.495707,48.0220373]]]},"properties":{"voltage":"20000","name":""}},{"type":"Feature","geometry":{"type":"Polygon","coordinates":[[[16.4725697,48.0021024],[16.4726264,48.0021011],[16.4726305,48.0021782],[16.4725738,48.0021795],[16.4725697,48.0021024]]]},"properties":{"voltage":"20000","name":""}},{"type":"Feature","geometry":{"type":"Polygon","coordinates":[[[16.2645041,48.1770196],[16.2644884,48.1770531],[16.2644151,48.1770378],[16.2644308,48.1770043],[16.2645041,48.1770196]]]},"properties":{"voltage":"","name":""}},{"type":"Feature","geometry":{"type":"Polygon","coordinates":[[[16.4548734,48.0180329],[16.4549206,48.0180512],[16.4549471,48.0180208],[16.4548999,48.0180024],[16.4548734,48.0180329]]]},"properties":{"voltage":"20000","name":""}},{"type":"Feature","geometry":{"type":"Polygon","coordinates":[[[16.4618759,48.0225012],[16.4619304,48.0224974],[16.461925,48.0224628],[16.4618705,48.0224666],[16.4618729,48.0224818],[16.4618759,48.0225012]]]},"properties":{"voltage":"20000","name":""}},{"type":"Feature","geometry":{"type":"Polygon","coordinates":[[[16.4647053,48.0166242],[16.4646459,48.0166069],[16.464675,48.0165621],[16.4647344,48.0165793],[16.4647053,48.0166242]]]},"properties":{"voltage":"20000","name":""}},{"type":"Feature","geometry":{"type":"Polygon","coordinates":[[[16.4619988,48.0161488],[16.4620356,48.0161603],[16.4620665,48.016116],[16.4620296,48.0161045],[16.4619988,48.0161488]]]},"properties":{"voltage":"20000","name":""}},{"type":"Feature","geometry":{"type":"Polygon","coordinates":[[[16.4561331,48.0145435],[16.4561859,48.0145703],[16.4562267,48.0145343],[16.4561739,48.0145075],[16.4561331,48.0145435]]]},"properties":{"voltage":"20000","name":""}},{"type":"Feature","geometry":{"type":"Polygon","coordinates":[[[16.4249282,48.1805277],[16.4249841,48.1805361],[16.42499,48.1805186],[16.4249341,48.1805102],[16.4249282,48.1805277]]]},"properties":{"voltage":"","name":""}},{"type":"Feature","geometry":{"type":"Polygon","coordinates":[[[16.4248634,48.180518],[16.4249192,48.1805264],[16.4249251,48.1805088],[16.4248693,48.1805005],[16.4248634,48.180518]]]},"properties":{"voltage":"","name":""}},{"type":"Feature","geometry":{"type":"Polygon","coordinates":[[[16.4435467,48.1787808],[16.4435896,48.1787736],[16.4435799,48.178748],[16.443537,48.1787552],[16.4435467,48.1787808]]]},"properties":{"voltage":"","name":""}},{"type":"Feature","geometry":{"type":"Polygon","coordinates":[[[16.1181105,48.1524374],[16.1181612,48.1524335],[16.1181554,48.1523996],[16.1181047,48.1524034],[16.1181105,48.1524374]]]},"properties":{"voltage":"20000","name":""}},{"type":"Feature","geometry":{"type":"Polygon","coordinates":[[[16.1766401,48.1835033],[16.176704,48.1835177],[16.176682,48.183561],[16.1766181,48.1835466],[16.1766401,48.1835033]]]},"properties":{"voltage":"20000","name":""}},{"type":"Feature","geometry":{"type":"Polygon","coordinates":[[[16.1159849,48.1546301],[16.1159911,48.1545877],[16.1160685,48.1545927],[16.1160624,48.1546351],[16.1159849,48.1546301]]]},"properties":{"voltage":"20000","name":""}},{"type":"Feature","geometry":{"type":"Polygon","coordinates":[[[16.1200368,48.1653985],[16.1200742,48.165398],[16.1200737,48.1653775],[16.1200362,48.1653779],[16.1200368,48.1653985]]]},"properties":{"voltage":"20000","name":""}},{"type":"Feature","geometry":{"type":"Polygon","coordinates":[[[16.1247093,48.1683178],[16.1247471,48.168331],[16.1247596,48.168315],[16.1247218,48.1683018],[16.1247093,48.1683178]]]},"properties":{"voltage":"20000","name":""}},{"type":"Feature","geometry":{"type":"Polygon","coordinates":[[[16.1519437,48.1362928],[16.1519701,48.136291],[16.1519649,48.1362573],[16.1519385,48.1362591],[16.1519437,48.1362928]]]},"properties":{"voltage":"20000","name":""}},{"type":"Feature","geometry":{"type":"Polygon","coordinates":[[[17.2020859,48.1370641],[17.2021383,48.137063],[17.2021367,48.1370307],[17.2021304,48.1370308],[17.2020844,48.1370319],[17.2020859,48.1370641]]]},"properties":{"voltage":"22000;420","name":""}},{"type":"Feature","geometry":{"type":"Polygon","coordinates":[[[16.2559734,48.0967562],[16.2560392,48.0967525],[16.2560286,48.096667],[16.2559627,48.0966707],[16.2559734,48.0967562]]]},"properties":{"voltage":"20000","name":""}},{"type":"Feature","geometry":{"type":"Polygon","coordinates":[[[16.297963,48.0997442],[16.2979201,48.0997981],[16.2979956,48.0998249],[16.2980386,48.099771],[16.297963,48.0997442]]]},"properties":{"voltage":"20000","name":""}},{"type":"Feature","geometry":{"type":"Polygon","coordinates":[[[16.6114236,48.1208112],[16.611504,48.1207931],[16.6114737,48.1207331],[16.6113933,48.1207512],[16.6114236,48.1208112]]]},"properties":{"voltage":"20000","name":""}},{"type":"Feature","geometry":{"type":"Polygon","coordinates":[[[16.5990621,48.1219901],[16.5991352,48.1219805],[16.5991274,48.1219539],[16.5990543,48.1219635],[16.5990621,48.1219901]]]},"properties":{"voltage":"20000","name":""}},{"type":"Feature","geometry":{"type":"Polygon","coordinates":[[[16.1039801,48.1638336],[16.1040134,48.1638004],[16.1039528,48.1637733],[16.1039194,48.1638064],[16.1039801,48.1638336]]]},"properties":{"voltage":"20000","name":""}},{"type":"Feature","geometry":{"type":"Polygon","coordinates":[[[16.1016282,48.1701569],[16.1016591,48.170141],[16.101671,48.1701514],[16.1016402,48.1701672],[16.1016282,48.1701569]]]},"properties":{"voltage":"20000","name":""}},{"type":"Feature","geometry":{"type":"Polygon","coordinates":[[[16.1281371,48.1685791],[16.1282038,48.1685788],[16.1282046,48.1686471],[16.1281379,48.1686475],[16.1281371,48.1685791]]]},"properties":{"voltage":"20000","name":""}},{"type":"Feature","geometry":{"type":"Polygon","coordinates":[[[16.1425905,48.1702493],[16.1425926,48.1702268],[16.1426634,48.1702297],[16.1426614,48.1702521],[16.1425905,48.1702493]]]},"properties":{"voltage":"20000","name":""}},{"type":"Feature","geometry":{"type":"Polygon","coordinates":[[[16.1518883,48.1739716],[16.1519477,48.1739842],[16.1519592,48.17396],[16.1518999,48.1739474],[16.1518883,48.1739716]]]},"properties":{"voltage":"20000","name":""}},{"type":"Feature","geometry":{"type":"Polygon","coordinates":[[[16.4598236,48.3319924],[16.4598098,48.332007],[16.4598476,48.3320228],[16.4598614,48.3320081],[16.4598236,48.3319924]]]},"properties":{"voltage":"20000","name":""}},{"type":"Feature","geometry":{"type":"Polygon","coordinates":[[[16.3623935,48.3086672],[16.3624787,48.30872],[16.3625177,48.3086921],[16.3624325,48.3086393],[16.3623935,48.3086672]]]},"properties":{"voltage":"20000","name":""}},{"type":"Feature","geometry":{"type":"Polygon","coordinates":[[[16.5696398,48.0060775],[16.5696799,48.0060649],[16.5696666,48.0060459],[16.5696265,48.0060585],[16.5696398,48.0060775]]]},"properties":{"voltage":"20000","name":""}},{"type":"Feature","geometry":{"type":"Polygon","coordinates":[[[16.5807663,48.0157994],[16.5807861,48.0157861],[16.5808165,48.0158064],[16.5807967,48.0158197],[16.5807663,48.0157994]]]},"properties":{"voltage":"20000","name":""}},{"type":"Feature","geometry":{"type":"Polygon","coordinates":[[[16.5829936,48.0153226],[16.583038,48.0152966],[16.5830616,48.0153146],[16.5830172,48.0153406],[16.5829936,48.0153226]]]},"properties":{"voltage":"20000","name":""}},{"type":"Feature","geometry":{"type":"Polygon","coordinates":[[[16.5909754,48.0149952],[16.5910228,48.0149913],[16.5910197,48.0149745],[16.5909724,48.0149783],[16.5909754,48.0149952]]]},"properties":{"voltage":"20000","name":""}},{"type":"Feature","geometry":{"type":"Polygon","coordinates":[[[16.584183,48.0178561],[16.5842212,48.0178332],[16.584188,48.0178084],[16.5841498,48.0178312],[16.584183,48.0178561]]]},"properties":{"voltage":"20000","name":""}},{"type":"Feature","geometry":{"type":"Polygon","coordinates":[[[16.5712651,48.0219987],[16.5712498,48.0220146],[16.5712839,48.0220293],[16.5712992,48.0220135],[16.5712651,48.0219987]]]},"properties":{"voltage":"20000","name":""}},{"type":"Feature","geometry":{"type":"Polygon","coordinates":[[[16.588447,48.0244245],[16.5884731,48.0244153],[16.5884541,48.0243913],[16.588428,48.0244005],[16.588447,48.0244245]]]},"properties":{"voltage":"20000","name":""}},{"type":"Feature","geometry":{"type":"Polygon","coordinates":[[[16.5835518,48.0111279],[16.5835801,48.0111321],[16.5835903,48.0111018],[16.583562,48.0110975],[16.5835518,48.0111279]]]},"properties":{"voltage":"20000","name":""}},{"type":"Feature","geometry":{"type":"Polygon","coordinates":[[[16.5851736,48.0091286],[16.5851449,48.0091065],[16.5851765,48.009088],[16.5852053,48.0091102],[16.5851736,48.0091286]]]},"properties":{"voltage":"20000","name":""}},{"type":"Feature","geometry":{"type":"Polygon","coordinates":[[[16.2140929,48.0029562],[16.2141616,48.0029895],[16.2141995,48.0029544],[16.2141308,48.0029212],[16.2140929,48.0029562]]]},"properties":{"voltage":"20000","name":""}},{"type":"Feature","geometry":{"type":"Polygon","coordinates":[[[16.315302,48.0630354],[16.3153271,48.0630345],[16.3153245,48.0630043],[16.3152994,48.0630053],[16.315302,48.0630354]]]},"properties":{"voltage":"20000","name":""}},{"type":"Feature","geometry":{"type":"Polygon","coordinates":[[[16.3182499,48.0601642],[16.318321,48.0601586],[16.3183291,48.0602041],[16.3182579,48.0602097],[16.3182499,48.0601642]]]},"properties":{"voltage":"20000","name":""}},{"type":"Feature","geometry":{"type":"Polygon","coordinates":[[[16.2251334,48.0125571],[16.2251785,48.0125571],[16.2251785,48.0125333],[16.2251335,48.0125332],[16.2251334,48.0125571]]]},"properties":{"voltage":"20000","name":""}},{"type":"Feature","geometry":{"type":"Polygon","coordinates":[[[16.2279711,48.0096971],[16.2279693,48.0096687],[16.2279155,48.0096703],[16.2279175,48.0096996],[16.2279711,48.0096971]]]},"properties":{"voltage":"20000","name":""}},{"type":"Feature","geometry":{"type":"Polygon","coordinates":[[[16.5963473,48.0050509],[16.5963419,48.0050267],[16.5963942,48.0050215],[16.5963996,48.0050457],[16.5963473,48.0050509]]]},"properties":{"voltage":"20000","name":""}},{"type":"Feature","geometry":{"type":"Polygon","coordinates":[[[16.6506588,48.0041499],[16.6507048,48.0041509],[16.6507056,48.0041322],[16.6506596,48.0041313],[16.6506588,48.0041499]]]},"properties":{"voltage":"20000","name":""}},{"type":"Feature","geometry":{"type":"Polygon","coordinates":[[[16.7833278,48.017607],[16.7833504,48.0175815],[16.783376,48.0175916],[16.7833533,48.0176172],[16.7833278,48.017607]]]},"properties":{"voltage":"","name":""}},{"type":"Feature","geometry":{"type":"Polygon","coordinates":[[[16.7807793,48.0194208],[16.7808222,48.0193992],[16.7807928,48.0193732],[16.78075,48.0193948],[16.7807793,48.0194208]]]},"properties":{"voltage":"","name":""}},{"type":"Feature","geometry":{"type":"Polygon","coordinates":[[[16.2959528,48.0900923],[16.2962705,48.0900803],[16.2962633,48.0899949],[16.2959456,48.0900069],[16.2959528,48.0900923]]]},"properties":{"voltage":"20000","name":""}},{"type":"Feature","geometry":{"type":"Polygon","coordinates":[[[17.302389,48.0887903],[17.3024181,48.0887756],[17.3023922,48.0887525],[17.3023631,48.0887672],[17.302389,48.0887903]]]},"properties":{"voltage":"","name":""}},{"type":"Feature","geometry":{"type":"Polygon","coordinates":[[[17.3198059,48.0932036],[17.3198361,48.0932183],[17.3198744,48.0931829],[17.3198442,48.0931683],[17.3198059,48.0932036]]]},"properties":{"voltage":"","name":""}},{"type":"Feature","geometry":{"type":"Polygon","coordinates":[[[17.3249451,48.0883346],[17.3249639,48.0883125],[17.3249062,48.0882909],[17.3248876,48.0883131],[17.3249451,48.0883346]]]},"properties":{"voltage":"","name":""}},{"type":"Feature","geometry":{"type":"Polygon","coordinates":[[[16.4631351,48.1469534],[16.4632475,48.1469193],[16.4631725,48.1468683],[16.4630825,48.1469214],[16.4631351,48.1469534]]]},"properties":{"voltage":"","name":""}},{"type":"Feature","geometry":{"type":"Polygon","coordinates":[[[17.1272597,48.1782136],[17.1273382,48.1782082],[17.1273308,48.1781456],[17.1272497,48.1781528],[17.1272597,48.1782136]]]},"properties":{"voltage":"","name":"Ts-179"}},{"type":"Feature","geometry":{"type":"Polygon","coordinates":[[[21.5793433,48.3056741],[21.5795232,48.3055887],[21.579645,48.3057023],[21.5794651,48.3057876],[21.5793433,48.3056741]]]},"properties":{"voltage":"","name":""}},{"type":"Feature","geometry":{"type":"Polygon","coordinates":[[[16.4426942,48.2383873],[16.4427752,48.2383954],[16.4427833,48.2383591],[16.4427038,48.2383511],[16.4426942,48.2383873]]]},"properties":{"voltage":"","name":""}},{"type":"Feature","geometry":{"type":"Polygon","coordinates":[[[16.360733,48.2704545],[16.3607641,48.2704178],[16.3607344,48.2704067],[16.3607034,48.2704434],[16.360733,48.2704545]]]},"properties":{"voltage":"","name":""}},{"type":"Feature","geometry":{"type":"Polygon","coordinates":[[[16.455193,48.1672035],[16.4551724,48.1671772],[16.4551945,48.1671694],[16.4552152,48.1671957],[16.455193,48.1672035]]]},"properties":{"voltage":"","name":""}},{"type":"Feature","geometry":{"type":"Polygon","coordinates":[[[16.4461478,48.1703585],[16.4461606,48.1703385],[16.4461885,48.1703465],[16.4461757,48.1703664],[16.4461478,48.1703585]]]},"properties":{"voltage":"","name":""}},{"type":"Feature","geometry":{"type":"Polygon","coordinates":[[[17.1445915,48.2485508],[17.1446086,48.2485387],[17.1445871,48.2485253],[17.1445701,48.2485374],[17.1445915,48.2485508]]]},"properties":{"voltage":"","name":"Ts-2038"}},{"type":"Feature","geometry":{"type":"Polygon","coordinates":[[[17.2600432,48.2800334],[17.2600195,48.2800116],[17.2599988,48.2800216],[17.2600225,48.2800435],[17.2600432,48.2800334]]]},"properties":{"voltage":"","name":"Ts-52-110"}},{"type":"Feature","geometry":{"type":"Polygon","coordinates":[[[16.1670545,48.1988532],[16.1671193,48.1988405],[16.1671051,48.1988083],[16.1670403,48.198821],[16.1670545,48.1988532]]]},"properties":{"voltage":"20000","name":""}},{"type":"Feature","geometry":{"type":"Polygon","coordinates":[[[21.2307974,48.5480758],[21.2308235,48.5480784],[21.2308268,48.5480641],[21.2308007,48.5480614],[21.2307974,48.5480758]]]},"properties":{"voltage":"","name":"VNR"}},{"type":"Feature","geometry":{"type":"Polygon","coordinates":[[[16.4207965,48.1272284],[16.4207969,48.1271874],[16.420866,48.1271873],[16.4208656,48.1272282],[16.4207965,48.1272284]]]},"properties":{"voltage":"","name":""}},{"type":"Feature","geometry":{"type":"Polygon","coordinates":[[[16.2064177,48.1184428],[16.206259,48.1184166],[16.2062783,48.1183643],[16.2064371,48.1183905],[16.2064177,48.1184428]]]},"properties":{"voltage":"","name":""}},{"type":"Feature","geometry":{"type":"Polygon","coordinates":[[[16.3594189,48.3668196],[16.3594353,48.366843],[16.3594583,48.3668359],[16.3594419,48.3668124],[16.3594189,48.3668196]]]},"properties":{"voltage":"","name":"TST Stetten Industriegebiet"}},{"type":"Feature","geometry":{"type":"Polygon","coordinates":[[[16.3553896,48.3675056],[16.3554031,48.3675237],[16.3553639,48.3675366],[16.3553504,48.3675185],[16.3553896,48.3675056]]]},"properties":{"voltage":"","name":"TST Tresdorf Gewerbepark"}},{"type":"Feature","geometry":{"type":"Polygon","coordinates":[[[16.3519504,48.3682238],[16.3519733,48.3682147],[16.3519519,48.3681909],[16.351929,48.3682],[16.3519504,48.3682238]]]},"properties":{"voltage":"","name":"TST Tresdorf Grimmstra\u00dfe"}},{"type":"Feature","geometry":{"type":"Polygon","coordinates":[[[16.4566975,48.2209245],[16.4567344,48.2210686],[16.4569017,48.2210587],[16.4571041,48.2210446],[16.4570635,48.2208849],[16.4568639,48.2209078],[16.4566975,48.2209245]]]},"properties":{"voltage":"","name":"Unterwerk Hardeggasse"}},{"type":"Feature","geometry":{"type":"Polygon","coordinates":[[[16.7254735,48.3368795],[16.7254192,48.3368866],[16.7254053,48.3368401],[16.7254596,48.3368329],[16.725467,48.3368576],[16.7254735,48.3368795]]]},"properties":{"voltage":"","name":""}},{"type":"Feature","geometry":{"type":"Polygon","coordinates":[[[16.7324319,48.3418274],[16.7323922,48.3417972],[16.7324189,48.3417817],[16.7324586,48.3418118],[16.7324319,48.3418274]]]},"properties":{"voltage":"","name":""}},{"type":"Feature","geometry":{"type":"Polygon","coordinates":[[[16.2946194,48.2151902],[16.2946328,48.2151751],[16.2946684,48.215189],[16.294655,48.2152042],[16.2946194,48.2151902]]]},"properties":{"voltage":"","name":""}},{"type":"Feature","geometry":{"type":"Polygon","coordinates":[[[17.4554905,48.2971761],[17.4555603,48.297187],[17.4555805,48.2971299],[17.4555106,48.297119],[17.4554905,48.2971761]]]},"properties":{"voltage":"22000;420","name":""}},{"type":"Feature","geometry":{"type":"Polygon","coordinates":[[[16.3295721,48.0777218],[16.3296073,48.0777143],[16.329585,48.0776672],[16.3295497,48.0776746],[16.3295721,48.0777218]]]},"properties":{"voltage":"20000","name":""}},{"type":"Feature","geometry":{"type":"Polygon","coordinates":[[[17.2244193,48.1217557],[17.2244578,48.1217455],[17.2244474,48.121728],[17.2244089,48.1217382],[17.2244193,48.1217557]]]},"properties":{"voltage":"22000;420","name":""}},{"type":"Feature","geometry":{"type":"Polygon","coordinates":[[[17.222553,48.1221474],[17.2225964,48.1221391],[17.2226071,48.122164],[17.2225637,48.1221723],[17.222553,48.1221474]]]},"properties":{"voltage":"22000;420","name":""}},{"type":"Feature","geometry":{"type":"Polygon","coordinates":[[[22.0236836,48.5609249],[22.0236095,48.5607026],[22.0240273,48.5606416],[22.0240841,48.560812],[22.0237604,48.5608593],[22.0237777,48.5609111],[22.0236836,48.5609249]]]},"properties":{"voltage":"","name":""}},{"type":"Feature","geometry":{"type":"Polygon","coordinates":[[[16.1748896,48.4292554],[16.1749099,48.429252],[16.1749022,48.4292317],[16.1748819,48.4292351],[16.1748896,48.4292554]]]},"properties":{"voltage":"","name":""}},{"type":"Feature","geometry":{"type":"Polygon","coordinates":[[[16.4544364,48.2640103],[16.4544871,48.2640431],[16.4545193,48.264021],[16.4544687,48.2639882],[16.4544364,48.2640103]]]},"properties":{"voltage":"","name":""}},{"type":"Feature","geometry":{"type":"Polygon","coordinates":[[[16.3963286,48.1552887],[16.396382,48.1552988],[16.3964052,48.1552447],[16.3963785,48.1552396],[16.3963518,48.1552345],[16.3963286,48.1552887]]]},"properties":{"voltage":"","name":""}},{"type":"Feature","geometry":{"type":"Polygon","coordinates":[[[16.1059493,48.5044384],[16.1059842,48.5044306],[16.1060045,48.5044705],[16.1059695,48.5044783],[16.1059493,48.5044384]]]},"properties":{"voltage":"20000;400","name":""}},{"type":"Feature","geometry":{"type":"Polygon","coordinates":[[[16.1152476,48.4952824],[16.1152255,48.4952747],[16.1152456,48.4952494],[16.1152677,48.4952572],[16.1152476,48.4952824]]]},"properties":{"voltage":"20000;400","name":"TST G\u00f6llersdorf Hollabrunnerstra\u00dfe"}},{"type":"Feature","geometry":{"type":"Polygon","coordinates":[[[17.5919196,48.3576944],[17.5919567,48.3577028],[17.591979,48.357668],[17.5919419,48.3576582],[17.5919196,48.3576944]]]},"properties":{"voltage":"","name":""}},{"type":"Feature","geometry":{"type":"Polygon","coordinates":[[[16.3584887,48.2228235],[16.3585316,48.2227772],[16.3584612,48.2227483],[16.3584397,48.2227709],[16.3584175,48.2227943],[16.3584887,48.2228235]]]},"properties":{"voltage":"","name":""}},{"type":"Feature","geometry":{"type":"Polygon","coordinates":[[[16.2050663,48.3363295],[16.2051007,48.3363274],[16.2050968,48.3362996],[16.2050624,48.3363017],[16.2050663,48.3363295]]]},"properties":{"voltage":"20000;400","name":""}},{"type":"Feature","geometry":{"type":"Polygon","coordinates":[[[17.0946182,48.1183337],[17.0946478,48.1183227],[17.0946515,48.118327],[17.0946769,48.1183178],[17.0945817,48.1182007],[17.0945266,48.1182212],[17.0946182,48.1183337]]]},"properties":{"voltage":"","name":""}},{"type":"Feature","geometry":{"type":"Polygon","coordinates":[[[16.4323513,48.1386468],[16.4324283,48.138645],[16.4324986,48.1386433],[16.4324926,48.1385305],[16.4323454,48.138534],[16.4323513,48.1386468]]]},"properties":{"voltage":"","name":""}},{"type":"Feature","geometry":{"type":"Polygon","coordinates":[[[16.4323659,48.1389343],[16.4324421,48.1389324],[16.4325106,48.1389306],[16.432504,48.1388156],[16.4323593,48.1388193],[16.4323659,48.1389343]]]},"properties":{"voltage":"","name":""}},{"type":"Feature","geometry":{"type":"Polygon","coordinates":[[[17.2960995,48.1541764],[17.2961336,48.1541667],[17.296118,48.1541423],[17.2960839,48.154152],[17.2960995,48.1541764]]]},"properties":{"voltage":"","name":""}},{"type":"Feature","geometry":{"type":"Polygon","coordinates":[[[16.7566755,48.3527505],[16.75666,48.3527273],[16.7566814,48.352721],[16.7566968,48.3527442],[16.7566755,48.3527505]]]},"properties":{"voltage":"20000","name":""}},{"type":"Feature","geometry":{"type":"Polygon","coordinates":[[[16.2672363,48.1750033],[16.2673195,48.1750116],[16.2673296,48.1749661],[16.2672464,48.1749579],[16.2672363,48.1750033]]]},"properties":{"voltage":"","name":""}},{"type":"Feature","geometry":{"type":"Polygon","coordinates":[[[21.6279769,48.5190064],[21.6280672,48.5190398],[21.6281026,48.5189978],[21.6280283,48.5189703],[21.6280123,48.5189644],[21.6279769,48.5190064]]]},"properties":{"voltage":"","name":""}},{"type":"Feature","geometry":{"type":"Polygon","coordinates":[[[16.2352908,48.0129756],[16.2353241,48.0129683],[16.2353028,48.0129249],[16.2352695,48.0129322],[16.2352908,48.0129756]]]},"properties":{"voltage":"20000","name":""}},{"type":"Feature","geometry":{"type":"Polygon","coordinates":[[[16.29974,48.0142778],[16.299791,48.014235],[16.299838,48.0142599],[16.2997872,48.0143028],[16.29974,48.0142778]]]},"properties":{"voltage":"20000","name":""}},{"type":"Feature","geometry":{"type":"Polygon","coordinates":[[[16.2971151,48.0124877],[16.2971515,48.0125078],[16.2972065,48.0124632],[16.2971701,48.0124431],[16.2971151,48.0124877]]]},"properties":{"voltage":"20000","name":""}},{"type":"Feature","geometry":{"type":"Polygon","coordinates":[[[16.5379115,48.2305867],[16.5379811,48.2305859],[16.5379804,48.2305615],[16.5379108,48.2305623],[16.5379115,48.2305867]]]},"properties":{"voltage":"","name":""}},{"type":"Feature","geometry":{"type":"Polygon","coordinates":[[[16.3514845,48.085068],[16.3515312,48.0850789],[16.3515628,48.0850182],[16.3515161,48.0850074],[16.3514845,48.085068]]]},"properties":{"voltage":"20000","name":""}},{"type":"Feature","geometry":{"type":"Polygon","coordinates":[[[16.3494026,48.0854189],[16.3494868,48.085412],[16.3494928,48.0854448],[16.3494087,48.0854517],[16.3494026,48.0854189]]]},"properties":{"voltage":"20000","name":""}},{"type":"Feature","geometry":{"type":"Polygon","coordinates":[[[16.3487317,48.0861868],[16.3487289,48.0861668],[16.3486819,48.0861698],[16.3486847,48.0861897],[16.3487317,48.0861868]]]},"properties":{"voltage":"20000","name":""}},{"type":"Feature","geometry":{"type":"Polygon","coordinates":[[[16.3468046,48.0894188],[16.3468705,48.0894092],[16.3468553,48.0893626],[16.3467894,48.0893723],[16.3468046,48.0894188]]]},"properties":{"voltage":"20000","name":""}},{"type":"Feature","geometry":{"type":"Polygon","coordinates":[[[16.3528803,48.0883796],[16.3528728,48.0883383],[16.3529521,48.088332],[16.3529595,48.0883733],[16.3528803,48.0883796]]]},"properties":{"voltage":"20000","name":""}},{"type":"Feature","geometry":{"type":"Polygon","coordinates":[[[16.3550125,48.083759],[16.3551258,48.0837522],[16.3551319,48.0837976],[16.3550186,48.0838044],[16.3550125,48.083759]]]},"properties":{"voltage":"20000","name":""}},{"type":"Feature","geometry":{"type":"Polygon","coordinates":[[[16.3540777,48.0827179],[16.3540826,48.0827177],[16.3541249,48.0827159],[16.3541196,48.082662],[16.3540724,48.0826641],[16.3540777,48.0827179]]]},"properties":{"voltage":"20000","name":""}},{"type":"Feature","geometry":{"type":"Polygon","coordinates":[[[16.337992,48.084236],[16.3379902,48.0842024],[16.3380385,48.0842013],[16.3380402,48.0842349],[16.337992,48.084236]]]},"properties":{"voltage":"20000","name":""}},{"type":"Feature","geometry":{"type":"Polygon","coordinates":[[[17.089608,48.1422433],[17.0895782,48.1421711],[17.0896794,48.1421525],[17.0897028,48.1422092],[17.0896716,48.1422149],[17.089678,48.1422305],[17.089608,48.1422433]]]},"properties":{"voltage":"","name":"TS-216"}},{"type":"Feature","geometry":{"type":"Polygon","coordinates":[[[16.261138,48.3384208],[16.2611247,48.3383959],[16.2610622,48.3384107],[16.2610755,48.3384355],[16.261138,48.3384208]]]},"properties":{"voltage":"20000","name":""}},{"type":"Feature","geometry":{"type":"Polygon","coordinates":[[[16.4883557,48.2206506],[16.4884188,48.2206389],[16.4884017,48.2205977],[16.4883386,48.2206094],[16.4883557,48.2206506]]]},"properties":{"voltage":"","name":""}},{"type":"Feature","geometry":{"type":"Polygon","coordinates":[[[16.4874648,48.2396454],[16.4874043,48.239634],[16.4873879,48.2396728],[16.4874483,48.2396841],[16.4874648,48.2396454]]]},"properties":{"voltage":"","name":""}},{"type":"Feature","geometry":{"type":"Polygon","coordinates":[[[16.1758633,48.1539869],[16.1758556,48.1539538],[16.1757532,48.1539644],[16.175761,48.1539975],[16.1758633,48.1539869]]]},"properties":{"voltage":"20000","name":""}},{"type":"Feature","geometry":{"type":"Polygon","coordinates":[[[16.1729364,48.155774],[16.1729304,48.1557457],[16.1728652,48.1557519],[16.1728712,48.1557802],[16.1729364,48.155774]]]},"properties":{"voltage":"20000","name":""}},{"type":"Feature","geometry":{"type":"Polygon","coordinates":[[[16.1840125,48.1544768],[16.1840783,48.1544717],[16.1840728,48.1544399],[16.184007,48.154445],[16.1840125,48.1544768]]]},"properties":{"voltage":"20000","name":""}},{"type":"Feature","geometry":{"type":"Polygon","coordinates":[[[16.181224,48.1523567],[16.1812583,48.1523683],[16.1812849,48.1523334],[16.1812506,48.1523218],[16.181224,48.1523567]]]},"properties":{"voltage":"20000","name":""}},{"type":"Feature","geometry":{"type":"Polygon","coordinates":[[[16.4633228,48.2650147],[16.4633481,48.2650487],[16.463439,48.2650187],[16.4634136,48.2649847],[16.4633228,48.2650147]]]},"properties":{"voltage":"","name":""}},{"type":"Feature","geometry":{"type":"Polygon","coordinates":[[[16.4630054,48.2646979],[16.4630583,48.2646801],[16.4629996,48.2646027],[16.4629465,48.2646205],[16.4630054,48.2646979]]]},"properties":{"voltage":"","name":""}},{"type":"Feature","geometry":{"type":"Polygon","coordinates":[[[16.4653416,48.2635195],[16.4653953,48.2635019],[16.4654317,48.2635509],[16.4653779,48.2635685],[16.4653416,48.2635195]]]},"properties":{"voltage":"","name":""}},{"type":"Feature","geometry":{"type":"Polygon","coordinates":[[[16.2896983,48.0242088],[16.2896537,48.0242316],[16.2895925,48.024178],[16.2896372,48.0241552],[16.2896983,48.0242088]]]},"properties":{"voltage":"20000","name":""}},{"type":"Feature","geometry":{"type":"Polygon","coordinates":[[[16.2907015,48.0204856],[16.2906671,48.0204486],[16.2907276,48.0204235],[16.290762,48.0204605],[16.2907437,48.020468],[16.2907015,48.0204856]]]},"properties":{"voltage":"20000","name":""}},{"type":"Feature","geometry":{"type":"Polygon","coordinates":[[[16.2943616,48.0228771],[16.2943974,48.0229252],[16.2943032,48.0229566],[16.2942673,48.0229085],[16.2943616,48.0228771]]]},"properties":{"voltage":"20000","name":""}},{"type":"Feature","geometry":{"type":"Polygon","coordinates":[[[16.2909616,48.0173752],[16.2910262,48.0173507],[16.2910787,48.0174145],[16.2910136,48.0174384],[16.2909616,48.0173752]]]},"properties":{"voltage":"20000","name":""}},{"type":"Feature","geometry":{"type":"Polygon","coordinates":[[[17.1086014,48.0920974],[17.1087596,48.0920919],[17.1087527,48.0920029],[17.1085945,48.0920084],[17.1086014,48.0920974]]]},"properties":{"voltage":"750","name":""}},{"type":"Feature","geometry":{"type":"Polygon","coordinates":[[[16.4157492,48.1890616],[16.4157837,48.1890447],[16.4157699,48.1890321],[16.4157354,48.1890491],[16.4157492,48.1890616]]]},"properties":{"voltage":"","name":""}},{"type":"Feature","geometry":{"type":"Polygon","coordinates":[[[16.4157494,48.189081],[16.4156789,48.1891194],[16.4156368,48.1890851],[16.4157074,48.1890466],[16.4157494,48.189081]]]},"properties":{"voltage":"","name":""}},{"type":"Feature","geometry":{"type":"Polygon","coordinates":[[[16.2510835,48.0079103],[16.2510851,48.0078581],[16.2510169,48.0078571],[16.2510155,48.0079097],[16.2510835,48.0079103]]]},"properties":{"voltage":"20000","name":""}},{"type":"Feature","geometry":{"type":"Polygon","coordinates":[[[16.4497648,48.2660876],[16.4499017,48.2660777],[16.4498951,48.2660378],[16.4497583,48.2660478],[16.4497648,48.2660876]]]},"properties":{"voltage":"","name":""}},{"type":"Feature","geometry":{"type":"Polygon","coordinates":[[[16.4034083,48.2194289],[16.4034076,48.2193402],[16.4034777,48.2193395],[16.4034781,48.219429],[16.4034083,48.2194289]]]},"properties":{"voltage":"","name":""}},{"type":"Feature","geometry":{"type":"Polygon","coordinates":[[[16.3617018,48.2293656],[16.3616581,48.2293629],[16.3616486,48.2293089],[16.3616389,48.2292599],[16.3617133,48.2292642],[16.3617018,48.2293656]]]},"properties":{"voltage":"","name":""}},{"type":"Feature","geometry":{"type":"Polygon","coordinates":[[[16.5765024,48.5624397],[16.5765373,48.5624392],[16.5765378,48.5624541],[16.5765029,48.5624547],[16.5765024,48.5624397]]]},"properties":{"voltage":"20000;400","name":""}},{"type":"Feature","geometry":{"type":"Polygon","coordinates":[[[16.5667972,48.5665358],[16.5668431,48.5665523],[16.5668114,48.566591],[16.5667654,48.5665745],[16.5667972,48.5665358]]]},"properties":{"voltage":"20000;400","name":""}},{"type":"Feature","geometry":{"type":"Polygon","coordinates":[[[16.5828317,48.5678109],[16.5828603,48.5678228],[16.5828791,48.5678029],[16.5828504,48.5677911],[16.5828317,48.5678109]]]},"properties":{"voltage":"20000;400","name":""}},{"type":"Feature","geometry":{"type":"Polygon","coordinates":[[[16.5723712,48.5709773],[16.5723728,48.570963],[16.5724107,48.5709649],[16.572409,48.5709792],[16.5723712,48.5709773]]]},"properties":{"voltage":"20000;400","name":""}},{"type":"Feature","geometry":{"type":"Polygon","coordinates":[[[16.577356,48.5628572],[16.577347,48.5628796],[16.577325,48.5628757],[16.577334,48.5628533],[16.577356,48.5628572]]]},"properties":{"voltage":"20000;400","name":""}},{"type":"Feature","geometry":{"type":"Polygon","coordinates":[[[18.0601014,48.3851535],[18.0600638,48.385138],[18.0600943,48.3851083],[18.0601309,48.3851252],[18.0601176,48.3851373],[18.0601107,48.3851446],[18.0601014,48.3851535]]]},"properties":{"voltage":"","name":"TS 0026-007"}},{"type":"Feature","geometry":{"type":"Polygon","coordinates":[[[18.073053,48.3875363],[18.0730276,48.3875036],[18.0730685,48.3874897],[18.0730938,48.3875223],[18.073053,48.3875363]]]},"properties":{"voltage":"","name":"TS 0026-008"}},{"type":"Feature","geometry":{"type":"Polygon","coordinates":[[[18.0880633,48.3092823],[18.088036,48.3092427],[18.088071,48.309232],[18.0880983,48.3092716],[18.0880633,48.3092823]]]},"properties":{"voltage":"22000","name":""}},{"type":"Feature","geometry":{"type":"Polygon","coordinates":[[[16.4937344,48.0170974],[16.4937689,48.0170846],[16.4938041,48.0171271],[16.4937696,48.0171399],[16.4937344,48.0170974]]]},"properties":{"voltage":"20000","name":""}},{"type":"Feature","geometry":{"type":"Polygon","coordinates":[[[16.1599448,48.0710347],[16.1599768,48.0710221],[16.1599486,48.07099],[16.1599166,48.0710026],[16.1599448,48.0710347]]]},"properties":{"voltage":"20000","name":""}},{"type":"Feature","geometry":{"type":"Polygon","coordinates":[[[16.2894779,48.0119221],[16.2895469,48.0119025],[16.2895694,48.0119342],[16.2895964,48.0119388],[16.2895687,48.0119706],[16.2895049,48.0119601],[16.2894779,48.0119221]]]},"properties":{"voltage":"20000","name":""}},{"type":"Feature","geometry":{"type":"Polygon","coordinates":[[[16.2923717,48.0105903],[16.2924545,48.0106019],[16.2924235,48.0106975],[16.2923368,48.0106849],[16.2923717,48.0105903]]]},"properties":{"voltage":"20000","name":""}},{"type":"Feature","geometry":{"type":"Polygon","coordinates":[[[16.550994,48.1273355],[16.5511025,48.1272914],[16.5510762,48.1272626],[16.5509678,48.1273067],[16.550994,48.1273355]]]},"properties":{"voltage":"20000;400","name":""}},{"type":"Feature","geometry":{"type":"Polygon","coordinates":[[[16.2885603,48.1712473],[16.288627,48.171248],[16.2892629,48.1712823],[16.2892625,48.1712765],[16.2893303,48.1712756],[16.2892956,48.1707782],[16.2892947,48.1707665],[16.2892904,48.1707562],[16.289281,48.1707481],[16.2892649,48.1707421],[16.2891464,48.1707137],[16.2890127,48.1706816],[16.2886358,48.170596],[16.2885994,48.1706667],[16.2885603,48.1712473]]]},"properties":{"voltage":"110000","name":"Umspannwerk Speising"}},{"type":"Feature","geometry":{"type":"Polygon","coordinates":[[[16.2133892,48.3839446],[16.2134562,48.3839493],[16.2134486,48.3839974],[16.2133811,48.3839927],[16.2133892,48.3839446]]]},"properties":{"voltage":"20000;400","name":"TST Stockerau Neubau"}},{"type":"Feature","geometry":{"type":"Polygon","coordinates":[[[16.2182263,48.3865061],[16.2182602,48.3865081],[16.2182567,48.3865336],[16.2182228,48.3865317],[16.2182263,48.3865061]]]},"properties":{"voltage":"20000;400","name":""}},{"type":"Feature","geometry":{"type":"Polygon","coordinates":[[[16.2059159,48.3843374],[16.2059392,48.3843378],[16.2059382,48.3843628],[16.2059148,48.3843624],[16.2059159,48.3843374]]]},"properties":{"voltage":"20000;400","name":"TST Stockerau Wolfikstra\u00dfe"}},{"type":"Feature","geometry":{"type":"Polygon","coordinates":[[[16.1825148,48.4042912],[16.1825443,48.4042988],[16.1825362,48.4043126],[16.1825067,48.404305],[16.1825148,48.4042912]]]},"properties":{"voltage":"20000;400","name":"TST Oberolberndorf WAG"}},{"type":"Feature","geometry":{"type":"Polygon","coordinates":[[[16.4749073,48.2595888],[16.4750008,48.2595631],[16.4749781,48.2595266],[16.4748846,48.2595523],[16.4749073,48.2595888]]]},"properties":{"voltage":"","name":""}},{"type":"Feature","geometry":{"type":"Polygon","coordinates":[[[16.6402535,48.3649052],[16.6403091,48.3649012],[16.6403201,48.3649683],[16.6402646,48.3649723],[16.6402535,48.3649052]]]},"properties":{"voltage":"","name":""}},{"type":"Feature","geometry":{"type":"Polygon","coordinates":[[[17.1369784,48.1929436],[17.1370268,48.1929117],[17.1370723,48.1929427],[17.1370231,48.1929736],[17.1369784,48.1929436]]]},"properties":{"voltage":"","name":"TS-2128"}},{"type":"Feature","geometry":{"type":"Polygon","coordinates":[[[16.5572647,48.276345],[16.5573065,48.276338],[16.5573133,48.276356],[16.5572714,48.2763629],[16.5572647,48.276345]]]},"properties":{"voltage":"20000","name":"TST Aderklaa Raasdorferstrasse"}},{"type":"Feature","geometry":{"type":"Polygon","coordinates":[[[17.1411764,48.1435651],[17.1412421,48.143559],[17.1412368,48.1435333],[17.141171,48.1435393],[17.1411764,48.1435651]]]},"properties":{"voltage":"","name":"TS-2099"}},{"type":"Feature","geometry":{"type":"Polygon","coordinates":[[[16.4480416,48.2671894],[16.4479688,48.2671935],[16.4479715,48.2672155],[16.4480444,48.2672115],[16.4480416,48.2671894]]]},"properties":{"voltage":"","name":""}},{"type":"Feature","geometry":{"type":"Polygon","coordinates":[[[16.3102727,48.106278],[16.3102756,48.1062603],[16.3102271,48.1062568],[16.3102242,48.1062746],[16.3102727,48.106278]]]},"properties":{"voltage":"20000","name":""}},{"type":"Feature","geometry":{"type":"Polygon","coordinates":[[[16.3579513,48.1124292],[16.3579656,48.1124199],[16.3579265,48.112393],[16.3579122,48.1124023],[16.3579513,48.1124292]]]},"properties":{"voltage":"20000","name":""}},{"type":"Feature","geometry":{"type":"Polygon","coordinates":[[[16.8017926,48.1101787],[16.8017943,48.1101959],[16.8018315,48.1101943],[16.8018299,48.1101771],[16.8017926,48.1101787]]]},"properties":{"voltage":"","name":""}},{"type":"Feature","geometry":{"type":"Polygon","coordinates":[[[16.8065936,48.1076645],[16.806595,48.1076931],[16.8066667,48.1076916],[16.8066653,48.107663],[16.8065936,48.1076645]]]},"properties":{"voltage":"","name":""}},{"type":"Feature","geometry":{"type":"Polygon","coordinates":[[[16.7796409,48.1092513],[16.7796541,48.1092902],[16.7796907,48.1092847],[16.7796774,48.1092458],[16.7796409,48.1092513]]]},"properties":{"voltage":"","name":"TST Regelsbrunn Mitte"}},{"type":"Feature","geometry":{"type":"Polygon","coordinates":[[[16.2907882,48.1328976],[16.2908312,48.1328945],[16.2908232,48.1328456],[16.2907802,48.1328487],[16.2907882,48.1328976]]]},"properties":{"voltage":"","name":""}},{"type":"Feature","geometry":{"type":"Polygon","coordinates":[[[16.5849752,48.1768218],[16.5849587,48.1767981],[16.5850266,48.1767772],[16.585043,48.176801],[16.5849752,48.1768218]]]},"properties":{"voltage":"20000","name":""}},{"type":"Feature","geometry":{"type":"Polygon","coordinates":[[[16.5227063,48.0433572],[16.5227298,48.0434021],[16.5228303,48.0433785],[16.5228068,48.0433337],[16.5227063,48.0433572]]]},"properties":{"voltage":"20000","name":""}},{"type":"Feature","geometry":{"type":"Polygon","coordinates":[[[16.5144647,48.0406822],[16.5145701,48.0407688],[16.5146342,48.0407338],[16.5145288,48.0406473],[16.5144647,48.0406822]]]},"properties":{"voltage":"20000","name":""}},{"type":"Feature","geometry":{"type":"Polygon","coordinates":[[[16.5179576,48.0435002],[16.5179324,48.0435362],[16.5179845,48.0435525],[16.5180097,48.0435166],[16.5179576,48.0435002]]]},"properties":{"voltage":"20000","name":""}},{"type":"Feature","geometry":{"type":"Polygon","coordinates":[[[16.6795514,48.1098759],[16.6795337,48.1098381],[16.679497,48.1098457],[16.6795146,48.1098834],[16.6795514,48.1098759]]]},"properties":{"voltage":"","name":"TST Maria Ellend Kirchenstra\u00dfe"}},{"type":"Feature","geometry":{"type":"Polygon","coordinates":[[[16.5102533,48.1442879],[16.5103168,48.1442738],[16.5103058,48.1442519],[16.5102424,48.144266],[16.5102533,48.1442879]]]},"properties":{"voltage":"20000;400","name":""}},{"type":"Feature","geometry":{"type":"Polygon","coordinates":[[[16.812469,48.1100867],[16.8124948,48.1100702],[16.8124628,48.1100478],[16.8124369,48.1100643],[16.812469,48.1100867]]]},"properties":{"voltage":"","name":"TST Wildungsmauer Weingarten"}},{"type":"Feature","geometry":{"type":"Polygon","coordinates":[[[16.6851496,48.1120993],[16.685145,48.1120707],[16.6851184,48.1120726],[16.6851231,48.1121013],[16.6851496,48.1120993]]]},"properties":{"voltage":"","name":"TST Maria Ellend Landstra\u00dfe"}},{"type":"Feature","geometry":{"type":"Polygon","coordinates":[[[16.6821628,48.1094469],[16.6821941,48.1094523],[16.6822024,48.1094305],[16.6821711,48.1094252],[16.6821628,48.1094469]]]},"properties":{"voltage":"","name":"TST Maria Ellend Kernfeld 1"}},{"type":"Feature","geometry":{"type":"Polygon","coordinates":[[[16.3125212,48.1381111],[16.3126687,48.1381091],[16.3126672,48.1380621],[16.3125197,48.1380641],[16.3125212,48.1381111]]]},"properties":{"voltage":"","name":""}},{"type":"Feature","geometry":{"type":"Polygon","coordinates":[[[16.3092235,48.1363888],[16.3092927,48.1363898],[16.3092906,48.1364527],[16.3092214,48.1364516],[16.3092235,48.1363888]]]},"properties":{"voltage":"","name":""}},{"type":"Feature","geometry":{"type":"Polygon","coordinates":[[[16.2589956,48.1428341],[16.2590047,48.1428646],[16.2589371,48.1428736],[16.258928,48.1428432],[16.2589956,48.1428341]]]},"properties":{"voltage":"","name":""}},{"type":"Feature","geometry":{"type":"Polygon","coordinates":[[[17.3123223,48.0829764],[17.3123858,48.0829741],[17.3123836,48.0829475],[17.3123201,48.0829498],[17.3123223,48.0829764]]]},"properties":{"voltage":"22000;420","name":""}},{"type":"Feature","geometry":{"type":"Polygon","coordinates":[[[16.3088343,48.0823392],[16.3088267,48.0823099],[16.3089043,48.0823009],[16.3089119,48.0823302],[16.3088343,48.0823392]]]},"properties":{"voltage":"20000","name":""}},{"type":"Feature","geometry":{"type":"Polygon","coordinates":[[[17.2176947,48.1166026],[17.217716,48.1165847],[17.2176869,48.1165692],[17.2176655,48.1165871],[17.2176947,48.1166026]]]},"properties":{"voltage":"","name":""}},{"type":"Feature","geometry":{"type":"Polygon","coordinates":[[[17.3143205,48.0944835],[17.3143573,48.0944985],[17.3143764,48.0944776],[17.3143395,48.0944626],[17.3143205,48.0944835]]]},"properties":{"voltage":"22000;420","name":""}},{"type":"Feature","geometry":{"type":"Polygon","coordinates":[[[17.31417,48.0924224],[17.3142081,48.0924267],[17.3142166,48.0923932],[17.3141784,48.0923889],[17.31417,48.0924224]]]},"properties":{"voltage":"22000;420","name":""}},{"type":"Feature","geometry":{"type":"Polygon","coordinates":[[[16.3776829,48.0253693],[16.3777243,48.0253969],[16.3777467,48.0253818],[16.3777054,48.0253542],[16.3776829,48.0253693]]]},"properties":{"voltage":"20000","name":""}},{"type":"Feature","geometry":{"type":"Polygon","coordinates":[[[16.9965065,48.2047526],[16.9965285,48.2047532],[16.9965299,48.20473],[16.9965079,48.2047295],[16.9965065,48.2047526]]]},"properties":{"voltage":"","name":""}},{"type":"Feature","geometry":{"type":"Polygon","coordinates":[[[16.1691683,48.4461703],[16.1691492,48.4461458],[16.1691797,48.4461353],[16.1691989,48.4461597],[16.1691683,48.4461703]]]},"properties":{"voltage":"","name":"TST H\u00f6bersdorf Betriebsgebiet"}},{"type":"Feature","geometry":{"type":"Polygon","coordinates":[[[16.3093785,48.1067014],[16.3094256,48.1067056],[16.3094358,48.1066543],[16.3093887,48.1066501],[16.3093785,48.1067014]]]},"properties":{"voltage":"20000","name":""}},{"type":"Feature","geometry":{"type":"Polygon","coordinates":[[[16.3102289,48.1086143],[16.3102558,48.1086164],[16.3102603,48.108591],[16.3102334,48.1085889],[16.3102289,48.1086143]]]},"properties":{"voltage":"20000","name":""}},{"type":"Feature","geometry":{"type":"Polygon","coordinates":[[[17.3261938,48.0830974],[17.3262348,48.0830918],[17.3262236,48.0830523],[17.3261826,48.083058],[17.3261938,48.0830974]]]},"properties":{"voltage":"","name":""}},{"type":"Feature","geometry":{"type":"Polygon","coordinates":[[[17.3257723,48.0802618],[17.3257747,48.0803112],[17.3257159,48.0803125],[17.3257134,48.0802631],[17.3257723,48.0802618]]]},"properties":{"voltage":"","name":""}},{"type":"Feature","geometry":{"type":"Polygon","coordinates":[[[16.3576296,48.1090511],[16.3577359,48.10904],[16.3577153,48.1089522],[16.3576924,48.1088547],[16.3575862,48.1088657],[16.3576296,48.1090511]]]},"properties":{"voltage":"","name":""}},{"type":"Feature","geometry":{"type":"Polygon","coordinates":[[[16.4212958,48.3297101],[16.4213629,48.3297289],[16.4213759,48.3297085],[16.4213088,48.3296896],[16.4212958,48.3297101]]]},"properties":{"voltage":"","name":""}},{"type":"Feature","geometry":{"type":"Polygon","coordinates":[[[16.4055652,48.2543559],[16.4056098,48.2543395],[16.4055962,48.254323],[16.4055515,48.2543394],[16.4055652,48.2543559]]]},"properties":{"voltage":"","name":""}},{"type":"Feature","geometry":{"type":"Polygon","coordinates":[[[16.3754897,48.0837874],[16.3756022,48.0838339],[16.3753981,48.0840458],[16.3753806,48.0840402],[16.375341,48.0840277],[16.3752867,48.0840104],[16.3754897,48.0837874]]]},"properties":{"voltage":"","name":""}},{"type":"Feature","geometry":{"type":"Polygon","coordinates":[[[16.2934979,48.0144845],[16.2935277,48.0144995],[16.2934972,48.0145267],[16.2934674,48.0145117],[16.2934979,48.0144845]]]},"properties":{"voltage":"20000","name":""}},{"type":"Feature","geometry":{"type":"Polygon","coordinates":[[[16.4261779,48.1795743],[16.4262138,48.1795638],[16.4262234,48.1795782],[16.4261874,48.1795888],[16.4261779,48.1795743]]]},"properties":{"voltage":"","name":""}},{"type":"Feature","geometry":{"type":"Polygon","coordinates":[[[16.5111381,48.2771023],[16.5111702,48.2770842],[16.5111532,48.2770709],[16.5111212,48.2770889],[16.5111381,48.2771023]]]},"properties":{"voltage":"","name":""}},{"type":"Feature","geometry":{"type":"Polygon","coordinates":[[[16.9118825,48.1414702],[16.9119519,48.1414622],[16.9119451,48.1414358],[16.9118757,48.1414438],[16.9118825,48.1414702]]]},"properties":{"voltage":"","name":""}},{"type":"Feature","geometry":{"type":"Polygon","coordinates":[[[16.8843997,48.1730646],[16.8844388,48.1730515],[16.8844272,48.173036],[16.8843881,48.173049],[16.8843997,48.1730646]]]},"properties":{"voltage":"","name":""}},{"type":"Feature","geometry":{"type":"Polygon","coordinates":[[[16.8839236,48.1781318],[16.8838922,48.1781318],[16.8838923,48.1780893],[16.8839237,48.1780894],[16.8839236,48.1781318]]]},"properties":{"voltage":"","name":"TST Engelhartstetten S\u00fcd"}},{"type":"Feature","geometry":{"type":"Polygon","coordinates":[[[16.5399413,48.2026327],[16.5399116,48.2025895],[16.5399964,48.2025636],[16.5400356,48.2026207],[16.5399898,48.2026347],[16.5399803,48.2026208],[16.5399413,48.2026327]]]},"properties":{"voltage":"","name":""}},{"type":"Feature","geometry":{"type":"Polygon","coordinates":[[[16.2803991,48.1988522],[16.2804258,48.1988593],[16.2804416,48.1988327],[16.2804149,48.1988257],[16.2803991,48.1988522]]]},"properties":{"voltage":"","name":""}},{"type":"Feature","geometry":{"type":"Polygon","coordinates":[[[16.3869935,48.1743949],[16.387008,48.1744326],[16.3870846,48.1744195],[16.38707,48.1743817],[16.3869935,48.1743949]]]},"properties":{"voltage":"","name":""}},{"type":"Feature","geometry":{"type":"Polygon","coordinates":[[[16.386471,48.0299926],[16.3863955,48.0299918],[16.3864052,48.0301965],[16.3864685,48.0301968],[16.386471,48.0299926]]]},"properties":{"voltage":"","name":""}},{"type":"Feature","geometry":{"type":"Polygon","coordinates":[[[16.2024532,48.1336937],[16.2025152,48.1336967],[16.2025195,48.133657],[16.2024576,48.1336539],[16.2024532,48.1336937]]]},"properties":{"voltage":"20000","name":""}},{"type":"Feature","geometry":{"type":"Polygon","coordinates":[[[16.3081233,48.1084593],[16.3079884,48.1084609],[16.3079847,48.1083178],[16.3081196,48.1083162],[16.3081233,48.1084593]]]},"properties":{"voltage":"20000","name":""}},{"type":"Feature","geometry":{"type":"Polygon","coordinates":[[[16.184252,48.1357014],[16.1842668,48.1356656],[16.184189,48.1356513],[16.1841743,48.1356871],[16.184252,48.1357014]]]},"properties":{"voltage":"20000","name":""}},{"type":"Feature","geometry":{"type":"Polygon","coordinates":[[[16.3588152,48.2498677],[16.3588404,48.2498306],[16.358766,48.2498083],[16.3587479,48.2498351],[16.3587409,48.2498454],[16.3588152,48.2498677]]]},"properties":{"voltage":"","name":""}},{"type":"Feature","geometry":{"type":"Polygon","coordinates":[[[16.1887944,48.1362637],[16.1887882,48.1362873],[16.1888418,48.1362936],[16.188848,48.13627],[16.1887944,48.1362637]]]},"properties":{"voltage":"20000","name":""}},{"type":"Feature","geometry":{"type":"Polygon","coordinates":[[[16.4706941,48.1689242],[16.4706612,48.1688709],[16.4709237,48.1687988],[16.4709567,48.1688522],[16.4706941,48.1689242]]]},"properties":{"voltage":"","name":""}},{"type":"Feature","geometry":{"type":"Polygon","coordinates":[[[17.0447553,48.1498035],[17.044741,48.1497716],[17.044778,48.1497642],[17.0447923,48.1497961],[17.0447553,48.1498035]]]},"properties":{"voltage":"","name":"TS-1185"}},{"type":"Feature","geometry":{"type":"Polygon","coordinates":[[[16.7929283,48.2041308],[16.7929776,48.2041246],[16.7929714,48.2041],[16.7929222,48.2041062],[16.7929283,48.2041308]]]},"properties":{"voltage":"20000;400","name":""}},{"type":"Feature","geometry":{"type":"Polygon","coordinates":[[[16.21494,48.1355064],[16.2150011,48.1355085],[16.2150039,48.1354713],[16.2149429,48.1354692],[16.21494,48.1355064]]]},"properties":{"voltage":"20000","name":""}},{"type":"Feature","geometry":{"type":"Polygon","coordinates":[[[16.6242256,48.5336353],[16.6236149,48.5355985],[16.6238412,48.5357887],[16.6249246,48.5359366],[16.6251971,48.5350618],[16.6253404,48.5350813],[16.6257266,48.5338401],[16.6242256,48.5336353]]]},"properties":{"voltage":"","name":""}},{"type":"Feature","geometry":{"type":"Polygon","coordinates":[[[16.1859086,48.1353021],[16.1858379,48.1352927],[16.1858269,48.1353299],[16.1858976,48.1353392],[16.1859086,48.1353021]]]},"properties":{"voltage":"20000","name":""}},{"type":"Feature","geometry":{"type":"Polygon","coordinates":[[[16.1136397,48.2784345],[16.1136582,48.2784093],[16.1136973,48.2784208],[16.1136781,48.2784481],[16.1136397,48.2784345]]]},"properties":{"voltage":"","name":""}},{"type":"Feature","geometry":{"type":"Polygon","coordinates":[[[16.5701114,48.357636],[16.5701211,48.3576553],[16.5701723,48.3576438],[16.5701626,48.3576246],[16.5701114,48.357636]]]},"properties":{"voltage":"","name":"TST Gro\u00df Engersdorf Mitte"}},{"type":"Feature","geometry":{"type":"Polygon","coordinates":[[[16.5701786,48.3532974],[16.5701685,48.3532673],[16.57025,48.3532576],[16.5702589,48.3532863],[16.5701786,48.3532974]]]},"properties":{"voltage":"","name":"TST Gro\u00dfengersdorf Lagerhausgasse"}},{"type":"Feature","geometry":{"type":"Polygon","coordinates":[[[16.3423566,48.2186406],[16.3426157,48.2185967],[16.3425769,48.2185014],[16.3423186,48.2185473],[16.3423566,48.2186406]]]},"properties":{"voltage":"","name":""}},{"type":"Feature","geometry":{"type":"Polygon","coordinates":[[[16.1440008,48.1411305],[16.1439619,48.1411656],[16.1439908,48.1411798],[16.1440296,48.1411448],[16.1440008,48.1411305]]]},"properties":{"voltage":"20000","name":""}},{"type":"Feature","geometry":{"type":"Polygon","coordinates":[[[17.0503856,48.1512483],[17.0503843,48.1512301],[17.0504279,48.1512287],[17.0504292,48.1512469],[17.0503856,48.1512483]]]},"properties":{"voltage":"","name":"TS-1099"}},{"type":"Feature","geometry":{"type":"Polygon","coordinates":[[[16.5425089,48.1303032],[16.542575,48.1303752],[16.5426223,48.1303559],[16.5425562,48.1302839],[16.5425089,48.1303032]]]},"properties":{"voltage":"20000;400","name":""}},{"type":"Feature","geometry":{"type":"Polygon","coordinates":[[[16.4272633,48.282234],[16.4272619,48.2821763],[16.4273105,48.2821757],[16.427312,48.2822335],[16.4272633,48.282234]]]},"properties":{"voltage":"","name":""}},{"type":"Feature","geometry":{"type":"Polygon","coordinates":[[[16.2162781,48.0085236],[16.2162694,48.0085549],[16.2163751,48.0085681],[16.2163839,48.0085369],[16.2162781,48.0085236]]]},"properties":{"voltage":"20000","name":""}},{"type":"Feature","geometry":{"type":"Polygon","coordinates":[[[16.3946986,48.1846955],[16.3947286,48.1847186],[16.3946781,48.1847477],[16.3946481,48.1847246],[16.3946986,48.1846955]]]},"properties":{"voltage":"","name":""}},{"type":"Feature","geometry":{"type":"Polygon","coordinates":[[[16.4134399,48.3365398],[16.4136239,48.3364972],[16.413642,48.3365371],[16.4134566,48.3365778],[16.4134399,48.3365398]]]},"properties":{"voltage":"","name":""}},{"type":"Feature","geometry":{"type":"Polygon","coordinates":[[[16.4888582,48.2399875],[16.4888764,48.2399499],[16.4890251,48.2399817],[16.4890069,48.2400194],[16.4888582,48.2399875]]]},"properties":{"voltage":"","name":""}},{"type":"Feature","geometry":{"type":"Polygon","coordinates":[[[17.5214707,48.3052008],[17.5214998,48.3052197],[17.5215299,48.3051992],[17.5215008,48.3051803],[17.5214707,48.3052008]]]},"properties":{"voltage":"","name":""}},{"type":"Feature","geometry":{"type":"Polygon","coordinates":[[[17.3970186,48.3620282],[17.3970428,48.3620094],[17.3970763,48.3620284],[17.3970521,48.3620472],[17.3970186,48.3620282]]]},"properties":{"voltage":"","name":"Ts-8-2"}},{"type":"Feature","geometry":{"type":"Polygon","coordinates":[[[16.3408974,48.2952814],[16.3409382,48.2952386],[16.3410281,48.2952765],[16.3409872,48.2953193],[16.3408974,48.2952814]]]},"properties":{"voltage":"","name":""}},{"type":"Feature","geometry":{"type":"Polygon","coordinates":[[[16.1241245,48.1847594],[16.1241557,48.1847357],[16.1242046,48.1847645],[16.1241734,48.1847881],[16.1241245,48.1847594]]]},"properties":{"voltage":"20000","name":""}},{"type":"Feature","geometry":{"type":"Polygon","coordinates":[[[16.1418691,48.1969913],[16.1419172,48.1969983],[16.1419341,48.1969468],[16.1418861,48.1969398],[16.1418691,48.1969913]]]},"properties":{"voltage":"20000","name":""}},{"type":"Feature","geometry":{"type":"Polygon","coordinates":[[[18.8518527,48.567996],[18.8520581,48.5678256],[18.8514849,48.5675264],[18.8512733,48.5676887],[18.8518527,48.567996]]]},"properties":{"voltage":"","name":""}},{"type":"Feature","geometry":{"type":"Polygon","coordinates":[[[16.3941852,48.1236586],[16.394247,48.1236468],[16.3942281,48.1236025],[16.3941663,48.1236142],[16.3941852,48.1236586]]]},"properties":{"voltage":"20000","name":""}},{"type":"Feature","geometry":{"type":"Polygon","coordinates":[[[16.3965304,48.1175348],[16.3965717,48.1175385],[16.3965816,48.117489],[16.3965403,48.1174853],[16.3965304,48.1175348]]]},"properties":{"voltage":"20000","name":""}},{"type":"Feature","geometry":{"type":"Polygon","coordinates":[[[16.3910181,48.116753],[16.3910823,48.1167354],[16.3910518,48.1166858],[16.3909876,48.1167034],[16.3910181,48.116753]]]},"properties":{"voltage":"20000","name":""}},{"type":"Feature","geometry":{"type":"Polygon","coordinates":[[[16.1550317,48.2717759],[16.1550218,48.2717337],[16.1550664,48.2717291],[16.1550762,48.2717713],[16.1550317,48.2717759]]]},"properties":{"voltage":"","name":""}},{"type":"Feature","geometry":{"type":"Polygon","coordinates":[[[16.3865722,48.1139227],[16.3866129,48.1139137],[16.3865936,48.1138751],[16.3865529,48.1138841],[16.3865722,48.1139227]]]},"properties":{"voltage":"20000","name":""}},{"type":"Feature","geometry":{"type":"Polygon","coordinates":[[[16.3900574,48.1114981],[16.3901446,48.1114712],[16.3901727,48.1115118],[16.3900855,48.1115387],[16.3900574,48.1114981]]]},"properties":{"voltage":"20000","name":""}},{"type":"Feature","geometry":{"type":"Polygon","coordinates":[[[16.3877657,48.111099],[16.3877399,48.1110555],[16.3877,48.111066],[16.3877258,48.1111096],[16.3877657,48.111099]]]},"properties":{"voltage":"20000","name":""}},{"type":"Feature","geometry":{"type":"Polygon","coordinates":[[[16.3903112,48.1087192],[16.3903469,48.1087651],[16.3903069,48.1087789],[16.3902712,48.108733],[16.3903112,48.1087192]]]},"properties":{"voltage":"20000","name":""}},{"type":"Feature","geometry":{"type":"Polygon","coordinates":[[[16.3986359,48.1081422],[16.3986984,48.1081431],[16.3986989,48.1081265],[16.3986364,48.1081256],[16.3986359,48.1081422]]]},"properties":{"voltage":"20000","name":""}},{"type":"Feature","geometry":{"type":"Polygon","coordinates":[[[16.3975364,48.1089632],[16.3976058,48.1089457],[16.3976125,48.108944],[16.3976368,48.1089869],[16.3975607,48.1090062],[16.3975364,48.1089632]]]},"properties":{"voltage":"20000","name":""}},{"type":"Feature","geometry":{"type":"Polygon","coordinates":[[[16.3961142,48.1134794],[16.3961716,48.113463],[16.3961458,48.1134228],[16.3960884,48.1134392],[16.3961142,48.1134794]]]},"properties":{"voltage":"20000","name":""}},{"type":"Feature","geometry":{"type":"Polygon","coordinates":[[[16.4012524,48.1147313],[16.4012047,48.1146993],[16.4012537,48.1146667],[16.4013013,48.1146987],[16.4012524,48.1147313]]]},"properties":{"voltage":"20000","name":""}},{"type":"Feature","geometry":{"type":"Polygon","coordinates":[[[16.4102104,48.1003131],[16.4102735,48.1003072],[16.4102635,48.1002605],[16.4102005,48.1002665],[16.4102104,48.1003131]]]},"properties":{"voltage":"20000","name":""}},{"type":"Feature","geometry":{"type":"Polygon","coordinates":[[[16.4504049,48.0986435],[16.4504212,48.0986392],[16.4504076,48.0986165],[16.4503913,48.0986208],[16.4504049,48.0986435]]]},"properties":{"voltage":"20000","name":""}},{"type":"Feature","geometry":{"type":"Polygon","coordinates":[[[16.4548681,48.0986733],[16.4548956,48.0987131],[16.4549729,48.0986893],[16.4549454,48.0986495],[16.4548681,48.0986733]]]},"properties":{"voltage":"20000","name":""}},{"type":"Feature","geometry":{"type":"Polygon","coordinates":[[[16.2953415,48.3387558],[16.2953657,48.3387239],[16.2952542,48.3386864],[16.2952299,48.3387183],[16.2953415,48.3387558]]]},"properties":{"voltage":"10000","name":""}},{"type":"Feature","geometry":{"type":"Polygon","coordinates":[[[16.271969,48.3504182],[16.2720384,48.350417],[16.2720368,48.3503762],[16.2719674,48.3503774],[16.271969,48.3504182]]]},"properties":{"voltage":"10000","name":""}},{"type":"Feature","geometry":{"type":"Polygon","coordinates":[[[16.2544694,48.3504734],[16.2544691,48.350489],[16.2545188,48.3504894],[16.254519,48.3504738],[16.2544694,48.3504734]]]},"properties":{"voltage":"20000","name":""}},{"type":"Feature","geometry":{"type":"Polygon","coordinates":[[[16.2812066,48.3310212],[16.2812068,48.331035],[16.2812383,48.3310348],[16.2812381,48.331021],[16.2812066,48.3310212]]]},"properties":{"voltage":"10000","name":""}},{"type":"Feature","geometry":{"type":"Polygon","coordinates":[[[17.1535781,48.1681007],[17.1536021,48.1680752],[17.1535777,48.168065],[17.1535536,48.1680904],[17.1535781,48.1681007]]]},"properties":{"voltage":"","name":"TS-2152"}},{"type":"Feature","geometry":{"type":"Polygon","coordinates":[[[16.4001821,48.2675912],[16.4002382,48.2675811],[16.4002113,48.2675152],[16.4001552,48.2675254],[16.4001821,48.2675912]]]},"properties":{"voltage":"","name":""}},{"type":"Feature","geometry":{"type":"Polygon","coordinates":[[[16.6032958,48.0397922],[16.6033221,48.0397865],[16.6033078,48.0397571],[16.6032815,48.0397627],[16.6032958,48.0397922]]]},"properties":{"voltage":"20000","name":""}},{"type":"Feature","geometry":{"type":"Polygon","coordinates":[[[16.6019012,48.0475114],[16.601942,48.0474922],[16.6019709,48.0475197],[16.6019301,48.0475388],[16.6019012,48.0475114]]]},"properties":{"voltage":"20000","name":""}},{"type":"Feature","geometry":{"type":"Polygon","coordinates":[[[16.600503,48.0517067],[16.6004937,48.0516864],[16.6004576,48.0516938],[16.6004611,48.0517014],[16.600467,48.0517141],[16.6004801,48.0517114],[16.600503,48.0517067]]]},"properties":{"voltage":"20000","name":""}},{"type":"Feature","geometry":{"type":"Polygon","coordinates":[[[17.2714177,48.2843572],[17.2714356,48.2843334],[17.2714005,48.2843218],[17.2713826,48.2843455],[17.2714177,48.2843572]]]},"properties":{"voltage":"","name":"Ts-52-104"}},{"type":"Feature","geometry":{"type":"Polygon","coordinates":[[[16.3093659,48.0910086],[16.3093554,48.0910187],[16.3093705,48.0910257],[16.309381,48.0910157],[16.3093659,48.0910086]]]},"properties":{"voltage":"20000","name":""}},{"type":"Feature","geometry":{"type":"Polygon","coordinates":[[[16.3113614,48.0841816],[16.3114235,48.0841729],[16.3114099,48.0841299],[16.3113479,48.0841386],[16.3113614,48.0841816]]]},"properties":{"voltage":"20000","name":""}},{"type":"Feature","geometry":{"type":"Polygon","coordinates":[[[16.1493117,48.1334434],[16.1493293,48.1334477],[16.1493336,48.1334399],[16.1493159,48.1334357],[16.1493117,48.1334434]]]},"properties":{"voltage":"20000","name":""}},{"type":"Feature","geometry":{"type":"Polygon","coordinates":[[[16.2719802,48.1389493],[16.2719557,48.1389164],[16.2721338,48.1388573],[16.2721583,48.1388903],[16.2719802,48.1389493]]]},"properties":{"voltage":"20000","name":""}},{"type":"Feature","geometry":{"type":"Polygon","coordinates":[[[16.1847987,48.1278525],[16.1848455,48.1278687],[16.1848712,48.1278356],[16.1848244,48.1278195],[16.1847987,48.1278525]]]},"properties":{"voltage":"20000","name":""}},{"type":"Feature","geometry":{"type":"Polygon","coordinates":[[[16.1754764,48.12262],[16.1755102,48.1226321],[16.1755289,48.1226088],[16.175495,48.1225967],[16.1754764,48.12262]]]},"properties":{"voltage":"20000","name":""}},{"type":"Feature","geometry":{"type":"Polygon","coordinates":[[[16.4199867,48.1614186],[16.4199462,48.1613914],[16.4198771,48.1614413],[16.4199231,48.1614673],[16.4199867,48.1614186]]]},"properties":{"voltage":"","name":""}},{"type":"Feature","geometry":{"type":"Polygon","coordinates":[[[16.3369908,48.1411384],[16.3370561,48.1411275],[16.3370498,48.1411106],[16.3369845,48.1411215],[16.3369908,48.1411384]]]},"properties":{"voltage":"","name":""}},{"type":"Feature","geometry":{"type":"Polygon","coordinates":[[[16.1632584,48.2465162],[16.1633174,48.2464948],[16.1632863,48.2464569],[16.1632273,48.2464783],[16.1632584,48.2465162]]]},"properties":{"voltage":"20000","name":""}},{"type":"Feature","geometry":{"type":"Polygon","coordinates":[[[16.1616828,48.2437703],[16.1617442,48.2437482],[16.1617126,48.2437092],[16.1616511,48.2437312],[16.1616828,48.2437703]]]},"properties":{"voltage":"20000","name":""}},{"type":"Feature","geometry":{"type":"Polygon","coordinates":[[[16.1739654,48.2412869],[16.1740343,48.2412787],[16.1740215,48.2412307],[16.1739526,48.2412389],[16.1739654,48.2412869]]]},"properties":{"voltage":"20000","name":""}},{"type":"Feature","geometry":{"type":"Polygon","coordinates":[[[16.1765104,48.2406806],[16.1764968,48.2406417],[16.1764105,48.240655],[16.176424,48.2406939],[16.1765104,48.2406806]]]},"properties":{"voltage":"20000","name":""}},{"type":"Feature","geometry":{"type":"Polygon","coordinates":[[[16.1819563,48.237811],[16.1819664,48.2377933],[16.1819245,48.2377826],[16.1819144,48.2378003],[16.1819563,48.237811]]]},"properties":{"voltage":"20000","name":""}},{"type":"Feature","geometry":{"type":"Polygon","coordinates":[[[16.4020082,48.1409154],[16.4020174,48.1409313],[16.4020583,48.1409208],[16.4020491,48.1409049],[16.4020082,48.1409154]]]},"properties":{"voltage":"","name":""}},{"type":"Feature","geometry":{"type":"Polygon","coordinates":[[[16.109161,48.1807103],[16.1092136,48.1807066],[16.1092086,48.1806751],[16.1091561,48.1806787],[16.109161,48.1807103]]]},"properties":{"voltage":"20000","name":""}},{"type":"Feature","geometry":{"type":"Polygon","coordinates":[[[16.1037673,48.1846675],[16.1038179,48.1846778],[16.1038385,48.1846327],[16.1037879,48.1846224],[16.1037673,48.1846675]]]},"properties":{"voltage":"20000","name":""}},{"type":"Feature","geometry":{"type":"Polygon","coordinates":[[[16.1034225,48.1891744],[16.1034563,48.1891666],[16.1034342,48.189124],[16.1034004,48.1891318],[16.1034225,48.1891744]]]},"properties":{"voltage":"20000","name":""}},{"type":"Feature","geometry":{"type":"Polygon","coordinates":[[[16.3116656,48.0791755],[16.3116458,48.079111],[16.3117119,48.0791048],[16.3117304,48.0791644],[16.3116656,48.0791755]]]},"properties":{"voltage":"","name":""}},{"type":"Feature","geometry":{"type":"Polygon","coordinates":[[[16.257485,48.0072561],[16.2575035,48.0071867],[16.257406,48.007175],[16.2573874,48.0072444],[16.257485,48.0072561]]]},"properties":{"voltage":"","name":""}},{"type":"Feature","geometry":{"type":"Polygon","coordinates":[[[16.4284044,48.1849368],[16.4284355,48.1849812],[16.4284702,48.1849705],[16.4284391,48.184926],[16.4284044,48.1849368]]]},"properties":{"voltage":"","name":""}},{"type":"Feature","geometry":{"type":"Polygon","coordinates":[[[16.4890546,48.2429407],[16.4890723,48.2429922],[16.4890417,48.2429968],[16.4890235,48.2429454],[16.4890546,48.2429407]]]},"properties":{"voltage":"","name":""}},{"type":"Feature","geometry":{"type":"Polygon","coordinates":[[[16.4074636,48.1772066],[16.4074446,48.1771619],[16.4073858,48.177173],[16.4074048,48.1772177],[16.4074636,48.1772066]]]},"properties":{"voltage":"","name":""}},{"type":"Feature","geometry":{"type":"Polygon","coordinates":[[[17.3418885,48.0376184],[17.3419214,48.0376296],[17.3419018,48.0376554],[17.3418688,48.0376442],[17.3418885,48.0376184]]]},"properties":{"voltage":"","name":""}},{"type":"Feature","geometry":{"type":"Polygon","coordinates":[[[17.3435651,48.0618179],[17.3436017,48.0618031],[17.3435826,48.0617821],[17.3435461,48.0617969],[17.3435651,48.0618179]]]},"properties":{"voltage":"","name":""}},{"type":"Feature","geometry":{"type":"Polygon","coordinates":[[[16.3024423,48.2293969],[16.3024313,48.2293759],[16.3024531,48.2293709],[16.302464,48.2293918],[16.3024423,48.2293969]]]},"properties":{"voltage":"","name":""}},{"type":"Feature","geometry":{"type":"Polygon","coordinates":[[[16.3283313,48.1525547],[16.3283507,48.1525864],[16.3283814,48.1525781],[16.328362,48.1525464],[16.3283313,48.1525547]]]},"properties":{"voltage":"","name":""}},{"type":"Feature","geometry":{"type":"Polygon","coordinates":[[[16.5489366,48.1944145],[16.5489131,48.1943747],[16.548966,48.1943608],[16.5489895,48.1944006],[16.5489366,48.1944145]]]},"properties":{"voltage":"","name":""}},{"type":"Feature","geometry":{"type":"Polygon","coordinates":[[[16.322546,48.3415482],[16.3226011,48.341582],[16.3225549,48.3416153],[16.3224997,48.3415816],[16.322546,48.3415482]]]},"properties":{"voltage":"20000;400","name":"TST Korneuburg Schiffwerft Wohnsiedl."}},{"type":"Feature","geometry":{"type":"Polygon","coordinates":[[[16.2807447,48.1923624],[16.2807392,48.1923305],[16.2808545,48.1923218],[16.28086,48.1923537],[16.2807447,48.1923624]]]},"properties":{"voltage":"","name":""}},{"type":"Feature","geometry":{"type":"Polygon","coordinates":[[[19.3110758,48.0239818],[19.3112435,48.0236391],[19.3117045,48.02374],[19.3116584,48.0238343],[19.3115369,48.0240827],[19.3110758,48.0239818]]]},"properties":{"voltage":"","name":""}},{"type":"Feature","geometry":{"type":"Polygon","coordinates":[[[16.4494749,48.2594755],[16.4495168,48.2595364],[16.4494628,48.2595528],[16.4494209,48.2594919],[16.4494749,48.2594755]]]},"properties":{"voltage":"","name":""}},{"type":"Feature","geometry":{"type":"Polygon","coordinates":[[[20.4152037,48.3035673],[20.4151929,48.3031409],[20.4151858,48.3028631],[20.415885,48.3028527],[20.4158827,48.3031261],[20.4164054,48.3031157],[20.4164211,48.3035525],[20.4152037,48.3035673]]]},"properties":{"voltage":"","name":""}},{"type":"Feature","geometry":{"type":"Polygon","coordinates":[[[21.2488917,48.5367025],[21.2488843,48.5366908],[21.2489196,48.5366811],[21.2489269,48.5366928],[21.2488917,48.5367025]]]},"properties":{"voltage":"","name":""}},{"type":"Feature","geometry":{"type":"Polygon","coordinates":[[[17.0624991,48.152415],[17.0625548,48.1524334],[17.0625737,48.1524079],[17.062518,48.1523896],[17.0624991,48.152415]]]},"properties":{"voltage":"","name":"TS-1130"}},{"type":"Feature","geometry":{"type":"Polygon","coordinates":[[[16.4626581,48.2670732],[16.4626126,48.267107],[16.4626378,48.267122],[16.4626833,48.2670882],[16.4626581,48.2670732]]]},"properties":{"voltage":"","name":""}},{"type":"Feature","geometry":{"type":"Polygon","coordinates":[[[16.567046,48.2453652],[16.567079,48.245355],[16.5670539,48.245319],[16.5670209,48.2453292],[16.567046,48.2453652]]]},"properties":{"voltage":"20000","name":""}},{"type":"Feature","geometry":{"type":"Polygon","coordinates":[[[16.4675526,48.2670851],[16.4674969,48.2671261],[16.46754,48.267152],[16.4675957,48.267111],[16.4675526,48.2670851]]]},"properties":{"voltage":"","name":""}},{"type":"Feature","geometry":{"type":"Polygon","coordinates":[[[16.4670202,48.2664755],[16.4670227,48.2664814],[16.46708,48.2664705],[16.4670526,48.2664065],[16.4669953,48.2664174],[16.4670063,48.2664431],[16.4670202,48.2664755]]]},"properties":{"voltage":"","name":""}},{"type":"Feature","geometry":{"type":"Polygon","coordinates":[[[16.4650666,48.2677934],[16.465113,48.2677735],[16.4651494,48.2678092],[16.4651041,48.2678291],[16.4650666,48.2677934]]]},"properties":{"voltage":"","name":""}},{"type":"Feature","geometry":{"type":"Polygon","coordinates":[[[16.4638993,48.2658519],[16.4638707,48.2658116],[16.4639062,48.2658004],[16.4639348,48.2658407],[16.4638993,48.2658519]]]},"properties":{"voltage":"","name":""}},{"type":"Feature","geometry":{"type":"Polygon","coordinates":[[[16.4693057,48.2587749],[16.4693306,48.2588175],[16.469364,48.2588089],[16.4693391,48.2587663],[16.4693057,48.2587749]]]},"properties":{"voltage":"","name":""}},{"type":"Feature","geometry":{"type":"Polygon","coordinates":[[[16.3776525,48.2874884],[16.3775748,48.2874678],[16.377583,48.2874549],[16.377589,48.2874564],[16.3776041,48.2874329],[16.3776763,48.2874514],[16.3776525,48.2874884]]]},"properties":{"voltage":"","name":""}},{"type":"Feature","geometry":{"type":"Polygon","coordinates":[[[21.701635,48.3146104],[21.7016924,48.3142009],[21.7028064,48.3142664],[21.7027496,48.3146852],[21.7027127,48.3149572],[21.701924,48.3149059],[21.7019615,48.3146319],[21.701635,48.3146104]]]},"properties":{"voltage":"132000","name":""}},{"type":"Feature","geometry":{"type":"Polygon","coordinates":[[[16.3618989,48.1565116],[16.3618764,48.1564635],[16.3619641,48.1564453],[16.3619866,48.1564934],[16.3618989,48.1565116]]]},"properties":{"voltage":"","name":""}},{"type":"Feature","geometry":{"type":"Polygon","coordinates":[[[16.3637977,48.3063185],[16.3637751,48.3062946],[16.3638222,48.3062749],[16.3638448,48.3062989],[16.3637977,48.3063185]]]},"properties":{"voltage":"","name":""}},{"type":"Feature","geometry":{"type":"Polygon","coordinates":[[[16.2961935,48.0803796],[16.2961985,48.0804103],[16.2963445,48.0803964],[16.2963404,48.0803662],[16.2961935,48.0803796]]]},"properties":{"voltage":"20000","name":""}},{"type":"Feature","geometry":{"type":"Polygon","coordinates":[[[16.2983101,48.080362],[16.2983154,48.0802954],[16.2982639,48.0802934],[16.298259,48.080362],[16.2983101,48.080362]]]},"properties":{"voltage":"20000","name":""}},{"type":"Feature","geometry":{"type":"Polygon","coordinates":[[[16.2984363,48.0786248],[16.2984666,48.0786242],[16.2984679,48.0785923],[16.2984384,48.078593],[16.2984363,48.0786248]]]},"properties":{"voltage":"20000","name":""}},{"type":"Feature","geometry":{"type":"Polygon","coordinates":[[[16.4499099,48.0740184],[16.4498622,48.0740006],[16.4499378,48.0739099],[16.4499856,48.0739277],[16.4499099,48.0740184]]]},"properties":{"voltage":"","name":""}},{"type":"Feature","geometry":{"type":"Polygon","coordinates":[[[16.4464374,48.0765676],[16.4464587,48.0765549],[16.4464793,48.0765426],[16.4465158,48.0765699],[16.4464739,48.0765949],[16.4464374,48.0765676]]]},"properties":{"voltage":"","name":""}},{"type":"Feature","geometry":{"type":"Polygon","coordinates":[[[16.4495297,48.0794761],[16.4495334,48.079425],[16.4495766,48.0794264],[16.4495729,48.0794775],[16.4495297,48.0794761]]]},"properties":{"voltage":"","name":""}},{"type":"Feature","geometry":{"type":"Polygon","coordinates":[[[16.4495506,48.0793879],[16.4495557,48.0792807],[16.4495908,48.0792815],[16.4495858,48.0793887],[16.4495506,48.0793879]]]},"properties":{"voltage":"","name":""}},{"type":"Feature","geometry":{"type":"Polygon","coordinates":[[[16.4492337,48.079229],[16.4492111,48.0791898],[16.4492951,48.0791681],[16.4493178,48.0792073],[16.4492337,48.079229]]]},"properties":{"voltage":"","name":""}},{"type":"Feature","geometry":{"type":"Polygon","coordinates":[[[16.44499,48.0855266],[16.4450439,48.0855117],[16.44502,48.085473],[16.4449661,48.0854878],[16.44499,48.0855266]]]},"properties":{"voltage":"","name":""}},{"type":"Feature","geometry":{"type":"Polygon","coordinates":[[[16.4443769,48.0887127],[16.444438,48.0886938],[16.4444229,48.0886719],[16.4443618,48.0886908],[16.4443769,48.0887127]]]},"properties":{"voltage":"","name":""}},{"type":"Feature","geometry":{"type":"Polygon","coordinates":[[[16.4355778,48.0769652],[16.4355788,48.0769302],[16.4356281,48.0769309],[16.435627,48.0769658],[16.4355778,48.0769652]]]},"properties":{"voltage":"","name":""}},{"type":"Feature","geometry":{"type":"Polygon","coordinates":[[[16.4405059,48.0873344],[16.4403627,48.0872435],[16.4403937,48.0872218],[16.4405368,48.0873127],[16.4405059,48.0873344]]]},"properties":{"voltage":"","name":""}},{"type":"Feature","geometry":{"type":"Polygon","coordinates":[[[16.4443457,48.0786569],[16.4443049,48.0786256],[16.4443572,48.0785961],[16.4443985,48.0786278],[16.4443457,48.0786569]]]},"properties":{"voltage":"","name":""}},{"type":"Feature","geometry":{"type":"Polygon","coordinates":[[[16.3911889,48.2289612],[16.3912229,48.2289335],[16.3911061,48.2288708],[16.3910688,48.2288998],[16.3911889,48.2289612]]]},"properties":{"voltage":"","name":""}},{"type":"Feature","geometry":{"type":"Polygon","coordinates":[[[16.4453234,48.0829728],[16.4454149,48.0829805],[16.4454202,48.0829527],[16.4453287,48.082945],[16.4453234,48.0829728]]]},"properties":{"voltage":"","name":""}},{"type":"Feature","geometry":{"type":"Polygon","coordinates":[[[16.4485404,48.0873489],[16.4484963,48.0872965],[16.4485261,48.0872853],[16.4485702,48.0873377],[16.4485404,48.0873489]]]},"properties":{"voltage":"","name":""}},{"type":"Feature","geometry":{"type":"Polygon","coordinates":[[[16.4501644,48.0876671],[16.4501641,48.0876188],[16.4502741,48.0876184],[16.4502744,48.0876668],[16.4501644,48.0876671]]]},"properties":{"voltage":"","name":""}},{"type":"Feature","geometry":{"type":"Polygon","coordinates":[[[16.4385499,48.0842958],[16.4385322,48.084257],[16.438591,48.084245],[16.4386087,48.0842839],[16.4385499,48.0842958]]]},"properties":{"voltage":"","name":""}},{"type":"Feature","geometry":{"type":"Polygon","coordinates":[[[16.4358724,48.0813191],[16.4358735,48.0813099],[16.4358761,48.0812875],[16.4359408,48.0812909],[16.4359383,48.0813123],[16.4359371,48.0813225],[16.4358724,48.0813191]]]},"properties":{"voltage":"20000;400","name":""}},{"type":"Feature","geometry":{"type":"Polygon","coordinates":[[[16.4444267,48.0886615],[16.4444549,48.088653],[16.444446,48.0886398],[16.4444178,48.0886483],[16.4444267,48.0886615]]]},"properties":{"voltage":"","name":""}},{"type":"Feature","geometry":{"type":"Polygon","coordinates":[[[16.4395997,48.1561123],[16.4396738,48.156205],[16.4397221,48.1561878],[16.4396481,48.1560951],[16.4395997,48.1561123]]]},"properties":{"voltage":"","name":""}},{"type":"Feature","geometry":{"type":"Polygon","coordinates":[[[16.2123523,48.0782656],[16.2123351,48.0782495],[16.2123469,48.0782438],[16.2123641,48.0782599],[16.2123523,48.0782656]]]},"properties":{"voltage":"","name":""}},{"type":"Feature","geometry":{"type":"Polygon","coordinates":[[[16.6718003,48.1511542],[16.6718222,48.1511395],[16.6718558,48.1511618],[16.6718338,48.1511765],[16.6718003,48.1511542]]]},"properties":{"voltage":"20000","name":""}},{"type":"Feature","geometry":{"type":"Polygon","coordinates":[[[16.6198844,48.1719022],[16.6199442,48.1719245],[16.6199806,48.1718812],[16.6199208,48.1718589],[16.6198844,48.1719022]]]},"properties":{"voltage":"20000","name":""}},{"type":"Feature","geometry":{"type":"Polygon","coordinates":[[[16.6169895,48.1742251],[16.6170399,48.1742582],[16.6170812,48.1742303],[16.6170307,48.1741972],[16.6169895,48.1742251]]]},"properties":{"voltage":"20000","name":""}},{"type":"Feature","geometry":{"type":"Polygon","coordinates":[[[17.1272129,48.1295681],[17.127366,48.1295616],[17.1279893,48.129543],[17.1279873,48.129501],[17.1279854,48.1294678],[17.1286362,48.1294368],[17.1286723,48.1298695],[17.1285669,48.1298724],[17.1285742,48.1299902],[17.1272642,48.1300519],[17.1272153,48.1295811],[17.1272129,48.1295681]]]},"properties":{"voltage":"","name":""}},{"type":"Feature","geometry":{"type":"Polygon","coordinates":[[[16.3369967,48.086569],[16.3369946,48.0865426],[16.337061,48.0865403],[16.3370631,48.0865667],[16.3369967,48.086569]]]},"properties":{"voltage":"","name":""}},{"type":"Feature","geometry":{"type":"Polygon","coordinates":[[[17.0495863,48.4420889],[17.0496534,48.4420951],[17.0496601,48.4420666],[17.0495957,48.4420595],[17.0495863,48.4420889]]]},"properties":{"voltage":"","name":""}},{"type":"Feature","geometry":{"type":"Polygon","coordinates":[[[16.2078933,48.0072731],[16.2079501,48.0072417],[16.2078949,48.007197],[16.2078381,48.0072284],[16.2078933,48.0072731]]]},"properties":{"voltage":"20000","name":""}},{"type":"Feature","geometry":{"type":"MultiPolygon","coordinates":[[[[16.377452,48.182071],[16.3778535,48.18229],[16.3772596,48.1827793],[16.3772348,48.1827909],[16.377205,48.1827909],[16.3771801,48.1827893],[16.3771453,48.182776],[16.3771329,48.1827594],[16.3771279,48.1827296],[16.3772164,48.1823222],[16.3772058,48.1823146],[16.3772004,48.1823048],[16.377201,48.1822944],[16.3772075,48.182285],[16.377219,48.1822779],[16.3772265,48.182276],[16.3772807,48.1820106],[16.3772902,48.1820022],[16.3773024,48.181999],[16.3773192,48.1819998],[16.377452,48.182071]]],[[[16.3774628,48.1823904],[16.3773869,48.1823492],[16.3775836,48.1821879],[16.3776596,48.1822291],[16.3774628,48.1823904]]]]},"properties":{"voltage":"110000","name":"Umspannwerk Favoriten"}},{"type":"Feature","geometry":{"type":"MultiPolygon","coordinates":[[[[16.353879,48.1968729],[16.3537552,48.1963447],[16.3536053,48.1961654],[16.3534673,48.196217],[16.3534546,48.1962221],[16.3534639,48.1962622],[16.3533941,48.196268],[16.3533899,48.1962481],[16.3533857,48.1962433],[16.3533795,48.1962397],[16.3533718,48.1962377],[16.3533635,48.1962374],[16.3533556,48.1962389],[16.3533286,48.1962512],[16.3533429,48.196267],[16.3532794,48.1962925],[16.3534024,48.1964005],[16.3533439,48.196428],[16.3533771,48.1965651],[16.3534101,48.196593],[16.3532638,48.1966727],[16.3532869,48.1966927],[16.3532857,48.1967896],[16.3532692,48.1968063],[16.3535956,48.1969558],[16.3537031,48.1968913],[16.353879,48.1968729]]],[[[16.3535991,48.1968824],[16.3536628,48.196845],[16.3536937,48.1968424],[16.353691,48.1968278],[16.3535357,48.1968407],[16.3535053,48.1967047],[16.3534874,48.1967065],[16.3535059,48.196789],[16.3534648,48.1968217],[16.3535991,48.1968824]]]]},"properties":{"voltage":"110000;10000","name":"Umspannwerk Kaunitzgasse"}},{"type":"Feature","geometry":{"type":"MultiLineString","coordinates":[[[21.7017383,48.3941375],[21.7015467,48.3939273],[21.7016529,48.3935227]],[[21.7016529,48.3935227],[21.7016922,48.3934151],[21.7029076,48.3935359],[21.7032933,48.3937002],[21.7032307,48.393907]],[[21.7032307,48.393907],[21.7031142,48.3942911],[21.7017383,48.3941375]]]},"properties":{"voltage":"110000","name":"\u017dSR Bor\u0161a"}},{"type":"Feature","geometry":{"type":"MultiLineString","coordinates":[[[22.1763473,48.4408413],[22.1753526,48.4407705],[22.1754213,48.4403332]],[[22.1754213,48.4403332],[22.1763044,48.4404214],[22.1763473,48.4408413]]]},"properties":{"voltage":"110000","name":""}},{"type":"Feature","geometry":{"type":"MultiLineString","coordinates":[[[19.3152274,48.0719008],[19.3147418,48.0720458],[19.3143268,48.07217],[19.3137878,48.0714141]],[[19.3153193,48.0714504],[19.3149932,48.0715484],[19.3152274,48.0719008]],[[19.3161169,48.0712155],[19.3153193,48.0714504]],[[19.3137878,48.0714141],[19.3144831,48.071219],[19.3146866,48.0711619],[19.3146449,48.0711003],[19.3158072,48.0707554],[19.3161169,48.0712155]]]},"properties":{"voltage":"","name":"Balassagyarmat al\u00e1llom\u00e1s"}},{"type":"Feature","geometry":{"type":"MultiLineString","coordinates":[[[22.7056356,48.4241484],[22.7053586,48.4243081],[22.7053784,48.42434],[22.7044179,48.4251953]],[[22.7059077,48.4239997],[22.7056356,48.4241484]],[[22.7060922,48.4239632],[22.7059265,48.4239562],[22.7059077,48.4239997]],[[22.7062119,48.4240087],[22.7060969,48.423982],[22.7060922,48.4239632]],[[22.7067608,48.4246913],[22.7067326,48.4245507],[22.7062119,48.4240087]],[[22.7068106,48.4248405],[22.7067608,48.4246913]],[[22.7066748,48.4248474],[22.706679,48.4248598],[22.7068106,48.4248405]],[[22.7044179,48.4251953],[22.7044412,48.4252202],[22.7044675,48.4252484],[22.7051053,48.4250593],[22.7055055,48.4249868],[22.7063956,48.4248903],[22.7064175,48.4248631],[22.7066748,48.4248474]]]},"properties":{"voltage":"110000;35000;6000","name":"\u041c\u0443\u043a\u0430\u0447\u0435\u0432\u043e-1"}},{"type":"Feature","geometry":{"type":"MultiLineString","coordinates":[[[16.2475882,48.0025145],[16.2476995,48.002525],[16.247686,48.0025684]],[[16.247686,48.0025684],[16.247572,48.0025548]],[[16.247572,48.0025548],[16.2475882,48.0025145]]]},"properties":{"voltage":"","name":""}},{"type":"Feature","geometry":{"type":"MultiLineString","coordinates":[[[21.6714157,48.5748842],[21.6714347,48.5749623],[21.6716911,48.5749351],[21.67183,48.5755088],[21.6715072,48.575543]],[[21.6715072,48.575543],[21.6714967,48.5754998],[21.6713662,48.5755136],[21.6712188,48.574905],[21.6714157,48.5748842]]]},"properties":{"voltage":"","name":""}}]}