{"type":"FeatureCollection","features":[{"type":"Feature","geometry":{"type":"LineString","coordinates":[[20.1688802,44.6660491],[20.1689094,44.6669616],[20.1698526,44.6703863],[20.1709022,44.6749379],[20.1722221,44.6808483],[20.1737739,44.6872472],[20.1729478,44.6904278],[20.1721324,44.6934253],[20.171317,44.6964989],[20.1704373,44.6998316],[20.1695146,44.7031793],[20.1687314,44.7062295],[20.1679589,44.7089897],[20.1672401,44.7117118],[20.1671113,44.7142735],[20.167004,44.7170182],[20.166886,44.7201134],[20.1668002,44.7230102]]},"properties":{"voltage":"220000","name":""}},{"type":"Feature","geometry":{"type":"LineString","coordinates":[[19.714512,46.0403576],[19.7139434,46.0408529],[19.7144369,46.0415082],[19.7152446,46.0425719],[19.7177873,46.0424825],[19.7212739,46.0423486],[19.7254932,46.0421925],[19.7303116,46.0420252],[19.7354789,46.0418348],[19.7394485,46.0417007],[19.7425384,46.0421401],[19.7468756,46.0427966],[19.751261,46.0434058],[19.7542007,46.0438377],[19.7573228,46.0443143],[19.7616599,46.0449488],[19.7661338,46.0455817],[19.7708089,46.046243],[19.7752936,46.0468909],[19.7798426,46.0475983],[19.7842656,46.0482476],[19.7881065,46.0489178],[19.7928272,46.0497294],[19.7977088,46.0505857],[19.8028238,46.051448],[19.8077188,46.0522759],[19.8122866,46.0531084],[19.8165245,46.0538529],[19.8207731,46.0545826],[19.824842,46.0552319],[19.8293696,46.0560657],[19.8337228,46.0568237],[19.8381324,46.0575682],[19.8419948,46.0582342],[19.8450941,46.0582378],[19.8488776,46.0582418],[19.8528902,46.0582481],[19.856732,46.0582675],[19.8616917,46.0582711],[19.8671447,46.0582956],[19.8724678,46.0583117],[19.8776441,46.0583284],[19.8830111,46.0583574],[19.8876132,46.0583871],[19.8918404,46.0583574],[19.8961105,46.0583871],[19.9004911,46.0584035],[19.9040069,46.0584318],[19.907483,46.0584318],[19.9116887,46.0584616],[19.9159593,46.0584467],[19.9210555,46.0584616],[19.9260874,46.0584988],[19.931087,46.0584765],[19.9358613,46.0584988],[19.9399812,46.0584839],[19.9446483,46.0585286],[19.9487815,46.0585152],[19.9525259,46.0585077],[19.9564502,46.0585286],[19.9603338,46.0585286],[19.964679,46.0585584],[19.9690349,46.0585584],[19.9732942,46.0585509],[19.9769635,46.0585584],[19.9803324,46.0586105],[19.9852676,46.0585733],[19.9896879,46.0585733],[19.9936169,46.0585241],[19.9971834,46.0576483],[20.001641,46.0564473],[20.0062228,46.055214],[20.0098447,46.0543089],[20.0127969,46.0534786],[20.0179085,46.0521933],[20.0225521,46.0509275],[20.0267316,46.049836],[20.0306769,46.0487995],[20.0329583,46.0482086],[20.0336241,46.0483908]]},"properties":{"voltage":"110000","name":""}},{"type":"Feature","geometry":{"type":"LineString","coordinates":[[21.9716742,43.3032865],[21.971739,43.3040344],[21.9718506,43.305446],[21.9727827,43.3087077],[21.9736683,43.3116374],[21.9745807,43.314663],[21.9751544,43.3166888],[21.9729966,43.3189433],[21.9704316,43.3215536],[21.9675326,43.3245366],[21.9648679,43.3277088],[21.9621725,43.3300468],[21.9583267,43.3322945],[21.9541066,43.3347815],[21.9504477,43.3369183],[21.9464213,43.3392706],[21.9420641,43.3418473],[21.938169,43.3441099],[21.9354459,43.3457308],[21.9319646,43.3475967],[21.9288864,43.3491924],[21.924912,43.3513396],[21.919053,43.3544319],[21.9169265,43.355565],[21.9140131,43.3571252],[21.9100402,43.3592435],[21.9043208,43.3623133],[21.9000562,43.3645849],[21.8967896,43.3663207],[21.8927937,43.3684749],[21.8896461,43.3701408],[21.8871664,43.3723702],[21.8845627,43.3747249],[21.8822418,43.3768244],[21.8781901,43.3804787],[21.8756365,43.3828007],[21.8728947,43.3852416],[21.8682589,43.3894228],[21.8662455,43.3912317],[21.8637813,43.3934773],[21.8606009,43.39573],[21.8575111,43.3979467],[21.8546057,43.400017],[21.8518314,43.401995],[21.8486656,43.4042782],[21.8454036,43.4065977],[21.8403352,43.4063368],[21.836878,43.4062385],[21.8334954,43.4060523],[21.8291714,43.4058226],[21.8249542,43.4056227],[21.8215501,43.4054229],[21.8189549,43.4052797],[21.8134483,43.4074246],[21.8080989,43.409491],[21.8047194,43.4107409],[21.7998904,43.4126142],[21.7962727,43.4139751],[21.7932559,43.4151188],[21.7921794,43.4181537],[21.791258,43.4207533],[21.7903617,43.4233128],[21.7891752,43.4265944],[21.7864176,43.428841],[21.7828582,43.4317131],[21.7798785,43.4341247],[21.7767905,43.4366425],[21.7733557,43.4394473],[21.7702947,43.4419138],[21.7668545,43.443853],[21.7631001,43.4459849],[21.7598364,43.4478477],[21.7563589,43.4497982],[21.7541279,43.4491674],[21.7509542,43.4482181],[21.7480969,43.4473478],[21.7437207,43.4460692],[21.7387328,43.4446833],[21.7366842,43.4457592],[21.7347055,43.4454373],[21.7305822,43.4450407],[21.7265853,43.4447697],[21.7214044,43.4443912],[21.7159444,43.443959],[21.710353,43.4435327],[21.7044127,43.4431214],[21.6999338,43.4427756],[21.6954919,43.4438517],[21.6913209,43.4449068],[21.6835537,43.4467916],[21.6770919,43.4483848],[21.671112,43.44986],[21.6672164,43.4508379],[21.6626066,43.4519463],[21.6583278,43.4529958],[21.6537122,43.4541506],[21.6464488,43.4531111],[21.6426614,43.4525269],[21.6375134,43.4517223],[21.6309327,43.4508163],[21.6265031,43.4501904],[21.6212565,43.4493619],[21.6177219,43.4488314],[21.6132882,43.4509146],[21.6092591,43.4528045],[21.6072402,43.4537948],[21.6052744,43.4546498],[21.6009629,43.4566919],[21.5938342,43.4600312],[21.5883014,43.4624724],[21.5849674,43.4639366],[21.58266,43.4649032],[21.5746625,43.4684986],[21.5705962,43.4687985],[21.5655895,43.469225],[21.5607851,43.4695868],[21.5548079,43.4700215],[21.5494674,43.470444],[21.5463971,43.4706598],[21.5398121,43.4716967],[21.5292272,43.473374],[21.5179701,43.4751482],[21.5102628,43.4763476],[21.504991,43.4771695],[21.4971962,43.4773399],[21.4938076,43.4774067],[21.4860266,43.4775871],[21.4780994,43.477733],[21.4656821,43.478023],[21.4589111,43.4781357],[21.4384002,43.4798841],[21.4343011,43.4802327],[21.4223767,43.4841174],[21.4182451,43.4854939],[21.4142659,43.4867912],[21.4080378,43.4890995],[21.4048248,43.4904401],[21.3799366,43.5021337],[21.3748589,43.5049861],[21.3679364,43.508887],[21.3636043,43.511328],[21.3590982,43.5139034],[21.3555041,43.5158797],[21.3518777,43.5179725],[21.3491097,43.5195052],[21.3460198,43.5212479],[21.3400277,43.5231967],[21.3360902,43.5245269],[21.3319543,43.5259194],[21.3270303,43.5275915],[21.3230308,43.5289139],[21.3202842,43.529824],[21.3172838,43.530434]]},"properties":{"voltage":"220000","name":""}},{"type":"Feature","geometry":{"type":"LineString","coordinates":[[20.1708771,44.6662555],[20.170506,44.6670978]]},"properties":{"voltage":"220000","name":""}},{"type":"Feature","geometry":{"type":"LineString","coordinates":[[22.1591395,43.4012904],[22.1585185,43.4006487],[22.1581255,43.4001422],[22.1565728,43.3997658],[22.1524109,43.3985741],[22.1503036,43.3980105],[22.1465995,43.3969652],[22.1442548,43.3961022],[22.1408532,43.3947933],[22.1374846,43.3935865],[22.1352674,43.392765],[22.1315106,43.3913393],[22.1290119,43.390409],[22.1243841,43.3887083],[22.1218854,43.3877684],[22.1127971,43.3860732],[22.1088832,43.3853281],[22.1014392,43.3830264],[22.0986912,43.3821704]]},"properties":{"voltage":"","name":""}},{"type":"Feature","geometry":{"type":"LineString","coordinates":[[22.1584033,43.4013503],[22.1577499,43.4002044],[22.1580491,43.3990336],[22.1626697,43.3973684],[22.166729,43.3958506],[22.1695572,43.3947691],[22.1711779,43.3941493],[22.1832532,43.3895923],[22.1862298,43.3905126]]},"properties":{"voltage":"","name":""}},{"type":"Feature","geometry":{"type":"LineString","coordinates":[[22.1582656,43.4014521],[22.1570869,43.4012606],[22.1545891,43.4008826],[22.1531431,43.400677],[22.1505211,43.4015563],[22.1487884,43.402141],[22.1463154,43.4029283],[22.1447168,43.4034466],[22.1430037,43.4040209],[22.1428369,43.4040768],[22.1419675,43.4043683],[22.1396072,43.4051322],[22.1374131,43.405863],[22.1355651,43.4064865],[22.1338458,43.4070711],[22.13192,43.4077103],[22.1311073,43.4080006],[22.1309057,43.4080759]]},"properties":{"voltage":"","name":""}},{"type":"Feature","geometry":{"type":"LineString","coordinates":[[22.5731584,43.1635276],[22.5722486,43.1685365],[22.5691158,43.1721907],[22.5676674,43.1738573],[22.5636119,43.1787082],[22.5618899,43.1807853],[22.5589663,43.1841982],[22.5573248,43.1861461],[22.5537407,43.1904805],[22.5511736,43.193457],[22.5459354,43.1997218],[22.5423144,43.2020759],[22.5334417,43.2078825],[22.5304537,43.2097866],[22.5273155,43.2118119],[22.5259637,43.2128049],[22.521412,43.2157616],[22.5171285,43.2185011],[22.5156917,43.2194188],[22.513506,43.2201485],[22.5089012,43.2215799],[22.5058257,43.2227308],[22.5024085,43.2238879],[22.4977361,43.2254241],[22.4937021,43.2267961],[22.4899577,43.2280312],[22.4858906,43.2293747],[22.4817448,43.230779],[22.4807041,43.2322407],[22.4787461,43.2350547],[22.4767881,43.2378413],[22.4755435,43.2396507],[22.4712681,43.2457858],[22.4675237,43.2511858],[22.4639886,43.2562259],[22.4583452,43.2610957],[22.4527609,43.2658713],[22.4508511,43.2675275],[22.4482118,43.2698321],[22.4470853,43.2720819],[22.4458515,43.2745465],[22.4445533,43.2772023],[22.443416,43.2793542],[22.4406373,43.2848762],[22.4390548,43.2880587],[22.437483,43.2911708],[22.4366622,43.2929123],[22.4359058,43.2942281],[22.432258,43.3015426],[22.4299728,43.303315],[22.4266683,43.3056729],[22.4223231,43.3091003],[22.4199521,43.3108334],[22.4184608,43.3120278],[22.41683,43.3133315],[22.41477,43.3148674],[22.4131017,43.3160734],[22.4111866,43.3174785],[22.4077319,43.3201715],[22.4064713,43.3210691],[22.4033867,43.3234732],[22.4006187,43.3253151],[22.3983066,43.3272117],[22.3948144,43.3299082],[22.3923951,43.331707],[22.3840909,43.339971],[22.3767953,43.3472859],[22.3740696,43.3501976],[22.3716905,43.35262],[22.3701161,43.3541549],[22.3666225,43.3577326],[22.3639779,43.360377],[22.3608146,43.3635558],[22.3595674,43.3647453],[22.3577328,43.3648486],[22.3556085,43.3649559],[22.3541172,43.3660439],[22.3504935,43.3687425],[22.34886,43.3698871],[22.3445954,43.3730671],[22.3435922,43.373613],[22.3388957,43.3761359],[22.3362295,43.3775883],[22.3300886,43.3809151],[22.328651,43.3816949],[22.3250622,43.3836599],[22.32308,43.3847203],[22.3180214,43.387459],[22.3159909,43.3885409],[22.3131988,43.3892036],[22.3072456,43.3906177],[22.3035334,43.3914695],[22.2999875,43.3922959],[22.2951972,43.3934147],[22.2911202,43.3943639],[22.2880169,43.395087],[22.2840754,43.3960059],[22.2797973,43.3970038],[22.2759349,43.3972377],[22.2733385,43.3973916],[22.2682718,43.3976703],[22.2632748,43.397988],[22.2602399,43.3981761],[22.2548433,43.3985113],[22.2509434,43.3987471],[22.2497659,43.3987257],[22.2446268,43.3987354],[22.2338886,43.3986682],[22.2317241,43.3986526],[22.2273789,43.3986546],[22.223141,43.3986507],[22.2208558,43.398602],[22.2183667,43.3985299],[22.214161,43.3984227],[22.2091077,43.3985416],[22.2056154,43.3985104],[22.2014848,43.3984694],[22.1979872,43.3984753],[22.1951119,43.3984636],[22.19075,43.3984367],[22.1849611,43.3999493],[22.1828924,43.4005194],[22.1789956,43.4015385],[22.1753446,43.4025168],[22.1715828,43.4034695],[22.1675959,43.4029413],[22.1640125,43.4024738],[22.1595213,43.4018622]]},"properties":{"voltage":"","name":""}},{"type":"Feature","geometry":{"type":"LineString","coordinates":[[22.1594077,43.4019731],[22.1634703,43.4037498],[22.1648272,43.4043336],[22.1675082,43.4058307],[22.1700367,43.4072114],[22.172499,43.408608],[22.176027,43.4105597],[22.1806916,43.4111709],[22.1826429,43.4114282],[22.1871749,43.4119967],[22.1894469,43.4121388],[22.1915947,43.4120371],[22.1956176,43.4117002],[22.2026099,43.4111206],[22.2064568,43.4107646],[22.2093325,43.4105284],[22.2116339,43.4103543],[22.2170329,43.4112665],[22.2242347,43.4124569],[22.2277095,43.4139621],[22.2295924,43.4147687],[22.2320037,43.415815],[22.2370141,43.4179659],[22.2413043,43.4197553],[22.2498605,43.4234762],[22.2513277,43.4246158],[22.252937,43.4258431],[22.2547716,43.4272378],[22.2564453,43.4285196],[22.2578911,43.4296259],[22.2599778,43.4312349],[22.2618446,43.4326567],[22.2643498,43.4345422],[22.2680325,43.437339],[22.2696552,43.4386088],[22.2706798,43.4404318],[22.2715502,43.4420803],[22.2721993,43.4432644],[22.2728055,43.4443315],[22.2738301,43.4462244],[22.2747917,43.4480422],[22.275709,43.4496857],[22.2763849,43.4509202],[22.2748131,43.4528284],[22.274046,43.4537708],[22.2728283,43.4552467],[22.2716414,43.4566865],[22.2704988,43.4581429],[22.2694849,43.4593928],[22.2684711,43.4606349],[22.2670763,43.4623598],[22.2658586,43.4638433],[22.2651394,43.4647198],[22.2638444,43.4663043],[22.2640047,43.4678371],[22.2641556,43.4693768],[22.2642962,43.4706829],[22.2643931,43.4716874],[22.2646589,43.4743164],[22.2647992,43.475722],[22.2649136,43.4768299],[22.2650993,43.4786658],[22.2652813,43.4804625],[22.2654238,43.4818919]]},"properties":{"voltage":"","name":""}},{"type":"Feature","geometry":{"type":"LineString","coordinates":[[20.1668002,44.7230102],[20.1666432,44.7262213],[20.1664966,44.729179],[20.1664608,44.7319638],[20.1662856,44.7347637],[20.1661497,44.7382545],[20.16341,44.7410744],[20.1609351,44.7436452],[20.1586067,44.7460585],[20.1562069,44.7485224],[20.1535423,44.7512961],[20.1507419,44.7542094],[20.1480022,44.7570082],[20.145209,44.7598754],[20.1424801,44.762707],[20.1397404,44.7655308],[20.1371221,44.7682315],[20.134678,44.7707535],[20.132845,44.773573],[20.1309819,44.7764264],[20.1294124,44.7788885],[20.1276303,44.7816035],[20.1257613,44.7845054],[20.1238443,44.7874518],[20.12193,44.7903804],[20.1201552,44.7931036],[20.1183439,44.795959],[20.1166258,44.7985412],[20.1148205,44.8013172],[20.1130437,44.8040644],[20.1111108,44.8070027],[20.1091854,44.8099912],[20.1073504,44.8128315],[20.1055192,44.8156609],[20.1035401,44.8186623],[20.1019743,44.8210638],[20.1001428,44.8240303],[20.0985027,44.8266587],[20.0990325,44.8294679],[20.0996799,44.8328604],[20.1002929,44.8361988],[20.100998,44.839812],[20.1015921,44.8429569],[20.1020938,44.8455495],[20.1026878,44.84864],[20.1031695,44.8511897],[20.1037234,44.8540808],[20.1043175,44.857296],[20.1048192,44.8597258],[20.1052687,44.8621897],[20.1058909,44.8652992],[20.1064568,44.8683972],[20.1063244,44.8708579],[20.1061638,44.8732217],[20.1060434,44.8760121],[20.105923,44.8787909],[20.1057223,44.8814587],[20.1055497,44.8844819],[20.1057544,44.8867912],[20.1061036,44.8902235],[20.1064528,44.8936756],[20.1067418,44.8970024],[20.1070629,44.9007299],[20.107364,44.9040989],[20.1076931,44.9074279],[20.1079861,44.9107539],[20.1082711,44.9138068],[20.1085521,44.9169249],[20.1088933,44.9204379],[20.1092384,44.9240104],[20.1095395,44.9273923],[20.1098445,44.9308478],[20.1101897,44.9343486],[20.1105229,44.9377639],[20.11086,44.9414944],[20.1111771,44.9449008],[20.1115143,44.9484548],[20.1118515,44.952088],[20.1121886,44.9557153],[20.1124937,44.9592742],[20.1128469,44.9628131],[20.1131479,44.966221],[20.113469,44.9696487],[20.1138223,44.9733175],[20.1141313,44.9766709],[20.1144524,44.980078],[20.1147896,44.9838058],[20.1151187,44.9871472],[20.1154077,44.9905963],[20.115765,44.9942439],[20.1176354,44.9958902],[20.1208706,44.9987172],[20.1240335,45.0015043],[20.1262933,45.0034371],[20.1297211,45.0064425],[20.1320371,45.0084489],[20.13461,45.0106935],[20.1379053,45.0135737],[20.1408997,45.0162012],[20.1408756,45.0195294],[20.1408234,45.0228489],[20.1407793,45.0262646],[20.1407391,45.0299355],[20.140695,45.0331466],[20.1406508,45.0365731],[20.1405866,45.0402262],[20.1405545,45.0436239],[20.1405184,45.0466131],[20.1404581,45.0500472],[20.1404027,45.0537815],[20.1403545,45.0570905],[20.1403104,45.0606205],[20.1402703,45.0643146],[20.140202,45.0677903],[20.1410851,45.0702509],[20.1420725,45.0730685],[20.1428712,45.0754524],[20.1435977,45.077479],[20.1441155,45.0790181],[20.1451952,45.08213],[20.1463874,45.0855989],[20.1475875,45.0890563],[20.1488117,45.0925729],[20.150044,45.0961262],[20.1510715,45.0990871],[20.1523158,45.1026711],[20.1534838,45.1060594],[20.1547,45.1094985],[20.1551681,45.1117586],[20.1556433,45.1140534],[20.1561611,45.1165149],[20.1567927,45.1193586],[20.1576998,45.1236125],[20.1582778,45.1263256],[20.158932,45.1295115],[20.1596465,45.1328104],[20.1604011,45.1364093],[20.1610513,45.1394728],[20.1617819,45.1429014],[20.1625164,45.1463638],[20.1631333,45.149706],[20.1638614,45.1530161],[20.1630283,45.1563501],[20.1621524,45.159982],[20.1614237,45.1630029],[20.1607466,45.1657779],[20.159893,45.1691921],[20.1587158,45.1734619],[20.1574968,45.1764408]]},"properties":{"voltage":"220000","name":""}},{"type":"Feature","geometry":{"type":"LineString","coordinates":[[20.1118236,44.6829972],[20.1137999,44.6821183],[20.1158651,44.6800655],[20.1185998,44.6773182],[20.1213383,44.6745847],[20.12414,44.6717742],[20.1267986,44.6691339],[20.1304742,44.6691352],[20.1342476,44.6693827],[20.138802,44.6694642],[20.1432079,44.6695759],[20.1466842,44.6679307],[20.1497105,44.6664998],[20.1534967,44.6647036],[20.1567316,44.663183],[20.1607656,44.6630541],[20.1648368,44.662924],[20.1668781,44.6623549]]},"properties":{"voltage":"400000","name":""}},{"type":"Feature","geometry":{"type":"LineString","coordinates":[[20.1115316,44.6834078],[20.1145143,44.6825622],[20.116798,44.6803843],[20.1195593,44.6777124],[20.1223145,44.6750147],[20.1250397,44.6723767],[20.127819,44.669683],[20.1312766,44.6698325],[20.1342659,44.6699221],[20.1387139,44.6700587],[20.1438762,44.6702465],[20.1472558,44.6685304],[20.1501611,44.6670618],[20.1536546,44.6652773],[20.1563356,44.6638961],[20.1598988,44.6637574],[20.1640758,44.6635949],[20.1653933,44.6635436],[20.1659957,44.6635359],[20.1673419,44.6631431]]},"properties":{"voltage":"400000","name":""}},{"type":"Feature","geometry":{"type":"LineString","coordinates":[[20.1073033,44.6847907],[20.1080577,44.6853847],[20.1106005,44.686416],[20.1108986,44.6888855],[20.1112492,44.6925048],[20.1115233,44.6946691],[20.1092961,44.6970543],[20.1051758,44.701121],[20.1026267,44.7036524],[20.0999943,44.7062149],[20.0968681,44.7094202],[20.0944527,44.7118609],[20.0923833,44.7139483],[20.0890244,44.7163039],[20.0854705,44.7188427],[20.0818833,44.7213675],[20.0785632,44.7237259],[20.0756509,44.7257772],[20.0724115,44.7280608],[20.0690855,44.7304088],[20.0657371,44.7327565],[20.0623119,44.7352027],[20.0592235,44.7373742],[20.0566018,44.7392432],[20.0539289,44.7411202],[20.0519691,44.7432231],[20.0502967,44.7450048],[20.0477571,44.7477689],[20.0450304,44.750722],[20.0424704,44.7534513],[20.0398726,44.7562698],[20.0378786,44.7583914],[20.0366812,44.7609485],[20.0352835,44.7639019],[20.034107,44.7664483],[20.0329151,44.7690052],[20.0317275,44.7715118],[20.0304506,44.7742445],[20.0266115,44.7764291],[20.0229842,44.7784138],[20.0196637,44.7802378],[20.016694,44.7818969],[20.0130634,44.7839199],[20.0092854,44.7860283],[20.0057543,44.7879908],[20.0023677,44.7898823],[19.9995567,44.791429],[19.9967431,44.7931229],[19.9932799,44.7951957],[19.9894714,44.7974661],[19.9858083,44.7996619],[19.9819832,44.8019341],[19.9785051,44.804017],[19.9752271,44.8059672],[19.971998,44.8078921],[19.9687823,44.8098328],[19.9651441,44.8120068],[19.9618794,44.8139473],[19.9586637,44.8158783],[19.9554969,44.8177745],[19.95213,44.8197937],[19.9474198,44.8214342],[19.9435191,44.8228191],[19.9391025,44.8243902],[19.9348816,44.8258697],[19.9306207,44.8273681],[19.9258216,44.8290431],[19.9212226,44.8306739],[19.9167971,44.8316675],[19.9124428,44.8326453],[19.9080884,44.8336136],[19.9036273,44.8346261],[19.8990551,44.8356354],[19.8948875,44.8365816],[19.8907422,44.8374963],[19.8867748,44.8383888],[19.8833012,44.8401897],[19.8793427,44.8422238],[19.8755799,44.8441759],[19.8717548,44.8461343],[19.8683478,44.8478939],[19.8648341,44.8496976],[19.8612404,44.8515706],[19.8575087,44.8535003],[19.8540039,44.8553164],[19.8503256,44.8571987],[19.848889,44.8579554],[19.8450773,44.8599227],[19.8418437,44.8615999],[19.8393575,44.8628736],[19.8354523,44.8649006],[19.8323612,44.866502],[19.8287852,44.8683493],[19.8253426,44.8701145],[19.8239193,44.8732035],[19.8224605,44.8764468],[19.820966,44.8797341],[19.8195472,44.8828509],[19.8180839,44.8860401],[19.8165494,44.8894182],[19.8151528,44.892503],[19.8138941,44.8952537],[19.8125998,44.8981114],[19.8111232,44.901347],[19.809651,44.9045824],[19.8084012,44.9073609],[19.8069734,44.9104353],[19.8053901,44.9139442],[19.8039223,44.9171474],[19.8026903,44.9198843],[19.8012359,44.9230526],[19.7997281,44.9263529],[19.7971617,44.9288249],[19.7941462,44.9317375],[19.7912151,44.9345304],[19.7889023,44.9367565],[19.7865939,44.9389761],[19.7850327,44.9404842],[19.7817948,44.943582],[19.7790283,44.9462421],[19.7764397,44.948729],[19.7736376,44.9514109],[19.7717651,44.9542532],[19.7702573,44.9565193],[19.7684115,44.9592607],[19.76633,44.9623732],[19.7642929,44.9653975],[19.7622714,44.968416],[19.7602788,44.9713613],[19.7598785,44.9743191],[19.7565764,44.9770375],[19.7533118,44.9797212],[19.7501672,44.9823073],[19.746778,44.9850789],[19.7440116,44.9873407],[19.743251,44.989118],[19.7418144,44.9924271],[19.7404534,44.9955882],[19.7392569,44.9984503],[19.7378381,45.0016677],[19.7366283,45.0044666],[19.7354852,45.0071081],[19.7344622,45.0095232],[19.7332614,45.0122934],[19.7289648,45.0132556],[19.7244904,45.0142586],[19.7198959,45.0153276],[19.7153903,45.0162835],[19.7105067,45.0173933],[19.7060812,45.0183743],[19.702056,45.0192797],[19.6975193,45.020311],[19.6927869,45.021383],[19.6886594,45.0222947],[19.6845541,45.0232127],[19.6798973,45.0242407],[19.6752094,45.025297],[19.6705486,45.0263421],[19.6676496,45.0269932],[19.6639655,45.0278244],[19.659781,45.0287448],[19.6552088,45.0297963],[19.6510699,45.030712],[19.6470694,45.0316233],[19.6427513,45.0317876],[19.6389364,45.0319382],[19.634005,45.0321204],[19.6288975,45.0323294],[19.6241359,45.0325383],[19.6204111,45.0326633],[19.61741,45.0327917],[19.6131357,45.0329646],[19.6098711,45.0329834],[19.6083225,45.0314151]]},"properties":{"voltage":"400000","name":""}},{"type":"Feature","geometry":{"type":"LineString","coordinates":[[20.1082349,44.6841882],[20.1089645,44.6848],[20.111747,44.6857887],[20.1124734,44.6880233],[20.1133633,44.6905408],[20.1143146,44.6933637],[20.1153149,44.6963391],[20.1160698,44.698551],[20.1147626,44.7000865],[20.1108777,44.7044182],[20.1082632,44.7072535],[20.1070541,44.70943],[20.1054093,44.7124439],[20.1034761,44.7158806],[20.1015735,44.7193912],[20.0998612,44.7225267],[20.0982103,44.7256227],[20.0970012,44.727829],[20.0955467,44.7304277],[20.0938589,44.7335408],[20.0921282,44.7366754],[20.0903729,44.7398666],[20.0886668,44.7429442],[20.0897715,44.746305],[20.0907964,44.7491818],[20.0918029,44.7522328],[20.0927481,44.7550178],[20.0937362,44.7579944],[20.0949514,44.7615766],[20.0938405,44.7648274],[20.0927726,44.7678558],[20.0918275,44.7705878],[20.0907043,44.7737858],[20.0895935,44.7770184],[20.088587,44.7798676],[20.0874332,44.783174],[20.0864461,44.7859068],[20.0872831,44.788928],[20.0880995,44.7919057],[20.0889122,44.7949387],[20.0896119,44.7974603],[20.0903058,44.7999543],[20.0909354,44.8022188],[20.0917087,44.8052016],[20.0923777,44.807627],[20.0932492,44.8108012],[20.0940593,44.813849],[20.0949308,44.816988],[20.0958146,44.8202966],[20.0967106,44.8235484],[20.0975164,44.8265498],[20.0980335,44.8293572],[20.098505,44.8320827],[20.0990691,44.8350433],[20.0995378,44.8378068],[20.1001171,44.8409985],[20.1006032,44.8435302],[20.101055,44.8462305],[20.1015074,44.8487106],[20.10191,44.8510628],[20.10253,44.8544058],[20.1031089,44.8576537],[20.1036318,44.8604805],[20.1040701,44.8629013],[20.1045852,44.8658947],[20.1050681,44.86862],[20.1050351,44.8711852],[20.1049395,44.8744511],[20.1048658,44.8770724],[20.1048229,44.8793078],[20.1047676,44.8815039],[20.104694,44.884474],[20.1049095,44.8864934],[20.1051475,44.8891279],[20.1053764,44.8920484],[20.1057027,44.8950398],[20.1060168,44.8982957],[20.1062825,44.9014475],[20.1065096,44.9042383],[20.1067673,44.906803],[20.1070435,44.909737],[20.1073565,44.9134054],[20.1076511,44.9162913],[20.1079457,44.9195246],[20.1082955,44.9231924],[20.1086208,44.9266905],[20.1089215,44.9301796],[20.1092284,44.933573],[20.1095782,44.9372746],[20.1098851,44.940724],[20.1102288,44.9442557],[20.1105357,44.9475614],[20.110775,44.9503239],[20.110996,44.9528735],[20.1112844,44.9557965],[20.1115483,44.9587323],[20.1118613,44.9620284],[20.1121866,44.9655762],[20.1125487,44.969684],[20.1129231,44.9736655],[20.1132606,44.9773254],[20.1135675,44.9806509],[20.1138682,44.9837634],[20.1141874,44.9874141],[20.1145372,44.9910601],[20.1148717,44.9944933],[20.1170699,44.9964205],[20.1201954,44.9991303],[20.1231949,45.0018215],[20.1255557,45.0038529],[20.1284976,45.006415],[20.1315875,45.0091137],[20.1348564,45.011984],[20.1376608,45.0144285],[20.1398876,45.0163551],[20.1398265,45.0190266],[20.1397957,45.0220898],[20.1397518,45.0259103],[20.1396894,45.0293094],[20.1396469,45.0323615],[20.1396025,45.0358707],[20.1395288,45.0394226],[20.139492,45.0429179],[20.1394061,45.0463913],[20.1393509,45.0499426],[20.1393079,45.053641],[20.1392465,45.0569794],[20.139179,45.0604129],[20.1391361,45.0640023],[20.1390501,45.0675698],[20.1398234,45.0696244],[20.1408729,45.0726324],[20.142082,45.076091],[20.1432481,45.0793978],[20.1445553,45.0830943],[20.1458564,45.0867169],[20.1471514,45.0903307],[20.148385,45.0938359],[20.1495633,45.0971112],[20.1506251,45.1000745],[20.1517053,45.1031502],[20.1527793,45.1061565],[20.1533808,45.1092059],[20.1539033,45.1117826],[20.1545171,45.1147971],[20.1551262,45.1176015],[20.155697,45.1202822],[20.1564753,45.1241246],[20.157047,45.1267916],[20.1577413,45.1301139],[20.1584953,45.1337982],[20.1594268,45.1382621],[20.1600935,45.1414433],[20.1606153,45.143963],[20.1611783,45.1467702],[20.1617777,45.1495824],[20.1613363,45.1520333],[20.1608943,45.1545972],[20.1604529,45.1571732],[20.1598492,45.1606202],[20.1594507,45.1629533],[20.1590229,45.1653949],[20.1581877,45.1702635],[20.1576046,45.1736059],[20.1566218,45.1760053],[20.1541028,45.1819988],[20.1528687,45.184978],[20.1518295,45.1874142],[20.1505558,45.1904302],[20.1494157,45.1932044],[20.1484667,45.1955208],[20.1473085,45.19831],[20.1461863,45.2009109],[20.1451869,45.2033948],[20.1441261,45.205904],[20.1430653,45.2084562],[20.139136,45.2106297],[20.1359572,45.2124395],[20.1327387,45.2142341],[20.1292532,45.2161963],[20.1255764,45.2182373],[20.121741,45.2203824],[20.118122,45.2223901],[20.1141494,45.2246317],[20.1107324,45.2265351],[20.1075825,45.2282834],[20.1044217,45.2300749],[20.1010625,45.2319375],[20.0979487,45.2336908],[20.0944307,45.2358455],[20.0907792,45.2380788],[20.0868066,45.240523],[20.0831371,45.2427485],[20.079464,45.2449867],[20.076029,45.2471409],[20.0730703,45.2489522],[20.0698735,45.2509005],[20.0665431,45.2529428],[20.0633282,45.2549189],[20.0597922,45.257088],[20.0560686,45.259351],[20.0532867,45.2610196],[20.0528804,45.262448],[20.0536756,45.2654282],[20.0545526,45.268908],[20.0552136,45.2713823],[20.0554729,45.2741104],[20.0556814,45.2768318],[20.0559634,45.2798622],[20.0528594,45.282595],[20.049643,45.2854205],[20.0464624,45.2881906],[20.0432783,45.2909656],[20.0404105,45.2934784],[20.0377163,45.2958224],[20.0349659,45.2982309],[20.0318737,45.3009731],[20.0287763,45.303647],[20.0257147,45.3063315],[20.0225969,45.3090625],[20.0194536,45.3117826],[20.0163409,45.3145062],[20.0136569,45.3168458],[20.0106463,45.3194687],[20.0061355,45.3203728],[20.0016451,45.3212878],[19.9967465,45.3222852],[19.9919091,45.3232037],[19.9870309,45.324201],[19.9821476,45.3252343],[19.9773408,45.3261958],[19.9726616,45.3271608],[19.9678242,45.3281151],[19.9636093,45.3289653],[19.9598844,45.3290873],[19.9568074,45.3291985],[19.9520568,45.3293348],[19.9480154,45.3294675],[19.9440812,45.3295465],[19.9401623,45.3297115],[19.9351667,45.3298586],[19.9296048,45.3300236],[19.9254307,45.3301599],[19.9216241,45.3302496],[19.9174603,45.3303895],[19.9140618,45.3304899],[19.9087244,45.3307016],[19.9039482,45.3308738],[19.8993354,45.3310424],[19.8945286,45.3312433],[19.8899463,45.331376],[19.885558,45.3315553],[19.8811594,45.3317455],[19.8774294,45.3318674],[19.8734696,45.3327463],[19.8694028,45.3336323],[19.8650859,45.3345685],[19.8603097,45.3356411],[19.8555335,45.3366669],[19.8508799,45.3377071],[19.848247,45.3385034],[19.8464075,45.3391994],[19.8452397,45.3396587],[19.844686,45.3397497]]},"properties":{"voltage":"400000","name":""}},{"type":"Feature","geometry":{"type":"LineString","coordinates":[[20.1086345,44.6839095],[20.1094082,44.6845148],[20.1123293,44.6854302],[20.1132268,44.6877757],[20.1145054,44.6910275],[20.115718,44.6941213],[20.1167144,44.6967498],[20.1175728,44.698768],[20.1159761,44.7005942],[20.1119243,44.7050954],[20.1094091,44.7079196],[20.1081125,44.7100228],[20.1063417,44.7128766],[20.1043188,44.71611],[20.102554,44.7193773],[20.1007892,44.7225335],[20.0991145,44.7256171],[20.0974937,44.7285427],[20.0960831,44.731127],[20.0943483,44.7342698],[20.0926436,44.7373783],[20.0910949,44.7401498],[20.0895282,44.7430235],[20.0905846,44.7462211],[20.0915511,44.7490476],[20.0925295,44.7519251],[20.093622,44.7551861],[20.0946185,44.7581401],[20.095765,44.761584],[20.0948406,44.7646058],[20.0939582,44.7673206],[20.0930938,44.7700438],[20.0920913,44.7731504],[20.0909928,44.7765764],[20.0902005,44.7791415],[20.0893421,44.7817193],[20.0884897,44.7844205],[20.0876073,44.7871003],[20.0884248,44.7897979],[20.0891692,44.7927841],[20.0899823,44.7957899],[20.0907463,44.798579],[20.0914849,44.8012957],[20.0923041,44.804214],[20.0931021,44.8072014],[20.0940953,44.8109053],[20.0949782,44.8140641],[20.0958914,44.8174128],[20.0968639,44.8210363],[20.0974821,44.8233525],[20.0981227,44.82566],[20.0993232,44.8262178],[20.099972,44.8296888],[20.1004558,44.832115],[20.1010034,44.8350299],[20.1014836,44.8377159],[20.1021799,44.8411721],[20.1027742,44.8444238],[20.1034045,44.847786],[20.1039027,44.8504884],[20.1042989,44.8525098],[20.1048812,44.8555311],[20.1053134,44.8578629],[20.1058116,44.8604967],[20.1064719,44.8639856],[20.1105597,44.8666362],[20.1104097,44.869427],[20.1102236,44.8724092],[20.1100435,44.8754039],[20.1086148,44.8788664],[20.1074623,44.8817162],[20.1064839,44.8840299],[20.106646,44.885931],[20.1069341,44.8889676],[20.1071922,44.8916468],[20.1074923,44.8951465],[20.1077805,44.8980253],[20.1080806,44.9015799],[20.1083507,44.9044584],[20.1086329,44.9074004],[20.108945,44.910997],[20.1092211,44.9141512],[20.1095633,44.9177006],[20.1098814,44.9212073],[20.1102356,44.9247733],[20.1105717,44.928577],[20.1109319,44.932321],[20.111232,44.9356313],[20.1115442,44.9390137],[20.1118443,44.9423406],[20.1121384,44.9455314],[20.1124446,44.9487007],[20.1127807,44.9522353],[20.1130749,44.9555147],[20.113429,44.9593546],[20.1137592,44.9628248],[20.1140473,44.9660654],[20.1143954,44.9696158],[20.1147076,44.9731618],[20.1150437,44.9766736],[20.1153619,44.9802531],[20.115698,44.9837177],[20.1160042,44.9870803],[20.1163403,44.9905997],[20.1166212,44.9937708],[20.1182206,44.9952303],[20.1212562,44.9978493],[20.1242391,45.0005224],[20.1266642,45.002645],[20.1295908,45.0052317],[20.1326776,45.0079597],[20.1359657,45.0107237],[20.1389274,45.0134959],[20.1418123,45.0160261],[20.1417658,45.0190221],[20.1417403,45.0219864],[20.1417104,45.0251544],[20.1416556,45.0287738],[20.1416226,45.0321571],[20.1416046,45.0348848],[20.1415565,45.0376886],[20.1414965,45.0405433],[20.1414545,45.0429355],[20.1414305,45.0460952],[20.1413825,45.0495347],[20.1413404,45.0529485],[20.1412504,45.0566207],[20.1412204,45.0598348],[20.1412024,45.0624128],[20.1411604,45.0649185],[20.1411003,45.0677972],[20.141923,45.070068],[20.1431956,45.0736447],[20.1443061,45.0768832],[20.1456207,45.0806175],[20.1467192,45.0837031],[20.1477336,45.0866063],[20.1489522,45.0900942],[20.1502247,45.0937471],[20.1514013,45.0970651],[20.1525478,45.1003151],[20.1537183,45.1036411],[20.1549669,45.1072932],[20.1584421,45.1088144],[20.1615324,45.1101853],[20.1647501,45.1116874],[20.1677763,45.1129956],[20.172516,45.1151206],[20.1761735,45.1167328],[20.1796456,45.1182177],[20.1799763,45.1216647],[20.180327,45.1252034],[20.1806727,45.1286358],[20.1810435,45.1326017],[20.1813841,45.1361114],[20.1816747,45.139211],[20.1791446,45.1413138],[20.1767046,45.1433069],[20.1737185,45.1457594],[20.1706121,45.1483107],[20.1675358,45.1508407],[20.164695,45.1531622],[20.1638583,45.1563774],[20.1629264,45.1600587],[20.16225,45.1630333],[20.1617139,45.1651176],[20.1611578,45.1674561],[20.1607369,45.1690174],[20.1601288,45.1713711],[20.1601411,45.1739229],[20.1590198,45.1764366]]},"properties":{"voltage":"400000","name":""}},{"type":"Feature","geometry":{"type":"LineString","coordinates":[[19.7403587,44.7147012],[19.7416053,44.7148109],[19.7438326,44.7124758],[19.7461065,44.7101026],[19.7485765,44.7075304],[19.7512623,44.7047253],[19.7553957,44.7033175],[19.7596434,44.7018588],[19.7635218,44.7005088],[19.7675017,44.6991491],[19.7710092,44.6979535],[19.7756375,44.6963505],[19.7760068,44.692753],[19.7763997,44.6890794],[19.7767243,44.6857709],[19.7765298,44.6787207],[19.7763595,44.6728055],[19.7782945,44.671298],[19.7818325,44.6685949],[19.7854489,44.6658177],[19.7885106,44.6634621],[19.7893975,44.6610087],[19.7901959,44.6588234],[19.7916223,44.6549161],[19.7927959,44.6517357],[19.7950047,44.645653],[19.7985923,44.6432565],[19.8018808,44.6410735],[19.8030654,44.6394026],[19.8056398,44.6357934],[19.8069069,44.633766],[19.8091964,44.6308134],[19.811108,44.6281182],[19.8130775,44.6253389],[19.8150348,44.6225924],[19.8178242,44.6207281],[19.8216847,44.6180903],[19.8248995,44.6159056],[19.8292943,44.6146618],[19.8352982,44.6129799],[19.8388194,44.6128022],[19.8428383,44.6126148],[19.8455396,44.6124947],[19.8482354,44.612361],[19.8539689,44.6120972],[19.857092,44.6119554],[19.8602633,44.6117975],[19.8703298,44.6107892],[19.8737805,44.61044],[19.8763099,44.6087367],[19.8815061,44.6052332],[19.8836368,44.6038122],[19.8884911,44.6005248],[19.890635,44.5991094],[19.8948742,44.5994],[19.9002469,44.5997942],[19.9047629,44.6001075],[19.907916,44.6003388],[19.9134073,44.5977927],[19.9154343,44.5968587],[19.9182784,44.5955569],[19.9227674,44.5961147],[19.92809,44.5967918],[19.9330884,44.5974151],[19.9379009,44.5980241],[19.9431912,44.5986862],[19.9475487,44.5992283],[19.9508112,44.5989245],[19.9567787,44.5983609],[19.9593503,44.5981302],[19.9622521,44.5978418],[19.9659178,44.598435],[19.9708586,44.5992415],[19.9750872,44.5999239],[19.9795825,44.6006784],[19.9840643,44.6014089],[19.9891934,44.6022733],[19.9938489,44.6030341],[19.9968723,44.6059797],[19.999925,44.6089517],[20.0027133,44.6117021],[20.0050948,44.6140191],[20.0080638,44.6168874],[20.0106529,44.6194529],[20.0138006,44.6225091],[20.016454,44.6251195],[20.0171356,44.6274278],[20.0179865,44.6303744],[20.0187774,44.6335102],[20.020299,44.6358545],[20.0223836,44.6393482],[20.0242812,44.6424987],[20.0259497,44.6453349],[20.0276419,44.648203],[20.02907,44.6506067],[20.0306423,44.6532458],[20.0342239,44.6543226],[20.038894,44.6557287],[20.0435831,44.6571367],[20.0475993,44.6583321],[20.052141,44.6590257],[20.0566285,44.6597029],[20.0605609,44.6602909],[20.0641383,44.6607984],[20.0678629,44.6621392],[20.0715353,44.6634043],[20.0755412,44.6648395],[20.0803774,44.6665474],[20.0855401,44.6677687],[20.0881312,44.6686229],[20.0916958,44.6695588],[20.0955942,44.6706186],[20.0999135,44.6707265],[20.1048586,44.6708533],[20.1099363,44.6709665],[20.1151316,44.6711041],[20.120198,44.6712389],[20.1240348,44.6713414],[20.1260378,44.6726553],[20.128419,44.6721252],[20.1312105,44.6702516],[20.1358929,44.6703931],[20.1401136,44.6705266],[20.1442377,44.67066],[20.1472892,44.6690925],[20.1505338,44.667441],[20.1536377,44.6658599],[20.1563128,44.6643821],[20.1598778,44.6650429],[20.1616268,44.6653097],[20.1643892,44.6666886],[20.1656637,44.6670086],[20.166627,44.6666985],[20.1674833,44.6659111]]},"properties":{"voltage":"220000","name":""}},{"type":"Feature","geometry":{"type":"LineString","coordinates":[[20.0082698,44.6573166],[20.0141412,44.6580527],[20.0200943,44.6587888],[20.0247121,44.659364],[20.0288996,44.6598626],[20.032898,44.660414],[20.036952,44.6606461],[20.041299,44.6609073],[20.0455422,44.6611659],[20.0493625,44.6613927],[20.0526784,44.6615853],[20.0567584,44.6618439],[20.0604267,44.6620496],[20.0636758,44.6622343],[20.0680339,44.6638594],[20.0717016,44.6652308],[20.0742866,44.6662053],[20.0791439,44.6678319],[20.0832983,44.6691748],[20.0870277,44.670432],[20.0907572,44.6716928],[20.0945916,44.6729574],[20.0977913,44.6756169],[20.1011746,44.6784032],[20.1062469,44.6826438]]},"properties":{"voltage":"400000","name":""}},{"type":"Feature","geometry":{"type":"LineString","coordinates":[[20.0092305,44.655295],[20.0095228,44.6551268],[20.0104657,44.6545923],[20.0167775,44.6507006],[20.0202158,44.6514474],[20.0251897,44.6525002],[20.029826,44.6534764],[20.0343993,44.6548511],[20.0393212,44.6563655],[20.0437869,44.657661],[20.0478372,44.6588957],[20.0518504,44.6594576],[20.0560417,44.6600539],[20.0593836,44.6605367],[20.0635354,44.6610719],[20.0678381,44.6626087],[20.0715286,44.6638988],[20.0753675,44.66526],[20.0798443,44.666848],[20.0841134,44.6679612],[20.0867172,44.6687745],[20.0912897,44.6698928],[20.0957677,44.6710803],[20.1004591,44.6711959],[20.105196,44.6713108],[20.1098802,44.6714115],[20.1149945,44.6715346],[20.1200615,44.6716838],[20.1236546,44.6717659],[20.1256322,44.6731461],[20.1285329,44.6727843],[20.1316865,44.672427],[20.1358567,44.670845],[20.1395247,44.6709532],[20.1442981,44.6711285],[20.1476971,44.6693678],[20.1510174,44.6676741],[20.1538267,44.6661948],[20.1565476,44.6658536],[20.1603033,44.6653827],[20.1619475,44.6664648],[20.1640969,44.6669621],[20.1669091,44.6668687],[20.1676761,44.66593]]},"properties":{"voltage":"220000","name":""}},{"type":"Feature","geometry":{"type":"LineString","coordinates":[[21.972288,43.3007445],[21.971886,43.2997863],[21.9721528,43.2971432],[21.9739556,43.2948269],[21.9749839,43.2934911],[21.9766695,43.2912778],[21.9776341,43.2900011],[21.9791431,43.2848577],[21.9798348,43.2824525],[21.9804078,43.2805455],[21.9815601,43.2765775],[21.9844316,43.2728529],[21.9860856,43.270686],[21.9872169,43.2694369],[21.9887172,43.2677669],[21.9900063,43.2664965],[21.9940762,43.266572],[21.9961673,43.266594],[22.0017701,43.2653979],[22.0044349,43.2627202],[22.0060342,43.2610916],[22.0092329,43.2578678],[22.012049,43.2549919],[22.0119024,43.2535467],[22.0114395,43.2494046],[22.0110225,43.2454758],[22.0104222,43.2412129],[22.009996,43.2381683],[22.0096156,43.2354975],[22.0089558,43.2307998],[22.0081115,43.2274494],[22.0072821,43.2241436],[22.0066176,43.2214855],[22.0057882,43.2181861],[22.005,43.2149833],[22.0042713,43.2121311],[22.0036802,43.2097364],[22.0029561,43.2068806],[22.0020075,43.2029457],[22.001201,43.1995852],[22.0007611,43.1977645],[22.0003303,43.1951988],[21.9998675,43.1923958],[21.9994092,43.1895793],[21.9987218,43.1854161],[21.9982131,43.1823219],[21.9978099,43.1799226],[21.9970996,43.1755449],[21.9963709,43.1719021],[21.9960227,43.1701642],[21.9954086,43.1670491],[21.9948587,43.1642849],[21.9939101,43.1594481],[21.9933831,43.1565565],[21.993099,43.1549151],[21.9925855,43.1521007],[21.9919763,43.1487059],[21.99173,43.1473205],[21.9909349,43.1448208],[21.9899138,43.1416402],[21.9889935,43.1387413],[21.9875742,43.1342912],[21.9864466,43.1308434],[21.9857661,43.1288285],[21.9845283,43.1251108],[21.9835043,43.1220504],[21.9828303,43.1200021],[21.9812101,43.1150728],[21.9805134,43.1129783],[21.9814244,43.1107598],[21.9823138,43.1085859],[21.9833744,43.1059309],[21.984368,43.1034912],[21.9861642,43.0990867],[21.9872523,43.0963722],[21.9882958,43.0938006],[21.9893346,43.091222],[21.9909837,43.087177],[21.992181,43.0842256],[21.993077,43.0819647],[21.994085,43.0795203],[21.9953367,43.0763972],[21.9967992,43.0728121],[21.9976096,43.0707956],[21.9996321,43.0680427],[22.0015031,43.0654919],[22.0037035,43.0624524],[22.0061872,43.0590373],[22.0083184,43.0560793],[22.009972,43.0538144],[22.0119517,43.0510848],[22.0139775,43.0482732],[22.0157003,43.0458997],[22.0188329,43.0416146],[22.0204568,43.0393588],[22.022868,43.0366358],[22.0253517,43.0338212],[22.0277399,43.0311581],[22.029993,43.028613],[22.0322032,43.0261062],[22.0346441,43.0233586],[22.0364756,43.0212899],[22.0360276,43.0197245],[22.0348448,43.015679],[22.034308,43.0137706],[22.031871,43.0131737],[22.0247493,43.0113817],[22.0212058,43.0104959],[22.0189465,43.0080603],[22.0164589,43.0053589],[22.0141622,43.0028788],[22.0119588,43.000477],[22.0098718,42.9982113],[22.0077662,42.9959387],[22.0054044,42.9939694],[22.0024323,42.9914854],[21.999791,42.9892671],[21.9969633,42.986909],[21.9942474,42.9846429],[21.9914151,42.9822744],[21.9888297,42.9801171],[21.9857831,42.9775679],[21.9847881,42.976535]]},"properties":{"voltage":"400000","name":""}},{"type":"Feature","geometry":{"type":"LineString","coordinates":[[21.9725883,43.300702],[21.9723793,43.2996691],[21.9734846,43.2978762],[21.9751872,43.2951143],[21.9769792,43.2922072],[21.9784732,43.2897835],[21.9863981,43.2890542],[21.9896064,43.2887589],[21.9931376,43.2884339],[21.9964251,43.2868527],[22.0017535,43.2842897],[22.0039201,43.2832475],[22.0100244,43.2834215],[22.0143246,43.2835441],[22.0200697,43.2837079],[22.0228988,43.2837885],[22.0252945,43.2838568],[22.0318114,43.2840426],[22.0367771,43.2835472],[22.0418722,43.2830388],[22.0447073,43.282756],[22.0488176,43.2823459],[22.0527424,43.2819543],[22.0554967,43.2816795],[22.0624219,43.2849214],[22.0648215,43.2852481],[22.0695958,43.285898],[22.0761691,43.2867929],[22.0789767,43.2871751],[22.0827226,43.287685],[22.0910869,43.2888236],[22.0961587,43.2874865],[22.1010512,43.2861965],[22.1049297,43.285174],[22.1086068,43.2842044],[22.1120751,43.28329],[22.1181587,43.2816859],[22.1216238,43.2807723],[22.1255484,43.2797374],[22.129697,43.2786435],[22.1347005,43.2773241],[22.1414929,43.275533],[22.1454876,43.2744796],[22.1503472,43.2731981],[22.1547533,43.2731742],[22.1614727,43.2731378],[22.1654148,43.2731164],[22.1691412,43.2730963],[22.1741618,43.2724122],[22.1801852,43.2715915],[22.1872538,43.2706284],[22.1895417,43.2691741],[22.1912717,43.2680744],[22.194535,43.266],[22.1976682,43.2640081],[22.2011669,43.2617839],[22.2041307,43.2598996],[22.2105224,43.2558359],[22.2121648,43.2547916],[22.2158169,43.2524695],[22.2176745,43.2512883],[22.220644,43.2494001],[22.2235181,43.2475725],[22.2253414,43.2464131],[22.2309461,43.2417714],[22.2353137,43.238154],[22.2376105,43.2362516],[22.239386,43.234781],[22.242534,43.2321734],[22.2447017,43.2303778],[22.2475294,43.2280353],[22.2503932,43.2256629],[22.2557542,43.2221429],[22.2581359,43.2205789],[22.2621873,43.2179185],[22.2652746,43.2158911],[22.2697757,43.2129351],[22.272495,43.2111493],[22.2746401,43.2097405],[22.2781794,43.2074159],[22.2844188,43.2033178],[22.2865093,43.2019447],[22.2914201,43.198719],[22.294769,43.1988891],[22.2977616,43.1990411],[22.304663,43.1993916],[22.3082192,43.1995723],[22.312234,43.1997762],[22.3157771,43.1999562],[22.3213382,43.2002386],[22.3239276,43.2003702],[22.3270849,43.2005306],[22.330311,43.2006944],[22.334662,43.2009154],[22.3395726,43.2011649],[22.3427434,43.2002102],[22.3500402,43.1980134],[22.3551088,43.1964874],[22.3586564,43.1954193],[22.3619306,43.1944335],[22.365557,43.1933416],[22.3682762,43.1925229],[22.3739168,43.1908245],[22.3788501,43.189339],[22.3832715,43.1880077],[22.3880988,43.1865541],[22.3911477,43.185636],[22.3941248,43.1847395],[22.3991029,43.1832404],[22.4025554,43.1822007],[22.4065685,43.1809921],[22.4109699,43.1796666],[22.4152454,43.178379],[22.4191558,43.1772013],[22.4230248,43.174836],[22.425486,43.1733313],[22.4283614,43.1715734],[22.4327001,43.1689207],[22.4377882,43.1658097],[22.4409423,43.1638811],[22.444047,43.1623281],[22.4470142,43.1608438],[22.452378,43.1581606],[22.4567973,43.155987],[22.4609532,43.153943],[22.4652643,43.1518225],[22.4689014,43.1500335],[22.4731987,43.1479197],[22.4768284,43.1461342],[22.4791725,43.1449811],[22.4844342,43.1424851],[22.4875608,43.1410018],[22.491244,43.1392545],[22.4955908,43.1371923],[22.4992513,43.1354556],[22.5030887,43.1336349],[22.5075226,43.1315312],[22.5116488,43.1295734],[22.5156902,43.1276558],[22.5189247,43.126121],[22.5228297,43.124268],[22.526793,43.1239114],[22.5295851,43.1236601],[22.5364977,43.1230381],[22.541081,43.1226256],[22.545218,43.1222533],[22.5492453,43.1218909],[22.553963,43.1214664],[22.5579207,43.1211102],[22.561879,43.120754],[22.566234,43.1203621],[22.5705034,43.1199779],[22.5752793,43.1195481],[22.5810697,43.119027],[22.5852819,43.1171358],[22.5897141,43.1151459],[22.5946517,43.1129289],[22.5986959,43.111113],[22.6029915,43.1091842],[22.6077302,43.109947],[22.6125212,43.1107183],[22.6168084,43.1114084],[22.6212756,43.1121275],[22.6244974,43.1126461],[22.6260882,43.1132468],[22.6298446,43.1146651],[22.633936,43.1162098],[22.6378406,43.117684],[22.6414758,43.1190564],[22.644902,43.1184177],[22.648836,43.1176843],[22.6529614,43.1169153],[22.6565292,43.1164002],[22.6610446,43.1157482],[22.6651906,43.1151496],[22.6689781,43.1146028],[22.6719983,43.1141667],[22.6758767,43.1136067],[22.6814682,43.1127993],[22.6853973,43.112232],[22.6902396,43.1115328],[22.6949563,43.1108518],[22.7000679,43.1101137],[22.7051031,43.1093866],[22.7104904,43.1086087],[22.7142173,43.1080705],[22.7191453,43.1073589],[22.7219348,43.1069561],[22.7241369,43.1066381],[22.72704,43.1059978],[22.7314904,43.1050161],[22.7351156,43.1042164],[22.7395714,43.1032336],[22.7452446,43.1019821],[22.747522,43.1014798],[22.7516411,43.1005711],[22.7550127,43.0998274],[22.7602287,43.0986767],[22.7658631,43.0974337],[22.7696986,43.0965876],[22.7720688,43.0960647],[22.7759124,43.0952168],[22.7800238,43.0943097],[22.7852502,43.0931567],[22.7869969,43.0927713],[22.7896687,43.0921818],[22.7926151,43.0915318],[22.7970866,43.0913992],[22.8005197,43.0912974],[22.804833,43.0911695],[22.8092738,43.0910378],[22.8138666,43.0909016],[22.8177961,43.090785],[22.8219028,43.0906633],[22.8260216,43.0905411],[22.8296858,43.0904324],[22.833458,43.0903206],[22.8375592,43.090199],[22.8419739,43.090068],[22.846398,43.0899368],[22.8502404,43.0898229],[22.8538273,43.0897165],[22.8564055,43.0879248],[22.859592,43.0857103],[22.862906,43.0834071],[22.8661672,43.0811405],[22.8699837,43.0784878],[22.8739366,43.0757402],[22.8768273,43.0737308],[22.8792299,43.0720607],[22.8826354,43.0696934],[22.88649,43.0670137],[22.8915123,43.0635222],[22.8951544,43.06099],[22.8985175,43.0586517],[22.9006608,43.0568286],[22.9042547,43.0537715],[22.9055674,43.0526549]]},"properties":{"voltage":"400000","name":""}},{"type":"Feature","geometry":{"type":"LineString","coordinates":[[21.9832507,42.9758121],[21.9833659,42.9760819],[21.9837553,42.9768493],[21.9841537,42.9778953],[21.9845994,42.9803904],[21.9850094,42.9828509],[21.9854829,42.9855469],[21.9860101,42.9885463],[21.9865471,42.9916242],[21.986918,42.9938271],[21.9873134,42.9960942],[21.9887241,42.9987147],[21.9900714,43.0011959],[21.9914235,43.0037055],[21.9900958,43.0055546],[21.9883336,43.0079676],[21.9865311,43.0104927],[21.9846686,43.013041],[21.9828368,43.0155632],[21.9817382,43.0167954],[21.9792867,43.0196311],[21.9772401,43.0214862],[21.974743,43.0237687],[21.972447,43.0258747],[21.9705212,43.0276394],[21.9686007,43.0292197],[21.9664121,43.0308471]]},"properties":{"voltage":"110000","name":""}},{"type":"Feature","geometry":{"type":"LineString","coordinates":[[21.9843308,42.9766561],[21.9850533,42.9777198],[21.9853876,42.9796845],[21.985825,42.9824119],[21.9864219,42.9859497],[21.9869656,42.989275],[21.9874234,42.9921037],[21.9878199,42.9944957],[21.9881306,42.996493],[21.9906692,42.9991868],[21.9929258,43.0016085],[21.9953521,43.0041903],[21.9982303,43.0072683],[22.0007599,43.0099499],[22.0022504,43.0115436],[22.003753,43.0127089],[22.0064154,43.0147256],[22.0086955,43.0164447],[22.0112307,43.0183739],[22.0148704,43.0210964],[22.01813,43.0236056],[22.0225321,43.0269568],[22.0217873,43.0302131],[22.0209041,43.0339926],[22.0203144,43.0364571],[22.0197934,43.0387588],[22.0184085,43.0407035],[22.016788,43.0429414],[22.0142662,43.0464967],[22.0119671,43.0497064],[22.009766,43.0527803],[22.0078315,43.0554889],[22.0057789,43.0583553],[22.0026595,43.0627261],[22.0011336,43.0648571],[21.998973,43.0678513],[21.9969946,43.0706554],[21.9961641,43.0726974],[21.9946922,43.0763447],[21.9930941,43.080262],[21.9918495,43.0832701],[21.9907202,43.0861481],[21.9900168,43.087918],[21.9884385,43.0917574],[21.9870408,43.0951842],[21.9860078,43.0977331],[21.9842643,43.1020652],[21.9828059,43.1056294],[21.9810774,43.1099229],[21.9797945,43.1130973],[21.9805172,43.1153507],[21.9821294,43.1203769],[21.9829414,43.1229084],[21.9844357,43.1274982],[21.9852535,43.1299883],[21.9863894,43.1334379],[21.9877078,43.1374599],[21.9886336,43.1402804],[21.9895284,43.1430676],[21.9907436,43.1468374],[21.9913221,43.1487432],[21.9921355,43.1531929],[21.9924797,43.1546925],[21.9927815,43.156457],[21.9930842,43.1584588],[21.9933533,43.1600716],[21.9941701,43.1647776],[21.9945076,43.1665901],[21.9951827,43.1704894],[21.995481,43.1721803],[21.9962686,43.1766679],[21.9971099,43.1815653],[21.9974474,43.1834485],[21.9978681,43.185938],[21.9986214,43.1901393],[21.9990616,43.1927069],[21.9996045,43.1957131],[22.0000594,43.1983626],[22.0003578,43.1995464],[22.0021432,43.2068237],[22.0029552,43.2101072],[22.0037427,43.2132765],[22.0045596,43.2166132],[22.0058265,43.2217177],[22.0063613,43.2239471],[22.0072662,43.227579],[22.0077286,43.2308552],[22.0044193,43.237848],[22.0027257,43.2411653],[21.9997283,43.2470816],[21.9963877,43.2535775],[21.9929308,43.2602376],[21.9910076,43.2628965],[21.9879748,43.2670184],[21.9854574,43.270444],[21.9811344,43.2762693],[21.9782117,43.2802271],[21.9771851,43.2816073],[21.9735819,43.286564],[21.970734,43.290355],[21.9695425,43.2920332],[21.9685857,43.2933329],[21.968956,43.2948845],[21.969601,43.2976037],[21.9701714,43.3000081],[21.9703951,43.3010528]]},"properties":{"voltage":"110000","name":""}},{"type":"Feature","geometry":{"type":"LineString","coordinates":[[22.6150289,43.1501259],[22.6156783,43.1495167],[22.6159868,43.1474248],[22.6138625,43.1454874],[22.6109549,43.1428415],[22.6076451,43.1397962],[22.6055503,43.1378996],[22.6037639,43.1362555],[22.6023906,43.1347132],[22.6006043,43.1330592],[22.5978953,43.1305948],[22.5944781,43.1282615],[22.5903851,43.1265075],[22.5865173,43.1248748],[22.5828373,43.1232617],[22.5789911,43.1216329],[22.5756061,43.1201332],[22.5745976,43.1192209],[22.5714755,43.1194715],[22.5669318,43.1198709],[22.5622219,43.1202781],[22.5577158,43.1206775],[22.5534457,43.1210299],[22.5485319,43.1214723],[22.5446978,43.1217789],[22.5396063,43.1222408],[22.5357191,43.1225763],[22.5306441,43.1230357],[22.5271363,43.1233509],[22.5233878,43.1236639],[22.5207346,43.1241526],[22.5189545,43.1244723],[22.5145706,43.1252694],[22.5110443,43.1258774],[22.5062593,43.1267578],[22.5013879,43.1276157],[22.4978554,43.1282686],[22.4947726,43.1287774],[22.492691,43.12918],[22.4883096,43.1299366],[22.4848799,43.1305468],[22.4829322,43.1309016],[22.480444,43.1295893],[22.4764739,43.1274658],[22.4739381,43.1261311],[22.4710455,43.1246004],[22.4690638,43.1235237],[22.4656001,43.1216878],[22.463061,43.120348],[22.4607462,43.1191],[22.4572383,43.1172515],[22.4550527,43.1160978],[22.4517724,43.1143464],[22.4494882,43.1116889],[22.4480843,43.1100462],[22.4460381,43.1076415],[22.4444949,43.1058175],[22.4425642,43.1026806],[22.4417416,43.1013678],[22.4409598,43.1000946],[22.4397769,43.0981984],[22.4381827,43.0955897],[22.4364424,43.0927998],[22.4352731,43.0909158],[22.4354192,43.0888083],[22.4355824,43.0866884],[22.4357999,43.0840222],[22.434736,43.0807476],[22.4340664,43.0786547],[22.4328767,43.0750297],[22.4319963,43.072291],[22.4309596,43.0689512],[22.4302322,43.0664904],[22.4292601,43.0633837],[22.4282709,43.0601205],[22.4276013,43.0579076],[22.4255006,43.0571178],[22.4234068,43.0563628],[22.4219418,43.0543088],[22.4203952,43.0521479],[22.4191443,43.0490107],[22.4178153,43.0484419],[22.4162789,43.049207],[22.4138129,43.049486],[22.4107766,43.0497732],[22.4077821,43.0500971],[22.4049412,43.0503701],[22.401903,43.0506805],[22.3995085,43.0509035]]},"properties":{"voltage":"","name":""}},{"type":"Feature","geometry":{"type":"LineString","coordinates":[[21.9711407,43.3009299],[21.9709862,43.2999239],[21.9707665,43.2982967],[21.9703656,43.2953263],[21.9701428,43.2938748],[21.9699254,43.2921993],[21.9692252,43.2865008],[21.9653958,43.2830645],[21.9633113,43.2811146],[21.9608396,43.2789174],[21.9580656,43.2763032],[21.9558472,43.2743959],[21.9506258,43.2697962],[21.9444466,43.2670906],[21.9396166,43.2649274],[21.9373073,43.2639828],[21.9354828,43.263096],[21.9315231,43.2614069],[21.929411,43.2604375],[21.9215139,43.2569485],[21.9190915,43.2550417],[21.9155337,43.2520292],[21.9106628,43.2481932],[21.9060963,43.2457724],[21.9038334,43.2445342],[21.8990792,43.2420172],[21.896598,43.2407199],[21.8899411,43.2371603],[21.886293,43.2351568],[21.8825356,43.2331966],[21.8767305,43.2300827],[21.8751053,43.2292175],[21.8704921,43.2267336],[21.8625614,43.2248712],[21.8575581,43.2237078],[21.8530872,43.2226325],[21.8509091,43.2220753],[21.8484807,43.2215538],[21.844339,43.2205982],[21.841989,43.2205093],[21.8357613,43.220483],[21.8330422,43.2208939],[21.8314816,43.2211265],[21.8249471,43.2232075],[21.8212584,43.2243795],[21.8172044,43.2256772],[21.812577,43.2271117],[21.8085179,43.2284056],[21.80454,43.2296478],[21.8004251,43.2309676],[21.7965487,43.232206],[21.7929158,43.2333409],[21.7890292,43.2345718],[21.785853,43.235581],[21.7809212,43.2357547],[21.7760249,43.2359248],[21.7718644,43.2360505],[21.7679879,43.2361872],[21.7633352,43.236361],[21.7582968,43.2365014],[21.7542936,43.2366456],[21.7490421,43.2368378],[21.7432681,43.2370152],[21.7386864,43.2371779],[21.7337749,43.2373331],[21.7288786,43.2374958],[21.724236,43.2376473],[21.7208213,43.2377582],[21.7174167,43.2392922],[21.7133982,43.2410997],[21.7096293,43.2428029],[21.705953,43.2444465],[21.697779,43.2481498],[21.6905437,43.2513761],[21.6868753,43.253028],[21.6830851,43.2547574],[21.679711,43.2562651],[21.6720545,43.2597127],[21.6682187,43.2614568],[21.6642966,43.2631971],[21.6603593,43.2649817],[21.6558537,43.26701],[21.6540575,43.2677896],[21.6491389,43.2674211],[21.6473072,43.2672084],[21.64593,43.2670805],[21.6404776,43.2665645],[21.6366236,43.266198],[21.6312603,43.2657015],[21.6276772,43.265365],[21.6235865,43.2650175],[21.6203595,43.2647031],[21.6162916,43.2640466],[21.6134584,43.2635226],[21.6101253,43.2629875],[21.6074967,43.2625351],[21.600535,43.2613546],[21.5957929,43.2604885],[21.5902059,43.2595634],[21.5880919,43.2591454],[21.5809182,43.2592006],[21.5766306,43.2592558],[21.5741837,43.2592503],[21.5698583,43.2592613],[21.5653661,43.2592944],[21.558032,43.259458],[21.5530606,43.2595507],[21.544536,43.2595774],[21.5409795,43.259653],[21.5349909,43.2596708],[21.5303345,43.2597376],[21.5258614,43.2596352],[21.5212948,43.259719],[21.5160902,43.2598088],[21.5110671,43.2597643],[21.5051763,43.2598213],[21.5009771,43.2600124],[21.4961809,43.2601414],[21.4906104,43.2603899],[21.4862997,43.2606145],[21.4801583,43.260753],[21.4759067,43.2608534],[21.4719329,43.2610019],[21.4667406,43.2611257],[21.4622643,43.2612594],[21.4588015,43.2613598],[21.4528242,43.2615605],[21.449478,43.2617039],[21.4449797,43.2603981],[21.4399443,43.2590116],[21.4365574,43.2580624],[21.4313412,43.2566814],[21.4263875,43.2553099],[21.4225492,43.2545358],[21.4169525,43.2535562],[21.4135566,43.2529279],[21.4090754,43.252129],[21.4046764,43.2512576],[21.4004837,43.2505312],[21.3964486,43.2497617],[21.3932008,43.2484857],[21.3890213,43.2468321],[21.3847827,43.2451355],[21.3803867,43.2433288],[21.3757676,43.2415747],[21.3719227,43.2400261],[21.3676309,43.2383097],[21.3644695,43.2370591],[21.3605642,43.2355219],[21.3565659,43.2339377],[21.3492918,43.2309986],[21.3454294,43.2294717],[21.3419247,43.2280646],[21.3396427,43.2257493],[21.3374886,43.2235638],[21.3349282,43.2209658],[21.333255,43.2192681],[21.3313283,43.2173131],[21.3299447,43.215909],[21.3304525,43.2129099],[21.3308883,43.2103357],[21.3316442,43.2058702],[21.3320014,43.20376],[21.332759,43.1992842],[21.331728,43.1962164],[21.330752,43.193312],[21.3296676,43.1900849],[21.3281451,43.1855539],[21.3274232,43.1834052],[21.3257809,43.1785172],[21.3252298,43.1768769],[21.3248126,43.1745741],[21.3242711,43.1716898],[21.323868,43.16918],[21.3233098,43.1666488],[21.3224603,43.1620419],[21.3220478,43.1599353],[21.3214168,43.156669],[21.3207312,43.1529997],[21.3201123,43.1486972],[21.3184863,43.1431194],[21.317115,43.1384266],[21.313772,43.1359915],[21.3091955,43.13268],[21.3068414,43.1310018],[21.3046208,43.1293768],[21.3013869,43.1269989],[21.2986991,43.1247538],[21.2964542,43.1232304],[21.2910502,43.1213909],[21.2877223,43.1201684],[21.2861236,43.1195889],[21.2835733,43.1174693],[21.2813384,43.1156593],[21.2810745,43.1124118],[21.2805796,43.1068104],[21.2803675,43.1032174],[21.2799162,43.0982465],[21.280808,43.0942202],[21.281239,43.0923144],[21.2815969,43.0907317]]},"properties":{"voltage":"400000","name":""}},{"type":"Feature","geometry":{"type":"LineString","coordinates":[[20.0145015,45.3181775],[20.0117104,45.3205983]]},"properties":{"voltage":"220000","name":""}},{"type":"Feature","geometry":{"type":"LineString","coordinates":[[20.1574968,45.1764408],[20.1552196,45.1818524]]},"properties":{"voltage":"220000","name":""}},{"type":"Feature","geometry":{"type":"LineString","coordinates":[[20.1590198,45.1764366],[20.1562309,45.182738]]},"properties":{"voltage":"400000","name":""}},{"type":"Feature","geometry":{"type":"LineString","coordinates":[[20.0117104,45.3205983],[20.006687,45.3216193],[20.0015496,45.3226849],[19.9961083,45.3237801],[19.9910595,45.324807],[19.9860572,45.3258162],[19.9813166,45.3267896],[19.9766604,45.3277453],[19.9730258,45.3284694],[19.9700202,45.3290897],[19.9674199,45.329612],[19.9638908,45.3303361],[19.9596146,45.3304637],[19.9550175,45.330621],[19.9507244,45.3307397],[19.9465874,45.3308644],[19.9415809,45.3310128],[19.936777,45.3311226],[19.9320406,45.3312977],[19.9276842,45.3314015],[19.9231378,45.331544],[19.9177219,45.3317493],[19.9124366,45.3319031],[19.9076074,45.3320366],[19.9030483,45.3321701],[19.8979447,45.3323245],[19.8929086,45.3325025],[19.8879189,45.332645],[19.8832417,45.3327904],[19.878653,45.3329209],[19.8739293,45.3339121],[19.8692436,45.3348676],[19.8644481,45.3358676],[19.8601255,45.3367697],[19.855959,45.3376392],[19.8515856,45.3385442],[19.8485917,45.3391804],[19.8470442,45.339739],[19.8466876,45.3397951]]},"properties":{"voltage":"220000","name":""}},{"type":"Feature","geometry":{"type":"LineString","coordinates":[[20.1552196,45.1818524],[20.1538832,45.1850291],[20.1530018,45.1871256],[20.1517534,45.1900831],[20.1506998,45.1926547],[20.1496137,45.1952635],[20.1481632,45.1986909],[20.1468354,45.2018944],[20.1453849,45.2053798],[20.1439705,45.2087405],[20.140117,45.2109038],[20.1363104,45.2130212],[20.132814,45.2149886],[20.1295017,45.2168466],[20.1258142,45.2188824],[20.1222637,45.2208928],[20.1186159,45.222926],[20.1147118,45.2250963],[20.1110748,45.2271319],[20.1079032,45.2289056],[20.1047424,45.2306818],[20.101459,45.2325114],[20.0982622,45.2343002],[20.094488,45.2365895],[20.0908113,45.2388915],[20.0868856,45.2412949],[20.0831547,45.2435992],[20.0794058,45.2458983],[20.0755559,45.2482583],[20.072074,45.2504251],[20.0681736,45.2527849],[20.064652,45.2549769],[20.0611737,45.2571003],[20.057212,45.2595132],[20.0542893,45.2613138],[20.0550262,45.2639168],[20.0558541,45.2670395],[20.0566516,45.269971],[20.0572743,45.2722095],[20.0581243,45.275324],[20.0591617,45.2791484],[20.0556512,45.2822019],[20.0523165,45.2851274],[20.0492729,45.2878063],[20.0460646,45.290592],[20.0429366,45.2933479],[20.0397875,45.296077],[20.0366046,45.2988593],[20.0333837,45.301686],[20.0301712,45.3044889],[20.0270136,45.3072649],[20.0238307,45.3100378],[20.0207787,45.3127066],[20.0175831,45.3154793],[20.0145015,45.3181775]]},"properties":{"voltage":"220000","name":""}},{"type":"Feature","geometry":{"type":"LineString","coordinates":[[20.1562309,45.182738],[20.1550007,45.1853074],[20.1538461,45.1879826],[20.1524485,45.1912347],[20.1510345,45.1945066],[20.1497588,45.1974408],[20.1483606,45.2007236],[20.1470798,45.2036754],[20.1458807,45.2064546],[20.1447836,45.2090107],[20.1413291,45.2109268],[20.1373336,45.2131771],[20.1334096,45.2153627],[20.129506,45.2175553],[20.1256994,45.2196796],[20.121954,45.2217607],[20.118377,45.2237877],[20.1148459,45.2257501],[20.1106668,45.2280968],[20.1059722,45.2307059],[20.1022013,45.2327937],[20.0987774,45.2347054],[20.0951494,45.2369476],[20.0919295,45.2389059],[20.088822,45.2408497],[20.0850613,45.2431636],[20.0814536,45.2453767],[20.0774123,45.2478341],[20.0737893,45.2500722],[20.0701511,45.2523317],[20.0670895,45.2542069],[20.0643085,45.2559167],[20.0612162,45.2577989],[20.0583893,45.2595373],[20.0552409,45.2614517],[20.0536285,45.2624179],[20.0539735,45.2636314],[20.0547851,45.2668274],[20.055724,45.2702498],[20.0563667,45.2726785],[20.0571267,45.275616],[20.058006,45.2789353],[20.055433,45.2811869],[20.0528051,45.2834811],[20.0500496,45.2858758],[20.0474166,45.2882093],[20.0447326,45.2905463],[20.0418393,45.2930915],[20.0386706,45.295859],[20.0358743,45.2983178],[20.0335168,45.3003852],[20.0305215,45.3029694],[20.0272864,45.3058118],[20.0243523,45.308385],[20.021704,45.3106925],[20.0191883,45.3128599],[20.0166268,45.3151134],[20.0138917,45.3174744],[20.0111005,45.3199394],[20.0067071,45.3208364],[20.0022422,45.3217262],[19.9980069,45.3225909],[19.9940319,45.3233802],[19.9900313,45.3241982],[19.9855409,45.3250915],[19.9814996,45.3259561],[19.9775858,45.3267203],[19.9731821,45.3276136],[19.968207,45.3286288],[19.9637268,45.3295185],[19.9588792,45.3296979],[19.9543684,45.3298414],[19.9502964,45.3299669],[19.9463316,45.3300781],[19.9418208,45.3302144],[19.9375906,45.3303472],[19.9338605,45.3304548],[19.9293446,45.3306019],[19.9243184,45.3307525],[19.9198688,45.3308996],[19.9153529,45.331018],[19.9102247,45.3311938],[19.9062292,45.3313552],[19.9028869,45.3314521],[19.8987384,45.3316135],[19.8946817,45.3317641],[19.8903852,45.3319076],[19.8859918,45.3320691],[19.8815014,45.3322484],[19.8775519,45.3323883],[19.8726584,45.333486],[19.867724,45.3345478],[19.8632183,45.3355414],[19.8592535,45.3364202],[19.8552121,45.3372954],[19.8510993,45.3382064],[19.8483899,45.3388268],[19.8464646,45.3393964],[19.8453621,45.3400589],[19.8448131,45.3401469]]},"properties":{"voltage":"400000","name":""}},{"type":"Feature","geometry":{"type":"LineString","coordinates":[[19.8469343,45.3404882],[19.8472546,45.3404358],[19.8490145,45.3399617],[19.8519583,45.3395649],[19.8563063,45.3389778],[19.8610606,45.3383463],[19.865815,45.3377083],[19.8705061,45.3370609],[19.8752424,45.3364388],[19.8800554,45.3357755],[19.8845976,45.3351725],[19.8880561,45.3346964],[19.8916591,45.3345821],[19.8959529,45.3344583],[19.9005131,45.3343314],[19.9055203,45.3341854],[19.9105726,45.334033],[19.9151238,45.3338997],[19.9196614,45.3337632],[19.924768,45.3336014],[19.9288857,45.3334744],[19.9322675,45.3333697],[19.936647,45.3332395],[19.9412569,45.3331221],[19.9467743,45.3329316],[19.9511991,45.3328079],[19.954942,45.3336934],[19.9590281,45.3346678],[19.9633174,45.3356739],[19.9677377,45.3367403],[19.9725868,45.3378797],[19.9770342,45.3389461],[19.9813054,45.339968],[19.9852696,45.340882],[19.9895092,45.341888],[19.9942094,45.3430051],[19.9991805,45.3441951],[20.0034382,45.3451979],[20.0074475,45.3461404],[20.0121613,45.3472351],[20.0166357,45.3482886],[20.0208843,45.3493135],[20.0257561,45.3504717],[20.0303885,45.3515569],[20.0348087,45.3525913],[20.0392606,45.3536447],[20.0428049,45.3544823],[20.0465704,45.3530989],[20.0510103,45.3514441],[20.0549307,45.3499536],[20.0579055,45.3488913],[20.0615419,45.3475541],[20.0650996,45.34624],[20.0680679,45.347148],[20.0716904,45.348266],[20.0757928,45.3494755],[20.0801109,45.350775],[20.0849249,45.3522088],[20.0894807,45.3535991],[20.0940312,45.3549602],[20.0979051,45.3561435],[20.1019392,45.357363],[20.1063038,45.3586732],[20.1109009,45.3600524],[20.1155124,45.3614436],[20.1201329,45.3628324],[20.1247066,45.3641794],[20.1284387,45.3653053],[20.1322856,45.3656188],[20.1360006,45.3659115],[20.1395542,45.3661713],[20.1435371,45.3664759],[20.1483829,45.3668074],[20.1529014,45.36713],[20.1578194,45.3675242],[20.16312,45.3679034],[20.1676994,45.3682509],[20.1720378,45.3685696],[20.1750214,45.3695534],[20.1773658,45.3703156],[20.1808915,45.3714875],[20.1840294,45.3724905],[20.1873868,45.3735927],[20.1910687,45.3747941],[20.1949821,45.3760884],[20.1983274,45.3771377],[20.2017239,45.3782292],[20.2053547,45.3794622],[20.2104614,45.381073],[20.2151412,45.3826374],[20.2196498,45.3840919],[20.2241884,45.3855675],[20.2281258,45.3868531],[20.2313299,45.3879001],[20.2354627,45.389251],[20.2391597,45.3904289],[20.2415281,45.3912542],[20.2445879,45.3922294],[20.248844,45.3936225],[20.2531121,45.395026],[20.257867,45.3965816],[20.2624146,45.3980822],[20.2655481,45.3990612],[20.268361,45.3999871],[20.2725772,45.4003629],[20.2777351,45.400829],[20.2830559,45.401298],[20.2886322,45.401795],[20.2938171,45.4022029],[20.29888,45.4026777],[20.3034214,45.4030798],[20.3076631,45.4034892],[20.3119249,45.4038875],[20.3163213,45.4042876],[20.3212458,45.4047095],[20.3254864,45.4050833],[20.33055,45.4055265],[20.3357187,45.4059693],[20.3399306,45.4063474],[20.3432261,45.4066408],[20.344965,45.4084862],[20.349808,45.4090091],[20.3546066,45.4095114],[20.3602082,45.4100526],[20.3654012,45.4105516],[20.3702644,45.4110638],[20.3750631,45.4115378],[20.3796768,45.412023],[20.3839532,45.4124322],[20.3883637,45.412895],[20.3922225,45.4133091],[20.3934398,45.4134509],[20.3937303,45.4134551]]},"properties":{"voltage":"220000","name":"\u041d\u043e\u0432\u0438 \u0421\u0430\u0434 3 - \u0417\u0440\u0435\u045a\u0430\u043d\u0438\u043d 2"}},{"type":"Feature","geometry":{"type":"LineString","coordinates":[[20.1062469,44.6826438],[20.1077028,44.6841392],[20.1084969,44.6847662]]},"properties":{"voltage":"400000","name":""}},{"type":"Feature","geometry":{"type":"LineString","coordinates":[[20.1062469,44.6826438],[20.1081535,44.6838461],[20.1089296,44.6844767]]},"properties":{"voltage":"400000","name":""}},{"type":"Feature","geometry":{"type":"LineString","coordinates":[[21.9384333,43.3368557],[21.938991,43.3376388],[21.9399789,43.3391227],[21.9423635,43.3394585],[21.9444188,43.3397531],[21.9464366,43.3386214],[21.9491048,43.3370552],[21.9539243,43.334273],[21.9586055,43.3315489],[21.9622052,43.3294673],[21.964022,43.3275069],[21.9657215,43.3256978],[21.9671894,43.3241513],[21.9687459,43.3225147],[21.9706044,43.3206284],[21.9724629,43.3187227],[21.9740526,43.3170952],[21.9737717,43.3149094],[21.9733864,43.3122398],[21.9727922,43.310086],[21.9715431,43.3060288]]},"properties":{"voltage":"110000","name":""}},{"type":"Feature","geometry":{"type":"LineString","coordinates":[[21.9382365,43.336929],[21.9387539,43.3376798],[21.9399155,43.3396536],[21.938224,43.3414406],[21.9366342,43.3431068],[21.9351577,43.343159],[21.9330546,43.3431702],[21.9308772,43.3432288],[21.926064,43.3433639],[21.9217474,43.3434514],[21.916997,43.3434387],[21.9145957,43.3433558],[21.9114472,43.3432279],[21.9084761,43.3431642],[21.9036,43.3430102],[21.8993818,43.3429019],[21.89738,43.3416022],[21.8926056,43.3408854],[21.8888298,43.3412135],[21.8855665,43.3415353],[21.883959,43.3410447],[21.8832165,43.3407038]]},"properties":{"voltage":"110000","name":""}},{"type":"Feature","geometry":{"type":"LineString","coordinates":[[21.8340778,43.3147984],[21.8330084,43.3141334],[21.8308709,43.3128425],[21.8284867,43.3114145],[21.8273464,43.3111598],[21.8239253,43.3109186],[21.8208066,43.3106967],[21.8176374,43.3104612],[21.8138451,43.3098283],[21.8099281,43.309178],[21.8059574,43.308535],[21.802318,43.3079075],[21.7983813,43.3072655],[21.7944218,43.3066422],[21.7912764,43.3061076],[21.7859484,43.3051534],[21.7833031,43.3047398],[21.7794109,43.3055853],[21.7752806,43.3064971],[21.7703766,43.3075888],[21.7673471,43.3082843],[21.7637924,43.3090622],[21.7601455,43.3098593],[21.7563259,43.310715],[21.7531236,43.309326],[21.7496041,43.3077673],[21.744531,43.3055298],[21.7406786,43.3037881],[21.73723,43.3022451],[21.7332968,43.3005204],[21.7299341,43.2990155],[21.7252372,43.2969344],[21.7217937,43.2954007],[21.7181631,43.2937835],[21.7144932,43.2921511],[21.7111859,43.2906849],[21.7085431,43.2894928],[21.7043721,43.2876224],[21.7006243,43.2859887],[21.6962654,43.2840446],[21.6914212,43.2818755],[21.68694,43.2799025],[21.6841027,43.2786532],[21.6808342,43.2772004],[21.6768926,43.2754159],[21.6737392,43.2739669],[21.6707592,43.2726817],[21.6668981,43.2714201],[21.6629502,43.2701546],[21.6594404,43.2690292],[21.655795,43.2678387],[21.6524042,43.2667408],[21.6495462,43.2657911],[21.6446875,43.2642248],[21.6400562,43.262713],[21.6356069,43.2612814],[21.6322578,43.2601394],[21.6272632,43.2585498],[21.6241044,43.2575447],[21.6220497,43.2568643],[21.6198559,43.256152],[21.6146407,43.254624],[21.6121751,43.2539398],[21.607625,43.2526057],[21.6054053,43.2520009]]},"properties":{"voltage":"110000","name":""}},{"type":"Feature","geometry":{"type":"LineString","coordinates":[[21.8629563,43.3109235],[21.8637369,43.3104894],[21.8656314,43.3092795],[21.8670828,43.3083713],[21.86716,43.3073329],[21.8651801,43.3051259],[21.8638385,43.3037857],[21.8627122,43.3026385]]},"properties":{"voltage":"110000","name":""}},{"type":"Feature","geometry":{"type":"LineString","coordinates":[[21.8611394,43.3033332],[21.8575639,43.3048169],[21.8541215,43.3062225],[21.8504687,43.3076781],[21.8468117,43.3091336],[21.8433478,43.3104922],[21.8393866,43.3120768],[21.8362891,43.3121988],[21.8351323,43.3133421],[21.8343395,43.3141682],[21.8345017,43.3145388]]},"properties":{"voltage":"110000","name":""}},{"type":"Feature","geometry":{"type":"LineString","coordinates":[[21.8639031,43.302252],[21.8666158,43.301241],[21.8703742,43.2997176],[21.8739865,43.298276],[21.8771975,43.2970198],[21.8805195,43.2969205],[21.8826903,43.296864],[21.8842355,43.2968238],[21.8885861,43.2967369],[21.8959447,43.2965508],[21.8990618,43.2964751],[21.9047456,43.2960544],[21.9081772,43.2956879],[21.9127877,43.2951554],[21.9147256,43.2949003]]},"properties":{"voltage":"110000","name":""}},{"type":"Feature","geometry":{"type":"LineString","coordinates":[[21.8627122,43.3026385],[21.8639031,43.302252]]},"properties":{"voltage":"110000","name":""}},{"type":"Feature","geometry":{"type":"LineString","coordinates":[[21.8627122,43.3026385],[21.8611394,43.3033332]]},"properties":{"voltage":"110000","name":""}},{"type":"Feature","geometry":{"type":"LineString","coordinates":[[20.1682441,44.6668976],[20.1676277,44.6685719],[20.1650007,44.6695594],[20.1620642,44.6706632]]},"properties":{"voltage":"220000","name":""}},{"type":"Feature","geometry":{"type":"LineString","coordinates":[[21.8514005,43.28083],[21.8531026,43.2804936],[21.8559597,43.2809907],[21.8599176,43.2816387],[21.8643703,43.2823774],[21.8685863,43.2830453],[21.8724991,43.2837045],[21.8764073,43.2842842],[21.8800775,43.284912],[21.8846638,43.2855806],[21.8908759,43.2866473],[21.8929611,43.2876679],[21.8952622,43.2896507],[21.9001682,43.2912365],[21.9029913,43.2926125],[21.9080719,43.2950971],[21.9122611,43.2947155],[21.9153355,43.2942616],[21.9223553,43.2934923],[21.9248713,43.293214],[21.9273059,43.2928973],[21.9316999,43.2928018],[21.9369029,43.2927099],[21.9393061,43.2926396],[21.9425616,43.2925713],[21.9481881,43.2924981],[21.9545002,43.2923001],[21.9592107,43.2921945],[21.9611178,43.2935151],[21.9629401,43.2947529],[21.9655317,43.296535],[21.9671373,43.2985253],[21.9690564,43.3009042]]},"properties":{"voltage":"110000","name":""}},{"type":"Feature","geometry":{"type":"LineString","coordinates":[[21.9715431,43.3060288],[21.9696572,43.3051778],[21.9675156,43.3041174],[21.967328,43.3024465],[21.967902,43.3016271],[21.9683423,43.3015532]]},"properties":{"voltage":"110000","name":""}},{"type":"Feature","geometry":{"type":"LineString","coordinates":[[21.0656214,42.7025382],[21.0661345,42.7027794],[21.0676173,42.7032318],[21.0688378,42.7046845],[21.0709028,42.70716],[21.0724907,42.7090876],[21.0717021,42.7116695],[21.0708062,42.7146374],[21.0696759,42.7182329],[21.0687358,42.7214046],[21.0679526,42.7239701],[21.0671064,42.7266154],[21.0691771,42.7294762],[21.0715756,42.732837],[21.0717305,42.7330541],[21.0728608,42.7344322],[21.077111,42.7363796],[21.0806017,42.7378838],[21.0838632,42.7393455],[21.0867241,42.7405718],[21.0902592,42.7421358],[21.0945491,42.7440141],[21.099876,42.7463778],[21.1037974,42.7480717],[21.1065885,42.7508932],[21.1095068,42.7538672],[21.1118923,42.7562965],[21.1155203,42.7599762],[21.1183564,42.7628858],[21.1203788,42.764918],[21.1211835,42.7682457],[21.1222188,42.7727152],[21.1229645,42.7757709],[21.1237369,42.7791177],[21.1246543,42.7830589],[21.1285809,42.7899407],[21.1309413,42.7942157],[21.1332807,42.7984728],[21.1387524,42.8083871],[21.1404256,42.8114508],[21.142464,42.8150161],[21.1437306,42.8170722],[21.1462733,42.8206804],[21.1497865,42.8253488],[21.1519703,42.8282621],[21.1545447,42.8333784],[21.1561707,42.8364684],[21.1574581,42.8391118],[21.1597487,42.8435644],[21.1597863,42.8511512],[21.1598882,42.8598853],[21.1598826,42.8639078],[21.1585144,42.8691941],[21.1575917,42.8730509],[21.1557034,42.8808543],[21.1547652,42.8846141],[21.155403,42.888405],[21.1558542,42.8917517],[21.1565993,42.8962103],[21.1575756,42.9024605],[21.1581711,42.9060029],[21.1583325,42.909934],[21.15845,42.9131184],[21.15859,42.9176501],[21.158686,42.9202331],[21.1588261,42.9237901],[21.1589763,42.9276867],[21.1590884,42.9317068],[21.1591586,42.9333741],[21.1623499,42.9365808],[21.1653331,42.9394222],[21.1706701,42.9444232],[21.173068,42.9467321],[21.1761853,42.9497222],[21.1766252,42.9530754],[21.1768929,42.955543],[21.1772255,42.9583069],[21.1775688,42.9612278],[21.1779228,42.9645057],[21.1783305,42.967752],[21.178647,42.9704762],[21.1788884,42.9725211],[21.1849937,42.9807494],[21.1904064,42.9841166],[21.1944989,42.9866222],[21.1977497,42.988596],[21.2002286,42.9900067],[21.2043324,42.9922904],[21.2098417,42.9954528],[21.2152275,42.998572],[21.2175841,42.9998481],[21.2206617,43.0015145],[21.2242982,43.0043999],[21.228622,43.007805],[21.2312778,43.0099309],[21.2357019,43.0134721],[21.2377434,43.0151062],[21.2393604,43.0164004],[21.2412196,43.0178672],[21.2436692,43.0197997],[21.247062,43.0224761],[21.2489696,43.023981],[21.2510023,43.0255844],[21.2556784,43.0291898],[21.2576252,43.0306908],[21.2600199,43.0325371],[21.2612382,43.0347545],[21.2636575,43.0385421],[21.26625,43.0423536],[21.2675455,43.0436756],[21.2711893,43.0473133],[21.2730127,43.049088],[21.2753202,43.0513614],[21.2778422,43.0538259],[21.2792599,43.0552101],[21.279289,43.0577858],[21.2797701,43.061311],[21.2803184,43.0667863],[21.2804949,43.0701878],[21.2807017,43.0726705],[21.2810447,43.0766329],[21.2815628,43.0796552],[21.2814978,43.0818802],[21.2815484,43.0863961],[21.2815969,43.0907317]]},"properties":{"voltage":"400000","name":""}},{"type":"Feature","geometry":{"type":"LineString","coordinates":[[21.2817864,43.584823],[21.2817482,43.5845233],[21.281583,43.5830001],[21.2798176,43.5815186],[21.276776,43.5790743],[21.2736271,43.5765366],[21.2706767,43.5741154],[21.2683592,43.5722227],[21.2682251,43.569949],[21.268032,43.5667579],[21.2678282,43.5639126],[21.2676189,43.5606007],[21.2674366,43.5576657],[21.2671093,43.5527673],[21.2668787,43.5485722],[21.2666963,43.5457105],[21.2665068,43.5426552],[21.266369,43.5404339],[21.266192,43.5379063],[21.2666641,43.5341654],[21.2673293,43.5294982],[21.2676243,43.5273435],[21.2679837,43.5247336],[21.2678013,43.5217346],[21.2674977,43.51687],[21.2672703,43.5122077],[21.2667982,43.5098267],[21.2659399,43.5053446],[21.2649904,43.5008699],[21.2641723,43.4966409],[21.2632952,43.4922582],[21.2626569,43.4888295],[21.2592612,43.4864632],[21.256359,43.4843692],[21.2527649,43.4818431],[21.2496321,43.4795738],[21.2466441,43.4775535],[21.2446592,43.4761054],[21.2429855,43.4749687],[21.2396596,43.4718311],[21.2351428,43.4674941],[21.230186,43.4627324],[21.2282602,43.4608673],[21.2251193,43.4578036],[21.2218256,43.4546573],[21.2198568,43.4527141],[21.2171478,43.4500347],[21.2122552,43.4453848],[21.2082731,43.4438863],[21.2038923,43.4422376],[21.2017463,43.4395892],[21.2000889,43.4378401],[21.195556,43.432523],[21.1941344,43.4296364],[21.1919779,43.4254834],[21.1906596,43.4228841],[21.1870963,43.4163346],[21.1856855,43.4135914],[21.1831895,43.4086481],[21.1820001,43.4062923],[21.1810882,43.4045112],[21.1808128,43.4013894],[21.1804724,43.3975306],[21.1801709,43.3941122],[21.1795486,43.3886235],[21.1793608,43.3828224],[21.1790551,43.379801],[21.1788781,43.3774811],[21.1816812,43.3725947],[21.1838672,43.3687837],[21.1868181,43.363639],[21.1889574,43.359909],[21.1922052,43.3542456],[21.1936237,43.3517721],[21.1956324,43.3508706],[21.2006518,43.3486178],[21.2035399,43.3473215],[21.210614,43.3441463],[21.2156425,43.3418892],[21.2207554,43.3395941],[21.2232787,43.3384614],[21.2293103,43.3357537],[21.2346411,43.3333605],[21.2362075,43.33147],[21.2384866,43.3286402],[21.2412018,43.3252459],[21.2433116,43.3226182],[21.2456918,43.3196534],[21.2482882,43.3164179],[21.2504117,43.3137396],[21.2507218,43.309837],[21.2510262,43.306004],[21.2514363,43.3008421],[21.2538003,43.2978633],[21.2573754,43.2933583],[21.2597267,43.2903954],[21.2620931,43.2874131],[21.2642546,43.284689],[21.2646006,43.2806198],[21.2651483,43.2741296],[21.2654219,43.270626],[21.2658403,43.2651379],[21.2645201,43.2626644],[21.2625573,43.2589695],[21.2610786,43.2560853],[21.2597472,43.2534882],[21.2583036,43.2498232],[21.2569241,43.2460166],[21.2556804,43.2425005],[21.2543653,43.2389865],[21.2530733,43.2353489],[21.2519575,43.2322535],[21.2507604,43.228993],[21.2489843,43.2243863],[21.2477027,43.2202175],[21.2466083,43.2170353],[21.2477295,43.214846],[21.249463,43.2115275],[21.2511796,43.2081337],[21.2528686,43.2048563],[21.2545699,43.2014903],[21.2564935,43.1977206],[21.2593796,43.1920642],[21.2612486,43.1884008],[21.2634419,43.1840936],[21.2648908,43.1812546],[21.2644558,43.1782221],[21.2640105,43.1748031],[21.2637208,43.1723658],[21.2630723,43.1674369],[21.262627,43.1638372],[21.2619404,43.158539],[21.2615268,43.1553764],[21.2610654,43.1514903],[21.2614586,43.1483362],[21.261677,43.1466059],[21.2621084,43.1433733],[21.2627284,43.1397366],[21.2641232,43.1374506],[21.2649848,43.1359294],[21.2633079,43.1338879],[21.2636815,43.1325991],[21.2661241,43.1283604],[21.2679641,43.1250868],[21.2700432,43.1213876],[21.2709896,43.1197036],[21.2744907,43.1135721],[21.2749791,43.1103474],[21.275618,43.1063749],[21.2763067,43.1020531],[21.277521,43.0944319],[21.2778197,43.0917215],[21.2781852,43.0884053],[21.2784453,43.0855289],[21.2789504,43.0814319],[21.2786232,43.0790575],[21.2781994,43.0759072],[21.27784,43.0734111],[21.277266,43.0695747],[21.277068,43.067518],[21.2766491,43.0646681],[21.2761287,43.0612074],[21.2748091,43.0591654],[21.2729262,43.0562884],[21.2707426,43.0526819],[21.268935,43.0498676],[21.2665806,43.0462539],[21.2632434,43.0415858],[21.2602315,43.0369124],[21.2583896,43.0338546],[21.2564686,43.0308529],[21.2549525,43.0296365],[21.2503323,43.0259295],[21.2482557,43.024406],[21.2426611,43.0200076],[21.2410696,43.0187587],[21.2389508,43.017096],[21.2367335,43.0153559],[21.2316587,43.0114178],[21.2297645,43.0099017],[21.2276193,43.0082326],[21.219084,43.0014909],[21.217443,43.0001198],[21.2129793,42.9919529],[21.211842,42.9897556],[21.2098309,42.9859473],[21.2081513,42.9827509],[21.2067887,42.9802393],[21.2054154,42.9775195],[21.2036457,42.9742364],[21.2021914,42.9716478],[21.2002871,42.9678482],[21.1979482,42.9632554],[21.196135,42.9599303],[21.1942902,42.9564146],[21.1924979,42.9528909],[21.1908028,42.9496476],[21.1893061,42.946742],[21.1871823,42.9434808],[21.1850253,42.9401173],[21.1838612,42.9381144],[21.1828157,42.936518],[21.1806163,42.9330658],[21.1789693,42.9304409],[21.1786041,42.9298588],[21.1765978,42.9266458],[21.1745164,42.9234287],[21.1725214,42.920131],[21.1702731,42.9166758],[21.1677417,42.9121873],[21.165869,42.9086374],[21.1638734,42.9050775],[21.1621997,42.9020833],[21.1628702,42.8986448],[21.1635145,42.89533],[21.1641577,42.89196],[21.1650321,42.8874047],[21.1663893,42.8803255],[21.1683318,42.8704011],[21.1687926,42.8680009],[21.1691957,42.8658923],[21.1693451,42.865111],[21.1681333,42.8605557],[21.1675534,42.8576282],[21.1667868,42.8545943],[21.1641421,42.8436097],[21.1630473,42.8394776],[21.1586812,42.8307151],[21.1556336,42.8261966],[21.1539927,42.8237711],[21.1507252,42.8189058],[21.149111,42.8164563],[21.1485207,42.8155698],[21.1460533,42.811864],[21.1434891,42.8080624],[21.1414668,42.8050281],[21.1391815,42.8016157],[21.1376897,42.7994844],[21.1291871,42.7865491],[21.1294558,42.7808778],[21.1296055,42.7768557],[21.1305872,42.7585673],[21.1305925,42.7552902],[21.1307267,42.7522887],[21.1308929,42.7491492],[21.1310753,42.745458],[21.1311716,42.7424796],[21.1313275,42.7396194],[21.1314401,42.7365698],[21.1316171,42.7333271],[21.1316664,42.7307523],[21.1317356,42.7293058],[21.1319015,42.7273849]]},"properties":{"voltage":"220000","name":""}},{"type":"Feature","geometry":{"type":"LineString","coordinates":[[21.9116707,43.3098797],[21.9117623,43.3095558],[21.9114277,43.3082838],[21.9130692,43.305865],[21.9138706,43.3048181],[21.9135096,43.3024266],[21.9131245,43.2992933],[21.9130388,43.2981992],[21.9157107,43.2965931],[21.922211,43.295562],[21.9253984,43.295013],[21.9285205,43.2945048],[21.9331001,43.2944741],[21.9365066,43.2944155],[21.940855,43.2943341],[21.9438539,43.2942652],[21.9485234,43.2941579],[21.9548802,43.2939924],[21.9613807,43.2963523],[21.9643324,43.2973696],[21.9662296,43.2990395],[21.9684635,43.3010058],[21.9688835,43.301781]]},"properties":{"voltage":"110000","name":""}},{"type":"Feature","geometry":{"type":"LineString","coordinates":[[21.9115541,43.3098779],[21.9115561,43.3095423],[21.9111495,43.3082538],[21.9134445,43.3048485],[21.9130039,43.3018141],[21.912622,43.2992675],[21.9124909,43.2982036],[21.9156914,43.2960014],[21.9218568,43.2949078],[21.9245167,43.2944423],[21.9278806,43.2938839],[21.9322998,43.2938622],[21.935616,43.2938324],[21.940175,43.2937565],[21.9424924,43.2937179],[21.9479943,43.2936263],[21.9549684,43.293478],[21.957555,43.2944543],[21.9630084,43.2965251],[21.9646826,43.2971608],[21.966412,43.2988142],[21.9686664,43.3009694],[21.9691175,43.3017446]]},"properties":{"voltage":"110000","name":""}},{"type":"Feature","geometry":{"type":"LineString","coordinates":[[20.1921472,44.4910021],[20.1922429,44.4909399],[20.1917941,44.4902495],[20.1917803,44.4885151],[20.191813,44.4867901],[20.1918322,44.4851386],[20.1920787,44.483627],[20.1924451,44.4820768],[20.1919083,44.4806238],[20.1919659,44.4775322],[20.1919711,44.4765245],[20.191191,44.4761303]]},"properties":{"voltage":"","name":""}},{"type":"Feature","geometry":{"type":"LineString","coordinates":[[20.190853,44.4912525],[20.1888735,44.4898978],[20.1867331,44.4884359],[20.1846152,44.486945],[20.1835949,44.4850404],[20.1821589,44.48243],[20.1809828,44.4803568],[20.1810422,44.4780198],[20.1811222,44.4753707],[20.1812619,44.4722511],[20.1805218,44.4700441],[20.1798997,44.4678576],[20.1791404,44.4653595],[20.1782726,44.462594],[20.1774383,44.4598298],[20.1765888,44.4499915],[20.1764301,44.4476949],[20.1773864,44.4453005],[20.178207,44.4432173],[20.1793286,44.4405113],[20.1802908,44.4381845],[20.1812548,44.4358375],[20.1821768,44.4335963],[20.1830151,44.4313997],[20.1839238,44.429189],[20.1824254,44.4269679],[20.1806841,44.4244074],[20.179474,44.4237608],[20.179148,44.4237057]]},"properties":{"voltage":"35000","name":""}},{"type":"Feature","geometry":{"type":"LineString","coordinates":[[20.1919171,44.4911575],[20.1909067,44.4908927],[20.1889969,44.4895457],[20.1870496,44.4881718],[20.1850443,44.4867268],[20.1839497,44.4848072],[20.1825221,44.4824159],[20.1813394,44.4803709],[20.1814054,44.4780339],[20.1814805,44.4752893],[20.181598,44.4722411],[20.1809279,44.4700541],[20.180251,44.4677131],[20.1794666,44.4651349],[20.178672,44.4625234],[20.1778666,44.4597661],[20.1769997,44.4503015],[20.1767896,44.4481049],[20.1776534,44.4459182],[20.17864,44.4434451],[20.1796414,44.4409546],[20.1806671,44.4384626],[20.181605,44.4360575],[20.1825447,44.4337286],[20.1834259,44.4314797],[20.1843241,44.4291824],[20.1827032,44.4268662],[20.1809923,44.4244174],[20.1795756,44.4235809],[20.1791472,44.4235775]]},"properties":{"voltage":"35000","name":""}},{"type":"Feature","geometry":{"type":"LineString","coordinates":[[20.071216,44.4601074],[20.071132,44.4609178],[20.0725988,44.4615327],[20.0743956,44.461522],[20.0747195,44.4615201],[20.0764483,44.4615442],[20.0781302,44.4615711],[20.0802782,44.4615326],[20.0827258,44.4615452],[20.0846389,44.4602649],[20.0860166,44.4593561],[20.0876911,44.4581957],[20.0901267,44.4579762],[20.0923722,44.4577938],[20.0931497,44.457778],[20.0943117,44.4577496],[20.0951246,44.4577717],[20.0969507,44.4572621],[20.0994817,44.4564905],[20.1009573,44.4560364],[20.1026627,44.455885],[20.105167,44.4556307],[20.1074246,44.4554099],[20.1101463,44.4550704],[20.1122131,44.4549094],[20.1149682,44.4546105],[20.1168503,44.4544497],[20.1186087,44.4538158],[20.1209216,44.4529937],[20.1230653,44.45225],[20.1247309,44.4516444],[20.1266539,44.4509851],[20.1291766,44.4500579],[20.1310298,44.4494028],[20.1332256,44.4486522],[20.1356838,44.447805],[20.1371022,44.4468375],[20.1387602,44.445684],[20.1403846,44.4445687],[20.1424168,44.4432172],[20.1444285,44.4418273],[20.1460301,44.4407145],[20.1480653,44.4393359],[20.1502997,44.4381728],[20.1525738,44.4369651],[20.1548494,44.4358008],[20.1570367,44.434656],[20.1588358,44.4337047],[20.1605858,44.4328326],[20.1625306,44.4318192],[20.1647633,44.4306811],[20.1670037,44.4295119],[20.1692139,44.4283655],[20.1714539,44.4272139],[20.1737972,44.4259985],[20.1761608,44.4247901],[20.17849,44.4235733],[20.1786693,44.4235733]]},"properties":{"voltage":"","name":""}},{"type":"Feature","geometry":{"type":"LineString","coordinates":[[21.6971788,43.1610256],[21.697934,43.161112],[21.7014812,43.1618927],[21.7029725,43.1620492],[21.704217,43.1621118],[21.7055903,43.1621666],[21.7067967,43.1621196]]},"properties":{"voltage":"","name":""}},{"type":"Feature","geometry":{"type":"LineString","coordinates":[[20.1937942,44.5008001],[20.1934915,44.4996566],[20.1930368,44.4982028],[20.1925544,44.4967139],[20.1920504,44.4951585],[20.1922168,44.4938809],[20.1923567,44.4927117],[20.1925091,44.4915076],[20.1921667,44.4914046]]},"properties":{"voltage":"","name":""}},{"type":"Feature","geometry":{"type":"LineString","coordinates":[[21.8343307,43.3146295],[21.8341501,43.3143171],[21.8341325,43.3137905],[21.8349616,43.3123552],[21.8362754,43.3100577],[21.8377481,43.3075066],[21.8392367,43.3049186],[21.840702,43.3023571],[21.8422551,43.2996781],[21.8436999,43.2971389],[21.8452119,43.2945015],[21.8467084,43.2918943],[21.8481482,43.2894109],[21.8491517,43.2867463],[21.8501726,43.2840752],[21.8511979,43.2813755],[21.8514005,43.28083]]},"properties":{"voltage":"","name":""}},{"type":"Feature","geometry":{"type":"LineString","coordinates":[[21.8519455,43.2793501],[21.8527615,43.2800063],[21.8558749,43.2805345],[21.8602278,43.281234],[21.8647778,43.2819581],[21.8684196,43.2825702],[21.871802,43.2830808],[21.8758955,43.2837838],[21.8796719,43.2843889],[21.8847216,43.2852003],[21.8911797,43.2862483],[21.893534,43.2874475],[21.8962108,43.2892754],[21.9002822,43.2908399],[21.9030649,43.2922319],[21.9082113,43.2946565],[21.9118462,43.2943311],[21.9152806,43.2939022],[21.9226181,43.2930082],[21.9248043,43.292763],[21.9269197,43.2924951],[21.9298916,43.2924366],[21.9345747,43.2923077],[21.93848,43.292257],[21.9398915,43.292242],[21.9420772,43.2922187],[21.9476478,43.2921292],[21.9541313,43.2919638],[21.9593579,43.2918029],[21.9615463,43.2932547],[21.9634432,43.2945034],[21.9657405,43.2960533],[21.967252,43.2981317],[21.9692461,43.3008735]]},"properties":{"voltage":"110000","name":""}},{"type":"Feature","geometry":{"type":"LineString","coordinates":[[21.824981,43.315474],[21.8263577,43.3149732],[21.8272109,43.3150303],[21.828711,43.3150516],[21.8310804,43.315081],[21.8327468,43.3151376],[21.8338881,43.3154043]]},"properties":{"voltage":"35000","name":""}},{"type":"Feature","geometry":{"type":"LineString","coordinates":[[21.8211098,43.3134122],[21.8235576,43.3135998],[21.8250803,43.3138253],[21.8266139,43.3140469],[21.8273746,43.314143],[21.8290863,43.3143535],[21.8313167,43.3146752],[21.8328674,43.3148957],[21.8339311,43.315373]]},"properties":{"voltage":"35000","name":""}},{"type":"Feature","geometry":{"type":"LineString","coordinates":[[21.833921,43.3149198],[21.832196,43.3140283],[21.8301447,43.312954],[21.8290186,43.312404],[21.8279595,43.3118654],[21.8273452,43.3115388],[21.8244395,43.3124097]]},"properties":{"voltage":"110000","name":""}},{"type":"Feature","geometry":{"type":"LineString","coordinates":[[21.7093733,43.5239665],[21.7097826,43.5233712],[21.710881,43.5208027],[21.7120483,43.5180731],[21.7132098,43.5153567],[21.7143715,43.51264],[21.715541,43.5099047],[21.7166769,43.5072479],[21.7175357,43.5052392],[21.7166572,43.5029211],[21.7156484,43.500259],[21.714656,43.4976401],[21.7135498,43.4947205],[21.7125524,43.4920882],[21.7118135,43.4901379],[21.7109604,43.4878862],[21.7094882,43.4868638],[21.7071468,43.4852377],[21.7054614,43.4840672],[21.7044022,43.4833316],[21.7055623,43.4824687],[21.7081426,43.4805186],[21.7105512,43.4787047],[21.7123644,43.4769803],[21.7145584,43.4749132],[21.716672,43.4729123],[21.7188714,43.4708295],[21.7210837,43.4687461],[21.7231651,43.4667644],[21.7241736,43.4667099],[21.7262926,43.4665619],[21.7282207,43.4664368],[21.730978,43.4651325],[21.7341323,43.4636491],[21.7372168,43.4621929],[21.740296,43.4607502],[21.7432625,43.4593485],[21.7454941,43.457641],[21.7475486,43.4560678],[21.7496676,43.4544499],[21.7521031,43.4525923],[21.7545224,43.4507347],[21.7569579,43.4488576],[21.7595221,43.4469025],[21.7620594,43.4449552],[21.7644579,43.4431105],[21.766829,43.4412993],[21.7692054,43.439492],[21.771893,43.4374198],[21.7743231,43.4355734],[21.7766458,43.4339685],[21.7791457,43.4322428],[21.7814333,43.4306631],[21.7837131,43.4290892],[21.7860789,43.4274608],[21.7885626,43.4257621],[21.7889274,43.4232803],[21.7892868,43.4208335],[21.7896677,43.4182073],[21.7900378,43.4157564],[21.7904592,43.4127988],[21.7908293,43.4104061],[21.7908561,43.4085589],[21.7908631,43.4063979],[21.7908722,43.4035977],[21.79084,43.4007915],[21.7908615,43.3981449],[21.7908347,43.3955022],[21.7908668,43.3927853],[21.7908829,43.3901501],[21.7921543,43.3868248],[21.7931843,43.3842049],[21.7941767,43.3815499],[21.7951906,43.3788791],[21.7961723,43.3763759],[21.7970413,43.3740441],[21.7979854,43.3715368],[21.8005657,43.3697196],[21.8029904,43.3679765],[21.805429,43.3662114],[21.8079136,43.3644206],[21.809853,43.3623133],[21.8120332,43.3598996],[21.8135044,43.3582394],[21.8153636,43.3561385],[21.8148512,43.3553479],[21.8140757,43.3541515],[21.8124747,43.3516813],[21.8109137,43.349333],[21.8092443,43.3469242],[21.8081542,43.3452641],[21.8068872,43.3433621],[21.8054963,43.3412774],[21.8059955,43.3391621],[21.8064761,43.3371408],[21.8070554,43.3347206],[21.8076469,43.3322688],[21.8082262,43.3300008],[21.8078875,43.3276058],[21.8076029,43.3252101],[21.808904,43.3234606],[21.8103573,43.3215065],[21.8119825,43.3200528],[21.8140304,43.3182211],[21.8159566,43.3164982],[21.8171501,43.3154307]]},"properties":{"voltage":"110000","name":""}},{"type":"Feature","geometry":{"type":"LineString","coordinates":[[21.7091292,43.5238985],[21.7092987,43.5232531],[21.710391,43.5207022],[21.7115783,43.5179293],[21.7127478,43.5151979],[21.7139032,43.5124992],[21.7150618,43.5097931],[21.7161994,43.5071356],[21.7170111,43.5052396],[21.716192,43.5030739],[21.7151663,43.5003619],[21.7141356,43.4976366],[21.7130716,43.4948233],[21.712059,43.4921455],[21.7112538,43.490016],[21.7105237,43.4880853],[21.7092758,43.4872074],[21.7069741,43.4855882],[21.7051388,43.484297],[21.704095,43.4835627],[21.7029747,43.4844246],[21.7005178,43.486285],[21.698018,43.4881727],[21.6953412,43.4901848],[21.6929325,43.4920061],[21.6903952,43.4939364],[21.6879275,43.495781],[21.6854277,43.4976644],[21.6828153,43.4996373],[21.6803315,43.5014973],[21.6778013,43.5033904],[21.6753015,43.5052892],[21.6727695,43.5071957],[21.6703019,43.5090516],[21.6681507,43.5106584],[21.6652808,43.5118955],[21.6619924,43.5133116],[21.6588301,43.5146482],[21.6555471,43.5160604],[21.6523338,43.5174453],[21.6492975,43.5187173],[21.645698,43.5202159],[21.6427153,43.5215258],[21.640591,43.5224438],[21.6370237,43.5239491],[21.6340025,43.5241814],[21.631331,43.5243604],[21.6285013,43.5245471],[21.6229786,43.5249185],[21.6192235,43.5251811],[21.6157876,43.5254008],[21.6130813,43.525572],[21.6097473,43.5258053],[21.6064562,43.526029],[21.6022317,43.526311],[21.5995576,43.526486],[21.5967198,43.5265288],[21.5924015,43.5266027],[21.5849744,43.5267447],[21.5813642,43.5268049],[21.5765335,43.5268808],[21.5741705,43.5269236],[21.5676554,43.5270461],[21.5641122,43.5271044],[21.5622829,43.5271297],[21.5593164,43.5278298],[21.5544884,43.5289363],[21.5515085,43.5296248],[21.5488638,43.5302334],[21.5448003,43.531163],[21.541815,43.5318494],[21.5390389,43.5324794],[21.5353348,43.5333292],[21.5318559,43.5341187],[21.529096,43.5347506],[21.5261643,43.5362207],[21.5234392,43.5375895],[21.5207731,43.5389253],[21.5181525,43.5402261],[21.5152799,43.5416746],[21.5124689,43.54309],[21.5108381,43.5438794],[21.5122742,43.5453901],[21.5144501,43.5476792],[21.5166292,43.5499716],[21.5187001,43.5521499],[21.520763,43.5543199],[21.5224544,43.556099],[21.5241002,43.5578301],[21.5260195,43.5598488],[21.525694,43.5614443],[21.5251401,43.5641589],[21.5245743,43.5669318],[21.5240709,43.5693985],[21.5233392,43.5729844],[21.5227911,43.5756699],[21.5219429,43.5798263],[21.5215534,43.5817347],[21.5208705,43.5850801],[21.5203332,43.5877128],[21.5196418,43.5910999],[21.5188388,43.5950335],[21.5184123,43.5971222],[21.5176865,43.6006774],[21.5170072,43.6040045],[21.5165379,43.605231]]},"properties":{"voltage":"110000","name":""}},{"type":"Feature","geometry":{"type":"LineString","coordinates":[[20.1698294,44.6653442],[20.170038,44.6640427],[20.1707,44.661536],[20.1712832,44.6592561],[20.1720157,44.6564915],[20.1728509,44.6534101],[20.1739115,44.6494265],[20.174464,44.6474133],[20.1755391,44.6434243],[20.1764457,44.6400375],[20.1784897,44.637942],[20.1811737,44.6351656],[20.1832737,44.633039],[20.1861433,44.6301117],[20.1890297,44.6271536],[20.1916974,44.6244117],[20.193886,44.6221566],[20.1966271,44.6193678],[20.1994453,44.6164445],[20.2016633,44.6141606],[20.2003629,44.6118938],[20.1984912,44.6084892],[20.1972789,44.6063601],[20.1965384,44.6050596],[20.1951282,44.602475],[20.1933538,44.5993338],[20.1915916,44.5961881],[20.1896227,44.5927004],[20.1876356,44.5891735],[20.185607,44.5855815],[20.1836259,44.5820563],[20.1810703,44.5787237],[20.178999,44.576769],[20.1759159,44.5745953],[20.1730366,44.5724629],[20.1699901,44.5701889],[20.1667559,44.5678306],[20.1639924,44.5657708],[20.1607596,44.5628503],[20.1573715,44.5598804],[20.1540197,44.5569218],[20.151426,44.5546105],[20.1477484,44.5514014],[20.1439134,44.5479527],[20.1418903,44.5462114],[20.1379521,44.5426601],[20.134654,44.5397194],[20.13125,44.5367415],[20.1280077,44.5338673],[20.1248405,44.5310341],[20.1213598,44.5279576],[20.1177802,44.5247591],[20.1166791,44.5210458],[20.1155516,44.5173042],[20.1143897,44.5134219],[20.1131767,44.5094534],[20.1120571,44.5056875],[20.1108927,44.5018783],[20.1078878,44.4986186],[20.1048793,44.4953253],[20.1015619,44.4924626],[20.0994168,44.4893571],[20.0965809,44.486253],[20.0936874,44.4830827],[20.0934634,44.4789025],[20.0932591,44.4748406],[20.0930356,44.470703],[20.0928231,44.466337],[20.0926109,44.4620927],[20.0939096,44.4581375],[20.0951065,44.4545355],[20.0962157,44.4510877],[20.098177,44.4451374],[20.0973847,44.4413478],[20.0966985,44.4381313],[20.0960401,44.434955],[20.0952418,44.4311902],[20.0945694,44.4279636],[20.0939239,44.4248438],[20.0934112,44.4224083],[20.0921563,44.4203831],[20.0907003,44.417909],[20.0883952,44.4142221],[20.0860025,44.4103443],[20.0845162,44.4078981],[20.0825256,44.4046589],[20.0806058,44.4015133],[20.0786029,44.3982495],[20.0775216,44.395152],[20.0765091,44.3922295],[20.0754261,44.3891411],[20.0743071,44.385956],[20.0732216,44.3828498],[20.072096,44.3796228],[20.0717117,44.3764917],[20.0711206,44.3716422],[20.0704953,44.3680453],[20.0687692,44.3599989],[20.0627826,44.355915],[20.0568971,44.3517723],[20.0538449,44.3489026],[20.049546,44.3448176],[20.0464586,44.3420087],[20.0415215,44.3373502],[20.0378712,44.3341623],[20.032564,44.3291957],[20.030133,44.326911],[20.0278601,44.3246826],[20.0245866,44.3217286],[20.0210438,44.3183684],[20.0165608,44.3167077],[20.0107493,44.3145982],[20.0064244,44.3129717],[19.9994289,44.3104572],[19.9954753,44.3090241],[19.9900691,44.3069965],[19.9856856,44.3062973],[19.9818817,44.3057054],[19.9776415,44.3050342],[19.9715058,44.3040879],[19.9669073,44.3033514],[19.9615858,44.3025404],[19.9570785,44.3018318],[19.9532356,44.3013051],[19.9497248,44.3009368],[19.945917,44.3005421],[19.9416451,44.3001205],[19.9407199,44.2984204],[19.9388433,44.2948464],[19.9369076,44.2912769],[19.9353457,44.2858991],[19.9336726,44.2854008],[19.9332897,44.2825883],[19.932818,44.2792347],[19.9322603,44.2756172],[19.9316763,44.2715673],[19.931112,44.2680433],[19.9307052,44.2649938],[19.9301737,44.2615587],[19.9298784,44.2594816],[19.9293206,44.2557549],[19.9288547,44.2528362],[19.9280805,44.2472994],[19.9276474,44.2448129],[19.9213875,44.2428903],[19.9185659,44.2420395],[19.9157182,44.2411792],[19.9089858,44.239139],[19.9051866,44.2379919],[19.8994779,44.2362478],[19.8972272,44.2355849],[19.891046,44.2337231],[19.8887429,44.2330132],[19.8832638,44.2313535],[19.8803701,44.2289979],[19.8785984,44.2275497],[19.8735762,44.223466],[19.8716209,44.2219013],[19.8683352,44.2192333],[19.866331,44.2176376],[19.8598996,44.2124376],[19.8545754,44.2080811],[19.8509974,44.2053759],[19.8482481,44.2033262],[19.8455283,44.2012995],[19.84018,44.1972729],[19.8353252,44.1936287],[19.8320476,44.1916037],[19.826144,44.187963],[19.8196477,44.1838951],[19.8161742,44.1817369],[19.8145301,44.1797903],[19.8109815,44.1753256],[19.8086104,44.1723668],[19.8047856,44.1676071],[19.8022643,44.164496],[19.8004619,44.1622429],[19.7976616,44.1588352],[19.7963769,44.157188],[19.7928578,44.1528562],[19.7905565,44.1516477],[19.7827459,44.147608],[19.7798464,44.1460933],[19.774254,44.1432082],[19.7714243,44.1417434],[19.7713277,44.13968],[19.771149,44.1357733],[19.7710524,44.1337443],[19.7707198,44.1283193],[19.770693,44.1246958],[19.7705171,44.1231212],[19.7708426,44.121396],[19.7717283,44.1179336],[19.7724954,44.115307],[19.7730694,44.112923],[19.7709505,44.110743],[19.764658,44.1041487],[19.7633705,44.1028621],[19.761257,44.1006393],[19.7586874,44.0979658],[19.7569547,44.0952343],[19.7548787,44.0919942],[19.7506247,44.0854093],[19.7496485,44.0838181],[19.7485282,44.0820963],[19.7464797,44.0789918],[19.744292,44.0755889],[19.7388887,44.0721971],[19.734098,44.0692277],[19.7293628,44.0663191],[19.7275325,44.0651818],[19.7253081,44.0637988],[19.7223054,44.0619243],[19.7162382,44.0581634],[19.7084807,44.0533045],[19.7051686,44.0512542],[19.7035164,44.0482908],[19.7003138,44.0426381],[19.6988654,44.040174],[19.6974277,44.0374978],[19.6959579,44.0348522],[19.691661,44.0336297],[19.6870369,44.0323184],[19.6846014,44.0316126],[19.6798593,44.0302627],[19.676262,44.0292522],[19.672597,44.0282108],[19.6709162,44.0277125],[19.6610193,44.0249176],[19.6585993,44.0243745],[19.6537632,44.0233169],[19.6491248,44.0223046],[19.6442808,44.0212355],[19.642438,44.0208316],[19.6408208,44.0178886],[19.6397768,44.0159265],[19.6383889,44.013478],[19.6359965,44.0089618],[19.6346432,44.0065293],[19.6322835,44.00211],[19.6306569,43.9990109],[19.6291664,43.9962566],[19.6282342,43.9944525],[19.6174138,43.9887117],[19.6124195,43.9860746],[19.6103497,43.9850449],[19.6063835,43.9829049],[19.6020008,43.9806182],[19.5976665,43.9783032],[19.5925506,43.9756178],[19.5833499,43.9706833],[19.5797872,43.968779],[19.5771218,43.967371],[19.5708058,43.9639955],[19.5670894,43.9620026],[19.5607111,43.9586324],[19.5602357,43.9583709],[19.5560827,43.9561938],[19.5536467,43.9555643],[19.5488862,43.9544049],[19.5436622,43.9530707],[19.5397741,43.9520711],[19.535066,43.9508928],[19.5323177,43.9506282],[19.5269449,43.9500304],[19.5181975,43.9490989],[19.5147038,43.9486806],[19.5123656,43.9492781],[19.510648,43.9497036],[19.5074328,43.9505002],[19.5016411,43.9519624],[19.5015201,43.9523953],[19.5015565,43.9530815]]},"properties":{"voltage":"220000","name":""}},{"type":"Feature","geometry":{"type":"LineString","coordinates":[[19.5011458,43.9530931],[19.5011358,43.9527113],[19.5010973,43.9519939],[19.5045335,43.9499317],[19.5111111,43.9480055],[19.5138067,43.9471299],[19.5146766,43.9468971],[19.5185429,43.9466368],[19.5211503,43.9465251],[19.5255553,43.9463393],[19.5283449,43.9463332],[19.5328636,43.9460929],[19.5374374,43.945928],[19.5410767,43.945682],[19.544916,43.9456015],[19.5542976,43.9454669],[19.5565217,43.9455487],[19.562208,43.945213],[19.5673022,43.9448137],[19.5766317,43.9442014],[19.5821281,43.9433477],[19.5894518,43.9423139],[19.5943419,43.9416014],[19.5987889,43.940904],[19.6015261,43.9405254],[19.6038316,43.9412087],[19.605322,43.9415762],[19.6086477,43.9423941],[19.613517,43.9439256],[19.6170827,43.9450902],[19.6206066,43.9460814],[19.6238816,43.9469944],[19.6337793,43.9489325],[19.6386525,43.9498266],[19.6418585,43.9503517],[19.6455,43.9510773],[19.6546483,43.9507031],[19.6645695,43.9501777],[19.6711195,43.9498984],[19.6715285,43.9500052],[19.6771384,43.9514702],[19.6809201,43.9524577],[19.6896372,43.9546965],[19.6932617,43.9555921],[19.6964385,43.9564281],[19.6993132,43.957144],[19.7053183,43.9587066],[19.7058751,43.9588546],[19.7077842,43.959362],[19.7109238,43.9588089],[19.7134136,43.9584372],[19.7137274,43.9583904],[19.721614,43.9571835],[19.7250551,43.9566154],[19.7267433,43.9563667],[19.7289334,43.956044],[19.7298104,43.9559148],[19.7349279,43.9550715],[19.739981,43.9563837],[19.7419891,43.956902],[19.748739,43.9586443],[19.7514287,43.9593273],[19.7540441,43.959941],[19.7633019,43.962381],[19.7657334,43.9651404],[19.7676092,43.9671381],[19.7718946,43.9717798],[19.773331,43.9733153],[19.7778047,43.9781872],[19.7801339,43.9807236],[19.7811072,43.9817232],[19.7857623,43.9864766],[19.7881946,43.9889692],[19.7904939,43.9913267],[19.7924121,43.9932024],[19.7973393,43.9953331],[19.8053478,43.9985453],[19.8133276,44.0018644],[19.8205487,44.0048413],[19.8222724,44.0057323],[19.8250427,44.0070411],[19.8288261,44.0089266],[19.8320958,44.0105013],[19.8349238,44.0119067],[19.8414151,44.0135193],[19.8631794,44.0219439],[19.8667899,44.0223202],[19.8688785,44.0233353],[19.8741455,44.0255862],[19.8793682,44.0277336],[19.8939279,44.0384399],[19.8966154,44.0404752],[19.9047316,44.0459651],[19.9127899,44.050554],[19.9189744,44.0539814],[19.9215447,44.0554422],[19.9278261,44.0589289],[19.928058,44.0624168],[19.9281292,44.0656503],[19.9281845,44.069003],[19.9282399,44.0724236],[19.9283902,44.0771282],[19.9285404,44.0822925],[19.9286986,44.0870673],[19.9289042,44.0955506],[19.9290312,44.1002129],[19.9291652,44.1047909],[19.929268,44.1088796],[19.9293076,44.1114235],[19.9294499,44.1147906],[19.929529,44.1185096],[19.9315299,44.1224667],[19.9331037,44.1255096],[19.9354446,44.1300851],[19.9348989,44.132401],[19.9342821,44.1353469],[19.9337759,44.1376343],[19.9323366,44.1437354],[19.9308497,44.1502388],[19.927283,44.1520433],[19.922522,44.1544719],[19.914471,44.1584493],[19.9120906,44.1596294],[19.9080334,44.1616265],[19.905479,44.1629711],[19.9023313,44.1675209],[19.9009632,44.1695915],[19.8979816,44.173965],[19.8961547,44.1766763],[19.8939878,44.1798185],[19.8926433,44.1818149],[19.8887918,44.1874521],[19.8904843,44.1956631],[19.8923278,44.1986884],[19.8937327,44.2009607],[19.895643,44.2039493],[19.8992549,44.2098311],[19.9025607,44.2151766],[19.9049701,44.2190461],[19.9070065,44.2222937],[19.9089679,44.224266],[19.9146225,44.2300295],[19.9165996,44.2321262],[19.9198501,44.2353929],[19.9263509,44.2420335],[19.9281857,44.2438347],[19.9284007,44.2455004],[19.9288761,44.2483653],[19.9295535,44.2528162],[19.9299704,44.2556573],[19.9303417,44.2581951],[19.9307715,44.2612039],[19.9313924,44.265642],[19.93192,44.2690562],[19.9324801,44.2727034],[19.9329556,44.2760193],[19.9334702,44.2793722],[19.933827,44.2827179],[19.9339501,44.2831514],[19.93433,44.2851637],[19.9360951,44.2884742],[19.9376258,44.291281],[19.9400422,44.2957753],[19.9415664,44.2984652],[19.9421721,44.299654],[19.9476605,44.3002563],[19.9530753,44.3008637],[19.9570388,44.3013608],[19.9625785,44.3020571],[19.9685513,44.3027936],[19.9731243,44.3033263],[19.9792594,44.3040521],[19.9843529,44.3046767],[19.9885671,44.3053713],[19.992866,44.3061124],[19.997434,44.306938],[20.0045298,44.3082307],[20.0105405,44.309153],[20.0142922,44.3099034],[20.0154736,44.3110291],[20.0202305,44.3155339],[20.0217643,44.3169985],[20.0255056,44.3206006],[20.0297516,44.324535],[20.0389993,44.3335825],[20.0507158,44.3447623],[20.0576878,44.3513199],[20.064435,44.356206],[20.0694075,44.3597177],[20.0709316,44.3658854],[20.0714885,44.367997],[20.0739104,44.3770144],[20.0749097,44.3807337],[20.0759343,44.3846184],[20.0769233,44.388254],[20.0778252,44.3916787],[20.0789248,44.3956517],[20.0811934,44.3970665],[20.0850672,44.3994698],[20.08881,44.4017772],[20.0921015,44.4038357],[20.0932373,44.4071698],[20.094235,44.4101589],[20.0951385,44.4129857],[20.0965859,44.4172965],[20.0972096,44.4191396],[20.0982047,44.4221233],[20.0982921,44.4245881],[20.0983827,44.4275755],[20.0985183,44.4310877],[20.0986105,44.433969],[20.0986849,44.4361562],[20.0987771,44.43874],[20.0988781,44.4418212],[20.0990081,44.4451384],[20.0973207,44.4503667],[20.0959675,44.4543881],[20.0949744,44.4573743],[20.0943553,44.4593714],[20.0933752,44.4623198],[20.0948274,44.4652213],[20.0960242,44.4676255],[20.0957351,44.4703359],[20.0954248,44.4728412],[20.0950353,44.4762344],[20.0946282,44.4798609],[20.094307,44.48294],[20.0970182,44.4858031],[20.0998677,44.4887974],[20.1020942,44.4922522],[20.1052459,44.4944522],[20.1080273,44.4973428],[20.1106268,44.5000603],[20.1135577,44.5030203],[20.117581,44.5052393],[20.1214648,44.5072899],[20.1255525,44.5095318],[20.1283875,44.5113865],[20.1337808,44.5115339],[20.1382509,44.5117073],[20.1425735,44.5118031],[20.1481008,44.5119845],[20.1535388,44.512242],[20.15898,44.5122828],[20.1635952,44.5125025],[20.1673565,44.5125923],[20.1718738,44.5133211],[20.1773146,44.514154],[20.1830078,44.5150011],[20.1862604,44.5154987],[20.1907169,44.5146774],[20.1955225,44.5137911],[20.2000101,44.5138186],[20.2047589,44.5138658],[20.2071676,44.5138895],[20.213318,44.5147002],[20.2183911,44.51554],[20.2215251,44.5159734],[20.2257317,44.5166459],[20.2299421,44.5173239],[20.2331429,44.5178631],[20.2380421,44.5164329],[20.2421283,44.5153229],[20.2479264,44.513657],[20.2500885,44.5116575],[20.2536966,44.5093008],[20.2546017,44.5086819],[20.2568658,44.5071336],[20.2603752,44.5047552],[20.2685059,44.5006109],[20.272782,44.4990441],[20.2763735,44.49777],[20.2792301,44.4968077],[20.2823542,44.4971921],[20.2869629,44.4977202],[20.292112,44.4983993],[20.2975066,44.499004],[20.3004973,44.4993789],[20.3051851,44.4999088],[20.3070841,44.5034058],[20.3085915,44.5061432],[20.3099574,44.5087103],[20.3117787,44.5119869],[20.3134068,44.5150719],[20.314721,44.5173746],[20.3162063,44.5200597],[20.3180684,44.5233681],[20.3201364,44.5272481],[20.3214688,44.52973],[20.3232605,44.5329786],[20.325924,44.5354565],[20.3284707,44.5377707],[20.3308706,44.5399513],[20.3324692,44.5414316],[20.3344293,44.5432467],[20.3346713,44.5434708],[20.3375513,44.5460457],[20.3393826,44.5476208],[20.3409363,44.548957],[20.3442978,44.5517668],[20.3450839,44.5524398],[20.346805,44.5539132],[20.3522954,44.5585671],[20.3540315,44.5599297],[20.3622981,44.560998],[20.3668989,44.561591],[20.3687186,44.5618255],[20.3741367,44.5623759],[20.3801743,44.5631308],[20.3855361,44.5637881],[20.391335,44.5644532],[20.3951371,44.5649218],[20.3962814,44.5650628],[20.3992455,44.5686247],[20.4019753,44.5718482],[20.404738,44.5750734],[20.4071311,44.5779316],[20.4098396,44.5811336],[20.4118786,44.5835903],[20.4136949,44.5857355],[20.414529,44.5867206],[20.4154078,44.5877585],[20.4180418,44.5908797],[20.4187713,44.5931145],[20.4195765,44.5952804],[20.4205582,44.598363],[20.4216405,44.6016589],[20.4226128,44.6046194],[20.4232404,44.6069415],[20.426499,44.6199545],[20.4275132,44.6238151],[20.4281859,44.6263433],[20.4288301,44.6289585],[20.4312433,44.6320009],[20.4335503,44.6347764],[20.4414735,44.6445708],[20.4444138,44.6481202],[20.4477284,44.6522914],[20.4516535,44.6571196],[20.4552632,44.6615272],[20.4568873,44.6634677],[20.4566193,44.6672608],[20.4564424,44.6697119],[20.4562655,44.6725898],[20.4560726,44.6748691],[20.4558421,44.6790502],[20.4557242,44.6811959],[20.4555259,44.6840085],[20.4552837,44.6875249],[20.4550413,44.6919406],[20.4554839,44.693214],[20.4565576,44.6962411],[20.4574866,44.6986182],[20.4578997,44.701454],[20.4593806,44.7028511],[20.4603746,44.7037887],[20.4610277,44.7044274],[20.4637067,44.7070475],[20.4671576,44.7103754],[20.4686522,44.7118732],[20.4679024,44.7143873],[20.4667171,44.7184136],[20.4666707,44.7201198],[20.4662166,44.7200109]]},"properties":{"voltage":"220000","name":""}},{"type":"Feature","geometry":{"type":"LineString","coordinates":[[19.9370845,44.2962525],[19.9364014,44.2969556],[19.9372975,44.2984826],[19.940527,44.2988936],[19.9439952,44.2993079],[19.9482451,44.2998088],[19.9516,44.3002271],[19.9547504,44.3005953],[19.9581371,44.3009832],[19.9623443,44.3014677],[19.967598,44.3020868],[19.9709708,44.3024815],[19.97407,44.3028825],[19.9785766,44.3035114],[19.9858846,44.3045489],[19.9898931,44.3051548],[19.9937177,44.305783],[19.998035,44.3063777],[20.0013653,44.3068545],[20.0051112,44.3074078],[20.0089289,44.3079696],[20.0124011,44.3084974],[20.0151222,44.3088655],[20.0177989,44.3110618],[20.022697,44.3148415],[20.0347836,44.3244166],[20.0360611,44.3254319],[20.0379579,44.3269643],[20.0385194,44.3274056],[20.0478995,44.334798],[20.050518,44.3368615],[20.0530783,44.3388791],[20.0553347,44.3406571],[20.0572797,44.3421896],[20.061716,44.3459291],[20.0636907,44.3486583],[20.0659097,44.3514932],[20.0671383,44.3531834],[20.0691119,44.3558986],[20.0700564,44.357184],[20.0711517,44.358788],[20.0718443,44.3605094],[20.0727736,44.3630877],[20.0739881,44.3664091],[20.0748154,44.3686947],[20.0755727,44.3707883],[20.0764202,44.3731162],[20.07865,44.3747876],[20.0807945,44.37641],[20.083216,44.3782317],[20.0861594,44.38042],[20.0885844,44.3822723],[20.0901316,44.3847189],[20.0918638,44.3875293],[20.0934619,44.390033],[20.0952965,44.393023],[20.0970442,44.3958295],[20.0987579,44.3986306],[20.1005338,44.4014643],[20.1021432,44.4040579],[20.1036545,44.4065007],[20.1047508,44.4082409],[20.1080782,44.4090253],[20.1107316,44.4096585],[20.1154631,44.4107767],[20.1204598,44.4119574],[20.1251641,44.4130647],[20.1290755,44.4140147],[20.133192,44.4150145],[20.1370744,44.4158799],[20.1397131,44.414785],[20.1411812,44.4153305],[20.1458124,44.4168031],[20.1491431,44.4177713],[20.1519669,44.4186321],[20.153683,44.4187733],[20.1577745,44.4191144],[20.1617683,44.4194505],[20.1654584,44.4197076],[20.1696262,44.4200748],[20.1737427,44.4204193],[20.1776526,44.4206912],[20.178967,44.4221207],[20.1788361,44.4228816]]},"properties":{"voltage":"110000","name":""}},{"type":"Feature","geometry":{"type":"LineString","coordinates":[[20.0373592,44.1762095],[20.0366112,44.1765389],[20.0355216,44.1770113],[20.0336962,44.1777985],[20.0309683,44.1833322],[20.0274029,44.1905999],[20.024992,44.1936985],[20.0248376,44.1958496],[20.0201094,44.2024221],[20.0162797,44.2066421],[20.0124644,44.2109973],[20.0111599,44.2122924],[20.0102349,44.2132821],[20.0088991,44.2148224],[20.0080985,44.215663],[20.0070108,44.2168394],[20.0058384,44.2181232],[20.0045877,44.2185713],[20.0027064,44.2191809],[19.999995,44.2200604],[19.9979876,44.2206989],[19.9972664,44.2223109],[19.9963073,44.2243849],[19.9954368,44.2262945],[19.9934663,44.2305729],[19.9914201,44.2351443],[19.9893366,44.2395686],[19.9877015,44.2407552],[19.9861089,44.2419013],[19.9845163,44.2430372],[19.9827679,44.2442694],[19.9808638,44.2456993],[19.9791792,44.2469061],[19.9778059,44.2478796],[19.9756895,44.2493855],[19.9745428,44.2501968],[19.9713858,44.2525037],[19.9699277,44.253538],[19.9678891,44.254993],[19.9662399,44.2561591],[19.9649516,44.257097],[19.9634014,44.2582123],[19.9602091,44.2604834],[19.958935,44.2613655],[19.9580218,44.2620549],[19.9544685,44.2646097],[19.9525786,44.2659733],[19.951446,44.2668248],[19.9498088,44.2679354],[19.9479054,44.2676891],[19.9459116,44.2673865],[19.9440257,44.2671673],[19.9419037,44.2668688],[19.9400003,44.2666162],[19.9380182,44.2663386],[19.9348031,44.2659086],[19.9322672,44.2655705],[19.9310838,44.2654766],[19.9300957,44.2653764],[19.9289207,44.2652571],[19.9276167,44.2650641],[19.9254878,44.2648411],[19.9243347,44.2646819],[19.9231976,44.2645867],[19.9217802,44.2649112],[19.919587,44.2654462],[19.9187393,44.2663922],[19.9180602,44.2671653],[19.9149315,44.2669502],[19.9099157,44.2667198],[19.9075232,44.2665392],[19.9055491,44.2664316],[19.9039237,44.2663856],[19.9029368,44.2655428],[19.9010775,44.2657776],[19.89927,44.2660295],[19.8987595,44.2660608]]},"properties":{"voltage":"35000","name":""}},{"type":"Feature","geometry":{"type":"LineString","coordinates":[[20.1757975,44.9485513],[20.1765695,44.9490383],[20.1792454,44.9501544],[20.1824487,44.9515096],[20.184512,44.9523541],[20.1861464,44.9530405],[20.1887601,44.9538503],[20.1913129,44.9546804],[20.1940385,44.9555849]]},"properties":{"voltage":"110000","name":""}},{"type":"Feature","geometry":{"type":"LineString","coordinates":[[20.1675474,44.9551609],[20.1662468,44.9566103],[20.1669586,44.95865],[20.1678277,44.9611808],[20.1682567,44.9625376],[20.168778,44.9640537],[20.1697765,44.9668421],[20.1707573,44.9696397],[20.1715216,44.9718432],[20.1714293,44.9731679],[20.1712452,44.9733408],[20.1711896,44.9733729]]},"properties":{"voltage":"110000","name":""}},{"type":"Feature","geometry":{"type":"LineString","coordinates":[[19.9381973,44.2961371],[19.9382885,44.2963935],[19.9391582,44.2981386],[19.940674,44.3009141],[19.9475055,44.3037597],[19.9504874,44.3049782],[19.9543883,44.3065652],[19.9609689,44.3092563],[19.9669352,44.3096769],[19.9724033,44.3100299],[19.9766477,44.3103379],[19.9804059,44.310601],[19.9853081,44.3109298],[19.9900809,44.3113626],[19.9964631,44.3110441],[19.9991785,44.3109099],[20.0036883,44.3124959],[20.0063074,44.3134978],[20.0092806,44.3146005],[20.0165398,44.3171987],[20.0208777,44.3204235],[20.0233435,44.3221727],[20.0271514,44.3256666],[20.0316542,44.3297777],[20.0364253,44.3339174],[20.0396755,44.3368384],[20.0531975,44.3491641],[20.0565258,44.3521542],[20.059268,44.3563412],[20.0623944,44.3626373],[20.0651887,44.3672426],[20.0692748,44.3752927],[20.0704432,44.3783115],[20.0719999,44.3826176],[20.0732124,44.386024],[20.0748034,44.3903697],[20.0762141,44.3940353],[20.0775103,44.3975351],[20.0787153,44.400588],[20.079777,44.4032079],[20.0807931,44.4059022],[20.0819003,44.4086615],[20.0851636,44.416906],[20.0861713,44.4197429],[20.0872442,44.4227467],[20.0886175,44.4265165],[20.0898298,44.4300562],[20.0913489,44.4343429],[20.0926577,44.4380758],[20.0935548,44.4405936],[20.0948532,44.44418],[20.0961157,44.4473735],[20.0950484,44.450426],[20.0938385,44.4541366],[20.0926947,44.4575636],[20.0913429,44.461686],[20.0915188,44.4638599],[20.091901,44.4686723],[20.0922567,44.4726144],[20.0927969,44.4797996],[20.0931026,44.4831885],[20.0960018,44.4864382],[20.0990097,44.4896792],[20.1008465,44.4924298],[20.1040939,44.4952373],[20.1065053,44.4977649],[20.108946,44.5005624],[20.1076675,44.5043231],[20.1057135,44.5100692],[20.1071986,44.5140962],[20.1088442,44.5183545],[20.1106265,44.5218542],[20.1117208,44.5238277],[20.113298,44.5268644],[20.1143923,44.5289984],[20.1172462,44.5345051],[20.1189414,44.5376329],[20.1189843,44.5409671],[20.1190165,44.5439417],[20.1190916,44.5475967],[20.119113,44.5503874],[20.1191559,44.553201],[20.1191881,44.5564654],[20.1193061,44.5639417],[20.1198211,44.5668081],[20.1203576,44.5700871],[20.1213017,44.5757198],[20.1226643,44.5835833],[20.1243058,44.5860133],[20.1261726,44.5885729],[20.1281896,44.5914687],[20.1302925,44.5944254],[20.1325348,44.5976494],[20.1350239,44.6011176],[20.1347892,44.6040855],[20.1419443,44.6108924],[20.1442705,44.6142238],[20.1467455,44.6168429],[20.149371,44.6196419],[20.1515991,44.6221493],[20.155971,44.6267996],[20.158136,44.6291956],[20.1599492,44.6310968],[20.1621853,44.6334704],[20.1659488,44.637888],[20.166948,44.6385256],[20.1690543,44.6408301],[20.1713809,44.6433449],[20.1737408,44.6458374],[20.1732326,44.64807],[20.1728705,44.6495161],[20.1720824,44.6530388],[20.1714204,44.6559318],[20.1708056,44.6585539],[20.1701857,44.6614152],[20.1695771,44.6639975],[20.1696307,44.6653252]]},"properties":{"voltage":"220000","name":""}},{"type":"Feature","geometry":{"type":"LineString","coordinates":[[19.9239877,44.2811393],[19.9257371,44.2817746],[19.9276678,44.2824757],[19.9331502,44.2846283],[19.9401616,44.2870034],[19.9419942,44.2876242],[19.9438478,44.2882521],[19.9452861,44.2887393],[19.9474831,44.2895186],[19.9489276,44.2900309],[19.9506567,44.2906442],[19.952413,44.2912671],[19.9543991,44.2919715],[19.9562282,44.2926203],[19.9580534,44.2932676],[19.9603344,44.2940766],[19.9615397,44.2943302],[19.9643981,44.2946783],[19.9672646,44.295094],[19.9697112,44.2954488],[19.976023,44.296364],[19.9781894,44.2966781],[19.9805052,44.2970139],[19.9821286,44.2972492],[19.9898733,44.2983722],[19.9923969,44.2987381],[19.9939518,44.2989635],[19.9959429,44.2992522],[19.9973163,44.2994514],[19.9998178,44.2998141],[20.0019512,44.3001234],[20.0041464,44.3004416],[20.0065819,44.3007948],[20.0088059,44.3011172],[20.0108908,44.3014195],[20.012952,44.3017183],[20.0147637,44.301981],[20.0169641,44.3023],[20.0193261,44.3026425],[20.0254087,44.3034219],[20.0274179,44.3036793],[20.0300438,44.3040158]]},"properties":{"voltage":"35000","name":""}},{"type":"Feature","geometry":{"type":"LineString","coordinates":[[21.2792276,43.5833625],[21.2770657,43.5809182],[21.2753519,43.5799516],[21.2726613,43.5784753],[21.2703788,43.5771967],[21.2676966,43.5756966],[21.2660524,43.5747522],[21.2626543,43.5739979],[21.2586203,43.5733372],[21.2574854,43.5730655],[21.2542107,43.5722917],[21.2517806,43.5717321],[21.2485537,43.5710018],[21.2466868,43.5691944],[21.2445518,43.5672433],[21.2423524,43.5652026],[21.2401905,43.5632435],[21.2381199,43.5612922],[21.2357595,43.5591464],[21.2324097,43.5560282],[21.230441,43.5542477],[21.2285902,43.5524982],[21.2266776,43.5507218],[21.2254081,43.5495826],[21.2226357,43.5487346],[21.2195997,43.5477859],[21.2157103,43.5465298],[21.2126202,43.5455931],[21.2093696,43.5446051],[21.2062419,43.5436373],[21.2036401,43.5428324],[21.1997724,43.5416542],[21.196833,43.5407322],[21.1932868,43.5396165],[21.1905831,43.5388194],[21.1876756,43.5376527],[21.1842048,43.5362644],[21.1812815,43.5351051],[21.1785025,43.5339661],[21.1766303,43.5340866],[21.1741627,43.5342344],[21.1715609,43.5328577],[21.1690557,43.5315548],[21.1663306,43.5301703],[21.1639059,43.5288868],[21.161401,43.5275873],[21.1581874,43.5259152],[21.1551136,43.5243205],[21.1522973,43.5228774],[21.1496634,43.5214771],[21.1415258,43.5175012],[21.1400396,43.5167586],[21.1386019,43.5157471],[21.1367297,43.5143855],[21.1342192,43.5125726],[21.1317355,43.5107947],[21.1296809,43.5093007],[21.1274332,43.5077056],[21.1245903,43.5056197],[21.1195314,43.5019626],[21.1172462,43.5002816],[21.1156369,43.4991804],[21.1128903,43.4971803],[21.1109591,43.4958105],[21.1088884,43.4942928],[21.1076227,43.4930475],[21.1062008,43.4916075],[21.1037922,43.4891907],[21.1016518,43.4869839],[21.0970384,43.4822627],[21.094909,43.4800242],[21.0938251,43.478958],[21.0928008,43.4779339],[21.0912931,43.4763772],[21.087699,43.4727997],[21.0850224,43.4699223],[21.0812831,43.4655466],[21.078746,43.4622679],[21.0765705,43.4596166],[21.0765477,43.4589623],[21.0765368,43.458651]]},"properties":{"voltage":"110000","name":""}},{"type":"Feature","geometry":{"type":"LineString","coordinates":[[21.2814395,43.5848411],[21.2813981,43.5845429],[21.2808906,43.5830477],[21.2773125,43.5813534],[21.2732755,43.5794192],[21.2697648,43.5777433],[21.266412,43.5761577],[21.2622385,43.5741795],[21.2590681,43.573822],[21.2522124,43.573033],[21.2469714,43.572419],[21.2393378,43.5715445],[21.2368136,43.5712151],[21.23183,43.5706554],[21.2255834,43.5699121],[21.2217264,43.5694224],[21.2184821,43.5690792],[21.2153698,43.5687683],[21.2100128,43.5682654],[21.2038389,43.5676742],[21.1984042,43.5672626],[21.1930454,43.5667612],[21.1878968,43.5662997],[21.1830301,43.5658089],[21.1767,43.5653945],[21.1725898,43.565498],[21.1674164,43.565627],[21.1619845,43.5657833],[21.1559829,43.5659441],[21.1508313,43.566026],[21.1461884,43.5662075],[21.1412207,43.5663943],[21.1372135,43.566582],[21.1306325,43.5668822],[21.1251575,43.5671221],[21.1209684,43.5673346],[21.1163772,43.5685997],[21.1117669,43.5698818],[21.1072836,43.571111],[21.1020332,43.5725795]]},"properties":{"voltage":"220000","name":""}},{"type":"Feature","geometry":{"type":"LineString","coordinates":[[20.0438957,43.8226747],[20.0433542,43.8226093],[20.0423894,43.8222582],[20.0420223,43.8203857],[20.0414164,43.8171851],[20.0408014,43.8140542],[20.0401729,43.8107136],[20.0394807,43.8069224],[20.0382685,43.8035943],[20.0361122,43.8006551],[20.0307145,43.7932007],[20.0277867,43.7894909],[20.0245465,43.7877095],[20.0234323,43.7871182],[20.0202121,43.7854091],[20.0146224,43.7856725],[20.0088932,43.7858584],[20.0052336,43.7859436],[20.0000633,43.7860675],[19.9928106,43.7862302],[19.9879553,43.7863436],[19.9813496,43.7864745],[19.9769427,43.7865013],[19.972648,43.7852527],[19.9686493,43.7840692],[19.963242,43.7824813],[19.9595704,43.7813422],[19.9566177,43.7804844],[19.9519494,43.781709],[19.9469796,43.7830248],[19.9422304,43.7842898],[19.9369236,43.7856032],[19.9305721,43.7870884],[19.9275037,43.7878102],[19.9231483,43.7869273],[19.918846,43.7862302],[19.9142648,43.7855021],[19.9099197,43.7847663],[19.9065186,43.7842163],[19.9018044,43.7831493],[19.9003925,43.7828298],[19.8952205,43.7818229],[19.8893411,43.7807695],[19.8819323,43.7793314],[19.8776252,43.7785622],[19.8734624,43.7778108],[19.870549,43.7773251],[19.8659415,43.7765016],[19.859037,43.7752877],[19.8503357,43.7738319],[19.8456646,43.7730503],[19.8369629,43.7722838],[19.8334916,43.7718945],[19.8282031,43.7713493],[19.8228961,43.7707776],[19.8168182,43.7701539],[19.8104667,43.7694799],[19.8052632,43.7689414],[19.7989815,43.7682751],[19.7928017,43.7676166],[19.7879576,43.7671168],[19.7841059,43.7666946],[19.7786611,43.7661251],[19.7762149,43.7660398],[19.7698098,43.7659081],[19.7669881,43.7658384],[19.7619402,43.7657183],[19.7588556,43.7656524],[19.7561841,43.765575],[19.7525524,43.7654626],[19.7457611,43.7652767],[19.7374462,43.7650868],[19.7340291,43.7650093],[19.7285091,43.764866],[19.7252851,43.7647653],[19.7225546,43.7647149],[19.7161388,43.7645483],[19.7104203,43.7639866],[19.7080009,43.7638084],[19.6954697,43.7626422],[19.6807819,43.7613095],[19.6741676,43.7609647],[19.6694415,43.7607322],[19.6646886,43.760461],[19.660145,43.7602247],[19.6555316,43.7599147],[19.6508163,43.7596939],[19.6455859,43.7594072],[19.6417718,43.7592096],[19.6376734,43.7589771],[19.6334141,43.7587446],[19.626966,43.7584075],[19.6236669,43.7582409],[19.6119457,43.7576016],[19.6093332,43.7573227],[19.5989477,43.7561796],[19.5943236,43.7557031],[19.5922797,43.7554706],[19.5876824,43.7549436],[19.5847695,43.7546763],[19.5828008,43.7544244],[19.5775329,43.7538626],[19.5716374,43.7532232],[19.5685153,43.7528822],[19.5655703,43.7525606],[19.5611017,43.7520685],[19.55747,43.7516732],[19.5530336,43.7513439],[19.5466661,43.7510416],[19.5422351,43.7507781],[19.538319,43.7505456],[19.5351648,43.7503557],[19.5291137,43.7499799],[19.5217591,43.749542],[19.5151233,43.7491351],[19.5119476,43.748953],[19.5021843,43.7483794],[19.4990998,43.7482206],[19.496777,43.7480772],[19.4937085,43.7478795],[19.4873893,43.7475036],[19.4841277,43.7473486],[19.4785004,43.7463876],[19.4746592,43.7456857],[19.4731896,43.7460698],[19.4699493,43.7470615],[19.4660442,43.7476044],[19.4636463,43.7473448],[19.4607174,43.750131],[19.4582497,43.7524172],[19.4551706,43.7553001],[19.4514637,43.7590236],[19.4474994,43.7602789],[19.4404345,43.7625376],[19.4377898,43.763975],[19.4296091,43.7686005],[19.4267016,43.7701036],[19.4243788,43.7715407],[19.420157,43.7712734],[19.417051,43.7711805],[19.4116973,43.770673],[19.4087952,43.7704638],[19.3979859,43.771347],[19.3920957,43.7738261],[19.3882119,43.7754956],[19.3825685,43.7778777],[19.380294,43.7793147],[19.3766033,43.7816191],[19.372598,43.7822257],[19.369095,43.7827834],[19.3615473,43.7838871],[19.353665,43.7850815],[19.3495505,43.7857438],[19.3445294,43.7865919],[19.3391615,43.7871983],[19.3343507,43.7879878],[19.3298631,43.7886095],[19.3204003,43.7920715],[19.3153309,43.793907],[19.3079387,43.8009114],[19.3022525,43.8010624],[19.2990392,43.801194],[19.2923122,43.8016122],[19.2905527,43.8003538],[19.2854887,43.7966678],[19.2843138,43.7949602],[19.2828762,43.7928111],[19.2819835,43.7925184]]},"properties":{"voltage":"220000","name":""}},{"type":"Feature","geometry":{"type":"LineString","coordinates":[[20.0946934,45.0136954],[20.0948264,45.0135885],[20.0976301,45.0113358],[20.1003674,45.0091365],[20.1033784,45.006717],[20.1064405,45.0042564],[20.1091925,45.0020449],[20.1118856,44.9998807],[20.1147696,44.9975629],[20.1163094,44.9963254],[20.1174724,44.9952033],[20.1187428,44.99399],[20.1199124,44.9918194],[20.1215397,44.9888686],[20.123086,44.9860412],[20.1247582,44.9830271],[20.1263396,44.9801482],[20.1276353,44.9777949],[20.128792,44.975686],[20.1317923,44.9742087],[20.1354372,44.9724335],[20.1388392,44.9707769],[20.1425238,44.9689671],[20.1462174,44.9671979],[20.1498773,44.9653785],[20.1537053,44.9635094],[20.1569582,44.9619234],[20.1602112,44.9603323],[20.1624308,44.9592354],[20.1638479,44.959841],[20.1667148,44.9610808],[20.1673731,44.9630534],[20.1678635,44.9644539],[20.168619,44.9666795],[20.1693214,44.9688301],[20.1701388,44.9712806],[20.1707857,44.9728736],[20.1709941,44.9731744],[20.1710268,44.9732453]]},"properties":{"voltage":"110000","name":""}},{"type":"Feature","geometry":{"type":"LineString","coordinates":[[20.171233,44.9732676],[20.1712204,44.9732546],[20.1711936,44.9725473],[20.1707971,44.9715869],[20.1698781,44.9690395],[20.1690254,44.9665826],[20.1681727,44.9642038],[20.1678767,44.9633347],[20.167298,44.9616685],[20.1664497,44.9592019],[20.1655793,44.9567165],[20.1675474,44.9551609]]},"properties":{"voltage":"110000","name":""}},{"type":"Feature","geometry":{"type":"LineString","coordinates":[[19.883464,45.2314575],[19.8834586,45.2308228],[19.8848668,45.2287899],[19.8860086,45.2268785],[19.8863224,45.2241438],[19.8871154,45.2214151],[19.887817,45.2189508],[19.8884068,45.2164108],[19.8890364,45.214044],[19.8908513,45.2119577],[19.8933437,45.2092126],[19.8951984,45.2071281],[19.8965306,45.204065],[19.8972905,45.2022533],[19.8981742,45.1993332],[19.8986551,45.1976896],[19.9005254,45.1966033],[19.9042004,45.194494],[19.9089038,45.1917923],[19.910652,45.1907786],[19.9130488,45.1894216],[19.9150565,45.188231],[19.9173831,45.1868811],[19.9209263,45.1848409],[19.9228322,45.1837243],[19.9264079,45.1821993],[19.927196,45.1806477],[19.9301437,45.1773958],[19.9331105,45.1740851],[19.9346532,45.1723675],[19.9361664,45.1705963],[19.9401098,45.1662788],[19.9414838,45.1647877],[19.942664,45.1634715],[19.9451772,45.1606519],[19.946154,45.15962],[19.950203,45.1578054],[19.9511519,45.1551752],[19.9516685,45.1536138],[19.9529086,45.1527892],[19.9549379,45.151503],[19.9577109,45.1497588],[19.9600972,45.1482739],[19.964536,45.1455081],[19.9783702,45.136711],[19.9811823,45.1349807],[19.9840277,45.1318773],[19.986599,45.1291593],[19.9900893,45.1254126],[19.9915473,45.1238539],[19.9952119,45.1199436],[19.9966358,45.1184278],[19.9987225,45.1162209],[20.0005795,45.1142471],[20.0023274,45.1123823],[20.0044947,45.1100691],[20.0064509,45.1079667],[20.0088612,45.1074369],[20.0116266,45.1068308],[20.0125581,45.1047146],[20.0113209,45.1028141],[20.0130401,45.100938],[20.0143629,45.0995471],[20.016386,45.097369],[20.0183654,45.0952627],[20.0202576,45.0932591],[20.0225136,45.0908136],[20.0243911,45.0887996],[20.0257593,45.0873815],[20.0281899,45.0847713],[20.0298987,45.0830106],[20.0318603,45.0808831],[20.0336717,45.0789551],[20.0362744,45.0761171],[20.037803,45.0744324],[20.0396586,45.0723856],[20.0412315,45.0706882],[20.0431441,45.0685779],[20.044982,45.0665621],[20.0470741,45.0643065],[20.0491125,45.0620634],[20.0511618,45.0597747],[20.0531359,45.0576375],[20.0552655,45.0553295],[20.0572235,45.0531507],[20.0593049,45.0511573],[20.0611128,45.049228],[20.0626577,45.0476134],[20.0647176,45.0455516],[20.0672496,45.0430301],[20.0686873,45.0415717],[20.0700821,45.0401162],[20.0710547,45.0377889],[20.0713523,45.0374739],[20.0714221,45.0373945]]},"properties":{"voltage":"110000","name":""}},{"type":"Feature","geometry":{"type":"LineString","coordinates":[[20.0450774,45.371371],[20.044682,45.3714932],[20.0415185,45.3721488],[20.0378439,45.3728599],[20.0337353,45.3736791],[20.0293501,45.3745654],[20.0254037,45.3753043],[20.0216287,45.3760649],[20.0178808,45.3768011],[20.0141621,45.3775474],[20.0103633,45.3782835],[20.0062414,45.3791012],[20.0019004,45.3799556],[19.9974677,45.3808598],[19.9935743,45.3816265],[19.9899512,45.3829415],[19.985982,45.3843927],[19.9824514,45.3856769],[19.9783707,45.3871749],[19.9743538,45.3886407],[19.9703803,45.390087],[19.9664942,45.3915078],[19.9624989,45.3929694],[19.9585837,45.3944054],[19.9547048,45.3958159],[19.9509429,45.3971716],[19.9472679,45.3985309],[19.9436728,45.3998493],[19.9434509,45.4011765],[19.9403212,45.4023542],[19.9401879,45.4024043],[19.9372198,45.403521],[19.9341164,45.4046957],[19.9311111,45.4058274],[19.9282254,45.4068938],[19.9261969,45.4067204],[19.9239349,45.4076354],[19.9210304,45.4088045],[19.917792,45.4100817],[19.9143473,45.4114915],[19.9133488,45.4114946]]},"properties":{"voltage":"110000","name":""}},{"type":"Feature","geometry":{"type":"LineString","coordinates":[[20.0577921,45.9304235],[20.0580678,45.9296814],[20.0577823,45.9284527],[20.0575224,45.9272073],[20.056935,45.9244825],[20.0564881,45.9223414],[20.0559449,45.919786],[20.0554666,45.9172737],[20.0549511,45.9147969],[20.0543158,45.9117861],[20.0536565,45.9087502],[20.0529972,45.9056473],[20.0526855,45.9042126],[20.0548912,45.9029364],[20.0592305,45.9031449],[20.0638816,45.9033701],[20.0684607,45.903537],[20.0723205,45.9037288],[20.0769836,45.9039624],[20.0814668,45.9041459],[20.0837443,45.9050634],[20.0875563,45.9065231],[20.091502,45.9080484],[20.0918042,45.9095364],[20.0922019,45.9115453],[20.0924857,45.9129943],[20.0938038,45.9133769]]},"properties":{"voltage":"110000","name":""}},{"type":"Feature","geometry":{"type":"LineString","coordinates":[[20.0938551,45.9132182],[20.0927953,45.9129076],[20.0925599,45.9117081],[20.0921391,45.9095988],[20.0917985,45.9079044],[20.0877176,45.9063206],[20.0840375,45.9049193],[20.0815202,45.9039266],[20.077037,45.9037181],[20.072338,45.9034762],[20.0684902,45.9033094],[20.063983,45.9031175],[20.059296,45.9029173],[20.0549207,45.9027255],[20.0521157,45.9014325],[20.0516721,45.8993804],[20.0510848,45.8966691],[20.0505333,45.8940495],[20.0499819,45.8914965],[20.0495504,45.889469],[20.0502457,45.8871411],[20.0511447,45.8841038],[20.0520078,45.8810998],[20.0528469,45.8781873],[20.053662,45.8754083],[20.0544651,45.8726207],[20.0552803,45.8698163],[20.0561074,45.8669283],[20.0569345,45.8641738],[20.0577496,45.8613439],[20.0585768,45.8584638],[20.0594159,45.8556754],[20.060195,45.8528535],[20.0610581,45.8500774],[20.0618493,45.847372],[20.0626764,45.8444912],[20.0634915,45.8417272],[20.0642946,45.838938],[20.0650357,45.8363937],[20.0670616,45.8344811],[20.0693631,45.8322846],[20.0719164,45.8298039],[20.0743618,45.8273816],[20.0767592,45.8250678],[20.0793245,45.8226119],[20.0815061,45.8204566],[20.0841193,45.8179503],[20.0867086,45.8154105],[20.0892139,45.8129876],[20.0915754,45.8106816],[20.0939728,45.8083754],[20.0964062,45.805994],[20.0987077,45.8037377],[20.1012011,45.8013477],[20.103191,45.7994173],[20.1038502,45.7987654]]},"properties":{"voltage":"110000","name":""}},{"type":"Feature","geometry":{"type":"LineString","coordinates":[[20.0337647,46.0482364],[20.0332148,46.0478888],[20.0342071,46.0461784],[20.0357802,46.0434828],[20.0376881,46.0402303],[20.0390754,46.0378381],[20.0405878,46.0352787],[20.0392089,46.0333766],[20.0371804,46.0305052],[20.0350597,46.0276708],[20.0328409,46.0244181],[20.0305542,46.0212374],[20.0284847,46.0183192],[20.0268583,46.0160683],[20.0251839,46.013693],[20.0233181,46.0110989],[20.0220569,46.0093513],[20.0231302,46.0076455],[20.0248514,46.0048927],[20.0264296,46.0023878],[20.0281478,45.9996387],[20.0299721,45.9967298],[20.0318691,45.9937055],[20.0335406,45.9910844],[20.0350766,45.9885959],[20.0368862,45.9857078],[20.0390123,45.9823997],[20.0407711,45.9795151],[20.0425399,45.976701],[20.0442372,45.9740492],[20.0457178,45.9716631],[20.046678,45.969503],[20.0480382,45.9663494],[20.0493901,45.963262],[20.0507848,45.9599506],[20.0523083,45.9564675],[20.0536937,45.9532892],[20.0549262,45.9505375],[20.0560191,45.9479177],[20.0573151,45.9449893],[20.0585382,45.9421693],[20.0592056,45.9405353],[20.0589588,45.9388007],[20.0585313,45.936371],[20.0581274,45.933795],[20.0577727,45.9317218],[20.0576499,45.9308018]]},"properties":{"voltage":"110000","name":""}},{"type":"Feature","geometry":{"type":"LineString","coordinates":[[19.7680738,45.5381826],[19.7682171,45.5393772],[19.7684048,45.541733],[19.7685872,45.5440511],[19.7688501,45.5467749],[19.7690647,45.5495249],[19.7692631,45.5519742],[19.7695099,45.5552422],[19.7697728,45.5580556],[19.7724336,45.5608898],[19.7751962,45.5637871],[19.7773902,45.5660893],[19.7800671,45.5689284],[19.7826795,45.5716397],[19.7856085,45.5746889],[19.7883766,45.5776139],[19.7911124,45.5805125],[19.793236,45.5827736],[19.7957473,45.585367],[19.798293,45.5880113],[19.8007674,45.5906188],[19.8032327,45.5931911],[19.8034559,45.5962271],[19.8038529,45.5995038],[19.8042177,45.6025101],[19.8045942,45.6056149],[19.804963,45.6087387],[19.805341,45.6118586],[19.8057003,45.6150198],[19.8060827,45.6181941],[19.8064433,45.6212495],[19.8068196,45.6243537],[19.8072048,45.6274424],[19.8073473,45.6305632],[19.8075335,45.6337437],[19.807687,45.636848],[19.8078847,45.6403869],[19.8080668,45.6438307],[19.8082448,45.647004],[19.8083813,45.6500843],[19.8085502,45.65319],[19.8087254,45.6564123],[19.8089021,45.6594117],[19.8090679,45.6626168],[19.8091884,45.6657961],[19.8093796,45.6688946],[19.8095646,45.6719618],[19.8097087,45.6751564],[19.8098804,45.6782628],[19.8100341,45.6814368],[19.8102288,45.6845666],[19.810375,45.6876514],[19.8105278,45.6907125],[19.8107123,45.6939136],[19.8108954,45.6969671],[19.8110392,45.7001798],[19.8112219,45.7031196],[19.8141696,45.7050345],[19.8171874,45.7071052],[19.820552,45.7093026],[19.8237562,45.7114137],[19.8269799,45.7135821],[19.8301142,45.7156436],[19.8332881,45.7177647],[19.8365453,45.7198799],[19.8398037,45.7220829],[19.8430021,45.7241823],[19.846245,45.7263351],[19.8494084,45.728457],[19.8525748,45.7304992],[19.8556233,45.7325593],[19.8586806,45.7345884],[19.8617645,45.7365867],[19.8646892,45.7385355],[19.8678614,45.7406508],[19.8709011,45.7426919],[19.8741793,45.7448379],[19.877431,45.7469837],[19.880612,45.7491357],[19.8838814,45.7512444],[19.8870801,45.7533715],[19.8886936,45.7560996],[19.8901428,45.7587567],[19.8916361,45.7615247],[19.8930764,45.7640459],[19.8945697,45.7667273],[19.8959835,45.7693777],[19.8975121,45.7720218],[19.8989948,45.7747647],[19.9006736,45.7777475],[19.902273,45.7805823],[19.9038988,45.7834909],[19.9055424,45.7864671],[19.907071,45.7891905],[19.9079105,45.7913039],[19.9089885,45.7938915],[19.9100244,45.7964247],[19.9110177,45.7989036],[19.9122283,45.8019098],[19.9132975,45.8045154],[19.914455,45.8074043],[19.9156037,45.8102252],[19.9166906,45.8129721],[19.9178923,45.8159345],[19.9189615,45.8185518],[19.9200395,45.8211936],[19.9210998,45.823786],[19.9219569,45.8258919],[19.9242455,45.82809],[19.9263895,45.8301487],[19.9288801,45.8325233],[19.9316016,45.8351768],[19.9344822,45.8377316],[19.9373096,45.8401449],[19.9399537,45.8425444],[19.9427368,45.8450801],[19.9456351,45.8476037],[19.9486571,45.8501272],[19.9517632,45.852775],[19.9543964,45.8551629],[19.9577364,45.858166],[19.9605287,45.860726],[19.9633668,45.8633384],[19.9661931,45.865816],[19.9693519,45.8676792],[19.9720448,45.8693152],[19.9758107,45.8715414],[19.9789113,45.8734164],[19.982087,45.8753286],[19.9850911,45.8771512],[19.9881488,45.8788915],[19.9905092,45.8807215],[19.9926979,45.8825266],[19.9951119,45.8843788],[19.9978307,45.886413],[20.0008411,45.888673],[20.0040919,45.8910776],[20.0072355,45.8933178],[20.0100894,45.8953638],[20.0135977,45.8979473],[20.0160224,45.8996721],[20.0187046,45.9016655],[20.021537,45.9036963],[20.0252707,45.9064138],[20.0281889,45.9085115],[20.0306458,45.9102509],[20.0332176,45.9120811],[20.035578,45.9137831],[20.0381774,45.9156329],[20.0412535,45.9178063],[20.044279,45.9199782],[20.04709,45.921971],[20.0500941,45.9240532],[20.0530432,45.9261477],[20.056231,45.9284488],[20.0576666,45.9294628],[20.057615,45.9304264]]},"properties":{"voltage":"110000","name":""}},{"type":"Feature","geometry":{"type":"LineString","coordinates":[[19.7682703,45.5381669],[19.7685304,45.539344],[19.7688111,45.5415918],[19.769127,45.5440122],[19.7694918,45.5467173],[19.7698135,45.5494872],[19.7701627,45.5520631],[19.7705339,45.555192],[19.7708987,45.5579284],[19.7734715,45.5605325],[19.7763905,45.5635135],[19.7790727,45.5663828],[19.7818515,45.5693346],[19.7846088,45.5721135],[19.787183,45.5747149],[19.7915534,45.575109],[19.7963883,45.5754884],[19.80105,45.575895],[19.8052442,45.5762456],[19.8094202,45.576581],[19.813441,45.5769139],[19.8177433,45.5772894],[19.8224533,45.5776691],[19.8271985,45.5780676],[19.8310035,45.578377],[19.8344119,45.5786288],[19.838223,45.5789478],[19.8425498,45.5791103],[19.8474136,45.5792598],[19.8521657,45.579414],[19.8566353,45.579569],[19.8605955,45.5796875],[19.8641258,45.5797969],[19.8675848,45.5798864],[19.8712497,45.5805973],[19.8748209,45.5813013],[19.8787811,45.5820125],[19.8828064,45.5827875],[19.8867796,45.583526],[19.8905965,45.5842736],[19.895195,45.5851214],[19.8996762,45.5859419],[19.9043074,45.5868091],[19.908756,45.5876559],[19.913229,45.5884861],[19.9176576,45.5893385],[19.92223,45.5902136],[19.9263205,45.5909794],[19.9304891,45.5917542],[19.9352178,45.5926347],[19.9399494,45.5935748],[19.9447145,45.5944524],[19.9492739,45.595291],[19.9543156,45.5962276],[19.9586532,45.5970138],[19.9618969,45.5953822],[19.964828,45.5939511],[19.9676939,45.5925291],[19.969801,45.5914451],[19.9728786,45.5899128],[19.975992,45.5883995],[19.9795354,45.5886092],[19.9839515,45.5887824],[19.9881852,45.5889374],[19.9923799,45.589065],[19.9966009,45.5892077],[20.0013487,45.5893791],[20.0060938,45.5895618],[20.0106966,45.5897389],[20.0129585,45.5898274],[20.0128003,45.5918123],[20.012657,45.5943282],[20.0124579,45.5969721],[20.0123276,45.5994057],[20.0128748,45.6018002],[20.0136671,45.6047881],[20.0139598,45.6058926],[20.0145179,45.6082379],[20.0149627,45.6087833]]},"properties":{"voltage":"110000","name":""}},{"type":"Feature","geometry":{"type":"LineString","coordinates":[[20.0151842,45.6086922],[20.0148194,45.6081085],[20.014326,45.6060522],[20.0139316,45.6044874],[20.013165,45.6015107],[20.012644,45.599387],[20.0127872,45.5969625],[20.0129827,45.59431],[20.0131259,45.591867],[20.0132986,45.589833],[20.015575,45.5898888],[20.0197176,45.5900347],[20.0222969,45.5901532],[20.0261787,45.5902972],[20.0297744,45.5904268],[20.0325582,45.5905375],[20.0372243,45.5906703],[20.04091,45.5908106],[20.0441016,45.5887595],[20.0477491,45.5863892],[20.0515269,45.5839003],[20.0542886,45.5820951],[20.056894,45.5803628],[20.0597078,45.5785028],[20.0639895,45.5789784],[20.0687782,45.5794971],[20.0735982,45.5800897],[20.078366,45.5806459],[20.0832217,45.5811643],[20.0877845,45.5817127],[20.0925784,45.5822688],[20.0973156,45.5827908],[20.1022606,45.5833515],[20.1064813,45.5838165],[20.1094829,45.5831293],[20.1122892,45.5824673],[20.1156262,45.5816374],[20.1192216,45.5806892],[20.1226998,45.5797866],[20.1273765,45.578656],[20.1321183,45.5775253],[20.1355504,45.5766425],[20.1390207,45.5766314],[20.1433586,45.5770417],[20.1472406,45.5774247],[20.1504583,45.5777256],[20.1513701,45.5789158],[20.1525425,45.5805844],[20.1536759,45.5821161],[20.1539755,45.5825264]]},"properties":{"voltage":"110000","name":""}},{"type":"Feature","geometry":{"type":"LineString","coordinates":[[20.0437527,43.8223788],[20.0442869,43.8224344],[20.0451506,43.822312],[20.0466261,43.8200853],[20.0486885,43.8169727],[20.0475141,43.8149465],[20.0461775,43.8125721],[20.0446789,43.8098433],[20.0423507,43.8057881],[20.0399796,43.804313],[20.0362406,43.7989797],[20.0314953,43.7925019],[20.0284304,43.7882439],[20.0201227,43.7843581],[20.0172474,43.7839863],[20.0131417,43.7837154],[20.0058476,43.7830718],[20.0006359,43.7825499],[19.9937102,43.7818722],[19.9878015,43.7812803],[19.9841494,43.7809568],[19.9768692,43.7802579],[19.9690473,43.7804345],[19.9652387,43.7804423],[19.9595155,43.7804231],[19.9567099,43.7798111],[19.9548163,43.7793464],[19.9511149,43.7784401],[19.9453427,43.7789746],[19.9429427,43.7791291],[19.9410383,43.7778161],[19.9357114,43.7775876],[19.9288841,43.7758899],[19.9213026,43.7740047],[19.9168823,43.7669739],[19.9154715,43.7647618],[19.913551,43.7616895],[19.9104879,43.7569472],[19.9080686,43.7538513],[19.899346,43.7470506],[19.8952959,43.7440705],[19.8914711,43.7411793],[19.887952,43.7385593],[19.8843257,43.7359082],[19.8771159,43.7303963],[19.8722981,43.7276129],[19.8701368,43.7262602],[19.8651747,43.7233255],[19.8628787,43.719026],[19.8612265,43.7159359],[19.8603843,43.7143462],[19.8595635,43.7128805],[19.8572836,43.7086462],[19.8559196,43.7062642],[19.8526112,43.7015107],[19.8513452,43.6997577],[19.8495106,43.6972445],[19.8464743,43.6929897],[19.8448704,43.6907516],[19.8437224,43.6891225],[19.8417644,43.686411],[19.8409383,43.6852395],[19.8414962,43.6840485],[19.8427461,43.681364],[19.8446343,43.6773524],[19.8455034,43.6755134],[19.847084,43.6720862],[19.8454734,43.6700995],[19.8437836,43.6681221],[19.8407259,43.664653],[19.8386584,43.6622059],[19.8320065,43.6576734],[19.8303865,43.6568195],[19.8271317,43.655122],[19.8240365,43.6504255],[19.8226471,43.648477],[19.8216493,43.6469398],[19.8202707,43.6448708],[19.8189027,43.6427668],[19.8158879,43.6382985],[19.8150564,43.6370523],[19.8131682,43.6360778],[19.8077501,43.6331193],[19.805658,43.632005],[19.8033033,43.6289512],[19.8014676,43.6265584],[19.7977401,43.6218159],[19.7961726,43.616173],[19.7931256,43.6145399],[19.7918512,43.6138568],[19.7877631,43.6117418],[19.7855243,43.6105233],[19.7837903,43.6096029],[19.7819722,43.6086412],[19.7792623,43.6071889],[19.778939,43.6061046],[19.7774983,43.6014835],[19.7769899,43.5998408],[19.7761585,43.5986914],[19.7738307,43.5954732],[19.7731379,43.5939148],[19.771306,43.5897945],[19.7698827,43.5866069],[19.76896,43.5845125],[19.7684267,43.5833452],[19.7668664,43.5797675],[19.7675268,43.5784414],[19.7685669,43.5763722],[19.7704345,43.5726109],[19.7689178,43.5700724],[19.7646602,43.5628098],[19.7619165,43.5579203],[19.7603179,43.5549852],[19.7591109,43.5529091],[19.7579452,43.5506355],[19.7550876,43.5452419],[19.7529257,43.5410891],[19.7514717,43.5383359],[19.7505439,43.536652],[19.7466762,43.5334631],[19.74445,43.5303907],[19.7425724,43.5277109],[19.7400404,43.5240898],[19.7382249,43.5195924],[19.7375271,43.5173557],[19.7345151,43.5151429],[19.7317202,43.5130266],[19.7298695,43.5121395],[19.7269995,43.5116688],[19.7237487,43.5111202],[19.7170807,43.5099492],[19.7127677,43.5067005],[19.709646,43.5043352],[19.7069473,43.5027823],[19.705161,43.5018251],[19.7021301,43.5000819],[19.7006802,43.4992815],[19.7005383,43.4966274],[19.6998985,43.4947001],[19.6985305,43.4922484],[19.6978975,43.4908629],[19.6959824,43.4874342],[19.6949578,43.4855387],[19.6930159,43.4834252],[19.6854843,43.4755078],[19.6842719,43.4751263],[19.6821262,43.4744451],[19.6790523,43.4734096],[19.6750559,43.4691389],[19.670303,43.4636337],[19.6697665,43.4622943],[19.6639676,43.4574153],[19.6626426,43.4566521],[19.6563877,43.4532486],[19.6501113,43.4496814],[19.6445645,43.4465814],[19.6421601,43.4386138],[19.6412922,43.4357377],[19.6372474,43.4315345],[19.63331,43.4278101],[19.6259071,43.4229362],[19.6220715,43.415233],[19.6180106,43.4114414],[19.6132168,43.4099699],[19.6092471,43.4090658],[19.6055403,43.4074758],[19.6009055,43.4056285],[19.5955033,43.4033994],[19.5916411,43.4037032],[19.5890126,43.4039682],[19.584029,43.4044164],[19.5820925,43.4045762],[19.5748559,43.4038357],[19.5707682,43.4034226],[19.5667663,43.4029861],[19.5642933,43.4017857],[19.5601037,43.3997121],[19.5579687,43.3986714],[19.5477387,43.3936665],[19.5458505,43.3927466],[19.542841,43.3912731],[19.5383134,43.3890745],[19.5361945,43.3880336],[19.5318386,43.3858543],[19.5301703,43.3850317],[19.5278636,43.3844469],[19.5222095,43.3829225],[19.5196292,43.3822013],[19.515461,43.3810472],[19.5127949,43.3803298],[19.5066902,43.3786377],[19.50367,43.3778306],[19.5005372,43.3770741],[19.4934669,43.3750115],[19.487271,43.373327],[19.4816867,43.3717672],[19.4791332,43.3710614],[19.4754103,43.3700436],[19.4732538,43.3694626],[19.4695792,43.3684565],[19.4653359,43.3692793],[19.4624069,43.3698174],[19.4580135,43.3706363],[19.4545695,43.3712876],[19.4515118,43.371775],[19.447743,43.371092],[19.444149,43.370324],[19.440029,43.369501],[19.4370869,43.3689244],[19.429402,43.367388],[19.426805,43.366877],[19.4243,43.365941],[19.422616,43.365309],[19.419236,43.364073],[19.4136322,43.3619689],[19.4090188,43.360284],[19.4045395,43.3575616],[19.4008273,43.3542345],[19.4011545,43.3531345],[19.4021416,43.3499164],[19.4029066,43.3474042],[19.3997825,43.345182],[19.3954214,43.3438281],[19.392881,43.343111],[19.390676,43.34244],[19.388348,43.341722],[19.3859196,43.3407292],[19.3799758,43.3367612],[19.3778247,43.335263],[19.37425,43.333021],[19.3708992,43.331045],[19.3705237,43.3292383],[19.3699336,43.3265145],[19.3693113,43.3236579],[19.3686301,43.320727],[19.3683136,43.3191502],[19.3628311,43.3172612],[19.3599504,43.3163362],[19.357036,43.31633],[19.353951,43.316724],[19.350668,43.317095],[19.3481153,43.3173659],[19.3431728,43.3213842],[19.34098,43.3231934],[19.33803,43.325587],[19.336703,43.3266729],[19.3349931,43.3280564],[19.3325329,43.3299563],[19.331979,43.334465],[19.3304319,43.3365396],[19.3285905,43.3366831]]},"properties":{"voltage":"220000","name":""}},{"type":"Feature","geometry":{"type":"LineString","coordinates":[[21.9147256,43.2949003],[21.9218038,43.2941692],[21.9246648,43.2938641],[21.9282106,43.2934505],[21.9325196,43.2934229],[21.9356309,43.2933659],[21.9397541,43.293283],[21.942774,43.2932222],[21.9480427,43.2930785],[21.9549585,43.2929537],[21.9593345,43.2928134],[21.9606563,43.293706],[21.9624706,43.2950268],[21.9650964,43.2967978],[21.9669146,43.2987814],[21.9688851,43.300931]]},"properties":{"voltage":"110000","name":""}},{"type":"Feature","geometry":{"type":"LineString","coordinates":[[21.9702974,43.3015608],[21.9699137,43.3003783]]},"properties":{"voltage":"110000","name":""}},{"type":"Feature","geometry":{"type":"LineString","coordinates":[[21.9698737,43.3016268],[21.969649,43.3007944]]},"properties":{"voltage":"110000","name":""}},{"type":"Feature","geometry":{"type":"LineString","coordinates":[[21.9700826,43.3015942],[21.9698523,43.300756]]},"properties":{"voltage":"110000","name":""}},{"type":"Feature","geometry":{"type":"LineString","coordinates":[[21.9902928,43.2901901],[21.9921033,43.2890624],[21.9944336,43.2887463]]},"properties":{"voltage":"","name":""}},{"type":"Feature","geometry":{"type":"LineString","coordinates":[[20.1680795,44.6659731],[20.1675466,44.666801],[20.1661698,44.6676088],[20.1635472,44.6691476],[20.1618935,44.6701179]]},"properties":{"voltage":"220000","name":""}},{"type":"Feature","geometry":{"type":"LineString","coordinates":[[20.2065547,44.6405423],[20.2027946,44.6397396],[20.1994633,44.6402663],[20.1963386,44.6407356],[20.1927153,44.641312],[20.1890912,44.6418775],[20.1870838,44.6427552],[20.1826009,44.6442499],[20.1801895,44.6458622],[20.1775324,44.6470689],[20.1746315,44.6483631],[20.171756,44.649656],[20.16903,44.6509034],[20.166284,44.6521114],[20.1647352,44.6536544],[20.1631299,44.6552106],[20.1616113,44.6567083],[20.1597334,44.6585659],[20.1587515,44.6595477],[20.1597925,44.6618569],[20.1609199,44.6643574],[20.1617779,44.6662605],[20.16138,44.6673068],[20.1608976,44.6674881]]},"properties":{"voltage":"110000","name":""}},{"type":"Feature","geometry":{"type":"LineString","coordinates":[[20.1786825,44.4234912],[20.1784739,44.4234925],[20.1769996,44.4224148],[20.1754702,44.4213371],[20.174602,44.4207155],[20.1732034,44.4197424],[20.1724094,44.4191813],[20.1712121,44.4182883],[20.1696872,44.4168048],[20.1680967,44.4152364],[20.1667889,44.4139646],[20.165331,44.412535],[20.1641197,44.4113659],[20.1628043,44.4100899],[20.1615108,44.4088374],[20.1600124,44.4073961],[20.1589204,44.4063526],[20.157754,44.4052242]]},"properties":{"voltage":"","name":""}},{"type":"Feature","geometry":{"type":"LineString","coordinates":[[20.0906732,44.3455318],[20.0899965,44.3460272],[20.0881598,44.3480023],[20.0860244,44.3502985],[20.0838534,44.3526329],[20.082248,44.354359],[20.082709,44.3547482],[20.0861995,44.3576949],[20.0890371,44.3600903],[20.0905622,44.3613776],[20.090602,44.3641731],[20.0906431,44.3670593],[20.0906822,44.3698083],[20.0907314,44.3732677],[20.090775,44.3763282],[20.0908159,44.3792058],[20.09085,44.3815997],[20.0908919,44.3845428],[20.092733,44.3874957],[20.0943778,44.3901338],[20.0961122,44.3929154],[20.0978116,44.3956407],[20.0994471,44.3982635],[20.1012571,44.4011659],[20.1024077,44.4030109],[20.1041957,44.4058778],[20.1052261,44.4075299],[20.1084174,44.4082896],[20.1130996,44.4094042],[20.1166379,44.4102465],[20.1206653,44.4112052],[20.1255748,44.4123739],[20.1287488,44.4131294],[20.1332956,44.4142117],[20.1362658,44.4149187],[20.1398199,44.4143923],[20.1439392,44.4155347],[20.1468263,44.4163353],[20.1512496,44.4175619],[20.1541637,44.41837],[20.1570187,44.4186018],[20.1611488,44.4189371],[20.1656195,44.4193],[20.1696458,44.4196269],[20.1738446,44.4199678],[20.1775953,44.4202723],[20.1857139,44.4209314],[20.1897393,44.4212582],[20.1982914,44.4219524],[20.2025249,44.4222961],[20.2061107,44.4225872],[20.2103279,44.4239821],[20.2143306,44.425306],[20.2171265,44.4262308],[20.2185634,44.4255568],[20.2200618,44.4236755],[20.2216143,44.4217264],[20.2232932,44.4196183],[20.2255669,44.4167634],[20.2275656,44.4142537],[20.2291677,44.4122418],[20.228325,44.410024],[20.2273999,44.4075892],[20.226352,44.4048314],[20.2253052,44.402076],[20.2243756,44.3996292],[20.2235372,44.3974222],[20.2227356,44.3953121],[20.2219818,44.3933277],[20.2235508,44.3925211],[20.2265216,44.3909938],[20.2290175,44.3897106],[20.2317828,44.3882889],[20.2341611,44.3870661],[20.2346282,44.3869091]]},"properties":{"voltage":"110000","name":""}},{"type":"Feature","geometry":{"type":"LineString","coordinates":[[20.090575,44.345416],[20.08973,44.3458298],[20.0878466,44.3478581],[20.0856744,44.3501974],[20.0843813,44.3515899],[20.0831993,44.3528628],[20.0803024,44.3527476],[20.0795979,44.3521506],[20.0766042,44.3496135],[20.0745478,44.3478707],[20.0726324,44.3462474],[20.0702693,44.3442446],[20.0682015,44.3424919],[20.0656962,44.3403685],[20.0636732,44.3386537],[20.0625126,44.3376699],[20.0602628,44.3365729],[20.0548542,44.3339357],[20.05221,44.3326463],[20.0490393,44.3311001],[20.0429204,44.3281162],[20.037604,44.3255235],[20.0353857,44.3233244],[20.0341243,44.3220738],[20.0303614,44.318343],[20.0289682,44.3165347],[20.0279183,44.3151719],[20.0257359,44.3123391],[20.0219832,44.3074677],[20.0210691,44.306281],[20.0161748,44.3058566],[20.0118618,44.3054826],[20.0068997,44.3050523],[20.0027049,44.3046885],[19.9987635,44.3043467],[19.9945819,44.3039841],[19.9908376,44.3036594],[19.987156,44.3033402],[19.9831715,44.3029946],[19.9792492,44.3026545],[19.9741922,44.3022159],[19.9706342,44.3019074],[19.9672004,44.3016096],[19.9625617,44.3012073],[19.9585431,44.3007275],[19.9552586,44.3003353],[19.9512657,44.2998586],[19.9479019,44.299457],[19.944113,44.2990046],[19.9407723,44.2986057],[19.9374115,44.2982044],[19.9366421,44.2969727],[19.9372244,44.2963902]]},"properties":{"voltage":"110000","name":""}},{"type":"Feature","geometry":{"type":"LineString","coordinates":[[20.1919008,44.4914015],[20.190853,44.4912525]]},"properties":{"voltage":"","name":""}},{"type":"Feature","geometry":{"type":"LineString","coordinates":[[20.1919171,44.4912667],[20.190853,44.4912525]]},"properties":{"voltage":"","name":""}},{"type":"Feature","geometry":{"type":"LineString","coordinates":[[20.1926857,44.4923865],[20.1929503,44.4936552],[20.1932131,44.49504],[20.1934754,44.4965114],[20.1940011,44.4990253],[20.1944911,44.5017246],[20.1947028,44.5027884],[20.1949796,44.5042447],[20.1962789,44.504689],[20.1976576,44.505129],[20.1989397,44.5055345],[20.2027015,44.5054578],[20.2045938,44.5053853],[20.206232,44.5050638]]},"properties":{"voltage":"","name":""}},{"type":"Feature","geometry":{"type":"LineString","coordinates":[[20.1806624,44.4790714],[20.1807318,44.4774921],[20.180764,44.4757262],[20.1808932,44.4722944],[20.1802838,44.4703539],[20.179643,44.4683905],[20.1784163,44.4645036],[20.1777842,44.462514],[20.1769715,44.4598597],[20.1760145,44.4473049],[20.1789515,44.4402484],[20.1803689,44.4368428],[20.1817697,44.4334769],[20.1823848,44.4319946],[20.1830505,44.4304988],[20.1835582,44.4292343],[20.1827117,44.4279814],[20.1817939,44.4265668],[20.1803339,44.4243807],[20.1793771,44.4239208],[20.1791486,44.4238179]]},"properties":{"voltage":"35000","name":""}},{"type":"Feature","geometry":{"type":"LineString","coordinates":[[21.2642019,43.579391],[21.2663047,43.5800361],[21.2692415,43.5809347],[21.2714009,43.5815672],[21.2739329,43.5823288],[21.2784283,43.5836656],[21.2808101,43.5846331]]},"properties":{"voltage":"110000","name":""}},{"type":"Feature","geometry":{"type":"LineString","coordinates":[[21.1386678,43.5777391],[21.1383161,43.5775353],[21.1374662,43.5766821],[21.136637,43.5759002],[21.1343184,43.5765635],[21.1315583,43.5773585],[21.1291357,43.5780297],[21.1266875,43.5787345],[21.1240848,43.5789872],[21.1235477,43.5790393],[21.1199624,43.5793452],[21.1165295,43.5796548],[21.1098941,43.5802426],[21.1034108,43.5808181],[21.0972534,43.5813532],[21.0917036,43.5818315],[21.0884475,43.5821254],[21.0853842,43.5823898],[21.0825679,43.5826449],[21.0801912,43.5834935],[21.0775889,43.5844395],[21.0745267,43.5855193],[21.0718072,43.5865101],[21.0690409,43.5875255],[21.0663497,43.5884936],[21.0635225,43.5895115],[21.0576789,43.591621],[21.0549103,43.592617],[21.0521552,43.5936022],[21.0490313,43.5947248],[21.0462315,43.5957439],[21.0433292,43.5967867],[21.0406027,43.5977809],[21.038375,43.5985841],[21.0361856,43.5993664],[21.0352988,43.600381],[21.033374,43.6008454],[21.0306697,43.6015242],[21.0282652,43.6021049],[21.0251853,43.6028328],[21.0227248,43.6034102],[21.020442,43.6036511],[21.0177139,43.6039735],[21.016886,43.6046173],[21.0123337,43.6081059],[21.0122385,43.6081892],[21.0120368,43.6083442],[21.0109948,43.6091514],[21.0100735,43.60985],[21.0093717,43.6104254],[21.0074048,43.610459],[21.0073277,43.6118124],[21.0063345,43.611811]]},"properties":{"voltage":"","name":""}},{"type":"Feature","geometry":{"type":"LineString","coordinates":[[21.1385289,43.5830381],[21.1385848,43.5812751],[21.1386697,43.5793728],[21.1386922,43.578154],[21.1386997,43.5778535]]},"properties":{"voltage":"","name":""}},{"type":"Feature","geometry":{"type":"LineString","coordinates":[[22.0590954,43.3865102],[22.0618584,43.3873646],[22.0710728,43.3901551],[22.0731703,43.3907925],[22.0756487,43.3915156],[22.0782987,43.3923381],[22.0801816,43.3928878],[22.0815529,43.3932946],[22.0834861,43.3938603],[22.0851577,43.3943568],[22.0869005,43.3948738],[22.0896578,43.3957177],[22.0935068,43.3968715],[22.0966235,43.3978167],[22.0988149,43.3984793],[22.1006931,43.3990654],[22.1028335,43.3996949],[22.1052629,43.4004399],[22.1072129,43.4009992],[22.1091796,43.4016086],[22.1112033,43.4022098],[22.1156565,43.4035267],[22.1189386,43.4045292],[22.123707,43.405974],[22.1266459,43.4069056],[22.1292342,43.4076967],[22.1306075,43.4081526],[22.1308313,43.4082259]]},"properties":{"voltage":"","name":""}},{"type":"Feature","geometry":{"type":"LineString","coordinates":[[22.0590954,43.3865102],[22.0541548,43.3860267],[22.0515752,43.3857655],[22.0496816,43.3855823],[22.0467982,43.3852977],[22.0454618,43.3851427],[22.0432114,43.3830111],[22.0406908,43.3812869],[22.0398161,43.3806687],[22.0399371,43.3794642],[22.0401141,43.3777057],[22.0402321,43.3765048],[22.040374,43.3751086],[22.040826,43.3716431],[22.0398765,43.3693657],[22.0365425,43.3684513],[22.0342089,43.3677981],[22.0320471,43.3671975],[22.0297216,43.3665618],[22.0251055,43.3652593],[22.0227398,43.3646119],[22.0212029,43.3642005],[22.0127459,43.3619014],[22.0099189,43.360981],[22.0076068,43.3603492],[22.0057132,43.3598577],[22.004077,43.3584809],[22.0024623,43.3571314],[22.000794,43.355813],[21.9994422,43.354639],[21.9978892,43.3533771],[21.9960545,43.3518481],[21.9946437,43.3506427],[21.9930504,43.349332],[21.9913741,43.3479979],[21.9899552,43.3469485],[21.989003,43.3457918],[21.9880964,43.3446391],[21.9866131,43.343613],[21.9850521,43.3426631],[21.9833194,43.3414127],[21.9816993,43.3401739],[21.9799398,43.3389274],[21.9784861,43.3378818],[21.9766943,43.3366098],[21.9749374,43.3353769],[21.9731349,43.3341302],[21.9714089,43.3329216],[21.9698063,43.3317891],[21.9681326,43.3306263],[21.9664938,43.3294673],[21.9653083,43.3286479],[21.9637928,43.327563],[21.962669,43.3267552],[21.9620816,43.3263611],[21.9602711,43.3251123],[21.958482,43.3238655],[21.9567171,43.3226147],[21.9549952,43.3213795],[21.9526053,43.3196623],[21.9506875,43.3183665],[21.9490568,43.3172249],[21.9474126,43.3160618],[21.9456048,43.3147426],[21.9437232,43.3134887],[21.9421299,43.3123646],[21.9406789,43.3113263],[21.9396409,43.3106198],[21.938918,43.3101074],[21.9383923,43.3093443],[21.9377539,43.3086066],[21.9363162,43.3067758],[21.936027,43.3064423],[21.9354539,43.305606],[21.9349334,43.3049005],[21.9343777,43.3041471],[21.9338627,43.3034952],[21.9323306,43.301739],[21.9314079,43.3007825],[21.9300614,43.3007396],[21.9288276,43.3006888],[21.9265316,43.300599],[21.9236818,43.3002807],[21.9219947,43.3000797],[21.9182503,43.2993223],[21.9138461,43.2986117],[21.9117748,43.2983272],[21.9100413,43.2980878],[21.9079419,43.2978372],[21.9057661,43.2973895],[21.9040193,43.2974233],[21.9021414,43.2975527],[21.9000038,43.2976661],[21.8966579,43.297674],[21.8947171,43.297682],[21.8928583,43.297686],[21.8907523,43.2976786],[21.888569,43.2976591],[21.8861229,43.2976591],[21.8837947,43.2976747],[21.881826,43.2976669],[21.8798948,43.2976669],[21.878044,43.2976708],[21.8759895,43.2984165],[21.8741066,43.2991114],[21.8719286,43.2999001],[21.8700296,43.3006145],[21.8661511,43.3020785],[21.8621278,43.3035191],[21.859923,43.3043115],[21.8576753,43.3051508],[21.8540705,43.3067553],[21.8500632,43.3085626],[21.8458522,43.3104714],[21.8421668,43.312146],[21.8376822,43.31416],[21.8344313,43.3156628],[21.8340799,43.3154773]]},"properties":{"voltage":"","name":""}},{"type":"Feature","geometry":{"type":"LineString","coordinates":[[21.8340397,43.3155066],[21.8343522,43.3157242],[21.8361854,43.3150276],[21.8374923,43.3145441],[21.8392271,43.3139094],[21.8408498,43.3133024],[21.8425235,43.3126896],[21.8442401,43.3120592],[21.8459567,43.3114386],[21.8476009,43.3108258],[21.8491673,43.3102539],[21.850613,43.3097211],[21.8521714,43.3091473],[21.8538445,43.3084461],[21.8555705,43.3076723],[21.8571603,43.3069973],[21.8587026,43.3063434],[21.8604353,43.3056174],[21.8620929,43.3049186],[21.8636969,43.3042276],[21.8652043,43.3035874],[21.8668029,43.3029179],[21.8683451,43.3022503],[21.8698767,43.3016042],[21.8714377,43.3009327],[21.8730336,43.3002632],[21.8746725,43.2995643],[21.8762282,43.2989006],[21.8776658,43.2982935],[21.8788889,43.2982623],[21.8807638,43.2982311],[21.8827084,43.298192],[21.8844062,43.298153],[21.886501,43.2981237],[21.8881908,43.298073],[21.8889671,43.2980591],[21.8900442,43.2980398],[21.892013,43.2980124],[21.8948963,43.297948],[21.8965191,43.2979187],[21.8990698,43.2979363],[21.9003171,43.2978094],[21.9019103,43.2977352],[21.9044262,43.2977255],[21.9059041,43.2976747],[21.9075268,43.2980242],[21.9091308,43.2981491],[21.9108206,43.298397],[21.9124487,43.298641],[21.9138917,43.2988245],[21.9156995,43.2991251],[21.9168046,43.2992696],[21.9183522,43.2995721],[21.9216433,43.3002925],[21.9232526,43.3004701],[21.9251302,43.3006477],[21.9265491,43.3007726],[21.9281101,43.3009191],[21.9289684,43.3010088],[21.9293493,43.300923],[21.9324338,43.3013563],[21.9366181,43.3018287],[21.9382301,43.3020219],[21.9404295,43.3023069],[21.9431037,43.3026368],[21.9451153,43.3028886],[21.9470707,43.3031599]]},"properties":{"voltage":"","name":""}},{"type":"Feature","geometry":{"type":"LineString","coordinates":[[21.8339914,43.315532],[21.8342261,43.3157788],[21.8361177,43.3153335],[21.8379041,43.314953],[21.8396837,43.31455],[21.8414513,43.3141577],[21.843404,43.3137186],[21.8451608,43.3133341],[21.846923,43.312936],[21.8486906,43.3125359],[21.8504957,43.3121339],[21.8522713,43.3117416],[21.8540443,43.3113493],[21.8558119,43.3109453],[21.8571664,43.3106252]]},"properties":{"voltage":"","name":""}},{"type":"Feature","geometry":{"type":"LineString","coordinates":[[21.8868545,43.3290126],[21.8864313,43.3290215],[21.8852833,43.3286625],[21.8839154,43.3282118],[21.8825233,43.3277454],[21.8811178,43.3272674],[21.8798974,43.3266665],[21.8787307,43.326085],[21.8777463,43.3255757],[21.8755496,43.3245045],[21.8740797,43.3238411],[21.8725616,43.3230742],[21.8710649,43.3223249],[21.869579,43.32156],[21.8666446,43.3200926],[21.8651212,43.3193218],[21.8635869,43.3185783],[21.8620446,43.3178562],[21.8600544,43.3171166],[21.8592524,43.317181],[21.8572989,43.3173756],[21.8551595,43.3175568],[21.8536895,43.3168141],[21.8530726,43.3162248],[21.8522606,43.315477],[21.8512414,43.3145227],[21.8502677,43.3136035],[21.8487073,43.3138591],[21.8475368,43.3140508],[21.8455397,43.3143779],[21.8435529,43.3147033],[21.8415507,43.3150312],[21.8395445,43.3153598],[21.8376012,43.3156781],[21.8355847,43.3160084],[21.8336313,43.3162956],[21.8330077,43.3156116],[21.8333106,43.3153587],[21.8338506,43.3154374]]},"properties":{"voltage":"","name":""}},{"type":"Feature","geometry":{"type":"LineString","coordinates":[[21.833974,43.3153438],[21.8329071,43.3147129],[21.832404,43.3143731],[21.8324428,43.3137356],[21.8330037,43.3132063],[21.8341141,43.3121915],[21.8353479,43.3110517],[21.8357878,43.3102543],[21.8362069,43.3095229],[21.8366152,43.308811],[21.837039,43.3080615],[21.8379,43.3065567],[21.8387503,43.3050538],[21.8395737,43.3035996],[21.8404025,43.3021278],[21.8407378,43.3015325],[21.8412387,43.3006712],[21.8420649,43.2992169],[21.8429044,43.2977372],[21.8437171,43.2963083],[21.8445808,43.2947641],[21.8454498,43.2932706],[21.8463054,43.2917478],[21.8466649,43.2911172],[21.8470752,43.2904066],[21.8476546,43.2893738],[21.8482581,43.2883136],[21.8486765,43.2871246],[21.849221,43.2856935],[21.8498057,43.2841178],[21.8503931,43.2825381],[21.8508303,43.2813548],[21.8513668,43.2799216],[21.8519327,43.2783887],[21.8525335,43.2767875],[21.8531156,43.2752584],[21.8536386,43.2738445],[21.8541724,43.2724013],[21.8546927,43.2710011],[21.8552318,43.269552],[21.8558085,43.2680247],[21.8563744,43.2664993],[21.856868,43.2651771],[21.8566132,43.2639973],[21.8563047,43.262507],[21.8559828,43.2609229],[21.8556959,43.2594618],[21.8553981,43.2579792],[21.8551004,43.2564946],[21.8547866,43.2549377],[21.8544915,43.2533807],[21.8542233,43.2520347],[21.8539336,43.2505656],[21.8536386,43.2491023],[21.853357,43.2476312],[21.8530673,43.2461483],[21.8527669,43.2446752],[21.8524852,43.2431863],[21.8521848,43.2416916],[21.8519676,43.2405623],[21.8517798,43.2396009],[21.8516377,43.2388877],[21.8522948,43.2379342],[21.8528151,43.2372424],[21.8531638,43.2367696],[21.8528795,43.2358335],[21.8526489,43.2349425],[21.8517959,43.2339517],[21.8511629,43.2331935],[21.8506479,43.2325916],[21.8495053,43.2312823],[21.8483466,43.2299651],[21.8472254,43.2285815],[21.8460721,43.2272564],[21.8451118,43.2262456]]},"properties":{"voltage":"110000","name":""}},{"type":"Feature","geometry":{"type":"LineString","coordinates":[[22.1862298,43.3905126],[22.1892929,43.391725],[22.1914279,43.3925747],[22.1928709,43.3931907],[22.1944427,43.3937987],[22.1968246,43.3930854],[22.1989971,43.3924149],[22.2019475,43.391573],[22.2048443,43.3911948],[22.2075802,43.3904346],[22.2112226,43.3894582],[22.2134435,43.3888403],[22.2165213,43.3879914],[22.2181467,43.3875489],[22.2218911,43.3865334],[22.2245974,43.3857926],[22.2257749,43.3854749],[22.2288756,43.384627],[22.2322444,43.3836971]]},"properties":{"voltage":"","name":""}},{"type":"Feature","geometry":{"type":"LineString","coordinates":[[20.4962801,43.138604],[20.4961309,43.1389617],[20.4961276,43.1399419],[20.4947313,43.1408533],[20.4933808,43.1417142],[20.4913401,43.1430377],[20.4905247,43.1435841],[20.4886439,43.1447944],[20.4876916,43.1454022],[20.4868726,43.1454395],[20.4831986,43.1456111],[20.4818231,43.1456541],[20.4800324,43.1457343],[20.4780412,43.1458356],[20.4766892,43.1463239],[20.4732607,43.147581],[20.4728394,43.1477434],[20.4709406,43.1484754],[20.4698499,43.1488768],[20.4682703,43.1483985],[20.4660474,43.1476979],[20.4637139,43.1469728],[20.4619519,43.1464438],[20.4582549,43.1452703],[20.4567521,43.1448149],[20.454169,43.1440267],[20.452042,43.1433821],[20.4495258,43.1426093],[20.4470074,43.1419023],[20.444938,43.1413172],[20.4427885,43.1407591],[20.4412737,43.1400326],[20.4394326,43.1391564],[20.4375608,43.1382531],[20.4351917,43.1371534],[20.4327218,43.1359591],[20.4312237,43.1350312],[20.4299084,43.1346232],[20.4270906,43.1340543],[20.4251803,43.1336738],[20.4219286,43.133016],[20.4206743,43.1327329],[20.4175517,43.1313924],[20.4153809,43.1311553],[20.4127022,43.1307131],[20.4090487,43.1317056],[20.4024841,43.1353184],[20.3992272,43.1371107],[20.3867111,43.1387795],[20.3640496,43.1578983],[20.3380962,43.1748848],[20.3125768,43.1950551],[20.3117546,43.1956401],[20.3108972,43.1969092]]},"properties":{"voltage":"110000","name":""}},{"type":"Feature","geometry":{"type":"LineString","coordinates":[[22.1417375,43.4291248],[22.1409216,43.4275461],[22.1403191,43.4263939],[22.1392481,43.4242693],[22.1375611,43.4209437],[22.1365708,43.4190675],[22.1355661,43.4169414],[22.1334171,43.4127712],[22.1328781,43.4117001],[22.1320596,43.4100886],[22.1314655,43.408893],[22.1311025,43.4081735],[22.1309489,43.4081456]]},"properties":{"voltage":"","name":""}},{"type":"Feature","geometry":{"type":"LineString","coordinates":[[22.2644144,43.5833223],[22.2642907,43.583201],[22.2617319,43.5827113],[22.2590497,43.5821945],[22.2546401,43.5813396],[22.2516897,43.5807839],[22.2494473,43.5803565],[22.2484827,43.5801731]]},"properties":{"voltage":"","name":""}},{"type":"Feature","geometry":{"type":"LineString","coordinates":[[22.2440208,43.5788096],[22.2451961,43.5797101],[22.2467518,43.580979],[22.248139,43.5813549]]},"properties":{"voltage":"","name":""}},{"type":"Feature","geometry":{"type":"LineString","coordinates":[[22.2376739,43.5684224],[22.2378876,43.568687],[22.2398135,43.5700109],[22.2405339,43.5712178],[22.240646,43.5714055],[22.2423877,43.5736133]]},"properties":{"voltage":"","name":""}},{"type":"Feature","geometry":{"type":"LineString","coordinates":[[22.6148204,43.1499291],[22.6154262,43.149548],[22.6155925,43.1476381],[22.6134735,43.1456655],[22.6106599,43.143135],[22.6073849,43.1401152],[22.6047724,43.1377235],[22.6034313,43.1364982],[22.6020849,43.1352965],[22.5997192,43.1331355],[22.5973642,43.1309863],[22.5944245,43.1288252],[22.5922573,43.128927],[22.588293,43.1291463],[22.5847256,43.1293498],[22.5806647,43.1295573],[22.5768936,43.1297687],[22.5734603,43.1299019],[22.5716042,43.1318671],[22.5691581,43.1344783],[22.5668728,43.1369288],[22.5648183,43.1391131],[22.5623614,43.1417357],[22.5602692,43.1439903],[22.5583166,43.1460647],[22.5563157,43.1482056],[22.5544059,43.1495167],[22.5523889,43.1508552],[22.549535,43.1527454],[22.5466168,43.154663],[22.5421985,43.1575229],[22.5398758,43.1590478],[22.5390559,43.1595936],[22.5362035,43.1614731],[22.5338129,43.1630841],[22.5317388,43.1631785],[22.5281111,43.1633042],[22.5245403,43.1634654],[22.5205173,43.1636163],[22.5167947,43.1637548],[22.5134032,43.1639202],[22.5101006,43.1640153],[22.5075816,43.1640423],[22.5038175,43.1640558],[22.499189,43.1640289],[22.49613,43.1640357],[22.4924015,43.1640134],[22.4873603,43.1640678],[22.4843658,43.1640153],[22.4806559,43.1653065]]},"properties":{"voltage":"","name":""}},{"type":"Feature","geometry":{"type":"LineString","coordinates":[[20.0442413,43.8237605],[20.0432305,43.8236334],[20.0422313,43.8236997]]},"properties":{"voltage":"110000","name":""}},{"type":"Feature","geometry":{"type":"LineString","coordinates":[[21.9057415,43.3261021],[21.9055663,43.3261809],[21.9036038,43.3271924],[21.9026801,43.3276626],[21.901222,43.3273058],[21.8995254,43.3276451],[21.8978529,43.3279861],[21.8966536,43.3282049],[21.8958057,43.3283748],[21.8950152,43.3285332],[21.8934094,43.3288673],[21.8915027,43.3292636],[21.8898684,43.3285391]]},"properties":{"voltage":"","name":""}},{"type":"Feature","geometry":{"type":"LineString","coordinates":[[20.6481502,43.4162483],[20.650604,43.4126386],[20.6517579,43.4110265],[20.6532771,43.4086543],[20.6543841,43.4070334],[20.6556373,43.4052281],[20.6566803,43.4043387],[20.6586998,43.4026044],[20.6571009,43.3997529],[20.6565195,43.3985516],[20.655284,43.3962842],[20.6542892,43.3944722],[20.6533477,43.3927206],[20.6515294,43.3893552],[20.6506805,43.3877945],[20.6498103,43.3861544],[20.6497603,43.3843025],[20.6497212,43.3834434],[20.6497022,43.382412],[20.6496262,43.3805518],[20.6496199,43.3787514],[20.6496185,43.3735527],[20.6499138,43.368798],[20.6500929,43.3654389],[20.6502353,43.3641194],[20.6503183,43.361946],[20.6504641,43.3593659],[20.6497935,43.3580625],[20.6492333,43.3569448],[20.6482721,43.3550617],[20.6483014,43.3523089],[20.6483987,43.3511404],[20.6485129,43.3485145],[20.6486692,43.3471589],[20.6486654,43.3456165],[20.6487004,43.3437504],[20.6487815,43.3426338],[20.6480904,43.3406942],[20.6476396,43.3393867],[20.6470419,43.33759],[20.646502,43.3359675],[20.6456124,43.3333307],[20.6442865,43.3318969],[20.6419914,43.3296162],[20.6405838,43.3281551],[20.6390565,43.3265987],[20.637515,43.3250077],[20.6354406,43.3228812],[20.6326643,43.3219113],[20.6301971,43.3210494],[20.6279413,43.3202557],[20.6260803,43.3196057],[20.6239281,43.3188587],[20.6219832,43.3181979],[20.6203345,43.3175981],[20.6177923,43.3167146],[20.6154084,43.3158841],[20.6153277,43.3156451]]},"properties":{"voltage":"35000","name":""}},{"type":"Feature","geometry":{"type":"LineString","coordinates":[[20.6504641,43.3593659],[20.6503053,43.3595329],[20.6491899,43.3606431],[20.6480514,43.3617448],[20.6473014,43.3625194],[20.6462572,43.3635778],[20.6453822,43.3644516]]},"properties":{"voltage":"","name":""}},{"type":"Feature","geometry":{"type":"LineString","coordinates":[[20.6353838,43.2973727],[20.6338953,43.2987275],[20.632653,43.2998248],[20.6314415,43.3009388],[20.6290247,43.3032568],[20.6269295,43.3053349],[20.6242378,43.3077932],[20.6225231,43.3086829],[20.6207759,43.3095869],[20.6182636,43.3109036],[20.6173897,43.3122112],[20.6164322,43.3136614],[20.6153908,43.3152789],[20.615243,43.3155142]]},"properties":{"voltage":"35000","name":""}},{"type":"Feature","geometry":{"type":"LineString","coordinates":[[20.6151115,43.3155011],[20.6152385,43.3151936],[20.6168849,43.3118937],[20.6177805,43.310069],[20.6186631,43.3082968],[20.6196887,43.306258]]},"properties":{"voltage":"35000","name":""}},{"type":"Feature","geometry":{"type":"LineString","coordinates":[[20.4847873,43.4126136],[20.4849647,43.4125299],[20.4861217,43.4119845],[20.4873931,43.4113851],[20.4894437,43.4112463],[20.4913343,43.4111184],[20.4938811,43.410946],[20.4962141,43.4107881],[20.4986432,43.4106237],[20.5007093,43.4098956],[20.5039463,43.408755],[20.5055523,43.408189],[20.5068595,43.4077284],[20.5094287,43.406823],[20.5106704,43.4058835],[20.5121618,43.4047552],[20.5150893,43.4025402],[20.5178498,43.4004516],[20.519169,43.3994534],[20.5205868,43.3983806],[20.5220177,43.3972978],[20.523651,43.396062],[20.5248125,43.395183],[20.5268818,43.3936171],[20.527866,43.3928724],[20.529109,43.3919317],[20.5303151,43.391019],[20.5313844,43.3900519],[20.5337936,43.387873],[20.5349614,43.3868168],[20.5362069,43.3856903],[20.5377237,43.3843183],[20.5393549,43.3828429],[20.5407655,43.381567],[20.5421393,43.3803244],[20.5438242,43.3788002],[20.5445883,43.3781091],[20.5464383,43.3764356],[20.5478229,43.3751831],[20.5490681,43.3740566],[20.5502498,43.3729875],[20.5517123,43.3716644],[20.5528752,43.3706124],[20.5544453,43.369192],[20.5560945,43.3677548],[20.5571602,43.3667928],[20.5580159,43.3660205],[20.5606061,43.3625414],[20.5617486,43.3610069],[20.5629204,43.3594327],[20.5639544,43.3580438],[20.5653534,43.3561645],[20.5674719,43.3525007],[20.5682715,43.3506472],[20.5687521,43.3492405],[20.569119,43.3467474],[20.5694243,43.3453426],[20.5701353,43.3431959],[20.5710725,43.3425356],[20.573233,43.3410134],[20.5747954,43.3399801],[20.5756225,43.3394212],[20.5766262,43.338743],[20.5788459,43.3372129],[20.5805286,43.3360893],[20.5817777,43.3352178],[20.5842416,43.333585],[20.5853498,43.3328052],[20.5869915,43.332105],[20.5882318,43.3315816],[20.5897379,43.3309514],[20.5914954,43.3302159],[20.5925906,43.3297363],[20.5958966,43.3283482],[20.597802,43.3275513],[20.5990943,43.3270309],[20.6010157,43.3261802],[20.6019712,43.325748],[20.6048793,43.3257563],[20.6070036,43.3257623],[20.6088727,43.3257677],[20.6101285,43.3245506],[20.6109995,43.3237064],[20.6122022,43.3225463],[20.6132953,43.3213798],[20.6137234,43.3203051],[20.6146535,43.3174334],[20.6145869,43.3157054]]},"properties":{"voltage":"110000","name":""}},{"type":"Feature","geometry":{"type":"LineString","coordinates":[[20.6181812,43.2874759],[20.6207196,43.2886109],[20.6224204,43.289388],[20.6238258,43.2900673],[20.6252378,43.2907498],[20.6254303,43.292681],[20.6253956,43.296697],[20.625351,43.2986355],[20.6252936,43.3005648],[20.6252506,43.301675],[20.6252281,43.3033965],[20.6251218,43.3047968],[20.6250058,43.3065081],[20.622677,43.3074923],[20.6193537,43.3082276],[20.6181463,43.3103184],[20.6170933,43.3121614],[20.6159991,43.3140477],[20.6153333,43.3152212],[20.6151674,43.3155137]]},"properties":{"voltage":"35000","name":""}},{"type":"Feature","geometry":{"type":"LineString","coordinates":[[20.6497212,43.3834434],[20.6474029,43.3843652],[20.6454724,43.3851179],[20.6444004,43.3861445],[20.6436918,43.38763],[20.6426335,43.3896238],[20.6415226,43.3919093]]},"properties":{"voltage":"","name":""}},{"type":"Feature","geometry":{"type":"LineString","coordinates":[[20.6175569,43.3837209],[20.617556,43.3835303],[20.6174961,43.3816288],[20.6189169,43.3811522],[20.6207299,43.3814591],[20.6214973,43.3815752],[20.6232743,43.3818522],[20.6254272,43.3822003],[20.6301832,43.3829621],[20.6327294,43.3833724],[20.6353236,43.3837867],[20.6358203,43.3849769],[20.6368361,43.3872756],[20.6379857,43.3885355],[20.6399613,43.3906701],[20.6412076,43.3920533]]},"properties":{"voltage":"","name":""}},{"type":"Feature","geometry":{"type":"LineString","coordinates":[[20.6173197,43.3837032],[20.6172871,43.3835235],[20.6170326,43.3816438],[20.6184181,43.380985],[20.6198633,43.3804036],[20.6203545,43.3787395],[20.6196307,43.376407],[20.6186144,43.3735425],[20.6176002,43.3703372],[20.6174305,43.3696649],[20.6172778,43.3689248],[20.6163107,43.3657733],[20.6159047,43.3644937],[20.6153875,43.3631202],[20.6144679,43.3602372],[20.6138142,43.3581166],[20.6127108,43.354984],[20.6121979,43.3531649],[20.6114939,43.3509449],[20.6111347,43.3497173],[20.6107468,43.3484584],[20.6101116,43.3466236],[20.6094968,43.3446239],[20.6080592,43.3400322],[20.6083989,43.339017],[20.609974,43.3338809],[20.6106126,43.3317615],[20.6112027,43.3297881],[20.6121394,43.3268899],[20.612845,43.3245756],[20.6139735,43.3209794],[20.6146543,43.3189988],[20.614914,43.3178338],[20.6152745,43.3159327],[20.6152212,43.3156547]]},"properties":{"voltage":"35000","name":""}},{"type":"Feature","geometry":{"type":"LineString","coordinates":[[21.2809603,43.5845515],[21.278597,43.5834178],[21.2711941,43.5811796],[21.267557,43.5800992],[21.2646281,43.5792132],[21.2611495,43.5781086],[21.2573676,43.5769894],[21.254224,43.5760566],[21.251673,43.5752959],[21.2489586,43.574472],[21.2463998,43.5737141],[21.2409349,43.5730162],[21.2368833,43.5724394],[21.2338983,43.5720731],[21.230564,43.5716076],[21.2260608,43.5710431],[21.2221502,43.5705456],[21.2185453,43.5700384],[21.214322,43.5695523],[21.210605,43.5690855],[21.2057985,43.568599],[21.2020858,43.5682214],[21.1979371,43.5677573],[21.193615,43.5673317],[21.1896725,43.56694],[21.1857905,43.5665327],[21.1826954,43.5662298],[21.1783061,43.5658709],[21.1751708,43.5659508],[21.17149,43.5660336],[21.1679837,43.5661082],[21.1636192,43.5662095],[21.1610541,43.5663039],[21.1561073,43.5663959],[21.1506202,43.5665391],[21.1477486,43.5665982],[21.1448743,43.566718],[21.1405648,43.5669402],[21.1369087,43.5670877],[21.1316187,43.5673189],[21.1279195,43.5674398],[21.1240493,43.5676467],[21.1209689,43.5677762],[21.1177833,43.5686428],[21.1148913,43.5694545],[21.111396,43.5704522],[21.1080701,43.5713762],[21.1051585,43.572218],[21.1034366,43.5726909],[21.1011557,43.5733174],[21.0978716,43.5742247],[21.094872,43.575057],[21.0909003,43.5761727],[21.0865597,43.5773718],[21.0826059,43.578466],[21.078363,43.5796377],[21.0749509,43.5805751],[21.0706054,43.5817845],[21.0662284,43.5829971],[21.0625288,43.584021],[21.0584546,43.5851322],[21.053604,43.5864528],[21.0365003,43.5911683],[21.0344011,43.5917606],[21.0313899,43.5924872],[21.0269311,43.5934312],[21.0236415,43.5941405],[21.0217752,43.5944826],[21.0175939,43.5953494],[21.015345,43.5957678],[21.0139903,43.5963622],[21.009908,43.5980349],[21.00766,43.5989578],[21.0058474,43.5996932],[21.0038234,43.601922],[21.0031779,43.6026683],[21.0041409,43.6050323],[21.0045075,43.6060579],[21.0052315,43.6081108],[21.0059337,43.6100886],[21.0060616,43.6105219],[21.0063965,43.6115672]]},"properties":{"voltage":"110000","name":""}},{"type":"Feature","geometry":{"type":"LineString","coordinates":[[20.6133658,43.3154356],[20.6124646,43.317237],[20.610811,43.3200029],[20.6086773,43.3235595],[20.6075542,43.3253556],[20.6058056,43.328151],[20.6044474,43.3303223],[20.6025806,43.3335005],[20.602586,43.3345364],[20.6027013,43.3370511],[20.6028569,43.3399695],[20.602991,43.3427766],[20.6031224,43.3450822],[20.6032056,43.3483845],[20.603396,43.3517724],[20.6036428,43.3560748],[20.6036857,43.3580503],[20.6038332,43.3610672],[20.6040987,43.3653592],[20.6041363,43.3670556],[20.604257,43.3709591],[20.6044555,43.3740416],[20.6045869,43.3762759],[20.6047183,43.3774203],[20.6049249,43.3801593],[20.6051394,43.3835084],[20.6052762,43.3856],[20.6055954,43.388902],[20.6057617,43.390859],[20.6062687,43.3970276],[20.6061131,43.398386],[20.6059092,43.3999295],[20.6054372,43.4036848],[20.6052253,43.4048326],[20.6050322,43.4066857],[20.6048283,43.4080205],[20.6049705,43.4090221],[20.6051904,43.4113505],[20.6057751,43.4151246],[20.6061694,43.4182379],[20.6066039,43.4213628],[20.6072906,43.4268836],[20.6078002,43.4295912],[20.6076714,43.4315137],[20.6074569,43.4342484],[20.6069902,43.4417428],[20.6067407,43.4453455],[20.6066334,43.446952],[20.6065369,43.4481691],[20.6064323,43.4490084],[20.6060916,43.4549764],[20.6060863,43.4568611],[20.6041363,43.4584012],[20.6026074,43.4595635],[20.5983427,43.4631165],[20.5952555,43.4656901],[20.5934772,43.4671443],[20.5941612,43.4694432],[20.5953896,43.4739105],[20.5962372,43.4768359],[20.5975998,43.4815751],[20.5986485,43.4851151],[20.599134,43.4866915],[20.5998662,43.4892174],[20.6002712,43.4906145],[20.6001559,43.4913637],[20.5996785,43.4953507],[20.5995819,43.4964364],[20.5993512,43.4976953],[20.599201,43.4994736],[20.5988658,43.5023394],[20.5982784,43.5074248],[20.598163,43.5086757],[20.5980477,43.5097378],[20.5978412,43.5112824],[20.5976668,43.5129358],[20.5975032,43.5143577],[20.596838,43.5198428],[20.5966234,43.5215329],[20.5963284,43.5234389],[20.5959582,43.5270582],[20.5956122,43.5303719],[20.5954084,43.5317292],[20.5951187,43.5346285],[20.5947673,43.5375705],[20.5945018,43.5389335],[20.5940995,43.5424741],[20.5939573,43.5440664],[20.5935711,43.5449101],[20.5924419,43.5481529],[20.591495,43.5506101],[20.5910418,43.5518601],[20.5900896,43.5542744],[20.5890274,43.5576974],[20.5877507,43.5609784],[20.5875066,43.5617384],[20.5860984,43.5624419],[20.5835638,43.5638258],[20.5796477,43.5658354],[20.5769977,43.5672657],[20.5723602,43.569765],[20.5706704,43.5706589],[20.5688411,43.5716111],[20.5669367,43.5726391],[20.5652872,43.5735019],[20.559161,43.5769064],[20.556393,43.5783598],[20.5538315,43.5825178],[20.5520371,43.5854555],[20.5498967,43.588937],[20.5489525,43.590464],[20.548172,43.5917539],[20.5454013,43.5947066],[20.54288,43.5973698],[20.540812,43.5995764],[20.5395433,43.6009167],[20.5383444,43.6031367],[20.5360296,43.6074407],[20.5346885,43.609977],[20.5329183,43.6133037],[20.532229,43.6146223],[20.5313894,43.6161816],[20.5292168,43.6202341],[20.5281815,43.622135],[20.5273849,43.6236534],[20.5277175,43.6250331],[20.528549,43.6286133],[20.5293053,43.6315836],[20.5296379,43.6331522],[20.530979,43.6387177],[20.5334896,43.6424174],[20.535056,43.6442652],[20.5372179,43.6467961],[20.5386287,43.6484575],[20.5421853,43.6526844],[20.5464661,43.6576485],[20.5479789,43.6608774],[20.5488318,43.6632563],[20.5494809,43.6650336],[20.5500442,43.666679],[20.5516669,43.6707366],[20.5534613,43.6752161],[20.554907,43.6778874],[20.5565915,43.680993],[20.5580854,43.683763],[20.5590537,43.6855804],[20.5608749,43.6889688],[20.5620554,43.6909468],[20.5648667,43.6919087],[20.574129,43.6949899],[20.580903,43.6972456],[20.5836955,43.698359],[20.5862136,43.6993648],[20.5897571,43.7007673],[20.593239,43.7021459],[20.5960634,43.7032479],[20.5988618,43.7043408],[20.6022427,43.7056497],[20.6053818,43.7068803],[20.6088117,43.7082431],[20.6111779,43.7091403],[20.6133654,43.7119847],[20.6128065,43.7128017]]},"properties":{"voltage":"110000","name":""}},{"type":"Feature","geometry":{"type":"LineString","coordinates":[[22.61468,43.1497946],[22.6149434,43.1495637],[22.6148039,43.1480842],[22.6125938,43.1460334],[22.6098204,43.1434814],[22.6063281,43.1403579],[22.6043808,43.1385455],[22.6030558,43.1373125],[22.6015055,43.1358837],[22.5990701,43.133668],[22.5965434,43.1313621]]},"properties":{"voltage":"","name":""}},{"type":"Feature","geometry":{"type":"LineString","coordinates":[[22.5708747,43.1601337],[22.5688362,43.1590107],[22.5670874,43.1566314],[22.5665885,43.1531877],[22.5655317,43.1501037],[22.5645447,43.1474189],[22.5635898,43.1447887],[22.5626778,43.1421506],[22.5650489,43.1395437],[22.5675273,43.1368897],[22.5696623,43.1345879],[22.571851,43.1322117],[22.5736588,43.1302894],[22.575928,43.130172],[22.5789964,43.1300115],[22.5809544,43.1299019],[22.5847149,43.1296983],[22.5883251,43.1295064],[22.5918764,43.1293303],[22.594167,43.1292128],[22.5968492,43.1311351],[22.5994885,43.1334996],[22.6016986,43.135547],[22.603206,43.1369171],[22.6047295,43.1383067],[22.6068485,43.1402444],[22.61011,43.1432172],[22.6128942,43.1457594],[22.6152277,43.1478768],[22.6151687,43.1495597],[22.6147504,43.1498664]]},"properties":{"voltage":"","name":""}},{"type":"Feature","geometry":{"type":"LineString","coordinates":[[22.6150909,43.150184],[22.6154369,43.1500529],[22.6159894,43.1513679],[22.6170462,43.1539234],[22.6163113,43.1554144],[22.6154798,43.1570971],[22.615791,43.1574728]]},"properties":{"voltage":"","name":""}},{"type":"Feature","geometry":{"type":"LineString","coordinates":[[21.7095128,43.5415511],[21.709895,43.5416357],[21.7101511,43.5417796],[21.7104676,43.5419613],[21.7106661,43.5420245],[21.7110564,43.5420537],[21.7114481,43.5420834]]},"properties":{"voltage":"400","name":""}},{"type":"Feature","geometry":{"type":"LineString","coordinates":[[21.9688851,43.300931],[21.9692248,43.3017279]]},"properties":{"voltage":"110000","name":""}},{"type":"Feature","geometry":{"type":"LineString","coordinates":[[21.9690564,43.3009042],[21.9694397,43.3016944]]},"properties":{"voltage":"110000","name":""}},{"type":"Feature","geometry":{"type":"LineString","coordinates":[[21.9692461,43.3008735],[21.9696572,43.3016605]]},"properties":{"voltage":"110000","name":""}},{"type":"Feature","geometry":{"type":"LineString","coordinates":[[21.969649,43.3007944],[21.9684085,43.2976446],[21.9676284,43.2956638],[21.9666162,43.2935735],[21.9681306,43.2923291],[21.9701776,43.2906469],[21.9724583,43.290712],[21.976281,43.2908343],[21.9814201,43.2901549],[21.9866182,43.2894911],[21.9890966,43.2892256],[21.9902928,43.2901901]]},"properties":{"voltage":"110000","name":""}},{"type":"Feature","geometry":{"type":"LineString","coordinates":[[21.9698523,43.300756],[21.9689803,43.2977377],[21.9682342,43.2951549],[21.9676496,43.2935363],[21.9683815,43.2927307],[21.9704427,43.2926508],[21.9746923,43.2919108],[21.9784214,43.2913341],[21.9823535,43.2906977],[21.9870098,43.2898738],[21.9888981,43.28962],[21.9898851,43.2904087],[21.990266,43.2918495],[21.9908829,43.2943328],[21.9909741,43.2956213]]},"properties":{"voltage":"110000","name":""}},{"type":"Feature","geometry":{"type":"LineString","coordinates":[[21.9688851,43.300931],[21.9693333,43.301711]]},"properties":{"voltage":"110000","name":""}},{"type":"Feature","geometry":{"type":"LineString","coordinates":[[21.9690564,43.3009042],[21.9695408,43.3016786]]},"properties":{"voltage":"110000","name":""}},{"type":"Feature","geometry":{"type":"LineString","coordinates":[[21.9699137,43.3003783],[21.97339,43.2997992],[21.9738676,43.3014021],[21.9745293,43.3036116],[21.9749419,43.3049035],[21.9754415,43.3076634],[21.976065,43.3109317],[21.9766833,43.3142717],[21.9808917,43.3158446],[21.9849663,43.3174236],[21.9891705,43.3189904],[21.9907517,43.3195515],[21.9924691,43.3201609],[21.9956672,43.3201843],[21.9988607,43.3202446],[22.0025006,43.3202948],[22.0065073,43.3203626],[22.0109107,43.3204328],[22.0150679,43.3204715],[22.0190886,43.3205393],[22.0243746,43.3206316],[22.0256879,43.3215398],[22.0283521,43.3234207],[22.0318337,43.3258963],[22.0341422,43.3271104],[22.0348329,43.3280049],[22.0380231,43.3302982],[22.0402622,43.3318479],[22.0426233,43.3335237],[22.0431977,43.3339314],[22.0457551,43.3357425],[22.0481402,43.3374528],[22.0508174,43.3393373],[22.0526296,43.3406308],[22.0546389,43.3425475],[22.0572824,43.3450254],[22.0604051,43.3479907],[22.0628838,43.3503377],[22.0656742,43.3529758],[22.0686693,43.3558254],[22.0697348,43.3585011],[22.0701666,43.3594907],[22.0707673,43.3611319],[22.0715377,43.3630208],[22.0725516,43.365546],[22.0731032,43.3669802],[22.0743474,43.3693334],[22.0751424,43.3708378],[22.0770956,43.374586],[22.0776067,43.3755273],[22.0787213,43.3758699],[22.0842694,43.3776202],[22.0882379,43.378858],[22.0902605,43.3794941],[22.0940254,43.3807062],[22.0986912,43.3821704]]},"properties":{"voltage":"110000","name":""}},{"type":"Feature","geometry":{"type":"LineString","coordinates":[[21.9699137,43.3003783],[21.9701897,43.3015776]]},"properties":{"voltage":"110000","name":""}},{"type":"Feature","geometry":{"type":"LineString","coordinates":[[21.2813354,43.5847259],[21.2816206,43.584707],[21.2822207,43.5846673],[21.2825228,43.5846473]]},"properties":{"voltage":"220000","name":""}},{"type":"Feature","geometry":{"type":"LineString","coordinates":[[21.2813506,43.5848466],[21.2814395,43.5848411],[21.2817864,43.584823],[21.2820197,43.584805],[21.2825387,43.5847727]]},"properties":{"voltage":"220000","name":""}},{"type":"Feature","geometry":{"type":"LineString","coordinates":[[21.281678,43.5852052],[21.2816519,43.5850062],[21.2816206,43.584707]]},"properties":{"voltage":"220000","name":""}},{"type":"Feature","geometry":{"type":"LineString","coordinates":[[21.2822742,43.5851618],[21.2822483,43.5849671],[21.2822207,43.5846673]]},"properties":{"voltage":"220000","name":""}},{"type":"Feature","geometry":{"type":"LineString","coordinates":[[20.1682441,44.6668976],[20.1682761,44.6659924]]},"properties":{"voltage":"220000","name":""}},{"type":"Feature","geometry":{"type":"LineString","coordinates":[[20.1682441,44.6668976],[20.1686865,44.6660301]]},"properties":{"voltage":"220000","name":""}},{"type":"Feature","geometry":{"type":"LineString","coordinates":[[20.170506,44.6670978],[20.1706646,44.6692349],[20.167135,44.6701447],[20.1648192,44.6707417],[20.1624441,44.6713539]]},"properties":{"voltage":"220000","name":""}},{"type":"Feature","geometry":{"type":"LineString","coordinates":[[20.170506,44.6670978],[20.1706816,44.6662372]]},"properties":{"voltage":"220000","name":""}},{"type":"Feature","geometry":{"type":"LineString","coordinates":[[20.0082698,44.6573166],[20.0067915,44.6566541],[20.0064556,44.6563603]]},"properties":{"voltage":"400000","name":""}},{"type":"Feature","geometry":{"type":"LineString","coordinates":[[20.0082698,44.6573166],[20.0074797,44.6562228],[20.0071666,44.6559542]]},"properties":{"voltage":"400000","name":""}},{"type":"Feature","geometry":{"type":"LineString","coordinates":[[20.5301856,43.1454301],[20.5293302,43.1436165],[20.5287764,43.1424648],[20.5273263,43.1394276],[20.5263353,43.137272],[20.525219,43.1349621],[20.5246397,43.1337151],[20.5234748,43.1326299],[20.5225379,43.1317335],[20.5219529,43.1307329],[20.5212727,43.1301982],[20.521109,43.130066],[20.5174484,43.1271657],[20.5158394,43.1246642],[20.5123402,43.1217089],[20.5085187,43.1206364],[20.5061205,43.1199629],[20.5036449,43.1185649],[20.5012336,43.1160437],[20.4992828,43.1140117],[20.4969311,43.1136614],[20.4953739,43.1140916],[20.4943627,43.1143709]]},"properties":{"voltage":"","name":""}},{"type":"Feature","geometry":{"type":"LineString","coordinates":[[20.0445228,43.8240327],[20.0441835,43.8239909],[20.0431754,43.8238697],[20.0423588,43.823894]]},"properties":{"voltage":"110000","name":""}},{"type":"Feature","geometry":{"type":"LineString","coordinates":[[21.9838178,42.9779685],[21.9819342,42.9806912],[21.9800627,42.9833702],[21.9781639,42.9861117],[21.9763108,42.9887565],[21.9747534,42.9910263],[21.9732512,42.9931864],[21.9717647,42.9952887],[21.9697224,42.9957241],[21.9687323,42.9972817],[21.9661147,43.00118],[21.9644823,43.0035705],[21.9625859,43.0063327],[21.9610403,43.0085903],[21.9594057,43.0097508],[21.9576316,43.0111149],[21.9567544,43.0119145],[21.9548855,43.013454],[21.9525636,43.0132096],[21.9491465,43.0140113],[21.9465393,43.0142527],[21.9448448,43.0134806],[21.9431098,43.0126903],[21.9430818,43.0113123],[21.9430474,43.0082705],[21.9429702,43.0069324],[21.9428021,43.005155],[21.9426864,43.0039257],[21.9415577,43.0032896]]},"properties":{"voltage":"110000","name":""}},{"type":"Feature","geometry":{"type":"LineString","coordinates":[[21.9488929,43.009504],[21.9488527,43.0094039],[21.9487848,43.0092667]]},"properties":{"voltage":"110000","name":""}},{"type":"Feature","geometry":{"type":"LineString","coordinates":[[21.9499652,43.0097005],[21.9491017,43.0093524],[21.9490476,43.0092102]]},"properties":{"voltage":"110000","name":""}},{"type":"Feature","geometry":{"type":"LineString","coordinates":[[21.9415577,43.0032896],[21.9415825,43.0031509],[21.9415759,43.0028731]]},"properties":{"voltage":"110000","name":""}},{"type":"Feature","geometry":{"type":"LineString","coordinates":[[21.9415577,43.0032896],[21.9414705,43.0031515],[21.9414705,43.0028731]]},"properties":{"voltage":"110000","name":""}},{"type":"Feature","geometry":{"type":"LineString","coordinates":[[19.5007561,43.9531042],[19.5007308,43.9527251],[19.5005898,43.9520128],[19.5019855,43.9500698],[19.502867,43.9493906],[19.5113531,43.9475009],[19.5146093,43.9463075],[19.5240454,43.9457938],[19.5260248,43.9456856],[19.5288441,43.9455473],[19.5316843,43.9446157],[19.538422,43.94253],[19.5409004,43.9417575],[19.5442524,43.9406825],[19.5521227,43.9385166],[19.5573638,43.9370951],[19.5655037,43.9348342],[19.5666588,43.934338],[19.5700994,43.9328599],[19.5748786,43.9307827],[19.5791148,43.9289334],[19.5818577,43.9274022],[19.5837031,43.9263977],[19.590136,43.9267136],[19.5936723,43.9268759],[19.5951883,43.9269386],[19.599583,43.9271064],[19.6013413,43.927182],[19.6042085,43.9267929],[19.6049776,43.9266796],[19.6059439,43.9265445],[19.6147469,43.9255361],[19.6179311,43.9251944],[19.6190468,43.9250585],[19.6205888,43.924887],[19.6225307,43.9252502],[19.6245094,43.9256703],[19.6267052,43.9261173],[19.6331985,43.9264093],[19.6372299,43.926237],[19.6407168,43.9261018],[19.6451377,43.9266212],[19.6498792,43.9272608],[19.6551095,43.9255802],[19.6598838,43.9257308],[19.6623193,43.9265113],[19.6636121,43.9269556],[19.6661012,43.9278674],[19.6718947,43.9285126],[19.6762292,43.9278404],[19.679818,43.9286633],[19.6836696,43.9295983],[19.6904449,43.9274888],[19.6927945,43.9267818],[19.6950476,43.926067],[19.6999477,43.9257688],[19.7029337,43.9247905],[19.7048597,43.9241581],[19.7091184,43.9238376],[19.7127448,43.9235749],[19.7150496,43.9235037],[19.7198741,43.9233546],[19.7226904,43.9239226],[19.7245161,43.9236107],[19.7273834,43.9231271],[19.7327165,43.9233199],[19.7350071,43.9234165],[19.7376089,43.9235401],[19.7415142,43.9237024],[19.7440193,43.9225741],[19.7468096,43.9213032],[19.7488527,43.920364],[19.7551022,43.9210363],[19.7572695,43.9212643],[19.7589968,43.9214459],[19.7639036,43.9203852],[19.7657368,43.9199971],[19.769554,43.9191777],[19.7737114,43.9182851],[19.7767208,43.9176591],[19.7776847,43.9154272],[19.7780459,43.9145909],[19.7811872,43.9126229],[19.7857302,43.9097881],[19.7883348,43.9081447],[19.7908614,43.9065601],[19.7923405,43.9064842],[19.7983341,43.9061311],[19.8002492,43.905045],[19.8029137,43.9035698],[19.8033766,43.9033135],[19.8046849,43.9025807],[19.8064665,43.9014621],[19.8126303,43.9003875],[19.8155233,43.8999229],[19.8187375,43.8993471],[19.8207975,43.8997459],[19.8227611,43.9001094],[19.827036,43.9008887],[19.8303221,43.9006774],[19.8335258,43.9004623],[19.8361811,43.900319],[19.8379439,43.9000166],[19.841368,43.8995231],[19.8441325,43.899081],[19.8474624,43.8985629],[19.8520544,43.897813],[19.854798,43.8973883],[19.8584068,43.8967511],[19.8640767,43.8958557],[19.8677658,43.8953272],[19.8719013,43.8946559],[19.8747713,43.893628],[19.8784074,43.8924691],[19.8804425,43.8917745],[19.8845821,43.8904101],[19.8889727,43.888928],[19.8939875,43.8876404],[19.8967159,43.8868639],[19.9012577,43.8856476],[19.9087271,43.8842224],[19.9124666,43.8834954],[19.916411,43.8827348],[19.9201006,43.882053],[19.9232292,43.8815436],[19.9249908,43.8812084],[19.9307352,43.8768147],[19.9328105,43.8752384],[19.9367657,43.8722113],[19.9427466,43.867986],[19.9452651,43.8662354],[19.9486912,43.8601011],[19.949889,43.8579089],[19.9563341,43.8534254],[19.9592787,43.8497881],[19.961525,43.8472082],[19.9684116,43.8455101],[19.9719371,43.8445702],[19.9758209,43.8436385],[19.9779239,43.8435025],[19.9831122,43.843191],[19.9905613,43.8427568],[19.9949351,43.8425274],[19.9981399,43.8413146],[20.00283,43.8395402],[20.0089751,43.8372048],[20.013007,43.8369089],[20.0168549,43.8365645],[20.0190396,43.8348341],[20.022072,43.8324229],[20.0248333,43.8301735],[20.0278803,43.8277663],[20.0294091,43.8265511],[20.0323833,43.8233925],[20.0361795,43.8233513],[20.0399705,43.8231953],[20.0414721,43.823122],[20.0432533,43.8230494],[20.0437926,43.823113]]},"properties":{"voltage":"220000","name":""}},{"type":"Feature","geometry":{"type":"LineString","coordinates":[[22.579717,43.3555604],[22.5801742,43.3532725],[22.5791979,43.3473042],[22.5786507,43.3435513],[22.5780821,43.3399932],[22.5780928,43.3394704],[22.5782001,43.3375352],[22.5790394,43.3361106],[22.5946581,43.3296589],[22.6060092,43.3280824],[22.6359856,43.3360737],[22.6542675,43.3356679],[22.6686587,43.3348641]]},"properties":{"voltage":"","name":""}},{"type":"Feature","geometry":{"type":"LineString","coordinates":[[23.2198982,43.4009415],[23.2184847,43.4013956],[23.2165481,43.4020221],[23.2144077,43.4027188],[23.2110547,43.4031388],[23.2086469,43.4031192],[23.2073245,43.4032636],[23.2046382,43.4035351],[23.2025645,43.4037491],[23.2001171,43.403943],[23.1974973,43.4042255],[23.1943124,43.4045343],[23.1918046,43.4047637],[23.1880671,43.40511],[23.1858538,43.4053218],[23.1832549,43.4055622],[23.1806499,43.4058071],[23.1779721,43.4060629],[23.1747993,43.4063607],[23.1727652,43.4065327],[23.1705633,43.4067423],[23.1677616,43.4070114],[23.1643698,43.4072787],[23.1610496,43.4076517],[23.1565884,43.408058],[23.1511132,43.4085591],[23.1482513,43.4088237],[23.142005,43.4094337],[23.1380678,43.4098103],[23.1352917,43.4100873],[23.1314359,43.4104701],[23.1284455,43.4107595],[23.1261278,43.4109898],[23.1233559,43.4112668],[23.1200357,43.411606],[23.1132752,43.4120978],[23.1096208,43.4121444],[23.1072183,43.4121935],[23.1049606,43.4122599],[23.1020438,43.4123013],[23.0987642,43.4123471],[23.0961358,43.412407],[23.0901054,43.4125101],[23.0855515,43.4126316],[23.0808543,43.4127415],[23.0761969,43.4128109],[23.0724311,43.412915],[23.0700985,43.4129381],[23.0640312,43.4133343],[23.0612336,43.4135584],[23.0586417,43.4137233],[23.051736,43.4141596],[23.0490214,43.4143458],[23.0450008,43.4145753],[23.0410549,43.4148862],[23.0383085,43.4150848],[23.0364134,43.4152654],[23.0332817,43.4155497],[23.0303241,43.4158431],[23.0276531,43.4160989],[23.0254105,43.4163136],[23.0226558,43.4165487],[23.0200929,43.4168138],[23.016955,43.4171294],[23.0142432,43.4174358],[23.0106965,43.4177548],[23.0058701,43.4182275],[23.0042343,43.4182212],[23.001888,43.4182555],[22.9986653,43.4183027],[22.9953516,43.4183512],[22.9913851,43.4184092],[22.9873694,43.4184782],[22.985002,43.4185143],[22.9807561,43.4185837],[22.9783423,43.4186232],[22.976076,43.4186603],[22.9717816,43.4187305],[22.9687885,43.4187795],[22.965594,43.4188317],[22.9588562,43.418942],[22.9522625,43.4190498],[22.9502608,43.4177418],[22.9481111,43.4164744],[22.9457771,43.4149899],[22.9435864,43.4135996],[22.9416847,43.4123955],[22.9399279,43.4112439],[22.9377016,43.4098624],[22.937361,43.4079314],[22.937015,43.4058698],[22.9367119,43.4040186],[22.9346278,43.4015008],[22.9325518,43.3990453],[22.9314521,43.3977532],[22.9300681,43.3960635],[22.9290113,43.3947674],[22.9276541,43.3930737],[22.9266939,43.3918848],[22.9257309,43.3907212],[22.92454,43.3892398],[22.9228824,43.3871912],[22.9215735,43.3855928],[22.9203853,43.3841386],[22.9188994,43.3822965],[22.9172364,43.3802223],[22.915965,43.3786861],[22.912285,43.3788654],[22.9099193,43.3789824],[22.9078889,43.3790896],[22.905896,43.379193],[22.9023716,43.3793372],[22.9003867,43.3794659],[22.8984556,43.3795439],[22.8950787,43.3797115],[22.8930509,43.3798343],[22.8902587,43.38],[22.8880218,43.3801014],[22.8856829,43.3802125],[22.8839475,43.3802769],[22.8822523,43.3797174],[22.8799269,43.3789434],[22.8776845,43.3781675],[22.8758579,43.3775983],[22.8716522,43.3789629],[22.8694984,43.379618],[22.8676826,43.3801755],[22.8639355,43.3813627],[22.8607249,43.3823628],[22.8596225,43.3829651],[22.8580213,43.3838735],[22.8558969,43.3850353],[22.8530136,43.3866415],[22.8506747,43.3879495],[22.8480354,43.389423],[22.8471744,43.3899064],[22.8458762,43.3906062],[22.8424054,43.3925553],[22.8412467,43.3931868],[22.8381729,43.3948629],[22.8354022,43.3964201],[22.832602,43.397952],[22.8308612,43.3989323],[22.8286296,43.3999808],[22.8264248,43.401],[22.8237051,43.4022901],[22.8221494,43.4030306],[22.8208861,43.4036133],[22.8180644,43.405712],[22.815704,43.407417],[22.8142583,43.4084692],[22.8117719,43.4089408],[22.8113589,43.4088979],[22.8113494,43.4086085]]},"properties":{"voltage":"110000","name":""}},{"type":"Feature","geometry":{"type":"LineString","coordinates":[[22.2981048,43.2137815],[22.2926706,43.2153922],[22.2895056,43.2163618],[22.2839963,43.2183907],[22.2805846,43.2196808],[22.2772425,43.2209083],[22.2725916,43.2226126],[22.2654784,43.2252356],[22.2628337,43.2262284],[22.2588479,43.2285306],[22.2562998,43.2299925],[22.2528827,43.2319428],[22.2493583,43.2339674],[22.2464347,43.235558],[22.2429746,43.2376254],[22.2383773,43.2402399],[22.2347617,43.2423306],[22.231468,43.2442336],[22.2275895,43.2464883],[22.225669,43.2475746],[22.2235689,43.2492157],[22.2201973,43.2519859],[22.2184271,43.253373],[22.214731,43.2564087],[22.2095785,43.2605557],[22.2074407,43.2622882],[22.2032082,43.2656634],[22.2002041,43.2681047],[22.197876,43.2699562],[22.194652,43.2725458],[22.1931016,43.2738191]]},"properties":{"voltage":"","name":""}},{"type":"Feature","geometry":{"type":"LineString","coordinates":[[22.1931016,43.2738191],[22.1907359,43.274198],[22.1867502,43.2748776],[22.182464,43.2756118],[22.1784487,43.2763422],[22.175619,43.2769905],[22.1712738,43.2780372],[22.1668106,43.2791151],[22.1648419,43.2796111],[22.1619666,43.2802828],[22.1590483,43.2810639],[22.1557975,43.2804195],[22.1504331,43.2817629],[22.1475524,43.2825205],[22.1444464,43.2832664],[22.1400958,43.2843208],[22.1376684,43.2849359],[22.1356755,43.2849027],[22.132768,43.2848246],[22.1297747,43.2847543],[22.1275967,43.2847933],[22.1249735,43.2857344],[22.1217334,43.2868708],[22.1181178,43.2881242],[22.1154731,43.2889989],[22.1120024,43.2902172],[22.1083438,43.2915253],[22.102797,43.2934268],[22.0973414,43.2948909],[22.0928353,43.2961247],[22.0889783,43.2974248],[22.0865482,43.2978426],[22.0818061,43.2991661],[22.0774716,43.3002788],[22.0750469,43.3008878],[22.0710558,43.3015086],[22.0663941,43.3020981],[22.0624459,43.3025939],[22.059887,43.3029062],[22.0566764,43.3033824],[22.0533183,43.3038617],[22.0493111,43.3042833],[22.0475784,43.3044355],[22.0464143,43.3036079],[22.042936,43.3012995],[22.0421335,43.299864],[22.0404537,43.2968537],[22.0393751,43.2948471],[22.035789,43.2925806],[22.032347,43.2908728],[22.0275646,43.2885553],[22.0258293,43.2876514],[22.0242213,43.2868655],[22.019746,43.2861792],[22.0174071,43.2858278],[22.0137566,43.2853006],[22.010719,43.2847588],[22.0090994,43.2845118],[22.0064168,43.2841027],[22.0029648,43.2853758],[21.9944336,43.2887463]]},"properties":{"voltage":"","name":""}},{"type":"Feature","geometry":{"type":"LineString","coordinates":[[22.3995085,43.0509035],[22.4002325,43.0515756],[22.4017936,43.0530574],[22.4033439,43.0545508],[22.4052268,43.0563029],[22.4061871,43.0572005]]},"properties":{"voltage":"","name":""}},{"type":"Feature","geometry":{"type":"LineString","coordinates":[[22.3995085,43.0509035],[22.3992455,43.0506623],[22.3980859,43.0495594],[22.3965411,43.0480998],[22.395131,43.0468048],[22.3926365,43.0444369],[22.3910401,43.0429324],[22.387701,43.0398332],[22.386534,43.0387253],[22.380858,43.0333365],[22.380212,43.0327148],[22.378823,43.0314084],[22.3779383,43.03059],[22.3763911,43.0290946],[22.3755144,43.0282725],[22.374545,43.0273557],[22.3723785,43.0253067],[22.371191,43.0241818],[22.3700868,43.0231458],[22.3670727,43.0203041],[22.3661791,43.0194624]]},"properties":{"voltage":"","name":""}},{"type":"Feature","geometry":{"type":"LineString","coordinates":[[22.4105322,43.0735667],[22.4093655,43.0747619],[22.4079519,43.0762313],[22.4065974,43.0776282]]},"properties":{"voltage":"","name":""}},{"type":"Feature","geometry":{"type":"LineString","coordinates":[[21.8617898,43.2047731],[21.8643862,43.2038933],[21.8678087,43.2027554],[21.8705124,43.2018443],[21.8727922,43.2010778],[21.874364,43.1987472],[21.875394,43.1972338],[21.8767244,43.1952471],[21.8787467,43.1922044],[21.8798196,43.1906478],[21.8814021,43.1883168],[21.8831885,43.1856727],[21.8847656,43.1833024],[21.8864822,43.1807794],[21.8881613,43.1782836],[21.8912029,43.1762729],[21.8937886,43.1745633],[21.8962616,43.1729241],[21.8988097,43.171234],[21.9013202,43.1695791],[21.9038254,43.1679163],[21.9061536,43.1663864],[21.908766,43.1646609],[21.908884,43.1622271],[21.9089967,43.1601767],[21.9091147,43.1580206],[21.9092435,43.1553987],[21.9069475,43.1537199],[21.9053972,43.1518218],[21.9034982,43.1495049],[21.9017708,43.1473798],[21.9031602,43.1451371],[21.9047052,43.1426242],[21.9061911,43.1402209],[21.9076502,43.1378566],[21.9090664,43.1355705],[21.9113088,43.1334096],[21.9137388,43.1311116],[21.9160938,43.1288918],[21.9184273,43.1266758],[21.920777,43.1244363],[21.9230944,43.1222476],[21.9253367,43.120094],[21.9279653,43.1181127],[21.9306099,43.1161157],[21.9329166,43.1143692],[21.9352663,43.1125952],[21.9375783,43.1108525],[21.9399011,43.1091019],[21.9422185,43.1073474],[21.9435114,43.1050249],[21.9449222,43.1024987],[21.946215,43.1001486],[21.9475293,43.0977867],[21.9488811,43.095315],[21.9501525,43.0930312],[21.9514614,43.0906651],[21.9527489,43.0883537],[21.9540685,43.0859796],[21.9553614,43.0836445],[21.9563162,43.0813407],[21.9573247,43.0788801],[21.9583601,43.0764312],[21.9593418,43.074131],[21.959669,43.0712195],[21.9613749,43.0691347],[21.9623244,43.0669244]]},"properties":{"voltage":"110000","name":""}},{"type":"Feature","geometry":{"type":"LineString","coordinates":[[21.8617898,43.2047731],[21.861012,43.2050233],[21.858657,43.2057975],[21.8551326,43.2069784],[21.8519086,43.2080517],[21.8510878,43.210728],[21.8506211,43.2122293],[21.8491942,43.2153961],[21.8488669,43.2178903],[21.847837,43.221221],[21.848309,43.2224876],[21.8489367,43.2240902],[21.8497628,43.2263769],[21.8503851,43.22796],[21.851356,43.2308719],[21.8522224,43.233258],[21.8530646,43.2355815],[21.8537807,43.2375785],[21.8520858,43.2388302],[21.8525689,43.2412731],[21.8531009,43.2439479],[21.853612,43.2466328],[21.854165,43.2493252],[21.8546796,43.2520277],[21.8551801,43.2545108],[21.8557052,43.2572055],[21.8562197,43.2599],[21.8567763,43.262653],[21.8572873,43.2652861],[21.8562777,43.2679505],[21.8552636,43.2706342],[21.854245,43.2733209],[21.8532175,43.2760141],[21.8522146,43.278693],[21.8519455,43.2793501]]},"properties":{"voltage":"110000","name":""}},{"type":"Feature","geometry":{"type":"LineString","coordinates":[[21.8617898,43.2047731],[21.8611461,43.2038698],[21.8596709,43.2017543],[21.8576324,43.1989036],[21.8557924,43.1962913],[21.8560009,43.1957658]]},"properties":{"voltage":"","name":""}},{"type":"Feature","geometry":{"type":"LineString","coordinates":[[21.7897564,43.3131101],[21.7901051,43.3124075],[21.7911029,43.310569],[21.7918915,43.3091365]]},"properties":{"voltage":"","name":""}},{"type":"Feature","geometry":{"type":"LineString","coordinates":[[21.8872869,43.2977138],[21.8876356,43.2986391],[21.8881291,43.3000367],[21.888628,43.3013173],[21.8893737,43.3030389],[21.8904573,43.3043076],[21.8915033,43.3057559],[21.8922329,43.3064859],[21.8927211,43.3072159],[21.892772,43.3077175],[21.892646,43.3083421]]},"properties":{"voltage":"","name":""}},{"type":"Feature","geometry":{"type":"LineString","coordinates":[[22.3610462,43.1438509],[22.3627521,43.1485124],[22.3676257,43.1544836],[22.3613011,43.1598388]]},"properties":{"voltage":"","name":""}},{"type":"Feature","geometry":{"type":"LineString","coordinates":[[21.9623244,43.0669244],[21.9633061,43.0645533],[21.9643199,43.0620921],[21.9666374,43.0599168],[21.9678497,43.0587566],[21.9690889,43.0575886]]},"properties":{"voltage":"110000","name":""}},{"type":"Feature","geometry":{"type":"LineString","coordinates":[[19.9720636,46.0278469],[19.973233,46.028372],[19.9744132,46.02894],[19.9753869,46.0296886],[19.9765322,46.0301337],[19.9775487,46.0305713],[19.9786484,46.0310518],[19.9796972,46.0315527],[19.9807808,46.0320219],[19.9818644,46.0325471],[19.9829212,46.0330107],[19.9839887,46.0335321],[19.9850669,46.0340088],[19.9861184,46.034532],[19.9868627,46.0348877],[19.9887657,46.0345646],[19.9900398,46.0343235],[19.9912333,46.0341],[19.9921453,46.0339474],[19.9931887,46.0343533],[19.9941489,46.0347723],[19.9951279,46.0351912],[19.9961686,46.0356288],[19.9970698,46.0360217],[19.998132,46.036476],[19.9991244,46.0368819],[19.9999076,46.0372059],[20.0010315,46.0377272],[20.0019702,46.0381201]]},"properties":{"voltage":"","name":""}},{"type":"Feature","geometry":{"type":"LineString","coordinates":[[20.0950151,43.8599409],[20.0949799,43.8574786],[20.0949074,43.8548823],[20.0949044,43.8512992],[20.094832,43.8482735],[20.0947913,43.8465584],[20.0937069,43.8454933],[20.0907594,43.8426232],[20.0883256,43.8402674],[20.0862086,43.8382009],[20.0838429,43.8358882],[20.0815527,43.8336503],[20.0795552,43.831695],[20.0772612,43.8304915],[20.0745004,43.8290162],[20.0727598,43.8281058],[20.070051,43.8266579],[20.0661624,43.8262455],[20.0630797,43.8258906],[20.0584848,43.8253513],[20.0541467,43.824883],[20.0497185,43.8243541],[20.045993,43.8239053],[20.0448275,43.823737],[20.0445005,43.8237002]]},"properties":{"voltage":"110000","name":""}},{"type":"Feature","geometry":{"type":"LineString","coordinates":[[20.04368,43.8235917],[20.043768,43.8232176],[20.0437926,43.823113],[20.0438957,43.8226747],[20.0439803,43.8223153]]},"properties":{"voltage":"220000","name":""}},{"type":"Feature","geometry":{"type":"LineString","coordinates":[[20.043473,43.8235667],[20.0434958,43.82347],[20.0435261,43.8233412],[20.0436215,43.8229362],[20.0437228,43.8225061],[20.0437527,43.8223788],[20.0437736,43.8222903]]},"properties":{"voltage":"220000","name":""}},{"type":"Feature","geometry":{"type":"LineString","coordinates":[[20.0432286,43.8231578],[20.043768,43.8232176]]},"properties":{"voltage":"220000","name":""}},{"type":"Feature","geometry":{"type":"LineString","coordinates":[[20.0440577,43.8235603],[20.043999,43.8235322],[20.0439946,43.8235317],[20.0434958,43.82347]]},"properties":{"voltage":"220000","name":""}},{"type":"Feature","geometry":{"type":"LineString","coordinates":[[20.0440949,43.8234288],[20.044031,43.8234029],[20.0440266,43.8234024],[20.0435261,43.8233412]]},"properties":{"voltage":"220000","name":""}},{"type":"Feature","geometry":{"type":"LineString","coordinates":[[20.0423588,43.823894],[20.0431943,43.8237889],[20.0442025,43.823915],[20.0445411,43.823957]]},"properties":{"voltage":"110000","name":""}},{"type":"Feature","geometry":{"type":"LineString","coordinates":[[20.0422313,43.8236997],[20.043213,43.8237083],[20.0442238,43.82383]]},"properties":{"voltage":"110000","name":""}},{"type":"Feature","geometry":{"type":"LineString","coordinates":[[20.0444718,43.8242435],[20.0445228,43.8240327],[20.0445411,43.823957],[20.0447046,43.8232811]]},"properties":{"voltage":"110000","name":""}},{"type":"Feature","geometry":{"type":"LineString","coordinates":[[20.0443721,43.8242328],[20.0443877,43.8241681],[20.0444074,43.8240863],[20.0445005,43.8237002],[20.044537,43.8235489],[20.0445771,43.8233824],[20.0446041,43.8232703]]},"properties":{"voltage":"110000","name":""}},{"type":"Feature","geometry":{"type":"LineString","coordinates":[[20.0444074,43.8240863],[20.0446614,43.8241178],[20.0447292,43.8241278]]},"properties":{"voltage":"110000","name":""}},{"type":"Feature","geometry":{"type":"LineString","coordinates":[[20.0443877,43.8241681],[20.0446398,43.8241989],[20.0447076,43.8242078]]},"properties":{"voltage":"110000","name":""}},{"type":"Feature","geometry":{"type":"LineString","coordinates":[[20.0447076,43.8242078],[20.0449745,43.8242528],[20.0448755,43.8245757]]},"properties":{"voltage":"35000","name":""}},{"type":"Feature","geometry":{"type":"LineString","coordinates":[[20.0447292,43.8241278],[20.0451165,43.8241852],[20.0449911,43.824589]]},"properties":{"voltage":"35000","name":""}},{"type":"Feature","geometry":{"type":"LineString","coordinates":[[20.044537,43.8235489],[20.0448655,43.8235848],[20.0460828,43.823666],[20.0487386,43.8228522],[20.0525437,43.8217177],[20.0565594,43.8199323],[20.0606531,43.8181209],[20.0625739,43.8172709],[20.0649963,43.8161966],[20.0674518,43.8151096],[20.0693203,43.8147461],[20.0749618,43.8136447],[20.0784935,43.8129551],[20.0804537,43.8125724],[20.0840835,43.8121211],[20.0883576,43.8115888],[20.0911725,43.8112382],[20.0963074,43.8105674],[20.099617,43.8101365],[20.1020374,43.8098361],[20.1052148,43.8078928],[20.108559,43.8058089],[20.1118499,43.8037996],[20.1151291,43.8017309],[20.1182912,43.7997827],[20.1223708,43.7982518],[20.1260719,43.7968622],[20.1285896,43.7959247],[20.1316216,43.7947479],[20.134776,43.7935488],[20.1373015,43.7934483],[20.1445082,43.7931502],[20.1488582,43.7929804],[20.1529633,43.7927898],[20.1654562,43.7923115],[20.17358,43.7919961],[20.180273,43.7917327],[20.1883565,43.791413],[20.1912694,43.7911771],[20.1947964,43.7908655],[20.1987959,43.7905155],[20.2043383,43.7900437],[20.20812,43.7897218],[20.2121715,43.7898602],[20.215562,43.7899228],[20.2233489,43.7901583],[20.2312731,43.7903919],[20.2334201,43.7897147],[20.2339323,43.7886904],[20.2337307,43.7884334]]},"properties":{"voltage":"110000","name":""}},{"type":"Feature","geometry":{"type":"LineString","coordinates":[[20.0445771,43.8233824],[20.0449065,43.8234195],[20.0460769,43.8233428],[20.0472313,43.8226242],[20.048594,43.8204732],[20.0500295,43.8182071],[20.0517209,43.815537],[20.0535143,43.8127058],[20.054973,43.8104027],[20.0560289,43.8087357],[20.0575137,43.8063913],[20.0604359,43.8017771],[20.0611764,43.7998357],[20.0621423,43.7973035],[20.062938,43.7952172],[20.0692465,43.7915599],[20.0744154,43.7885561],[20.0841302,43.7828961],[20.0873954,43.7810116],[20.0966151,43.7744611],[20.099631,43.7720171],[20.1030434,43.7693407],[20.1089643,43.7646776],[20.1126996,43.7617525],[20.1178609,43.7577104],[20.120953,43.7552887],[20.1231484,43.7535692],[20.1232547,43.7522135],[20.1243289,43.7410069],[20.1309288,43.7195575],[20.1326155,43.7117294],[20.1332798,43.708947],[20.1341784,43.7056199],[20.1347202,43.7036363],[20.1356187,43.700237],[20.1360487,43.6986056],[20.1362258,43.6961486],[20.136384,43.6936992],[20.1364993,43.6924251],[20.1367193,43.6900279],[20.137009,43.6864068],[20.1370867,43.6852275],[20.1373013,43.6825236],[20.1374837,43.6800349],[20.1378002,43.6763007],[20.1379692,43.6736158],[20.1381462,43.6718368],[20.1382455,43.6699724],[20.1383822,43.6684455],[20.1385754,43.6652053],[20.138806,43.6624481]]},"properties":{"voltage":"110000","name":""}},{"type":"Feature","geometry":{"type":"LineString","coordinates":[[21.3172838,43.530434],[21.312619,43.5313875],[21.3070151,43.5325779],[21.3020345,43.533577],[21.2965038,43.5379832],[21.2928906,43.5408378],[21.2869122,43.5456163],[21.2827977,43.5489096],[21.2782485,43.5525297],[21.2768324,43.556339],[21.2757809,43.559344],[21.2747831,43.562034],[21.2735064,43.5655363],[21.2719132,43.5699012],[21.2707276,43.5731582],[21.2731524,43.5751325],[21.2754698,43.5771262],[21.2788145,43.5799351],[21.2818267,43.5824386],[21.2821297,43.583413],[21.2819818,43.5845046],[21.2820197,43.584805]]},"properties":{"voltage":"220000","name":""}},{"type":"Feature","geometry":{"type":"LineString","coordinates":[[21.8673635,43.3096868],[21.8654644,43.3103563],[21.8637371,43.3110101],[21.8628708,43.3113087],[21.8619052,43.3116542],[21.8617603,43.3122318],[21.8615323,43.3131315],[21.8614063,43.3136448],[21.8611461,43.3146635],[21.8608698,43.3156803],[21.8612507,43.3166014],[21.861476,43.3172688],[21.8632275,43.318108],[21.8649816,43.3189705],[21.8667358,43.3198506],[21.8695468,43.3208965]]},"properties":{"voltage":"","name":""}},{"type":"Feature","geometry":{"type":"LineString","coordinates":[[21.2894291,43.5914202],[21.2895392,43.5914855],[21.2923851,43.5924],[21.2954829,43.5933953],[21.2984901,43.5943615],[21.3016028,43.5953616],[21.304849,43.5964046],[21.307675,43.5973126],[21.3105662,43.5982415],[21.3132201,43.5990941],[21.3163325,43.600094],[21.3193495,43.6000045],[21.3230098,43.599896],[21.3264512,43.5997939],[21.3299175,43.5996911],[21.3324054,43.5996173],[21.3359585,43.5995119],[21.339002,43.5994216],[21.3423865,43.5993212],[21.345894,43.5992171],[21.3492824,43.5991166],[21.3499052,43.5995454],[21.3527269,43.6007963],[21.3566268,43.6008953],[21.3591061,43.5999194],[21.3606287,43.5993201],[21.3639212,43.5988306],[21.3677493,43.5982615],[21.3710942,43.5977643],[21.37483,43.5972089],[21.3781155,43.5967204],[21.3817353,43.5961823],[21.3847096,43.5957401],[21.3858149,43.5941366],[21.3880096,43.5909529],[21.3891964,43.5892312],[21.3907171,43.5870251],[21.391613,43.5857254],[21.3928277,43.5839631],[21.3948402,43.5810432],[21.3957645,43.579702],[21.3965864,43.5785095],[21.3992821,43.5780394],[21.4018411,43.5775932],[21.405777,43.5769068],[21.4081325,43.576496],[21.4127691,43.5756875],[21.4160188,43.5751208],[21.4213241,43.5741955],[21.4235232,43.573812],[21.4282556,43.5729867],[21.43307,43.5721471],[21.4370155,43.571459],[21.4395131,43.5710234],[21.4428119,43.5704481],[21.4481249,43.5695215],[21.4504519,43.5691156],[21.4560455,43.56814],[21.4591332,43.5676015],[21.4609047,43.566813],[21.463433,43.5656877],[21.4658861,43.5645959],[21.468429,43.563464],[21.4711142,43.5622688],[21.4737491,43.5610959],[21.4763292,43.5599475],[21.4794956,43.558538],[21.4836292,43.5566979],[21.4863267,43.5554971],[21.4897228,43.5539852],[21.4927912,43.5526192],[21.4956495,43.5513468],[21.4984491,43.5501004],[21.5017197,43.5484583],[21.5044816,43.5470717],[21.5071159,43.545749],[21.5098009,43.5444009],[21.5105726,43.5440134],[21.5120148,43.54553],[21.5141887,43.5478159],[21.5163658,43.5501051],[21.5184279,43.5522733],[21.5205003,43.5544522],[21.522271,43.5563139],[21.5239067,43.5580336],[21.5256868,43.5599051],[21.5253649,43.5614826],[21.5248151,43.5641761],[21.5242595,43.5668978],[21.523756,43.5693645],[21.5230211,43.5729645],[21.5224738,43.5756456],[21.521627,43.5797934],[21.521238,43.5816989],[21.5205523,43.5850573],[21.520015,43.5876884],[21.519322,43.5910826],[21.5185293,43.5949645],[21.5180928,43.5971017],[21.5175667,43.5996776],[21.5172561,43.6011987],[21.5165448,43.6046812],[21.5164454,43.6052038]]},"properties":{"voltage":"110000","name":""}},{"type":"Feature","geometry":{"type":"LineString","coordinates":[[20.0423588,43.823894],[20.0365487,43.823704],[20.0339378,43.8236355],[20.0329243,43.8243954],[20.0298393,43.8268687],[20.0276811,43.8286024],[20.0246447,43.8310414],[20.0224116,43.8328351],[20.0196305,43.8350393],[20.0167189,43.8373245],[20.0150412,43.8387138],[20.0124049,43.8408803],[20.0097617,43.8430424],[20.0069933,43.8452958],[20.0047641,43.8471001],[20.0022345,43.8491547],[20.0002153,43.8507988]]},"properties":{"voltage":"110000","name":""}},{"type":"Feature","geometry":{"type":"LineString","coordinates":[[20.0422313,43.8236997],[20.0381066,43.8235344],[20.0365244,43.823532],[20.0362087,43.8227125],[20.033964,43.8229264],[20.0320383,43.82311],[20.028424,43.8241856],[20.0264051,43.8247864],[20.022409,43.825953],[20.019238,43.8261629],[20.0161376,43.8272284],[20.0121179,43.8286476],[20.0081475,43.8300303],[20.0063636,43.8306494],[20.0050279,43.8326037],[20.0037994,43.8343547],[20.001168,43.8357642],[20.0000216,43.8369951],[19.997476,43.8381378],[19.9955384,43.8390049],[19.9905402,43.8398719],[19.988536,43.8399498],[19.9844901,43.840585],[19.9803302,43.8405279],[19.9755562,43.8405558],[19.9733073,43.8405108],[19.9710551,43.8403419],[19.9687318,43.8402968],[19.968579,43.8402938],[19.9654946,43.8414517],[19.9632011,43.842256],[19.9573731,43.8441096],[19.9427701,43.8443524],[19.9351267,43.8432559],[19.9319474,43.8428167],[19.9270687,43.8421738],[19.9242134,43.84357],[19.9216167,43.8444561],[19.9164793,43.8447643],[19.9092433,43.8459042],[19.9032969,43.8490121],[19.900403,43.850507],[19.8957993,43.8516989],[19.8941771,43.8527666],[19.8918263,43.8542758],[19.8913598,43.8545753],[19.8887212,43.8545507],[19.8866104,43.856012],[19.8865238,43.856072],[19.8846964,43.8573456],[19.8794844,43.8607346],[19.8783958,43.8613668],[19.8773281,43.8619868],[19.8754826,43.8630519],[19.8745791,43.863584],[19.8736069,43.8633164],[19.868417,43.86202],[19.866524,43.8569294],[19.8659326,43.8559952],[19.8644507,43.8554092]]},"properties":{"voltage":"110000","name":""}},{"type":"Feature","geometry":{"type":"LineString","coordinates":[[20.2278162,43.5138191],[20.2278597,43.5142157],[20.2280524,43.5167026],[20.2281071,43.5220135],[20.2332749,43.5285204],[20.2363286,43.5293843],[20.2386748,43.5300451],[20.2491342,43.5353396],[20.2517211,43.5425579],[20.2538265,43.5470668],[20.2581937,43.5563907],[20.2595824,43.5592629],[20.2586332,43.5624785],[20.2575119,43.5641638],[20.25543,43.5672407],[20.2455708,43.5709998],[20.2424433,43.5756808],[20.2398908,43.5804754],[20.2370988,43.5825808],[20.2356109,43.5836711],[20.2337583,43.5851783],[20.2305566,43.5876639],[20.2303125,43.5889054],[20.2301834,43.5902856],[20.2300515,43.5912863]]},"properties":{"voltage":"","name":""}},{"type":"Feature","geometry":{"type":"LineString","coordinates":[[19.9740034,43.2798583],[19.9739671,43.2811413],[19.9756164,43.2844124],[19.9772049,43.2875629],[19.9783862,43.2900298],[19.9794787,43.2922816],[19.980944,43.295243],[19.9824526,43.2982793],[19.9830705,43.299527],[19.9842987,43.3020071],[19.9853156,43.3040453],[19.9858477,43.3066936],[19.9863959,43.3095544],[19.9868583,43.3116981],[19.9873505,43.3142737],[19.9878747,43.3169902],[19.9885812,43.3205969],[19.98898,43.322461],[19.9893028,43.3241803],[19.9903373,43.3251227],[19.9936352,43.3280728],[19.9948255,43.3291291],[19.9981249,43.3320939],[19.9993954,43.3332369],[20.0001564,43.3339099],[20.0007869,43.3370274],[20.0010797,43.3386239],[20.0017978,43.3422864],[20.0020143,43.3433462],[20.0025917,43.3463686],[20.0030946,43.3488977],[20.0035103,43.3510168],[20.0037011,43.3520443],[20.0030858,43.3527876],[20.0018127,43.3543493],[20.0006378,43.3556808],[19.9988813,43.3578171],[19.9960218,43.3610613],[19.9951344,43.3620729],[19.9938472,43.3635928],[19.9926947,43.3649704],[19.991559,43.3662815],[19.9896346,43.3684951],[19.9879581,43.3703781],[19.9855689,43.3731028],[19.9846774,43.3741651],[19.9831246,43.3758358],[19.9814409,43.3776474],[19.978678,43.3807361],[19.9771212,43.3824027],[19.9749064,43.3848447],[19.9725912,43.3873971],[19.9713613,43.3887556],[19.9701368,43.3901081],[19.9682505,43.3921618],[19.9676194,43.3928802],[19.9666306,43.3953567],[19.9659083,43.3971706],[19.9652334,43.3989559],[19.9642363,43.4013958],[19.9634785,43.40267],[19.9611819,43.4063618],[19.9599337,43.4083334],[19.9586575,43.4104271],[19.9581806,43.4111658],[19.9552121,43.4126934],[19.9534535,43.4136322],[19.9512933,43.414786],[19.9489889,43.4159591],[19.9461556,43.4174545],[19.9435491,43.4187888],[19.9419105,43.4196634],[19.9395258,43.4198006],[19.9359311,43.4200174],[19.9326122,43.4202529],[19.9305852,43.4208731],[19.928972,43.4214503],[19.9287578,43.4224696],[19.9295703,43.422549]]},"properties":{"voltage":"110000","name":""}},{"type":"Feature","geometry":{"type":"LineString","coordinates":[[19.97389,43.2796649],[19.9737194,43.2788081],[19.9754885,43.276789],[19.976958,43.275034],[19.9788213,43.2728423],[19.9802633,43.2711459],[19.9821999,43.2688661],[19.9836346,43.2671788],[19.9855445,43.2649103],[19.9866958,43.2635456],[19.9889114,43.2624388],[19.991956,43.2609179],[19.993812,43.2599879],[19.9963997,43.2586954],[19.9988372,43.2574621],[20.0015368,43.256107],[20.0041146,43.2548092],[20.0067535,43.2534764],[20.0091628,43.2522602],[20.0114573,43.2511108],[20.0142357,43.2497196],[20.0166092,43.2485429],[20.0186235,43.2475338],[20.0218598,43.2459072],[20.0238591,43.2449033],[20.0255351,43.2440733],[20.0286439,43.242516],[20.0303019,43.241678],[20.0316395,43.24101],[20.035023,43.2408096],[20.0378401,43.2406473],[20.0412542,43.2404427],[20.0442445,43.2402721],[20.0463255,43.2401533],[20.0493999,43.239994],[20.0527501,43.2397791],[20.0553608,43.2396166],[20.0581524,43.2394617],[20.0617219,43.2392638],[20.0639866,43.2391382],[20.0662029,43.2390153],[20.0684335,43.2388907],[20.0705035,43.2386341],[20.0730718,43.2383647],[20.0767931,43.2379325],[20.0787783,43.2377142],[20.0813783,43.2374351],[20.0855215,43.236966],[20.0873245,43.2367683],[20.0898538,43.2364909],[20.0931622,43.2361281],[20.096182,43.2357677],[20.0984843,43.2355351],[20.1025313,43.2350944],[20.1042292,43.2349095],[20.1088902,43.2343956],[20.1104393,43.2342178],[20.1118049,43.2351736],[20.1132209,43.2361716],[20.1150073,43.237446],[20.1178197,43.2394262],[20.1189396,43.2402075],[20.1209795,43.2416485],[20.1221794,43.2424952],[20.1241605,43.2438981],[20.1262555,43.245369],[20.1290684,43.2460147],[20.1323671,43.2467163],[20.1339917,43.2470929],[20.1367334,43.2476869],[20.1383799,43.2480694],[20.1405287,43.2486954],[20.1423949,43.2489265],[20.1442294,43.2493505],[20.1481091,43.2501988],[20.1500666,43.2506263],[20.1525563,43.2511802],[20.1545727,43.251618],[20.1572831,43.2522184],[20.1586028,43.251951],[20.1637915,43.2508385],[20.1660965,43.2503293],[20.1679722,43.2499236],[20.171418,43.2491647],[20.1735073,43.2487462],[20.1773265,43.2479211],[20.1793037,43.2474754],[20.1812481,43.247059],[20.1848382,43.2462476],[20.1871715,43.245739],[20.1898468,43.2451864],[20.1920584,43.2447186],[20.1953791,43.2439959],[20.1977996,43.243474],[20.2002752,43.2429353],[20.2031641,43.242303],[20.2058051,43.2417409],[20.2085057,43.241152],[20.2113649,43.2405371],[20.2134661,43.2400882],[20.2159203,43.2395461],[20.2172877,43.2392561],[20.2186515,43.2390039],[20.2203961,43.2387088],[20.2229092,43.2382524],[20.2256785,43.237748],[20.2289912,43.2371504],[20.2314073,43.2367217],[20.2345574,43.2361643],[20.2373197,43.2356549],[20.2405632,43.2350673],[20.2426193,43.2346991],[20.2448243,43.2343032],[20.2464271,43.2340131],[20.2474794,43.233829],[20.250607,43.2332693],[20.2520787,43.2329963],[20.2530344,43.2318234],[20.2538328,43.2308337],[20.2554302,43.2289244],[20.2592218,43.2261707],[20.2604245,43.2253134],[20.2650474,43.2220341],[20.2666197,43.2208545],[20.2674754,43.2203659],[20.2686513,43.219649],[20.2707543,43.2183484],[20.2728233,43.2170561],[20.2743112,43.2161378],[20.2786029,43.2134802],[20.2801435,43.212533],[20.2824672,43.2111055],[20.2840304,43.2105502],[20.2851439,43.2101406],[20.2893707,43.2085936],[20.2930504,43.2072187],[20.2963298,43.206034],[20.29999,43.2046819],[20.3015372,43.2041186],[20.3046457,43.2017595],[20.3072345,43.19975],[20.3108972,43.1969092]]},"properties":{"voltage":"110000","name":""}},{"type":"Feature","geometry":{"type":"LineString","coordinates":[[19.9749814,43.2792739],[19.9749214,43.2791585],[19.9760906,43.2778768],[19.9771892,43.2765999],[19.978377,43.2752557],[19.9794251,43.2740698],[19.9805873,43.2727665],[19.9817385,43.2714519],[19.9829414,43.2700532],[19.9840625,43.268792],[19.9849022,43.2678473],[19.9872521,43.2652035],[19.9885755,43.2636948],[19.9902495,43.2636574],[19.9927226,43.2636163],[19.9941305,43.263589],[19.9962467,43.263548],[19.9986851,43.2635088],[20.000525,43.2634596],[20.0021763,43.2634285],[20.0043117,43.2633974],[20.0064897,43.2633481],[20.0083104,43.2633086],[20.0093674,43.2632879],[20.011065,43.2637129],[20.0128969,43.2641476],[20.0150294,43.2646463],[20.016063,43.2648799],[20.0184219,43.2644763],[20.0201733,43.2641673],[20.0230997,43.2636366],[20.0257051,43.2631454],[20.0286757,43.2626122],[20.0311361,43.2622],[20.0338508,43.2616981],[20.0368076,43.2611626],[20.0385347,43.2608229],[20.0396284,43.2606406],[20.0425635,43.2601051],[20.0454245,43.2595921],[20.047958,43.2591218],[20.0496851,43.2588068],[20.0524132,43.2582983],[20.0537788,43.2580891],[20.056235,43.257612],[20.0582278,43.2572678],[20.0604801,43.2568493],[20.0633782,43.2563295],[20.0664363,43.2557694],[20.0694293,43.2552251],[20.0708351,43.254984],[20.0717566,43.2551736],[20.0734353,43.2554814],[20.0744321,43.2556934],[20.0772153,43.2562452],[20.0794203,43.2566604],[20.0816332,43.2570931],[20.0840336,43.2575577],[20.086791,43.2580919],[20.0886602,43.2584776],[20.0900795,43.2587272],[20.0914849,43.2589969],[20.0935146,43.2593692],[20.0954086,43.2597467],[20.098742,43.2604087],[20.1007157,43.2608211],[20.1033514,43.2613118],[20.1054208,43.2617038],[20.1068084,43.2619854],[20.1103491,43.2626736],[20.1121354,43.2630308],[20.1142926,43.2634518],[20.1178263,43.2647265],[20.1193964,43.2651736],[20.1203376,43.2654281],[20.1239257,43.2664019],[20.1268977,43.2672137],[20.1300828,43.2680814]]},"properties":{"voltage":"35000","name":""}},{"type":"Feature","geometry":{"type":"LineString","coordinates":[[20.017637,43.2711585],[20.018718,43.2729571],[20.0198028,43.2746861],[20.0207725,43.276245],[20.0200529,43.278067],[20.0193826,43.2797867],[20.0166519,43.2803948],[20.0136414,43.2811423],[20.010762,43.2818055],[20.0078154,43.2824865],[20.0053108,43.2830655],[20.0037324,43.2834537],[20.0010296,43.2840725],[19.9981989,43.2835513],[19.9952592,43.2830085],[19.9922886,43.28247],[19.9900736,43.2820767],[19.9875865,43.281608],[19.9847189,43.2814036],[19.9815338,43.2811799],[19.979034,43.2810271],[19.9763708,43.2808415],[19.9754004,43.2797973],[19.9752298,43.2794636]]},"properties":{"voltage":"35000","name":""}},{"type":"Feature","geometry":{"type":"LineString","coordinates":[[20.5316981,43.1653252],[20.5308154,43.1657577],[20.5285851,43.1668978],[20.5262538,43.1681947],[20.52262,43.1701119],[20.5197313,43.1716364],[20.5161422,43.1735156],[20.5123046,43.1727814],[20.5085806,43.1720547],[20.4999919,43.1704378],[20.4969101,43.169826],[20.4945978,43.1694019],[20.4908974,43.1687],[20.4837843,43.1673691],[20.4793317,43.1665234],[20.4761663,43.1659221],[20.4722639,43.1651809],[20.4699319,43.164738],[20.4660469,43.164],[20.4627058,43.1644745],[20.4579565,43.1650711],[20.4550247,43.1654394],[20.4508076,43.1659414],[20.4474414,43.1663879],[20.4446106,43.1667367],[20.4424692,43.1670193],[20.4404948,43.1672757],[20.4365791,43.1677601],[20.4320775,43.1683431],[20.4274375,43.1689242],[20.425699,43.1697647],[20.4226414,43.1711961],[20.4197511,43.1725755],[20.4182469,43.1733187],[20.4160648,43.1743428],[20.4125128,43.1760215],[20.4084758,43.177955],[20.4064548,43.1789113],[20.4033192,43.1803986],[20.4004028,43.1817884],[20.3967582,43.1835221],[20.3934109,43.1851096],[20.3913513,43.1853276],[20.3871373,43.1857522],[20.3851829,43.1859462],[20.3830353,43.1861667],[20.3788801,43.1865811],[20.3764245,43.1872078],[20.3743217,43.1877529],[20.3713649,43.1885022],[20.3684362,43.1892146],[20.365541,43.1899475],[20.3624274,43.1907702],[20.3595966,43.1914888],[20.3575694,43.1919726],[20.3559286,43.1924033],[20.3533274,43.1930361],[20.3501102,43.1938445],[20.3460962,43.1948929],[20.3444272,43.1952891],[20.3431519,43.1952298],[20.3413545,43.1951518],[20.338406,43.1950364],[20.3362282,43.194937],[20.332045,43.1947958],[20.3298946,43.1947005],[20.3268522,43.1945785],[20.3244999,43.1945001],[20.3186166,43.1942438],[20.3163858,43.1941499],[20.3145151,43.1940941],[20.3133769,43.1950077],[20.3117689,43.1960854],[20.3108972,43.1969092]]},"properties":{"voltage":"110000","name":""}},{"type":"Feature","geometry":{"type":"LineString","coordinates":[[20.4112083,43.1296992],[20.4110451,43.1278127],[20.4109069,43.1251637],[20.4105805,43.1211917]]},"properties":{"voltage":"","name":""}},{"type":"Feature","geometry":{"type":"LineString","coordinates":[[21.8678315,43.3092555],[21.8677363,43.3086397],[21.8676706,43.3080698],[21.866717,43.3069719],[21.8657997,43.3062088],[21.8649521,43.3054729],[21.8639302,43.3045809],[21.8631014,43.303926],[21.862109,43.303402],[21.8602502,43.3024553],[21.8591022,43.3017701],[21.8581125,43.3011123],[21.857214,43.3004857],[21.8563315,43.2997556],[21.8547946,43.2984751]]},"properties":{"voltage":"","name":""}},{"type":"Feature","geometry":{"type":"LineString","coordinates":[[21.8699518,43.3214839],[21.8721807,43.3225649],[21.8744069,43.3237142],[21.8764105,43.3246411],[21.8783981,43.3256616],[21.8804687,43.3266528],[21.8820405,43.3270352],[21.8833387,43.3275074],[21.8846047,43.3280186],[21.8866324,43.3288069],[21.8869242,43.3289224]]},"properties":{"voltage":"","name":""}},{"type":"Feature","geometry":{"type":"LineString","coordinates":[[20.1954636,44.9326512],[20.1924769,44.9311774],[20.1896995,44.9298068],[20.1864625,44.9282094],[20.1835905,44.9267921],[20.1805681,44.9253005],[20.1779209,44.9239941],[20.175102,44.9226028],[20.1718044,44.9209753],[20.1685524,44.9193703],[20.1654623,44.9178451],[20.1628801,44.9165706],[20.1599036,44.9151014],[20.1567554,44.9135474],[20.1539692,44.9121721],[20.1510882,44.9107499],[20.1483533,44.9093998],[20.1454973,44.9079899],[20.142416,44.9064688],[20.139522,44.9050401],[20.1366028,44.9035989],[20.1335581,44.9020957],[20.1308527,44.9007599],[20.1278384,44.8992717],[20.1276829,44.8969848],[20.1274959,44.8942335],[20.1273274,44.8917554],[20.1271522,44.8891788],[20.1269775,44.8866083],[20.1253374,44.8848985],[20.1235919,44.8830789],[20.1220454,44.8814666]]},"properties":{"voltage":"110000","name":""}},{"type":"Feature","geometry":{"type":"LineString","coordinates":[[20.1220454,44.8814666],[20.121444,44.8808645],[20.1213216,44.8807701]]},"properties":{"voltage":"110000","name":""}},{"type":"Feature","geometry":{"type":"LineString","coordinates":[[20.1220454,44.8814666],[20.1213535,44.880934],[20.1210559,44.8807385]]},"properties":{"voltage":"110000","name":""}},{"type":"Feature","geometry":{"type":"LineString","coordinates":[[21.2942161,43.1409527],[21.2935792,43.1413567],[21.2927645,43.1436915],[21.2921165,43.1455488],[21.2914329,43.1475078],[21.2906251,43.1498225],[21.290158,43.151161],[21.2890655,43.1536877],[21.2884045,43.1552163],[21.2895209,43.1576444],[21.290807,43.1606484],[21.2917489,43.1627236],[21.2928628,43.1651317],[21.2934599,43.1664696],[21.2945618,43.1689274],[21.2953941,43.1707682],[21.2938055,43.172627],[21.29217,43.1745408],[21.2920273,43.1765228],[21.2918685,43.1787274],[21.2916239,43.1821231],[21.2914598,43.1844014],[21.2911983,43.1880326],[21.2910291,43.1903806],[21.2908848,43.1923845],[21.2907596,43.1941228],[21.290537,43.197212],[21.2904202,43.1988332],[21.2907322,43.2006852],[21.2912417,43.2037095],[21.2915055,43.2052751],[21.2918491,43.2073144],[21.2910323,43.2105146],[21.2907141,43.2117611],[21.2905235,43.2148853],[21.2904313,43.2163964],[21.2903008,43.2185357],[21.2900901,43.221988],[21.2899365,43.2245057],[21.2897981,43.226774],[21.2896573,43.2290818],[21.2895846,43.2302721],[21.2894194,43.2329792],[21.2893055,43.2348467],[21.2891676,43.2371057],[21.2890849,43.2384607],[21.2888783,43.2418463],[21.2889154,43.2429995],[21.289011,43.2459718],[21.2890851,43.2482751],[21.2891657,43.2507764],[21.2892302,43.2527805],[21.2893022,43.2550202],[21.28938,43.2570394],[21.2879984,43.2586353],[21.2859948,43.2609497],[21.2839267,43.2633385],[21.2819282,43.2656468],[21.2800002,43.2678736],[21.2784831,43.2696257],[21.2770502,43.2712806],[21.2752973,43.2733049],[21.2733192,43.2755893],[21.2724221,43.2766253],[21.2717065,43.2774517],[21.2700226,43.2793962],[21.2679636,43.2817737],[21.2665227,43.2834375],[21.2646295,43.2856235],[21.2632892,43.287171],[21.2616992,43.2890067],[21.2600278,43.2916992],[21.2586405,43.2939341],[21.2569035,43.2967321],[21.2557045,43.2986634],[21.254881,43.2999899],[21.2556425,43.3019911],[21.2568028,43.30504],[21.257177,43.3060233],[21.2558601,43.3080504],[21.2545955,43.3099969],[21.2532193,43.3121152],[21.2513876,43.3149343],[21.2498973,43.317228],[21.2485527,43.3192974],[21.2468862,43.3218619],[21.2454531,43.3240674],[21.2422907,43.325806],[21.2408279,43.32746],[21.239299,43.3291887],[21.2374747,43.3312513],[21.2357005,43.3332572],[21.2327943,43.3350664],[21.2301048,43.3367407],[21.2282902,43.3378703],[21.2254801,43.3396195],[21.2227294,43.3413317],[21.2211312,43.3418155],[21.2184127,43.3426385],[21.214922,43.3436952],[21.2135857,43.3440997],[21.2102437,43.3436764],[21.2051972,43.3458434],[21.2037206,43.3464775],[21.2009166,43.3469046],[21.1970016,43.347501],[21.1917096,43.3483071],[21.1892741,43.3502119],[21.1872648,43.3517834],[21.1852272,43.3533769],[21.1834001,43.3548057],[21.1801332,43.3551782],[21.1762279,43.3562801],[21.1725602,43.357315],[21.1690676,43.3583004],[21.1664029,43.3605865],[21.1645395,43.362185],[21.1631288,43.3633952],[21.1618813,43.3644653],[21.1604379,43.3657036],[21.1588714,43.3670473],[21.1575974,43.3681402],[21.1528586,43.3696668],[21.1492574,43.370827],[21.1472961,43.3714589],[21.1451429,43.3721525],[21.1415472,43.3733109],[21.1385985,43.3742608],[21.1361311,43.3750557],[21.1340202,43.3757357],[21.1314699,43.3765572],[21.1294808,43.37762],[21.1260241,43.3794668],[21.1227502,43.381216],[21.1203061,43.3825218],[21.1182817,43.3836033],[21.1161303,43.3847527],[21.1125687,43.3863223],[21.1100986,43.3874109],[21.1071208,43.3887233],[21.1054403,43.3900424],[21.1032177,43.391787],[21.0987468,43.3952962],[21.0961749,43.3973148],[21.0935523,43.3993731],[21.091159,43.4012514],[21.0895107,43.402545],[21.0877854,43.404203],[21.0865729,43.4053683],[21.0844909,43.4073692],[21.083175,43.4086338],[21.0817109,43.4100408],[21.0795343,43.4121324],[21.0793404,43.4137098],[21.0792044,43.4154296],[21.0789705,43.4183869],[21.0788258,43.420217],[21.0786153,43.4228783],[21.0779905,43.4247913],[21.0770249,43.4277476],[21.0762164,43.4302229],[21.0762654,43.432646],[21.0763152,43.4351042],[21.0763685,43.4377414],[21.0764247,43.4405187],[21.0764956,43.4440239],[21.0765335,43.4458968],[21.0765618,43.447293],[21.0766018,43.4492716],[21.0766515,43.4517263],[21.076698,43.4540244],[21.0767344,43.455819],[21.0767748,43.4578181],[21.0765284,43.4584818]]},"properties":{"voltage":"110000","name":""}},{"type":"Feature","geometry":{"type":"LineString","coordinates":[[20.5323344,43.1657956],[20.5328942,43.1658464],[20.5337593,43.1692422],[20.5315702,43.1720675],[20.530242,43.173945],[20.5298206,43.1744991],[20.5266765,43.1784987],[20.5252158,43.1802783],[20.5256918,43.1844177],[20.5259657,43.1867899],[20.5262016,43.1884642],[20.5265782,43.1915015],[20.5271808,43.1965725],[20.5274391,43.1985827],[20.5277538,43.2010755],[20.5278957,43.2024865],[20.5291671,43.2036244],[20.5309431,43.2052716],[20.5334494,43.2075716],[20.5352915,43.2092735],[20.5373287,43.2111125],[20.5439749,43.2172037],[20.5458324,43.2188742],[20.5474068,43.2203115],[20.5496573,43.2224178],[20.553978,43.2241782],[20.5563704,43.2251439],[20.5634625,43.2280436],[20.5680217,43.2299075],[20.5684128,43.2315138],[20.5692708,43.2351309],[20.5698832,43.2376791],[20.570532,43.2403324],[20.5708872,43.2418223],[20.5718308,43.2457516],[20.5721674,43.2471592],[20.5731983,43.2515538],[20.5737661,43.2537059],[20.5741272,43.2551801],[20.5745917,43.2572133],[20.5750038,43.258963],[20.579541,43.2657795],[20.5807611,43.2676743],[20.5816614,43.2690723],[20.5844441,43.2731935],[20.5865362,43.2763744],[20.5883204,43.2790551],[20.5899173,43.2815151],[20.5911577,43.2854643],[20.5926118,43.2900804],[20.5934927,43.2930161],[20.5939438,43.2942721],[20.5947234,43.29665],[20.5953195,43.2984925],[20.5959428,43.3005745],[20.5983835,43.3029036],[20.6027239,43.3070139],[20.6063386,43.3105399],[20.6081023,43.311743],[20.6110666,43.3138583],[20.6133658,43.3154356]]},"properties":{"voltage":"110000","name":""}},{"type":"Feature","geometry":{"type":"LineString","coordinates":[[20.6654835,43.0495503],[20.6646687,43.0498755],[20.6613544,43.051231],[20.6590175,43.0521611],[20.6552209,43.0537096],[20.653659,43.0543701],[20.6494698,43.0560604],[20.6444199,43.0581166],[20.6415088,43.0592814],[20.6395776,43.0600611],[20.6369326,43.0610953],[20.6346537,43.0619741],[20.6313173,43.0632756],[20.6291143,43.0641459],[20.6250647,43.0657219],[20.6215965,43.0670818],[20.6189219,43.0681164],[20.6172054,43.0687804],[20.6131535,43.0728902],[20.6100745,43.0760093],[20.6076362,43.0784363],[20.6052981,43.0808395],[20.6023884,43.083779],[20.6005453,43.0856415],[20.5975988,43.0886234],[20.5932988,43.0929749],[20.5913881,43.0948328],[20.5870097,43.0993489],[20.5861332,43.1002165],[20.5838297,43.1034995],[20.5828206,43.1049394],[20.58015,43.108785],[20.5786061,43.1109678],[20.577779,43.1121968],[20.5770085,43.1132842],[20.5760474,43.1147655],[20.569491,43.1189439],[20.5673769,43.1202668],[20.5642559,43.1223986],[20.5630659,43.1240287],[20.5611852,43.1265931],[20.5584545,43.1304774],[20.5557398,43.1343374],[20.5547787,43.1356763],[20.5526388,43.1387261],[20.5509113,43.1411675],[20.5499553,43.1425693],[20.548034,43.145265],[20.5469037,43.1468702],[20.5452276,43.1492324],[20.5433023,43.1516406],[20.5414688,43.153955],[20.5397289,43.1561101],[20.5380606,43.1581997],[20.5366951,43.1598709],[20.533164,43.1624221],[20.5307778,43.1640965],[20.5316764,43.1648321],[20.5318834,43.1652544]]},"properties":{"voltage":"110000","name":""}},{"type":"Feature","geometry":{"type":"LineString","coordinates":[[20.3440236,43.0035559],[20.3473968,43.0046248],[20.3496687,43.0053391],[20.3517345,43.0067468],[20.3541469,43.0083943],[20.355355,43.0090765],[20.3564037,43.0096509],[20.3576398,43.0103215],[20.3592985,43.0112487],[20.3603472,43.0118318],[20.3614955,43.0124529],[20.3630466,43.0133129],[20.3662644,43.0150768],[20.3685172,43.0163071],[20.3699845,43.0171001],[20.3727797,43.0186393],[20.3765118,43.0206771],[20.381177,43.0232336],[20.3844477,43.0250392],[20.3863939,43.0261072],[20.3876853,43.0268205],[20.3899498,43.0280639],[20.3917651,43.029058],[20.3951401,43.0309153],[20.3962749,43.0315261],[20.3994728,43.0332922],[20.402066,43.0347319],[20.4050271,43.0363471],[20.4068585,43.0373482],[20.411497,43.0398861],[20.4129371,43.0406889],[20.4147425,43.0416765],[20.4169574,43.0431981],[20.4176566,43.04369],[20.419248,43.0447882],[20.422616,43.0471028],[20.4244057,43.0483439],[20.4274242,43.0504372],[20.4294173,43.0518213],[20.4310322,43.0529289],[20.432034,43.0536285],[20.4329497,43.0542633],[20.4354699,43.0559923],[20.4383005,43.0579882],[20.4403198,43.0593625],[20.4426156,43.0609579],[20.4449062,43.0625533],[20.446748,43.0638189],[20.4487334,43.0652332],[20.4529441,43.0681455],[20.4539867,43.0688646],[20.4552311,43.0697318],[20.4562968,43.0703283],[20.458737,43.0717439],[20.4636255,43.0745837],[20.4651606,43.0754575],[20.4668512,43.0764448],[20.4683624,43.0773128],[20.4710419,43.0788534],[20.4722939,43.0795961],[20.4769277,43.082286],[20.4778609,43.0828212],[20.4830867,43.0858479],[20.4841505,43.0864668],[20.4851241,43.0869566],[20.4883379,43.088564],[20.4898292,43.0892862],[20.4930828,43.0909139],[20.4955111,43.0921019],[20.4993987,43.0940353],[20.502772,43.0957008],[20.5047911,43.0966959],[20.5077115,43.0991219],[20.5096243,43.1007102],[20.5130647,43.1035636],[20.513942,43.1042853],[20.5154826,43.1055663],[20.5183027,43.1079158],[20.5195963,43.1089982],[20.5216805,43.1107267],[20.5237115,43.1129013],[20.5255285,43.1148785],[20.526403,43.1158448],[20.5281234,43.117726],[20.5297935,43.1195328],[20.5322479,43.1221896],[20.534518,43.124595],[20.5353377,43.1269351],[20.5362575,43.1295707],[20.5370581,43.1316841],[20.5378582,43.1338085],[20.5389163,43.1349552],[20.5406086,43.1367373],[20.5420325,43.1382368],[20.5435718,43.139867],[20.5450798,43.1414641],[20.5488567,43.1436985],[20.5445701,43.1493318],[20.5423812,43.1521813],[20.5410664,43.153732],[20.5401012,43.1549959],[20.5377983,43.1578495],[20.5369146,43.1586358],[20.5327132,43.1620196],[20.5317086,43.16421],[20.5324633,43.1651598]]},"properties":{"voltage":"110000","name":""}},{"type":"Feature","geometry":{"type":"LineString","coordinates":[[20.8226673,42.9288978],[20.8189262,42.9318384],[20.8096282,42.9393836],[20.8077815,42.9419449],[20.8061192,42.9443413],[20.8049896,42.9459403],[20.8018859,42.9487515],[20.7997146,42.9509252],[20.797712,42.9527986],[20.7961786,42.9542433],[20.7933507,42.9567589],[20.7906525,42.9593289],[20.7841765,42.9659795],[20.7820367,42.96848],[20.7802703,42.9706096],[20.7787766,42.972429],[20.7737885,42.9781717],[20.771551,42.9808656],[20.7634651,42.9934758],[20.7628345,42.9947613],[20.761609,42.9972059],[20.7598831,43.0007027],[20.7577646,43.0050072],[20.7501716,43.0109712],[20.7465202,43.0138523],[20.7402742,43.0187547],[20.7337228,43.023165],[20.7260362,43.0283195],[20.7155464,43.0353694],[20.7118957,43.0371431],[20.7086976,43.0383844],[20.7050273,43.0397974],[20.7040653,43.0400462],[20.7005163,43.0409132],[20.6996562,43.0411233],[20.6928925,43.0427932],[20.6872925,43.04417],[20.6846496,43.0448289],[20.6775954,43.046571],[20.6738786,43.0474878],[20.6700003,43.0484514],[20.6678717,43.0489833],[20.6654835,43.0495503]]},"properties":{"voltage":"110000","name":""}},{"type":"Feature","geometry":{"type":"LineString","coordinates":[[20.6214567,43.2930607],[20.6225013,43.29236],[20.6245249,43.2909808],[20.6252378,43.2907498],[20.6271078,43.2901954],[20.6296737,43.2894626]]},"properties":{"voltage":"35000","name":""}},{"type":"Feature","geometry":{"type":"LineString","coordinates":[[20.1717547,43.0453543],[20.1724055,43.0453989],[20.1737383,43.0455244],[20.1755514,43.0456895],[20.1772499,43.0458615],[20.1793239,43.0460661],[20.1814455,43.0462683],[20.1834685,43.0464682],[20.1855997,43.0466728],[20.1878263,43.0469099],[20.1895758,43.047061],[20.1912998,43.0472307],[20.1927503,43.0473609],[20.1936696,43.0474701],[20.1946156,43.0473185],[20.1975235,43.0468523],[20.2037375,43.0458561],[20.2054711,43.0455911],[20.2078536,43.0452029],[20.2094567,43.0449426],[20.2116823,43.0445857],[20.2134825,43.044297],[20.2153572,43.0439964],[20.217622,43.0442731],[20.2195274,43.0444893],[20.2237229,43.0449891],[20.225447,43.0452006],[20.2283925,43.0455586],[20.2317101,43.0459328],[20.2333069,43.0461188],[20.2353872,43.0463745],[20.2373371,43.046607],[20.2385426,43.0467511],[20.2408766,43.0466145],[20.2420352,43.0465651],[20.2436765,43.0464745],[20.2462371,43.046328],[20.2502796,43.0460943],[20.2527054,43.0459612],[20.2544848,43.0458527],[20.256692,43.045739],[20.2595944,43.0455507],[20.2625745,43.0453944],[20.2650685,43.0452558],[20.2688538,43.0427597],[20.279875,43.0354914],[20.2815873,43.0343843],[20.2839145,43.0327993],[20.2863092,43.031233],[20.2880667,43.0300869],[20.2894921,43.029147],[20.2907151,43.0283406],[20.2917667,43.0276611],[20.2928123,43.0271162],[20.2940025,43.0264611],[20.2952762,43.0258001],[20.2981165,43.0243251],[20.3002878,43.023192],[20.3019777,43.0222985],[20.3032415,43.0216459],[20.3058446,43.0203067],[20.3075011,43.0194114],[20.3102925,43.0179492],[20.3133181,43.0168758],[20.314287,43.0164997],[20.31587,43.0158962],[20.3176962,43.0152665],[20.3192632,43.0147009],[20.3211213,43.014042],[20.3227322,43.0134676],[20.3262435,43.0122461],[20.3276247,43.0117398],[20.3293658,43.0111273],[20.3309131,43.0105806],[20.3325885,43.0099629],[20.3336265,43.009385],[20.3347927,43.0087211],[20.3362902,43.0079027],[20.3377798,43.007069],[20.338406,43.0067581],[20.3399948,43.0059301],[20.3415666,43.0051412],[20.3424112,43.0046211]]},"properties":{"voltage":"","name":""}},{"type":"Feature","geometry":{"type":"LineString","coordinates":[[20.3429952,43.0044928],[20.3419937,43.0051568],[20.3399974,43.0061151],[20.338286,43.006945],[20.3392407,43.0079097],[20.3399677,43.0086136],[20.3414618,43.0100912],[20.3425729,43.0111998],[20.3435145,43.0121389],[20.3450148,43.0136217],[20.3455632,43.0144448],[20.3466093,43.0160339],[20.3473298,43.0171231],[20.3482899,43.0185746],[20.3488221,43.0193675],[20.3500001,43.0211164],[20.3508803,43.0224836],[20.3513662,43.0232264],[20.3524752,43.0244656],[20.3537274,43.0258883],[20.3550945,43.0274141],[20.355551,43.0279424],[20.3567224,43.0273073],[20.3586629,43.026206],[20.3615053,43.0246231],[20.3629253,43.0238283]]},"properties":{"voltage":"","name":""}},{"type":"Feature","geometry":{"type":"LineString","coordinates":[[20.355551,43.0279424],[20.3564052,43.0289238],[20.3570595,43.0296526],[20.3580626,43.0307885],[20.3589776,43.0318034],[20.3602459,43.0332544],[20.3611612,43.0342599]]},"properties":{"voltage":"","name":""}},{"type":"Feature","geometry":{"type":"LineString","coordinates":[[20.3301482,43.0019406],[20.3313954,43.0026307],[20.3328619,43.0034175],[20.3343734,43.0042328],[20.3354003,43.0046212],[20.3370754,43.0052547],[20.3389434,43.0060026]]},"properties":{"voltage":"","name":""}},{"type":"Feature","geometry":{"type":"LineString","coordinates":[[21.363124,43.2469109],[21.3638629,43.2484185],[21.3645842,43.2498514],[21.3653595,43.2514142],[21.3661945,43.2531408],[21.3666083,43.2540817],[21.3669862,43.2549466],[21.3667246,43.257937],[21.3651889,43.2588831],[21.3636278,43.2598085],[21.3620346,43.2607367],[21.3603931,43.2617071],[21.3588529,43.2626142],[21.3573321,43.2635072],[21.3558596,43.2643791],[21.3546043,43.2651491],[21.3534263,43.2658628],[21.3517413,43.2668577],[21.3504088,43.2676452],[21.3489942,43.2685381],[21.3466043,43.2698986],[21.3444124,43.2712661],[21.3427939,43.2721787],[21.3412531,43.2731141],[21.3382739,43.2749063],[21.3360521,43.2764456]]},"properties":{"voltage":"","name":""}},{"type":"Feature","geometry":{"type":"LineString","coordinates":[[21.3360521,43.2764456],[21.3330273,43.2785297],[21.3315015,43.2795973],[21.3299771,43.2806291],[21.3269192,43.2827066],[21.3239792,43.2848199],[21.3209423,43.2868899],[21.3179007,43.2889669]]},"properties":{"voltage":"","name":""}},{"type":"Feature","geometry":{"type":"LineString","coordinates":[[21.7897564,43.3131101],[21.789726,43.3131919]]},"properties":{"voltage":"","name":""}},{"type":"Feature","geometry":{"type":"LineString","coordinates":[[20.1104119,45.0572428],[20.1104785,45.0571403],[20.1108114,45.0565467]]},"properties":{"voltage":"110000","name":""}},{"type":"Feature","geometry":{"type":"LineString","coordinates":[[20.1105398,45.0572808],[20.110603,45.0571839],[20.1108114,45.0565467]]},"properties":{"voltage":"110000","name":""}},{"type":"Feature","geometry":{"type":"LineString","coordinates":[[20.1108114,45.0565467],[20.1122796,45.0544595],[20.1138009,45.0522967],[20.1153243,45.0501308],[20.1168381,45.0479784],[20.118401,45.0457562],[20.1199148,45.0436037],[20.1214671,45.0413965],[20.1229446,45.0392954],[20.1227866,45.0373678],[20.1202557,45.0354861],[20.1173149,45.0332997],[20.1143062,45.0310626],[20.1112446,45.0287861],[20.1088164,45.0269806],[20.1071014,45.0257053],[20.1051753,45.024273],[20.1038232,45.0226535],[20.1027236,45.0213364],[20.1008093,45.0190435],[20.0989822,45.0168548],[20.0971821,45.0146985],[20.0946934,45.0136954]]},"properties":{"voltage":"110000","name":""}},{"type":"Feature","geometry":{"type":"LineString","coordinates":[[20.0715895,45.0372379],[20.0716532,45.037167],[20.0718278,45.036826],[20.073632,45.0350357],[20.0754352,45.0332462],[20.0772946,45.0319892],[20.0796264,45.0297889],[20.081371,45.0279257],[20.0834706,45.0256832],[20.0849282,45.0241264],[20.08728,45.0216145],[20.0897528,45.0189731],[20.0923286,45.0162216],[20.0946934,45.0136954]]},"properties":{"voltage":"110000","name":""}},{"type":"Feature","geometry":{"type":"LineString","coordinates":[[20.1757975,44.9485513],[20.1737469,44.9501913],[20.1717748,44.9517861],[20.1696611,44.9534612],[20.1675474,44.9551609]]},"properties":{"voltage":"110000","name":""}},{"type":"Feature","geometry":{"type":"LineString","coordinates":[[20.1940385,44.9555849],[20.1952763,44.9553297],[20.1954384,44.9552983]]},"properties":{"voltage":"110000","name":""}},{"type":"Feature","geometry":{"type":"LineString","coordinates":[[20.1940385,44.9555849],[20.1953064,44.9554278],[20.195467,44.9553985]]},"properties":{"voltage":"110000","name":""}},{"type":"Feature","geometry":{"type":"LineString","coordinates":[[21.2891073,43.5908142],[21.2929104,43.5920536],[21.2968157,43.5933027],[21.3006539,43.5945401],[21.3044975,43.5957601],[21.307287,43.5966555],[21.3109751,43.5978269],[21.3131906,43.5985514],[21.3165272,43.5996255],[21.320741,43.5995129],[21.3249628,43.5993944],[21.3292355,43.5992681],[21.3331413,43.59915],[21.3372097,43.599037],[21.3418316,43.5988826],[21.34497,43.5987903],[21.3496445,43.5985669],[21.3503284,43.5973587],[21.3518948,43.5968789],[21.3534505,43.5963914],[21.3542686,43.5961388]]},"properties":{"voltage":"","name":""}},{"type":"Feature","geometry":{"type":"LineString","coordinates":[[21.3173533,43.5902392],[21.3157521,43.5901187],[21.3137109,43.5900663],[21.3114498,43.5899594],[21.3088186,43.5898429],[21.3056348,43.5896738],[21.3017563,43.5895048],[21.2980441,43.5893319],[21.2947123,43.5891349],[21.2914628,43.5889773],[21.2878259,43.5887964],[21.2866973,43.5887552],[21.2848899,43.5887269]]},"properties":{"voltage":"","name":""}},{"type":"Feature","geometry":{"type":"LineString","coordinates":[[20.1413609,43.8649361],[20.1441801,43.8640136],[20.1474883,43.8630177],[20.1511408,43.8618062],[20.155304,43.8604249],[20.1570082,43.8599092],[20.1610449,43.8585859],[20.1628583,43.8580086],[20.1640704,43.8572388],[20.165944,43.8560303],[20.16605,43.8542604]]},"properties":{"voltage":"","name":""}},{"type":"Feature","geometry":{"type":"LineString","coordinates":[[20.1819248,43.8831056],[20.1729183,43.8805464],[20.1635571,43.8779599],[20.1619307,43.8775238],[20.1502384,43.8703767],[20.1480592,43.8690418],[20.1467042,43.8682197],[20.1436062,43.8662973]]},"properties":{"voltage":"","name":""}},{"type":"Feature","geometry":{"type":"LineString","coordinates":[[20.1274136,43.8694327],[20.1296769,43.8711807],[20.131276,43.8724431],[20.1334705,43.8741509],[20.1344903,43.8749576],[20.1356333,43.8758424],[20.1366887,43.8766739],[20.1377483,43.8774805],[20.1391059,43.8785516],[20.1402393,43.8794282],[20.141197,43.880188],[20.1421513,43.8809479],[20.1433846,43.8817747],[20.1446455,43.8826165],[20.145989,43.8835402],[20.1474118,43.8844961],[20.1484625,43.8852162],[20.1551014,43.8897018],[20.1577778,43.89151],[20.1593177,43.8925701],[20.1619221,43.8943228],[20.1636096,43.8948496],[20.1742743,43.8980527],[20.1786954,43.8967843],[20.1823633,43.895612],[20.1839256,43.8951096],[20.186515,43.8971116],[20.1866486,43.8972062],[20.1895063,43.8993536],[20.1911015,43.9001605],[20.1934182,43.901348],[20.1950241,43.9021864],[20.1974665,43.9028519],[20.2029369,43.9044205],[20.2041637,43.9048117],[20.2053538,43.9061657],[20.206546,43.9075221],[20.2079574,43.9091278],[20.2094691,43.9108477],[20.2104497,43.9119632],[20.2115957,43.9132669],[20.2128336,43.9146751],[20.2152122,43.9150873],[20.2190601,43.9157541],[20.2230169,43.9162165],[20.224495,43.9154437],[20.2268245,43.9141925],[20.2291184,43.912903],[20.2304966,43.9122048],[20.2312968,43.9117842],[20.2314071,43.9101056],[20.2314717,43.9091217]]},"properties":{"voltage":"35000","name":""}},{"type":"Feature","geometry":{"type":"LineString","coordinates":[[20.0479538,43.8250999],[20.0509901,43.8252805],[20.0540413,43.8254807],[20.0595563,43.8258017],[20.0631166,43.8260296],[20.0659165,43.8264318],[20.0692569,43.826909],[20.0714054,43.8280666],[20.0739238,43.8293929],[20.0762416,43.8306364],[20.0788894,43.8320289],[20.0811749,43.8342804],[20.082464,43.8355544],[20.0845068,43.8375115],[20.0861803,43.8391512],[20.0882202,43.84113],[20.0888152,43.8433233],[20.0894527,43.845537],[20.0917701,43.8525328],[20.0924893,43.8544392],[20.093313,43.8566761],[20.0942821,43.8592969]]},"properties":{"voltage":"","name":""}},{"type":"Feature","geometry":{"type":"LineString","coordinates":[[20.1029397,43.7585678],[20.1034027,43.760367],[20.104394,43.7643687],[20.1047625,43.7659069],[20.1052363,43.767768],[20.1057205,43.769845],[20.10613,43.771421],[20.1065415,43.7732399],[20.1071067,43.7755799],[20.1075474,43.7775469],[20.1080255,43.7796357],[20.1084589,43.7814805],[20.1089513,43.7835825],[20.1094207,43.7855862],[20.1080247,43.7874725],[20.1066213,43.789386],[20.1052087,43.791312],[20.1038302,43.7931914],[20.1024194,43.7950984],[20.1010434,43.7969822],[20.1004377,43.7978111],[20.0997618,43.7987361],[20.0984122,43.8005831],[20.0970174,43.8024338],[20.0956253,43.8043154],[20.0942727,43.8061686],[20.0928943,43.8080571],[20.0915186,43.8099158],[20.0906875,43.81188],[20.0898268,43.8139249],[20.0890082,43.8158304],[20.0881754,43.8178385],[20.0870224,43.8206605],[20.086176,43.8226997],[20.0853238,43.8248131],[20.0845214,43.8268414],[20.0836542,43.8289088],[20.0828094,43.8309925],[20.0819871,43.833061],[20.0811513,43.8350707],[20.0804155,43.8368946],[20.0787149,43.8372415],[20.0768866,43.8374249],[20.0748287,43.837623],[20.073234,43.8377797],[20.0712048,43.8379719],[20.0690116,43.83817],[20.0668758,43.838377],[20.0641784,43.8386402],[20.0613211,43.8388974],[20.0585088,43.8391724],[20.0557622,43.8394444],[20.0545898,43.8392848],[20.0534461,43.8374692],[20.0523638,43.8356802],[20.0512611,43.833906],[20.0501214,43.8320785],[20.0490146,43.8302686],[20.0479077,43.8284883],[20.0468009,43.8267079],[20.0456612,43.8248459]]},"properties":{"voltage":"","name":""}},{"type":"Feature","geometry":{"type":"LineString","coordinates":[[20.0452784,43.8248108],[20.0454481,43.8266044],[20.0456675,43.8285761],[20.0458375,43.830103],[20.0464155,43.8317857],[20.0470428,43.8334772],[20.0476331,43.8351421],[20.0474896,43.8364816],[20.0474036,43.837466],[20.047266,43.8389833]]},"properties":{"voltage":"","name":""}},{"type":"Feature","geometry":{"type":"LineString","coordinates":[[20.0471554,43.8390721],[20.0473186,43.8373502],[20.0473994,43.8363071],[20.0475224,43.8351539],[20.0470059,43.8337256],[20.0463377,43.8319129],[20.0457227,43.8301858],[20.0455711,43.8289585],[20.0453661,43.8268055],[20.0451652,43.824892]]},"properties":{"voltage":"","name":""}},{"type":"Feature","geometry":{"type":"LineString","coordinates":[[20.1010204,43.7582449],[20.1033646,43.7593843],[20.1054675,43.760666],[20.1082052,43.7624007],[20.1115904,43.7622278]]},"properties":{"voltage":"","name":""}},{"type":"Feature","geometry":{"type":"LineString","coordinates":[[19.994439,43.8977332],[19.9937351,43.8957241],[19.9930982,43.8939456],[19.9924197,43.8919126],[19.9916594,43.8897353],[19.9910959,43.8881306],[19.9906079,43.8867223],[19.9899899,43.8849594],[19.9910384,43.8834421],[19.9925161,43.8813575],[19.9935374,43.8797561],[19.9945037,43.8787618],[19.9957451,43.8776006],[19.9970226,43.875855],[19.9985627,43.8737569],[19.9999393,43.8719188],[20.0014025,43.8699522],[20.0028892,43.8679665],[20.0043571,43.8659833],[20.0058141,43.8640086],[20.0072407,43.8621029],[20.0084097,43.8604989],[20.0079528,43.8586594],[20.0074838,43.8568054]]},"properties":{"voltage":"","name":""}},{"type":"Feature","geometry":{"type":"LineString","coordinates":[[20.0198262,43.8567234],[20.0206001,43.8554466],[20.0213786,43.854208],[20.0221617,43.8529295],[20.0229356,43.8516858],[20.0244534,43.8492023],[20.0253266,43.8477754],[20.026128,43.8464645],[20.0269329,43.8451683],[20.0277101,43.8439322]]},"properties":{"voltage":"","name":""}},{"type":"Feature","geometry":{"type":"LineString","coordinates":[[20.1176645,43.894318],[20.1156029,43.8918784],[20.1149755,43.8892063],[20.1018922,43.8765814],[20.097824,43.8732164],[20.0966515,43.8722606],[20.0903211,43.8670214],[20.088438,43.8654467],[20.0845633,43.8605487],[20.0832725,43.8592895],[20.0833905,43.8584155],[20.0835705,43.8570106],[20.0837699,43.8554537],[20.0839247,43.8542226],[20.0825238,43.8535814],[20.0806873,43.8527921],[20.0786867,43.8519289],[20.0766985,43.8510657],[20.0747923,43.8502113],[20.0732263,43.8495195],[20.0714635,43.848677],[20.069463,43.8477339],[20.0673976,43.8467487],[20.0663726,43.8471054],[20.0641459,43.8469349],[20.0617514,43.846714],[20.059082,43.8465112],[20.0564713,43.8462733]]},"properties":{"voltage":"35000","name":""}},{"type":"Feature","geometry":{"type":"LineString","coordinates":[[20.1389592,43.6015775],[20.1402091,43.6015076],[20.1438942,43.6012868],[20.147795,43.60109],[20.1530277,43.6018111],[20.1555167,43.6021968],[20.1594423,43.6027588],[20.1717238,43.6045763],[20.1775639,43.6054663],[20.1891653,43.6037984],[20.1973957,43.6018358]]},"properties":{"voltage":"","name":""}},{"type":"Feature","geometry":{"type":"LineString","coordinates":[[21.6846914,43.5717625],[21.6850911,43.5715716],[21.6862413,43.5712049],[21.6878342,43.5697059],[21.6894856,43.5681477],[21.6910323,43.5666565],[21.6925641,43.5652621],[21.6938948,43.5640414],[21.6945894,43.5637911]]},"properties":{"voltage":"35000","name":""}},{"type":"Feature","geometry":{"type":"LineString","coordinates":[[21.6846914,43.5717625],[21.6840229,43.5718936],[21.6828952,43.5719851],[21.6816166,43.5721212],[21.6803965,43.5722172],[21.6792411,43.572311],[21.6779471,43.5724248],[21.6770443,43.572503],[21.6758612,43.5726123],[21.6747151,43.5727173],[21.6737851,43.5727191],[21.6711491,43.5725581],[21.6698858,43.5724201],[21.6689256,43.5723307],[21.6666993,43.5720897],[21.6657123,43.5719867],[21.6633385,43.5717399],[21.662499,43.5716331],[21.6614139,43.5720295]]},"properties":{"voltage":"10000","name":""}},{"type":"Feature","geometry":{"type":"LineString","coordinates":[[21.6857108,43.5593191],[21.6858879,43.560806],[21.6865046,43.5616461],[21.6862378,43.562418],[21.6855388,43.5643568],[21.6848048,43.565994],[21.6841918,43.5675162],[21.6835579,43.5690901],[21.6829056,43.5706985],[21.684103,43.5717574],[21.6846914,43.5717625]]},"properties":{"voltage":"35000","name":""}},{"type":"Feature","geometry":{"type":"LineString","coordinates":[[21.6945894,43.5637911],[21.6939798,43.5639157],[21.6927141,43.5635309],[21.6928214,43.5628118],[21.6929126,43.5621082],[21.6930333,43.5613949],[21.6931486,43.5604872]]},"properties":{"voltage":"30000","name":""}},{"type":"Feature","geometry":{"type":"LineString","coordinates":[[21.6857886,43.5593132],[21.6858396,43.5594299],[21.6865557,43.5602773],[21.6869721,43.56081],[21.6881967,43.5622719],[21.6900265,43.5627258],[21.6913714,43.5630643],[21.692872,43.5634439],[21.6939762,43.5637362],[21.6945894,43.5637911]]},"properties":{"voltage":"35000","name":""}},{"type":"Feature","geometry":{"type":"LineString","coordinates":[[21.7745469,43.4895757],[21.7741374,43.49033],[21.7738601,43.4917225],[21.7735798,43.4932],[21.7733333,43.4944897],[21.7730776,43.4958218],[21.7728095,43.4972411],[21.7725353,43.4985888],[21.7722765,43.4999074],[21.7718883,43.5019165],[21.7716295,43.5032351],[21.7713614,43.5046653],[21.7711149,43.5059481],[21.7708746,43.5072017],[21.7705973,43.5085514],[21.7703451,43.509912],[21.7701257,43.5110907],[21.7698595,43.5123777],[21.7696353,43.5135326],[21.7689535,43.5145587],[21.7681969,43.5156831],[21.7672397,43.5171215],[21.7659955,43.5189913],[21.7647524,43.5208592],[21.7636371,43.5225351],[21.7629132,43.5235817],[21.7621152,43.5247434],[21.7612648,43.5260145],[21.7605346,43.5271203],[21.7597243,43.5283445],[21.7588185,43.5296513],[21.757928,43.5309469],[21.7560825,43.5316974],[21.7545235,43.5323251],[21.7520556,43.5333392],[21.7501854,43.5340852],[21.7487896,43.534666],[21.7471166,43.5353495],[21.7452249,43.5361245],[21.7436166,43.5367879],[21.7419358,43.5374218],[21.7409878,43.5377964],[21.740279,43.5380631],[21.7387676,43.5387081],[21.7370909,43.53941],[21.7354826,43.5400599],[21.7320904,43.541362],[21.7304358,43.5420521],[21.729018,43.5426379],[21.7275292,43.5432057],[21.7258957,43.5438647],[21.7248946,43.5445146],[21.7233374,43.5455407],[21.7222367,43.5462692],[21.7214452,43.5467715],[21.7196686,43.5479708],[21.7190588,43.5483834],[21.7183067,43.5489108],[21.7176278,43.5493351],[21.7164244,43.5501218],[21.7148676,43.5511615],[21.713035,43.5523854],[21.7106188,43.5539736],[21.7092018,43.55497],[21.707791,43.5558397],[21.7062311,43.5568977],[21.7047971,43.5578842],[21.7032606,43.5588927],[21.7018643,43.559825],[21.7004777,43.5607382],[21.6996227,43.5611854],[21.6988736,43.56164],[21.6980795,43.5619783],[21.696086,43.5631063],[21.6949545,43.5636471],[21.6945894,43.5637911]]},"properties":{"voltage":"35000","name":""}},{"type":"Feature","geometry":{"type":"LineString","coordinates":[[21.7762264,43.4792666],[21.7759244,43.4808204],[21.7756964,43.4821103],[21.7754808,43.4833958],[21.7752035,43.4848511],[21.7749262,43.4862617],[21.7746735,43.4876297],[21.7743824,43.4890347],[21.7749965,43.4893278]]},"properties":{"voltage":"10000","name":""}},{"type":"Feature","geometry":{"type":"LineString","coordinates":[[21.7852658,43.4946214],[21.7853615,43.494513]]},"properties":{"voltage":"30000","name":""}},{"type":"Feature","geometry":{"type":"LineString","coordinates":[[21.7944825,43.5048302],[21.7941526,43.5045404],[21.7937154,43.5041435],[21.7931092,43.5037213],[21.7924145,43.5033303],[21.7917895,43.5029723],[21.7914355,43.5025949],[21.7909849,43.5020813],[21.7905289,43.5015696],[21.7902607,43.5013128],[21.7901507,43.5012194],[21.789692,43.5008361],[21.7886648,43.4999489],[21.7881578,43.4989099],[21.7878628,43.4985228],[21.7875919,43.4982173],[21.7872834,43.4978963],[21.7869633,43.4975637],[21.7866411,43.4973248],[21.7862395,43.497086],[21.7859266,43.4968133],[21.7857795,43.4964119],[21.7857748,43.4960816],[21.7855693,43.4957292],[21.7853592,43.4954277],[21.7853732,43.4951194],[21.7853428,43.4948196],[21.7852658,43.4946214]]},"properties":{"voltage":"10000","name":""}},{"type":"Feature","geometry":{"type":"LineString","coordinates":[[21.7329942,43.4625602],[21.7338753,43.4628119],[21.7344053,43.4630945],[21.7352429,43.4635214],[21.7359691,43.463886],[21.7370325,43.4643665],[21.7384084,43.4650676],[21.739687,43.4651635],[21.740927,43.46528],[21.7422117,43.4653936],[21.7435167,43.4654969],[21.7447932,43.4656061],[21.7462301,43.4657105],[21.7473051,43.4657899]]},"properties":{"voltage":"10000","name":""}},{"type":"Feature","geometry":{"type":"LineString","coordinates":[[21.7329942,43.4625602],[21.7325602,43.4621743],[21.732731,43.4613422],[21.7328489,43.4604805],[21.7329952,43.4596336],[21.7331457,43.4587483],[21.7332961,43.4578807],[21.7334745,43.4568415],[21.7337355,43.4553208],[21.7338771,43.4544395],[21.7340293,43.4535635],[21.7341673,43.452749],[21.7344398,43.451043],[21.7342169,43.4508606],[21.7324791,43.4502028],[21.7313006,43.4497301],[21.7303732,43.4493753],[21.7293328,43.4489772],[21.7291487,43.4483991],[21.7293823,43.4476976],[21.7295982,43.4470424],[21.7298177,43.4463898],[21.7300512,43.4457063],[21.7305467,43.445272],[21.7305184,43.4443881],[21.7307449,43.4437174],[21.7309467,43.4430442],[21.7311838,43.4424326],[21.7314068,43.441821],[21.7316226,43.4411503],[21.7317359,43.4398449]]},"properties":{"voltage":"10000","name":""}},{"type":"Feature","geometry":{"type":"LineString","coordinates":[[21.7329942,43.4625602],[21.7331009,43.4624458],[21.7337473,43.4619324],[21.7346255,43.4611976],[21.7353695,43.4605897],[21.7360484,43.4600586],[21.7368574,43.4594064],[21.7377518,43.4583411],[21.7380193,43.4579793],[21.7383116,43.4576366],[21.7385906,43.4573173],[21.7388434,43.457019],[21.7391077,43.4567224],[21.7393719,43.4564111],[21.7396199,43.4561116],[21.7398842,43.4558046],[21.7401566,43.4554948],[21.7404249,43.4551908],[21.7406322,43.4549665],[21.7409188,43.4546301],[21.7411912,43.4543276],[21.7414819,43.4540133],[21.7417665,43.4537034],[21.7420348,43.4533802],[21.7423255,43.4530556],[21.7426934,43.4526985]]},"properties":{"voltage":"10000","name":""}},{"type":"Feature","geometry":{"type":"LineString","coordinates":[[21.7329942,43.4625602],[21.7328313,43.4627066],[21.7324423,43.4630094],[21.7313487,43.4637412],[21.7306743,43.4643728],[21.7297852,43.4650583],[21.7289623,43.4657241],[21.7281289,43.4663909],[21.7275096,43.4670636],[21.7268433,43.4677451],[21.7262056,43.4684584],[21.7255819,43.4691453],[21.7252025,43.4696562],[21.7248292,43.4702033],[21.7245637,43.4706335],[21.7242965,43.4710393],[21.7241461,43.4713437],[21.7240205,43.4716442],[21.7238987,43.4719261],[21.7237748,43.4722418],[21.7236528,43.4725279],[21.7234739,43.4729454],[21.7233397,43.4732832],[21.7232137,43.4735989],[21.7231073,43.47388],[21.7228478,43.4741137],[21.7225063,43.4743719],[21.7222197,43.4745666],[21.7218843,43.4748483],[21.7217115,43.475046],[21.7214961,43.475313],[21.7213131,43.4755165],[21.7209574,43.4760004],[21.7207646,43.4763013],[21.7205834,43.4766022],[21.720315,43.4770255],[21.7200305,43.4775433],[21.7197154,43.4781318],[21.719569,43.4784209],[21.7192235,43.4789918]]},"properties":{"voltage":"10000","name":""}},{"type":"Feature","geometry":{"type":"LineString","coordinates":[[21.7720163,43.4879569],[21.7723945,43.4874763],[21.7726117,43.4868652],[21.7728833,43.4860921],[21.7732099,43.4851624],[21.7735264,43.4842711],[21.7738241,43.4834343],[21.7741057,43.4825838],[21.7744142,43.4817314],[21.7743707,43.4811331],[21.7743532,43.4806526],[21.7744244,43.4801589],[21.7745131,43.479715],[21.7745808,43.4791762],[21.7753434,43.4786182],[21.7765376,43.4777445],[21.7767967,43.4763703],[21.7770046,43.4750825],[21.7762994,43.4738642],[21.776895,43.4728074],[21.7768333,43.4719756],[21.7767471,43.4705468],[21.7766356,43.4692042],[21.7764955,43.467879],[21.7764442,43.4665538],[21.7763461,43.4653505],[21.776234,43.46391],[21.7761173,43.462544],[21.7760332,43.4610899],[21.7759258,43.459673],[21.775809,43.4585009],[21.7756549,43.4569543],[21.775574,43.4553591],[21.7754961,43.4538254],[21.7753747,43.4523947],[21.7753981,43.4510149],[21.7752309,43.4496886],[21.7750758,43.4484586],[21.7749638,43.4471092],[21.7748844,43.4458005],[21.7749965,43.445197],[21.7758228,43.4444649],[21.7766238,43.4434068],[21.7775112,43.4421541],[21.7783831,43.4409148],[21.7792766,43.4396441],[21.7802287,43.4382727],[21.7811098,43.4370019],[21.7819756,43.4357983],[21.7828845,43.4345029],[21.783755,43.433271],[21.7846363,43.4320347],[21.7854927,43.4308499],[21.7863174,43.4296753],[21.7871243,43.428529],[21.7879766,43.4273415],[21.7888507,43.4260941],[21.789338,43.4246755],[21.7897233,43.423485],[21.7900899,43.4223877],[21.7905582,43.4209726],[21.7910054,43.4196497],[21.7914892,43.4181968],[21.791973,43.4167617],[21.7924039,43.4154417],[21.792908,43.41403],[21.7933146,43.4128842],[21.7944611,43.4118594],[21.794457,43.410746],[21.7944692,43.4093254],[21.7949245,43.4078487],[21.7953798,43.4065521],[21.7958067,43.4050842]]},"properties":{"voltage":"35000","name":""}},{"type":"Feature","geometry":{"type":"LineString","coordinates":[[21.7749965,43.4893278],[21.7745469,43.4895757]]},"properties":{"voltage":"10000","name":""}},{"type":"Feature","geometry":{"type":"LineString","coordinates":[[21.7749965,43.4893278],[21.7756503,43.4896479],[21.7763535,43.4899855],[21.7772275,43.4903954],[21.7773386,43.4905949],[21.7776806,43.4907603],[21.7780589,43.4909411],[21.7783618,43.4911328],[21.7788175,43.4914588],[21.7791195,43.4916465],[21.7797203,43.4920098],[21.780033,43.4922054],[21.780338,43.4923842],[21.7806184,43.4925596],[21.780868,43.4926949],[21.7812855,43.4929083],[21.7818847,43.4932494],[21.7823914,43.4935272],[21.782814,43.4937304],[21.7833021,43.493866],[21.7836972,43.4938851],[21.7841393,43.4939806],[21.7844158,43.4941471],[21.7848502,43.4943674],[21.7852658,43.4946214]]},"properties":{"voltage":"10000","name":""}},{"type":"Feature","geometry":{"type":"LineString","coordinates":[[21.7329942,43.4625602],[21.73409,43.4631743],[21.7350358,43.4637043],[21.7361111,43.4643327],[21.7372973,43.4650035],[21.7390997,43.4662155],[21.7401596,43.4669199],[21.7412226,43.4676511],[21.7423318,43.4684069],[21.7434194,43.4691538],[21.74447,43.4698447],[21.7453142,43.4704216],[21.7463803,43.4711573],[21.7474586,43.4718951],[21.7485832,43.4726263],[21.7495322,43.4732657],[21.7505027,43.4739276],[21.7513777,43.4745268],[21.7524807,43.4752355],[21.7534174,43.4758571],[21.7544803,43.4765435],[21.7555957,43.4772813],[21.7566925,43.477999],[21.7577709,43.4787278],[21.7586767,43.4793315],[21.7596072,43.4799127],[21.7607718,43.4806259],[21.7617793,43.4812921],[21.7626452,43.4818949],[21.7635263,43.4825083],[21.7661236,43.4824166],[21.7676587,43.4833205],[21.7684731,43.4848277],[21.7686394,43.4853045],[21.7688486,43.4859667],[21.7701414,43.486797],[21.7714128,43.4875853],[21.7720163,43.4879569],[21.7724159,43.4882099],[21.7731625,43.4886712],[21.7740065,43.4891926],[21.774264,43.4894981],[21.7745469,43.4895757]]},"properties":{"voltage":"10000","name":""}},{"type":"Feature","geometry":{"type":"LineString","coordinates":[[21.6902706,43.5958339],[21.6903831,43.5959246],[21.6906586,43.5961005],[21.6908875,43.5962121]]},"properties":{"voltage":"","name":""}},{"type":"Feature","geometry":{"type":"LineString","coordinates":[[21.7152617,43.5540374],[21.714932,43.5539235],[21.7145515,43.5538051],[21.7141987,43.5536835],[21.7138259,43.5535093],[21.7135609,43.5533217],[21.7129309,43.5530459],[21.7123287,43.5531976],[21.7107856,43.5535221],[21.7098761,43.553735],[21.7087604,43.5537025],[21.7083541,43.5536588],[21.7079517,43.5535392],[21.7074072,43.5532768],[21.7070787,43.5531213],[21.7066896,43.5528989],[21.7064713,43.5527847],[21.706059,43.5533567],[21.7058555,43.5536465],[21.7056255,43.5539787],[21.705383,43.5543429],[21.7048752,43.555038],[21.7045071,43.5555587],[21.7042841,43.5558857],[21.7038647,43.5564769],[21.7035763,43.5568654],[21.7033409,43.5571142],[21.7030171,43.5573964],[21.70238,43.5579709],[21.7017235,43.5585415],[21.7013943,43.5588061],[21.7010793,43.5590919],[21.7007398,43.559388],[21.7004024,43.559659],[21.7000873,43.559936],[21.6997722,43.5602261],[21.6990852,43.5608198],[21.6989311,43.5612139],[21.6988474,43.5620039],[21.6988196,43.5627272],[21.6988335,43.5630945],[21.6988243,43.5634551],[21.6988258,43.5638379],[21.6988196,43.5642141],[21.6988274,43.5645334],[21.6988381,43.5648281],[21.6988366,43.565135],[21.6988366,43.5654532],[21.6988335,43.5657412],[21.698832,43.5660682],[21.6988012,43.5663752],[21.6987719,43.5666699],[21.6987503,43.567007],[21.6987272,43.5672726],[21.6987087,43.5675539],[21.6986795,43.5678508],[21.6986409,43.5681567],[21.698624,43.5684893],[21.6985978,43.5687895],[21.6985685,43.5691199],[21.69849,43.5694827],[21.6984052,43.5698611],[21.6983067,43.5703477],[21.6982342,43.5707172],[21.698205,43.5709337],[21.6981649,43.571196],[21.6981002,43.57159],[21.6980463,43.571907],[21.6979015,43.5722262],[21.6974732,43.5731135],[21.6973685,43.5733825],[21.6972822,43.5736693],[21.6973484,43.5740108],[21.6974131,43.574349],[21.6973669,43.5747005],[21.6972683,43.575013],[21.6971651,43.5752988],[21.697028,43.5756101],[21.6969156,43.5758847],[21.6966829,43.5764449],[21.6964195,43.5770208],[21.6962385,43.5774102],[21.6959918,43.577999],[21.6956806,43.5786421],[21.6953742,43.5793317],[21.6947619,43.5802213],[21.694649,43.5808788],[21.6945088,43.5816945],[21.6943551,43.5825895],[21.6942,43.5834918],[21.6941196,43.5845721],[21.6940311,43.585664],[21.6939425,43.5866451],[21.693854,43.5877603],[21.6934115,43.5887413],[21.6929448,43.5897827],[21.6924995,43.5906996],[21.692065,43.5916884],[21.6916297,43.5926469],[21.6911745,43.5936291],[21.6907749,43.5945071],[21.6904262,43.5953405]]},"properties":{"voltage":"10000","name":""}},{"type":"Feature","geometry":{"type":"LineString","coordinates":[[21.7263439,43.5412058],[21.7260236,43.5412007],[21.7256635,43.5413944],[21.7252733,43.5416028],[21.7249433,43.541776],[21.7246902,43.5419107]]},"properties":{"voltage":"","name":""}},{"type":"Feature","geometry":{"type":"LineString","coordinates":[[21.728407,43.5413877],[21.7282884,43.5410421],[21.7278894,43.5411211],[21.7271013,43.5413161],[21.7266757,43.5414579]]},"properties":{"voltage":"","name":""}},{"type":"Feature","geometry":{"type":"LineString","coordinates":[[21.7275101,43.5382599],[21.7265555,43.5386691],[21.7261358,43.5388475],[21.726123,43.5391815],[21.7260814,43.5395669],[21.7260459,43.5399281],[21.7259555,43.5406401],[21.7261811,43.5409704],[21.7263439,43.5412058],[21.7266757,43.5414579],[21.7270128,43.5417362]]},"properties":{"voltage":"","name":""}},{"type":"Feature","geometry":{"type":"LineString","coordinates":[[21.721512,43.5364895],[21.721399,43.5368089],[21.7206066,43.5371649],[21.7200325,43.537418]]},"properties":{"voltage":"10000","name":""}},{"type":"Feature","geometry":{"type":"LineString","coordinates":[[21.7412487,43.5463435],[21.7412031,43.5457953],[21.7410448,43.5455153],[21.7404279,43.5452393],[21.7391524,43.5448458],[21.7387275,43.5446513],[21.7382336,43.5444127],[21.7378941,43.5440915],[21.7372172,43.5434461],[21.7372758,43.5430862],[21.7373251,43.5426931],[21.7373742,43.5422531],[21.737436,43.5416996],[21.7375007,43.5411923],[21.7354086,43.5411968],[21.7342983,43.5407896],[21.7335342,43.5404967],[21.7326172,43.5401502],[21.7316366,43.5397773],[21.7309127,43.539502],[21.7299663,43.5391694],[21.7291016,43.5388593],[21.728455,43.5386158],[21.7275101,43.5382599],[21.7270651,43.5381506],[21.7266293,43.5380493],[21.7262661,43.5379553],[21.7255121,43.5376251],[21.7238978,43.5369051],[21.723359,43.5368112],[21.7228852,43.5367293],[21.72252,43.5366658],[21.7221887,43.5366083],[21.7219122,43.5365603],[21.721512,43.5364895],[21.7212514,43.5364455],[21.720863,43.536378],[21.720276,43.5363841],[21.7194288,43.5363903],[21.7180283,43.5364044],[21.7149965,43.5364348],[21.7129869,43.5362541]]},"properties":{"voltage":"10000","name":""}},{"type":"Feature","geometry":{"type":"LineString","coordinates":[[21.7091334,43.524481],[21.7099207,43.5246422],[21.7111328,43.5245974],[21.7138895,43.5245909],[21.7159724,43.5257354],[21.7176769,43.5266395],[21.7191299,43.5274587],[21.7210846,43.5285257],[21.7234817,43.5298341],[21.7246983,43.5303894],[21.7272529,43.5315509],[21.7297873,43.5326892],[21.7318439,43.5336262],[21.7344628,43.5348212],[21.7371202,43.5360396],[21.7388748,43.5368359],[21.7398746,43.5372815],[21.7405679,43.537621],[21.7409878,43.5377964]]},"properties":{"voltage":"35000","name":""}},{"type":"Feature","geometry":{"type":"LineString","coordinates":[[21.7125932,43.529973],[21.7130901,43.5307611],[21.7137663,43.5317279],[21.714972,43.532253],[21.7164792,43.5328931],[21.7176346,43.5334412],[21.7191795,43.5341854],[21.721061,43.5349505],[21.7223209,43.5355181],[21.7239912,43.5358489],[21.7262135,43.5362798],[21.7281628,43.5366032],[21.7304306,43.5370773],[21.7324329,43.5374848],[21.7346059,43.5379092],[21.7367749,43.538313],[21.7385605,43.5386747],[21.7387676,43.5387081]]},"properties":{"voltage":"10000","name":""}},{"type":"Feature","geometry":{"type":"LineString","coordinates":[[21.7183949,43.5355467],[21.7180339,43.5354043],[21.7176145,43.5352209],[21.7172217,43.5350554],[21.716781,43.5348514],[21.716397,43.5346102],[21.7160201,43.5343806],[21.7156272,43.534133],[21.7152981,43.5339175],[21.7149466,43.5336691],[21.7146356,43.5334392],[21.7143193,43.5331736],[21.7140108,43.5329072],[21.7137681,43.5323939],[21.7138948,43.5316454],[21.7133144,43.5307704],[21.7130714,43.5304486],[21.7126269,43.5299415]]},"properties":{"voltage":"10000","name":""}},{"type":"Feature","geometry":{"type":"LineString","coordinates":[[21.8138131,43.5518428],[21.8137659,43.5519096],[21.8133563,43.551777],[21.8130423,43.5515531],[21.812839,43.5514058],[21.8126052,43.5512202],[21.8123244,43.55099],[21.8107026,43.5513024],[21.808489,43.551606],[21.8062708,43.5512425],[21.8037047,43.5508161],[21.8013723,43.5504286],[21.7981276,43.5498895],[21.794705,43.549316],[21.7926179,43.5487651],[21.792518,43.5487387]]},"properties":{"voltage":"10000","name":""}},{"type":"Feature","geometry":{"type":"LineString","coordinates":[[21.7956031,43.4039421],[21.7959574,43.4030848],[21.7963025,43.4021983],[21.7966229,43.4013611],[21.7970327,43.4005239],[21.7975288,43.3992076],[21.7979735,43.3980284],[21.7983545,43.3970181],[21.798943,43.3954577],[21.7996479,43.394753],[21.8003518,43.3940491],[21.8010658,43.3933353],[21.8023804,43.3919928],[21.8031178,43.3912397],[21.8035276,43.3908277],[21.8038819,43.3904695],[21.8053485,43.3890634],[21.8060972,43.3882932],[21.8068274,43.3875364],[21.807499,43.3868826],[21.8083155,43.3860787]]},"properties":{"voltage":"","name":""}},{"type":"Feature","geometry":{"type":"LineString","coordinates":[[21.7960899,43.404833],[21.7961115,43.4043428],[21.7966168,43.4028408],[21.7970666,43.4014954],[21.7975072,43.4001612],[21.7979632,43.3987733],[21.7984962,43.3972532],[21.7986749,43.3967137],[21.7990632,43.395558],[21.800108,43.394595],[21.8007422,43.3940219],[21.8018033,43.3930825],[21.8029416,43.3920396],[21.804084,43.3910174],[21.8052386,43.389948],[21.8063973,43.3888933],[21.8070841,43.388335],[21.8080027,43.3876358],[21.8092671,43.386611],[21.8097738,43.3858607],[21.8109466,43.3848107],[21.8121004,43.3837484],[21.8133037,43.3826836],[21.8144858,43.3816444],[21.8157033,43.3805537],[21.8165884,43.3797626],[21.8180286,43.3784752],[21.8193982,43.3774437],[21.820398,43.3764071],[21.8214977,43.375405],[21.8227428,43.3742769],[21.8227286,43.373073],[21.8226791,43.3716503],[21.8226543,43.3703176],[21.8226649,43.3694969],[21.8226591,43.3681557],[21.822712,43.366743],[21.8227441,43.3640037],[21.8226054,43.3611365],[21.8228827,43.3572252],[21.8228827,43.3560245],[21.8228978,43.354755],[21.8229478,43.353365],[21.8224925,43.3524101],[21.8222241,43.3518987],[21.8217769,43.3510089],[21.8209679,43.3497731],[21.8200152,43.348441],[21.818971,43.3470431],[21.8179572,43.3455919],[21.8168306,43.3440353],[21.8159187,43.3428103],[21.8151907,43.3409852],[21.8143952,43.3389908],[21.8145883,43.337239],[21.8147063,43.3360958],[21.813966,43.3345975],[21.8134028,43.3334347],[21.8129579,43.3324544],[21.8138737,43.331113],[21.8151868,43.3304151],[21.8163048,43.3297792],[21.8175082,43.3291139],[21.8180164,43.3275228],[21.8175651,43.3261683],[21.8171545,43.3251361]]},"properties":{"voltage":"","name":""}},{"type":"Feature","geometry":{"type":"LineString","coordinates":[[21.2943028,43.1409988],[21.2937181,43.1414989],[21.2931964,43.1432052],[21.2925995,43.1451575],[21.2919759,43.1471969],[21.2913806,43.1491439],[21.2908223,43.1509697],[21.2931177,43.1528446],[21.2958347,43.1550639],[21.2985209,43.157258],[21.3007193,43.1590535],[21.3026946,43.1606668],[21.305429,43.1629],[21.3061506,43.1646857],[21.3069186,43.166586],[21.308814,43.1681589],[21.3116441,43.1705075],[21.3135583,43.1720959],[21.3155003,43.1737074],[21.3171908,43.1751101],[21.3197921,43.1772685],[21.3213439,43.1785562],[21.322628,43.1796215],[21.3246067,43.180288],[21.3274295,43.1812083],[21.3280281,43.1830031],[21.3287733,43.1852375],[21.3293497,43.1869655],[21.3299882,43.18888],[21.330842,43.1914397],[21.3316508,43.1938642],[21.3324569,43.1962808],[21.3333955,43.1990945],[21.3338942,43.2005894],[21.3333225,43.2032653],[21.3328974,43.2052548],[21.3324059,43.2075552],[21.3318365,43.2102194],[21.3312958,43.2127498],[21.3307553,43.2152788],[21.3354925,43.2201771],[21.3402947,43.2251422],[21.3429956,43.2279346]]},"properties":{"voltage":"","name":""}},{"type":"Feature","geometry":{"type":"LineString","coordinates":[[22.2698223,43.4774303],[22.2700629,43.4769066],[22.2704018,43.4765605]]},"properties":{"voltage":"","name":""}},{"type":"Feature","geometry":{"type":"LineString","coordinates":[[22.4387185,43.3483525],[22.438415,43.3482438]]},"properties":{"voltage":"","name":""}},{"type":"Feature","geometry":{"type":"LineString","coordinates":[[21.7918915,43.3091365],[21.7915159,43.3076295],[21.791113,43.3062712],[21.7909006,43.3055372],[21.7887205,43.3035901],[21.7872473,43.3022596],[21.7864805,43.3016105],[21.7850861,43.3013412],[21.7837689,43.3011016],[21.7820858,43.3007672],[21.7779796,43.3003086]]},"properties":{"voltage":"","name":""}},{"type":"Feature","geometry":{"type":"LineString","coordinates":[[20.1693949,44.6670085],[20.1690739,44.666068]]},"properties":{"voltage":"220000","name":""}},{"type":"Feature","geometry":{"type":"LineString","coordinates":[[20.1693949,44.6670085],[20.1692677,44.6660869]]},"properties":{"voltage":"220000","name":""}},{"type":"Feature","geometry":{"type":"LineString","coordinates":[[21.9683423,43.3015532],[21.9685525,43.3018326]]},"properties":{"voltage":"110000","name":""}},{"type":"Feature","geometry":{"type":"LineString","coordinates":[[21.9683423,43.3015532],[21.9686692,43.3018144]]},"properties":{"voltage":"110000","name":""}},{"type":"Feature","geometry":{"type":"LineString","coordinates":[[20.1624441,44.6713539],[20.1610787,44.6717932]]},"properties":{"voltage":"220000","name":""}},{"type":"Feature","geometry":{"type":"LineString","coordinates":[[20.1624441,44.6713539],[20.160926,44.6714149]]},"properties":{"voltage":"220000","name":""}},{"type":"Feature","geometry":{"type":"LineString","coordinates":[[20.1583486,44.6594829],[20.1576707,44.6601564],[20.1559516,44.6619082]]},"properties":{"voltage":"110000","name":""}},{"type":"Feature","geometry":{"type":"LineString","coordinates":[[20.1563471,44.6619295],[20.158132,44.6601526],[20.1587515,44.6595477]]},"properties":{"voltage":"","name":""}},{"type":"Feature","geometry":{"type":"LineString","coordinates":[[20.1616341,44.6694273],[20.1652672,44.6672187],[20.1660478,44.6643839],[20.1668,44.6640097]]},"properties":{"voltage":"400000","name":""}},{"type":"Feature","geometry":{"type":"LineString","coordinates":[[20.1670414,44.6644332],[20.1662936,44.664673],[20.1658598,44.6672744],[20.1617767,44.669814]]},"properties":{"voltage":"400000","name":""}},{"type":"Feature","geometry":{"type":"LineString","coordinates":[[21.7090996,43.5245391],[21.7098985,43.5247473],[21.7106385,43.5264339],[21.7112312,43.5277935],[21.7115921,43.5286215],[21.7119546,43.5297363],[21.712452,43.5298935]]},"properties":{"voltage":"35000","name":""}},{"type":"Feature","geometry":{"type":"LineString","coordinates":[[21.6580439,43.5283183],[21.6582942,43.5282166],[21.6592946,43.5281652],[21.6620075,43.528025],[21.6643298,43.527905],[21.6666899,43.5277787],[21.6691156,43.5276574],[21.6718039,43.5275182],[21.6742501,43.5273915],[21.6769705,43.5272506],[21.679644,43.527112],[21.682085,43.5269854],[21.6846826,43.5268507],[21.687199,43.5267201],[21.6897526,43.5265875],[21.6923454,43.5264528],[21.6949538,43.5263155],[21.6975409,43.5261828],[21.6997683,43.5260669],[21.7020383,43.5256375],[21.7045323,43.5251656],[21.7067682,43.5247426],[21.7085355,43.5244082],[21.7088461,43.5244616]]},"properties":{"voltage":"35000","name":""}},{"type":"Feature","geometry":{"type":"LineString","coordinates":[[21.6710023,43.5507046],[21.6715076,43.5502873],[21.6730049,43.5492086],[21.6746988,43.5479601],[21.6764866,43.5466068],[21.6780689,43.5454237],[21.6797715,43.5441484],[21.6817998,43.542675],[21.6835111,43.5413963],[21.6851909,43.5401145],[21.6869779,43.5387863],[21.6887202,43.5374845],[21.6904846,43.5361498],[21.6921869,43.5349005],[21.6935369,43.5338952],[21.6943778,43.5332529],[21.6951231,43.5327119],[21.69508,43.5306599],[21.6966374,43.5291397],[21.6982741,43.5275608],[21.699602,43.526242],[21.7020662,43.5257589],[21.704556,43.5252709],[21.7067938,43.5248322],[21.7085016,43.5244975],[21.7088342,43.5245033]]},"properties":{"voltage":"35000","name":""}},{"type":"Feature","geometry":{"type":"LineString","coordinates":[[21.294056,43.1404068],[21.2945831,43.1398882],[21.2950364,43.1394204],[21.2964123,43.1380543]]},"properties":{"voltage":"35000","name":""}},{"type":"Feature","geometry":{"type":"LineString","coordinates":[[21.2941352,43.1404636],[21.2947864,43.1401053],[21.295407,43.1397639],[21.2973833,43.1386767]]},"properties":{"voltage":"35000","name":""}},{"type":"Feature","geometry":{"type":"LineString","coordinates":[[21.2846817,43.1379544],[21.2863785,43.1383314],[21.2882332,43.1387434],[21.2903014,43.1392028],[21.2915803,43.1394869],[21.2926084,43.1398685],[21.2936765,43.1402649]]},"properties":{"voltage":"","name":""}},{"type":"Feature","geometry":{"type":"LineString","coordinates":[[21.2846482,43.138064],[21.2862502,43.1384107],[21.2880539,43.138801],[21.2901938,43.139264],[21.2915093,43.1395486],[21.2924927,43.1399042],[21.2935907,43.1403011]]},"properties":{"voltage":"","name":""}},{"type":"Feature","geometry":{"type":"LineString","coordinates":[[21.2933452,43.1405487],[21.2924256,43.1411564],[21.2913763,43.1418499],[21.2904444,43.1424657]]},"properties":{"voltage":"","name":""}},{"type":"Feature","geometry":{"type":"LineString","coordinates":[[21.2888091,43.1448686],[21.2912278,43.1428073],[21.2925553,43.1416594],[21.293655,43.1407004]]},"properties":{"voltage":"","name":""}},{"type":"Feature","geometry":{"type":"LineString","coordinates":[[20.0166519,43.2803948],[20.0160361,43.2791342],[20.0154587,43.2780154]]},"properties":{"voltage":"35000","name":""}},{"type":"Feature","geometry":{"type":"LineString","coordinates":[[20.016063,43.2648799],[20.0164772,43.2662444],[20.017023,43.2678725],[20.0175788,43.2695575],[20.0178827,43.2704225]]},"properties":{"voltage":"35000","name":""}},{"type":"Feature","geometry":{"type":"LineString","coordinates":[[21.8518731,43.5245468],[21.8524367,43.5244741],[21.8536623,43.5243259],[21.8551803,43.5240542],[21.8563945,43.5238968],[21.8578912,43.523675],[21.8591713,43.5234827],[21.8605228,43.5232796],[21.8623702,43.5229994],[21.8642253,43.5227179],[21.8656388,43.5225157],[21.8665588,43.5223718],[21.8679857,43.5221306],[21.8694234,43.5219342],[21.8707028,43.5217416],[21.8720332,43.5215491],[21.8732884,43.5213312],[21.8744654,43.5211254],[21.8757196,43.5209396],[21.876864,43.5207716],[21.8775308,43.5206714],[21.8786569,43.5205446],[21.8802323,43.5203544],[21.8817243,43.5201422],[21.8832123,43.5199727],[21.8842042,43.5198489],[21.8855819,43.5196751],[21.8865175,43.519557],[21.8874292,43.5197977],[21.8884982,43.52008],[21.8892922,43.5202896]]},"properties":{"voltage":"","name":""}},{"type":"Feature","geometry":{"type":"LineString","coordinates":[[21.8231545,43.4972895],[21.8227637,43.4969088],[21.8225531,43.4965693],[21.8219751,43.4958251],[21.8219784,43.4955402],[21.8215532,43.4950775],[21.8216447,43.494691],[21.8207972,43.4940689],[21.8202158,43.4934908],[21.8196202,43.4929673],[21.8190266,43.4924497],[21.8185246,43.4920147],[21.8185185,43.4914749],[21.8184819,43.4906107],[21.8184372,43.4898911],[21.8183701,43.4894988],[21.8183437,43.4891537],[21.8182827,43.4887762],[21.8182075,43.4884045],[21.8181465,43.4880196],[21.8179623,43.4874118],[21.8177882,43.4870955],[21.817571,43.4865757],[21.8176064,43.4861633],[21.8176341,43.4858593],[21.817608,43.4856872]]},"properties":{"voltage":"10000","name":""}},{"type":"Feature","geometry":{"type":"LineString","coordinates":[[21.7516032,43.516411],[21.7527352,43.5158522],[21.7541782,43.5151439],[21.7554329,43.5145281],[21.7582685,43.5131363],[21.765158,43.510874],[21.7661596,43.5103856],[21.7671614,43.509897],[21.7681737,43.5094371],[21.7698853,43.5088945],[21.7711497,43.5086321],[21.7724497,43.5083468],[21.7735039,43.5081155],[21.7743207,43.5079362],[21.7765823,43.5073987],[21.7787821,43.5068285],[21.7799406,43.5065436],[21.7810344,43.5062542],[21.7822483,43.5059313],[21.7833359,43.5055],[21.7844174,43.505024],[21.7854595,43.5043653],[21.7864961,43.5037117],[21.787572,43.5030225],[21.7885966,43.5023743],[21.7896619,43.5017119],[21.7899381,43.5015306],[21.7902607,43.5013128]]},"properties":{"voltage":"10000","name":""}},{"type":"Feature","geometry":{"type":"LineString","coordinates":[[21.7902607,43.5013128],[21.7907798,43.5011467],[21.7920453,43.500731],[21.7931247,43.5003765],[21.7943781,43.4999647],[21.795612,43.4995594],[21.7967409,43.4991886],[21.7979376,43.4987955],[21.7994009,43.4983148],[21.8009986,43.49779],[21.8019579,43.4974749],[21.8041073,43.4967688],[21.8052738,43.4963856],[21.8064057,43.4960138],[21.8075866,43.4956258],[21.808778,43.4952345],[21.8098976,43.4948666],[21.8110827,43.4944582],[21.8122515,43.4940703],[21.8133655,43.4937017],[21.8145953,43.4933065],[21.8155324,43.4930056],[21.8166849,43.4926149],[21.8176566,43.4922948],[21.8185246,43.4920147]]},"properties":{"voltage":"10000","name":""}},{"type":"Feature","geometry":{"type":"LineString","coordinates":[[21.8541167,43.52785],[21.853706,43.5273762],[21.8532264,43.5268064],[21.8527459,43.5261269],[21.8521756,43.5251454],[21.8518731,43.5245468],[21.8510521,43.5240067],[21.850318,43.5230777],[21.8495667,43.5221336],[21.8489313,43.5213351],[21.8483707,43.5206272],[21.8470474,43.5190017],[21.8466809,43.5184939],[21.8462586,43.5176366],[21.8457811,43.5167161],[21.8453567,43.515835],[21.8449054,43.5149358],[21.8444224,43.5139617],[21.8440151,43.5131403],[21.8436207,43.5123354],[21.8431857,43.5114214],[21.8427466,43.5105044],[21.8422588,43.5095078],[21.841836,43.508638],[21.841405,43.5077181],[21.840905,43.5067332],[21.8404395,43.5057395],[21.8400614,43.5048962],[21.8391243,43.5043182],[21.8382258,43.5037565],[21.8373538,43.5032227],[21.8363699,43.5026035],[21.8353576,43.5019754],[21.8344673,43.501477],[21.8334733,43.5009167],[21.832551,43.5004102],[21.8316406,43.499923],[21.8306824,43.4993688],[21.8301494,43.4990536],[21.8297658,43.4989218],[21.8292466,43.4988972],[21.8283423,43.4987374],[21.8278216,43.4986491],[21.8274611,43.4985184],[21.8269743,43.4983586],[21.8266385,43.498249],[21.826278,43.4981529],[21.8259591,43.4980188],[21.8245203,43.4974143],[21.8240135,43.4973796],[21.8235097,43.4973349],[21.8231545,43.4972895]]},"properties":{"voltage":"10000","name":""}},{"type":"Feature","geometry":{"type":"LineString","coordinates":[[21.7513494,43.5117062],[21.7517469,43.5114717],[21.7518529,43.5112209],[21.7521088,43.510647],[21.7523306,43.5103422],[21.7526412,43.5100475]]},"properties":{"voltage":"10000","name":""}},{"type":"Feature","geometry":{"type":"LineString","coordinates":[[21.7518529,43.5112209],[21.7523146,43.5112963],[21.7527758,43.5113344],[21.7535135,43.5113952],[21.7540137,43.5118194],[21.7544216,43.5121826],[21.7547861,43.5124976],[21.75513,43.5126804],[21.7557509,43.5128964],[21.7566005,43.5130205],[21.7582685,43.5131363]]},"properties":{"voltage":"10000","name":""}},{"type":"Feature","geometry":{"type":"LineString","coordinates":[[21.7470712,43.5131694],[21.7468872,43.5130642],[21.7474004,43.5129525],[21.7478269,43.5128832],[21.7482321,43.5128255],[21.7486232,43.5127574],[21.7489859,43.5124571],[21.7501107,43.5121077],[21.7506471,43.5119385],[21.7513494,43.5117062]]},"properties":{"voltage":"10000","name":""}},{"type":"Feature","geometry":{"type":"LineString","coordinates":[[21.7598552,43.5204551],[21.759997,43.5197401],[21.7599723,43.5196787],[21.7597597,43.51951],[21.7591635,43.5192743],[21.7590341,43.5188688],[21.7586043,43.5185426],[21.7582592,43.5184164],[21.7576168,43.5183661],[21.7571874,43.5182196],[21.7565733,43.517649],[21.7545803,43.5167356],[21.7530649,43.5163225],[21.7516032,43.516411],[21.7512086,43.5162237],[21.7506865,43.5160684],[21.7503308,43.515926],[21.7499964,43.515736],[21.7496265,43.5155487],[21.7490921,43.5154293],[21.7487276,43.5153408],[21.7483153,43.5151624],[21.7479419,43.5149109],[21.7479419,43.5145567],[21.7479259,43.5142397],[21.7479136,43.5139843],[21.7478994,43.5138072],[21.7476481,43.5135852],[21.7473756,43.5133927],[21.7470712,43.5131694]]},"properties":{"voltage":"10000","name":""}},{"type":"Feature","geometry":{"type":"LineString","coordinates":[[21.7520318,43.483766],[21.7514849,43.4836145],[21.7504759,43.4833333],[21.7494283,43.4831048],[21.7483807,43.4828916],[21.747457,43.4827042],[21.7465368,43.4825167],[21.7456662,43.4823241],[21.7447606,43.4821243],[21.7438266,43.4819345],[21.7428762,43.4817397],[21.7419305,43.4815363],[21.7409989,43.4813364],[21.7399972,43.4811382],[21.7389417,43.4809281],[21.7379377,43.4806943],[21.7369243,43.4804825],[21.7358736,43.4802504],[21.7347411,43.4800132]]},"properties":{"voltage":"10000","name":""}},{"type":"Feature","geometry":{"type":"LineString","coordinates":[[21.6580416,43.5283475],[21.658042,43.5286237],[21.6586732,43.5291179],[21.6595685,43.5298027],[21.6602766,43.530337],[21.6610015,43.530893],[21.661736,43.5314971],[21.6625519,43.5321204],[21.6635438,43.5328784],[21.6642325,43.5334215],[21.6650025,43.5339707],[21.6659734,43.5347331],[21.6667959,43.5353936],[21.6676242,43.5360431],[21.6684494,43.5366751],[21.6692414,43.5373051],[21.6700936,43.5379281],[21.6709522,43.538584],[21.671744,43.5391855],[21.6725813,43.5398218],[21.6733976,43.5404625],[21.6743292,43.5411858],[21.6753186,43.5419655],[21.6762847,43.5432211],[21.6773611,43.5432949],[21.6782522,43.5433487],[21.6792757,43.5434127],[21.6803946,43.5431237],[21.681868,43.5422637],[21.6824756,43.5417239],[21.6831609,43.5411311],[21.6839053,43.5404549],[21.6842553,43.5394899],[21.6844493,43.5388147]]},"properties":{"voltage":"10000","name":""}},{"type":"Feature","geometry":{"type":"LineString","coordinates":[[21.6792024,43.5495828],[21.6766222,43.5458816],[21.6768404,43.5451652],[21.6756754,43.5431434],[21.6749199,43.5418822],[21.6733222,43.5406384],[21.6720208,43.5396094],[21.6703358,43.5383575],[21.6686785,43.537088],[21.6670334,43.5358357],[21.6654439,43.5345831],[21.6639791,43.5334771],[21.6626382,43.5324453],[21.661141,43.5312701],[21.6594604,43.5300093],[21.657823,43.5287049],[21.6580082,43.5283293]]},"properties":{"voltage":"35000","name":""}},{"type":"Feature","geometry":{"type":"LineString","coordinates":[[21.685746,43.5592319],[21.685239,43.5586606],[21.6840145,43.5568969],[21.6825125,43.5545419],[21.6812725,43.5526995],[21.6802975,43.551225],[21.6792024,43.5495828]]},"properties":{"voltage":"30000","name":""}},{"type":"Feature","geometry":{"type":"LineString","coordinates":[[21.6978809,43.5346009],[21.6977587,43.5347107],[21.697412,43.5355008],[21.6971125,43.5363255],[21.6967324,43.5374263],[21.6964588,43.5379157],[21.6966654,43.5384064],[21.6968978,43.5387145],[21.6970997,43.5390166],[21.6972924,43.5393018],[21.6974617,43.5395752]]},"properties":{"voltage":"10000","name":""}},{"type":"Feature","geometry":{"type":"LineString","coordinates":[[21.6980322,43.5345695],[21.6983322,43.5345278],[21.6986799,43.5334219],[21.6998754,43.5327893],[21.7010065,43.5322321]]},"properties":{"voltage":"10000","name":""}},{"type":"Feature","geometry":{"type":"LineString","coordinates":[[21.6978744,43.5345783],[21.697302,43.5344855],[21.6953506,43.5336626],[21.6943778,43.5332529]]},"properties":{"voltage":"35000","name":""}},{"type":"Feature","geometry":{"type":"LineString","coordinates":[[21.6857118,43.5592785],[21.6848193,43.5590311],[21.6838537,43.5574584],[21.6832573,43.5565495],[21.6822498,43.554972],[21.681264,43.5534434],[21.6803327,43.551944],[21.6795572,43.5507343],[21.6786327,43.549301],[21.6778716,43.548099],[21.6765025,43.5477007],[21.6749539,43.5485807],[21.6733689,43.5494931],[21.6715962,43.5504866],[21.6710464,43.5507491]]},"properties":{"voltage":"35000","name":""}},{"type":"Feature","geometry":{"type":"LineString","coordinates":[[21.6656799,43.520941],[21.6653903,43.5211376],[21.6651361,43.5213967],[21.664868,43.5217073],[21.6647278,43.5219921],[21.6644844,43.5225641],[21.6638405,43.5237626],[21.6635047,43.5242709],[21.6630764,43.5249053],[21.6627718,43.5250464],[21.6619522,43.5252241],[21.6608781,43.5254375],[21.6601742,43.5255818],[21.659439,43.5265236],[21.6589006,43.5272148],[21.6580764,43.5282333],[21.6579462,43.5284106]]},"properties":{"voltage":"10000","name":""}},{"type":"Feature","geometry":{"type":"LineString","coordinates":[[21.7050248,43.5175671],[21.7055289,43.5184884],[21.7063258,43.5197],[21.7072097,43.5210655],[21.7076431,43.5217536],[21.707973,43.5222759],[21.708265,43.5228661],[21.7090543,43.5231158],[21.7099822,43.5233424],[21.7097176,43.5244608],[21.7095975,43.5250568]]},"properties":{"voltage":"10000","name":""}},{"type":"Feature","geometry":{"type":"LineString","coordinates":[[21.2844529,43.1467349],[21.2863472,43.1459058],[21.2888091,43.1448686]]},"properties":{"voltage":"","name":""}},{"type":"Feature","geometry":{"type":"LineString","coordinates":[[21.6946305,43.5110263],[21.6949107,43.5108646],[21.6952458,43.5106563],[21.69561,43.5104294],[21.6961681,43.5102253],[21.6968447,43.5099134],[21.697764,43.5102016],[21.6986713,43.5105126],[21.6994867,43.5107791],[21.7003101,43.5110437],[21.7011518,43.5113202],[21.7002866,43.5130282],[21.6999486,43.5137148],[21.6995273,43.5146964],[21.69927,43.5151103],[21.6991923,43.5151646]]},"properties":{"voltage":"10000","name":""}},{"type":"Feature","geometry":{"type":"LineString","coordinates":[[21.7050248,43.5175671],[21.7039974,43.5179449],[21.7034628,43.5181348],[21.7025,43.5186208],[21.7016434,43.5190609]]},"properties":{"voltage":"10000","name":""}},{"type":"Feature","geometry":{"type":"LineString","coordinates":[[21.7038011,43.5005904],[21.7040089,43.5006863],[21.7043911,43.5008721],[21.7048109,43.5010754],[21.7052011,43.5012739],[21.7058663,43.5016075],[21.7063035,43.501842],[21.7066602,43.5020423],[21.707072,43.5022641],[21.7075132,43.5025093],[21.707882,43.5027077],[21.7082655,43.5029694],[21.7086437,43.5031649],[21.7077988,43.5042738],[21.7073375,43.5048536],[21.7068574,43.5054781],[21.7063826,43.5060792],[21.7059374,43.5066453],[21.7054841,43.5072134],[21.705004,43.5078417],[21.7045319,43.5084175],[21.7040437,43.5090556],[21.7035735,43.5096631],[21.7031112,43.5102643],[21.7026372,43.5108553],[21.7020628,43.5115648],[21.7016752,43.5120695],[21.7020558,43.5126503],[21.7025671,43.5134496],[21.7030622,43.5142946],[21.7035816,43.5150803],[21.7040311,43.5158194],[21.704523,43.5166228],[21.7050043,43.5174081],[21.7059705,43.518948],[21.7069333,43.5204548],[21.7073934,43.5212298],[21.7078233,43.5219214],[21.7083219,43.5226052],[21.7091735,43.5230066],[21.7103975,43.5234228],[21.7106905,43.5243604],[21.7112183,43.5260933],[21.7116037,43.52822],[21.7120879,43.5297],[21.7124754,43.5298678]]},"properties":{"voltage":"10000","name":""}},{"type":"Feature","geometry":{"type":"LineString","coordinates":[[21.7944825,43.5048302],[21.794752,43.5050053],[21.7952885,43.5053808],[21.7956895,43.5056716],[21.7960019,43.5059362],[21.796069,43.5061833],[21.7960797,43.5065101],[21.7961951,43.5068554],[21.7964941,43.507512],[21.7966953,43.507867],[21.7968562,43.5082551],[21.7971258,43.5089331],[21.7972398,43.5092482],[21.7975536,43.5099349],[21.797796,43.5104541],[21.7980364,43.5108511],[21.7981433,43.5110128],[21.7982881,43.511282],[21.7984282,43.511597],[21.7984375,43.5119933],[21.7984305,43.5123116],[21.7986196,43.5126486],[21.7988275,43.5130262],[21.7989839,43.5133327],[21.7991123,43.5136782],[21.7992524,43.5140185],[21.7993968,43.5143588],[21.7997521,43.5151124],[21.8000253,43.5157271],[21.8001701,43.5165721],[21.8003125,43.5173933],[21.8004479,43.5181654],[21.8005787,43.518946],[21.8007492,43.5197926],[21.8009033,43.5206087],[21.8010761,43.5214181],[21.8014006,43.5230299],[21.8015547,43.5239002],[21.8017275,43.5247653],[21.8018303,43.5253579],[21.8017485,43.5269798],[21.8017789,43.527806],[21.8017836,43.5285746],[21.8017791,43.5292693],[21.8017767,43.5305344],[21.8017754,43.5312041],[21.801772,43.5330301],[21.8014093,43.5333652],[21.801188,43.5336656],[21.8009144,43.5338834],[21.8006073,43.5341274],[21.8003874,43.5344424],[21.8001379,43.5347857],[21.8000279,43.5351473],[21.7999153,43.5356189],[21.7998965,43.5359465],[21.7997503,43.5361302],[21.7996484,43.5364273],[21.7995344,43.5367077],[21.7994969,43.5370334],[21.7994392,43.5374136],[21.7992387,43.5381146],[21.7991361,43.5385044],[21.7987427,43.5390672],[21.7983899,43.5396133],[21.7979734,43.5402863],[21.7975093,43.5409805],[21.7973444,43.5413149],[21.7969152,43.5418661],[21.7962635,43.5428401],[21.7957659,43.5436966],[21.7954762,43.5440047],[21.7951865,43.5444567],[21.7947131,43.5452208],[21.792518,43.5487387]]},"properties":{"voltage":"10000","name":""}},{"type":"Feature","geometry":{"type":"LineString","coordinates":[[21.7596973,43.5508378],[21.7617908,43.5516997],[21.7622331,43.5518574],[21.7626667,43.5520165],[21.7631356,43.5522127],[21.7636046,43.5524384],[21.7639831,43.552714],[21.7643888,43.5529681],[21.7647831,43.5532289],[21.7645677,43.5538491],[21.7640839,43.5543662],[21.7637078,43.5545989],[21.7633704,43.554842]]},"properties":{"voltage":"400","name":""}},{"type":"Feature","geometry":{"type":"LineString","coordinates":[[21.7868301,43.5575931],[21.786456,43.5575726],[21.7858243,43.5575697],[21.7853388,43.5577009],[21.7842673,43.557871],[21.783189,43.5579818],[21.7822087,43.5580984],[21.7813822,43.5582031],[21.7803244,43.5582578],[21.7792194,43.5583385],[21.7775953,43.5584663],[21.7760612,43.5585407],[21.7751135,43.5585808],[21.7740687,43.5582022],[21.7718611,43.5573404],[21.7708265,43.5569707],[21.7698324,43.5565626],[21.768749,43.5561796],[21.7676086,43.5557539],[21.7665557,43.5552015],[21.7655637,43.5546564],[21.7640839,43.5543662]]},"properties":{"voltage":"10000","name":""}},{"type":"Feature","geometry":{"type":"LineString","coordinates":[[21.8037432,43.572741],[21.8035926,43.5725173],[21.8033238,43.572102],[21.8031551,43.5717742],[21.8029817,43.5714293],[21.8025216,43.5705934],[21.8022609,43.5701979],[21.8018898,43.5697344],[21.8014846,43.5692677],[21.8010431,43.5687727],[21.8000388,43.5684073],[21.7991994,43.568096],[21.7987806,43.5676659],[21.7982724,43.5671784],[21.7976199,43.5664965],[21.7963487,43.5661676],[21.7952318,43.5659722],[21.794363,43.5657423],[21.7934391,43.565525],[21.792626,43.5653288],[21.7920456,43.5650698],[21.7913205,43.5647997],[21.7907381,43.5645937],[21.789823,43.5641747],[21.7889081,43.5634875],[21.7884922,43.5628335],[21.7882321,43.5624091],[21.7878923,43.5619538],[21.7874924,43.5614807],[21.7872305,43.5611806],[21.786921,43.5608357],[21.7866271,43.5604433],[21.7864094,43.5601176],[21.786236,43.5597675],[21.7861996,43.5595314],[21.7863151,43.5592695],[21.7864694,43.5588458],[21.7866196,43.5584823],[21.7867161,43.5580187],[21.7868301,43.5575931],[21.7886068,43.5548302],[21.7889219,43.5543028],[21.7893975,43.5536178],[21.7896414,43.5532289],[21.7899138,43.5527722],[21.7904383,43.5519752],[21.7906395,43.551654],[21.7908082,43.5513491],[21.7910135,43.5510205],[21.7912412,43.5506861],[21.7916945,43.5500202],[21.79191,43.5496902],[21.792518,43.5487387]]},"properties":{"voltage":"10000","name":""}},{"type":"Feature","geometry":{"type":"LineString","coordinates":[[21.6560809,43.5275604],[21.6541731,43.5264897]]},"properties":{"voltage":"10000","name":""}},{"type":"Feature","geometry":{"type":"LineString","coordinates":[[21.6579607,43.5283053],[21.6571069,43.5281501],[21.6565954,43.5278485],[21.6560809,43.5275604],[21.6545866,43.5281948],[21.6535018,43.5286609],[21.6523226,43.5291637],[21.6512299,43.5293415],[21.6499503,43.5295294],[21.6487408,43.5297207],[21.6474145,43.5299001],[21.6426999,43.530604],[21.6420113,43.530595],[21.6411208,43.5308296],[21.6405411,43.5309393],[21.6396949,43.5311912],[21.6387427,43.531336],[21.6382398,43.5314012],[21.6373039,43.5315033],[21.6367766,43.5315606],[21.6365614,43.5318436],[21.6362392,43.5322329],[21.6358539,43.5327712],[21.6354383,43.5334754],[21.6351324,43.5340053],[21.6347915,43.5345622],[21.6345089,43.5350514],[21.6341484,43.5355963],[21.6339728,43.5358308],[21.6336647,43.5362541],[21.6333303,43.5366812],[21.6327445,43.5369304]]},"properties":{"voltage":"10000","name":""}},{"type":"Feature","geometry":{"type":"LineString","coordinates":[[21.7052813,43.5341491],[21.7045776,43.5341094],[21.7047364,43.5333705],[21.7042367,43.5326798],[21.7055147,43.5324828],[21.7055371,43.5306436],[21.7046142,43.5290475],[21.7043723,43.5290242]]},"properties":{"voltage":"10000","name":""}},{"type":"Feature","geometry":{"type":"LineString","coordinates":[[21.7153887,43.5287505],[21.712966,43.529943],[21.7126439,43.5299284]]},"properties":{"voltage":"10000","name":""}},{"type":"Feature","geometry":{"type":"LineString","coordinates":[[21.6470522,43.5603911],[21.646944,43.5605645],[21.6467817,43.5609786],[21.6465332,43.5615183],[21.6465694,43.5620373],[21.6468027,43.5630091],[21.6468792,43.5632034],[21.6472346,43.5634959],[21.6476114,43.5637777],[21.6479601,43.5640615],[21.6483879,43.5643249],[21.6486186,43.5644424],[21.6490437,43.564631],[21.6494621,43.5648224],[21.6498417,43.5650109],[21.6501608,43.5651849],[21.6506088,43.5657252]]},"properties":{"voltage":"10000","name":""}},{"type":"Feature","geometry":{"type":"LineString","coordinates":[[21.662499,43.5716331],[21.6622276,43.5708835],[21.6619925,43.5702164],[21.6601386,43.568266],[21.6591623,43.5675986],[21.6575919,43.5665278],[21.6565747,43.5658772],[21.6557781,43.565335],[21.6549939,43.5648012],[21.6542093,43.5642276],[21.6534598,43.563737],[21.6527056,43.5632311],[21.6518977,43.5626879],[21.6511575,43.5622006],[21.6498545,43.561748],[21.6490653,43.561512],[21.6482411,43.561314],[21.6478756,43.5611533],[21.6475184,43.5609722],[21.646944,43.5605645]]},"properties":{"voltage":"10000","name":""}},{"type":"Feature","geometry":{"type":"LineString","coordinates":[[21.6857876,43.5133897],[21.6859909,43.5134684],[21.6860918,43.5136785],[21.6863013,43.5139991],[21.6864816,43.5142734],[21.6866349,43.5145549],[21.6868205,43.5148627],[21.6870292,43.5151035],[21.6872703,43.5153805],[21.6873581,43.5156978],[21.687427,43.5160057]]},"properties":{"voltage":"10000","name":""}},{"type":"Feature","geometry":{"type":"LineString","coordinates":[[21.6811127,43.5138899],[21.6813678,43.5141807],[21.681937,43.5147744],[21.6822205,43.515056],[21.6824731,43.5153297],[21.6825995,43.5155498],[21.6828121,43.5159073],[21.6829892,43.5162178]]},"properties":{"voltage":"10000","name":""}},{"type":"Feature","geometry":{"type":"LineString","coordinates":[[21.6656799,43.520941],[21.6658451,43.5209072],[21.6660811,43.5207798],[21.6663238,43.5206534],[21.666702,43.5204239],[21.6671379,43.5201866],[21.6675228,43.520032],[21.6678929,43.5198745],[21.6681477,43.5197023],[21.668534,43.5194174],[21.6688223,43.5192122],[21.6690704,43.5190284],[21.6693547,43.5188232],[21.6697021,43.5185781],[21.670036,43.5183438],[21.670386,43.5180899],[21.6706972,43.5178702],[21.6710177,43.5176533],[21.6713342,43.5174422],[21.6717178,43.517203],[21.6720369,43.5169852],[21.6727772,43.5165125],[21.6734505,43.5159737],[21.6737334,43.5156713],[21.6740511,43.5153554],[21.6744547,43.514894],[21.6749446,43.5145007],[21.6762094,43.5144259],[21.6767886,43.5143611],[21.6773262,43.514303],[21.679517,43.5140616],[21.6800628,43.5140019],[21.6811127,43.5138899],[21.68206,43.513786],[21.68256,43.5137351],[21.683053,43.5136813],[21.6835144,43.5136349],[21.6843671,43.5135479],[21.6848286,43.5134958],[21.685301,43.5134411],[21.6857876,43.5133897],[21.6862432,43.5133556],[21.6867032,43.513199],[21.6874434,43.5130135],[21.6880575,43.5129813],[21.6883995,43.5128886],[21.6888128,43.5127273],[21.6892567,43.5125415],[21.6895873,43.51233],[21.6899231,43.5120596],[21.6903421,43.5117066],[21.690678,43.5113949],[21.6910693,43.5112295],[21.6912458,43.5111617]]},"properties":{"voltage":"10000","name":""}},{"type":"Feature","geometry":{"type":"LineString","coordinates":[[21.6325212,43.498705],[21.632755,43.4988878],[21.6330152,43.499081],[21.6332774,43.4992771],[21.6335803,43.499513],[21.6340031,43.4998049],[21.6345784,43.5001618],[21.6351089,43.5005009],[21.6355954,43.5008981],[21.6360484,43.5012588],[21.6364961,43.5016131],[21.6369405,43.5019647],[21.6391523,43.5037149],[21.6396187,43.5040839],[21.6423393,43.5062366],[21.6430013,43.5067604],[21.6436988,43.5073122],[21.6443461,43.5077656],[21.6449247,43.5084414],[21.6453707,43.5090844],[21.6463156,43.510337],[21.6467014,43.5109659],[21.6476198,43.5132207],[21.6476835,43.513847],[21.6477676,43.5146738],[21.6478471,43.5154554],[21.6481189,43.5169603],[21.6485984,43.5178188],[21.6500265,43.5186362],[21.6507184,43.5190186],[21.6517731,43.5196448],[21.6525446,43.5200554],[21.6530029,43.5203711],[21.6537338,43.5208959],[21.6543531,43.5202813],[21.6550468,43.5196307],[21.655721,43.5189762],[21.6570813,43.5176558],[21.6578887,43.5168721],[21.6604041,43.5181925],[21.6607753,43.5183551],[21.660982,43.5184905],[21.6608757,43.5192135],[21.6607538,43.5199566],[21.6606441,43.5206701],[21.6604246,43.5220944],[21.6603114,43.5226923],[21.6602194,43.523357],[21.6601026,43.5241179],[21.6601742,43.5255818]]},"properties":{"voltage":"10000","name":""}},{"type":"Feature","geometry":{"type":"LineString","coordinates":[[21.6111792,43.5535952],[21.6110247,43.5534634],[21.610518,43.5529878],[21.6110652,43.5524859],[21.6118002,43.5517306],[21.6125423,43.5511519],[21.6120252,43.5504841],[21.6114882,43.5498054],[21.610899,43.5490832],[21.6112457,43.5486478],[21.6113358,43.5485152]]},"properties":{"voltage":"","name":""}},{"type":"Feature","geometry":{"type":"LineString","coordinates":[[21.6115483,43.5537516],[21.611582,43.5540053],[21.6119337,43.5547772],[21.6116176,43.554909],[21.6112527,43.5550718],[21.6109194,43.5552486],[21.6106307,43.5556832],[21.6104153,43.5560375],[21.6101276,43.5563615],[21.6097973,43.5566363],[21.609406,43.556886],[21.609036,43.5570981],[21.6086275,43.5573581],[21.6078489,43.5578376],[21.6074444,43.5580755],[21.6066577,43.558527]]},"properties":{"voltage":"10000","name":""}},{"type":"Feature","geometry":{"type":"LineString","coordinates":[[21.5634839,43.582138],[21.5636117,43.581975],[21.5640384,43.5816894],[21.5653119,43.5815598],[21.5670591,43.5806402],[21.570229,43.5775699],[21.5712057,43.577253],[21.5716894,43.577071],[21.5721932,43.5768802],[21.5737391,43.5759319],[21.5746676,43.5753551],[21.5755905,43.5747793],[21.5766475,43.5741313],[21.5790608,43.5726481],[21.5801854,43.5720922],[21.5832911,43.5705408],[21.584391,43.5699805],[21.5855649,43.5693822],[21.5866494,43.5688308],[21.5877771,43.5682794],[21.5889232,43.5676923],[21.5900827,43.566989],[21.5909953,43.5664355],[21.5919057,43.5657423],[21.5939261,43.5642359],[21.5949075,43.5634564],[21.5959219,43.5626507],[21.5965703,43.5621528],[21.5972472,43.5616064],[21.5990807,43.5602114],[21.6007545,43.5581748],[21.6038559,43.5574169],[21.6041918,43.557492],[21.6046504,43.5571822],[21.6055235,43.5561041],[21.6054524,43.5556881],[21.6062263,43.5553956],[21.6077001,43.5548922],[21.6084605,43.554622],[21.60895,43.5543644],[21.6094744,43.5542449],[21.6098955,43.5541865],[21.6104051,43.5541098],[21.6111792,43.5535952],[21.6115048,43.5537226]]},"properties":{"voltage":"10000","name":""}},{"type":"Feature","geometry":{"type":"LineString","coordinates":[[21.6030812,43.4497582],[21.602844,43.4503272],[21.6023467,43.4508861],[21.6021779,43.4517704],[21.6019961,43.4526808],[21.6011836,43.4567498],[21.6011427,43.457107],[21.6012783,43.4575721],[21.6014385,43.458138],[21.6018544,43.4585115],[21.6018082,43.4592204],[21.6020485,43.4600479],[21.6023135,43.4608306],[21.6025292,43.4615552],[21.6027676,43.4622916],[21.6030067,43.4630558],[21.603296,43.4642043],[21.6034985,43.4649363]]},"properties":{"voltage":"10000","name":""}},{"type":"Feature","geometry":{"type":"LineString","coordinates":[[21.6034985,43.4649363],[21.6027132,43.4662021],[21.6022599,43.4669811],[21.6016948,43.467878],[21.601268,43.4686408],[21.6012578,43.4695495],[21.6012314,43.4705984],[21.6011273,43.4742138],[21.6011011,43.4751338],[21.601098,43.4759633],[21.6010613,43.4768541],[21.601172,43.4780884],[21.6009994,43.4792856],[21.6007837,43.480162],[21.6004233,43.4817895],[21.6000583,43.4834335],[21.6000725,43.4840305],[21.6002884,43.4850975],[21.6003963,43.4854519],[21.6005025,43.4858126],[21.6006547,43.4861516],[21.6008175,43.4864982],[21.6007202,43.4868],[21.6005821,43.4870773],[21.6004972,43.4873636],[21.6005945,43.4876409],[21.6006865,43.4879811],[21.6009361,43.488315],[21.6011183,43.4886141]]},"properties":{"voltage":"10000","name":""}},{"type":"Feature","geometry":{"type":"LineString","coordinates":[[21.5946451,43.5213424],[21.5946448,43.5205522],[21.5948512,43.5197055],[21.5949467,43.5188163],[21.5950576,43.5179293],[21.5951809,43.5170356],[21.5952949,43.5161262],[21.5954997,43.514341],[21.595583,43.5134505],[21.5958378,43.5116435],[21.5960467,43.5099314],[21.5961033,43.507457],[21.5960585,43.5057967],[21.596042,43.503525],[21.5959936,43.5027144],[21.596013,43.5017812],[21.5957401,43.5011304]]},"properties":{"voltage":"10000","name":""}},{"type":"Feature","geometry":{"type":"LineString","coordinates":[[21.5881884,43.4878168],[21.5878142,43.4879404],[21.5870002,43.4882041],[21.5862862,43.4884456]]},"properties":{"voltage":"10000","name":""}},{"type":"Feature","geometry":{"type":"LineString","coordinates":[[21.5822759,43.4781286],[21.5825085,43.4784159],[21.5829383,43.4789413],[21.5833565,43.4795399],[21.5839609,43.4804961],[21.5844419,43.4812534],[21.5849161,43.4820369],[21.5854257,43.4829166],[21.5859139,43.483771],[21.5868366,43.4854076],[21.5872952,43.48626],[21.5876976,43.4869586],[21.5881884,43.4878168],[21.5886524,43.4886322],[21.5891325,43.4894651],[21.5895912,43.4903057],[21.590074,43.4911444],[21.5905327,43.4919656],[21.5910235,43.4927886],[21.5914822,43.4936312],[21.5919623,43.4944718],[21.5924424,43.4952987],[21.5929091,43.496149],[21.5933785,43.4969973],[21.5947938,43.4994733],[21.5952539,43.5002769],[21.5957401,43.5011304]]},"properties":{"voltage":"10000","name":""}},{"type":"Feature","geometry":{"type":"LineString","coordinates":[[21.6011183,43.4886141],[21.6008939,43.4889244],[21.6006581,43.4892451],[21.6006069,43.489681],[21.6006122,43.490052],[21.6002778,43.4903319],[21.5998955,43.4906603],[21.5994761,43.4911381],[21.5992107,43.4918134],[21.5985663,43.4935407],[21.5982791,43.4943284],[21.5977042,43.495905],[21.5974332,43.4966482],[21.5970614,43.497668],[21.5964265,43.4994089],[21.5960646,43.5002657],[21.5957401,43.5011304]]},"properties":{"voltage":"10000","name":""}},{"type":"Feature","geometry":{"type":"LineString","coordinates":[[21.6263248,43.5405894],[21.6265606,43.5407795],[21.6269856,43.541107],[21.6278227,43.5415682],[21.6281682,43.5417502],[21.6284835,43.541889],[21.6288034,43.5420371]]},"properties":{"voltage":"10000","name":""}},{"type":"Feature","geometry":{"type":"LineString","coordinates":[[21.6200631,43.5378874],[21.6208263,43.5383459],[21.622311,43.5392849],[21.6231445,43.5396774],[21.6245071,43.5401328],[21.6262999,43.5405755]]},"properties":{"voltage":"10000","name":""}},{"type":"Feature","geometry":{"type":"LineString","coordinates":[[21.6144303,43.5394778],[21.6157916,43.5390733],[21.6171856,43.5386941],[21.6183484,43.5383658],[21.6195592,43.538028],[21.6200631,43.5378874]]},"properties":{"voltage":"10000","name":""}},{"type":"Feature","geometry":{"type":"LineString","coordinates":[[21.6200631,43.5378874],[21.6176316,43.5369744],[21.6164428,43.5365502],[21.6152117,43.5361011],[21.614069,43.5356597],[21.6132295,43.5352319],[21.6124216,43.5347979],[21.6116105,43.5343853],[21.6104092,43.5336941],[21.6094456,43.5331165],[21.6090208,43.5328939],[21.607545,43.531995],[21.6068783,43.5314806],[21.6060408,43.5307732],[21.6051871,43.5301543],[21.6043841,43.5294601],[21.6036198,43.528847],[21.602888,43.5282811],[21.6020546,43.5275884],[21.6006912,43.5265057],[21.5987671,43.52496],[21.5979452,43.5242879],[21.5971951,43.5236983],[21.5957051,43.522505],[21.5946451,43.5213424]]},"properties":{"voltage":"10000","name":""}},{"type":"Feature","geometry":{"type":"LineString","coordinates":[[21.6263087,43.5405939],[21.6261829,43.5407466],[21.6259806,43.541113],[21.6254814,43.5415463],[21.6248236,43.5419594],[21.6235064,43.5428833],[21.6227102,43.5434402],[21.6217925,43.5440512],[21.6209846,43.5445877],[21.620172,43.5451327],[21.6193455,43.5457098],[21.6185481,43.5462286],[21.6175225,43.5469952],[21.616574,43.547557],[21.6156188,43.5481926],[21.614547,43.5482823],[21.6134496,43.5483602],[21.6123381,43.548438],[21.6113484,43.5485067]]},"properties":{"voltage":"10000","name":""}},{"type":"Feature","geometry":{"type":"LineString","coordinates":[[21.5608872,43.5854689],[21.5611702,43.5851534],[21.561405,43.5848441],[21.561715,43.5844584],[21.561888,43.5838357],[21.5619095,43.5833374],[21.5619846,43.5830362],[21.5621066,43.5826836],[21.5622555,43.5825718],[21.5627182,43.5824562],[21.5633968,43.5822697],[21.5634827,43.5821553]]},"properties":{"voltage":"10000","name":""}},{"type":"Feature","geometry":{"type":"LineString","coordinates":[[21.5523791,43.5905286],[21.5524594,43.5903536],[21.5525955,43.5900109],[21.5527457,43.5897467],[21.5538414,43.5888035],[21.5545374,43.5883169],[21.5549183,43.5880546],[21.5552597,43.5879101],[21.5558451,43.5874492],[21.556492,43.587046],[21.5572877,43.5867008],[21.5582309,43.5863769],[21.5593733,43.586],[21.5608695,43.5854772]]},"properties":{"voltage":"10000","name":""}},{"type":"Feature","geometry":{"type":"LineString","coordinates":[[21.5731967,43.5819256],[21.572857,43.5818397],[21.5723903,43.5817336],[21.572056,43.5816957],[21.5714691,43.5816365],[21.5710917,43.5815149],[21.5706603,43.5813899]]},"properties":{"voltage":"10000","name":""}},{"type":"Feature","geometry":{"type":"LineString","coordinates":[[21.5900827,43.566989],[21.5904819,43.5673759]]},"properties":{"voltage":"10000","name":""}},{"type":"Feature","geometry":{"type":"LineString","coordinates":[[21.6327284,43.5369349],[21.6310073,43.537573],[21.6294745,43.5385859],[21.6281912,43.5395518],[21.6270978,43.5403611],[21.626335,43.5405752]]},"properties":{"voltage":"10000","name":""}},{"type":"Feature","geometry":{"type":"LineString","coordinates":[[21.5726316,43.4612617],[21.5730983,43.4614817],[21.5734175,43.461766],[21.5739378,43.4622001],[21.5743026,43.4628095],[21.5751019,43.4642209],[21.5756276,43.4651475],[21.5761533,43.4660781],[21.5766329,43.4669333],[21.5771444,43.4678054],[21.5776666,43.4687066],[21.5781462,43.4695626],[21.5786076,43.4703684],[21.5790716,43.4712132],[21.5794974,43.4717771],[21.5798816,43.4723598],[21.5801682,43.4725766],[21.5805483,43.4726843],[21.5809386,43.4727197],[21.5814346,43.4727684],[21.581774,43.4730206],[21.5822212,43.4732095],[21.5826136,43.4734189],[21.5828941,43.473649],[21.5832681,43.4739692],[21.5835791,43.4742243],[21.5836523,43.4744692],[21.5836584,43.4748586],[21.5836096,43.4752082],[21.5835588,43.4755932],[21.5834998,43.4759325],[21.5834449,43.4762334],[21.5833697,43.4766332],[21.5832945,43.4768884],[21.5829083,43.4770403],[21.5824367,43.4771317],[21.5824753,43.4772084],[21.582144,43.4774843],[21.582085,43.4778029],[21.5822759,43.4781286]]},"properties":{"voltage":"10000","name":""}},{"type":"Feature","geometry":{"type":"LineString","coordinates":[[21.6858914,43.5093502],[21.6863582,43.5092086],[21.68652,43.5091062],[21.6867518,43.5089637],[21.6871411,43.5087257],[21.6875446,43.5084934],[21.6880074,43.5082803]]},"properties":{"voltage":"","name":""}},{"type":"Feature","geometry":{"type":"LineString","coordinates":[[21.6564472,43.4842405],[21.6568465,43.4844838],[21.6576199,43.4849249],[21.6580235,43.4851641],[21.6587999,43.4856491],[21.6593314,43.4862304],[21.6598767,43.486721],[21.6605561,43.4871916],[21.6613017,43.487613],[21.6620211,43.4880455],[21.6628099,43.488506],[21.6635801,43.4889519],[21.6645877,43.4894124],[21.6656321,43.4898807],[21.6668522,43.4904283],[21.6680353,43.4909603],[21.6692215,43.4915147],[21.6699949,43.4922411],[21.6707806,43.4929161],[21.6715015,43.4935554],[21.6723128,43.4942769],[21.6731834,43.4950318],[21.6740435,43.495802],[21.6748646,43.496562],[21.6757281,43.4973014],[21.6765881,43.4980639],[21.6774694,43.49887],[21.6782976,43.4995811],[21.6792425,43.5004078],[21.6800884,43.5011754],[21.6809237,43.5019609],[21.6818332,43.5027593],[21.6826862,43.5035269],[21.6836134,43.5043021],[21.6845018,43.5050646],[21.6853264,43.5057885],[21.6860971,43.5064797],[21.6869633,43.5072118],[21.6876411,43.5078831],[21.6879988,43.5082152],[21.6889032,43.5091098],[21.6893748,43.5096538],[21.6898748,43.5103658],[21.6901086,43.5107506],[21.6902712,43.5109084],[21.6907462,43.5112363],[21.6908408,43.5113117],[21.6910719,43.5112126],[21.6912358,43.5111534]]},"properties":{"voltage":"10000","name":""}},{"type":"Feature","geometry":{"type":"LineString","coordinates":[[21.6972282,43.5020123],[21.6973845,43.5017094],[21.6975103,43.5015326],[21.6977207,43.501237],[21.6978599,43.5009958],[21.6980109,43.5007566],[21.6983074,43.500265],[21.698231,43.5001474]]},"properties":{"voltage":"400","name":""}},{"type":"Feature","geometry":{"type":"LineString","coordinates":[[21.7038011,43.5005904],[21.7035506,43.5005376],[21.7022781,43.5015947],[21.7017852,43.5019981],[21.7011058,43.5025278],[21.700545,43.5029188],[21.7000505,43.5033077],[21.6998276,43.503459]]},"properties":{"voltage":"10000","name":""}},{"type":"Feature","geometry":{"type":"LineString","coordinates":[[21.6936928,43.4771237],[21.6941688,43.4775149],[21.6946945,43.4778117],[21.6957474,43.4781156],[21.6965869,43.4784047],[21.697396,43.4786628],[21.6982985,43.4789652],[21.6991644,43.479241],[21.7000121,43.4792941],[21.7008069,43.4793782],[21.7019493,43.4794593],[21.7030998,43.4795301],[21.7042686,43.4796172],[21.7055432,43.4796953],[21.7063766,43.4797706],[21.7071348,43.4798178],[21.7072893,43.4798325],[21.7077344,43.4803517],[21.708641,43.4813797],[21.7091187,43.4819668],[21.7101127,43.4830435],[21.7105904,43.4836084],[21.7112226,43.4842956],[21.7115011,43.4846245],[21.7118284,43.4849888],[21.7123853,43.4856289],[21.712985,43.4863147],[21.713609,43.4870344],[21.7144018,43.4873515],[21.7142473,43.4877173]]},"properties":{"voltage":"10000","name":""}},{"type":"Feature","geometry":{"type":"LineString","coordinates":[[21.7018606,43.4992883],[21.7016667,43.499597],[21.7007845,43.5008754],[21.7005601,43.5011987],[21.7002743,43.5016274],[21.6998678,43.5021597],[21.6996096,43.5024767],[21.6993308,43.5027923],[21.699039,43.5029294],[21.6981096,43.5024569],[21.6972282,43.5020123]]},"properties":{"voltage":"10000","name":""}},{"type":"Feature","geometry":{"type":"LineString","coordinates":[[21.6447543,43.4756253],[21.6450382,43.4755901],[21.6458938,43.4754827],[21.6464231,43.4754354],[21.6470035,43.4754011],[21.647417,43.4756123],[21.6477867,43.475856],[21.6482356,43.4760206],[21.6487435,43.4760322],[21.6491788,43.4760772],[21.649784,43.4762107],[21.6500459,43.4763147],[21.6504406,43.4765703],[21.6508122,43.4768374],[21.6511997,43.4771006],[21.6515289,43.4773138],[21.6517448,43.4776874],[21.6520102,43.4784129],[21.6525198,43.4792424],[21.6528331,43.4797381]]},"properties":{"voltage":"10000","name":""}},{"type":"Feature","geometry":{"type":"LineString","coordinates":[[21.6528331,43.4797381],[21.6530383,43.4800578],[21.6534064,43.4803968],[21.6536595,43.4805868],[21.6537975,43.4807576],[21.6539585,43.4810401],[21.6541957,43.4814703],[21.6548309,43.482292],[21.6553724,43.482952],[21.6559175,43.4836158],[21.6564472,43.4842405]]},"properties":{"voltage":"10000","name":""}},{"type":"Feature","geometry":{"type":"LineString","coordinates":[[21.7181906,43.536238],[21.7180283,43.5364044]]},"properties":{"voltage":"10000","name":""}},{"type":"Feature","geometry":{"type":"LineString","coordinates":[[21.7290925,43.5252237],[21.7299624,43.5257004]]},"properties":{"voltage":"10000","name":""}},{"type":"Feature","geometry":{"type":"LineString","coordinates":[[21.7399773,43.5314391],[21.7396031,43.5311474],[21.7393067,43.5309053],[21.7389943,43.5306292],[21.7387408,43.530355],[21.7384677,43.5300721],[21.7383271,43.5297578],[21.7381421,43.5293658],[21.737823,43.5291492],[21.7375201,43.5289576],[21.7371237,43.5287896],[21.7367985,43.5286658],[21.7365444,43.5284476],[21.7361907,43.5281514],[21.7357028,43.5277623],[21.7355585,43.5274248]]},"properties":{"voltage":"10000","name":""}},{"type":"Feature","geometry":{"type":"LineString","coordinates":[[21.7355585,43.5274248],[21.7354061,43.526853],[21.73528,43.5264447],[21.7351601,43.5260438],[21.734969,43.5257314],[21.7347048,43.5254086],[21.734469,43.5250858],[21.7342454,43.5247483],[21.7340523,43.5244476],[21.733788,43.5240703],[21.7333001,43.5242781],[21.7318305,43.5249148],[21.7299624,43.5257004],[21.7289704,43.5261146],[21.7281065,43.5264933],[21.7273605,43.5268058],[21.7253725,43.5276311],[21.7249863,43.5277741],[21.7239441,43.5282696],[21.7245572,43.5298545]]},"properties":{"voltage":"10000","name":""}},{"type":"Feature","geometry":{"type":"LineString","coordinates":[[21.7051459,43.4763789],[21.7052326,43.4767051],[21.7055494,43.4769709],[21.7057971,43.4771828],[21.7060343,43.4775077],[21.7061723,43.477803],[21.7063192,43.4780945],[21.7064731,43.4783641],[21.7066518,43.4786595],[21.7067952,43.4789522],[21.7069403,43.4791885],[21.7072893,43.4798325]]},"properties":{"voltage":"10000","name":""}},{"type":"Feature","geometry":{"type":"LineString","coordinates":[[21.7196081,43.4869002],[21.7198645,43.4866977],[21.7200954,43.4864789],[21.72042,43.4861539],[21.7206332,43.4859243],[21.7208974,43.4856606],[21.7211495,43.4854028],[21.7215961,43.4849727],[21.7218952,43.4846545],[21.7220333,43.484382],[21.7224893,43.4835423],[21.7226234,43.4832543],[21.7228541,43.4826957],[21.7230378,43.4820603],[21.7232524,43.4815572],[21.7233784,43.4812341],[21.7237245,43.4810794],[21.7241147,43.4809665],[21.7245251,43.4810794],[21.7252882,43.4812954],[21.7256811,43.4814219],[21.7260888,43.4815358],[21.7264898,43.4816049],[21.7273401,43.4817178],[21.727792,43.4817674],[21.728185,43.4818063]]},"properties":{"voltage":"10000","name":""}},{"type":"Feature","geometry":{"type":"LineString","coordinates":[[21.7142473,43.4877173],[21.7146803,43.4878441],[21.7151722,43.4879695],[21.7160178,43.4881641],[21.7164427,43.4882364],[21.7170078,43.4880727],[21.7174103,43.4879577],[21.7177965,43.4878264],[21.718266,43.4876229],[21.7187295,43.4874385],[21.7191889,43.4872129],[21.7195212,43.4869733],[21.7196081,43.4869002]]},"properties":{"voltage":"10000","name":""}},{"type":"Feature","geometry":{"type":"LineString","coordinates":[[21.7196081,43.4869002],[21.7197734,43.487085],[21.7200548,43.4874175],[21.7203078,43.4877398],[21.7205662,43.4880171],[21.7208281,43.4883124],[21.7210528,43.4886077],[21.7212546,43.4889055],[21.7214244,43.4891816],[21.7218775,43.4891546],[21.7223269,43.4891328],[21.7227481,43.4891032],[21.7232737,43.4891238],[21.7237232,43.4891379],[21.7245655,43.4892201],[21.7250132,43.4892984],[21.7251723,43.4896141],[21.7252283,43.4899292],[21.7253941,43.4902256],[21.7256276,43.4904272],[21.7259615,43.4905644],[21.726239,43.4906929],[21.726677,43.490843],[21.7268957,43.4910419],[21.7271699,43.4912632],[21.727324,43.4914521],[21.7275982,43.4917281],[21.727991,43.4917918],[21.7284362,43.4918835],[21.7290392,43.4923508],[21.7298546,43.4930338],[21.7306995,43.4937246],[21.7315391,43.494392],[21.732341,43.4950594],[21.7332074,43.4957462],[21.7340416,43.4964195],[21.7348489,43.4970966],[21.7357314,43.497799],[21.7366996,43.4985909],[21.7374185,43.4991473],[21.7382526,43.4998244],[21.7391673,43.5005676],[21.7396796,43.500982],[21.7412353,43.5022602],[21.7416108,43.5022972]]},"properties":{"voltage":"10000","name":""}},{"type":"Feature","geometry":{"type":"LineString","coordinates":[[21.7209574,43.4760004],[21.7212257,43.4761036],[21.7215367,43.4762423],[21.7218518,43.4763868],[21.7221526,43.4766066],[21.7224311,43.4768235],[21.7227259,43.4770388],[21.7230165,43.4772453],[21.7233072,43.4774459],[21.7235329,43.4776864],[21.7237158,43.4778707],[21.7239414,43.4781377],[21.724163,43.4783575],[21.7244476,43.4785817],[21.7247301,43.4787779],[21.7249964,43.4789947],[21.7252952,43.4792012],[21.725594,43.4794033],[21.7259274,43.4796024],[21.7262425,43.4797868],[21.7265515,43.4799726],[21.7268259,43.480216],[21.7270454,43.4804535],[21.7272894,43.4807101],[21.7275333,43.4809535],[21.7277569,43.4811865],[21.7279988,43.4814373],[21.7282447,43.4816526],[21.7285913,43.4817849],[21.7289802,43.4819046],[21.7293544,43.4820291],[21.7297862,43.4821702],[21.7301135,43.4822773],[21.7304796,43.4823746],[21.7308699,43.4824544],[21.7312601,43.4825498],[21.7316276,43.4824028],[21.7320138,43.4822685],[21.7324027,43.4821411],[21.7327622,43.4821099],[21.7330854,43.4820457],[21.7333791,43.4818598],[21.7336003,43.4815504],[21.7336902,43.4812419],[21.7339168,43.4807388],[21.7347411,43.4800132]]},"properties":{"voltage":"10000","name":""}},{"type":"Feature","geometry":{"type":"LineString","coordinates":[[21.7317359,43.4398449],[21.7329315,43.440021],[21.7337337,43.4401709]]},"properties":{"voltage":"10000","name":""}},{"type":"Feature","geometry":{"type":"LineString","coordinates":[[21.7108635,43.4400851],[21.7117447,43.4402676],[21.712649,43.4403704],[21.7137331,43.4402364],[21.7143379,43.4401279],[21.7148119,43.440038],[21.7153209,43.4399363],[21.7155778,43.439882],[21.7162946,43.4397464],[21.7167733,43.4396531],[21.7173033,43.4395429],[21.7178497,43.4394259],[21.7188444,43.4392361],[21.719685,43.4390733],[21.7214363,43.4387308],[21.7227742,43.4384782],[21.7241075,43.4382256],[21.7248757,43.4383527],[21.7257654,43.4384731],[21.7266036,43.4386562],[21.7270706,43.4387698],[21.7275166,43.4388732],[21.7279813,43.43898],[21.7284599,43.4390869],[21.7289036,43.4391818],[21.7296298,43.439392],[21.7299987,43.4394955],[21.7308416,43.4397006],[21.7317359,43.4398449]]},"properties":{"voltage":"10000","name":""}},{"type":"Feature","geometry":{"type":"LineString","coordinates":[[21.7337337,43.4401709],[21.7341717,43.4402506],[21.7345609,43.440385],[21.7349451,43.4405176],[21.7353169,43.440646],[21.7361192,43.4409231],[21.7369518,43.4412106],[21.7377258,43.4414779],[21.7381954,43.44164],[21.7404252,43.44241],[21.7415589,43.4428014],[21.7425828,43.443155],[21.7434069,43.4434396],[21.7445089,43.4431277],[21.7456413,43.4427837],[21.7467137,43.4424678]]},"properties":{"voltage":"10000","name":""}},{"type":"Feature","geometry":{"type":"LineString","coordinates":[[21.7426934,43.4526985],[21.7426845,43.4524884],[21.7428844,43.4522326],[21.7430525,43.4519885],[21.7431705,43.4517233],[21.743554,43.4506339],[21.7436519,43.4502844],[21.7437378,43.4499436],[21.7438303,43.4495912],[21.7439094,43.4492436],[21.7440341,43.4488308],[21.7441642,43.4484296],[21.7441776,43.4480012],[21.7443372,43.4476274],[21.7444955,43.4472398],[21.7446403,43.4468679],[21.7447972,43.4464755],[21.7449447,43.4461211],[21.7451258,43.4457277],[21.7452894,43.4453548],[21.7455335,43.4450286],[21.7457186,43.4446431],[21.7458782,43.4442906],[21.7460217,43.4439741],[21.7461987,43.4435856],[21.7463677,43.4432283],[21.7465581,43.4428037],[21.7467137,43.4424678],[21.7468464,43.4422195]]},"properties":{"voltage":"10000","name":""}},{"type":"Feature","geometry":{"type":"LineString","coordinates":[[21.6491193,43.4339889],[21.6486789,43.4338584],[21.6482015,43.4337133],[21.6477455,43.4335828],[21.647319,43.4334504],[21.6468416,43.4333062],[21.6463789,43.4331689],[21.6459122,43.4330267],[21.6455072,43.4328894],[21.6448133,43.4327269],[21.6433282,43.4324335],[21.6423499,43.4322182],[21.64118,43.4319655],[21.6402483,43.4317402],[21.6389011,43.4314144],[21.6353122,43.4304598],[21.6339859,43.4301274],[21.627985,43.4285385],[21.6238987,43.4274312],[21.6219326,43.4267562],[21.6204359,43.4258693],[21.6187602,43.4248495]]},"properties":{"voltage":"10000","name":""}},{"type":"Feature","geometry":{"type":"LineString","coordinates":[[21.6490904,43.4340792],[21.6491193,43.4339889]]},"properties":{"voltage":"10000","name":""}},{"type":"Feature","geometry":{"type":"LineString","coordinates":[[21.651752,43.4298776],[21.651466,43.4301977],[21.6509847,43.4307484],[21.6506664,43.4311096],[21.6504581,43.4314779],[21.6501796,43.4321259],[21.6497907,43.4327336],[21.6493817,43.4334923],[21.6491193,43.4339889]]},"properties":{"voltage":"10000","name":""}},{"type":"Feature","geometry":{"type":"LineString","coordinates":[[21.6543248,43.4358641],[21.6538757,43.4361635],[21.6528082,43.4369056],[21.6518372,43.4375658],[21.6510218,43.438119],[21.6502494,43.4386623],[21.6495312,43.4391638],[21.6485613,43.4398256],[21.6484132,43.4408028],[21.648218,43.4421762],[21.6480753,43.4432304],[21.647936,43.4442672],[21.6478552,43.4449778],[21.6478003,43.4453799]]},"properties":{"voltage":"10000","name":""}},{"type":"Feature","geometry":{"type":"LineString","coordinates":[[21.6834994,43.4345898],[21.6835865,43.434991],[21.6831494,43.4355276],[21.6818324,43.4354643],[21.6804671,43.4354059],[21.6789546,43.4353732],[21.6776821,43.4353061],[21.6738537,43.4352143],[21.6726492,43.4351875],[21.6700313,43.4353187],[21.668734,43.4353388],[21.66747,43.4353911],[21.6663426,43.4354215],[21.665153,43.4354593],[21.6639107,43.4355069],[21.6625216,43.4355583],[21.6611679,43.4356071],[21.6598938,43.4356534],[21.658517,43.4357061],[21.6571473,43.4357587],[21.6557281,43.4358178],[21.6543248,43.4358641],[21.6531364,43.4354602],[21.6518607,43.435025],[21.6506288,43.4346028],[21.6491193,43.4339889]]},"properties":{"voltage":"10000","name":""}},{"type":"Feature","geometry":{"type":"LineString","coordinates":[[21.66747,43.4353911],[21.6675898,43.4358714],[21.6677347,43.436557],[21.6679224,43.4373574],[21.6680968,43.4382553],[21.6682242,43.4390575],[21.6690312,43.442343],[21.6691552,43.4427621],[21.6693576,43.4437046],[21.6695593,43.4446142],[21.6697858,43.4455958],[21.6700619,43.4470553],[21.6706954,43.4497712],[21.6708865,43.4505702],[21.6713572,43.4513179],[21.6718952,43.4521786],[21.6724154,43.452952],[21.6729864,43.4537756],[21.6734287,43.4544542],[21.6735548,43.4548424],[21.6736762,43.4551831],[21.6737696,43.4555458],[21.6734896,43.4557472],[21.67321,43.4559271],[21.6729906,43.4560324],[21.6730773,43.4562842],[21.6731144,43.4565668],[21.6732171,43.4567903],[21.6733622,43.4569239],[21.6735745,43.4571153],[21.6736028,43.4572771],[21.6735993,43.4575302],[21.6737161,43.4576304]]},"properties":{"voltage":"10000","name":""}},{"type":"Feature","geometry":{"type":"LineString","coordinates":[[21.7001422,43.4380383],[21.700812,43.4380782],[21.7016769,43.4382575],[21.7025693,43.4384398],[21.7034014,43.4385387],[21.7042395,43.4385796],[21.7049745,43.4386945],[21.7058127,43.4389009],[21.706279,43.4390221],[21.706899,43.4391756],[21.7081623,43.4394832],[21.7087269,43.439602],[21.7091842,43.4397043],[21.7096044,43.4398012],[21.7100406,43.4399065],[21.7104476,43.4399952],[21.7108635,43.4400851]]},"properties":{"voltage":"10000","name":""}},{"type":"Feature","geometry":{"type":"LineString","coordinates":[[21.5548902,43.3978368],[21.5545119,43.3980302],[21.5540506,43.3981445],[21.5532419,43.3983554],[21.5526172,43.3985778],[21.5520934,43.3987861],[21.5516368,43.3989378],[21.5511082,43.399134],[21.5506898,43.3994692],[21.5505329,43.3997001],[21.5502217,43.3999067],[21.5499294,43.4001201],[21.5496491,43.400313],[21.5494278,43.4003842],[21.5490845,43.4003842],[21.5485749,43.4004407],[21.5479338,43.4006736],[21.5476347,43.4009357],[21.5473746,43.4011812]]},"properties":{"voltage":"10000","name":""}},{"type":"Feature","geometry":{"type":"LineString","coordinates":[[21.5700749,43.4116579],[21.5693293,43.4109791],[21.5657598,43.4078087],[21.5648017,43.4067994],[21.5630416,43.4053888],[21.5621707,43.4046186],[21.5612507,43.4037992],[21.5605829,43.4032055],[21.559761,43.4024098],[21.5587733,43.4015039],[21.5578089,43.4005793],[21.5570313,43.3998701],[21.5561744,43.3990575],[21.5556128,43.3986028],[21.5551634,43.3981133],[21.5548902,43.3978368]]},"properties":{"voltage":"10000","name":""}},{"type":"Feature","geometry":{"type":"LineString","coordinates":[[21.5828121,43.4256251],[21.5841524,43.4257388],[21.5855043,43.425871],[21.5866835,43.4260084],[21.5880588,43.4261373],[21.589308,43.4262628],[21.5906366,43.426429],[21.5934433,43.4266765],[21.5949097,43.4268241],[21.5963457,43.4269513],[21.5977701,43.4270784],[21.599115,43.4272005],[21.6001191,43.4270886],[21.6064656,43.4263933],[21.610676,43.4259823],[21.6127274,43.4257531],[21.6141361,43.4253572],[21.6155262,43.424963],[21.6168946,43.4245862],[21.6177942,43.4242662],[21.6181532,43.4244866],[21.618566,43.4247272],[21.6187602,43.4248495]]},"properties":{"voltage":"10000","name":""}},{"type":"Feature","geometry":{"type":"LineString","coordinates":[[21.580097,43.4256822],[21.5804751,43.4256113],[21.5812243,43.4254674],[21.5817193,43.4255217],[21.5822693,43.4255737],[21.5828121,43.4256251]]},"properties":{"voltage":"10000","name":""}},{"type":"Feature","geometry":{"type":"LineString","coordinates":[[21.5700749,43.4116579],[21.5713921,43.4110488],[21.5726491,43.4104949],[21.5733455,43.410177],[21.5745547,43.4096169],[21.5757591,43.4090577],[21.5770519,43.4085238],[21.5798923,43.4073021],[21.5804845,43.4071505],[21.5815178,43.4068782],[21.582875,43.406051],[21.5835012,43.4059614],[21.5839787,43.4059127],[21.5844011,43.4057237],[21.584664,43.4054236],[21.5845195,43.4050398],[21.5847637,43.4046502],[21.5849325,43.4043607],[21.5845258,43.4042835],[21.5841261,43.4042247],[21.5838072,43.4041732],[21.5837532,43.4042734]]},"properties":{"voltage":"10000","name":""}},{"type":"Feature","geometry":{"type":"LineString","coordinates":[[21.5828121,43.4256251],[21.5827187,43.4250265],[21.5825348,43.4240308],[21.5822657,43.422464],[21.5816604,43.4219981],[21.5807293,43.4212972],[21.579877,43.4205985],[21.5787585,43.4196606],[21.5779016,43.4188991],[21.5772492,43.4182923],[21.5750631,43.4162726],[21.5700749,43.4116579]]},"properties":{"voltage":"10000","name":""}},{"type":"Feature","geometry":{"type":"LineString","coordinates":[[21.7811615,43.4217539],[21.779674,43.4235492],[21.7795787,43.4239164],[21.7792992,43.4242544],[21.7790319,43.4245655],[21.7787513,43.4248914],[21.7784831,43.4251855],[21.7783517,43.4253336],[21.7782149,43.4254991],[21.7778635,43.425767],[21.7777871,43.4262355],[21.7777254,43.426516],[21.7776489,43.4269036],[21.7775738,43.4272699],[21.7775068,43.4276594],[21.7774303,43.428049],[21.7773244,43.4284523],[21.777201,43.4288292],[21.7771152,43.4291262],[21.7770213,43.429435],[21.7769113,43.4295645],[21.7766921,43.4297395]]},"properties":{"voltage":"10000","name":""}},{"type":"Feature","geometry":{"type":"LineString","coordinates":[[21.7811615,43.4217539],[21.7813967,43.4218738]]},"properties":{"voltage":"10000","name":""}},{"type":"Feature","geometry":{"type":"LineString","coordinates":[[21.7959157,43.4051915],[21.7958318,43.4054175],[21.7946949,43.4060938],[21.7935679,43.406802],[21.7925159,43.4074631],[21.7916778,43.4080025],[21.7915119,43.4087204],[21.7913485,43.4094566],[21.7912066,43.4101465],[21.7905277,43.4109203],[21.7894666,43.4120794],[21.7888853,43.4127454],[21.787753,43.4139917],[21.7872205,43.4146236],[21.7866878,43.4152542],[21.7860994,43.415931],[21.7855048,43.4166495],[21.7842968,43.4180562],[21.7831036,43.4194893],[21.7824755,43.4202288],[21.781566,43.4213163],[21.7811615,43.4217539]]},"properties":{"voltage":"10000","name":""}},{"type":"Feature","geometry":{"type":"LineString","coordinates":[[21.7689278,43.4283311],[21.7712347,43.4290494],[21.7728597,43.4292549],[21.7747397,43.4294926],[21.7766921,43.4297395]]},"properties":{"voltage":"10000","name":""}},{"type":"Feature","geometry":{"type":"LineString","coordinates":[[21.7952008,43.4520142],[21.7949477,43.451783],[21.7941815,43.4514605],[21.7937125,43.451246],[21.7927499,43.4508439],[21.7922438,43.450655],[21.7917996,43.4504495],[21.7913413,43.450217],[21.7908723,43.4499754],[21.7903479,43.4498881],[21.7904127,43.4496177],[21.7900829,43.4493825],[21.789756,43.4490799],[21.7894968,43.4487875],[21.7892948,43.4484713],[21.7890403,43.4481628],[21.7886679,43.4478865],[21.7882184,43.447711],[21.7878028,43.4475373],[21.7873101,43.447361],[21.7869318,43.447116],[21.7866037,43.4469126],[21.7861675,43.446834],[21.7847336,43.4465684],[21.7843018,43.4464592],[21.7838718,43.4463487],[21.7835589,43.4459022],[21.7831503,43.4452546],[21.7827557,43.444607],[21.7823377,43.4439628],[21.781873,43.4432423],[21.7814154,43.4425387],[21.7809671,43.4418385],[21.7805141,43.4411231],[21.7797062,43.4397919],[21.7785689,43.4380605],[21.7780861,43.437299],[21.777598,43.4365219],[21.776737,43.4351839],[21.7767423,43.4344379],[21.7767397,43.4336179],[21.7767397,43.4328115],[21.7767397,43.4319584],[21.7767611,43.4312104],[21.776737,43.4304936],[21.7766921,43.4297395]]},"properties":{"voltage":"10000","name":""}},{"type":"Feature","geometry":{"type":"LineString","coordinates":[[21.6224074,43.5941739],[21.6228313,43.5942477],[21.6234259,43.5943874],[21.6239143,43.5945886],[21.624339,43.5947744],[21.6247283,43.594982],[21.6251123,43.5952025],[21.6255193,43.5953998],[21.6258945,43.5956267],[21.626213,43.5958394],[21.626597,43.5961047],[21.6269845,43.5963264],[21.6273562,43.5965584],[21.6277172,43.5967827]]},"properties":{"voltage":"10000","name":""}},{"type":"Feature","geometry":{"type":"LineString","coordinates":[[21.6142303,43.5925305],[21.6180776,43.5933322],[21.6192567,43.5935487],[21.621454,43.5939799],[21.6224074,43.5941739]]},"properties":{"voltage":"10000","name":""}},{"type":"Feature","geometry":{"type":"LineString","coordinates":[[21.6142303,43.5925305],[21.6139506,43.592447],[21.6136055,43.5922483],[21.613271,43.5920561],[21.612972,43.5919061],[21.6125685,43.5917869],[21.6121358,43.5918235],[21.6116545,43.5919215],[21.611213,43.5920343],[21.6107609,43.5919382],[21.610453,43.5918574],[21.6099752,43.5917228],[21.6090072,43.5919523],[21.6084816,43.5920407],[21.6081242,43.5918164],[21.6079454,43.5915524],[21.6077225,43.5913063],[21.6073013,43.5909987]]},"properties":{"voltage":"10000","name":""}},{"type":"Feature","geometry":{"type":"LineString","coordinates":[[21.6141903,43.5880238],[21.614431,43.588161],[21.6146947,43.5882892],[21.61493,43.5883712],[21.6152804,43.588525],[21.6158272,43.5888057],[21.616059,43.5891774],[21.6162979,43.5895081],[21.6165563,43.5898875],[21.6168306,43.5902169],[21.6171243,43.5904809],[21.6174889,43.5906847],[21.6179507,43.5910628],[21.6183365,43.5913409],[21.6191116,43.5917254],[21.6195664,43.5920407],[21.6198407,43.5922586],[21.6200937,43.5925316],[21.6204193,43.592834],[21.6207626,43.5930891],[21.6211803,43.5934159],[21.6214793,43.5936222],[21.6217695,43.5938645],[21.6224074,43.5941739]]},"properties":{"voltage":"10000","name":""}},{"type":"Feature","geometry":{"type":"LineString","coordinates":[[21.6737851,43.5727191],[21.6727586,43.57382],[21.6700374,43.5764846],[21.6672528,43.5777005],[21.6655694,43.5789733],[21.6624472,43.5813323],[21.6615812,43.5819743],[21.6580343,43.5846406],[21.65544,43.5865621],[21.6545989,43.587216],[21.6537917,43.5878074],[21.6530214,43.5884077],[21.652245,43.5890103],[21.6514223,43.5896106],[21.650702,43.5901387],[21.6499194,43.5907247],[21.6490938,43.5913562],[21.648157,43.5919864],[21.6472567,43.592574],[21.6463201,43.5931654],[21.645402,43.5937701],[21.6445393,43.5943213],[21.6435564,43.5949238],[21.6426845,43.5955329],[21.6417448,43.5961532],[21.6408266,43.5967512],[21.6399023,43.5973782],[21.638066,43.5985407],[21.6361764,43.599766]]},"properties":{"voltage":"10000","name":""}},{"type":"Feature","geometry":{"type":"LineString","coordinates":[[21.64748,43.587734],[21.6477294,43.5881498],[21.6477858,43.5889211],[21.6479936,43.5897097],[21.6484115,43.5904302],[21.6488692,43.5910559],[21.6490938,43.5913562]]},"properties":{"voltage":"10000","name":""}},{"type":"Feature","geometry":{"type":"LineString","coordinates":[[21.6904262,43.5953405],[21.6902706,43.5958339],[21.6897422,43.5961525],[21.6889778,43.5970402],[21.688208,43.5979415],[21.6875294,43.5987282],[21.6868996,43.5994444],[21.6861794,43.6003376],[21.6865013,43.6016611]]},"properties":{"voltage":"10000","name":""}},{"type":"Feature","geometry":{"type":"LineString","coordinates":[[21.6904262,43.5953405],[21.6909876,43.5955887],[21.6914807,43.596297],[21.6919747,43.5970242],[21.6923101,43.5975513],[21.692676,43.5981092],[21.6930392,43.5986058],[21.6931606,43.5986531]]},"properties":{"voltage":"10000","name":""}},{"type":"Feature","geometry":{"type":"LineString","coordinates":[[21.7205823,43.5541327],[21.7201687,43.5540391],[21.7194674,43.5538093],[21.7190771,43.5536318],[21.7186832,43.5533711],[21.7177048,43.5536286],[21.7165544,43.5539446],[21.7156237,43.5541877],[21.7152617,43.5540374]]},"properties":{"voltage":"10000","name":""}},{"type":"Feature","geometry":{"type":"LineString","coordinates":[[21.7152617,43.5540374],[21.7150282,43.5544288],[21.7148165,43.5547753]]},"properties":{"voltage":"10000","name":""}},{"type":"Feature","geometry":{"type":"LineString","coordinates":[[21.6614139,43.5720295],[21.6610181,43.5721741],[21.6592721,43.5727913],[21.6578308,43.5733007],[21.6554525,43.5741461],[21.6538162,43.5747175],[21.6522449,43.5752992],[21.6505841,43.5758912],[21.6490413,43.5764478],[21.6475045,43.5769971],[21.6466042,43.5773014]]},"properties":{"voltage":"10000","name":""}},{"type":"Feature","geometry":{"type":"LineString","coordinates":[[21.7039412,43.5435877],[21.7039386,43.5435285],[21.704943,43.5434181],[21.7061286,43.5433223],[21.7065819,43.54362],[21.7072711,43.5428596],[21.7077006,43.5423963],[21.7078547,43.5423887]]},"properties":{"voltage":"10000","name":""}},{"type":"Feature","geometry":{"type":"LineString","coordinates":[[21.6945894,43.5637911],[21.6947557,43.5638621],[21.6953574,43.5637531],[21.6960669,43.5632081],[21.6969287,43.5622978],[21.6978211,43.5614288],[21.6988766,43.5598605],[21.6993524,43.5591535],[21.7006146,43.5576758],[21.7011684,43.5569992],[21.702248,43.5556454],[21.7037832,43.5536265],[21.7055091,43.5514432],[21.7059331,43.5508752],[21.705752,43.5503094],[21.7056556,43.5497771],[21.7054432,43.5491602],[21.7052499,43.5485985],[21.7066727,43.5482954]]},"properties":{"voltage":"10000","name":""}},{"type":"Feature","geometry":{"type":"LineString","coordinates":[[21.6945894,43.5637911],[21.6947615,43.563941],[21.6961503,43.5639898],[21.6974895,43.564103],[21.6988196,43.5642141]]},"properties":{"voltage":"10000","name":""}},{"type":"Feature","geometry":{"type":"LineString","coordinates":[[21.7130445,43.5432824],[21.7135532,43.5433452],[21.7139707,43.5433754],[21.7145315,43.5434256],[21.7148981,43.5434558],[21.7154804,43.5436713],[21.7157319,43.5439867]]},"properties":{"voltage":"10000","name":""}},{"type":"Feature","geometry":{"type":"LineString","coordinates":[[21.7137116,43.5468447],[21.7139421,43.5466601],[21.7142596,43.54627],[21.7149076,43.5454543],[21.7152487,43.5448086],[21.715592,43.544203],[21.7157094,43.5440279]]},"properties":{"voltage":"10000","name":""}},{"type":"Feature","geometry":{"type":"LineString","coordinates":[[21.7109224,43.5357717],[21.7111777,43.536301],[21.7129869,43.5362541]]},"properties":{"voltage":"10000","name":""}},{"type":"Feature","geometry":{"type":"LineString","coordinates":[[21.7116399,43.5428775],[21.7116923,43.5425764],[21.7105631,43.5422677],[21.7103281,43.5422342],[21.7102981,43.5423838],[21.710275,43.5425552],[21.7102164,43.5426836],[21.7100015,43.5429974],[21.7098143,43.5432181]]},"properties":{"voltage":"10000","name":""}},{"type":"Feature","geometry":{"type":"LineString","coordinates":[[21.7290951,43.5425144],[21.7289369,43.5423291],[21.7285348,43.5417908],[21.728407,43.5413877]]},"properties":{"voltage":"","name":""}},{"type":"Feature","geometry":{"type":"LineString","coordinates":[[21.7296453,43.5416337],[21.7285348,43.5417908],[21.7280516,43.541983],[21.7276308,43.5421509]]},"properties":{"voltage":"","name":""}},{"type":"Feature","geometry":{"type":"LineString","coordinates":[[21.7286149,43.5397562],[21.7279155,43.5392626],[21.7281837,43.5389498],[21.728455,43.5386158]]},"properties":{"voltage":"","name":""}},{"type":"Feature","geometry":{"type":"LineString","coordinates":[[21.7040685,43.528291],[21.7042577,43.5283288],[21.7049155,43.5282629],[21.7053068,43.5282395],[21.7067888,43.5281881]]},"properties":{"voltage":"400","name":""}},{"type":"Feature","geometry":{"type":"LineString","coordinates":[[21.7044193,43.525713],[21.7026371,43.5256973]]},"properties":{"voltage":"400","name":""}},{"type":"Feature","geometry":{"type":"LineString","coordinates":[[21.708488,43.5262658],[21.707841,43.5262815],[21.7073773,43.5263049],[21.706912,43.5263081],[21.7054812,43.5260215],[21.7049792,43.5258709],[21.7044193,43.525713],[21.7043039,43.5263742],[21.7040685,43.528291],[21.7040499,43.5285356],[21.704281,43.5288708],[21.7043572,43.5289946]]},"properties":{"voltage":"400","name":""}},{"type":"Feature","geometry":{"type":"LineString","coordinates":[[21.7099099,43.5275861],[21.7099732,43.5283297]]},"properties":{"voltage":"10000","name":""}},{"type":"Feature","geometry":{"type":"LineString","coordinates":[[21.6991923,43.5151646],[21.6993067,43.5151643],[21.7000121,43.5151112],[21.7012968,43.5150552],[21.7023233,43.5150066],[21.7034077,43.5149262],[21.7038094,43.5155713],[21.7042063,43.5162249],[21.7050248,43.5175671]]},"properties":{"voltage":"10000","name":""}},{"type":"Feature","geometry":{"type":"LineString","coordinates":[[21.7096436,43.5276251],[21.7099099,43.5275861]]},"properties":{"voltage":"10000","name":""}},{"type":"Feature","geometry":{"type":"LineString","coordinates":[[21.7095975,43.5250568],[21.7097404,43.5260804],[21.7099099,43.5275861]]},"properties":{"voltage":"10000","name":""}},{"type":"Feature","geometry":{"type":"LineString","coordinates":[[21.6998276,43.503459],[21.6994728,43.5036999],[21.6990908,43.503977],[21.6988859,43.5041826],[21.6986718,43.5044452]]},"properties":{"voltage":"10000","name":""}},{"type":"Feature","geometry":{"type":"LineString","coordinates":[[21.6996972,43.5033653],[21.6998276,43.503459]]},"properties":{"voltage":"10000","name":""}},{"type":"Feature","geometry":{"type":"LineString","coordinates":[[21.6986718,43.5044452],[21.6984664,43.5043312]]},"properties":{"voltage":"10000","name":""}},{"type":"Feature","geometry":{"type":"LineString","coordinates":[[21.6975555,43.5055935],[21.6978147,43.5053252],[21.6980647,43.5050672],[21.69839,43.5047207],[21.6986718,43.5044452]]},"properties":{"voltage":"10000","name":""}},{"type":"Feature","geometry":{"type":"LineString","coordinates":[[21.6975555,43.5055935],[21.6970774,43.506101],[21.6969253,43.5059906]]},"properties":{"voltage":"10000","name":""}},{"type":"Feature","geometry":{"type":"LineString","coordinates":[[21.7078758,43.4946746],[21.7071023,43.4954093],[21.7068319,43.4956865],[21.7067079,43.4959003],[21.7065107,43.4962321],[21.7062973,43.4965565],[21.7061083,43.4968706],[21.7059091,43.4971891],[21.7056021,43.4977155],[21.7052931,43.4981903],[21.7050655,43.4985885],[21.7048764,43.4988952],[21.7046711,43.4992151],[21.7044549,43.4995509],[21.7037848,43.5003566],[21.7038011,43.5005904]]},"properties":{"voltage":"10000","name":""}},{"type":"Feature","geometry":{"type":"LineString","coordinates":[[21.7142473,43.4877173],[21.7140359,43.4881273],[21.7138997,43.4884178],[21.7137127,43.488785],[21.7135338,43.4891272],[21.7133895,43.4894236],[21.7132615,43.4896846],[21.7129687,43.4902671],[21.7125683,43.4909897],[21.712054,43.4916504],[21.7116251,43.4921444],[21.7111352,43.4925043],[21.7106453,43.4928316],[21.7100172,43.4932091],[21.7096615,43.493423],[21.7092468,43.4936633],[21.7088464,43.4938978],[21.7084906,43.4941323],[21.7081735,43.4943918],[21.7078758,43.4946746]]},"properties":{"voltage":"10000","name":""}},{"type":"Feature","geometry":{"type":"LineString","coordinates":[[21.6913784,43.5063083],[21.6915017,43.5065568],[21.6917592,43.5069157],[21.6919979,43.5072289],[21.6922401,43.5075179]]},"properties":{"voltage":"10000","name":""}},{"type":"Feature","geometry":{"type":"LineString","coordinates":[[21.6942289,43.5066888],[21.6938391,43.5070274],[21.6934478,43.5073592],[21.692884,43.5078419],[21.692485,43.5076185],[21.6922401,43.5075179]]},"properties":{"voltage":"400","name":""}},{"type":"Feature","geometry":{"type":"LineString","coordinates":[[21.698231,43.5001474],[21.6979298,43.4999392],[21.6975948,43.4997427],[21.697269,43.4995234],[21.6966853,43.4990068],[21.6964004,43.4987519]]},"properties":{"voltage":"400","name":""}},{"type":"Feature","geometry":{"type":"LineString","coordinates":[[21.698231,43.5001474],[21.698593,43.5003499],[21.6989421,43.5005176],[21.6994242,43.5007369],[21.6998224,43.5009334],[21.7002018,43.5010698],[21.7005601,43.5011987],[21.7002743,43.5016274],[21.6998678,43.5021597],[21.6996096,43.5024767],[21.6993308,43.5027923],[21.6990518,43.5030848],[21.6988089,43.5033368],[21.698587,43.5035625],[21.6983005,43.5038642],[21.6980309,43.5041022],[21.6977351,43.5042742],[21.697387,43.504453],[21.6971528,43.5045905],[21.6968339,43.5047726],[21.6965135,43.5049536],[21.696076,43.5052106],[21.6957956,43.505395],[21.6954505,43.5056821],[21.6951363,43.5059302],[21.6948528,43.5061626],[21.694574,43.5063939],[21.6942443,43.5061782]]},"properties":{"voltage":"400","name":""}},{"type":"Feature","geometry":{"type":"LineString","coordinates":[[21.7000143,43.4940158],[21.6995506,43.4942561],[21.6988928,43.4946461],[21.69853,43.4948674],[21.6982196,43.4951099],[21.6978822,43.4953681],[21.6982109,43.4956454],[21.6985418,43.4959381],[21.698804,43.4961743],[21.698961,43.496471],[21.6991452,43.4968235],[21.6994056,43.497053],[21.6996998,43.497313],[21.6999823,43.4975882],[21.7003022,43.4978652],[21.700691,43.4981988],[21.7008917,43.4984401],[21.7011705,43.4987184],[21.7012383,43.4988726]]},"properties":{"voltage":"10000","name":""}},{"type":"Feature","geometry":{"type":"LineString","coordinates":[[21.7012383,43.4988726],[21.7018606,43.4992883]]},"properties":{"voltage":"10000","name":""}},{"type":"Feature","geometry":{"type":"LineString","coordinates":[[21.6880074,43.5082803],[21.6879988,43.5082152],[21.689533,43.5072221],[21.6906317,43.5064815],[21.6909891,43.5062608],[21.6913784,43.5063083],[21.6927729,43.5052635],[21.6946492,43.5041167],[21.6953683,43.5035222],[21.6961295,43.502899],[21.6968207,43.5023367],[21.6972282,43.5020123]]},"properties":{"voltage":"10000","name":""}},{"type":"Feature","geometry":{"type":"LineString","coordinates":[[21.6843671,43.5135479],[21.6842222,43.513306]]},"properties":{"voltage":"10000","name":""}},{"type":"Feature","geometry":{"type":"LineString","coordinates":[[21.6864377,43.5062723],[21.6860971,43.5064797],[21.6850349,43.5071755],[21.6846731,43.5074335],[21.6843272,43.507685]]},"properties":{"voltage":"400","name":""}},{"type":"Feature","geometry":{"type":"LineString","coordinates":[[21.6842222,43.513306],[21.6838722,43.5126475],[21.6832228,43.5126334]]},"properties":{"voltage":"10000","name":""}},{"type":"Feature","geometry":{"type":"LineString","coordinates":[[21.6843272,43.507685],[21.6847645,43.5080645],[21.6858134,43.5091348],[21.6858764,43.5093393]]},"properties":{"voltage":"400","name":""}},{"type":"Feature","geometry":{"type":"LineString","coordinates":[[21.6834497,43.5070295],[21.6837783,43.5072844],[21.6840975,43.5075305],[21.6843272,43.507685]]},"properties":{"voltage":"400","name":""}},{"type":"Feature","geometry":{"type":"LineString","coordinates":[[21.6974617,43.5395752],[21.6981073,43.540281],[21.6973788,43.5405467]]},"properties":{"voltage":"10000","name":""}}]}