{"type":"FeatureCollection","features":[{"type":"Feature","geometry":{"type":"Point","coordinates":[21.250098,45.7554869]},"properties":{"voltage":"","name":""}},{"type":"Feature","geometry":{"type":"Point","coordinates":[20.8010937,43.2848909]},"properties":{"voltage":"","name":""}},{"type":"Feature","geometry":{"type":"Point","coordinates":[20.553393,44.6617737]},"properties":{"voltage":"","name":""}},{"type":"Feature","geometry":{"type":"Point","coordinates":[20.6897069,44.4309379]},"properties":{"voltage":"","name":""}},{"type":"Feature","geometry":{"type":"Point","coordinates":[20.4722631,44.8567701]},"properties":{"voltage":"","name":""}},{"type":"Feature","geometry":{"type":"Point","coordinates":[20.477192,44.7825857]},"properties":{"voltage":"","name":""}},{"type":"Feature","geometry":{"type":"Point","coordinates":[20.4183719,44.7850547]},"properties":{"voltage":"","name":""}},{"type":"Feature","geometry":{"type":"Point","coordinates":[22.9857925,43.0353733]},"properties":{"voltage":"","name":""}},{"type":"Feature","geometry":{"type":"Point","coordinates":[20.6274966,45.1132291]},"properties":{"voltage":"","name":""}},{"type":"Feature","geometry":{"type":"Point","coordinates":[20.6252247,45.1168103]},"properties":{"voltage":"","name":""}},{"type":"Feature","geometry":{"type":"Point","coordinates":[21.0357741,44.5603082]},"properties":{"voltage":"","name":""}},{"type":"Feature","geometry":{"type":"Point","coordinates":[21.3411757,44.6611615]},"properties":{"voltage":"","name":""}},{"type":"Feature","geometry":{"type":"Point","coordinates":[21.1850236,44.1994506]},"properties":{"voltage":"","name":""}},{"type":"Feature","geometry":{"type":"Point","coordinates":[20.5027206,44.7809519]},"properties":{"voltage":"","name":""}},{"type":"Feature","geometry":{"type":"Point","coordinates":[20.4690631,44.8154054]},"properties":{"voltage":"","name":"\u0411\u0435\u043e\u0433\u0440\u0430\u0434 6"}},{"type":"Feature","geometry":{"type":"Point","coordinates":[21.6564472,43.4842405]},"properties":{"voltage":"10000;400","name":""}},{"type":"Feature","geometry":{"type":"Point","coordinates":[20.0020078,44.1086445]},"properties":{"voltage":"","name":""}},{"type":"Feature","geometry":{"type":"Point","coordinates":[21.3200014,45.1177119]},"properties":{"voltage":"","name":""}},{"type":"Feature","geometry":{"type":"Point","coordinates":[20.4683413,44.81609]},"properties":{"voltage":"","name":""}},{"type":"Feature","geometry":{"type":"Point","coordinates":[21.417451,44.6535419]},"properties":{"voltage":"","name":""}},{"type":"Feature","geometry":{"type":"Point","coordinates":[21.4118669,44.6555341]},"properties":{"voltage":"","name":""}},{"type":"Feature","geometry":{"type":"Point","coordinates":[21.435806,44.6313154]},"properties":{"voltage":"","name":""}},{"type":"Feature","geometry":{"type":"Point","coordinates":[21.4294342,44.6326787]},"properties":{"voltage":"","name":""}},{"type":"Feature","geometry":{"type":"Point","coordinates":[21.427556,44.6337086]},"properties":{"voltage":"","name":""}},{"type":"Feature","geometry":{"type":"Point","coordinates":[21.4355821,44.6708139]},"properties":{"voltage":"","name":""}},{"type":"Feature","geometry":{"type":"Point","coordinates":[21.4395393,44.6705703]},"properties":{"voltage":"","name":""}},{"type":"Feature","geometry":{"type":"Point","coordinates":[21.4377983,44.6764605]},"properties":{"voltage":"","name":""}},{"type":"Feature","geometry":{"type":"Point","coordinates":[21.5197305,44.6405042]},"properties":{"voltage":"","name":""}},{"type":"Feature","geometry":{"type":"Point","coordinates":[21.5211477,44.6437102]},"properties":{"voltage":"","name":""}},{"type":"Feature","geometry":{"type":"Point","coordinates":[20.4786047,44.8002407]},"properties":{"voltage":"","name":""}},{"type":"Feature","geometry":{"type":"Point","coordinates":[21.8037432,43.572741]},"properties":{"voltage":"35000","name":""}},{"type":"Feature","geometry":{"type":"Point","coordinates":[21.7861996,43.5595314]},"properties":{"voltage":"35000","name":""}},{"type":"Feature","geometry":{"type":"Point","coordinates":[21.7926179,43.5487651]},"properties":{"voltage":"35000","name":""}},{"type":"Feature","geometry":{"type":"Point","coordinates":[21.801772,43.5330301]},"properties":{"voltage":"35000","name":""}},{"type":"Feature","geometry":{"type":"Point","coordinates":[21.7994794,43.5193001]},"properties":{"voltage":"35000","name":""}},{"type":"Feature","geometry":{"type":"Point","coordinates":[21.797796,43.5104541]},"properties":{"voltage":"35000","name":""}},{"type":"Feature","geometry":{"type":"Point","coordinates":[21.0761005,44.3339298]},"properties":{"voltage":"","name":"Elektromorava"}},{"type":"Feature","geometry":{"type":"Point","coordinates":[20.8904479,43.6169227]},"properties":{"voltage":"","name":""}},{"type":"Feature","geometry":{"type":"Point","coordinates":[20.8929387,43.6184873]},"properties":{"voltage":"","name":""}},{"type":"Feature","geometry":{"type":"Point","coordinates":[20.8897595,43.6138062]},"properties":{"voltage":"","name":""}},{"type":"Feature","geometry":{"type":"Point","coordinates":[20.8901059,43.6136008]},"properties":{"voltage":"","name":""}},{"type":"Feature","geometry":{"type":"Point","coordinates":[20.8916681,43.6143225]},"properties":{"voltage":"","name":""}},{"type":"Feature","geometry":{"type":"Point","coordinates":[20.8965969,43.6253345]},"properties":{"voltage":"","name":""}},{"type":"Feature","geometry":{"type":"Point","coordinates":[21.4446478,43.7488011]},"properties":{"voltage":"","name":""}},{"type":"Feature","geometry":{"type":"Point","coordinates":[20.4705628,44.8121451]},"properties":{"voltage":"","name":""}},{"type":"Feature","geometry":{"type":"Point","coordinates":[21.2662582,43.9991147]},"properties":{"voltage":"","name":""}},{"type":"Feature","geometry":{"type":"Point","coordinates":[20.490104,44.8193159]},"properties":{"voltage":"","name":""}},{"type":"Feature","geometry":{"type":"Point","coordinates":[20.4632644,44.8113272]},"properties":{"voltage":"","name":""}},{"type":"Feature","geometry":{"type":"Point","coordinates":[20.4680084,44.7809064]},"properties":{"voltage":"","name":""}},{"type":"Feature","geometry":{"type":"Point","coordinates":[20.4655515,44.7971346]},"properties":{"voltage":"","name":""}},{"type":"Feature","geometry":{"type":"Point","coordinates":[20.367447,44.7206117]},"properties":{"voltage":"","name":""}},{"type":"Feature","geometry":{"type":"Point","coordinates":[20.465516,44.8215467]},"properties":{"voltage":"","name":""}},{"type":"Feature","geometry":{"type":"Point","coordinates":[20.4145833,44.7859046]},"properties":{"voltage":"","name":""}},{"type":"Feature","geometry":{"type":"Point","coordinates":[21.3896612,44.6512513]},"properties":{"voltage":"","name":""}},{"type":"Feature","geometry":{"type":"Point","coordinates":[21.3507151,44.6900869]},"properties":{"voltage":"","name":""}},{"type":"Feature","geometry":{"type":"Point","coordinates":[21.5230239,44.762176]},"properties":{"voltage":"","name":""}},{"type":"Feature","geometry":{"type":"Point","coordinates":[21.5713487,44.7589304]},"properties":{"voltage":"","name":""}},{"type":"Feature","geometry":{"type":"Point","coordinates":[20.4977363,44.7804595]},"properties":{"voltage":"","name":""}},{"type":"Feature","geometry":{"type":"Point","coordinates":[20.5748819,44.7045537]},"properties":{"voltage":"","name":""}},{"type":"Feature","geometry":{"type":"Point","coordinates":[20.4575273,44.82344]},"properties":{"voltage":"","name":""}},{"type":"Feature","geometry":{"type":"Point","coordinates":[20.4683072,44.8026671]},"properties":{"voltage":"110000;10000","name":"\u0411\u0435\u043e\u0433\u0440\u0430\u0434 15"}},{"type":"Feature","geometry":{"type":"Point","coordinates":[20.4124411,44.8184541]},"properties":{"voltage":"110000;10000","name":"\u0411\u0435\u043e\u0433\u0440\u0430\u0434 41"}},{"type":"Feature","geometry":{"type":"Point","coordinates":[21.3386797,44.6795577]},"properties":{"voltage":"","name":""}},{"type":"Feature","geometry":{"type":"Point","coordinates":[21.4741073,44.657999]},"properties":{"voltage":"","name":""}},{"type":"Feature","geometry":{"type":"Point","coordinates":[21.4953038,44.6794634]},"properties":{"voltage":"","name":""}},{"type":"Feature","geometry":{"type":"Point","coordinates":[21.4920326,44.6741565]},"properties":{"voltage":"","name":""}},{"type":"Feature","geometry":{"type":"Point","coordinates":[21.5179594,44.6672402]},"properties":{"voltage":"","name":""}},{"type":"Feature","geometry":{"type":"Point","coordinates":[21.5131828,44.5756606]},"properties":{"voltage":"","name":""}},{"type":"Feature","geometry":{"type":"Point","coordinates":[21.4796332,44.619223]},"properties":{"voltage":"","name":""}},{"type":"Feature","geometry":{"type":"Point","coordinates":[21.8866272,45.3036532]},"properties":{"voltage":"","name":"C.N. Transelectrica S.A."}},{"type":"Feature","geometry":{"type":"Point","coordinates":[21.6447543,43.4756253]},"properties":{"voltage":"10000;400","name":""}},{"type":"Feature","geometry":{"type":"Point","coordinates":[21.6528331,43.4797381]},"properties":{"voltage":"10000;400","name":""}},{"type":"Feature","geometry":{"type":"Point","coordinates":[21.7181906,43.536238]},"properties":{"voltage":"","name":""}},{"type":"Feature","geometry":{"type":"Point","coordinates":[21.7245572,43.5298545]},"properties":{"voltage":"","name":""}},{"type":"Feature","geometry":{"type":"Point","coordinates":[21.7290925,43.5252237]},"properties":{"voltage":"","name":""}},{"type":"Feature","geometry":{"type":"Point","coordinates":[21.7399773,43.5314391]},"properties":{"voltage":"","name":""}},{"type":"Feature","geometry":{"type":"Point","coordinates":[21.7384677,43.5300721]},"properties":{"voltage":"","name":""}},{"type":"Feature","geometry":{"type":"Point","coordinates":[21.7355585,43.5274248]},"properties":{"voltage":"","name":""}},{"type":"Feature","geometry":{"type":"Point","coordinates":[21.7051459,43.4763789]},"properties":{"voltage":"","name":""}},{"type":"Feature","geometry":{"type":"Point","coordinates":[21.6936928,43.4771237]},"properties":{"voltage":"","name":""}},{"type":"Feature","geometry":{"type":"Point","coordinates":[21.7192235,43.4789918]},"properties":{"voltage":"","name":""}},{"type":"Feature","geometry":{"type":"Point","coordinates":[21.728185,43.4818063]},"properties":{"voltage":"","name":""}},{"type":"Feature","geometry":{"type":"Point","coordinates":[21.7196081,43.4869002]},"properties":{"voltage":"","name":""}},{"type":"Feature","geometry":{"type":"Point","coordinates":[21.7416108,43.5022972]},"properties":{"voltage":"","name":""}},{"type":"Feature","geometry":{"type":"Point","coordinates":[21.7337337,43.4401709]},"properties":{"voltage":"","name":""}},{"type":"Feature","geometry":{"type":"Point","coordinates":[21.7468464,43.4422195]},"properties":{"voltage":"","name":""}},{"type":"Feature","geometry":{"type":"Point","coordinates":[21.7426934,43.4526985]},"properties":{"voltage":"","name":""}},{"type":"Feature","geometry":{"type":"Point","coordinates":[21.651752,43.4298776]},"properties":{"voltage":"","name":""}},{"type":"Feature","geometry":{"type":"Point","coordinates":[21.6490904,43.4340792]},"properties":{"voltage":"","name":""}},{"type":"Feature","geometry":{"type":"Point","coordinates":[21.6187602,43.4248495]},"properties":{"voltage":"","name":""}},{"type":"Feature","geometry":{"type":"Point","coordinates":[21.6478003,43.4453799]},"properties":{"voltage":"","name":""}},{"type":"Feature","geometry":{"type":"Point","coordinates":[21.6834994,43.4345898]},"properties":{"voltage":"","name":""}},{"type":"Feature","geometry":{"type":"Point","coordinates":[21.6737161,43.4576304]},"properties":{"voltage":"","name":""}},{"type":"Feature","geometry":{"type":"Point","coordinates":[21.7001422,43.4380383]},"properties":{"voltage":"","name":""}},{"type":"Feature","geometry":{"type":"Point","coordinates":[21.7108635,43.4400851]},"properties":{"voltage":"","name":""}},{"type":"Feature","geometry":{"type":"Point","coordinates":[21.5473746,43.4011812]},"properties":{"voltage":"","name":""}},{"type":"Feature","geometry":{"type":"Point","coordinates":[21.5548902,43.3978368]},"properties":{"voltage":"","name":""}},{"type":"Feature","geometry":{"type":"Point","coordinates":[21.580097,43.4256822]},"properties":{"voltage":"","name":""}},{"type":"Feature","geometry":{"type":"Point","coordinates":[21.5837532,43.4042734]},"properties":{"voltage":"","name":""}},{"type":"Feature","geometry":{"type":"Point","coordinates":[21.7813967,43.4218738]},"properties":{"voltage":"","name":""}},{"type":"Feature","geometry":{"type":"Point","coordinates":[21.7689278,43.4283311]},"properties":{"voltage":"","name":""}},{"type":"Feature","geometry":{"type":"Point","coordinates":[21.7952008,43.4520142]},"properties":{"voltage":"","name":""}},{"type":"Feature","geometry":{"type":"Point","coordinates":[21.7903479,43.4498881]},"properties":{"voltage":"","name":""}},{"type":"Feature","geometry":{"type":"Point","coordinates":[21.6073013,43.5909987]},"properties":{"voltage":"","name":""}},{"type":"Feature","geometry":{"type":"Point","coordinates":[21.6141903,43.5880238]},"properties":{"voltage":"","name":""}},{"type":"Feature","geometry":{"type":"Point","coordinates":[21.6016079,43.6054494]},"properties":{"voltage":"","name":""}},{"type":"Feature","geometry":{"type":"Point","coordinates":[21.6602646,43.6582181]},"properties":{"voltage":"","name":""}},{"type":"Feature","geometry":{"type":"Point","coordinates":[21.6644788,43.6560001]},"properties":{"voltage":"","name":""}},{"type":"Feature","geometry":{"type":"Point","coordinates":[21.6463965,43.6160212]},"properties":{"voltage":"","name":""}},{"type":"Feature","geometry":{"type":"Point","coordinates":[21.64748,43.587734]},"properties":{"voltage":"","name":""}},{"type":"Feature","geometry":{"type":"Point","coordinates":[21.6931606,43.5986531]},"properties":{"voltage":"","name":""}},{"type":"Feature","geometry":{"type":"Point","coordinates":[21.6909876,43.5955887]},"properties":{"voltage":"","name":""}},{"type":"Feature","geometry":{"type":"Point","coordinates":[21.6902618,43.6035515]},"properties":{"voltage":"","name":""}},{"type":"Feature","geometry":{"type":"Point","coordinates":[21.6927975,43.606191]},"properties":{"voltage":"","name":""}},{"type":"Feature","geometry":{"type":"Point","coordinates":[21.7148165,43.5547753]},"properties":{"voltage":"","name":""}},{"type":"Feature","geometry":{"type":"Point","coordinates":[21.7205823,43.5541327]},"properties":{"voltage":"","name":""}},{"type":"Feature","geometry":{"type":"Point","coordinates":[21.6614139,43.5720295]},"properties":{"voltage":"","name":""}},{"type":"Feature","geometry":{"type":"Point","coordinates":[21.7078547,43.5423887]},"properties":{"voltage":"","name":""}},{"type":"Feature","geometry":{"type":"Point","coordinates":[21.5308797,44.7184876]},"properties":{"voltage":"","name":""}},{"type":"Feature","geometry":{"type":"Point","coordinates":[21.4376975,44.7202011]},"properties":{"voltage":"","name":""}},{"type":"Feature","geometry":{"type":"Point","coordinates":[21.7109224,43.5357717]},"properties":{"voltage":"","name":""}},{"type":"Feature","geometry":{"type":"Point","coordinates":[21.7032411,43.5382763]},"properties":{"voltage":"","name":""}},{"type":"Feature","geometry":{"type":"Point","coordinates":[21.7035257,43.5383624]},"properties":{"voltage":"","name":""}},{"type":"Feature","geometry":{"type":"Point","coordinates":[21.7036046,43.5366403]},"properties":{"voltage":"","name":""}},{"type":"Feature","geometry":{"type":"Point","coordinates":[21.7034556,43.5342169]},"properties":{"voltage":"","name":""}},{"type":"Feature","geometry":{"type":"Point","coordinates":[21.6973788,43.5405467]},"properties":{"voltage":"","name":""}},{"type":"Feature","geometry":{"type":"Point","coordinates":[21.7078758,43.4946746]},"properties":{"voltage":"","name":""}},{"type":"Feature","geometry":{"type":"Point","coordinates":[21.6996972,43.5033653]},"properties":{"voltage":"","name":""}},{"type":"Feature","geometry":{"type":"Point","coordinates":[21.6969253,43.5059906]},"properties":{"voltage":"","name":""}},{"type":"Feature","geometry":{"type":"Point","coordinates":[21.6969843,43.5094828]},"properties":{"voltage":"","name":""}},{"type":"Feature","geometry":{"type":"Point","coordinates":[21.6946305,43.5110263]},"properties":{"voltage":"","name":""}},{"type":"Feature","geometry":{"type":"Point","coordinates":[21.6922401,43.5075179]},"properties":{"voltage":"","name":""}},{"type":"Feature","geometry":{"type":"Point","coordinates":[21.7000143,43.4940158]},"properties":{"voltage":"","name":""}},{"type":"Feature","geometry":{"type":"Point","coordinates":[21.7012383,43.4988726]},"properties":{"voltage":"","name":""}},{"type":"Feature","geometry":{"type":"Point","coordinates":[21.6972282,43.5020123]},"properties":{"voltage":"","name":""}},{"type":"Feature","geometry":{"type":"Point","coordinates":[21.6832228,43.5126334]},"properties":{"voltage":"","name":""}},{"type":"Feature","geometry":{"type":"Point","coordinates":[21.6897515,43.5515257]},"properties":{"voltage":"","name":""}},{"type":"Feature","geometry":{"type":"Point","coordinates":[21.6947331,43.5461144]},"properties":{"voltage":"","name":""}},{"type":"Feature","geometry":{"type":"Point","coordinates":[21.7063303,43.5397118]},"properties":{"voltage":"","name":""}},{"type":"Feature","geometry":{"type":"Point","coordinates":[21.5301388,44.7214588]},"properties":{"voltage":"","name":""}},{"type":"Feature","geometry":{"type":"Point","coordinates":[21.5290059,44.7166654]},"properties":{"voltage":"","name":""}},{"type":"Feature","geometry":{"type":"Polygon","coordinates":[[[20.4152833,44.7781671],[20.415574,44.7780182],[20.415502,44.7779348],[20.4152962,44.7780243],[20.4151635,44.7778704],[20.4150553,44.7779174],[20.4152833,44.7781671]]]},"properties":{"voltage":"","name":""}},{"type":"Feature","geometry":{"type":"Polygon","coordinates":[[[20.6189357,45.0691991],[20.6195383,45.069195],[20.6195435,45.0695822],[20.6195479,45.069915],[20.6189454,45.069919],[20.6189357,45.0691991]]]},"properties":{"voltage":"110000;20000","name":"\u0414\u0435\u0431\u0435\u0459\u0430\u0447\u0430"}},{"type":"Feature","geometry":{"type":"Polygon","coordinates":[[[20.6974147,44.8697092],[20.6976969,44.8696945],[20.698166,44.8696699],[20.7004499,44.8695504],[20.7003315,44.868414],[20.7006257,44.8683987],[20.7005302,44.8674795],[20.6978562,44.867619],[20.6979227,44.8682586],[20.6979313,44.8683412],[20.6972758,44.8683755],[20.697345,44.86904],[20.6974147,44.8697092]]]},"properties":{"voltage":"400000;220000;110000","name":"\u041f\u0430\u043d\u0447\u0435\u0432\u043e 2"}},{"type":"Feature","geometry":{"type":"Polygon","coordinates":[[[20.1668341,44.6660531],[20.1670312,44.6660714],[20.1715653,44.6665179],[20.1717695,44.6655021],[20.1716756,44.6653627],[20.1695764,44.66516],[20.1690042,44.6640775],[20.1690999,44.6634997],[20.1682877,44.6634066],[20.1670975,44.6613473],[20.1649767,44.6619806],[20.1664776,44.6645238],[20.166383,44.6649845],[20.1670161,44.6650569],[20.1668341,44.6660531]]]},"properties":{"voltage":"400000;220000","name":"\u041e\u0431\u0440\u0435\u043d\u043e\u0432\u0430\u0446"}},{"type":"Feature","geometry":{"type":"Polygon","coordinates":[[[20.4136187,44.7650576],[20.4141407,44.7651847],[20.4140387,44.7653752],[20.4140008,44.7654516],[20.4139678,44.7654436],[20.4138688,44.7656756],[20.4134703,44.7655717],[20.4135138,44.7652437],[20.413564,44.7650667],[20.4136187,44.7650576]]]},"properties":{"voltage":"110000;10000","name":"\u0411\u0435\u043e\u0433\u0440\u0430\u0434 38"}},{"type":"Feature","geometry":{"type":"Polygon","coordinates":[[[22.9183907,45.7356209],[22.9140958,45.7355708],[22.9141129,45.7348584],[22.9163133,45.7348841],[22.9163166,45.7347446],[22.918411,45.7347688],[22.9183907,45.7356209]]]},"properties":{"voltage":"220000","name":"H\u0103\u0219dat"}},{"type":"Feature","geometry":{"type":"Polygon","coordinates":[[[22.9437787,45.8693758],[22.943166,45.8684535],[22.9441585,45.8681339],[22.9447712,45.8690562],[22.9437787,45.8693758]]]},"properties":{"voltage":"","name":"Sta\u021bie Electric\u0103"}},{"type":"Feature","geometry":{"type":"Polygon","coordinates":[[[22.8283119,45.9160036],[22.8292483,45.9149128],[22.8303629,45.9153759],[22.8305838,45.9151185],[22.8349527,45.9169337],[22.833784,45.9182951],[22.8330802,45.9180027],[22.8328378,45.918285],[22.8320544,45.9179595],[22.8322399,45.9177434],[22.8295056,45.9166074],[22.8295738,45.916528],[22.8283119,45.9160036]]]},"properties":{"voltage":"400000;220000","name":"Mintia"}},{"type":"Feature","geometry":{"type":"Polygon","coordinates":[[[21.2305248,45.7688642],[21.2302615,45.7682557],[21.2309459,45.7681116],[21.2312092,45.7687201],[21.2305248,45.7688642]]]},"properties":{"voltage":"110000","name":"Sta\u021bie 110kV Dumbr\u0103vi\u021ba"}},{"type":"Feature","geometry":{"type":"Polygon","coordinates":[[[22.9206432,45.7857786],[22.9200761,45.7861104],[22.9201501,45.7863787],[22.9204706,45.7866263],[22.9213188,45.7861208],[22.9209662,45.7858199],[22.9208183,45.7859093],[22.9206432,45.7857786]]]},"properties":{"voltage":"110000","name":""}},{"type":"Feature","geometry":{"type":"Polygon","coordinates":[[[22.9183643,45.7962263],[22.9184799,45.7962565],[22.9187303,45.7962599],[22.9196068,45.7960282],[22.9191113,45.7949354],[22.9190967,45.7949032],[22.9185151,45.793828],[22.9183258,45.79352],[22.9181129,45.7931869],[22.9176544,45.7932997],[22.917797,45.7935603],[22.9173918,45.7936764],[22.9167724,45.7938501],[22.9171319,45.7945185],[22.9174961,45.7944278],[22.9175525,45.794515],[22.91781,45.7949915],[22.9174681,45.7950963],[22.9178688,45.7958081],[22.9180846,45.795749],[22.9183643,45.7962263]]]},"properties":{"voltage":"220000","name":"Pe\u0219ti\u0219"}},{"type":"Feature","geometry":{"type":"Polygon","coordinates":[[[21.2761069,45.7705538],[21.2763063,45.7699301],[21.277023,45.7700363],[21.2768004,45.7706819],[21.2761069,45.7705538]]]},"properties":{"voltage":"110000","name":"Sta\u021bie 110kV P\u0103durea Verde"}},{"type":"Feature","geometry":{"type":"Polygon","coordinates":[[[21.2109825,45.7705984],[21.21066,45.7703272],[21.2106325,45.7701834],[21.2112236,45.7698672],[21.2116174,45.7702367],[21.2109825,45.7705984]]]},"properties":{"voltage":"","name":""}},{"type":"Feature","geometry":{"type":"Polygon","coordinates":[[[21.1924812,45.9685925],[21.1926731,45.9691301],[21.1930237,45.9690696],[21.1928319,45.968532],[21.1924812,45.9685925]]]},"properties":{"voltage":"110000","name":""}},{"type":"Feature","geometry":{"type":"Polygon","coordinates":[[[21.2056096,45.972018],[21.2061407,45.9721067],[21.206375,45.971317],[21.2054405,45.9711871],[21.2053014,45.9716529],[21.2056515,45.9717026],[21.2056411,45.97174],[21.2056148,45.9718516],[21.2056675,45.971858],[21.2056096,45.972018]]]},"properties":{"voltage":"110000","name":""}},{"type":"Feature","geometry":{"type":"Polygon","coordinates":[[[21.3812432,46.1839676],[21.3796584,46.1853238],[21.3768348,46.1838216],[21.3765478,46.184074],[21.375772,46.1836389],[21.3761418,46.183297],[21.3757513,46.1830767],[21.3763409,46.1825987],[21.3749662,46.181812],[21.3757694,46.1811466],[21.3771636,46.1819154],[21.3772129,46.181943],[21.3773844,46.1818008],[21.3785054,46.1824608],[21.3783631,46.1825933],[21.3786114,46.1827401],[21.3787381,46.1826524],[21.3788826,46.1827259],[21.3812432,46.1839676]]]},"properties":{"voltage":"400000;220000;110000","name":"Arad"}},{"type":"Feature","geometry":{"type":"Polygon","coordinates":[[[21.3601327,46.1310105],[21.3606908,46.131638],[21.3615368,46.1312802],[21.3610006,46.1306402],[21.3601327,46.1310105]]]},"properties":{"voltage":"110000","name":""}},{"type":"Feature","geometry":{"type":"Polygon","coordinates":[[[21.2794704,45.7430701],[21.2804227,45.7436685],[21.2808714,45.7433207],[21.281057,45.7434401],[21.2815262,45.7430687],[21.2817261,45.7431954],[21.2817671,45.7431663],[21.281838,45.7432061],[21.2821504,45.7429658],[21.282115,45.7429428],[21.2821738,45.7428958],[21.2822564,45.7428336],[21.2822924,45.7428552],[21.2830237,45.7422792],[21.2827349,45.7421105],[21.2833983,45.7415723],[21.283373,45.7414036],[21.2829178,45.7411203],[21.2826573,45.7413189],[21.2819247,45.7408877],[21.2797651,45.7426414],[21.2799118,45.7427321],[21.2795432,45.7430143],[21.2794704,45.7430701]]]},"properties":{"voltage":"220000;110000","name":"Timi\u0219oara"}},{"type":"Feature","geometry":{"type":"Polygon","coordinates":[[[21.4209,45.4469808],[21.421686,45.4471286],[21.4218581,45.446754],[21.4210513,45.4466021],[21.4209,45.4469808]]]},"properties":{"voltage":"","name":""}},{"type":"Feature","geometry":{"type":"Polygon","coordinates":[[[22.7515747,43.6578011],[22.7522866,43.6578536],[22.7523133,43.6578556],[22.7523024,43.6579329],[22.7524988,43.6579474],[22.752514,43.6578392],[22.7529773,43.6578734],[22.7530419,43.6574159],[22.7516436,43.6573126],[22.7515747,43.6578011]]]},"properties":{"voltage":"110000;20000","name":""}},{"type":"Feature","geometry":{"type":"Polygon","coordinates":[[[21.2205687,45.7272932],[21.2204894,45.7265918],[21.220605,45.726585],[21.2210468,45.7265592],[21.2210549,45.7266333],[21.2210691,45.7267512],[21.2211067,45.7270986],[21.2211262,45.7272606],[21.2205687,45.7272932]]]},"properties":{"voltage":"110000","name":""}},{"type":"Feature","geometry":{"type":"Polygon","coordinates":[[[22.8507659,43.9794401],[22.8512632,43.9800481],[22.8526851,43.9793364],[22.8537494,43.9788357],[22.8537279,43.9787967],[22.8536629,43.9787163],[22.8533092,43.978856],[22.8526217,43.9791275],[22.8525538,43.9791543],[22.8523066,43.9788249],[22.8507659,43.9794401]]]},"properties":{"voltage":"110000;20000;10000","name":"\u041f\u043e\u0434\u0441\u0442\u0430\u043d\u0446\u0438\u044f \u0412\u0438\u0434\u0438\u043d-1"}},{"type":"Feature","geometry":{"type":"Polygon","coordinates":[[[22.8349513,43.9406645],[22.8362502,43.9416957],[22.837576,43.9408488],[22.8379484,43.9406109],[22.8379241,43.9405546],[22.8370628,43.9398337],[22.8366495,43.9394877],[22.8365729,43.9395341],[22.8364153,43.9396296],[22.8362662,43.9395031],[22.8355156,43.9399899],[22.8357179,43.94017],[22.8349513,43.9406645]]]},"properties":{"voltage":"110000","name":"\u041f\u043e\u0434\u0441\u0442\u0430\u043d\u0446\u0438\u044f \u0411\u043e\u043d\u043e\u043d\u0438\u044f"}},{"type":"Feature","geometry":{"type":"Polygon","coordinates":[[[22.9544493,43.9713064],[22.9543644,43.9721936],[22.9548791,43.9722221],[22.9548055,43.9729384],[22.955897,43.9729873],[22.9560384,43.9717622],[22.9555464,43.9717378],[22.9555973,43.9713511],[22.9544493,43.9713064]]]},"properties":{"voltage":"220000","name":"Calafat"}},{"type":"Feature","geometry":{"type":"Polygon","coordinates":[[[20.05632,45.9308378],[20.0578312,45.9309443],[20.0578361,45.9309015],[20.0578681,45.9306785],[20.0579242,45.9302994],[20.0570476,45.9302393],[20.0570171,45.9303787],[20.0565805,45.9303268],[20.0564155,45.9305177],[20.05632,45.9308378]]]},"properties":{"voltage":"","name":""}},{"type":"Feature","geometry":{"type":"Polygon","coordinates":[[[20.9469569,45.0692895],[20.9473121,45.0688965],[20.9482876,45.069346],[20.9477527,45.0699373],[20.947231,45.0697049],[20.9474134,45.0695054],[20.9473793,45.0694885],[20.9473616,45.0694799],[20.9469569,45.0692895]]]},"properties":{"voltage":"110000;20000","name":"\u0410\u043b\u0438\u0431\u0443\u043d\u0430\u0440"}},{"type":"Feature","geometry":{"type":"Polygon","coordinates":[[[20.0936305,45.9127437],[20.0932991,45.9133397],[20.0944514,45.9136498],[20.0947827,45.9130538],[20.0936305,45.9127437]]]},"properties":{"voltage":"","name":""}},{"type":"Feature","geometry":{"type":"Polygon","coordinates":[[[21.9680007,43.3018114],[21.9683346,43.3027808],[21.9688023,43.3027082],[21.9688142,43.3027487],[21.9689394,43.303176],[21.9696581,43.3030644],[21.969857,43.303743],[21.9723656,43.3033536],[21.9720909,43.3024165],[21.9736043,43.3021816],[21.9730671,43.3003484],[21.9701375,43.3008031],[21.9703264,43.3014477],[21.9680007,43.3018114]]]},"properties":{"voltage":"400000;220000;110000","name":"\u041d\u0438\u0448 2"}},{"type":"Feature","geometry":{"type":"Polygon","coordinates":[[[22.7403877,44.0999484],[22.7410364,44.0999323],[22.740976,44.0993464],[22.7409238,44.0988409],[22.7402466,44.0988712],[22.7401056,44.0989867],[22.7401495,44.0993743],[22.7403313,44.0996394],[22.7403877,44.0999484]]]},"properties":{"voltage":"110000;20000","name":"\u043f\u043e\u0434\u0441\u0442\u0430\u043d\u0446\u0438\u044f \u0413\u044a\u043c\u0437\u043e\u0432\u043e"}},{"type":"Feature","geometry":{"type":"Polygon","coordinates":[[[21.2061209,44.7300951],[21.2072157,44.728371],[21.2083518,44.7287351],[21.207257,44.7304592],[21.2061209,44.7300951]]]},"properties":{"voltage":"400000","name":"\u0414\u0440\u043c\u043d\u043e"}},{"type":"Feature","geometry":{"type":"Polygon","coordinates":[[[21.2546275,44.7127736],[21.2550081,44.7130448],[21.2555113,44.7126881],[21.2551307,44.7124169],[21.2546275,44.7127736]]]},"properties":{"voltage":"","name":""}},{"type":"Feature","geometry":{"type":"Polygon","coordinates":[[[21.2752958,44.7390322],[21.2758709,44.7393323],[21.2764482,44.7387741],[21.2758731,44.738474],[21.2755983,44.7387397],[21.2756283,44.7387901],[21.2755938,44.7388266],[21.275512,44.7388231],[21.2752958,44.7390322]]]},"properties":{"voltage":"110000","name":""}},{"type":"Feature","geometry":{"type":"Polygon","coordinates":[[[21.1696341,44.7229094],[21.1709289,44.7221694],[21.1700434,44.7214544],[21.1695804,44.721321],[21.1691862,44.7215545],[21.1691226,44.7214986],[21.1684886,44.7218644],[21.1696341,44.7229094]]]},"properties":{"voltage":"","name":""}},{"type":"Feature","geometry":{"type":"Polygon","coordinates":[[[21.1887119,44.6534531],[21.1892557,44.6541494],[21.1900521,44.6538287],[21.1900484,44.6533918],[21.1898778,44.6533492],[21.1892876,44.6532021],[21.1887119,44.6534531]]]},"properties":{"voltage":"110000;35000;10000","name":"\u041f\u043e\u0436\u0430\u0440\u0435\u0432\u0430\u0446 1"}},{"type":"Feature","geometry":{"type":"Polygon","coordinates":[[[21.2500316,45.7643223],[21.250191,45.7643586],[21.2502987,45.7641283],[21.2501393,45.764092],[21.2500316,45.7643223]]]},"properties":{"voltage":"","name":""}},{"type":"Feature","geometry":{"type":"Polygon","coordinates":[[[21.2507418,45.7441166],[21.2509516,45.7435169],[21.2516032,45.7436278],[21.2514235,45.7441417],[21.2513935,45.7442276],[21.2507418,45.7441166]]]},"properties":{"voltage":"110000","name":""}},{"type":"Feature","geometry":{"type":"Polygon","coordinates":[[[21.9375056,43.3366125],[21.93755,43.3366126],[21.9375529,43.3366695],[21.9375573,43.3367575],[21.937716,43.3367571],[21.9379609,43.337143],[21.9382656,43.3372604],[21.9387137,43.3370403],[21.9386924,43.3361051],[21.9372973,43.3361087],[21.9375056,43.3366125]]]},"properties":{"voltage":"110000;35000;10000","name":"\u041d\u0438\u0448 13"}},{"type":"Feature","geometry":{"type":"Polygon","coordinates":[[[20.3491787,43.8924214],[20.3492871,43.8923939],[20.3493062,43.8924365],[20.3492006,43.8924641],[20.3491787,43.8924214]]]},"properties":{"voltage":"","name":""}},{"type":"Feature","geometry":{"type":"Polygon","coordinates":[[[20.4319374,44.8125527],[20.4320018,44.8125229],[20.4319384,44.812454],[20.431874,44.8124839],[20.4319374,44.8125527]]]},"properties":{"voltage":"","name":""}},{"type":"Feature","geometry":{"type":"Polygon","coordinates":[[[21.09048,46.1766194],[21.0910364,46.1765239],[21.0908851,46.1761012],[21.0903286,46.1761968],[21.09048,46.1766194]]]},"properties":{"voltage":"110000","name":""}},{"type":"Feature","geometry":{"type":"Polygon","coordinates":[[[20.4193024,44.8137456],[20.4195077,44.8136503],[20.4193006,44.8134257],[20.4190953,44.8135209],[20.4193024,44.8137456]]]},"properties":{"voltage":"","name":""}},{"type":"Feature","geometry":{"type":"Polygon","coordinates":[[[21.3075741,45.7786831],[21.3076529,45.7784428],[21.3068843,45.7783202],[21.3068055,45.7785604],[21.3075741,45.7786831]]]},"properties":{"voltage":"110000","name":"Sta\u021bie 110kV CFR Ghiroda"}},{"type":"Feature","geometry":{"type":"Polygon","coordinates":[[[22.8330683,45.4786006],[22.8329837,45.4792836],[22.8338094,45.4793339],[22.833894,45.4786508],[22.8330683,45.4786006]]]},"properties":{"voltage":"","name":""}},{"type":"Feature","geometry":{"type":"Polygon","coordinates":[[[22.8327376,45.4776824],[22.8326684,45.4782415],[22.8344721,45.4783513],[22.8345413,45.4777922],[22.8327376,45.4776824]]]},"properties":{"voltage":"220000","name":"Retezat"}},{"type":"Feature","geometry":{"type":"Polygon","coordinates":[[[22.8417925,45.4985997],[22.8418804,45.4987372],[22.8413967,45.4988891],[22.8413089,45.4987516],[22.841615,45.4986555],[22.8417925,45.4985997]]]},"properties":{"voltage":"","name":""}},{"type":"Feature","geometry":{"type":"Polygon","coordinates":[[[22.9949124,45.7202613],[22.9959599,45.7202629],[22.9959636,45.7190526],[22.9949161,45.7190511],[22.9949124,45.7202613]]]},"properties":{"voltage":"","name":""}},{"type":"Feature","geometry":{"type":"Polygon","coordinates":[[[22.7739015,46.1396414],[22.7750462,46.1399125],[22.7752378,46.1395239],[22.7747577,46.1394102],[22.7748434,46.1392366],[22.7741789,46.1390792],[22.7739015,46.1396414]]]},"properties":{"voltage":"110000","name":""}},{"type":"Feature","geometry":{"type":"Polygon","coordinates":[[[21.6646645,44.7126879],[21.664857,44.7127477],[21.6646851,44.7130273],[21.6648862,44.7130897],[21.6647396,44.713328],[21.6652596,44.7134895],[21.6655115,44.7135677],[21.6657113,44.7132428],[21.6659635,44.7128327],[21.6657241,44.7127561],[21.6656869,44.7126808],[21.6659759,44.7121988],[21.6652545,44.7119691],[21.6650938,44.7120031],[21.6646645,44.7126879]]]},"properties":{"voltage":"","name":""}},{"type":"Feature","geometry":{"type":"Polygon","coordinates":[[[21.793931,45.1312549],[21.794379,45.1312471],[21.7943546,45.1305473],[21.7939066,45.1305551],[21.793931,45.1312549]]]},"properties":{"voltage":"","name":""}},{"type":"Feature","geometry":{"type":"Polygon","coordinates":[[[21.726125,45.3761167],[21.7268241,45.3763293],[21.7271726,45.3757636],[21.7264735,45.375551],[21.726125,45.3761167]]]},"properties":{"voltage":"","name":""}},{"type":"Feature","geometry":{"type":"Polygon","coordinates":[[[21.6949587,44.6803686],[21.6956165,44.6801695],[21.6953049,44.6796491],[21.6946471,44.6798483],[21.6949587,44.6803686]]]},"properties":{"voltage":"","name":""}},{"type":"Feature","geometry":{"type":"Polygon","coordinates":[[[22.224427,45.4621062],[22.2249857,45.4629053],[22.22661,45.4623467],[22.2272215,45.4632214],[22.2256808,45.4637513],[22.225821,45.4639519],[22.2254578,45.4640768],[22.2253154,45.4638731],[22.2249745,45.4639904],[22.2238064,45.4623196],[22.224427,45.4621062]]]},"properties":{"voltage":"220000","name":"Iaz"}},{"type":"Feature","geometry":{"type":"Polygon","coordinates":[[[21.8787872,45.6837701],[21.8786287,45.6844185],[21.8796704,45.6845276],[21.8798133,45.6838612],[21.8787872,45.6837701]]]},"properties":{"voltage":"","name":""}},{"type":"Feature","geometry":{"type":"Polygon","coordinates":[[[22.3623448,45.5066766],[22.36187,45.5076961],[22.3628818,45.5079276],[22.3627501,45.5082105],[22.3634138,45.5083623],[22.3640204,45.5070599],[22.3623448,45.5066766]]]},"properties":{"voltage":"","name":""}},{"type":"Feature","geometry":{"type":"Polygon","coordinates":[[[22.1776276,45.8433242],[22.17804,45.8435799],[22.1780958,45.8435362],[22.1782552,45.8436351],[22.1786357,45.8433374],[22.1783814,45.8431797],[22.1783231,45.8432253],[22.1780056,45.8430284],[22.1776276,45.8433242]]]},"properties":{"voltage":"","name":""}},{"type":"Feature","geometry":{"type":"Polygon","coordinates":[[[20.9484443,46.1253593],[20.9493354,46.1250565],[20.9490159,46.124605],[20.9481248,46.1249078],[20.9484443,46.1253593]]]},"properties":{"voltage":"110000","name":""}},{"type":"Feature","geometry":{"type":"Polygon","coordinates":[[[21.3007931,46.1628064],[21.3013232,46.1628016],[21.3013353,46.1634355],[21.3008053,46.1634404],[21.3007931,46.1628064]]]},"properties":{"voltage":"110000","name":""}},{"type":"Feature","geometry":{"type":"Polygon","coordinates":[[[21.019906,45.9345509],[21.0206694,45.9346413],[21.0205737,45.9351567],[21.0203076,45.9351295],[21.0202867,45.9352562],[21.0195928,45.935207],[21.0193478,45.9351879],[21.019382,45.9349612],[21.01956,45.9349773],[21.0198146,45.93483],[21.019906,45.9345509]]]},"properties":{"voltage":"110000","name":""}},{"type":"Feature","geometry":{"type":"Polygon","coordinates":[[[21.9202037,45.3464699],[21.9213887,45.3458397],[21.9215552,45.3459957],[21.9234534,45.3449953],[21.9228787,45.3444566],[21.9219988,45.3449204],[21.9212816,45.3442482],[21.9209189,45.3444394],[21.921193,45.3446963],[21.9202345,45.3452014],[21.9203408,45.3453011],[21.9196738,45.3456526],[21.9196388,45.3457311],[21.9195189,45.3458086],[21.9202037,45.3464699]]]},"properties":{"voltage":"220000","name":"Re\u0219i\u021ba"}},{"type":"Feature","geometry":{"type":"Polygon","coordinates":[[[22.1881219,45.4349332],[22.1890435,45.4350839],[22.1892596,45.4344332],[22.1883379,45.4342825],[22.1881219,45.4349332]]]},"properties":{"voltage":"","name":""}},{"type":"Feature","geometry":{"type":"Polygon","coordinates":[[[21.8719606,45.335449],[21.8725954,45.3357897],[21.8729882,45.335428],[21.8723534,45.3350873],[21.8719606,45.335449]]]},"properties":{"voltage":"","name":""}},{"type":"Feature","geometry":{"type":"Polygon","coordinates":[[[22.665969,44.6421197],[22.6677632,44.6433979],[22.6684013,44.6429445],[22.6666071,44.6416663],[22.665969,44.6421197]]]},"properties":{"voltage":"220000;110000","name":"Turnu Severin Est"}},{"type":"Feature","geometry":{"type":"Polygon","coordinates":[[[22.6982857,44.6918307],[22.6986895,44.6916913],[22.6983395,44.6911789],[22.6979357,44.6913183],[22.6982857,44.6918307]]]},"properties":{"voltage":"","name":""}},{"type":"Feature","geometry":{"type":"Polygon","coordinates":[[[22.6940693,44.6402484],[22.6952858,44.6400192],[22.6950011,44.6392545],[22.6948551,44.639275],[22.6945742,44.6391926],[22.6937351,44.6393508],[22.6940693,44.6402484]]]},"properties":{"voltage":"","name":""}},{"type":"Feature","geometry":{"type":"Polygon","coordinates":[[[21.2345472,45.4009077],[21.2353031,45.4011275],[21.235517,45.4007648],[21.234761,45.400545],[21.2345472,45.4009077]]]},"properties":{"voltage":"","name":""}},{"type":"Feature","geometry":{"type":"Polygon","coordinates":[[[21.1761102,45.8181517],[21.1767221,45.818342],[21.1748997,45.821188],[21.1742877,45.8209977],[21.1761102,45.8181517]]]},"properties":{"voltage":"220000","name":"Calea Aradului"}},{"type":"Feature","geometry":{"type":"Polygon","coordinates":[[[21.1907773,45.7241221],[21.1922075,45.7250458],[21.1934134,45.7240712],[21.1928925,45.7237386],[21.1929286,45.7236703],[21.1920627,45.7231074],[21.1916136,45.7234777],[21.1907773,45.7241221]]]},"properties":{"voltage":"110000","name":""}},{"type":"Feature","geometry":{"type":"Polygon","coordinates":[[[21.1578524,45.7608819],[21.1604496,45.7606678],[21.1603021,45.7597967],[21.1584573,45.7599488],[21.1584482,45.7598949],[21.1571324,45.7600034],[21.1572377,45.7606251],[21.1578011,45.7605787],[21.1578524,45.7608819]]]},"properties":{"voltage":"220000;110000","name":"Sta\u021bia Electric\u0103 S\u0103c\u0103laz"}},{"type":"Feature","geometry":{"type":"Polygon","coordinates":[[[20.6753115,44.8612203],[20.6761306,44.8616314],[20.6767771,44.8609843],[20.675958,44.8605732],[20.6754096,44.8611222],[20.6753115,44.8612203]]]},"properties":{"voltage":"110000;20000","name":"\u041f\u0430\u043d\u0447\u0435\u0432\u043e 4"}},{"type":"Feature","geometry":{"type":"Polygon","coordinates":[[[22.5250678,45.9396691],[22.526132,45.9394559],[22.5260297,45.939209],[22.5249655,45.9394223],[22.5250206,45.9395552],[22.5250678,45.9396691]]]},"properties":{"voltage":"110000","name":""}},{"type":"Feature","geometry":{"type":"Polygon","coordinates":[[[21.8733154,45.6954698],[21.873866,45.6951177],[21.8735544,45.69488],[21.8731791,45.69512],[21.8730672,45.6950345],[21.8728918,45.6951467],[21.8733154,45.6954698]]]},"properties":{"voltage":"","name":""}},{"type":"Feature","geometry":{"type":"Polygon","coordinates":[[[22.3362783,45.5104142],[22.3365849,45.5106534],[22.3369671,45.5104128],[22.3366622,45.5101749],[22.3366143,45.510205],[22.3365845,45.5101818],[22.33648,45.5102475],[22.3365044,45.5102666],[22.3364276,45.5103149],[22.3364056,45.5102977],[22.3362964,45.5103664],[22.3363222,45.5103866],[22.3362783,45.5104142]]]},"properties":{"voltage":"","name":""}},{"type":"Feature","geometry":{"type":"Polygon","coordinates":[[[22.3203329,45.1975963],[22.3211211,45.1975207],[22.3210317,45.197058],[22.3202435,45.1971337],[22.3203329,45.1975963]]]},"properties":{"voltage":"","name":""}},{"type":"Feature","geometry":{"type":"Polygon","coordinates":[[[21.8277001,45.0420817],[21.8284123,45.042197],[21.8286337,45.0415143],[21.8279214,45.041399],[21.8277001,45.0420817]]]},"properties":{"voltage":"","name":""}},{"type":"Feature","geometry":{"type":"Polygon","coordinates":[[[22.2283418,45.3929796],[22.2291503,45.3931137],[22.229302,45.3926627],[22.2284934,45.3925286],[22.2283418,45.3929796]]]},"properties":{"voltage":"","name":""}},{"type":"Feature","geometry":{"type":"Polygon","coordinates":[[[21.8596446,45.0959531],[21.859508,45.0955934],[21.858774,45.0957322],[21.8589105,45.096092],[21.8596446,45.0959531]]]},"properties":{"voltage":"","name":""}},{"type":"Feature","geometry":{"type":"Polygon","coordinates":[[[21.8879071,45.3030651],[21.8881923,45.3035088],[21.8884165,45.3034374],[21.889202,45.304659],[21.8876638,45.3051483],[21.8865931,45.3034831],[21.8879071,45.3030651]]]},"properties":{"voltage":"110000;20000;6000","name":"Mociur Electrical Power Station 110/20/6 kV"}},{"type":"Feature","geometry":{"type":"Polygon","coordinates":[[[21.8998185,45.2976061],[21.9003574,45.2974171],[21.900307,45.2973459],[21.90006,45.2974325],[21.9000214,45.297378],[21.8997294,45.2974804],[21.8998185,45.2976061]]]},"properties":{"voltage":"","name":""}},{"type":"Feature","geometry":{"type":"Polygon","coordinates":[[[21.6933774,46.077561],[21.6932422,46.0778631],[21.6933053,46.0778767],[21.6931466,46.0782313],[21.6938595,46.0783848],[21.6941534,46.0777281],[21.6933774,46.077561]]]},"properties":{"voltage":"110000","name":""}},{"type":"Feature","geometry":{"type":"Polygon","coordinates":[[[21.6769029,46.0916311],[21.6777723,46.0913558],[21.677672,46.0912035],[21.6779242,46.0911236],[21.6778189,46.0909636],[21.6766973,46.0913189],[21.6769029,46.0916311]]]},"properties":{"voltage":"110000","name":""}},{"type":"Feature","geometry":{"type":"Polygon","coordinates":[[[22.130136,46.0198897],[22.129761,46.0201518],[22.129403,46.0199047],[22.1289213,46.0202414],[22.1286472,46.0200522],[22.1293641,46.0195514],[22.1296421,46.0197432],[22.1297821,46.0196455],[22.130136,46.0198897]]]},"properties":{"voltage":"","name":""}},{"type":"Feature","geometry":{"type":"Polygon","coordinates":[[[22.957291,45.598984],[22.9571964,45.5989261],[22.9572988,45.5988441],[22.9573934,45.5989019],[22.957291,45.598984]]]},"properties":{"voltage":"","name":""}},{"type":"Feature","geometry":{"type":"Polygon","coordinates":[[[22.1582188,43.4015257],[22.1584727,43.4019401],[22.1591354,43.4017257],[22.1591788,43.4017965],[22.1594822,43.4016984],[22.159185,43.4012132],[22.1586875,43.4013741],[22.1582188,43.4015257]]]},"properties":{"voltage":"","name":""}},{"type":"Feature","geometry":{"type":"Polygon","coordinates":[[[22.5422318,44.6700404],[22.5430606,44.6707731],[22.5385177,44.6734506],[22.5352427,44.6744254],[22.5346205,44.6738888],[22.5363626,44.6728041],[22.538522,44.6721561],[22.5422318,44.6700404]]]},"properties":{"voltage":"400000;220000","name":"Portile de Fier"}},{"type":"Feature","geometry":{"type":"Polygon","coordinates":[[[22.3050299,45.1121875],[22.3054798,45.1122235],[22.3055869,45.1115574],[22.305137,45.1115214],[22.3050299,45.1121875]]]},"properties":{"voltage":"","name":""}},{"type":"Feature","geometry":{"type":"Polygon","coordinates":[[[22.3872922,44.7714493],[22.387366,44.7718007],[22.3879367,44.7717403],[22.3879946,44.7720158],[22.3891422,44.7718943],[22.3889984,44.7712105],[22.3880793,44.7713079],[22.3880912,44.7713646],[22.3872922,44.7714493]]]},"properties":{"voltage":"","name":""}},{"type":"Feature","geometry":{"type":"Polygon","coordinates":[[[22.9710596,44.0303218],[22.9710615,44.0302916],[22.9711185,44.0302934],[22.9711167,44.0303236],[22.9710596,44.0303218]]]},"properties":{"voltage":"","name":""}},{"type":"Feature","geometry":{"type":"Polygon","coordinates":[[[22.9504359,44.0297769],[22.9504419,44.0297307],[22.9504948,44.0297342],[22.9504887,44.0297805],[22.9504359,44.0297769]]]},"properties":{"voltage":"","name":""}},{"type":"Feature","geometry":{"type":"Polygon","coordinates":[[[22.9645047,44.0319427],[22.9645438,44.0319639],[22.9645719,44.0319372],[22.9645328,44.0319159],[22.9645047,44.0319427]]]},"properties":{"voltage":"","name":""}},{"type":"Feature","geometry":{"type":"Polygon","coordinates":[[[22.9602965,44.0268019],[22.9603624,44.0268104],[22.9603551,44.0268395],[22.9602893,44.026831],[22.9602965,44.0268019]]]},"properties":{"voltage":"","name":""}},{"type":"Feature","geometry":{"type":"Polygon","coordinates":[[[22.9686489,44.0337392],[22.9686094,44.0337147],[22.9685752,44.0337431],[22.9686147,44.0337676],[22.9686489,44.0337392]]]},"properties":{"voltage":"","name":""}},{"type":"Feature","geometry":{"type":"Polygon","coordinates":[[[22.9704676,44.0265475],[22.9705109,44.0265633],[22.9704914,44.0265909],[22.9704481,44.0265751],[22.9704676,44.0265475]]]},"properties":{"voltage":"","name":""}},{"type":"Feature","geometry":{"type":"Polygon","coordinates":[[[22.9658947,44.0156251],[22.9659429,44.0156355],[22.9659548,44.015607],[22.9659294,44.0156015],[22.9659066,44.0155966],[22.9658947,44.0156251]]]},"properties":{"voltage":"","name":""}},{"type":"Feature","geometry":{"type":"Polygon","coordinates":[[[22.8680053,43.9949001],[22.8681025,43.9948643],[22.8681624,43.9949484],[22.8680652,43.9949842],[22.8680053,43.9949001]]]},"properties":{"voltage":"","name":""}},{"type":"Feature","geometry":{"type":"Polygon","coordinates":[[[20.1079559,44.6855618],[20.1067275,44.6845962],[20.1109797,44.6818615],[20.112555,44.6830998],[20.1101657,44.6846364],[20.1098814,44.684413],[20.1098188,44.6843638],[20.1079559,44.6855618]]]},"properties":{"voltage":"400000","name":"\u041c\u043b\u0430\u0434\u043e\u0441\u0442"}},{"type":"Feature","geometry":{"type":"Polygon","coordinates":[[[20.4057815,44.7642502],[20.4062415,44.7651591],[20.4068704,44.7650023],[20.4069609,44.7651968],[20.4070368,44.7651814],[20.4074409,44.7650995],[20.4073068,44.7647262],[20.407111,44.76429],[20.406824,44.7642882],[20.4065289,44.7643567],[20.4064176,44.7641496],[20.4063139,44.7641177],[20.4057815,44.7642502]]]},"properties":{"voltage":"110000;35000","name":"\u0411\u0435\u043e\u0433\u0440\u0430\u0434 2"}},{"type":"Feature","geometry":{"type":"Polygon","coordinates":[[[20.3761499,44.7705147],[20.3765541,44.7702248],[20.3758844,44.7697542],[20.3754802,44.7700441],[20.3757313,44.7702157],[20.3761499,44.7705147]]]},"properties":{"voltage":"110000;10000","name":"\u0411\u0435\u043e\u0433\u0440\u0430\u0434 32"}},{"type":"Feature","geometry":{"type":"Polygon","coordinates":[[[20.3827447,44.8235089],[20.3818723,44.8237178],[20.3814637,44.8228848],[20.3857134,44.8218528],[20.3861264,44.8226778],[20.3865021,44.8234282],[20.384895,44.8238166],[20.3830879,44.8242534],[20.3827447,44.8235089]]]},"properties":{"voltage":"220000;110000;35000","name":"\u0411\u0435\u043e\u0433\u0440\u0430\u0434 5"}},{"type":"Feature","geometry":{"type":"Polygon","coordinates":[[[22.1211805,44.0544201],[22.1221438,44.0557569],[22.1223431,44.0556901],[22.1224427,44.0556471],[22.1226952,44.0555707],[22.1231602,44.0554704],[22.1233927,44.0554132],[22.1235654,44.0553606],[22.1249346,44.0548242],[22.1247675,44.0545954],[22.1247728,44.0545699],[22.1249585,44.0544964],[22.1245861,44.0539989],[22.1245185,44.0539565],[22.1244003,44.0539534],[22.1243763,44.0539236],[22.1243244,44.0538592],[22.1243677,44.0536855],[22.1240836,44.0533172],[22.1211805,44.0544201]]]},"properties":{"voltage":"400000;110000","name":"\u0411\u043e\u0440 2"}},{"type":"Feature","geometry":{"type":"Polygon","coordinates":[[[22.5236375,44.6662404],[22.5256212,44.6651052],[22.525442,44.6649499],[22.5258872,44.6647008],[22.5255713,44.6644127],[22.5257088,44.664339],[22.5253043,44.6640072],[22.5246157,44.6642749],[22.5223804,44.6655901],[22.5230611,44.6658941],[22.523253,44.6659502],[22.5233729,44.6660624],[22.5234152,44.6660405],[22.5236375,44.6662404]]]},"properties":{"voltage":"400000","name":"\u0402\u0435\u0440\u0434\u0430\u043f 1"}},{"type":"Feature","geometry":{"type":"Polygon","coordinates":[[[20.4150073,45.3575874],[20.4157929,45.3581382],[20.4154222,45.3583992],[20.4146366,45.3578484],[20.4150073,45.3575874]]]},"properties":{"voltage":"","name":""}},{"type":"Feature","geometry":{"type":"Polygon","coordinates":[[[20.4111263,45.3595772],[20.4104052,45.3591509],[20.4112299,45.3581319],[20.4118121,45.3583616],[20.4122311,45.3585971],[20.4111263,45.3595772]]]},"properties":{"voltage":"110000","name":"\u0422\u0440\u0430\u0444\u043e\u0441\u0442\u0430\u043d\u0438\u0446\u0430 \u0417\u0440\u0435\u045a\u0430\u043d\u0438\u043d 4"}},{"type":"Feature","geometry":{"type":"Polygon","coordinates":[[[20.9620548,44.5973472],[20.9650131,44.5973569],[20.9650181,44.5965771],[20.9650197,44.5963359],[20.9639642,44.5963324],[20.9639676,44.5958126],[20.9624325,44.5958076],[20.9624264,44.5967525],[20.9620586,44.5967513],[20.9620548,44.5973472]]]},"properties":{"voltage":"400000;220000;110000","name":"\u0421\u043c\u0435\u0434\u0435\u0440\u0435\u0432\u043e 3"}},{"type":"Feature","geometry":{"type":"Polygon","coordinates":[[[20.5879814,44.7343106],[20.5887808,44.7350302],[20.5896027,44.7357294],[20.5899778,44.7360486],[20.5885183,44.7369049],[20.5870911,44.7377311],[20.5866848,44.7373719],[20.5862258,44.7370484],[20.5860881,44.7369405],[20.5858197,44.736647],[20.5855443,44.736341],[20.5853995,44.736193],[20.5851001,44.7359658],[20.5857698,44.7356042],[20.5879814,44.7343106]]]},"properties":{"voltage":"400000;220000","name":"\u0411\u0435\u043e\u0433\u0440\u0430\u0434 8"}},{"type":"Feature","geometry":{"type":"Polygon","coordinates":[[[21.2931887,43.9559583],[21.2938594,43.9560902],[21.2947445,43.9562579],[21.2948565,43.9559491],[21.2947125,43.9557694],[21.2953527,43.9541586],[21.2946164,43.9540065],[21.2948405,43.9534073],[21.2934288,43.95311],[21.2925549,43.9553891],[21.2933488,43.9555458],[21.2931887,43.9559583]]]},"properties":{"voltage":"400000;110000","name":"\u0408\u0430\u0433\u043e\u0434\u0438\u043d\u0430 4"}},{"type":"Feature","geometry":{"type":"Polygon","coordinates":[[[21.2938428,43.9515905],[21.2938813,43.9509222],[21.2938282,43.9508749],[21.2938428,43.9508507],[21.2939517,43.9508277],[21.2941382,43.9507964],[21.2941534,43.9502538],[21.2958948,43.9502769],[21.2959049,43.950755],[21.2963622,43.950756],[21.2963523,43.9515989],[21.2963107,43.9516149],[21.2940424,43.9515714],[21.2938428,43.9515905]]]},"properties":{"voltage":"","name":""}},{"type":"Feature","geometry":{"type":"Polygon","coordinates":[[[20.4910835,44.8429335],[20.4924052,44.843339],[20.4928925,44.8425672],[20.4923459,44.8424008],[20.4922177,44.8424422],[20.4921078,44.8424095],[20.4920894,44.8423118],[20.4917838,44.8422116],[20.4915483,44.8425831],[20.491326,44.8425116],[20.4910835,44.8429335]]]},"properties":{"voltage":"110000;35000","name":"\u0411\u0435\u043e\u0433\u0440\u0430\u0434 7"}},{"type":"Feature","geometry":{"type":"Polygon","coordinates":[[[21.9906497,43.2954326],[21.9907057,43.2961467],[21.9907389,43.2964262],[21.9914445,43.2964111],[21.9914216,43.2955028],[21.9913456,43.2955031],[21.9912907,43.2955033],[21.9912568,43.2954519],[21.9912003,43.2954198],[21.9906497,43.2954326]]]},"properties":{"voltage":"","name":""}},{"type":"Feature","geometry":{"type":"Polygon","coordinates":[[[22.6691283,45.938019],[22.6702394,45.9378309],[22.6701148,45.9374751],[22.6690038,45.9376633],[22.6691283,45.938019]]]},"properties":{"voltage":"","name":""}},{"type":"Feature","geometry":{"type":"Polygon","coordinates":[[[21.8336628,43.3148984],[21.8344804,43.3143828],[21.8346907,43.3145593],[21.8351141,43.3142923],[21.8355575,43.3146645],[21.8350295,43.3149975],[21.8351488,43.3150977],[21.8350236,43.3151767],[21.8348837,43.3150592],[21.8345831,43.3152488],[21.8347648,43.3154013],[21.8346489,43.3154744],[21.8344949,43.3153452],[21.8335088,43.315967],[21.8332228,43.3157269],[21.8340376,43.3152131],[21.8336628,43.3148984]]]},"properties":{"voltage":"110000;35000","name":"\u041d\u0438\u0448 1"}},{"type":"Feature","geometry":{"type":"Polygon","coordinates":[[[21.8614989,43.3115983],[21.8617427,43.3116974],[21.8622337,43.311798],[21.8632078,43.3117887],[21.863254,43.311451],[21.8633093,43.3112051],[21.863396,43.3109389],[21.8634229,43.3108564],[21.862529,43.3106687],[21.8622556,43.3108296],[21.8622586,43.3108877],[21.8622185,43.3109279],[21.8621849,43.3109615],[21.8621296,43.3109324],[21.8619668,43.3110509],[21.861804,43.311223],[21.8614989,43.3115983]]]},"properties":{"voltage":"110000;10000","name":"\u041d\u0438\u0448 8"}},{"type":"Feature","geometry":{"type":"Polygon","coordinates":[[[21.88315,43.3411197],[21.8822381,43.3404727],[21.8827569,43.3400859],[21.8828306,43.340031],[21.8837425,43.340678],[21.88315,43.3411197]]]},"properties":{"voltage":"110000;10000","name":"\u041d\u0438\u0448 10"}},{"type":"Feature","geometry":{"type":"Polygon","coordinates":[[[20.9494618,44.7505138],[20.9507146,44.7505697],[20.9506755,44.7510106],[20.9494227,44.7509546],[20.9494618,44.7505138]]]},"properties":{"voltage":"","name":""}},{"type":"Feature","geometry":{"type":"Polygon","coordinates":[[[21.1157136,44.750005],[21.1166702,44.7500046],[21.1166696,44.7492817],[21.1157129,44.7492821],[21.1157136,44.750005]]]},"properties":{"voltage":"","name":""}},{"type":"Feature","geometry":{"type":"Polygon","coordinates":[[[20.6848194,44.8273089],[20.6852587,44.8275528],[20.685336,44.8274673],[20.68553,44.8275733],[20.6857811,44.8273378],[20.6855539,44.8272337],[20.685523,44.8272685],[20.6853964,44.8272086],[20.6853361,44.8271823],[20.6854015,44.827111],[20.6851327,44.8269838],[20.6848194,44.8273089]]]},"properties":{"voltage":"220000","name":"\u041d\u0418\u0421"}},{"type":"Feature","geometry":{"type":"Polygon","coordinates":[[[20.6672398,44.8309153],[20.6663856,44.8308536],[20.665579,44.8304385],[20.6668363,44.8291918],[20.6682456,44.829916],[20.6675093,44.8306475],[20.6672398,44.8309153]]]},"properties":{"voltage":"220000","name":"\u0425\u0418\u041f"}},{"type":"Feature","geometry":{"type":"Polygon","coordinates":[[[21.5243827,44.0861248],[21.5244921,44.0865099],[21.5245936,44.0868042],[21.5254292,44.0865689],[21.5262981,44.0863305],[21.5260432,44.0858872],[21.5247106,44.0858369],[21.5247187,44.0861288],[21.5243827,44.0861248]]]},"properties":{"voltage":"","name":""}},{"type":"Feature","geometry":{"type":"Polygon","coordinates":[[[20.3932678,45.4122423],[20.3931794,45.4143547],[20.3954981,45.4144025],[20.3955865,45.4122901],[20.3945599,45.412269],[20.3932678,45.4122423]]]},"properties":{"voltage":"220000;110000","name":"\u0417\u0440\u0435\u045a\u0430\u043d\u0438\u043d 2"}},{"type":"Feature","geometry":{"type":"Polygon","coordinates":[[[22.9753144,44.7952442],[22.9760263,44.7949729],[22.9755948,44.7944027],[22.9748829,44.794674],[22.9753144,44.7952442]]]},"properties":{"voltage":"","name":""}},{"type":"Feature","geometry":{"type":"Polygon","coordinates":[[[22.8497004,44.4302256],[22.8501562,44.4304781],[22.8508592,44.4298308],[22.8502142,44.4294736],[22.8498302,44.4298272],[22.8500194,44.4299319],[22.8497004,44.4302256]]]},"properties":{"voltage":"","name":""}},{"type":"Feature","geometry":{"type":"Polygon","coordinates":[[[20.9778506,45.5477625],[20.9778506,45.5483335],[20.9786336,45.5483335],[20.9786336,45.5477625],[20.9778506,45.5477625]]]},"properties":{"voltage":"","name":""}},{"type":"Feature","geometry":{"type":"Polygon","coordinates":[[[22.0086466,44.6240641],[22.008632,44.6239512],[22.0089799,44.6239284],[22.0089946,44.6240413],[22.0088247,44.6240524],[22.0086466,44.6240641]]]},"properties":{"voltage":"","name":""}},{"type":"Feature","geometry":{"type":"Polygon","coordinates":[[[20.943017,44.3561592],[20.9441727,44.3560714],[20.9441075,44.3556322],[20.943319,44.3556921],[20.9433113,44.3556402],[20.9429441,44.3556681],[20.943017,44.3561592]]]},"properties":{"voltage":"","name":""}},{"type":"Feature","geometry":{"type":"Polygon","coordinates":[[[20.9256582,44.6426127],[20.9271065,44.6431815],[20.9278567,44.6429593],[20.9279561,44.642917],[20.9277025,44.6427226],[20.9271268,44.6425778],[20.9271492,44.6425404],[20.9260186,44.6421126],[20.9256582,44.6426127]]]},"properties":{"voltage":"","name":""}},{"type":"Feature","geometry":{"type":"Polygon","coordinates":[[[22.8925846,46.0338245],[22.8928611,46.0338178],[22.8928591,46.0337785],[22.893521,46.0337624],[22.8935029,46.0334022],[22.8929914,46.0334146],[22.8929863,46.0333144],[22.8925595,46.0333247],[22.8925846,46.0338245]]]},"properties":{"voltage":"110000","name":""}},{"type":"Feature","geometry":{"type":"Polygon","coordinates":[[[21.9114146,43.3098169],[21.9114106,43.310174],[21.9113774,43.3107831],[21.9116864,43.3108344],[21.9118062,43.3107033],[21.9118692,43.3105887],[21.9120435,43.3104244],[21.9118637,43.3103778],[21.9118601,43.3101638],[21.9118661,43.3098123],[21.9114146,43.3098169]]]},"properties":{"voltage":"","name":"\u041d\u0438\u0448 3"}},{"type":"Feature","geometry":{"type":"Polygon","coordinates":[[[21.2776695,45.1220882],[21.2782656,45.122202],[21.278459,45.1216975],[21.2781814,45.1216445],[21.2778629,45.1215837],[21.2776695,45.1220882]]]},"properties":{"voltage":"110000;20000","name":"\u0412\u0440\u0448\u0430\u0446 2"}},{"type":"Feature","geometry":{"type":"Polygon","coordinates":[[[21.4017586,44.3950308],[21.4027482,44.3953186],[21.4028197,44.3951836],[21.4037014,44.395377],[21.4035616,44.3957805],[21.4034669,44.3957589],[21.4031627,44.3962588],[21.4037617,44.3964197],[21.4036173,44.3966388],[21.4024239,44.3962905],[21.402535,44.3960783],[21.4013996,44.3957573],[21.4017586,44.3950308]]]},"properties":{"voltage":"","name":"Opstina SS"}},{"type":"Feature","geometry":{"type":"Polygon","coordinates":[[[21.1629241,44.2259006],[21.1611868,44.2255875],[21.1613703,44.2250635],[21.1622535,44.2252407],[21.1622795,44.2251715],[21.1627934,44.2252707],[21.1627669,44.2253414],[21.1630626,44.2253984],[21.1630446,44.2254464],[21.163089,44.2254578],[21.1629241,44.2259006]]]},"properties":{"voltage":"","name":""}},{"type":"Feature","geometry":{"type":"Polygon","coordinates":[[[21.3213312,44.5172255],[21.3221117,44.5172821],[21.322004,44.5177314],[21.3212569,44.5176677],[21.3213312,44.5172255]]]},"properties":{"voltage":"","name":""}},{"type":"Feature","geometry":{"type":"Polygon","coordinates":[[[22.6616039,44.6386296],[22.6615305,44.6386784],[22.6616061,44.638736],[22.6616795,44.6386872],[22.6616039,44.6386296]]]},"properties":{"voltage":"","name":""}},{"type":"Feature","geometry":{"type":"Polygon","coordinates":[[[22.6625955,44.6348299],[22.6626847,44.634829],[22.6626837,44.6347784],[22.6625945,44.6347792],[22.6625955,44.6348299]]]},"properties":{"voltage":"","name":""}},{"type":"Feature","geometry":{"type":"Polygon","coordinates":[[[20.1792442,44.4227841],[20.1792529,44.4239447],[20.1784163,44.4239478],[20.1784077,44.4227873],[20.1792442,44.4227841]]]},"properties":{"voltage":"","name":""}},{"type":"Feature","geometry":{"type":"Polygon","coordinates":[[[20.1918491,44.491598],[20.1923603,44.4916047],[20.1923751,44.4910346],[20.1922218,44.4910326],[20.1922246,44.4909234],[20.1918667,44.4909187],[20.1918491,44.491598]]]},"properties":{"voltage":"","name":""}},{"type":"Feature","geometry":{"type":"Polygon","coordinates":[[[20.2063517,44.5180417],[20.2062693,44.5183124],[20.2070643,44.5184356],[20.2071468,44.5181649],[20.2065332,44.5180699],[20.2063517,44.5180417]]]},"properties":{"voltage":"110000;25000","name":"\u0411\u0440\u0433\u0443\u043b\u0435"}},{"type":"Feature","geometry":{"type":"Polygon","coordinates":[[[22.6568998,44.6287955],[22.6569574,44.6287727],[22.6569259,44.6287324],[22.6568683,44.6287551],[22.6568998,44.6287955]]]},"properties":{"voltage":"","name":""}},{"type":"Feature","geometry":{"type":"Polygon","coordinates":[[[22.6558719,44.6390993],[22.655939,44.6391104],[22.6559561,44.639058],[22.655889,44.6390469],[22.6558719,44.6390993]]]},"properties":{"voltage":"","name":""}},{"type":"Feature","geometry":{"type":"Polygon","coordinates":[[[22.6777452,44.6332087],[22.6777998,44.6332084],[22.677799,44.6331363],[22.6777444,44.6331366],[22.6777452,44.6332087]]]},"properties":{"voltage":"","name":""}},{"type":"Feature","geometry":{"type":"Polygon","coordinates":[[[22.6744486,44.6347552],[22.6744484,44.6348104],[22.6745075,44.6348105],[22.6745077,44.6347553],[22.6744486,44.6347552]]]},"properties":{"voltage":"","name":""}},{"type":"Feature","geometry":{"type":"Polygon","coordinates":[[[22.6742903,44.6333143],[22.674189,44.6333143],[22.674189,44.6333961],[22.6742903,44.6333961],[22.6742903,44.6333143]]]},"properties":{"voltage":"","name":""}},{"type":"Feature","geometry":{"type":"Polygon","coordinates":[[[22.6558459,44.6407369],[22.655891,44.6407435],[22.6559123,44.6406704],[22.6558672,44.6406638],[22.6558459,44.6407369]]]},"properties":{"voltage":"","name":""}},{"type":"Feature","geometry":{"type":"Polygon","coordinates":[[[22.6574301,44.6404463],[22.6574935,44.6404562],[22.6575085,44.6404076],[22.6574452,44.6403977],[22.6574301,44.6404463]]]},"properties":{"voltage":"","name":""}},{"type":"Feature","geometry":{"type":"Polygon","coordinates":[[[22.6524512,44.6414889],[22.6525221,44.6414977],[22.6525373,44.6414356],[22.6524663,44.6414269],[22.6524512,44.6414889]]]},"properties":{"voltage":"","name":""}},{"type":"Feature","geometry":{"type":"Polygon","coordinates":[[[22.6538473,44.6387252],[22.6538636,44.6386604],[22.6538086,44.6386533],[22.6537922,44.6387182],[22.6538473,44.6387252]]]},"properties":{"voltage":"","name":""}},{"type":"Feature","geometry":{"type":"Polygon","coordinates":[[[22.6540185,44.6400349],[22.6540389,44.6399593],[22.653856,44.6399343],[22.6538355,44.6400099],[22.653858,44.640013],[22.6540185,44.6400349]]]},"properties":{"voltage":"","name":""}},{"type":"Feature","geometry":{"type":"Polygon","coordinates":[[[22.6541167,44.6413266],[22.6542118,44.6413401],[22.6542276,44.641284],[22.6541325,44.6412705],[22.6541167,44.6413266]]]},"properties":{"voltage":"","name":""}},{"type":"Feature","geometry":{"type":"Polygon","coordinates":[[[22.6489082,44.6423436],[22.6489621,44.6423622],[22.6488975,44.642457],[22.6488457,44.6424391],[22.6489082,44.6423436]]]},"properties":{"voltage":"","name":""}},{"type":"Feature","geometry":{"type":"Polygon","coordinates":[[[22.6508028,44.6432039],[22.6507491,44.6431853],[22.6508086,44.6430892],[22.6508651,44.6431075],[22.6508028,44.6432039]]]},"properties":{"voltage":"","name":""}},{"type":"Feature","geometry":{"type":"Polygon","coordinates":[[[22.64454,44.6364999],[22.6445244,44.6365311],[22.6446053,44.6365515],[22.6446208,44.6365202],[22.64454,44.6364999]]]},"properties":{"voltage":"","name":""}},{"type":"Feature","geometry":{"type":"Polygon","coordinates":[[[22.6480173,44.6405046],[22.6479585,44.6405],[22.6479519,44.6405429],[22.6480107,44.6405475],[22.6480173,44.6405046]]]},"properties":{"voltage":"","name":""}},{"type":"Feature","geometry":{"type":"Polygon","coordinates":[[[22.6490024,44.6401383],[22.6490163,44.6400893],[22.6491008,44.6401014],[22.6490869,44.6401505],[22.6490024,44.6401383]]]},"properties":{"voltage":"","name":""}},{"type":"Feature","geometry":{"type":"Polygon","coordinates":[[[22.6473395,44.6415692],[22.6474101,44.6415914],[22.6474562,44.6415173],[22.6473857,44.6414951],[22.6473395,44.6415692]]]},"properties":{"voltage":"","name":""}},{"type":"Feature","geometry":{"type":"Polygon","coordinates":[[[22.6455734,44.6406835],[22.6455505,44.6407196],[22.6454084,44.6406739],[22.6454313,44.6406378],[22.6455734,44.6406835]]]},"properties":{"voltage":"","name":""}},{"type":"Feature","geometry":{"type":"Polygon","coordinates":[[[22.6462039,44.643236],[22.6461624,44.6432211],[22.646219,44.6431414],[22.6462604,44.6431563],[22.6462039,44.643236]]]},"properties":{"voltage":"","name":""}},{"type":"Feature","geometry":{"type":"Polygon","coordinates":[[[22.6461043,44.6444537],[22.6461831,44.6444813],[22.6462271,44.6444179],[22.6461483,44.6443902],[22.6461043,44.6444537]]]},"properties":{"voltage":"","name":"PTCZ 332"}},{"type":"Feature","geometry":{"type":"Polygon","coordinates":[[[22.6399339,44.6420839],[22.639905,44.6421284],[22.6399855,44.6421548],[22.6400144,44.6421103],[22.6399339,44.6420839]]]},"properties":{"voltage":"","name":""}},{"type":"Feature","geometry":{"type":"Polygon","coordinates":[[[22.6426869,44.6405221],[22.6427196,44.6404715],[22.6425796,44.6404251],[22.6425478,44.6404758],[22.6426869,44.6405221]]]},"properties":{"voltage":"","name":""}},{"type":"Feature","geometry":{"type":"Polygon","coordinates":[[[22.6647792,44.6316034],[22.6647787,44.6316573],[22.6646999,44.6316569],[22.6647004,44.6316031],[22.6647792,44.6316034]]]},"properties":{"voltage":"","name":""}},{"type":"Feature","geometry":{"type":"Polygon","coordinates":[[[22.6718502,44.6336933],[22.6717874,44.6336948],[22.6717828,44.6335933],[22.6718456,44.6335918],[22.6718502,44.6336933]]]},"properties":{"voltage":"","name":""}},{"type":"Feature","geometry":{"type":"Polygon","coordinates":[[[22.6698228,44.6336147],[22.6698231,44.6335949],[22.669746,44.633595],[22.6697458,44.6336153],[22.6698228,44.6336147]]]},"properties":{"voltage":"","name":""}},{"type":"Feature","geometry":{"type":"Polygon","coordinates":[[[22.6698226,44.6348715],[22.6698256,44.634926],[22.6699108,44.6349236],[22.6699077,44.6348691],[22.6698226,44.6348715]]]},"properties":{"voltage":"","name":""}},{"type":"Feature","geometry":{"type":"Polygon","coordinates":[[[22.6705714,44.6353701],[22.6705727,44.635423],[22.670642,44.6354221],[22.6706407,44.6353686],[22.6705714,44.6353701]]]},"properties":{"voltage":"","name":""}},{"type":"Feature","geometry":{"type":"Polygon","coordinates":[[[22.6642673,44.6344459],[22.6642661,44.6343802],[22.6643474,44.6343795],[22.6643486,44.6344452],[22.6642673,44.6344459]]]},"properties":{"voltage":"","name":""}},{"type":"Feature","geometry":{"type":"Polygon","coordinates":[[[22.6679162,44.6336407],[22.6679803,44.6336373],[22.6679764,44.6336],[22.6679123,44.6336034],[22.6679162,44.6336407]]]},"properties":{"voltage":"","name":""}},{"type":"Feature","geometry":{"type":"Polygon","coordinates":[[[22.6683043,44.635178],[22.6682245,44.6351795],[22.668222,44.6351137],[22.6683018,44.6351122],[22.6683043,44.635178]]]},"properties":{"voltage":"","name":""}},{"type":"Feature","geometry":{"type":"Polygon","coordinates":[[[22.6654772,44.6383233],[22.6654309,44.6383245],[22.6654239,44.6381924],[22.6654701,44.6381911],[22.6654772,44.6383233]]]},"properties":{"voltage":"","name":""}},{"type":"Feature","geometry":{"type":"Polygon","coordinates":[[[22.6731709,44.6276194],[22.6731091,44.6276275],[22.6730948,44.6275724],[22.6731566,44.6275643],[22.6731709,44.6276194]]]},"properties":{"voltage":"","name":""}},{"type":"Feature","geometry":{"type":"Polygon","coordinates":[[[22.6718598,44.6309204],[22.6718598,44.6308189],[22.6718113,44.6308189],[22.6718113,44.6309204],[22.6718598,44.6309204]]]},"properties":{"voltage":"","name":""}},{"type":"Feature","geometry":{"type":"Polygon","coordinates":[[[22.6707285,44.6319622],[22.6708049,44.6319619],[22.6708044,44.6319082],[22.670728,44.6319086],[22.6707285,44.6319622]]]},"properties":{"voltage":"","name":""}},{"type":"Feature","geometry":{"type":"Polygon","coordinates":[[[22.6419158,44.6207116],[22.6422135,44.6207822],[22.6423812,44.6204237],[22.6420834,44.6203531],[22.6419158,44.6207116]]]},"properties":{"voltage":"","name":""}},{"type":"Feature","geometry":{"type":"Polygon","coordinates":[[[22.6632398,44.6382248],[22.6632974,44.6381887],[22.6632565,44.6381556],[22.6631988,44.6381916],[22.6632398,44.6382248]]]},"properties":{"voltage":"","name":""}},{"type":"Feature","geometry":{"type":"Polygon","coordinates":[[[22.6587834,44.6372335],[22.6588544,44.6372447],[22.6588703,44.637194],[22.6587993,44.6371827],[22.6587834,44.6372335]]]},"properties":{"voltage":"","name":""}},{"type":"Feature","geometry":{"type":"Polygon","coordinates":[[[22.6573497,44.6415874],[22.6573361,44.6416344],[22.6574121,44.6416456],[22.6574257,44.6415985],[22.6573497,44.6415874]]]},"properties":{"voltage":"","name":""}},{"type":"Feature","geometry":{"type":"Polygon","coordinates":[[[22.6179619,44.6254463],[22.6180342,44.6254353],[22.6180204,44.6253892],[22.6179481,44.6254002],[22.6179619,44.6254463]]]},"properties":{"voltage":"","name":""}},{"type":"Feature","geometry":{"type":"Polygon","coordinates":[[[21.7085703,43.5245574],[21.7091863,43.5247058],[21.7095545,43.5239021],[21.7089384,43.5237537],[21.7085703,43.5245574]]]},"properties":{"voltage":"110000;35000","name":"\u0410\u043b\u0435\u043a\u0441\u0438\u043d\u0430\u0446"}},{"type":"Feature","geometry":{"type":"Polygon","coordinates":[[[21.9483603,43.0096159],[21.9500052,43.0091963],[21.9498366,43.0089539],[21.9495032,43.0084745],[21.9493454,43.0082477],[21.9479684,43.0086309],[21.9483603,43.0096159]]]},"properties":{"voltage":"","name":""}},{"type":"Feature","geometry":{"type":"Polygon","coordinates":[[[21.9412698,43.0034106],[21.9417468,43.0034151],[21.9417442,43.0023597],[21.94125,43.0023462],[21.9412545,43.003122],[21.9412698,43.0034106]]]},"properties":{"voltage":"","name":""}},{"type":"Feature","geometry":{"type":"Polygon","coordinates":[[[21.440092,43.8664394],[21.4408608,43.8665255],[21.4408356,43.8666396],[21.4412326,43.8666843],[21.4412762,43.8664394],[21.441251,43.8664378],[21.4412234,43.8660539],[21.441189,43.8658338],[21.4407468,43.8657868],[21.4406791,43.8660394],[21.4401907,43.8659728],[21.440092,43.8664394]]]},"properties":{"voltage":"","name":""}},{"type":"Feature","geometry":{"type":"Polygon","coordinates":[[[21.5732734,43.228889],[21.5738605,43.2289702],[21.5743163,43.2290372],[21.5744829,43.2285668],[21.5734708,43.2283765],[21.5732734,43.228889]]]},"properties":{"voltage":"","name":""}},{"type":"Feature","geometry":{"type":"Polygon","coordinates":[[[20.0906634,44.3456132],[20.0912043,44.3453822],[20.0910212,44.3451629],[20.0904802,44.3453938],[20.0906634,44.3456132]]]},"properties":{"voltage":"110000;25000","name":"\u0421\u043b\u043e\u0432\u0430\u0446"}},{"type":"Feature","geometry":{"type":"Polygon","coordinates":[[[20.1566021,44.3719033],[20.1563727,44.3722701],[20.1559497,44.372135],[20.156179,44.3717681],[20.1566021,44.3719033]]]},"properties":{"voltage":"35000;10000","name":"\u0442\u0440\u0430\u0444\u043e\u0441\u0442\u0430\u043d\u0438\u0446\u0430 35/10 kV \u201e\u041b\u0430\u0458\u043a\u043e\u0432\u0430\u0446 2\u201d"}},{"type":"Feature","geometry":{"type":"Polygon","coordinates":[[[20.3969049,44.8035954],[20.3969033,44.8036232],[20.396965,44.8036249],[20.3969666,44.8035972],[20.3969049,44.8035954]]]},"properties":{"voltage":"","name":""}},{"type":"Feature","geometry":{"type":"Polygon","coordinates":[[[20.5036302,44.7790534],[20.5034189,44.7790875],[20.5033162,44.7790997],[20.5020925,44.7792786],[20.5019421,44.7787794],[20.5021413,44.7787476],[20.501934,44.7781935],[20.5025113,44.7781012],[20.5025438,44.7781935],[20.5026114,44.7781816],[20.5037187,44.7779858],[20.5039423,44.7782137],[20.5041171,44.7783234],[20.5043294,44.7789108],[20.5038482,44.7790131],[20.5036302,44.7790534]]]},"properties":{"voltage":"220000;110000","name":"\u0411\u0435\u043e\u0433\u0440\u0430\u0434 17"}},{"type":"Feature","geometry":{"type":"Polygon","coordinates":[[[20.9213459,44.0197847],[20.9213993,44.0197411],[20.9213579,44.0197149],[20.9213045,44.0197584],[20.9213459,44.0197847]]]},"properties":{"voltage":"","name":""}},{"type":"Feature","geometry":{"type":"Polygon","coordinates":[[[21.5967948,45.6412949],[21.5966976,45.6414247],[21.5968898,45.6415142],[21.5971085,45.6412285],[21.596892,45.6411312],[21.5970731,45.6409026],[21.5964181,45.6406338],[21.5959937,45.6411689],[21.5966361,45.6414005],[21.5967327,45.6412702],[21.5967619,45.6412818],[21.5967948,45.6412949]]]},"properties":{"voltage":"110000","name":"Buzia\u0219 110 kVA"}},{"type":"Feature","geometry":{"type":"Polygon","coordinates":[[[20.045145,43.8248127],[20.0445615,43.8247401],[20.0443155,43.8247095],[20.0437154,43.8246349],[20.0437996,43.8242827],[20.0438125,43.8242287],[20.042794,43.8241021],[20.043266,43.8221263],[20.0444109,43.8222687],[20.0443093,43.822694],[20.0451844,43.8228029],[20.0449472,43.8237961],[20.0449852,43.8238008],[20.0449389,43.8239946],[20.0453289,43.8240431],[20.045145,43.8248127]]]},"properties":{"voltage":"220000;110000;35000","name":"\u041f\u043e\u0436\u0435\u0433\u0430"}},{"type":"Feature","geometry":{"type":"Polygon","coordinates":[[[20.1951999,44.9556682],[20.1957714,44.9555869],[20.1959976,44.9555548],[20.1958495,44.9550033],[20.1953597,44.9550729],[20.1950437,44.9551178],[20.1951999,44.9556682]]]},"properties":{"voltage":"","name":""}},{"type":"Feature","geometry":{"type":"Polygon","coordinates":[[[20.323761,44.861614],[20.3227697,44.8608727],[20.3235467,44.8603507],[20.3244417,44.8610201],[20.3243908,44.8610557],[20.3242385,44.8611566],[20.3243347,44.8612286],[20.323761,44.861614]]]},"properties":{"voltage":"","name":""}},{"type":"Feature","geometry":{"type":"Polygon","coordinates":[[[21.9212702,43.3215312],[21.921123,43.3214812],[21.9209385,43.3212413],[21.9213115,43.3210643],[21.9213605,43.3209914],[21.9215254,43.3210757],[21.9215411,43.3211071],[21.9212702,43.3215312]]]},"properties":{"voltage":"","name":""}},{"type":"Feature","geometry":{"type":"Polygon","coordinates":[[[20.5424388,44.799177],[20.5427723,44.7983726],[20.5429414,44.7978455],[20.5430339,44.7978663],[20.5431545,44.7978933],[20.5432335,44.7979001],[20.5440306,44.7979677],[20.5441709,44.7979809],[20.5440748,44.7985031],[20.5442932,44.7987938],[20.5454157,44.7989029],[20.5460825,44.7991338],[20.545941,44.7993266],[20.5456835,44.7995911],[20.5448479,44.8004976],[20.544565,44.8003766],[20.544116,44.8009236],[20.5439062,44.8009899],[20.5435594,44.8008838],[20.5434946,44.8008098],[20.5434239,44.8007932],[20.5433382,44.800773],[20.543247,44.8007937],[20.5422189,44.8005224],[20.5421068,44.8003628],[20.5426014,44.7992358],[20.5424388,44.799177]]]},"properties":{"voltage":"400000;110000","name":"\u0411\u0435\u043e\u0433\u0440\u0430\u0434 20"}},{"type":"Feature","geometry":{"type":"Polygon","coordinates":[[[20.4628351,44.7213889],[20.4674688,44.7217762],[20.4678834,44.7197139],[20.4676373,44.7196922],[20.4674893,44.7196739],[20.4675302,44.7194374],[20.4654417,44.7192629],[20.4652779,44.7192701],[20.4651294,44.7193065],[20.4631074,44.7198157],[20.4628351,44.7213889]]]},"properties":{"voltage":"220000;110000","name":"\u0411\u0435\u043e\u0433\u0440\u0430\u0434 3"}},{"type":"Feature","geometry":{"type":"Polygon","coordinates":[[[22.967209,44.8033044],[22.9673824,44.8032359],[22.9674441,44.8033145],[22.9672708,44.803383],[22.967209,44.8033044]]]},"properties":{"voltage":"","name":""}},{"type":"Feature","geometry":{"type":"Polygon","coordinates":[[[22.7765128,44.1586602],[22.7765688,44.1586503],[22.7765802,44.1586833],[22.7765368,44.158691],[22.7765242,44.1586933],[22.7765128,44.1586602]]]},"properties":{"voltage":"","name":""}},{"type":"Feature","geometry":{"type":"Polygon","coordinates":[[[22.8502903,43.0846834],[22.8502893,43.0846388],[22.8503391,43.0846358],[22.8503391,43.0846804],[22.8502903,43.0846834]]]},"properties":{"voltage":"","name":""}},{"type":"Feature","geometry":{"type":"Polygon","coordinates":[[[20.6318893,45.5119589],[20.63233,45.5116188],[20.6324054,45.5115606],[20.6327397,45.5113026],[20.6322767,45.5110024],[20.6314148,45.5116783],[20.6316531,45.5118192],[20.6318893,45.5119589]]]},"properties":{"voltage":"","name":"\u0422\u043e\u0440\u0430\u043a"}},{"type":"Feature","geometry":{"type":"Polygon","coordinates":[[[20.1709769,44.9729728],[20.1710908,44.9730685],[20.1714018,44.9733297],[20.171413,44.9733391],[20.1706388,44.9738004],[20.1705402,44.9737176],[20.1702027,44.973434],[20.1705758,44.9732117],[20.1709769,44.9729728]]]},"properties":{"voltage":"","name":"\u0421\u0442\u0430\u0440\u0430 \u041f\u0430\u0437\u043e\u0432\u0430"}},{"type":"Feature","geometry":{"type":"Polygon","coordinates":[[[20.1103598,45.0569731],[20.1109204,45.0571613],[20.1105067,45.0577764],[20.1104535,45.0577585],[20.1099461,45.0575882],[20.1103598,45.0569731]]]},"properties":{"voltage":"110000;20000","name":"\u0418\u043d\u0452\u0438\u0458\u0430 2"}},{"type":"Feature","geometry":{"type":"Polygon","coordinates":[[[20.2220597,44.6423619],[20.2212584,44.6423496],[20.2212754,44.6417892],[20.2213268,44.6416766],[20.2214098,44.6415697],[20.2215008,44.6414966],[20.221995,44.641505],[20.222082,44.6416232],[20.2220597,44.6423619]]]},"properties":{"voltage":"","name":"\u0411\u0435\u043e\u0433\u0440\u0430\u0434 10"}},{"type":"Feature","geometry":{"type":"Polygon","coordinates":[[[20.0445998,45.371169],[20.0450622,45.3715132],[20.0456991,45.3710909],[20.0452367,45.3707467],[20.0445998,45.371169]]]},"properties":{"voltage":"","name":""}},{"type":"Feature","geometry":{"type":"Polygon","coordinates":[[[20.3598839,45.3797351],[20.3599968,45.3793157],[20.3590792,45.3791939],[20.3589663,45.3796133],[20.3594821,45.3796818],[20.3598839,45.3797351]]]},"properties":{"voltage":"110000","name":"\u0422\u0440\u0430\u0444\u043e\u0441\u0442\u0430\u043d\u0438\u0446\u0430 \u0417\u0440\u0435\u045a\u0430\u043d\u0438\u043d 3"}},{"type":"Feature","geometry":{"type":"Polygon","coordinates":[[[20.3598671,45.3794587],[20.3598435,45.3795547],[20.3595677,45.3795211],[20.3595914,45.3794252],[20.3598671,45.3794587]]]},"properties":{"voltage":"","name":""}},{"type":"Feature","geometry":{"type":"Polygon","coordinates":[[[20.4280845,45.3847086],[20.4285961,45.3851221],[20.4276394,45.3855992],[20.4271711,45.3851958],[20.4280845,45.3847086]]]},"properties":{"voltage":"110000","name":"\u0422\u0440\u0430\u0444\u043e\u0441\u0442\u0430\u043d\u0438\u0446\u0430 \u0417\u0440\u0435\u045a\u0430\u043d\u0438\u043d 1"}},{"type":"Feature","geometry":{"type":"Polygon","coordinates":[[[20.1035226,45.7988127],[20.1045414,45.7992998],[20.105109,45.7987214],[20.1043376,45.7983764],[20.1038702,45.7984262],[20.1035226,45.7988127]]]},"properties":{"voltage":"","name":""}},{"type":"Feature","geometry":{"type":"Polygon","coordinates":[[[20.0157107,45.6091004],[20.0151318,45.6093182],[20.0146432,45.6086798],[20.0152135,45.6084852],[20.0157107,45.6091004]]]},"properties":{"voltage":"","name":""}},{"type":"Feature","geometry":{"type":"Polygon","coordinates":[[[20.1546186,45.5826472],[20.1535045,45.5832183],[20.1534804,45.5831953],[20.1528936,45.5826345],[20.1540077,45.5820634],[20.1546186,45.5826472]]]},"properties":{"voltage":"","name":""}},{"type":"Feature","geometry":{"type":"Polygon","coordinates":[[[20.4313795,45.8200851],[20.432158,45.8195319],[20.433053,45.8201437],[20.4323788,45.8206228],[20.4321173,45.820444],[20.4319843,45.8203531],[20.43188,45.8204272],[20.4313795,45.8200851]]]},"properties":{"voltage":"","name":""}},{"type":"Feature","geometry":{"type":"Polygon","coordinates":[[[20.4415431,45.8037665],[20.441341,45.8034279],[20.4415275,45.8033738],[20.4414492,45.8032426],[20.4417184,45.8031646],[20.4418013,45.8033034],[20.442418,45.8031245],[20.4425756,45.8033885],[20.4426155,45.8034554],[20.4420604,45.8036165],[20.4415431,45.8037665]]]},"properties":{"voltage":"","name":"\u041a\u0438\u043a\u0438\u043d\u0434\u0430 1"}},{"type":"Feature","geometry":{"type":"Polygon","coordinates":[[[20.6262954,45.6775073],[20.6257013,45.6775609],[20.6256062,45.6770458],[20.6262002,45.6769922],[20.6262954,45.6775073]]]},"properties":{"voltage":"","name":""}},{"type":"Feature","geometry":{"type":"Polygon","coordinates":[[[20.7238916,45.8031033],[20.7230911,45.803245],[20.7233102,45.8038469],[20.7233662,45.8038369],[20.7235346,45.8038072],[20.7234512,45.8035779],[20.7236717,45.8035389],[20.723625,45.8034106],[20.7239805,45.8033477],[20.7238916,45.8031033]]]},"properties":{"voltage":"110000","name":""}},{"type":"Feature","geometry":{"type":"Polygon","coordinates":[[[21.4107683,44.9063627],[21.4108506,44.9063704],[21.411241,44.9064072],[21.4112518,44.9064281],[21.4113195,44.9064342],[21.411351,44.9064148],[21.4119656,44.9064727],[21.4118809,44.9069241],[21.4106841,44.9068115],[21.4107683,44.9063627]]]},"properties":{"voltage":"","name":""}},{"type":"Feature","geometry":{"type":"Polygon","coordinates":[[[20.6830259,44.9575495],[20.6833265,44.9570266],[20.6827777,44.9568607],[20.6824744,44.9573895],[20.6830259,44.9575495]]]},"properties":{"voltage":"","name":""}},{"type":"Feature","geometry":{"type":"Polygon","coordinates":[[[21.2775875,45.105629],[21.2782631,45.1051696],[21.2785873,45.1054269],[21.2789525,45.1057166],[21.2782879,45.1061545],[21.2775875,45.105629]]]},"properties":{"voltage":"110000;35000","name":"\u0412\u0440\u0448\u0430\u0446 1"}},{"type":"Feature","geometry":{"type":"Polygon","coordinates":[[[20.6763145,44.8334748],[20.6759413,44.8339224],[20.675507,44.8337403],[20.6750503,44.8342879],[20.6758804,44.834636],[20.6767103,44.8336408],[20.6763145,44.8334748]]]},"properties":{"voltage":"110000","name":"\u041f\u0430\u043d\u0447\u0435\u0432\u043e 1"}},{"type":"Feature","geometry":{"type":"Polygon","coordinates":[[[20.669097,44.84101],[20.6687502,44.8413494],[20.6684886,44.841215],[20.6688355,44.8408756],[20.669097,44.84101]]]},"properties":{"voltage":"","name":""}},{"type":"Feature","geometry":{"type":"Polygon","coordinates":[[[20.4904379,44.8448505],[20.490301,44.84483],[20.4897448,44.844893],[20.4898024,44.8451621],[20.4903257,44.8451058],[20.4904379,44.8448505]]]},"properties":{"voltage":"","name":""}},{"type":"Feature","geometry":{"type":"Polygon","coordinates":[[[20.5185136,44.8127234],[20.5185369,44.8126886],[20.5186386,44.8126575],[20.5190692,44.812564],[20.5197942,44.8124387],[20.5197795,44.8131455],[20.5185458,44.8131703],[20.5185381,44.8130631],[20.5185136,44.8127234]]]},"properties":{"voltage":"110000;35000;10000","name":"\u0411\u0435\u043e\u0433\u0440\u0430\u0434 1"}},{"type":"Feature","geometry":{"type":"Polygon","coordinates":[[[20.5654183,44.7446052],[20.56472,44.7451336],[20.5642541,44.7448231],[20.5649524,44.7442946],[20.5654183,44.7446052]]]},"properties":{"voltage":"","name":"\u0411\u0435\u043e\u0433\u0440\u0430\u0434 33"}},{"type":"Feature","geometry":{"type":"Polygon","coordinates":[[[20.3764571,44.8347409],[20.3766783,44.8351421],[20.3769765,44.8350594],[20.3767553,44.8346582],[20.376488,44.8347323],[20.3764571,44.8347409]]]},"properties":{"voltage":"110000;25000","name":"\u0417\u0435\u043c\u0443\u043d"}},{"type":"Feature","geometry":{"type":"Polygon","coordinates":[[[20.3917299,44.804503],[20.3913378,44.8049839],[20.3916391,44.8051076],[20.3919155,44.805221],[20.3923076,44.80474],[20.3917299,44.804503]]]},"properties":{"voltage":"","name":""}},{"type":"Feature","geometry":{"type":"Polygon","coordinates":[[[20.4107424,44.8005992],[20.4120484,44.8007027],[20.4120779,44.8007484],[20.4119767,44.8013913],[20.4106345,44.8012849],[20.4107424,44.8005992]]]},"properties":{"voltage":"","name":""}},{"type":"Feature","geometry":{"type":"Polygon","coordinates":[[[20.3841256,44.8125997],[20.3847613,44.8128733],[20.3851013,44.8124757],[20.3847343,44.8123178],[20.3844656,44.8122021],[20.3841256,44.8125997]]]},"properties":{"voltage":"","name":""}},{"type":"Feature","geometry":{"type":"Polygon","coordinates":[[[20.4106238,44.744742],[20.4106614,44.7452456],[20.4102244,44.7453864],[20.4101965,44.7453462],[20.4101559,44.7452876],[20.4101191,44.7453004],[20.4100212,44.7451593],[20.4100617,44.7451451],[20.4099648,44.7450054],[20.4099357,44.7449634],[20.4106238,44.744742]]]},"properties":{"voltage":"110000","name":"\u0411\u0435\u043e\u0433\u0440\u0430\u0434 21"}},{"type":"Feature","geometry":{"type":"Polygon","coordinates":[[[20.2429465,44.6538475],[20.2429021,44.6546199],[20.241582,44.6545816],[20.2416264,44.6538091],[20.2429465,44.6538475]]]},"properties":{"voltage":"","name":"\u0411\u0435\u043e\u0433\u0440\u0430\u0434 22"}},{"type":"Feature","geometry":{"type":"Polygon","coordinates":[[[20.4484693,44.7051108],[20.4486461,44.7051878],[20.4490591,44.7053678],[20.4488477,44.7056129],[20.4482579,44.7053558],[20.4484693,44.7051108]]]},"properties":{"voltage":"110000;25000","name":"\u0420\u0435\u0441\u043d\u0438\u043a"}},{"type":"Feature","geometry":{"type":"Polygon","coordinates":[[[20.4622448,44.7430785],[20.4627707,44.7436501],[20.4626299,44.743833],[20.4622765,44.7436957],[20.4620036,44.7437328],[20.4619572,44.7435603],[20.4619515,44.7435393],[20.4619322,44.7434481],[20.4619176,44.7433515],[20.4618932,44.7430953],[20.4622448,44.7430785]]]},"properties":{"voltage":"110000;35000","name":"\u0411\u0435\u043e\u0433\u0440\u0430\u0434 11"}},{"type":"Feature","geometry":{"type":"Polygon","coordinates":[[[20.3890825,44.6751807],[20.3891376,44.6752156],[20.3897698,44.6755971],[20.3899489,44.6757265],[20.3896714,44.6760059],[20.3896522,44.676024],[20.3895871,44.6761769],[20.3892247,44.6761427],[20.3889674,44.6758232],[20.3885677,44.6755215],[20.3890825,44.6751807]]]},"properties":{"voltage":"110000;35000;10000","name":"\u0411\u0435\u043e\u0433\u0440\u0430\u0434 35"}},{"type":"Feature","geometry":{"type":"Polygon","coordinates":[[[20.6525694,44.8838195],[20.6529647,44.8835637],[20.6526879,44.8833489],[20.6526323,44.8833058],[20.6523869,44.8831154],[20.6519916,44.8833712],[20.6525694,44.8838195]]]},"properties":{"voltage":"110000;20000","name":"\u041f\u0430\u043d\u0447\u0435\u0432\u043e 3"}},{"type":"Feature","geometry":{"type":"Polygon","coordinates":[[[20.4842979,44.7280324],[20.4846599,44.7282071],[20.4844889,44.7283859],[20.484127,44.7282112],[20.4842979,44.7280324]]]},"properties":{"voltage":"","name":""}},{"type":"Feature","geometry":{"type":"Polygon","coordinates":[[[20.2780633,44.453979],[20.2782538,44.4546178],[20.2771586,44.4547842],[20.2770386,44.4543822],[20.276968,44.4541455],[20.2780633,44.453979]]]},"properties":{"voltage":"110000;35000","name":"\u0412\u0440\u0435\u043e\u0446\u0438"}},{"type":"Feature","geometry":{"type":"Polygon","coordinates":[[[20.1610866,44.6675987],[20.1602574,44.6678172],[20.1602343,44.6677728],[20.160111,44.6675362],[20.1609402,44.6673176],[20.1610866,44.6675987]]]},"properties":{"voltage":"110000;6300","name":"\u0422\u0415\u041d\u0422 \u0410"}},{"type":"Feature","geometry":{"type":"Polygon","coordinates":[[[20.5273586,44.7956649],[20.5273586,44.7956398],[20.5273586,44.79561],[20.5273167,44.7955677],[20.5274139,44.7953498],[20.5274598,44.7953503],[20.5277165,44.795353],[20.5277187,44.7956633],[20.5273586,44.7956649]]]},"properties":{"voltage":"","name":"\u0411\u0435\u043e\u0433\u0440\u0430\u0434 19"}},{"type":"Feature","geometry":{"type":"Polygon","coordinates":[[[20.4548081,44.7482649],[20.4548561,44.7480068],[20.4552278,44.748041],[20.4551839,44.7482992],[20.4548081,44.7482649]]]},"properties":{"voltage":"","name":""}},{"type":"Feature","geometry":{"type":"Polygon","coordinates":[[[20.4505254,44.7108341],[20.4504271,44.7109935],[20.450109,44.7108945],[20.4502073,44.710735],[20.4504595,44.7108136],[20.4505254,44.7108341]]]},"properties":{"voltage":"35000;10000","name":"\u0420\u0435\u0441\u043d\u0438\u043a"}},{"type":"Feature","geometry":{"type":"Polygon","coordinates":[[[20.291864,44.4820927],[20.2918746,44.4815145],[20.2942994,44.4815371],[20.2943034,44.4813165],[20.2947554,44.4813207],[20.2947408,44.4821194],[20.291864,44.4820927]]]},"properties":{"voltage":"110000","name":"Trafostanica Kolubara"}},{"type":"Feature","geometry":{"type":"Polygon","coordinates":[[[20.2346202,44.3871355],[20.2358856,44.3867709],[20.2356365,44.3863244],[20.2349228,44.3865272],[20.2343434,44.3866918],[20.2346202,44.3871355]]]},"properties":{"voltage":"110000","name":"\u041b\u0430\u0437\u0430\u0440\u0435\u0432\u0430\u0446"}},{"type":"Feature","geometry":{"type":"Polygon","coordinates":[[[20.423715,44.7433295],[20.4233893,44.7426272],[20.4241005,44.7424609],[20.4243804,44.7430646],[20.4244262,44.7431632],[20.423715,44.7433295]]]},"properties":{"voltage":"110000;10000","name":"\u0411\u0435\u043e\u0433\u0440\u0430\u0434 16"}},{"type":"Feature","geometry":{"type":"Polygon","coordinates":[[[20.2597621,44.3032344],[20.2598708,44.3034905],[20.2594721,44.3036304],[20.2593588,44.3036702],[20.2591907,44.3034339],[20.2597621,44.3032344]]]},"properties":{"voltage":"","name":""}},{"type":"Feature","geometry":{"type":"Polygon","coordinates":[[[20.4919934,44.8168278],[20.4918143,44.8166726],[20.4918583,44.8166471],[20.4918476,44.8166379],[20.4918824,44.8166177],[20.4918503,44.8165898],[20.4919457,44.8165345],[20.4922036,44.816758],[20.492103,44.8168165],[20.4920669,44.8167852],[20.4919934,44.8168278]]]},"properties":{"voltage":"110000;10000","name":"\u0411\u0435\u043e\u0433\u0440\u0430\u0434 28"}},{"type":"Feature","geometry":{"type":"Polygon","coordinates":[[[20.3900671,44.2472601],[20.390363,44.247399],[20.3901254,44.247683],[20.3898733,44.2475713],[20.3898106,44.2474971],[20.3898623,44.2474379],[20.3898966,44.2474538],[20.3900671,44.2472601]]]},"properties":{"voltage":"","name":""}},{"type":"Feature","geometry":{"type":"Polygon","coordinates":[[[20.2289067,44.4497584],[20.2294196,44.4498241],[20.2294818,44.4495766],[20.2289689,44.4495109],[20.2289067,44.4497584]]]},"properties":{"voltage":"","name":""}},{"type":"Feature","geometry":{"type":"Polygon","coordinates":[[[20.6985762,44.4240274],[20.6986148,44.4243819],[20.6986918,44.4250888],[20.6982195,44.4251151],[20.6981039,44.4240536],[20.6985762,44.4240274]]]},"properties":{"voltage":"","name":""}},{"type":"Feature","geometry":{"type":"Polygon","coordinates":[[[20.5419465,44.3180385],[20.542782,44.3182332],[20.5424388,44.3189034],[20.5421175,44.3188581],[20.5421412,44.3188046],[20.5411452,44.3185783],[20.5411695,44.3185236],[20.5409626,44.3184766],[20.5412252,44.3179159],[20.5418486,44.3180641],[20.5419265,44.3180822],[20.5419465,44.3180385]]]},"properties":{"voltage":"110000;35000;20000;10000","name":"\u0410\u0440\u0430\u043d\u0452\u0435\u043b\u043e\u0432\u0430\u0446"}},{"type":"Feature","geometry":{"type":"Polygon","coordinates":[[[20.5425578,44.3067535],[20.5426571,44.3068156],[20.5430626,44.3070689],[20.5427717,44.3073074],[20.5422668,44.306992],[20.5425578,44.3067535]]]},"properties":{"voltage":"35000","name":""}},{"type":"Feature","geometry":{"type":"Polygon","coordinates":[[[20.6084071,44.757213],[20.6087895,44.7573976],[20.6088256,44.7573542],[20.6089206,44.7572397],[20.6089544,44.757199],[20.6087712,44.7570701],[20.6086489,44.7570651],[20.6084071,44.757213]]]},"properties":{"voltage":"","name":""}},{"type":"Feature","geometry":{"type":"Polygon","coordinates":[[[20.6002716,44.7615253],[20.600097,44.7615448],[20.6000557,44.7613587],[20.6002303,44.7613391],[20.6002716,44.7615253]]]},"properties":{"voltage":"","name":""}},{"type":"Feature","geometry":{"type":"Polygon","coordinates":[[[21.0966245,44.2476761],[21.0969755,44.2476575],[21.0969294,44.247211],[21.0965785,44.2472296],[21.0966116,44.247551],[21.0966245,44.2476761]]]},"properties":{"voltage":"110000;25000","name":"\u041c\u0430\u0440\u043a\u043e\u0432\u0430\u0446"}},{"type":"Feature","geometry":{"type":"Polygon","coordinates":[[[20.6987108,44.2490266],[20.697827,44.2491693],[20.6975674,44.2483437],[20.6984513,44.2482011],[20.6987108,44.2490266]]]},"properties":{"voltage":"","name":""}},{"type":"Feature","geometry":{"type":"Polygon","coordinates":[[[20.6006128,44.284903],[20.6002444,44.2850643],[20.6000676,44.2848576],[20.600436,44.2846962],[20.6004961,44.2847665],[20.6006128,44.284903]]]},"properties":{"voltage":"","name":""}},{"type":"Feature","geometry":{"type":"Polygon","coordinates":[[[20.6739134,44.1582421],[20.6734762,44.1580759],[20.6731614,44.1585234],[20.6741043,44.1588621],[20.6742923,44.1585976],[20.6740081,44.1583069],[20.6739236,44.1582703],[20.6739134,44.1582421]]]},"properties":{"voltage":"","name":"Stragari SS"}},{"type":"Feature","geometry":{"type":"Polygon","coordinates":[[[20.746727,43.9357376],[20.7465544,43.9358419],[20.7465072,43.9363016],[20.7464664,43.9363684],[20.7472985,43.9368715],[20.7474483,43.9367624],[20.7483619,43.9359615],[20.7470722,43.9352521],[20.7466065,43.935224],[20.7465804,43.9356062],[20.746727,43.9357376]]]},"properties":{"voltage":"","name":"Knic SS"}},{"type":"Feature","geometry":{"type":"Polygon","coordinates":[[[21.4336948,43.7033863],[21.4336951,43.7033341],[21.4337361,43.7028042],[21.4349947,43.7028956],[21.4348979,43.7033457],[21.4336948,43.7033863]]]},"properties":{"voltage":"","name":"Cicevac S/S"}},{"type":"Feature","geometry":{"type":"Polygon","coordinates":[[[21.2804907,43.5861698],[21.2811837,43.5860905],[21.2811693,43.586007],[21.2849902,43.5857731],[21.2835847,43.5840298],[21.2804922,43.5842307],[21.280637,43.5854087],[21.2801914,43.5854648],[21.2804907,43.5861698]]]},"properties":{"voltage":"220000;110000","name":"Krusevac S/S"}},{"type":"Feature","geometry":{"type":"Polygon","coordinates":[[[21.4261489,43.8635999],[21.4265357,43.8633236],[21.4265399,43.8628331],[21.4257935,43.8628298],[21.4258175,43.8628924],[21.4257969,43.8635946],[21.4261489,43.8635999]]]},"properties":{"voltage":"","name":""}},{"type":"Feature","geometry":{"type":"Polygon","coordinates":[[[21.5082012,43.9060198],[21.5074497,43.9055556],[21.5071312,43.9058233],[21.5078826,43.9062875],[21.5082012,43.9060198]]]},"properties":{"voltage":"","name":""}},{"type":"Feature","geometry":{"type":"Polygon","coordinates":[[[21.4267349,43.8677754],[21.4263549,43.8678566],[21.4262003,43.8674059],[21.4265802,43.8673247],[21.4267349,43.8677754]]]},"properties":{"voltage":"","name":""}},{"type":"Feature","geometry":{"type":"Polygon","coordinates":[[[20.5404617,44.1852496],[20.5404978,44.1852036],[20.5406403,44.1850223],[20.5400765,44.1847945],[20.5398979,44.1850218],[20.5404617,44.1852496]]]},"properties":{"voltage":"","name":""}},{"type":"Feature","geometry":{"type":"Polygon","coordinates":[[[20.4046368,43.8482261],[20.404548,43.8476171],[20.4051319,43.8475701],[20.4050439,43.8467673],[20.4071313,43.8466467],[20.4072724,43.8480587],[20.4046368,43.8482261]]]},"properties":{"voltage":"","name":""}},{"type":"Feature","geometry":{"type":"Polygon","coordinates":[[[20.4884018,44.038519],[20.4884542,44.038851],[20.4884691,44.0389492],[20.4885207,44.03929],[20.488365,44.0393022],[20.4884098,44.0396181],[20.4891756,44.0395593],[20.4890339,44.0384694],[20.4884018,44.038519]]]},"properties":{"voltage":"110000;35000","name":"\u0422\u0440\u0430\u0444\u043e\u0441\u0442\u0430\u043d\u0438\u0446\u0430 \u201e\u0413\u043e\u0440\u045a\u0438 \u041c\u0438\u043b\u0430\u043d\u043e\u0432\u0430\u0446\u201d"}},{"type":"Feature","geometry":{"type":"Polygon","coordinates":[[[20.4884018,44.038519],[20.4880706,44.038545],[20.488121,44.0388771],[20.4884542,44.038851],[20.4884018,44.038519]]]},"properties":{"voltage":"","name":""}},{"type":"Feature","geometry":{"type":"Polygon","coordinates":[[[20.331125,44.0565345],[20.3315289,44.0564769],[20.331589,44.0568313],[20.3312269,44.0569097],[20.331125,44.0565345]]]},"properties":{"voltage":"","name":""}},{"type":"Feature","geometry":{"type":"Polygon","coordinates":[[[20.3668567,43.8671067],[20.3660855,43.8668282],[20.3663497,43.866448],[20.3671209,43.8667265],[20.3668567,43.8671067]]]},"properties":{"voltage":"","name":""}},{"type":"Feature","geometry":{"type":"Polygon","coordinates":[[[20.3347752,43.8913481],[20.3346747,43.8913356],[20.3347203,43.8911459],[20.3348337,43.89116],[20.3348093,43.8912615],[20.3347964,43.8912599],[20.3347752,43.8913481]]]},"properties":{"voltage":"","name":""}},{"type":"Feature","geometry":{"type":"Polygon","coordinates":[[[20.3346679,43.8914614],[20.3345018,43.891418],[20.3344807,43.8913746],[20.3346549,43.8909932],[20.3351678,43.8910601],[20.3350495,43.8914499],[20.334788,43.8914643],[20.3346679,43.8914614]]]},"properties":{"voltage":"","name":""}},{"type":"Feature","geometry":{"type":"Polygon","coordinates":[[[20.7380202,43.6795816],[20.7388959,43.6809343],[20.7384347,43.6810828],[20.7395356,43.6828037],[20.7408328,43.6823882],[20.7401103,43.6812861],[20.7401581,43.6811723],[20.7409617,43.6808937],[20.7411299,43.6806371],[20.7399637,43.6789024],[20.7388239,43.6793007],[20.7380202,43.6795816]]]},"properties":{"voltage":"400000;220000;110000","name":"\u041a\u0440\u0430\u0459\u0435\u0432\u043e 3"}},{"type":"Feature","geometry":{"type":"Polygon","coordinates":[[[20.6958473,43.7061745],[20.6957976,43.7059708],[20.6964498,43.7058741],[20.6964966,43.7059902],[20.6965376,43.7062202],[20.6959349,43.7062887],[20.6958809,43.7062604],[20.6958473,43.7061745]]]},"properties":{"voltage":"","name":""}},{"type":"Feature","geometry":{"type":"Polygon","coordinates":[[[20.6806807,43.730665],[20.6803795,43.7306683],[20.6800143,43.7306722],[20.6799885,43.7298509],[20.6799847,43.7297305],[20.6804314,43.7297254],[20.6804434,43.7302321],[20.6806562,43.7302278],[20.6806807,43.730665]]]},"properties":{"voltage":"","name":"\u041a\u0440\u0430\u0459\u0435\u0432\u043e 5"}},{"type":"Feature","geometry":{"type":"Polygon","coordinates":[[[20.7137094,43.7218998],[20.7136585,43.7226935],[20.7129695,43.7226705],[20.7129822,43.7224721],[20.7130101,43.7224731],[20.7130164,43.7223546],[20.7130393,43.7220163],[20.7137094,43.7218998]]]},"properties":{"voltage":"","name":"\u041a\u0440\u0430\u0459\u0435\u0432\u043e 2"}},{"type":"Feature","geometry":{"type":"Polygon","coordinates":[[[20.8065379,43.71313],[20.8065491,43.7128671],[20.8060605,43.7128562],[20.8060567,43.7129469],[20.8059366,43.7130111],[20.8059322,43.7131166],[20.8065379,43.71313]]]},"properties":{"voltage":"","name":""}},{"type":"Feature","geometry":{"type":"Polygon","coordinates":[[[21.0058599,43.6123773],[21.0067146,43.6123799],[21.0067168,43.6119829],[21.0067998,43.6119892],[21.006803,43.6114293],[21.0058654,43.6114205],[21.0058599,43.6123773]]]},"properties":{"voltage":"","name":""}},{"type":"Feature","geometry":{"type":"Polygon","coordinates":[[[20.9054576,43.6309567],[20.9051936,43.6312212],[20.905169,43.6312369],[20.9051371,43.6312492],[20.905096,43.6312573],[20.9050618,43.6312594],[20.9050287,43.6312523],[20.9049763,43.6312233],[20.9049231,43.6312696],[20.9042077,43.630863],[20.9045942,43.6304825],[20.9054576,43.6309567]]]},"properties":{"voltage":"","name":""}},{"type":"Feature","geometry":{"type":"Polygon","coordinates":[[[21.1385466,43.5779599],[21.1384907,43.5777367],[21.1389302,43.577679],[21.1389711,43.5778422],[21.1389861,43.5779022],[21.1385466,43.5779599]]]},"properties":{"voltage":"","name":""}},{"type":"Feature","geometry":{"type":"Polygon","coordinates":[[[21.0070078,43.6116648],[21.0074728,43.6116676],[21.0074601,43.612782],[21.0069951,43.6127792],[21.0069971,43.6126009],[21.0070078,43.6116648]]]},"properties":{"voltage":"","name":""}},{"type":"Feature","geometry":{"type":"Polygon","coordinates":[[[21.0938193,43.6313057],[21.0940337,43.6309366],[21.0941088,43.6309055],[21.0943926,43.630407],[21.093792,43.6302279],[21.0933241,43.6310496],[21.0933839,43.6310672],[21.0933846,43.6311734],[21.0938193,43.6313057]]]},"properties":{"voltage":"","name":""}},{"type":"Feature","geometry":{"type":"Polygon","coordinates":[[[21.0753625,43.4581931],[21.0759712,43.4581856],[21.0760349,43.458255],[21.0760995,43.4582538],[21.0761598,43.4582527],[21.0762154,43.4581805],[21.0767092,43.4581746],[21.0767225,43.4587671],[21.0754898,43.4587816],[21.075373,43.4586454],[21.0753625,43.4581931]]]},"properties":{"voltage":"110000;35000;10000","name":"\u0410\u043b\u0435\u043a\u0441\u0430\u043d\u0434\u0440\u043e\u0432\u0430\u0446"}},{"type":"Feature","geometry":{"type":"Polygon","coordinates":[[[22.1308086,43.4085471],[22.1306638,43.4081009],[22.1310286,43.4079977],[22.1312941,43.40844],[22.1312374,43.408453],[22.1308086,43.4085471]]]},"properties":{"voltage":"","name":""}},{"type":"Feature","geometry":{"type":"Polygon","coordinates":[[[22.6024647,44.2852356],[22.6020265,44.2848384],[22.6026451,44.2844887],[22.6030833,44.2848859],[22.6024647,44.2852356]]]},"properties":{"voltage":"","name":""}},{"type":"Feature","geometry":{"type":"Polygon","coordinates":[[[22.5648075,44.2985271],[22.5643922,44.2985779],[22.5640538,44.2986193],[22.5639868,44.2983448],[22.5640887,44.298028],[22.564306,44.2978245],[22.5657919,44.2976517],[22.5659072,44.2981854],[22.5647566,44.298314],[22.5648075,44.2985271]]]},"properties":{"voltage":"110000","name":"\u0402\u0435\u0440\u0434\u0430\u043f 2"}},{"type":"Feature","geometry":{"type":"Polygon","coordinates":[[[22.247995,43.5800046],[22.2486307,43.5800337],[22.248577,43.5808439],[22.2479467,43.5808245],[22.2479707,43.5804171],[22.247995,43.5800046]]]},"properties":{"voltage":"","name":""}},{"type":"Feature","geometry":{"type":"Polygon","coordinates":[[[21.5474383,43.683026],[21.5480018,43.6830431],[21.5480058,43.683412],[21.5475431,43.683412],[21.5474541,43.6833991],[21.5474474,43.6832409],[21.5474383,43.683026]]]},"properties":{"voltage":"","name":""}},{"type":"Feature","geometry":{"type":"Polygon","coordinates":[[[21.1720531,44.6093704],[21.1723455,44.6091394],[21.1727773,44.6093857],[21.1724903,44.6096454],[21.1724233,44.6096033],[21.1720531,44.6093704]]]},"properties":{"voltage":"","name":""}},{"type":"Feature","geometry":{"type":"Polygon","coordinates":[[[21.2168637,44.4571509],[21.2168598,44.4575065],[21.2162468,44.4575234],[21.2162429,44.4571904],[21.2168637,44.4571509]]]},"properties":{"voltage":"","name":""}},{"type":"Feature","geometry":{"type":"Polygon","coordinates":[[[21.4161133,44.3881719],[21.4166319,44.3877688],[21.4173843,44.3882632],[21.4168657,44.3886663],[21.4161133,44.3881719]]]},"properties":{"voltage":"","name":""}},{"type":"Feature","geometry":{"type":"Polygon","coordinates":[[[22.5423354,44.2480537],[22.5418613,44.2471662],[22.5411786,44.2473533],[22.5416528,44.2482409],[22.5423354,44.2480537]]]},"properties":{"voltage":"","name":""}},{"type":"Feature","geometry":{"type":"Polygon","coordinates":[[[21.7209936,44.4410672],[21.7214643,44.4414842],[21.7215138,44.4415726],[21.7218253,44.4418809],[21.7219385,44.4420275],[21.7217014,44.4421058],[21.7210757,44.4417954],[21.7209148,44.4417936],[21.7204556,44.4413806],[21.7209936,44.4410672]]]},"properties":{"voltage":"","name":""}},{"type":"Feature","geometry":{"type":"Polygon","coordinates":[[[21.9053942,44.3749765],[21.905381,44.3740859],[21.9055754,44.3737386],[21.9062955,44.3739533],[21.9063706,44.3740165],[21.906406,44.3740323],[21.9062674,44.3742881],[21.9059819,44.3748154],[21.9062911,44.3749039],[21.9061409,44.3751691],[21.9059067,44.3751123],[21.9053942,44.3749765]]]},"properties":{"voltage":"","name":"\u041c\u0430\u0458\u0434\u0430\u043d\u043f\u0435\u043a 2"}},{"type":"Feature","geometry":{"type":"Polygon","coordinates":[[[22.5711306,44.3078266],[22.5720425,44.3087914],[22.5709938,44.3093181],[22.5701243,44.3084045],[22.5701243,44.3083113],[22.5711306,44.3078266]]]},"properties":{"voltage":"110000","name":""}},{"type":"Feature","geometry":{"type":"Polygon","coordinates":[[[22.0997067,44.0655579],[22.0997457,44.0652734],[22.0998585,44.0648627],[22.100139,44.0647683],[22.1001843,44.0647576],[22.1011732,44.0649472],[22.1009908,44.0654545],[22.1008893,44.0654359],[22.1007228,44.0659427],[22.1005391,44.066234],[22.1001535,44.0663054],[22.0999984,44.0664078],[22.0998573,44.0663816],[22.0998503,44.0663959],[22.0996199,44.0663376],[22.0995709,44.0662978],[22.0996511,44.0659981],[22.0997067,44.0655579]]]},"properties":{"voltage":"110000;35000","name":"\u0411\u043e\u0440 1"}},{"type":"Feature","geometry":{"type":"Polygon","coordinates":[[[20.4961176,43.1382698],[20.4965522,43.1382949],[20.4965345,43.1387008],[20.4960671,43.1386764],[20.4961176,43.1382698]]]},"properties":{"voltage":"","name":"Novi Pazar"}},{"type":"Feature","geometry":{"type":"Polygon","coordinates":[[[22.2364305,43.9063059],[22.2359476,43.9070407],[22.2349832,43.9067117],[22.2349437,43.9065436],[22.2353436,43.9059351],[22.2364305,43.9063059]]]},"properties":{"voltage":"","name":""}},{"type":"Feature","geometry":{"type":"Polygon","coordinates":[[[22.2795607,43.9135073],[22.2795176,43.9130124],[22.2784927,43.9130587],[22.2785329,43.9135201],[22.2791597,43.9134918],[22.2791626,43.9135253],[22.2795607,43.9135073]]]},"properties":{"voltage":"","name":""}},{"type":"Feature","geometry":{"type":"Polygon","coordinates":[[[22.5249392,43.9020242],[22.5253522,43.9021833],[22.525372,43.9022089],[22.5259974,43.9024635],[22.5255669,43.903022],[22.5251398,43.9028548],[22.5251804,43.9027979],[22.5251118,43.9027713],[22.5249339,43.9027024],[22.5245714,43.902562],[22.5249392,43.9020242]]]},"properties":{"voltage":"110000;20000","name":"\u041f\u043e\u0434\u0441\u0442\u0430\u043d\u0446\u0438\u044f \u041a\u0443\u043b\u0430"}},{"type":"Feature","geometry":{"type":"Polygon","coordinates":[[[22.2641008,43.5836523],[22.2651429,43.5835202],[22.2648856,43.5831946],[22.2641822,43.5832984],[22.2641008,43.5836523]]]},"properties":{"voltage":"","name":""}},{"type":"Feature","geometry":{"type":"Polygon","coordinates":[[[22.2373729,43.5688011],[22.2378631,43.568383],[22.2376087,43.5681177],[22.236951,43.5684189],[22.2373729,43.5688011]]]},"properties":{"voltage":"","name":""}},{"type":"Feature","geometry":{"type":"Polygon","coordinates":[[[22.8541584,43.9784655],[22.8547098,43.9789053],[22.8543737,43.9791234],[22.8541205,43.9789215],[22.8541703,43.9788891],[22.8538721,43.9786513],[22.8541584,43.9784655]]]},"properties":{"voltage":"110000;20000;10000","name":"\u041f\u043e\u0434\u0441\u0442\u0430\u043d\u0446\u0438\u044f \u0412\u0438\u0434\u0438\u043d-1"}},{"type":"Feature","geometry":{"type":"Polygon","coordinates":[[[22.8696661,44.0037346],[22.8699312,44.0038172],[22.8708369,44.0042844],[22.8704923,44.004653],[22.8706072,44.004742],[22.870426,44.00492],[22.8691315,44.0042621],[22.8696661,44.0037346]]]},"properties":{"voltage":"110000;20000;10000","name":"\u041f\u043e\u0434\u0441\u0442\u0430\u043d\u0446\u0438\u044f \u0412\u0438\u0434\u0438\u043d-2"}},{"type":"Feature","geometry":{"type":"Polygon","coordinates":[[[22.7171428,43.8376692],[22.7167767,43.8372997],[22.7160578,43.8376703],[22.7164239,43.8380398],[22.716733,43.8378805],[22.7171428,43.8376692]]]},"properties":{"voltage":"110000","name":""}},{"type":"Feature","geometry":{"type":"Polygon","coordinates":[[[22.7165982,43.7324436],[22.7171428,43.7329978],[22.716856,43.7331449],[22.7168123,43.7331005],[22.7165941,43.7332124],[22.7162963,43.7329094],[22.7164303,43.7328407],[22.7162271,43.732634],[22.7165982,43.7324436]]]},"properties":{"voltage":"110000","name":"\u041f\u0421 \u0414\u0438\u043c\u043e\u0432\u043e"}},{"type":"Feature","geometry":{"type":"Polygon","coordinates":[[[22.1017354,44.0762759],[22.1017273,44.0761369],[22.1018215,44.0761341],[22.1018233,44.0761642],[22.1019075,44.0761616],[22.1019119,44.076236],[22.1018273,44.0762385],[22.1018293,44.0762731],[22.1017354,44.0762759]]]},"properties":{"voltage":"35000;10000","name":"Bor 1"}},{"type":"Feature","geometry":{"type":"Polygon","coordinates":[[[21.2322874,45.7337601],[21.2322869,45.7336709],[21.2324088,45.7336706],[21.2324093,45.7337597],[21.2322874,45.7337601]]]},"properties":{"voltage":"","name":""}},{"type":"Feature","geometry":{"type":"Polygon","coordinates":[[[21.2319613,45.740071],[21.2319896,45.7400214],[21.2320598,45.7400409],[21.2320315,45.7400905],[21.2319613,45.740071]]]},"properties":{"voltage":"","name":""}},{"type":"Feature","geometry":{"type":"Polygon","coordinates":[[[21.2301616,45.7375516],[21.2302063,45.7374974],[21.2302746,45.7375248],[21.2302299,45.7375791],[21.2301616,45.7375516]]]},"properties":{"voltage":"","name":""}},{"type":"Feature","geometry":{"type":"Polygon","coordinates":[[[20.2116152,43.9941601],[20.2112358,43.9938764],[20.2115367,43.9936681],[20.2119161,43.9939518],[20.2116152,43.9941601]]]},"properties":{"voltage":"","name":""}},{"type":"Feature","geometry":{"type":"Polygon","coordinates":[[[20.2923239,44.8115568],[20.2923593,44.811599],[20.2926237,44.8119135],[20.2922283,44.8120952],[20.2918904,44.8117228],[20.2922932,44.811545],[20.2923239,44.8115568]]]},"properties":{"voltage":"","name":""}},{"type":"Feature","geometry":{"type":"Polygon","coordinates":[[[20.2615656,44.7991992],[20.2612741,44.7989696],[20.2616005,44.7987658],[20.2618807,44.7989976],[20.2618472,44.7990179],[20.2618035,44.7990179],[20.261754,44.7990489],[20.261754,44.7990841],[20.2617073,44.799111],[20.2616665,44.799111],[20.2616199,44.7991337],[20.2616111,44.7991689],[20.2615656,44.7991992]]]},"properties":{"voltage":"","name":""}},{"type":"Feature","geometry":{"type":"Polygon","coordinates":[[[21.2211892,45.7478584],[21.2212339,45.7477907],[21.2213321,45.7478223],[21.2212874,45.7478899],[21.2211892,45.7478584]]]},"properties":{"voltage":"","name":""}},{"type":"Feature","geometry":{"type":"Polygon","coordinates":[[[20.2331173,43.7880242],[20.2331443,43.7879343],[20.2335055,43.7877548],[20.2338005,43.7880642],[20.23384,43.7880446],[20.2341911,43.7884127],[20.233714,43.7886498],[20.2331173,43.7880242]]]},"properties":{"voltage":"","name":""}},{"type":"Feature","geometry":{"type":"Polygon","coordinates":[[[20.345889,43.8814759],[20.3463234,43.8823588],[20.3462655,43.8823736],[20.3453953,43.8825961],[20.3449608,43.8817132],[20.345889,43.8814759]]]},"properties":{"voltage":"110000","name":""}},{"type":"Feature","geometry":{"type":"Polygon","coordinates":[[[21.9111607,43.3060239],[21.9112025,43.3059748],[21.9111363,43.305945],[21.9110945,43.3059942],[21.9111607,43.3060239]]]},"properties":{"voltage":"","name":""}},{"type":"Feature","geometry":{"type":"Polygon","coordinates":[[[21.9086826,43.3077072],[21.9087421,43.307677],[21.9087051,43.3076385],[21.9086456,43.3076687],[21.9086826,43.3077072]]]},"properties":{"voltage":"","name":""}},{"type":"Feature","geometry":{"type":"Polygon","coordinates":[[[20.4032213,44.572089],[20.4031227,44.5717646],[20.403613,44.5717289],[20.4036547,44.5718813],[20.4036957,44.5720115],[20.4035617,44.5720325],[20.4035247,44.572069],[20.4032213,44.572089]]]},"properties":{"voltage":"35000;10000","name":"Trafostanica Bo\u017edarevac"}},{"type":"Feature","geometry":{"type":"Polygon","coordinates":[[[20.9621446,44.6093966],[20.9620441,44.6102706],[20.961791,44.6102558],[20.9617786,44.6103635],[20.9612534,44.6103328],[20.9612653,44.6102296],[20.9609121,44.610209],[20.9610792,44.6087559],[20.9616966,44.6087919],[20.9616305,44.6093666],[20.9621446,44.6093966]]]},"properties":{"voltage":"","name":""}},{"type":"Feature","geometry":{"type":"Polygon","coordinates":[[[20.9637676,44.6230389],[20.9646283,44.6232373],[20.9645092,44.6234991],[20.9643675,44.6234664],[20.9643313,44.6235418],[20.9642872,44.6236458],[20.9641826,44.6236233],[20.9641639,44.6236165],[20.9641435,44.6236612],[20.9637377,44.6235677],[20.9638388,44.6233454],[20.9636482,44.6233015],[20.9637676,44.6230389]]]},"properties":{"voltage":"","name":""}},{"type":"Feature","geometry":{"type":"Polygon","coordinates":[[[20.9625498,44.6147535],[20.9633046,44.6149401],[20.9630078,44.6155484],[20.9624654,44.6154143],[20.9624254,44.6150085],[20.9625498,44.6147535]]]},"properties":{"voltage":"","name":""}},{"type":"Feature","geometry":{"type":"Polygon","coordinates":[[[20.9696811,44.6075766],[20.9691891,44.6073201],[20.9697519,44.6067731],[20.9702438,44.6070296],[20.9696811,44.6075766]]]},"properties":{"voltage":"","name":""}},{"type":"Feature","geometry":{"type":"Polygon","coordinates":[[[22.1019022,44.1100706],[22.1014408,44.1106375],[22.1010403,44.1109149],[22.1006123,44.1107219],[22.1008063,44.1103732],[22.1009921,44.110164],[22.1013167,44.1097986],[22.1019022,44.1100706]]]},"properties":{"voltage":"110000;10000","name":"\u0412\u0435\u043b\u0438\u043a\u0438 \u041a\u0440\u0438\u0432\u0435\u0459"}},{"type":"Feature","geometry":{"type":"Polygon","coordinates":[[[21.3862039,43.929993],[21.3864388,43.9304458],[21.3847521,43.9308998],[21.3844789,43.9303733],[21.3849426,43.9302485],[21.3849808,43.9303222],[21.3862039,43.929993]]]},"properties":{"voltage":"","name":""}},{"type":"Feature","geometry":{"type":"Polygon","coordinates":[[[21.1009028,44.164264],[21.1014532,44.1644214],[21.1011296,44.1650037],[21.1005792,44.1648464],[21.1009028,44.164264]]]},"properties":{"voltage":"","name":""}},{"type":"Feature","geometry":{"type":"Polygon","coordinates":[[[21.0778725,44.3175155],[21.0789503,44.3177417],[21.0787743,44.3181708],[21.0776966,44.3179446],[21.0778725,44.3175155]]]},"properties":{"voltage":"","name":""}},{"type":"Feature","geometry":{"type":"Polygon","coordinates":[[[21.3157685,44.532433],[21.3163154,44.5325699],[21.3161237,44.5329592],[21.3155768,44.5328223],[21.3157685,44.532433]]]},"properties":{"voltage":"","name":""}},{"type":"Feature","geometry":{"type":"Polygon","coordinates":[[[20.6153878,43.3153096],[20.615407,43.3157549],[20.6144182,43.3157775],[20.6144022,43.3154064],[20.6148145,43.315397],[20.6148112,43.3153227],[20.6153878,43.3153096]]]},"properties":{"voltage":"","name":""}},{"type":"Feature","geometry":{"type":"Polygon","coordinates":[[[20.8077704,44.1351049],[20.8074227,44.1346898],[20.8080251,44.1345268],[20.8083659,44.1349344],[20.8077704,44.1351049]]]},"properties":{"voltage":"","name":""}},{"type":"Feature","geometry":{"type":"Polygon","coordinates":[[[20.9212124,44.0581531],[20.9216757,44.0589076],[20.9204704,44.0592898],[20.9211404,44.0603748],[20.9215961,44.061085],[20.9221279,44.0609177],[20.9227357,44.0607265],[20.9232148,44.0605757],[20.9228324,44.0599491],[20.9242033,44.0595143],[20.9229992,44.0575535],[20.9216835,44.0579972],[20.9212124,44.0581531]]]},"properties":{"voltage":"400000;110000","name":"\u041a\u0440\u0430\u0433\u0443\u0458\u0435\u0432\u0430\u0446 2"}},{"type":"Feature","geometry":{"type":"Polygon","coordinates":[[[20.9533711,44.0278211],[20.953562,44.0279279],[20.9538971,44.0281154],[20.9538097,44.0281961],[20.9534317,44.0285454],[20.9529058,44.0282511],[20.9533711,44.0278211]]]},"properties":{"voltage":"110000;35000;10000","name":"\u041a\u0413001 - \u0418\u043b\u0438\u045b\u0435\u0432\u043e"}},{"type":"Feature","geometry":{"type":"Polygon","coordinates":[[[20.928628,43.994546],[20.9286565,43.9936994],[20.9283651,43.9936916],[20.9278866,43.9940618],[20.927883,43.994106],[20.9278803,43.9941402],[20.9277653,43.9941504],[20.9274584,43.9943853],[20.9275735,43.9944681],[20.928628,43.994546]]]},"properties":{"voltage":"110000;10000","name":"\u041a\u0413008 - \u041c\u0435\u0442\u0438\u043d\u043e \u0431\u0440\u0434\u043e"}},{"type":"Feature","geometry":{"type":"Polygon","coordinates":[[[20.8819301,44.0103832],[20.8825766,44.0104138],[20.8832527,44.0104458],[20.883095,44.0108981],[20.8825304,44.0109666],[20.8823989,44.0109804],[20.8823955,44.0107998],[20.8822561,44.0107844],[20.8819026,44.0108031],[20.8819301,44.0103832]]]},"properties":{"voltage":"110000;10000","name":"\u041a\u0413003 - \u0427\u0435\u0448\u043a\u043e \u0433\u0440\u043e\u0431\u0459\u0435"}},{"type":"Feature","geometry":{"type":"Polygon","coordinates":[[[21.0956217,44.1626877],[21.0954244,44.1631098],[21.0952606,44.1634603],[21.0945194,44.1632944],[21.0948868,44.1625127],[21.0956217,44.1626877]]]},"properties":{"voltage":"","name":""}},{"type":"Feature","geometry":{"type":"Polygon","coordinates":[[[21.25088,43.9741094],[21.2519761,43.9735213],[21.2520425,43.9735854],[21.2523482,43.9738804],[21.2512521,43.9744685],[21.25088,43.9741094]]]},"properties":{"voltage":"","name":""}},{"type":"Feature","geometry":{"type":"Polygon","coordinates":[[[21.1822312,43.9269326],[21.1816494,43.9266698],[21.181102,43.927193],[21.1817818,43.9274771],[21.1822312,43.9269326]]]},"properties":{"voltage":"","name":""}},{"type":"Feature","geometry":{"type":"Polygon","coordinates":[[[20.6924904,44.2456654],[20.6925162,44.2452785],[20.6926427,44.2452828],[20.6926514,44.2453204],[20.6930508,44.2453413],[20.6930945,44.2453809],[20.6930858,44.2456503],[20.6930275,44.2456837],[20.6924904,44.2456654]]]},"properties":{"voltage":"","name":""}},{"type":"Feature","geometry":{"type":"Polygon","coordinates":[[[21.2733868,43.9768297],[21.2733083,43.9767501],[21.2730369,43.9764751],[21.2733265,43.9763271],[21.2736764,43.9766817],[21.2733868,43.9768297]]]},"properties":{"voltage":"110000;25000","name":"\u0421\u0432\u0435\u0442\u043e\u0437\u0430\u0440\u0435\u0432\u043e"}},{"type":"Feature","geometry":{"type":"Polygon","coordinates":[[[20.0232421,45.6275742],[20.0235596,45.6274295],[20.0233129,45.6270706],[20.0229756,45.6272134],[20.0232421,45.6275742]]]},"properties":{"voltage":"","name":""}},{"type":"Feature","geometry":{"type":"Polygon","coordinates":[[[20.2897741,45.7251526],[20.2901505,45.7249378],[20.2901272,45.7248727],[20.2899382,45.7247113],[20.28953,45.7249442],[20.2897741,45.7251526]]]},"properties":{"voltage":"","name":""}},{"type":"Feature","geometry":{"type":"Polygon","coordinates":[[[20.6644843,46.0656701],[20.6653036,46.0656312],[20.66527,46.0651692],[20.6644469,46.0652003],[20.6644843,46.0656701]]]},"properties":{"voltage":"110000","name":""}},{"type":"Feature","geometry":{"type":"Polygon","coordinates":[[[20.7544227,45.9624501],[20.7546128,45.9622948],[20.7543282,45.9621265],[20.7544273,45.9620455],[20.7541818,45.9619004],[20.7541235,45.961948],[20.7540637,45.9619127],[20.7538857,45.9620581],[20.7538647,45.9620457],[20.7538117,45.962089],[20.7539227,45.9621546],[20.7544227,45.9624501]]]},"properties":{"voltage":"110000","name":""}},{"type":"Feature","geometry":{"type":"Polygon","coordinates":[[[20.9065822,45.8020192],[20.9076518,45.8019537],[20.9075613,45.8012359],[20.9064918,45.8013014],[20.9065822,45.8020192]]]},"properties":{"voltage":"110000","name":""}},{"type":"Feature","geometry":{"type":"Polygon","coordinates":[[[22.103314,44.0587488],[22.1033635,44.0587595],[22.1033457,44.0588023],[22.1032961,44.0587916],[22.103314,44.0587488]]]},"properties":{"voltage":"10000;400","name":"Sportski centar"}},{"type":"Feature","geometry":{"type":"Polygon","coordinates":[[[20.8939466,44.006571],[20.8939771,44.0065403],[20.8939925,44.0065247],[20.8940646,44.0065616],[20.8940187,44.006608],[20.8939466,44.006571]]]},"properties":{"voltage":"","name":""}},{"type":"Feature","geometry":{"type":"Polygon","coordinates":[[[20.8981377,44.0065447],[20.898097,44.006477],[20.8981552,44.0064589],[20.8981959,44.0065265],[20.8981377,44.0065447]]]},"properties":{"voltage":"","name":""}},{"type":"Feature","geometry":{"type":"Polygon","coordinates":[[[21.2188268,45.7327467],[21.2188164,45.7326965],[21.2189011,45.7326879],[21.2189116,45.7327382],[21.2188268,45.7327467]]]},"properties":{"voltage":"","name":""}},{"type":"Feature","geometry":{"type":"Polygon","coordinates":[[[22.960283,43.0111851],[22.9603269,43.011193],[22.9603384,43.0111585],[22.9603191,43.0111551],[22.9602944,43.0111507],[22.960283,43.0111851]]]},"properties":{"voltage":"","name":""}},{"type":"Feature","geometry":{"type":"Polygon","coordinates":[[[22.1158799,44.0470636],[22.115955,44.0470964],[22.1158987,44.0471629],[22.1158236,44.0471301],[22.1158799,44.0470636]]]},"properties":{"voltage":"","name":""}},{"type":"Feature","geometry":{"type":"Polygon","coordinates":[[[21.253692,45.7342458],[21.2545694,45.734237],[21.2545567,45.7337461],[21.2536793,45.7337638],[21.253692,45.7342458]]]},"properties":{"voltage":"110000","name":""}},{"type":"Feature","geometry":{"type":"Polygon","coordinates":[[[20.7744769,44.9827758],[20.7744432,44.9827475],[20.7744894,44.98272],[20.7745231,44.9827483],[20.7744769,44.9827758]]]},"properties":{"voltage":"","name":""}},{"type":"Feature","geometry":{"type":"Polygon","coordinates":[[[22.326213,44.1198491],[22.3263511,44.1194862],[22.3258603,44.119388],[22.3257208,44.1197606],[22.326213,44.1198491]]]},"properties":{"voltage":"","name":""}},{"type":"Feature","geometry":{"type":"Polygon","coordinates":[[[22.1034927,44.0601337],[22.1037168,44.0601867],[22.1037981,44.0601813],[22.1038305,44.0602261],[22.1038856,44.0602744],[22.1039445,44.0603104],[22.103841,44.0605849],[22.1033421,44.0604865],[22.1034927,44.0601337]]]},"properties":{"voltage":"35000;10000","name":"Bor 2"}},{"type":"Feature","geometry":{"type":"Polygon","coordinates":[[[22.102482,44.0607881],[22.1025372,44.0607994],[22.102518,44.0608479],[22.1024627,44.0608366],[22.102482,44.0607881]]]},"properties":{"voltage":"10000;400","name":"Institut"}},{"type":"Feature","geometry":{"type":"Polygon","coordinates":[[[21.2939594,43.1409062],[21.2939915,43.1408035],[21.2939407,43.140776],[21.2939137,43.1407614],[21.2937877,43.1407966],[21.2935308,43.1406597],[21.2940644,43.1401309],[21.2949625,43.1406939],[21.2950161,43.1408494],[21.2948418,43.1409023],[21.2946165,43.1409395],[21.2943576,43.1411352],[21.2939594,43.1409062]]]},"properties":{"voltage":"110000;35000","name":""}},{"type":"Feature","geometry":{"type":"Polygon","coordinates":[[[20.8258348,43.269764],[20.8259099,43.2697201],[20.8258724,43.2696732],[20.8258469,43.2696928],[20.8258375,43.269683],[20.8258,43.2697055],[20.8258067,43.2697142],[20.8257946,43.2697211],[20.8258348,43.269764]]]},"properties":{"voltage":"","name":""}},{"type":"Feature","geometry":{"type":"Polygon","coordinates":[[[20.6128565,43.7126133],[20.6131963,43.712887],[20.6132539,43.7128972],[20.613398,43.7129228],[20.613805,43.7132554],[20.6134685,43.7135089],[20.6132155,43.7136994],[20.6128815,43.713565],[20.6128378,43.7135981],[20.6127464,43.7136675],[20.6120496,43.7131863],[20.6124672,43.7128897],[20.6128565,43.7126133]]]},"properties":{"voltage":"110000","name":"\u041a\u0440\u0430\u0459\u0435\u0432\u043e 1"}},{"type":"Feature","geometry":{"type":"Polygon","coordinates":[[[20.3995428,45.3774825],[20.399717,45.3773053],[20.4000622,45.3774728],[20.3998879,45.37765],[20.3995428,45.3774825]]]},"properties":{"voltage":"","name":""}},{"type":"Feature","geometry":{"type":"Polygon","coordinates":[[[22.5709276,43.1602392],[22.5709427,43.1598858],[22.5710807,43.1598889],[22.571098,43.1594845],[22.571741,43.1594992],[22.5717086,43.160257],[22.5709276,43.1602392]]]},"properties":{"voltage":"","name":""}},{"type":"Feature","geometry":{"type":"Polygon","coordinates":[[[22.6137986,43.1504051],[22.6141309,43.1507211],[22.6145196,43.1505036],[22.6147054,43.1506802],[22.6153574,43.1503154],[22.6146416,43.1496345],[22.614052,43.1499645],[22.6140057,43.1499904],[22.6142035,43.1501785],[22.6137986,43.1504051]]]},"properties":{"voltage":"","name":""}},{"type":"Feature","geometry":{"type":"Polygon","coordinates":[[[22.615539,43.1575329],[22.6157204,43.1577193],[22.6159535,43.1575746],[22.6158081,43.1573934],[22.615539,43.1575329]]]},"properties":{"voltage":"","name":""}},{"type":"Feature","geometry":{"type":"Polygon","coordinates":[[[20.8887017,44.006692],[20.8887379,44.0067091],[20.8887061,44.006744],[20.88867,44.0067269],[20.8887017,44.006692]]]},"properties":{"voltage":"","name":""}},{"type":"Feature","geometry":{"type":"Polygon","coordinates":[[[20.8955784,44.0103234],[20.8956104,44.0103785],[20.8955389,44.0104],[20.8955069,44.0103449],[20.8955784,44.0103234]]]},"properties":{"voltage":"","name":""}},{"type":"Feature","geometry":{"type":"Polygon","coordinates":[[[21.7090693,43.538526],[21.7091769,43.5385557],[21.7092158,43.5384819],[21.7091082,43.5384521],[21.7090693,43.538526]]]},"properties":{"voltage":"10000;400","name":""}},{"type":"Feature","geometry":{"type":"Polygon","coordinates":[[[21.8137756,43.5517849],[21.8137558,43.551805],[21.8137905,43.551823],[21.8138104,43.5518028],[21.8137756,43.5517849]]]},"properties":{"voltage":"35000","name":""}},{"type":"Feature","geometry":{"type":"Polygon","coordinates":[[[20.906961,44.0195348],[20.9069837,44.0195847],[20.9069095,44.0196021],[20.9068868,44.0195523],[20.906961,44.0195348]]]},"properties":{"voltage":"","name":""}},{"type":"Feature","geometry":{"type":"Polygon","coordinates":[[[20.0402807,46.1041725],[20.0405556,46.1040237],[20.04029,46.1037836],[20.039808,46.1040398],[20.0400736,46.1042799],[20.0402807,46.1041725]]]},"properties":{"voltage":"","name":""}},{"type":"Feature","geometry":{"type":"Polygon","coordinates":[[[21.7115803,43.5429157],[21.7116302,43.5429214],[21.7116399,43.5428775],[21.7115899,43.5428717],[21.7115803,43.5429157]]]},"properties":{"voltage":"10000;400","name":""}},{"type":"Feature","geometry":{"type":"Polygon","coordinates":[[[21.7097423,43.5432298],[21.7097984,43.5432464],[21.7098143,43.5432181],[21.7097582,43.5432015],[21.7097423,43.5432298]]]},"properties":{"voltage":"10000;400","name":""}},{"type":"Feature","geometry":{"type":"Polygon","coordinates":[[[20.8907666,44.006844],[20.8908439,44.0068833],[20.8907922,44.0069359],[20.8907149,44.0068967],[20.8907666,44.006844]]]},"properties":{"voltage":"","name":""}},{"type":"Feature","geometry":{"type":"Polygon","coordinates":[[[20.9096049,44.0000643],[20.9097828,44.0000734],[20.9097913,44.000011],[20.9098569,44.0000155],[20.9098823,43.9997002],[20.909967,43.9997018],[20.9100772,43.9996363],[20.9102021,43.9996393],[20.9103186,43.9994565],[20.9103715,43.9994047],[20.9101492,43.9992981],[20.9099734,43.9992356],[20.9097828,43.9991838],[20.909679,43.9991717],[20.9096028,43.9991838],[20.9095499,43.9993377],[20.9094969,43.9997871],[20.9095287,43.9997886],[20.9094885,44.0000567],[20.9096049,44.0000643]]]},"properties":{"voltage":"","name":""}},{"type":"Feature","geometry":{"type":"Polygon","coordinates":[[[20.9056217,43.9968684],[20.9059966,43.9964099],[20.9050585,43.9960549],[20.904743,43.9964403],[20.9048637,43.9964906],[20.9047917,43.9965744],[20.9056217,43.9968684]]]},"properties":{"voltage":"","name":""}},{"type":"Feature","geometry":{"type":"Polygon","coordinates":[[[20.9199757,44.0325178],[20.9207956,44.0325135],[20.9207329,44.0314097],[20.9195023,44.0320416],[20.9199757,44.0325178]]]},"properties":{"voltage":"110000;10000","name":"\u041a\u0413005 - \u0414\u0438\u0432\u0459\u0435 \u043f\u043e\u0459\u0435"}},{"type":"Feature","geometry":{"type":"Polygon","coordinates":[[[21.7080266,43.5383119],[21.7080896,43.53832],[21.7081018,43.53827],[21.7080388,43.5382618],[21.7080266,43.5383119]]]},"properties":{"voltage":"10000;400","name":""}},{"type":"Feature","geometry":{"type":"Polygon","coordinates":[[[21.7085393,43.5373457],[21.7086246,43.5373598],[21.7086312,43.5373386],[21.7086344,43.5373282],[21.7085491,43.5373141],[21.7085393,43.5373457]]]},"properties":{"voltage":"10000;400","name":""}},{"type":"Feature","geometry":{"type":"Polygon","coordinates":[[[20.978627,44.7422754],[20.9786123,44.7422186],[20.9785332,44.7422254],[20.9785483,44.7422802],[20.978627,44.7422754]]]},"properties":{"voltage":"","name":""}},{"type":"Feature","geometry":{"type":"Polygon","coordinates":[[[21.1849881,44.1994469],[21.185027,44.1994228],[21.1850617,44.1994515],[21.1850228,44.1994757],[21.1849881,44.1994469]]]},"properties":{"voltage":"","name":""}},{"type":"Feature","geometry":{"type":"Polygon","coordinates":[[[21.6949869,43.5640502],[21.6943817,43.5640707],[21.6943428,43.5639245],[21.6942154,43.5636553],[21.6942048,43.5635552],[21.6947215,43.5635168],[21.6948004,43.5635531],[21.6950754,43.5636142],[21.6949869,43.5640502]]]},"properties":{"voltage":"","name":""}},{"type":"Feature","geometry":{"type":"Polygon","coordinates":[[[20.3593068,44.768666],[20.3594753,44.768465],[20.3593673,44.7684193],[20.3591987,44.7686203],[20.3593068,44.768666]]]},"properties":{"voltage":"","name":""}},{"type":"Feature","geometry":{"type":"Polygon","coordinates":[[[22.4102157,43.0733943],[22.410728,43.0731161],[22.4105135,43.0729339],[22.4098912,43.0732297],[22.4102157,43.0733943]]]},"properties":{"voltage":"","name":""}},{"type":"Feature","geometry":{"type":"Polygon","coordinates":[[[22.4079604,43.0594704],[22.4082632,43.0595678],[22.4084062,43.0593304],[22.4081033,43.059233],[22.4079604,43.0594704]]]},"properties":{"voltage":"","name":""}},{"type":"Feature","geometry":{"type":"Polygon","coordinates":[[[20.889639,44.0063122],[20.8895966,44.0062922],[20.8895634,44.0063287],[20.8895594,44.0063331],[20.8895891,44.006347],[20.8896019,44.006353],[20.889639,44.0063122]]]},"properties":{"voltage":"","name":""}},{"type":"Feature","geometry":{"type":"Polygon","coordinates":[[[21.8556664,43.1957286],[21.8557707,43.1952297],[21.8558226,43.1949812],[21.8564871,43.195055],[21.8563308,43.1958025],[21.8560009,43.1957658],[21.8556664,43.1957286]]]},"properties":{"voltage":"","name":""}},{"type":"Feature","geometry":{"type":"Polygon","coordinates":[[[21.3317692,46.1806132],[21.331619,46.1800848],[21.3321984,46.1800143],[21.3323781,46.1805788],[21.3317692,46.1806132]]]},"properties":{"voltage":"110000","name":""}},{"type":"Feature","geometry":{"type":"Polygon","coordinates":[[[21.1960019,45.7107071],[21.1957491,45.7102449],[21.1962371,45.7101147],[21.1964899,45.710577],[21.1960019,45.7107071]]]},"properties":{"voltage":"110000","name":""}},{"type":"Feature","geometry":{"type":"Polygon","coordinates":[[[21.2642728,45.7401721],[21.264195,45.7397322],[21.2645692,45.7397013],[21.2650157,45.7397649],[21.2651163,45.7402629],[21.2649286,45.7402657],[21.2642728,45.7401721]]]},"properties":{"voltage":"110000","name":""}},{"type":"Feature","geometry":{"type":"Polygon","coordinates":[[[21.2130238,45.7531244],[21.2129326,45.752665],[21.2137815,45.7527745],[21.213689,45.7530393],[21.2130238,45.7531244]]]},"properties":{"voltage":"110000","name":""}},{"type":"Feature","geometry":{"type":"Polygon","coordinates":[[[21.255669,45.7804874],[21.2558221,45.7803304],[21.255889,45.7803622],[21.2561428,45.7801019],[21.256231,45.7801437],[21.2562933,45.7800798],[21.2567326,45.7802882],[21.2562622,45.7807706],[21.255669,45.7804874]]]},"properties":{"voltage":"110000","name":""}},{"type":"Feature","geometry":{"type":"Polygon","coordinates":[[[22.854019,46.1171726],[22.8541754,46.1167315],[22.8550851,46.1168866],[22.8549737,46.1172006],[22.8544172,46.1171058],[22.8543722,46.1172328],[22.854019,46.1171726]]]},"properties":{"voltage":"110000","name":""}},{"type":"Feature","geometry":{"type":"Polygon","coordinates":[[[22.8451681,46.1217563],[22.8450555,46.1215462],[22.8453344,46.1214625],[22.8454927,46.1217321],[22.845321,46.1217823],[22.8451681,46.1217563]]]},"properties":{"voltage":"110000","name":""}},{"type":"Feature","geometry":{"type":"Polygon","coordinates":[[[21.7894456,43.3135416],[21.7895414,43.3131669],[21.789726,43.3131919],[21.7900283,43.3132329],[21.7899409,43.3135748],[21.7899325,43.3136075],[21.7894456,43.3135416]]]},"properties":{"voltage":"","name":""}},{"type":"Feature","geometry":{"type":"Polygon","coordinates":[[[20.5024158,44.7820828],[20.5024456,44.7820997],[20.5025169,44.7825891],[20.5017621,44.7826777],[20.5018869,44.7823275],[20.5019404,44.7821546],[20.5020028,44.7821124],[20.5021187,44.7820997],[20.5024158,44.7820828]]]},"properties":{"voltage":"35000;10000","name":""}},{"type":"Feature","geometry":{"type":"Polygon","coordinates":[[[21.3495963,43.6231218],[21.3495975,43.623088],[21.3495508,43.6230863],[21.3495461,43.6231192],[21.3495963,43.6231218]]]},"properties":{"voltage":"","name":""}},{"type":"Feature","geometry":{"type":"Polygon","coordinates":[[[20.503584,44.7798902],[20.5034495,44.7796189],[20.5034035,44.7794983],[20.5033752,44.7791466],[20.5044228,44.7789481],[20.5048089,44.7796692],[20.5042213,44.7798229],[20.5036425,44.7799201],[20.503584,44.7798902]]]},"properties":{"voltage":"110000;35000","name":"\u0411\u0435\u043e\u0433\u0440\u0430\u0434 4"}},{"type":"Feature","geometry":{"type":"Polygon","coordinates":[[[20.4570042,44.8274352],[20.457004,44.8273926],[20.4570624,44.8273925],[20.4570625,44.8274351],[20.4570042,44.8274352]]]},"properties":{"voltage":"","name":""}},{"type":"Feature","geometry":{"type":"Polygon","coordinates":[[[20.4709819,44.7878519],[20.4712246,44.7877569],[20.4710509,44.7873812],[20.4708208,44.7874377],[20.4708752,44.7875386],[20.4708354,44.7875535],[20.4709819,44.7878519]]]},"properties":{"voltage":"110000;10000","name":"\u0411\u0435\u043e\u0433\u0440\u0430\u0434 23"}},{"type":"Feature","geometry":{"type":"Polygon","coordinates":[[[20.8366866,43.2866526],[20.8367298,43.2866301],[20.8367483,43.2866447],[20.8367067,43.2866683],[20.8366866,43.2866526]]]},"properties":{"voltage":"","name":""}},{"type":"Feature","geometry":{"type":"Polygon","coordinates":[[[20.8016039,43.2845653],[20.8017733,43.2846903],[20.8020376,43.2845004],[20.8018682,43.2843754],[20.8016039,43.2845653]]]},"properties":{"voltage":"110000;35000;10000","name":"\u041a\u043e\u043f\u0430\u043e\u043d\u0438\u043a"}},{"type":"Feature","geometry":{"type":"Polygon","coordinates":[[[21.9330426,43.3111118],[21.9326789,43.3111717],[21.9326043,43.3109318],[21.9329679,43.3108719],[21.9330426,43.3111118]]]},"properties":{"voltage":"","name":""}},{"type":"Feature","geometry":{"type":"Polygon","coordinates":[[[20.9403362,44.6704785],[20.9410416,44.670046],[20.9415618,44.6704751],[20.9408564,44.6709076],[20.9403362,44.6704785]]]},"properties":{"voltage":"","name":""}},{"type":"Feature","geometry":{"type":"Polygon","coordinates":[[[21.2346347,45.7506464],[21.2346647,45.7506162],[21.2347427,45.7506539],[21.2347127,45.7506841],[21.2346347,45.7506464]]]},"properties":{"voltage":"","name":""}},{"type":"Feature","geometry":{"type":"Polygon","coordinates":[[[20.9068788,44.0188053],[20.9068966,44.018842],[20.9068409,44.018856],[20.9068231,44.0188194],[20.9068788,44.0188053]]]},"properties":{"voltage":"","name":""}},{"type":"Feature","geometry":{"type":"Polygon","coordinates":[[[20.906814,44.0187334],[20.9068485,44.0188019],[20.9067972,44.0188153],[20.9067627,44.0187468],[20.906814,44.0187334]]]},"properties":{"voltage":"","name":""}},{"type":"Feature","geometry":{"type":"Polygon","coordinates":[[[21.9352155,43.3053318],[21.9352874,43.3053101],[21.9352653,43.3052714],[21.9351934,43.3052931],[21.9352155,43.3053318]]]},"properties":{"voltage":"","name":""}},{"type":"Feature","geometry":{"type":"Polygon","coordinates":[[[21.8981164,43.3075975],[21.8981933,43.3075979],[21.898194,43.3075274],[21.8981171,43.307527],[21.8981164,43.3075975]]]},"properties":{"voltage":"","name":""}},{"type":"Feature","geometry":{"type":"Polygon","coordinates":[[[20.5059827,44.7609629],[20.5060251,44.7609678],[20.5060357,44.760921],[20.5059933,44.7609161],[20.5059827,44.7609629]]]},"properties":{"voltage":"","name":""}},{"type":"Feature","geometry":{"type":"Polygon","coordinates":[[[20.5060069,44.7608399],[20.506047,44.7608445],[20.5060365,44.760891],[20.5059964,44.7608864],[20.5060069,44.7608399]]]},"properties":{"voltage":"","name":""}},{"type":"Feature","geometry":{"type":"Polygon","coordinates":[[[20.0641414,45.3570309],[20.0638451,45.3566141],[20.0643242,45.356444],[20.0644502,45.356826],[20.0644775,45.356909],[20.0641414,45.3570309]]]},"properties":{"voltage":"","name":""}},{"type":"Feature","geometry":{"type":"Polygon","coordinates":[[[20.5716555,44.5707584],[20.5717604,44.5706078],[20.5717427,44.5704136],[20.5711155,44.5702767],[20.5710636,44.5703127],[20.5710086,44.5703509],[20.5709463,44.5703083],[20.5704451,44.5702618],[20.5704434,44.5705963],[20.5710011,44.5707159],[20.5716555,44.5707584]]]},"properties":{"voltage":"110000;35000;10000","name":"\u0411\u0435\u043e\u0433\u0440\u0430\u0434 18"}},{"type":"Feature","geometry":{"type":"Polygon","coordinates":[[[21.7098411,43.5400659],[21.7097874,43.5400547],[21.7097656,43.540109],[21.7098193,43.5401202],[21.7098411,43.5400659]]]},"properties":{"voltage":"10000;400","name":""}},{"type":"Feature","geometry":{"type":"Polygon","coordinates":[[[21.6115048,43.5537226],[21.6115483,43.5537516],[21.6115911,43.5537178],[21.6115475,43.5536889],[21.6115048,43.5537226]]]},"properties":{"voltage":"10000;400","name":""}},{"type":"Feature","geometry":{"type":"Polygon","coordinates":[[[21.7052853,43.5341803],[21.7053349,43.534177],[21.7053273,43.5341175],[21.7052777,43.5341208],[21.7052813,43.5341491],[21.7052853,43.5341803]]]},"properties":{"voltage":"10000;400","name":""}},{"type":"Feature","geometry":{"type":"Polygon","coordinates":[[[21.7099705,43.5283731],[21.710005,43.5283742],[21.7100077,43.5283309],[21.7099732,43.5283297],[21.7099705,43.5283731]]]},"properties":{"voltage":"10000;400","name":""}},{"type":"Feature","geometry":{"type":"Polygon","coordinates":[[[21.6979099,43.5346345],[21.6980086,43.534619],[21.6979798,43.5345228],[21.6978811,43.5345384],[21.6979099,43.5346345]]]},"properties":{"voltage":"35000;10000","name":""}},{"type":"Feature","geometry":{"type":"Polygon","coordinates":[[[21.7095857,43.5276685],[21.709648,43.5276649],[21.7096436,43.5276251],[21.7095813,43.5276287],[21.7095857,43.5276685]]]},"properties":{"voltage":"10000;400","name":""}},{"type":"Feature","geometry":{"type":"Polygon","coordinates":[[[20.316376,43.8842921],[20.3164256,43.8842015],[20.3164312,43.8842042],[20.3165668,43.88426],[20.3165433,43.8842967],[20.3165146,43.8843413],[20.3163875,43.8842967],[20.316376,43.8842921]]]},"properties":{"voltage":"","name":""}},{"type":"Feature","geometry":{"type":"Polygon","coordinates":[[[20.5036624,44.7994222],[20.5037274,44.799417],[20.503722,44.7993823],[20.5036569,44.7993875],[20.5036624,44.7994222]]]},"properties":{"voltage":"","name":""}},{"type":"Feature","geometry":{"type":"Polygon","coordinates":[[[20.9194828,44.9222954],[20.9222889,44.9242003],[20.9237861,44.9230944],[20.9209796,44.9211898],[20.9194828,44.9222954]]]},"properties":{"voltage":"400000","name":"\u0427\u0438\u0431\u0443\u043a 1"}},{"type":"Feature","geometry":{"type":"Polygon","coordinates":[[[22.1085212,44.056596],[22.1085716,44.0566107],[22.1085941,44.0565708],[22.1085437,44.0565561],[22.1085212,44.056596]]]},"properties":{"voltage":"10000;400","name":"NGC 4"}},{"type":"Feature","geometry":{"type":"Polygon","coordinates":[[[22.101939,44.0610059],[22.1019854,44.0610166],[22.1020148,44.0609507],[22.1019684,44.06094],[22.101939,44.0610059]]]},"properties":{"voltage":"10000;400","name":"Istra kula"}},{"type":"Feature","geometry":{"type":"Polygon","coordinates":[[[22.1066949,44.0550373],[22.1066773,44.0550642],[22.1067261,44.0550807],[22.1067437,44.0550538],[22.1066949,44.0550373]]]},"properties":{"voltage":"10000;400","name":"NGC 2"}},{"type":"Feature","geometry":{"type":"Polygon","coordinates":[[[22.1076957,44.0553014],[22.1076752,44.0553346],[22.1077283,44.0553515],[22.1077489,44.0553183],[22.1076957,44.0553014]]]},"properties":{"voltage":"10000;400","name":"NGC 3"}},{"type":"Feature","geometry":{"type":"Polygon","coordinates":[[[22.1068898,44.0534885],[22.1068652,44.0535242],[22.1069235,44.053545],[22.1069481,44.0535092],[22.1068898,44.0534885]]]},"properties":{"voltage":"10000;400","name":"NGC 5"}},{"type":"Feature","geometry":{"type":"Polygon","coordinates":[[[22.1060535,44.0558574],[22.1061011,44.0558726],[22.1061263,44.0558318],[22.1060788,44.0558166],[22.1060535,44.0558574]]]},"properties":{"voltage":"10000;400","name":"NGC 1"}},{"type":"Feature","geometry":{"type":"Polygon","coordinates":[[[20.3350688,43.9052727],[20.3350547,43.9052439],[20.3351105,43.9052297],[20.3351246,43.9052585],[20.3350688,43.9052727]]]},"properties":{"voltage":"","name":""}},{"type":"Feature","geometry":{"type":"Polygon","coordinates":[[[22.0913978,44.0695269],[22.09143,44.069528],[22.0914324,44.0694919],[22.0914001,44.0694908],[22.0913978,44.0695269]]]},"properties":{"voltage":"10000;400","name":"Vase Pelagi\u0107a 2"}},{"type":"Feature","geometry":{"type":"Polygon","coordinates":[[[21.8695251,43.321293],[21.8699625,43.3212536],[21.8698797,43.3208126],[21.869433,43.3208583],[21.8695251,43.321293]]]},"properties":{"voltage":"","name":""}},{"type":"Feature","geometry":{"type":"Polygon","coordinates":[[[20.8966747,44.0073929],[20.8969851,44.0073024],[20.8970045,44.0073329],[20.8971443,44.007296],[20.8968647,44.0070262],[20.8968441,44.0069891],[20.8967413,44.0068236],[20.8964048,44.0069343],[20.8966747,44.0073929]]]},"properties":{"voltage":"","name":""}},{"type":"Feature","geometry":{"type":"Polygon","coordinates":[[[21.3063857,46.1750318],[21.3063582,46.1749825],[21.3064574,46.1749559],[21.3064849,46.1750052],[21.3063857,46.1750318]]]},"properties":{"voltage":"","name":""}},{"type":"Feature","geometry":{"type":"Polygon","coordinates":[[[20.2047626,43.6046508],[20.205083,43.6046979],[20.2053986,43.6038169],[20.2051749,43.6037802],[20.2050797,43.6037905],[20.2047857,43.6038805],[20.2046559,43.6040727],[20.2046754,43.6041413],[20.2047619,43.6042002],[20.2046847,43.6043181],[20.2047626,43.6046508]]]},"properties":{"voltage":"","name":"Bukovica"}},{"type":"Feature","geometry":{"type":"Polygon","coordinates":[[[20.5328805,44.8550341],[20.5332062,44.8551051],[20.5332811,44.8549324],[20.5329554,44.8548614],[20.5328805,44.8550341]]]},"properties":{"voltage":"","name":""}},{"type":"Feature","geometry":{"type":"Polygon","coordinates":[[[20.6982997,45.0798139],[20.6987572,45.0789907],[20.6987646,45.078436],[20.6972323,45.0779918],[20.6965008,45.0792684],[20.6982997,45.0798139]]]},"properties":{"voltage":"220000","name":"\u041a\u043e\u0432\u0430\u0447\u0438\u0446\u0430"}},{"type":"Feature","geometry":{"type":"Polygon","coordinates":[[[20.514647,44.8658254],[20.5146577,44.8658701],[20.5147093,44.8658639],[20.5146985,44.8658192],[20.514647,44.8658254]]]},"properties":{"voltage":"","name":""}},{"type":"Feature","geometry":{"type":"Polygon","coordinates":[[[21.6912763,43.5111278],[21.6913076,43.5111537],[21.6912671,43.5111794],[21.6912458,43.5111617],[21.6912358,43.5111534],[21.6912763,43.5111278]]]},"properties":{"voltage":"10000;400","name":""}},{"type":"Feature","geometry":{"type":"Polygon","coordinates":[[[21.6858612,43.5093503],[21.6858764,43.5093393],[21.6858914,43.5093502],[21.6858763,43.5093612],[21.6858612,43.5093503]]]},"properties":{"voltage":"10000;400","name":""}},{"type":"Feature","geometry":{"type":"Polygon","coordinates":[[[21.6263075,43.5405649],[21.626335,43.5405752],[21.6263248,43.5405894],[21.6263189,43.5405977],[21.6263087,43.5405939],[21.6262914,43.5405874],[21.6262999,43.5405755],[21.6263075,43.5405649]]]},"properties":{"voltage":"10000;400","name":""}},{"type":"Feature","geometry":{"type":"Polygon","coordinates":[[[22.1035093,44.0489369],[22.1034894,44.0489514],[22.1034622,44.0489323],[22.1034821,44.0489177],[22.1035093,44.0489369]]]},"properties":{"voltage":"10000;400","name":""}},{"type":"Feature","geometry":{"type":"Polygon","coordinates":[[[22.103016,44.05451],[22.1029804,44.0545549],[22.1029316,44.054535],[22.1029671,44.05449],[22.103016,44.05451]]]},"properties":{"voltage":"10000;400","name":"Dom zdravlja"}},{"type":"Feature","geometry":{"type":"Polygon","coordinates":[[[22.0992692,44.0562619],[22.0992076,44.0562649],[22.099204,44.056227],[22.0992656,44.056224],[22.0992692,44.0562619]]]},"properties":{"voltage":"10000;400","name":"D1"}},{"type":"Feature","geometry":{"type":"Polygon","coordinates":[[[22.0965092,44.0507146],[22.096531,44.0507356],[22.0964813,44.0507623],[22.0964594,44.0507413],[22.0965092,44.0507146]]]},"properties":{"voltage":"10000;400","name":"Ljube Ne\u0161i\u0107a"}},{"type":"Feature","geometry":{"type":"Polygon","coordinates":[[[22.1007744,44.0554092],[22.1008231,44.0554306],[22.1008007,44.055457],[22.100752,44.0554357],[22.1007744,44.0554092]]]},"properties":{"voltage":"10000;400","name":"Lidl"}},{"type":"Feature","geometry":{"type":"Polygon","coordinates":[[[21.3267023,43.5719347],[21.326831,43.5718103],[21.3270055,43.5718394],[21.3271359,43.5714282],[21.3262532,43.5712813],[21.3260789,43.5718309],[21.3267023,43.5719347]]]},"properties":{"voltage":"","name":""}},{"type":"Feature","geometry":{"type":"Polygon","coordinates":[[[22.9310355,43.9811844],[22.9319555,43.9811138],[22.9319088,43.9807375],[22.9309888,43.9808148],[22.9310355,43.9811844]]]},"properties":{"voltage":"","name":""}},{"type":"Feature","geometry":{"type":"Polygon","coordinates":[[[21.9107034,44.4153494],[21.910403,44.4146909],[21.9110896,44.4145462],[21.9113741,44.4152016],[21.9107034,44.4153494]]]},"properties":{"voltage":"","name":""}},{"type":"Feature","geometry":{"type":"Polygon","coordinates":[[[21.9334786,44.3965649],[21.9329216,44.3956498],[21.9337887,44.3953804],[21.9343455,44.3962956],[21.9334786,44.3965649]]]},"properties":{"voltage":"","name":""}},{"type":"Feature","geometry":{"type":"Polygon","coordinates":[[[21.9509719,44.4283435],[21.9510224,44.4277564],[21.9517457,44.4277881],[21.9516979,44.4283443],[21.9520405,44.428576],[21.951698,44.4288344],[21.9514195,44.4287068],[21.9509719,44.4283435]]]},"properties":{"voltage":"","name":""}},{"type":"Feature","geometry":{"type":"Polygon","coordinates":[[[21.7157094,43.5440279],[21.7157789,43.5440479],[21.7158014,43.5440067],[21.7157319,43.5439867],[21.7157094,43.5440279]]]},"properties":{"voltage":"10000;400","name":""}},{"type":"Feature","geometry":{"type":"Polygon","coordinates":[[[21.7150615,43.5399307],[21.7151216,43.5399103],[21.715098,43.5398737],[21.7150378,43.5398941],[21.7150615,43.5399307]]]},"properties":{"voltage":"10000;400","name":""}},{"type":"Feature","geometry":{"type":"Polygon","coordinates":[[[21.7181907,43.5362511],[21.7182512,43.5362521],[21.7182522,43.536223],[21.7181917,43.5362219],[21.7181907,43.5362511]]]},"properties":{"voltage":"10000;400","name":""}},{"type":"Feature","geometry":{"type":"Polygon","coordinates":[[[21.714129,43.5331583],[21.7140963,43.5331726],[21.7141276,43.5332104],[21.7141603,43.5331962],[21.714129,43.5331583]]]},"properties":{"voltage":"10000;400","name":""}},{"type":"Feature","geometry":{"type":"Polygon","coordinates":[[[21.7079226,43.5418859],[21.7079874,43.5418994],[21.708008,43.5418476],[21.7079432,43.541834],[21.7079226,43.5418859]]]},"properties":{"voltage":"10000;400","name":""}},{"type":"Feature","geometry":{"type":"Polygon","coordinates":[[[21.7079928,43.5450428],[21.7080295,43.5450436],[21.7080311,43.5450065],[21.7079944,43.5450057],[21.7079928,43.5450428]]]},"properties":{"voltage":"10000;400","name":""}},{"type":"Feature","geometry":{"type":"Polygon","coordinates":[[[21.7066935,43.5483603],[21.7067445,43.5483517],[21.7067237,43.5482868],[21.7066727,43.5482954],[21.7066935,43.5483603]]]},"properties":{"voltage":"10000;400","name":""}},{"type":"Feature","geometry":{"type":"Polygon","coordinates":[[[21.7039309,43.5436237],[21.7039546,43.5436182],[21.7039412,43.5435877],[21.7039174,43.5435932],[21.7039309,43.5436237]]]},"properties":{"voltage":"10000;400","name":""}},{"type":"Feature","geometry":{"type":"Polygon","coordinates":[[[21.7025158,43.5413313],[21.7025817,43.5413107],[21.7025584,43.5412714],[21.7024924,43.5412921],[21.7025158,43.5413313]]]},"properties":{"voltage":"10000;400","name":""}},{"type":"Feature","geometry":{"type":"Polygon","coordinates":[[[21.7032074,43.5383178],[21.7032674,43.5383332],[21.7032861,43.5382949],[21.7032261,43.5382795],[21.7032074,43.5383178]]]},"properties":{"voltage":"10000;400","name":""}},{"type":"Feature","geometry":{"type":"Polygon","coordinates":[[[21.7060462,43.5369114],[21.7060847,43.5369417],[21.7061425,43.536903],[21.706104,43.5368728],[21.7060462,43.5369114]]]},"properties":{"voltage":"10000;400","name":""}},{"type":"Feature","geometry":{"type":"Polygon","coordinates":[[[21.70867,43.5371749],[21.7087083,43.5371763],[21.7087097,43.537155],[21.7086714,43.5371536],[21.70867,43.5371749]]]},"properties":{"voltage":"10000;400","name":""}},{"type":"Feature","geometry":{"type":"Polygon","coordinates":[[[21.7108573,43.5391472],[21.7108841,43.539186],[21.7109282,43.53917],[21.7109014,43.5391312],[21.7108573,43.5391472]]]},"properties":{"voltage":"10000;400","name":""}},{"type":"Feature","geometry":{"type":"Polygon","coordinates":[[[21.7043886,43.5396282],[21.704441,43.5396348],[21.7044473,43.5396079],[21.7043949,43.5396014],[21.7043886,43.5396282]]]},"properties":{"voltage":"10000;400","name":""}},{"type":"Feature","geometry":{"type":"Polygon","coordinates":[[[21.7002296,43.5397779],[21.7002035,43.5397379],[21.7001712,43.539749],[21.7001973,43.539789],[21.7002296,43.5397779]]]},"properties":{"voltage":"10000;400","name":""}},{"type":"Feature","geometry":{"type":"Polygon","coordinates":[[[21.6925939,43.542712],[21.6926205,43.5427304],[21.6926652,43.5426964],[21.6926386,43.542678],[21.6925939,43.542712]]]},"properties":{"voltage":"10000;400","name":""}},{"type":"Feature","geometry":{"type":"Polygon","coordinates":[[[21.7092168,43.5406649],[21.7092057,43.540699],[21.709247,43.540706],[21.709258,43.5406719],[21.7092168,43.5406649]]]},"properties":{"voltage":"10000;400","name":""}},{"type":"Feature","geometry":{"type":"Polygon","coordinates":[[[21.7136626,43.5468648],[21.7136906,43.5469005],[21.7137395,43.5468804],[21.7137116,43.5468447],[21.7136626,43.5468648]]]},"properties":{"voltage":"10000;400","name":""}},{"type":"Feature","geometry":{"type":"Polygon","coordinates":[[[21.269163,46.1910448],[21.2699974,46.1910229],[21.2699898,46.1905329],[21.2699824,46.1902721],[21.2691511,46.1902837],[21.269163,46.1910448]]]},"properties":{"voltage":"","name":""}},{"type":"Feature","geometry":{"type":"Polygon","coordinates":[[[21.3197104,46.1679162],[21.3197407,46.1679074],[21.3197217,46.1678759],[21.3196913,46.1678847],[21.3197104,46.1679162]]]},"properties":{"voltage":"","name":""}},{"type":"Feature","geometry":{"type":"Polygon","coordinates":[[[21.9511919,44.4282917],[21.9512032,44.4282085],[21.9512589,44.4282123],[21.9512701,44.4281301],[21.9512116,44.4281261],[21.9512265,44.4280168],[21.9513693,44.4280267],[21.951332,44.4283014],[21.9511919,44.4282917]]]},"properties":{"voltage":"","name":""}},{"type":"Feature","geometry":{"type":"Polygon","coordinates":[[[22.1127737,44.0587166],[22.1128048,44.0587239],[22.1128226,44.0586846],[22.1127915,44.0586774],[22.1127737,44.0587166]]]},"properties":{"voltage":"10000;400","name":"Slatinski put"}},{"type":"Feature","geometry":{"type":"Polygon","coordinates":[[[22.1058474,44.0633742],[22.1058747,44.0633635],[22.1058909,44.0633849],[22.1058636,44.0633956],[22.1058474,44.0633742]]]},"properties":{"voltage":"10000;400","name":"Istrage"}},{"type":"Feature","geometry":{"type":"Polygon","coordinates":[[[21.8676574,43.3094958],[21.8677851,43.3095169],[21.8678078,43.3094441],[21.86768,43.309423],[21.8676574,43.3094958]]]},"properties":{"voltage":"","name":""}},{"type":"Feature","geometry":{"type":"Polygon","coordinates":[[[20.1217018,44.8807451],[20.1211745,44.8803972],[20.1208951,44.8803648],[20.1205952,44.8806422],[20.1212945,44.8810605],[20.1217018,44.8807451]]]},"properties":{"voltage":"110000;20000","name":"\u041a\u0440\u045a\u0435\u0448\u0435\u0432\u0446\u0438"}},{"type":"Feature","geometry":{"type":"Polygon","coordinates":[[[20.4520527,44.8108258],[20.4520422,44.8107658],[20.4520539,44.810753],[20.4521351,44.8107481],[20.452148,44.8107568],[20.4521583,44.810814],[20.4521463,44.8108272],[20.4520697,44.8108342],[20.4520527,44.8108258]]]},"properties":{"voltage":"110000;10000","name":"\u0411\u0435\u043e\u0433\u0440\u0430\u0434 44"}},{"type":"Feature","geometry":{"type":"Polygon","coordinates":[[[20.505292,44.8139083],[20.5052726,44.8138617],[20.5053425,44.813847],[20.5053619,44.8138936],[20.505292,44.8139083]]]},"properties":{"voltage":"","name":""}},{"type":"Feature","geometry":{"type":"Polygon","coordinates":[[[22.080131,43.9689532],[22.0801842,43.9689253],[22.0801013,43.9688434],[22.0800481,43.9688713],[22.080131,43.9689532]]]},"properties":{"voltage":"35000;10000","name":"\u0160arbanovac"}},{"type":"Feature","geometry":{"type":"Polygon","coordinates":[[[20.6839635,43.7185879],[20.6837437,43.7188558],[20.6840675,43.718993],[20.6842876,43.7189748],[20.6846263,43.7185682],[20.6841452,43.7183649],[20.6839635,43.7185879]]]},"properties":{"voltage":"","name":""}},{"type":"Feature","geometry":{"type":"Polygon","coordinates":[[[22.1315367,44.0154062],[22.1316409,44.0153841],[22.1315337,44.0151223],[22.1314295,44.0151443],[22.1315367,44.0154062]]]},"properties":{"voltage":"110000;35000","name":"\u010cukaru Peki 1"}},{"type":"Feature","geometry":{"type":"Polygon","coordinates":[[[21.364514,43.5171237],[21.3646436,43.517062],[21.3646863,43.5171092],[21.3646683,43.5171177],[21.3647473,43.517205],[21.3646465,43.5172529],[21.3645673,43.5171654],[21.3645416,43.5171776],[21.3644992,43.5171308],[21.364514,43.5171237]]]},"properties":{"voltage":"","name":"elektro postrojenje"}},{"type":"Feature","geometry":{"type":"Polygon","coordinates":[[[22.1003262,44.0777656],[22.1003466,44.077783],[22.1003712,44.077768],[22.1003508,44.0777506],[22.1003262,44.0777656]]]},"properties":{"voltage":"10000;400","name":"\u010ce\u0161alj"}},{"type":"Feature","geometry":{"type":"Polygon","coordinates":[[[22.0992464,44.0772665],[22.0992669,44.0772839],[22.0992915,44.0772689],[22.0992711,44.0772514],[22.0992464,44.0772665]]]},"properties":{"voltage":"10000;400","name":"Sedmospratnica"}},{"type":"Feature","geometry":{"type":"Polygon","coordinates":[[[22.097482,44.0760289],[22.097524,44.0760373],[22.0975354,44.0760074],[22.0974934,44.0759991],[22.097482,44.0760289]]]},"properties":{"voltage":"10000;400","name":"Jugobanka"}},{"type":"Feature","geometry":{"type":"Polygon","coordinates":[[[22.0960464,44.0747332],[22.0961098,44.0747779],[22.0961567,44.0747434],[22.0960933,44.0746987],[22.0960464,44.0747332]]]},"properties":{"voltage":"10000;400","name":"Kotlara 2"}},{"type":"Feature","geometry":{"type":"Polygon","coordinates":[[[22.0957471,44.0762687],[22.0957707,44.0762869],[22.0958069,44.0762624],[22.0957833,44.0762443],[22.0957471,44.0762687]]]},"properties":{"voltage":"10000;400","name":"Kotlara 1"}},{"type":"Feature","geometry":{"type":"Polygon","coordinates":[[[22.0922925,44.0980588],[22.0923229,44.0980618],[22.092329,44.0980304],[22.0922985,44.0980274],[22.0922925,44.0980588]]]},"properties":{"voltage":"10000;400","name":"Zmajevo"}},{"type":"Feature","geometry":{"type":"Polygon","coordinates":[[[22.0977408,44.0783914],[22.0977777,44.0783869],[22.0977716,44.0783611],[22.0977347,44.0783656],[22.0977408,44.0783914]]]},"properties":{"voltage":"10000;400","name":"Hotel"}},{"type":"Feature","geometry":{"type":"Polygon","coordinates":[[[22.0982174,44.0800997],[22.0982652,44.0801],[22.0982656,44.080064],[22.0982177,44.0800637],[22.0982174,44.0800997]]]},"properties":{"voltage":"10000;400","name":"G1"}},{"type":"Feature","geometry":{"type":"Polygon","coordinates":[[[22.0951671,44.0800164],[22.0952044,44.0800146],[22.0952019,44.0799884],[22.0951647,44.0799902],[22.0951671,44.0800164]]]},"properties":{"voltage":"10000;400","name":"JNA"}},{"type":"Feature","geometry":{"type":"Polygon","coordinates":[[[22.0918165,44.0803148],[22.0918643,44.0803126],[22.0918612,44.0802767],[22.0918134,44.0802788],[22.0918165,44.0803148]]]},"properties":{"voltage":"10000;400","name":"Bolnica"}},{"type":"Feature","geometry":{"type":"Polygon","coordinates":[[[22.1027241,44.0728126],[22.1027575,44.0728324],[22.1027888,44.0728052],[22.1027554,44.0727854],[22.1027241,44.0728126]]]},"properties":{"voltage":"10000;400","name":"\u017delezni\u010dka stanica"}},{"type":"Feature","geometry":{"type":"Polygon","coordinates":[[[22.1044997,44.0763607],[22.1045299,44.0763806],[22.1045477,44.0763666],[22.1045176,44.0763467],[22.1044997,44.0763607]]]},"properties":{"voltage":"10000;400","name":"Lasta"}},{"type":"Feature","geometry":{"type":"Polygon","coordinates":[[[22.1020369,44.0759689],[22.1020387,44.0759916],[22.102071,44.0759902],[22.1020692,44.0759675],[22.1020369,44.0759689]]]},"properties":{"voltage":"10000;400","name":"Distribucija krug"}},{"type":"Feature","geometry":{"type":"Polygon","coordinates":[[[22.0995094,44.0743282],[22.0995111,44.0743696],[22.0995435,44.0743689],[22.0995418,44.0743275],[22.0995094,44.0743282]]]},"properties":{"voltage":"10000;400","name":"Dom kulture"}},{"type":"Feature","geometry":{"type":"Polygon","coordinates":[[[22.1003774,44.0739868],[22.1003804,44.0740202],[22.100434,44.0740177],[22.100431,44.0739843],[22.1003774,44.0739868]]]},"properties":{"voltage":"10000;400","name":"Lamela"}},{"type":"Feature","geometry":{"type":"Polygon","coordinates":[[[22.0994189,44.0728301],[22.0994212,44.0728533],[22.0994707,44.0728508],[22.0994684,44.0728276],[22.0994189,44.0728301]]]},"properties":{"voltage":"10000;400","name":"P+8"}},{"type":"Feature","geometry":{"type":"Polygon","coordinates":[[[22.1011666,44.0722678],[22.1011709,44.0723357],[22.1012558,44.0723329],[22.1012515,44.072265],[22.1011666,44.0722678]]]},"properties":{"voltage":"10000;400","name":"Stadion"}},{"type":"Feature","geometry":{"type":"Polygon","coordinates":[[[22.0953827,44.0719816],[22.0953539,44.0720137],[22.0953989,44.0720344],[22.0954276,44.0720024],[22.0953827,44.0719816]]]},"properties":{"voltage":"10000;400","name":"Seli\u0161te 1"}},{"type":"Feature","geometry":{"type":"Polygon","coordinates":[[[22.0970016,44.0719243],[22.0970173,44.0719441],[22.0970454,44.0719326],[22.0970297,44.0719128],[22.0970016,44.0719243]]]},"properties":{"voltage":"10000;400","name":"Sama\u010dki hotel"}},{"type":"Feature","geometry":{"type":"Polygon","coordinates":[[[22.0970224,44.0719503],[22.0970381,44.0719701],[22.0970662,44.0719586],[22.0970505,44.0719388],[22.0970224,44.0719503]]]},"properties":{"voltage":"10000;400","name":"Tri solitera"}},{"type":"Feature","geometry":{"type":"Polygon","coordinates":[[[22.0982186,44.0719586],[22.0982216,44.0719812],[22.098254,44.071979],[22.098251,44.0719563],[22.0982186,44.0719586]]]},"properties":{"voltage":"10000;400","name":"Fabrika hrane"}},{"type":"Feature","geometry":{"type":"Polygon","coordinates":[[[22.0978992,44.0722167],[22.0979007,44.072247],[22.0979598,44.0722454],[22.0979583,44.0722152],[22.0978992,44.0722167]]]},"properties":{"voltage":"10000;400","name":"Maksi"}},{"type":"Feature","geometry":{"type":"Polygon","coordinates":[[[22.0962556,44.0733575],[22.0962592,44.0733801],[22.0962913,44.0733774],[22.0962877,44.0733548],[22.0962556,44.0733575]]]},"properties":{"voltage":"10000;400","name":"Lokali"}},{"type":"Feature","geometry":{"type":"Polygon","coordinates":[[[22.0973036,44.0694701],[22.097307,44.0694987],[22.0973545,44.0694958],[22.0973511,44.0694672],[22.0973036,44.0694701]]]},"properties":{"voltage":"10000;400","name":"C4"}},{"type":"Feature","geometry":{"type":"Polygon","coordinates":[[[22.0934241,44.071363],[22.0934227,44.0714094],[22.0934922,44.0714105],[22.0934937,44.0713641],[22.0934241,44.071363]]]},"properties":{"voltage":"10000;400","name":"Pere Radovanovi\u0107a"}},{"type":"Feature","geometry":{"type":"Polygon","coordinates":[[[22.0941886,44.0728629],[22.0942072,44.0728984],[22.0942427,44.0728888],[22.094224,44.0728533],[22.0941886,44.0728629]]]},"properties":{"voltage":"10000;400","name":"Njego\u0161eva"}},{"type":"Feature","geometry":{"type":"Polygon","coordinates":[[[22.092127,44.0719629],[22.0921088,44.0719943],[22.0921385,44.0720031],[22.0921566,44.0719717],[22.092127,44.0719629]]]},"properties":{"voltage":"10000;400","name":"Vase Pelagi\u0107a"}},{"type":"Feature","geometry":{"type":"Polygon","coordinates":[[[22.0927967,44.0733996],[22.0928055,44.0734319],[22.0928457,44.0734263],[22.092837,44.073394],[22.0927967,44.0733996]]]},"properties":{"voltage":"10000;400","name":"Fond solidarnosti"}},{"type":"Feature","geometry":{"type":"Polygon","coordinates":[[[22.100444,44.0677685],[22.1004612,44.067815],[22.1005078,44.067806],[22.1004906,44.0677595],[22.100444,44.0677685]]]},"properties":{"voltage":"10000;400","name":"Zastava"}},{"type":"Feature","geometry":{"type":"Polygon","coordinates":[[[22.0995672,44.0687312],[22.0995724,44.0687537],[22.0996043,44.06875],[22.0995991,44.0687275],[22.0995672,44.0687312]]]},"properties":{"voltage":"10000;400","name":"Oktobarske revolucije"}},{"type":"Feature","geometry":{"type":"Polygon","coordinates":[[[22.0975256,44.0685683],[22.0975273,44.068591],[22.0975596,44.0685898],[22.097558,44.0685671],[22.0975256,44.0685683]]]},"properties":{"voltage":"10000;400","name":"C6"}},{"type":"Feature","geometry":{"type":"Polygon","coordinates":[[[22.0979415,44.0672812],[22.0979268,44.0673148],[22.097959,44.0673221],[22.0979737,44.0672885],[22.0979415,44.0672812]]]},"properties":{"voltage":"10000;400","name":"C5"}},{"type":"Feature","geometry":{"type":"Polygon","coordinates":[[[22.0906384,44.0647196],[22.0906697,44.0647586],[22.0907109,44.0647416],[22.0906797,44.0647026],[22.0906384,44.0647196]]]},"properties":{"voltage":"10000;400","name":"SUV"}},{"type":"Feature","geometry":{"type":"Polygon","coordinates":[[[22.0947795,44.0673553],[22.0948324,44.0673866],[22.0948641,44.0673589],[22.0948113,44.0673276],[22.0947795,44.0673553]]]},"properties":{"voltage":"10000;400","name":"Omladinske brigade"}},{"type":"Feature","geometry":{"type":"Polygon","coordinates":[[[22.0981089,44.064458],[22.0981052,44.0644806],[22.098137,44.0644833],[22.0981408,44.0644607],[22.0981089,44.064458]]]},"properties":{"voltage":"10000;400","name":"Studentski dom"}},{"type":"Feature","geometry":{"type":"Polygon","coordinates":[[[22.1000667,44.0697899],[22.1000743,44.0698141],[22.100109,44.0698084],[22.1001013,44.0697842],[22.1000667,44.0697899]]]},"properties":{"voltage":"10000;400","name":"\u0422\u0421 \u041f\u0430\u0440\u043a"}},{"type":"Feature","geometry":{"type":"Polygon","coordinates":[[[22.1037539,44.0684247],[22.1037734,44.0684479],[22.1038021,44.0684354],[22.1037826,44.0684123],[22.1037539,44.0684247]]]},"properties":{"voltage":"10000;400","name":"Boris Kidri\u010d"}},{"type":"Feature","geometry":{"type":"Polygon","coordinates":[[[22.1021268,44.0692569],[22.1021387,44.0692752],[22.1021736,44.0692636],[22.1021618,44.0692452],[22.1021268,44.0692569]]]},"properties":{"voltage":"10000;400","name":"7.juli"}},{"type":"Feature","geometry":{"type":"Polygon","coordinates":[[[22.1012952,44.0702135],[22.1013154,44.0702456],[22.101345,44.070236],[22.1013248,44.0702039],[22.1012952,44.0702135]]]},"properties":{"voltage":"10000;400","name":"TS 1.maj"}},{"type":"Feature","geometry":{"type":"Polygon","coordinates":[[[22.1061594,44.0675285],[22.1061822,44.0675564],[22.1062271,44.0675375],[22.1062043,44.0675096],[22.1061594,44.0675285]]]},"properties":{"voltage":"10000;400","name":"\u0160tamparija"}},{"type":"Feature","geometry":{"type":"Polygon","coordinates":[[[22.0952498,44.0608492],[22.0952884,44.0608493],[22.0952885,44.0608105],[22.0952499,44.0608105],[22.0952498,44.0608492]]]},"properties":{"voltage":"10000;400","name":"GHI"}},{"type":"Feature","geometry":{"type":"Polygon","coordinates":[[[22.0992202,44.0594777],[22.0992525,44.0594855],[22.0992598,44.0594701],[22.0992275,44.0594622],[22.0992202,44.0594777]]]},"properties":{"voltage":"10000;400","name":"A1"}},{"type":"Feature","geometry":{"type":"Polygon","coordinates":[[[22.0984553,44.0603246],[22.0984844,44.060331],[22.0984911,44.0603153],[22.0984619,44.0603089],[22.0984553,44.0603246]]]},"properties":{"voltage":"10000;400","name":"A4"}},{"type":"Feature","geometry":{"type":"Polygon","coordinates":[[[22.0980091,44.0609329],[22.0980422,44.060939],[22.0980478,44.0609232],[22.0980146,44.0609171],[22.0980091,44.0609329]]]},"properties":{"voltage":"10000;400","name":"A5"}},{"type":"Feature","geometry":{"type":"Polygon","coordinates":[[[22.0976816,44.0619145],[22.0977145,44.0619212],[22.0977207,44.0619055],[22.0976878,44.0618988],[22.0976816,44.0619145]]]},"properties":{"voltage":"10000;400","name":"A8"}},{"type":"Feature","geometry":{"type":"Polygon","coordinates":[[[22.0994759,44.0616875],[22.0995081,44.0616944],[22.0995132,44.0616822],[22.099481,44.0616753],[22.0994759,44.0616875]]]},"properties":{"voltage":"10000;400","name":"Tr\u017eni centar"}},{"type":"Feature","geometry":{"type":"Polygon","coordinates":[[[22.102985,44.0600339],[22.1030633,44.0600504],[22.1030771,44.0600166],[22.1029988,44.0600001],[22.102985,44.0600339]]]},"properties":{"voltage":"10000;400","name":"ERC"}},{"type":"Feature","geometry":{"type":"Polygon","coordinates":[[[22.1035368,44.06234],[22.1035971,44.0623383],[22.1035945,44.0622897],[22.1035341,44.0622914],[22.1035368,44.06234]]]},"properties":{"voltage":"10000;400","name":"Hladnja\u010da"}},{"type":"Feature","geometry":{"type":"Polygon","coordinates":[[[22.1071153,44.0605368],[22.1070782,44.0605528],[22.107097,44.0605753],[22.1071341,44.0605594],[22.1071153,44.0605368]]]},"properties":{"voltage":"10000;400","name":"Petra Ko\u010di\u0107a"}},{"type":"Feature","geometry":{"type":"Polygon","coordinates":[[[22.1072048,44.0613335],[22.1073471,44.0612917],[22.1073249,44.0612527],[22.1071826,44.0612945],[22.1072048,44.0613335]]]},"properties":{"voltage":"10000;400","name":"Grand in\u017einjering"}},{"type":"Feature","geometry":{"type":"Polygon","coordinates":[[[22.0986889,44.0551629],[22.098734,44.0551477],[22.0987099,44.0551108],[22.0986648,44.055126],[22.0986889,44.0551629]]]},"properties":{"voltage":"10000;400","name":"D2"}},{"type":"Feature","geometry":{"type":"Polygon","coordinates":[[[22.096954,44.0543531],[22.0969825,44.0543694],[22.0970161,44.0543389],[22.0969876,44.0543226],[22.096954,44.0543531]]]},"properties":{"voltage":"10000;400","name":"D3"}},{"type":"Feature","geometry":{"type":"Polygon","coordinates":[[[22.0982026,44.0563803],[22.098239,44.0563797],[22.0982377,44.0563409],[22.0982012,44.0563414],[22.0982026,44.0563803]]]},"properties":{"voltage":"10000;400","name":"C3"}},{"type":"Feature","geometry":{"type":"Polygon","coordinates":[[[22.0958731,44.0554498],[22.095903,44.0554648],[22.0959339,44.0554329],[22.095904,44.0554179],[22.0958731,44.0554498]]]},"properties":{"voltage":"10000;400","name":"C8"}},{"type":"Feature","geometry":{"type":"Polygon","coordinates":[[[22.0954405,44.0579276],[22.0955113,44.057927],[22.0955107,44.0578877],[22.0954399,44.0578883],[22.0954405,44.0579276]]]},"properties":{"voltage":"10000;400","name":"D14"}},{"type":"Feature","geometry":{"type":"Polygon","coordinates":[[[22.1009907,44.051224],[22.1010113,44.0512456],[22.1010558,44.0512236],[22.1010353,44.0512021],[22.1009907,44.051224]]]},"properties":{"voltage":"10000;400","name":"Metalurg"}},{"type":"Feature","geometry":{"type":"Polygon","coordinates":[[[22.1200705,44.0571401],[22.1201011,44.057139],[22.120099,44.0571096],[22.1200684,44.0571107],[22.1200705,44.0571401]]]},"properties":{"voltage":"10000;400","name":"ATP"}},{"type":"Feature","geometry":{"type":"Polygon","coordinates":[[[22.1131989,44.0499985],[22.1132139,44.0499744],[22.1131646,44.0499585],[22.1131496,44.0499826],[22.1131989,44.0499985]]]},"properties":{"voltage":"10000;400","name":"Ciglana"}},{"type":"Feature","geometry":{"type":"Polygon","coordinates":[[[22.0796251,44.0587697],[22.0796647,44.05874],[22.0796336,44.0587185],[22.0795941,44.0587481],[22.0796251,44.0587697]]]},"properties":{"voltage":"10000;400","name":"Tanaska Raji\u0107a"}},{"type":"Feature","geometry":{"type":"Polygon","coordinates":[[[22.0847138,44.0576941],[22.0847659,44.0576635],[22.0847363,44.0576373],[22.0846842,44.0576679],[22.0847138,44.0576941]]]},"properties":{"voltage":"10000;400","name":"Vladimira Nazora"}},{"type":"Feature","geometry":{"type":"Polygon","coordinates":[[[22.0831535,44.0560855],[22.0832013,44.0560651],[22.0831817,44.0560415],[22.0831339,44.0560619],[22.0831535,44.0560855]]]},"properties":{"voltage":"10000;400","name":"Jovana Vu\u010dkovi\u0107a"}},{"type":"Feature","geometry":{"type":"Polygon","coordinates":[[[22.0862545,44.0524164],[22.0862866,44.0524055],[22.0862762,44.0523898],[22.0862442,44.0524006],[22.0862545,44.0524164]]]},"properties":{"voltage":"10000;400","name":"Topovske \u0161upe rezervoari"}},{"type":"Feature","geometry":{"type":"Polygon","coordinates":[[[22.0873407,44.054612],[22.0873568,44.0545911],[22.0873351,44.0545825],[22.087319,44.0546033],[22.0873407,44.054612]]]},"properties":{"voltage":"10000;400","name":"Vojvode Mi\u0161i\u0107a"}},{"type":"Feature","geometry":{"type":"Polygon","coordinates":[[[22.0978382,44.0703964],[22.0978771,44.0703939],[22.0978732,44.070363],[22.0978344,44.0703655],[22.0978382,44.0703964]]]},"properties":{"voltage":"10000;400","name":"\u0110.A.Kuna"}},{"type":"Feature","geometry":{"type":"Polygon","coordinates":[[[22.123411,44.059438],[22.1234124,44.0594081],[22.1233661,44.059407],[22.1233647,44.0594368],[22.123411,44.059438]]]},"properties":{"voltage":"10000;400","name":"Zona servisa"}},{"type":"Feature","geometry":{"type":"Polygon","coordinates":[[[22.060786,44.2407273],[22.0608243,44.2407262],[22.0608228,44.2407012],[22.0607846,44.2407023],[22.060786,44.2407273]]]},"properties":{"voltage":"10000;400","name":"Poljoprom"}},{"type":"Feature","geometry":{"type":"Polygon","coordinates":[[[22.0612571,44.2434826],[22.0612954,44.2434824],[22.0612951,44.2434577],[22.0612568,44.243458],[22.0612571,44.2434826]]]},"properties":{"voltage":"10000;400","name":"Kula Gornjane"}},{"type":"Feature","geometry":{"type":"Polygon","coordinates":[[[22.0447471,44.2422159],[22.0447769,44.2422332],[22.0447985,44.242214],[22.0447687,44.2421968],[22.0447471,44.2422159]]]},"properties":{"voltage":"10000;400","name":"Manastiri\u0161te"}},{"type":"Feature","geometry":{"type":"Polygon","coordinates":[[[22.0320632,44.2430878],[22.0320971,44.2431004],[22.032113,44.2430785],[22.0320791,44.2430659],[22.0320632,44.2430878]]]},"properties":{"voltage":"10000;400","name":"Vra\u010d"}},{"type":"Feature","geometry":{"type":"Polygon","coordinates":[[[22.0079002,44.2500644],[22.0079293,44.2500821],[22.0079517,44.2500634],[22.0079226,44.2500456],[22.0079002,44.2500644]]]},"properties":{"voltage":"10000;400","name":"Vlaole stubna"}},{"type":"Feature","geometry":{"type":"Polygon","coordinates":[[[22.0242966,44.2640735],[22.0243255,44.2640913],[22.024348,44.2640727],[22.0243191,44.2640548],[22.0242966,44.2640735]]]},"properties":{"voltage":"10000;400","name":"Gavran"}},{"type":"Feature","geometry":{"type":"Polygon","coordinates":[[[22.0596095,44.2567551],[22.0596334,44.2567765],[22.0596603,44.2567612],[22.0596365,44.2567398],[22.0596095,44.2567551]]]},"properties":{"voltage":"10000;400","name":"Seli\u0161te 3"}},{"type":"Feature","geometry":{"type":"Polygon","coordinates":[[[22.0538888,44.259006],[22.053923,44.2590182],[22.0539384,44.2589961],[22.0539042,44.2589839],[22.0538888,44.259006]]]},"properties":{"voltage":"10000;400","name":"Seli\u0161te 1"}},{"type":"Feature","geometry":{"type":"Polygon","coordinates":[[[22.0844067,44.2671476],[22.0844433,44.2671339],[22.0844273,44.2671119],[22.0843907,44.2671255],[22.0844067,44.2671476]]]},"properties":{"voltage":"10000;400","name":"Kulma Mika"}},{"type":"Feature","geometry":{"type":"Polygon","coordinates":[[[22.0580741,44.2696115],[22.0581124,44.2696116],[22.0581125,44.2695869],[22.0580743,44.2695868],[22.0580741,44.2696115]]]},"properties":{"voltage":"10000;400","name":"Seli\u0161te 2"}},{"type":"Feature","geometry":{"type":"Polygon","coordinates":[[[22.1084618,44.2477036],[22.1085,44.2477042],[22.1085008,44.2476795],[22.1084625,44.2476789],[22.1084618,44.2477036]]]},"properties":{"voltage":"10000;400","name":"Velika kulma"}},{"type":"Feature","geometry":{"type":"Polygon","coordinates":[[[22.1247355,44.2514522],[22.1247737,44.2514527],[22.1247744,44.2514281],[22.1247362,44.2514275],[22.1247355,44.2514522]]]},"properties":{"voltage":"10000;400","name":"Kulma Vrba"}},{"type":"Feature","geometry":{"type":"Polygon","coordinates":[[[22.1107193,44.2594103],[22.1107539,44.2594218],[22.1107685,44.2593995],[22.1107338,44.2593879],[22.1107193,44.2594103]]]},"properties":{"voltage":"10000;400","name":"Kulma Peru"}},{"type":"Feature","geometry":{"type":"Polygon","coordinates":[[[22.0769318,44.2412352],[22.0769574,44.2412556],[22.076983,44.2412392],[22.0769575,44.2412188],[22.0769318,44.2412352]]]},"properties":{"voltage":"10000;400","name":"Staro selo"}},{"type":"Feature","geometry":{"type":"Polygon","coordinates":[[[21.9805521,44.2334287],[21.9805847,44.2334143],[21.9805666,44.2333933],[21.9805341,44.2334077],[21.9805521,44.2334287]]]},"properties":{"voltage":"10000;400","name":"Kulma Bugarska"}},{"type":"Feature","geometry":{"type":"Polygon","coordinates":[[[22.0017178,44.2301634],[22.0017475,44.2301806],[22.0017692,44.2301614],[22.0017394,44.2301442],[22.0017178,44.2301634]]]},"properties":{"voltage":"10000;400","name":"Kulma Bu\u010danska"}},{"type":"Feature","geometry":{"type":"Polygon","coordinates":[[[22.0123975,44.2353209],[22.0124304,44.2353348],[22.0124479,44.2353136],[22.0124149,44.2352997],[22.0123975,44.2353209]]]},"properties":{"voltage":"10000;400","name":"Planum"}},{"type":"Feature","geometry":{"type":"Polygon","coordinates":[[[22.0628501,44.2343094],[22.062884,44.2343221],[22.0629001,44.2343003],[22.0628662,44.2342875],[22.0628501,44.2343094]]]},"properties":{"voltage":"10000;400","name":"Hajdu\u010dki Potok"}},{"type":"Feature","geometry":{"type":"Polygon","coordinates":[[[22.0603758,44.2230893],[22.0604088,44.2231031],[22.0604262,44.2230819],[22.0603932,44.223068],[22.0603758,44.2230893]]]},"properties":{"voltage":"10000;400","name":"Kru\u0161ar 2"}},{"type":"Feature","geometry":{"type":"Polygon","coordinates":[[[22.0740743,44.2219135],[22.0741116,44.2219196],[22.0741193,44.2218956],[22.074082,44.2218895],[22.0740743,44.2219135]]]},"properties":{"voltage":"10000;400","name":"Balta Mare"}},{"type":"Feature","geometry":{"type":"Polygon","coordinates":[[[22.1181759,44.2278753],[22.1182138,44.227872],[22.1182097,44.2278475],[22.1181717,44.2278508],[22.1181759,44.2278753]]]},"properties":{"voltage":"10000;400","name":"Kulma Krastavec"}},{"type":"Feature","geometry":{"type":"Polygon","coordinates":[[[22.1701207,44.2166802],[22.1701451,44.2167013],[22.1701717,44.2166856],[22.1701473,44.2166645],[22.1701207,44.2166802]]]},"properties":{"voltage":"10000;400","name":"Barni Do"}},{"type":"Feature","geometry":{"type":"Polygon","coordinates":[[[22.1461675,44.2290225],[22.1461702,44.2290499],[22.1462045,44.2290482],[22.1462019,44.2290208],[22.1461675,44.2290225]]]},"properties":{"voltage":"10000;400","name":"Tanda"}},{"type":"Feature","geometry":{"type":"Polygon","coordinates":[[[22.1390513,44.2329411],[22.1390786,44.2329603],[22.1391028,44.2329427],[22.1390755,44.2329235],[22.1390513,44.2329411]]]},"properties":{"voltage":"10000;400","name":"Tanda 2"}},{"type":"Feature","geometry":{"type":"Polygon","coordinates":[[[22.1444676,44.2371321],[22.1444738,44.2371592],[22.1445077,44.2371552],[22.1445016,44.2371282],[22.1444676,44.2371321]]]},"properties":{"voltage":"10000;400","name":"Tanda reka"}},{"type":"Feature","geometry":{"type":"Polygon","coordinates":[[[22.1695169,44.2400741],[22.1695546,44.2400788],[22.1695605,44.2400545],[22.1695228,44.2400498],[22.1695169,44.2400741]]]},"properties":{"voltage":"10000;400","name":"Gabar"}},{"type":"Feature","geometry":{"type":"Polygon","coordinates":[[[22.0971126,44.0816872],[22.0971604,44.0816862],[22.097159,44.0816502],[22.0971112,44.0816512],[22.0971126,44.0816872]]]},"properties":{"voltage":"10000;400","name":"Centralno"}},{"type":"Feature","geometry":{"type":"Polygon","coordinates":[[[22.0951026,44.205498],[22.0951293,44.2055176],[22.0951539,44.2055003],[22.0951271,44.2054807],[22.0951026,44.205498]]]},"properties":{"voltage":"10000;400","name":"Vizak Gornjane"}},{"type":"Feature","geometry":{"type":"Polygon","coordinates":[[[22.0742502,44.202235],[22.0742859,44.2022447],[22.0742982,44.2022216],[22.0742624,44.2022119],[22.0742502,44.202235]]]},"properties":{"voltage":"10000;400","name":"Kru\u0161ar 1"}},{"type":"Feature","geometry":{"type":"Polygon","coordinates":[[[22.075652,44.2120217],[22.0756731,44.2120445],[22.0757019,44.2120309],[22.0756807,44.212008],[22.075652,44.2120217]]]},"properties":{"voltage":"10000;400","name":"Kru\u0161ar \u0161kola"}},{"type":"Feature","geometry":{"type":"Polygon","coordinates":[[[21.9934523,44.2148162],[21.9934688,44.2148408],[21.9934999,44.2148302],[21.9934833,44.2148055],[21.9934523,44.2148162]]]},"properties":{"voltage":"10000;400","name":"Kulma Bu\u010danska stubna"}},{"type":"Feature","geometry":{"type":"Polygon","coordinates":[[[22.1568353,44.1714813],[22.156833,44.1714539],[22.1567986,44.1714554],[22.156801,44.1714828],[22.1568353,44.1714813]]]},"properties":{"voltage":"10000;400","name":"Podstol"}},{"type":"Feature","geometry":{"type":"Polygon","coordinates":[[[22.1838698,44.1702506],[22.1838999,44.1702337],[22.1838787,44.1702142],[22.1838486,44.1702311],[22.1838698,44.1702506]]]},"properties":{"voltage":"10000;400","name":"Luka"}},{"type":"Feature","geometry":{"type":"Polygon","coordinates":[[[22.2016313,44.1584177],[22.2016665,44.1584282],[22.2016798,44.1584054],[22.2016444,44.1583949],[22.2016313,44.1584177]]]},"properties":{"voltage":"10000;400","name":"Gindusa"}},{"type":"Feature","geometry":{"type":"Polygon","coordinates":[[[22.2114701,44.1759016],[22.2115082,44.1759034],[22.2115105,44.1758787],[22.2114723,44.1758769],[22.2114701,44.1759016]]]},"properties":{"voltage":"10000;400","name":"Gro\u0161"}},{"type":"Feature","geometry":{"type":"Polygon","coordinates":[[[22.2254205,44.1865676],[22.2254422,44.1865902],[22.2254706,44.1865762],[22.2254488,44.1865536],[22.2254205,44.1865676]]]},"properties":{"voltage":"10000;400","name":"Vajfertova \u010desma"}},{"type":"Feature","geometry":{"type":"Polygon","coordinates":[[[22.0938846,44.195368],[22.0939202,44.195378],[22.0939327,44.1953549],[22.0938971,44.195345],[22.0938846,44.195368]]]},"properties":{"voltage":"10000;400","name":"Dubrava"}},{"type":"Feature","geometry":{"type":"Polygon","coordinates":[[[22.1694642,44.1878259],[22.1694819,44.1878501],[22.1695125,44.1878387],[22.1694946,44.1878144],[22.1694642,44.1878259]]]},"properties":{"voltage":"10000;400","name":"Prazna vre\u0107a"}},{"type":"Feature","geometry":{"type":"Polygon","coordinates":[[[22.1888548,44.1848421],[22.188893,44.1848424],[22.1888934,44.1848177],[22.1888552,44.1848174],[22.1888548,44.1848421]]]},"properties":{"voltage":"10000;400","name":"Lu\u010dko polje 2"}},{"type":"Feature","geometry":{"type":"Polygon","coordinates":[[[22.1888883,44.1907369],[22.1889052,44.1907615],[22.1889362,44.1907506],[22.1889192,44.190726],[22.1888883,44.1907369]]]},"properties":{"voltage":"10000;400","name":"Lu\u010dko polje 1"}},{"type":"Feature","geometry":{"type":"Polygon","coordinates":[[[22.2048948,44.1934702],[22.2049259,44.1934861],[22.2049459,44.193466],[22.2049147,44.1934501],[22.2048948,44.1934702]]]},"properties":{"voltage":"10000;400","name":"Paule\u0161\u0107e"}},{"type":"Feature","geometry":{"type":"Polygon","coordinates":[[[22.1831844,44.2006831],[22.1832195,44.2006938],[22.183233,44.200671],[22.1831977,44.2006604],[22.1831844,44.2006831]]]},"properties":{"voltage":"10000;400","name":"Trebuc"}},{"type":"Feature","geometry":{"type":"Polygon","coordinates":[[[22.188102,44.20827],[22.1881089,44.2082969],[22.1881429,44.2082925],[22.1881359,44.2082655],[22.188102,44.20827]]]},"properties":{"voltage":"10000;400","name":"Kraku crnajke"}},{"type":"Feature","geometry":{"type":"Polygon","coordinates":[[[22.1670731,44.2008195],[22.1671032,44.2008026],[22.167082,44.2007832],[22.1670519,44.2008001],[22.1670731,44.2008195]]]},"properties":{"voltage":"10000;400","name":"Bele vode"}},{"type":"Feature","geometry":{"type":"Polygon","coordinates":[[[22.1413384,44.2099701],[22.1413588,44.2099932],[22.141388,44.20998],[22.1413674,44.2099569],[22.1413384,44.2099701]]]},"properties":{"voltage":"10000;400","name":"Vizak Tanda"}},{"type":"Feature","geometry":{"type":"Polygon","coordinates":[[[22.1783493,44.1427615],[22.1783862,44.1427544],[22.1783772,44.1427305],[22.1783403,44.1427377],[22.1783493,44.1427615]]]},"properties":{"voltage":"10000;400","name":"Topla"}},{"type":"Feature","geometry":{"type":"Polygon","coordinates":[[[22.2042393,44.1318872],[22.2042665,44.131868],[22.2042424,44.1318503],[22.2042151,44.1318696],[22.2042393,44.1318872]]]},"properties":{"voltage":"10000;400","name":"Topljanski most"}},{"type":"Feature","geometry":{"type":"Polygon","coordinates":[[[22.1828471,44.149844],[22.182871,44.1498226],[22.1828441,44.1498071],[22.1828202,44.1498285],[22.1828471,44.149844]]]},"properties":{"voltage":"10000;400","name":"Livez"}},{"type":"Feature","geometry":{"type":"Polygon","coordinates":[[[22.0899787,44.1383994],[22.0900088,44.1383808],[22.0899778,44.138355],[22.0899477,44.1383735],[22.0899787,44.1383994]]]},"properties":{"voltage":"10000;400","name":"Kriveljska banjica"}},{"type":"Feature","geometry":{"type":"Polygon","coordinates":[[[22.0952,44.1380643],[22.0952251,44.1380437],[22.0951991,44.1380274],[22.095174,44.1380481],[22.0952,44.1380643]]]},"properties":{"voltage":"10000;400","name":"Banjica stubna"}},{"type":"Feature","geometry":{"type":"Polygon","coordinates":[[[22.1085028,44.1417816],[22.1085382,44.1417713],[22.1085254,44.1417484],[22.1084899,44.1417587],[22.1085028,44.1417816]]]},"properties":{"voltage":"10000;400","name":"Carevo selo"}},{"type":"Feature","geometry":{"type":"Polygon","coordinates":[[[22.1473592,44.1391989],[22.1473901,44.1391828],[22.1473699,44.1391627],[22.1473389,44.1391789],[22.1473592,44.1391989]]]},"properties":{"voltage":"10000;400","name":"Bu\u010dje"}},{"type":"Feature","geometry":{"type":"Polygon","coordinates":[[[22.1235365,44.1458404],[22.1235496,44.1458662],[22.123582,44.1458576],[22.1235687,44.1458319],[22.1235365,44.1458404]]]},"properties":{"voltage":"10000;400","name":"Kej"}},{"type":"Feature","geometry":{"type":"Polygon","coordinates":[[[22.1280432,44.1550926],[22.128057,44.1550671],[22.1280249,44.155058],[22.1280111,44.1550836],[22.1280432,44.1550926]]]},"properties":{"voltage":"10000;400","name":"Otar"}},{"type":"Feature","geometry":{"type":"Polygon","coordinates":[[[22.1176859,44.1651321],[22.1177154,44.1651147],[22.1176935,44.1650956],[22.117664,44.1651131],[22.1176859,44.1651321]]]},"properties":{"voltage":"10000;400","name":"Cepe"}},{"type":"Feature","geometry":{"type":"Polygon","coordinates":[[[22.1233941,44.172623],[22.1234005,44.172596],[22.1233665,44.1725918],[22.1233602,44.1726189],[22.1233941,44.172623]]]},"properties":{"voltage":"10000;400","name":"\u0421\u0442\u043e\u043b"}},{"type":"Feature","geometry":{"type":"Polygon","coordinates":[[[22.0180913,44.1648477],[22.0181285,44.1648413],[22.0181205,44.1648172],[22.0180833,44.1648236],[22.0180913,44.1648477]]]},"properties":{"voltage":"10000;400","name":"Crvena"}},{"type":"Feature","geometry":{"type":"Polygon","coordinates":[[[22.046332,44.174316],[22.046368,44.1743068],[22.0463565,44.1742835],[22.0463205,44.1742927],[22.046332,44.174316]]]},"properties":{"voltage":"10000;400","name":"Duboka"}},{"type":"Feature","geometry":{"type":"Polygon","coordinates":[[[22.0153326,44.1875108],[22.0153259,44.1875378],[22.0153599,44.187542],[22.0153664,44.187515],[22.0153326,44.1875108]]]},"properties":{"voltage":"10000;400","name":"\u017delezni\u010dka stanica Cerovo"}},{"type":"Feature","geometry":{"type":"Polygon","coordinates":[[[22.0340454,44.2002521],[22.0340478,44.2002783],[22.0340823,44.2002766],[22.0340799,44.2002504],[22.0340454,44.2002521]]]},"properties":{"voltage":"10000;400","name":"\u0160kola kr\u0161"}},{"type":"Feature","geometry":{"type":"Polygon","coordinates":[[[22.0338972,44.1550998],[22.0339204,44.155078],[22.033893,44.155063],[22.0338698,44.1550848],[22.0338972,44.1550998]]]},"properties":{"voltage":"10000;400","name":"Krivelj stubna"}},{"type":"Feature","geometry":{"type":"Polygon","coordinates":[[[22.218554,44.0998329],[22.2185682,44.0998074],[22.2185361,44.0997982],[22.218522,44.0998237],[22.218554,44.0998329]]]},"properties":{"voltage":"10000;400","name":"Surac"}},{"type":"Feature","geometry":{"type":"Polygon","coordinates":[[[22.1442402,44.1191067],[22.1442763,44.1190977],[22.144265,44.1190743],[22.1442289,44.1190833],[22.1442402,44.1191067]]]},"properties":{"voltage":"10000;400","name":"Stari vinogradi kula"}},{"type":"Feature","geometry":{"type":"Polygon","coordinates":[[[22.1618926,44.1251284],[22.1619295,44.1251356],[22.1619386,44.1251117],[22.1619017,44.1251045],[22.1618926,44.1251284]]]},"properties":{"voltage":"10000;400","name":"Valja Bu\u010dje \u010desma"}},{"type":"Feature","geometry":{"type":"Polygon","coordinates":[[[22.0622409,44.1400762],[22.0622632,44.1400539],[22.0622351,44.1400395],[22.0622128,44.1400618],[22.0622409,44.1400762]]]},"properties":{"voltage":"10000;400","name":"Subovac 1"}},{"type":"Feature","geometry":{"type":"Polygon","coordinates":[[[22.0590621,44.1490662],[22.0590856,44.1490445],[22.0590585,44.1490292],[22.0590349,44.1490509],[22.0590621,44.1490662]]]},"properties":{"voltage":"10000;400","name":"Subovac 2 stubna"}},{"type":"Feature","geometry":{"type":"Polygon","coordinates":[[[21.9523881,44.1677162],[21.9524199,44.1677314],[21.9524391,44.1677109],[21.9524074,44.1676956],[21.9523881,44.1677162]]]},"properties":{"voltage":"10000;400","name":"HZ"}},{"type":"Feature","geometry":{"type":"Polygon","coordinates":[[[21.9094215,44.2164557],[21.9094358,44.2164811],[21.9094677,44.2164718],[21.9094534,44.2164464],[21.9094215,44.2164557]]]},"properties":{"voltage":"10000;400","name":"Dumitrov potok"}},{"type":"Feature","geometry":{"type":"Polygon","coordinates":[[[21.9375497,44.2012687],[21.9375539,44.2012959],[21.9375882,44.2012931],[21.9375838,44.2012658],[21.9375497,44.2012687]]]},"properties":{"voltage":"10000;400","name":"Katarina"}},{"type":"Feature","geometry":{"type":"Polygon","coordinates":[[[22.0074923,44.206365],[22.0075295,44.2063587],[22.0075215,44.2063346],[22.0074843,44.206341],[22.0074923,44.206365]]]},"properties":{"voltage":"10000;400","name":"\u0160u\u0161ulajka"}},{"type":"Feature","geometry":{"type":"Polygon","coordinates":[[[22.1671202,44.1082487],[22.1671562,44.1082577],[22.1671676,44.1082343],[22.1671316,44.1082252],[22.1671202,44.1082487]]]},"properties":{"voltage":"10000;400","name":"Valja Bu\u010dje kula"}},{"type":"Feature","geometry":{"type":"Polygon","coordinates":[[[22.1709346,44.112927],[22.1709717,44.1129337],[22.1709801,44.1129096],[22.170943,44.112903],[22.1709346,44.112927]]]},"properties":{"voltage":"10000;400","name":"Valja Bu\u010dje stubna betonska"}},{"type":"Feature","geometry":{"type":"Polygon","coordinates":[[[22.1398545,44.1106253],[22.1398883,44.1106123],[22.139872,44.1105905],[22.1398383,44.1106034],[22.1398545,44.1106253]]]},"properties":{"voltage":"10000;400","name":"Stari vinogradi stubna"}},{"type":"Feature","geometry":{"type":"Polygon","coordinates":[[[22.0958608,44.1248504],[22.0958809,44.124827],[22.0958515,44.124814],[22.0958314,44.1248373],[22.0958608,44.1248504]]]},"properties":{"voltage":"10000;400","name":"Kriveljske pumpe"}},{"type":"Feature","geometry":{"type":"Polygon","coordinates":[[[22.098539,44.1282834],[22.0985566,44.128259],[22.098526,44.1282475],[22.0985083,44.1282719],[22.098539,44.1282834]]]},"properties":{"voltage":"10000;400","name":"Krivelj kula"}},{"type":"Feature","geometry":{"type":"Polygon","coordinates":[[[22.1200606,44.0885872],[22.1200886,44.088606],[22.1201122,44.088588],[22.1200843,44.0885692],[22.1200606,44.0885872]]]},"properties":{"voltage":"10000;400","name":"Tilva mika"}},{"type":"Feature","geometry":{"type":"Polygon","coordinates":[[[22.1283124,44.1001787],[22.1283413,44.1001607],[22.1283187,44.100142],[22.1282898,44.1001599],[22.1283124,44.1001787]]]},"properties":{"voltage":"10000;400","name":"Kriveljska reka"}},{"type":"Feature","geometry":{"type":"Polygon","coordinates":[[[22.1461663,44.1037758],[22.146198,44.1037912],[22.1462174,44.1037706],[22.1461856,44.1037553],[22.1461663,44.1037758]]]},"properties":{"voltage":"10000;400","name":"O\u0161treljska banjica"}},{"type":"Feature","geometry":{"type":"Polygon","coordinates":[[[22.1755215,44.0982684],[22.1755577,44.0982773],[22.1755689,44.0982538],[22.1755327,44.0982449],[22.1755215,44.0982684]]]},"properties":{"voltage":"10000;400","name":"\u0160eki"}},{"type":"Feature","geometry":{"type":"Polygon","coordinates":[[[21.9648768,44.1300085],[21.9649036,44.1299889],[21.964879,44.1299715],[21.9648521,44.1299911],[21.9648768,44.1300085]]]},"properties":{"voltage":"10000;400","name":"RHMZ"}},{"type":"Feature","geometry":{"type":"Polygon","coordinates":[[[21.9635864,44.1384985],[21.9635955,44.138456],[21.9635205,44.1384477],[21.9635113,44.1384901],[21.9635864,44.1384985]]]},"properties":{"voltage":"10000;400","name":"Planinarski dom"}},{"type":"Feature","geometry":{"type":"Polygon","coordinates":[[[21.9758599,44.1386934],[21.9758203,44.1386637],[21.9757901,44.1386845],[21.9758297,44.1387142],[21.9758599,44.1386934]]]},"properties":{"voltage":"10000;400","name":"\u017di\u010dara"}},{"type":"Feature","geometry":{"type":"Polygon","coordinates":[[[22.0419784,44.0996551],[22.0420113,44.099641],[22.0419937,44.0996197],[22.0419607,44.0996337],[22.0419784,44.0996551]]]},"properties":{"voltage":"10000;400","name":"Kormaro\u0161 1 kula"}},{"type":"Feature","geometry":{"type":"Polygon","coordinates":[[[22.0388232,44.1077555],[22.0388615,44.1077556],[22.0388618,44.1077308],[22.0388234,44.1077306],[22.0388232,44.1077555]]]},"properties":{"voltage":"10000;400","name":"Kormaro\u0161 2 stubna"}},{"type":"Feature","geometry":{"type":"Polygon","coordinates":[[[22.0857029,44.1003715],[22.0857304,44.1003523],[22.0857065,44.1003344],[22.0856789,44.1003536],[22.0857029,44.1003715]]]},"properties":{"voltage":"10000;400","name":"Zmajevo re\u0161etka Brezonik"}},{"type":"Feature","geometry":{"type":"Polygon","coordinates":[[[22.0951713,44.106038],[22.0951658,44.1060108],[22.0951316,44.1060143],[22.095137,44.1060415],[22.0951713,44.106038]]]},"properties":{"voltage":"10000;400","name":"Herderova"}},{"type":"Feature","geometry":{"type":"Polygon","coordinates":[[[22.0830408,44.1116102],[22.0830198,44.1115872],[22.0829908,44.1116007],[22.0830117,44.1116237],[22.0830408,44.1116102]]]},"properties":{"voltage":"10000;400","name":"Radio stanica"}},{"type":"Feature","geometry":{"type":"Polygon","coordinates":[[[22.0726595,44.1116496],[22.072679,44.111626],[22.0726494,44.1116132],[22.0726297,44.1116369],[22.0726595,44.1116496]]]},"properties":{"voltage":"10000;400","name":"Bare"}},{"type":"Feature","geometry":{"type":"Polygon","coordinates":[[[22.0665385,44.1231681],[22.0665546,44.1231432],[22.0665234,44.1231326],[22.0665071,44.1231575],[22.0665385,44.1231681]]]},"properties":{"voltage":"10000;400","name":"Kriveljski kamen pumpe"}},{"type":"Feature","geometry":{"type":"Polygon","coordinates":[[[22.0776,44.1211007],[22.0776248,44.1210842],[22.0776052,44.1210689],[22.0775803,44.1210854],[22.0776,44.1211007]]]},"properties":{"voltage":"10000;400","name":"Krivelj kula"}},{"type":"Feature","geometry":{"type":"Polygon","coordinates":[[[22.0791733,44.120147],[22.0791768,44.1201196],[22.0791423,44.1201174],[22.0791388,44.1201447],[22.0791733,44.120147]]]},"properties":{"voltage":"10000;400","name":"Kriveljski kamen stubna"}},{"type":"Feature","geometry":{"type":"Polygon","coordinates":[[[22.0921841,44.1116677],[22.0922098,44.1116473],[22.0921843,44.1116306],[22.0921585,44.1116509],[22.0921841,44.1116677]]]},"properties":{"voltage":"10000;400","name":"Bunar"}},{"type":"Feature","geometry":{"type":"Polygon","coordinates":[[[22.1022111,44.117864],[22.1022368,44.1178436],[22.1022111,44.117827],[22.1021855,44.1178474],[22.1022111,44.117864]]]},"properties":{"voltage":"10000;400","name":"Groblje"}},{"type":"Feature","geometry":{"type":"Polygon","coordinates":[[[22.0926908,44.07672],[22.092728,44.0767414],[22.0927497,44.0767218],[22.0927125,44.0767005],[22.0926908,44.07672]]]},"properties":{"voltage":"10000;400","name":"Seli\u0161te 2"}},{"type":"Feature","geometry":{"type":"Polygon","coordinates":[[[21.9769551,44.099832],[21.9769724,44.0998076],[21.9769417,44.0997962],[21.9769242,44.0998208],[21.9769551,44.099832]]]},"properties":{"voltage":"10000;400","name":"Zla\u0107e 2"}},{"type":"Feature","geometry":{"type":"Polygon","coordinates":[[[21.9992729,44.0907459],[21.9992924,44.0907223],[21.9992628,44.0907095],[21.9992431,44.0907332],[21.9992729,44.0907459]]]},"properties":{"voltage":"10000;400","name":"Vikend naselje jezero"}},{"type":"Feature","geometry":{"type":"Polygon","coordinates":[[[22.0058606,44.0911354],[22.0058489,44.0911093],[22.0058159,44.0911167],[22.0058276,44.091143],[22.0058606,44.0911354]]]},"properties":{"voltage":"10000;400","name":"Jezero motel"}},{"type":"Feature","geometry":{"type":"Polygon","coordinates":[[[22.0078794,44.0942035],[22.0079055,44.0941834],[22.0078804,44.0941663],[22.0078541,44.0941865],[22.0078794,44.0942035]]]},"properties":{"voltage":"10000;400","name":"Kamp"}},{"type":"Feature","geometry":{"type":"Polygon","coordinates":[[[22.0040624,44.1080837],[22.0040562,44.1080566],[22.0040221,44.1080604],[22.0040282,44.1080877],[22.0040624,44.1080837]]]},"properties":{"voltage":"10000;400","name":"Valja d\u017eoni"}},{"type":"Feature","geometry":{"type":"Polygon","coordinates":[[[22.0114717,44.1023784],[22.0114912,44.1023548],[22.0114616,44.102342],[22.0114419,44.1023657],[22.0114717,44.1023784]]]},"properties":{"voltage":"10000;400","name":"Vikend naselje stubna"}},{"type":"Feature","geometry":{"type":"Polygon","coordinates":[[[21.9628732,44.0292765],[21.9629062,44.0292627],[21.9628889,44.0292411],[21.9628557,44.029255],[21.9628732,44.0292765]]]},"properties":{"voltage":"10000;400","name":"Motel pe\u0107ina"}},{"type":"Feature","geometry":{"type":"Polygon","coordinates":[[[21.9675815,44.030238],[21.9676175,44.0302286],[21.9676058,44.0302052],[21.9675697,44.0302146],[21.9675815,44.030238]]]},"properties":{"voltage":"10000;400","name":"Pe\u0107ina kula"}},{"type":"Feature","geometry":{"type":"Polygon","coordinates":[[[21.9673037,44.0354946],[21.9673232,44.0354709],[21.9672936,44.0354581],[21.9672739,44.0354818],[21.9673037,44.0354946]]]},"properties":{"voltage":"10000;400","name":"Pe\u0107ina stubna"}},{"type":"Feature","geometry":{"type":"Polygon","coordinates":[[[22.0027849,44.0488145],[22.002819,44.0488022],[22.0028038,44.04878],[22.0027694,44.0487923],[22.0027849,44.0488145]]]},"properties":{"voltage":"10000;400","name":"Devesel stubna"}},{"type":"Feature","geometry":{"type":"Polygon","coordinates":[[[21.9870722,44.0454312],[21.9871016,44.0454136],[21.9870796,44.0453944],[21.98705,44.0454121],[21.9870722,44.0454312]]]},"properties":{"voltage":"10000;400","name":"Ogrez limena"}},{"type":"Feature","geometry":{"type":"Polygon","coordinates":[[[21.9653479,44.0400517],[21.9653605,44.0400258],[21.9653279,44.0400174],[21.9653152,44.0400435],[21.9653479,44.0400517]]]},"properties":{"voltage":"10000;400","name":"Seli\u0161te 2"}},{"type":"Feature","geometry":{"type":"Polygon","coordinates":[[[21.9898462,44.0543831],[21.9898692,44.0543611],[21.9898417,44.054346],[21.9898185,44.0543681],[21.9898462,44.0543831]]]},"properties":{"voltage":"10000;400","name":"Devesel"}},{"type":"Feature","geometry":{"type":"Polygon","coordinates":[[[21.9601855,44.0509139],[21.9601947,44.0508873],[21.9601612,44.0508812],[21.9601518,44.050908],[21.9601855,44.0509139]]]},"properties":{"voltage":"10000;400","name":"Seli\u0161te"}},{"type":"Feature","geometry":{"type":"Polygon","coordinates":[[[21.8887565,44.0791734],[21.888776,44.0791498],[21.8887464,44.079137],[21.8887267,44.0791607],[21.8887565,44.0791734]]]},"properties":{"voltage":"10000;400","name":"Dom Duba\u0161nica"}},{"type":"Feature","geometry":{"type":"Polygon","coordinates":[[[21.860034,44.0705185],[21.8600179,44.0704936],[21.8599865,44.0705039],[21.8600025,44.070529],[21.860034,44.0705185]]]},"properties":{"voltage":"10000;400","name":"Vojala"}},{"type":"Feature","geometry":{"type":"Polygon","coordinates":[[[21.8873457,44.0803159],[21.8873701,44.0802947],[21.8873436,44.0802788],[21.887319,44.0803],[21.8873457,44.0803159]]]},"properties":{"voltage":"10000;400","name":"Duba\u0161nica"}},{"type":"Feature","geometry":{"type":"Polygon","coordinates":[[[21.9663515,44.0691028],[21.9663774,44.0690825],[21.9663521,44.0690656],[21.966326,44.0690859],[21.9663515,44.0691028]]]},"properties":{"voltage":"10000;400","name":"Galonja"}},{"type":"Feature","geometry":{"type":"Polygon","coordinates":[[[21.9558696,44.0796039],[21.9558709,44.0795765],[21.9558363,44.0795755],[21.9558349,44.0796031],[21.9558696,44.0796039]]]},"properties":{"voltage":"10000;400","name":"Beljevina 1"}},{"type":"Feature","geometry":{"type":"Polygon","coordinates":[[[21.9416527,44.0866316],[21.941651,44.0866042],[21.9416164,44.0866051],[21.9416181,44.0866327],[21.9416527,44.0866316]]]},"properties":{"voltage":"10000;400","name":"Beljevina 3"}},{"type":"Feature","geometry":{"type":"Polygon","coordinates":[[[21.9430458,44.0940081],[21.9430792,44.0939948],[21.9430626,44.093973],[21.9430289,44.0939864],[21.9430458,44.0940081]]]},"properties":{"voltage":"10000;400","name":"Beljevina 2"}},{"type":"Feature","geometry":{"type":"Polygon","coordinates":[[[22.0297103,44.0721003],[22.0297439,44.0720872],[22.0297277,44.0720653],[22.0296938,44.0720784],[22.0297103,44.0721003]]]},"properties":{"voltage":"10000;400","name":"Vikend banja"}},{"type":"Feature","geometry":{"type":"Polygon","coordinates":[[[22.0153635,44.0806716],[22.0153741,44.0806579],[22.0153513,44.0806488],[22.0153407,44.0806625],[22.0153635,44.0806716]]]},"properties":{"voltage":"10000;400","name":"Sava\u010da 1"}},{"type":"Feature","geometry":{"type":"Polygon","coordinates":[[[22.0061117,44.084061],[22.0061242,44.0840869],[22.0061569,44.0840789],[22.0061444,44.0840528],[22.0061117,44.084061]]]},"properties":{"voltage":"10000;400","name":"Sava\u010da 2"}},{"type":"Feature","geometry":{"type":"Polygon","coordinates":[[[22.0159653,44.0872356],[22.0159331,44.0872131],[22.0159129,44.0872279],[22.0159452,44.0872505],[22.0159653,44.0872356]]]},"properties":{"voltage":"10000;400","name":"Brana"}},{"type":"Feature","geometry":{"type":"Polygon","coordinates":[[[22.0096214,44.0875859],[22.0096585,44.0875794],[22.0096506,44.0875553],[22.0096132,44.0875617],[22.0096214,44.0875859]]]},"properties":{"voltage":"10000;400","name":"Pla\u017ea"}},{"type":"Feature","geometry":{"type":"Polygon","coordinates":[[[22.0044005,44.0889026],[22.0044472,44.0888957],[22.0044385,44.0888651],[22.0043918,44.0888719],[22.0044005,44.0889026]]]},"properties":{"voltage":"10000;400","name":"Hotel jezero"}},{"type":"Feature","geometry":{"type":"Polygon","coordinates":[[[21.9944814,44.0886934],[21.994496,44.0886681],[21.9944642,44.0886584],[21.9944494,44.0886839],[21.9944814,44.0886934]]]},"properties":{"voltage":"10000;400","name":"Dolina mira"}},{"type":"Feature","geometry":{"type":"Polygon","coordinates":[[[21.9814809,44.0884462],[21.9815024,44.0884235],[21.9814739,44.0884094],[21.9814523,44.0884322],[21.9814809,44.0884462]]]},"properties":{"voltage":"10000;400","name":"Zla\u0107e 1"}},{"type":"Feature","geometry":{"type":"Polygon","coordinates":[[[21.9804028,44.0191991],[21.9804114,44.019176],[21.9803801,44.01917],[21.9803715,44.0191932],[21.9804028,44.0191991]]]},"properties":{"voltage":"10000;400","name":"Zlot 2"}},{"type":"Feature","geometry":{"type":"Polygon","coordinates":[[[21.9712726,44.0226859],[21.9712921,44.0226622],[21.9712625,44.0226494],[21.9712428,44.0226732],[21.9712726,44.0226859]]]},"properties":{"voltage":"10000;400","name":"Manastiri\u0161te"}},{"type":"Feature","geometry":{"type":"Polygon","coordinates":[[[21.9759478,44.0262303],[21.9759766,44.0262122],[21.9759539,44.0261935],[21.975925,44.0262116],[21.9759478,44.0262303]]]},"properties":{"voltage":"10000;400","name":"Lup\u0161i\u0107"}},{"type":"Feature","geometry":{"type":"Polygon","coordinates":[[[21.9853044,44.0374346],[21.985342,44.03743],[21.9853365,44.0374055],[21.9852985,44.03741],[21.9853044,44.0374346]]]},"properties":{"voltage":"10000;400","name":"Ogrez stubna"}},{"type":"Feature","geometry":{"type":"Polygon","coordinates":[[[21.9811671,43.9973219],[21.9812428,43.9973262],[21.9812452,43.9973045],[21.9811695,43.9973002],[21.9811671,43.9973219]]]},"properties":{"voltage":"10000;400","name":"Sevone"}},{"type":"Feature","geometry":{"type":"Polygon","coordinates":[[[21.9821503,44.000004],[21.9821935,43.9999831],[21.9821746,43.9999628],[21.9821314,43.9999836],[21.9821503,44.000004]]]},"properties":{"voltage":"10000;400","name":"AMB Stil"}},{"type":"Feature","geometry":{"type":"Polygon","coordinates":[[[21.9826414,44.0047748],[21.9826213,44.0047514],[21.9825918,44.0047644],[21.982612,44.0047879],[21.9826414,44.0047748]]]},"properties":{"voltage":"10000;400","name":"Zlot 3"}},{"type":"Feature","geometry":{"type":"Polygon","coordinates":[[[21.9871233,44.0052221],[21.9871461,44.0052],[21.9871184,44.0051851],[21.9870955,44.0052073],[21.9871233,44.0052221]]]},"properties":{"voltage":"10000;400","name":"Zlot reon 2"}},{"type":"Feature","geometry":{"type":"Polygon","coordinates":[[[21.9855224,44.0098478],[21.9855576,44.0098579],[21.9855711,44.0098335],[21.9855359,44.0098234],[21.9855224,44.0098478]]]},"properties":{"voltage":"10000;400","name":"Zlot 1"}},{"type":"Feature","geometry":{"type":"Polygon","coordinates":[[[22.0206817,44.0117552],[22.0206609,44.0117321],[22.0206318,44.0117455],[22.0206526,44.0117687],[22.0206817,44.0117552]]]},"properties":{"voltage":"10000;400","name":"Smolnica 3"}},{"type":"Feature","geometry":{"type":"Polygon","coordinates":[[[22.0143059,44.0227759],[22.0143441,44.0227757],[22.014344,44.0227508],[22.0143056,44.022751],[22.0143059,44.0227759]]]},"properties":{"voltage":"10000;400","name":"Krlinac Seta\u0107e"}},{"type":"Feature","geometry":{"type":"Polygon","coordinates":[[[21.9973437,44.0239063],[21.9973615,44.023882],[21.9973311,44.0238703],[21.9973131,44.0238947],[21.9973437,44.0239063]]]},"properties":{"voltage":"10000;400","name":"Krlinac stubna"}},{"type":"Feature","geometry":{"type":"Polygon","coordinates":[[[21.9819349,43.9771719],[21.9819653,43.9771554],[21.9819446,43.9771355],[21.9819139,43.9771521],[21.9819349,43.9771719]]]},"properties":{"voltage":"10000;400","name":"Stopanja 1"}},{"type":"Feature","geometry":{"type":"Polygon","coordinates":[[[21.9723989,43.9756493],[21.9723954,43.9756218],[21.972361,43.9756241],[21.9723644,43.9756515],[21.9723989,43.9756493]]]},"properties":{"voltage":"10000;400","name":"Stopanja 3"}},{"type":"Feature","geometry":{"type":"Polygon","coordinates":[[[21.9748715,43.9891558],[21.9748729,43.9891284],[21.9748384,43.9891274],[21.9748369,43.989155],[21.9748715,43.9891558]]]},"properties":{"voltage":"10000;400","name":"Stopanja 2"}},{"type":"Feature","geometry":{"type":"Polygon","coordinates":[[[21.9495864,43.9804098],[21.9496137,43.9803906],[21.9495896,43.9803727],[21.9495621,43.980392],[21.9495864,43.9804098]]]},"properties":{"voltage":"10000;400","name":"Malinik"}},{"type":"Feature","geometry":{"type":"Polygon","coordinates":[[[22.0432946,44.0177546],[22.0433328,44.0177545],[22.0433329,44.0177297],[22.0432944,44.0177297],[22.0432946,44.0177546]]]},"properties":{"voltage":"10000;400","name":"VKF stubna"}},{"type":"Feature","geometry":{"type":"Polygon","coordinates":[[[22.0343782,44.0220609],[22.0343962,44.0220367],[22.0343658,44.0220248],[22.0343476,44.0220491],[22.0343782,44.0220609]]]},"properties":{"voltage":"10000;400","name":"Novi Zlotski put - Lup\u0161i\u0107"}},{"type":"Feature","geometry":{"type":"Polygon","coordinates":[[[22.036742,44.0262046],[22.0367448,44.0261772],[22.0367103,44.0261753],[22.0367075,44.0262029],[22.036742,44.0262046]]]},"properties":{"voltage":"10000;400","name":"Bilanova"}},{"type":"Feature","geometry":{"type":"Polygon","coordinates":[[[22.0503398,44.0307195],[22.0503116,44.030701],[22.0502882,44.0307193],[22.0503166,44.030738],[22.0503398,44.0307195]]]},"properties":{"voltage":"10000;400","name":"Lakuri 2 re\u0161etka"}},{"type":"Feature","geometry":{"type":"Polygon","coordinates":[[[22.0124557,44.0386902],[22.0124894,44.0386773],[22.0124732,44.0386554],[22.0124393,44.0386683],[22.0124557,44.0386902]]]},"properties":{"voltage":"10000;400","name":"Kobila"}},{"type":"Feature","geometry":{"type":"Polygon","coordinates":[[[22.0334076,43.9811531],[22.0334452,43.9811482],[22.0334392,43.9811237],[22.0334014,43.9811286],[22.0334076,43.9811531]]]},"properties":{"voltage":"10000;400","name":"Nestorov potok"}},{"type":"Feature","geometry":{"type":"Polygon","coordinates":[[[22.0152667,43.9820307],[22.0152882,43.982008],[22.0152597,43.981994],[22.0152381,43.9820168],[22.0152667,43.9820307]]]},"properties":{"voltage":"10000;400","name":"Prevalje"}},{"type":"Feature","geometry":{"type":"Polygon","coordinates":[[[22.0379692,44.0006856],[22.0380008,44.0006702],[22.0379815,44.0006496],[22.0379497,44.000665],[22.0379692,44.0006856]]]},"properties":{"voltage":"10000;400","name":"Smolnica 2"}},{"type":"Feature","geometry":{"type":"Polygon","coordinates":[[[22.0210139,43.9967717],[22.0210412,43.9967525],[22.0210172,43.9967346],[22.0209897,43.9967539],[22.0210139,43.9967717]]]},"properties":{"voltage":"10000;400","name":"Smolnica 4"}},{"type":"Feature","geometry":{"type":"Polygon","coordinates":[[[22.0281547,44.0108268],[22.0281801,44.0108063],[22.0281544,44.0107897],[22.0281288,44.0108103],[22.0281547,44.0108268]]]},"properties":{"voltage":"10000;400","name":"Smolnica 1"}},{"type":"Feature","geometry":{"type":"Polygon","coordinates":[[[22.0086872,43.9883316],[22.0087097,43.9883094],[22.0086819,43.9882946],[22.0086592,43.988317],[22.0086872,43.9883316]]]},"properties":{"voltage":"10000;400","name":"Prevalje stubna"}},{"type":"Feature","geometry":{"type":"Polygon","coordinates":[[[22.0032745,43.992755],[22.0033019,43.9927359],[22.0032779,43.992718],[22.0032503,43.9927372],[22.0032745,43.992755]]]},"properties":{"voltage":"10000;400","name":"Stepanovi\u0107"}},{"type":"Feature","geometry":{"type":"Polygon","coordinates":[[[21.995597,43.9919978],[21.9956224,43.9919773],[21.9955967,43.9919607],[21.9955711,43.9919813],[21.995597,43.9919978]]]},"properties":{"voltage":"10000;400","name":"Dubrava"}},{"type":"Feature","geometry":{"type":"Polygon","coordinates":[[[22.0056771,43.9674835],[22.0057148,43.967479],[22.0057093,43.9674545],[22.0056714,43.9674589],[22.0056771,43.9674835]]]},"properties":{"voltage":"10000;400","name":"Krov"}},{"type":"Feature","geometry":{"type":"Polygon","coordinates":[[[22.059436,43.9883857],[22.0594025,43.9883725],[22.0593858,43.9883942],[22.0594194,43.9884076],[22.059436,43.9883857]]]},"properties":{"voltage":"10000;400","name":"Dubrava \u0160arbanovac"}},{"type":"Feature","geometry":{"type":"Polygon","coordinates":[[[22.0341924,44.0620493],[22.0342229,44.0620327],[22.0342021,44.0620128],[22.0341715,44.0620295],[22.0341924,44.0620493]]]},"properties":{"voltage":"10000;400","name":"Stari Zlotski put"}},{"type":"Feature","geometry":{"type":"Polygon","coordinates":[[[22.0143542,44.0592689],[22.014385,44.0592526],[22.0143647,44.0592325],[22.0143337,44.0592488],[22.0143542,44.0592689]]]},"properties":{"voltage":"10000;400","name":"Spomenik Zlot"}},{"type":"Feature","geometry":{"type":"Polygon","coordinates":[[[22.0119091,44.05548],[22.0119442,44.055469],[22.0119306,44.0554462],[22.0118953,44.0554572],[22.0119091,44.05548]]]},"properties":{"voltage":"10000;400","name":"Spomenik pumpe"}},{"type":"Feature","geometry":{"type":"Polygon","coordinates":[[[22.0542932,44.0104674],[22.0543242,44.0104513],[22.0543041,44.0104311],[22.0542729,44.0104473],[22.0542932,44.0104674]]]},"properties":{"voltage":"10000;400","name":"VKF"}},{"type":"Feature","geometry":{"type":"Polygon","coordinates":[[[22.0445076,44.0614394],[22.0445223,44.0614141],[22.0444904,44.0614044],[22.0444756,44.0614299],[22.0445076,44.0614394]]]},"properties":{"voltage":"10000;400","name":"Banja"}},{"type":"Feature","geometry":{"type":"Polygon","coordinates":[[[22.0450347,44.0614516],[22.0450322,44.061411],[22.0449806,44.0614127],[22.0449831,44.0614532],[22.0450347,44.0614516]]]},"properties":{"voltage":"10000;400","name":"Klub RTB"}},{"type":"Feature","geometry":{"type":"Polygon","coordinates":[[[22.0588645,44.0639319],[22.0588541,44.0638974],[22.0588149,44.0639035],[22.0588253,44.063938],[22.0588645,44.0639319]]]},"properties":{"voltage":"10000;400","name":"Banjsko polje 3"}},{"type":"Feature","geometry":{"type":"Polygon","coordinates":[[[22.060741,44.0592461],[22.0607793,44.059246],[22.0607793,44.0592212],[22.0607409,44.0592212],[22.060741,44.0592461]]]},"properties":{"voltage":"10000;400","name":"Hilandarska"}},{"type":"Feature","geometry":{"type":"Polygon","coordinates":[[[22.0554072,44.0598014],[22.0554129,44.0597627],[22.055379,44.0597602],[22.0553734,44.0597989],[22.0554072,44.0598014]]]},"properties":{"voltage":"10000;400","name":"Banjsko polje 1"}},{"type":"Feature","geometry":{"type":"Polygon","coordinates":[[[22.053738,44.0630536],[22.0537753,44.0630172],[22.0537325,44.0629945],[22.0536952,44.0630309],[22.053738,44.0630536]]]},"properties":{"voltage":"10000;400","name":"Banjsko polje 2"}},{"type":"Feature","geometry":{"type":"Polygon","coordinates":[[[22.1994696,44.0875628],[22.1994513,44.0875413],[22.1994267,44.087552],[22.199445,44.0875736],[22.1994696,44.0875628]]]},"properties":{"voltage":"10000;400","name":"Zlot reon 2"}},{"type":"Feature","geometry":{"type":"Polygon","coordinates":[[[22.2043479,44.0703752],[22.2043789,44.0703907],[22.2043969,44.0703721],[22.2043659,44.0703566],[22.2043479,44.0703752]]]},"properties":{"voltage":"10000;400","name":"Donja Bela Reka 1 limena"}},{"type":"Feature","geometry":{"type":"Polygon","coordinates":[[[22.2060439,44.0753281],[22.2060461,44.0753136],[22.2060177,44.0753114],[22.2060155,44.0753259],[22.2060439,44.0753281]]]},"properties":{"voltage":"10000;400","name":"Donja Bela Reka 2"}},{"type":"Feature","geometry":{"type":"Polygon","coordinates":[[[22.2373312,44.0820343],[22.2373608,44.0820169],[22.2373391,44.0819976],[22.2373093,44.082015],[22.2373312,44.0820343]]]},"properties":{"voltage":"10000;400","name":"Dubo\u010dane"}},{"type":"Feature","geometry":{"type":"Polygon","coordinates":[[[22.2170906,44.0824674],[22.2170891,44.0824197],[22.2170353,44.0824205],[22.2170368,44.0824683],[22.2170906,44.0824674]]]},"properties":{"voltage":"10000;400","name":"Separacija"}},{"type":"Feature","geometry":{"type":"Polygon","coordinates":[[[22.1462683,44.0641244],[22.1462902,44.0641391],[22.1463108,44.0641232],[22.1462889,44.0641085],[22.1462683,44.0641244]]]},"properties":{"voltage":"10000;400","name":"Barutana"}},{"type":"Feature","geometry":{"type":"Polygon","coordinates":[[[22.1248644,44.0599253],[22.1248966,44.0599399],[22.124915,44.0599189],[22.1248828,44.0599043],[22.1248644,44.0599253]]]},"properties":{"voltage":"10000;400","name":"\u017delezni\u010dka stanica teretna"}},{"type":"Feature","geometry":{"type":"Polygon","coordinates":[[[22.1632032,44.0685084],[22.1632225,44.0685249],[22.1632456,44.0685108],[22.1632263,44.0684944],[22.1632032,44.0685084]]]},"properties":{"voltage":"10000;400","name":"O\u0161trelj 2"}},{"type":"Feature","geometry":{"type":"Polygon","coordinates":[[[22.1597897,44.0696487],[22.1597951,44.0696698],[22.1598249,44.0696658],[22.1598194,44.0696447],[22.1597897,44.0696487]]]},"properties":{"voltage":"10000;400","name":"O\u0161trelj 1"}},{"type":"Feature","geometry":{"type":"Polygon","coordinates":[[[22.132237,44.0515691],[22.1322085,44.0515759],[22.132218,44.0515965],[22.1322465,44.0515898],[22.132237,44.0515691]]]},"properties":{"voltage":"10000;400","name":"FSO stubna"}},{"type":"Feature","geometry":{"type":"Polygon","coordinates":[[[22.1340201,44.0514877],[22.1340306,44.0515149],[22.1340698,44.0515071],[22.1340593,44.0514799],[22.1340201,44.0514877]]]},"properties":{"voltage":"10000;400","name":"FSO"}},{"type":"Feature","geometry":{"type":"Polygon","coordinates":[[[22.1260435,44.0538947],[22.1260172,44.053905],[22.1260317,44.0539241],[22.126058,44.0539138],[22.1260435,44.0538947]]]},"properties":{"voltage":"10000;400","name":"Elektroistok"}},{"type":"Feature","geometry":{"type":"Polygon","coordinates":[[[22.1720925,44.0384214],[22.1720706,44.0384361],[22.1720912,44.038452],[22.1721132,44.0384373],[22.1720925,44.0384214]]]},"properties":{"voltage":"10000;400","name":"Slatina 2"}},{"type":"Feature","geometry":{"type":"Polygon","coordinates":[[[22.1636442,44.0396867],[22.1636149,44.039687],[22.1636156,44.0397228],[22.1636449,44.0397225],[22.1636442,44.0396867]]]},"properties":{"voltage":"10000;400","name":"Slatina 1"}},{"type":"Feature","geometry":{"type":"Polygon","coordinates":[[[22.0972922,44.0344695],[22.097274,44.0344867],[22.0972981,44.0344999],[22.0973163,44.0344827],[22.0972922,44.0344695]]]},"properties":{"voltage":"10000;400","name":"Brestovac 5"}},{"type":"Feature","geometry":{"type":"Polygon","coordinates":[[[22.0931508,44.0364655],[22.0931208,44.0364863],[22.0931548,44.0365116],[22.0931848,44.0364908],[22.0931508,44.0364655]]]},"properties":{"voltage":"10000;400","name":"Brestovac 2"}},{"type":"Feature","geometry":{"type":"Polygon","coordinates":[[[22.0914104,44.040013],[22.0913805,44.0400113],[22.0913782,44.040033],[22.0914081,44.0400347],[22.0914104,44.040013]]]},"properties":{"voltage":"10000;400","name":"Brestovac 1 Crkva"}},{"type":"Feature","geometry":{"type":"Polygon","coordinates":[[[22.0934271,44.0434591],[22.0933971,44.0434599],[22.0933982,44.0434817],[22.0934282,44.0434808],[22.0934271,44.0434591]]]},"properties":{"voltage":"10000;400","name":"Topovske \u0161upe"}},{"type":"Feature","geometry":{"type":"Polygon","coordinates":[[[22.0830063,44.0436185],[22.0829764,44.0436207],[22.0829796,44.0436424],[22.0830094,44.0436401],[22.0830063,44.0436185]]]},"properties":{"voltage":"10000;400","name":"Brestovac 4"}},{"type":"Feature","geometry":{"type":"Polygon","coordinates":[[[22.0843849,44.0484564],[22.0843571,44.0484483],[22.0843457,44.0484684],[22.0843735,44.0484766],[22.0843849,44.0484564]]]},"properties":{"voltage":"10000;400","name":"Repetitor"}},{"type":"Feature","geometry":{"type":"Polygon","coordinates":[[[22.0739172,44.0480638],[22.0738978,44.0480803],[22.0739209,44.0480944],[22.0739403,44.0480779],[22.0739172,44.0480638]]]},"properties":{"voltage":"10000;400","name":"\u0106okanjica 2"}},{"type":"Feature","geometry":{"type":"Polygon","coordinates":[[[22.0704998,44.0537422],[22.0704822,44.0537596],[22.0705066,44.0537724],[22.0705243,44.053755],[22.0704998,44.0537422]]]},"properties":{"voltage":"10000;400","name":"\u0106okanjica"}},{"type":"Feature","geometry":{"type":"Polygon","coordinates":[[[22.1324398,44.0186366],[22.1324287,44.0186566],[22.1324568,44.0186646],[22.1324679,44.0186446],[22.1324398,44.0186366]]]},"properties":{"voltage":"10000;400","name":"Aerodrom"}},{"type":"Feature","geometry":{"type":"Polygon","coordinates":[[[22.1273219,44.0248134],[22.1272917,44.0248435],[22.127327,44.0248619],[22.1273572,44.0248318],[22.1273219,44.0248134]]]},"properties":{"voltage":"10000;400","name":"Boraks"}},{"type":"Feature","geometry":{"type":"Polygon","coordinates":[[[22.1218988,44.0320718],[22.1218972,44.0320933],[22.1219274,44.0320945],[22.1219291,44.0320729],[22.1218988,44.0320718]]]},"properties":{"voltage":"10000;400","name":"Malazija 3"}},{"type":"Feature","geometry":{"type":"Polygon","coordinates":[[[22.1192676,44.0356175],[22.1192391,44.0356242],[22.1192485,44.0356449],[22.1192771,44.0356382],[22.1192676,44.0356175]]]},"properties":{"voltage":"10000;400","name":"Suvaja"}},{"type":"Feature","geometry":{"type":"Polygon","coordinates":[[[22.1266124,44.0393627],[22.1265976,44.0393815],[22.126624,44.0393922],[22.1266388,44.0393734],[22.1266124,44.0393627]]]},"properties":{"voltage":"10000;400","name":"Malazija"}},{"type":"Feature","geometry":{"type":"Polygon","coordinates":[[[22.0947357,44.0329397],[22.0947236,44.0329595],[22.0947512,44.0329682],[22.0947634,44.0329485],[22.0947357,44.0329397]]]},"properties":{"voltage":"10000;400","name":"Mlino Lup"}},{"type":"Feature","geometry":{"type":"Polygon","coordinates":[[[22.1124181,43.9803622],[22.1124114,43.9803832],[22.1124409,43.9803881],[22.1124476,43.9803671],[22.1124181,43.9803622]]]},"properties":{"voltage":"10000;400","name":"Milo\u0161ev krak"}},{"type":"Feature","geometry":{"type":"Polygon","coordinates":[[[22.090066,43.9802291],[22.0900427,43.9802427],[22.0900617,43.9802596],[22.0900851,43.9802461],[22.090066,43.9802291]]]},"properties":{"voltage":"10000;400","name":"Grujno brdo 2"}},{"type":"Feature","geometry":{"type":"Polygon","coordinates":[[[22.0780097,43.9836577],[22.0779801,43.9836723],[22.0779976,43.9836907],[22.0780272,43.9836761],[22.0780097,43.9836577]]]},"properties":{"voltage":"10000;400","name":"Grujno brdo"}},{"type":"Feature","geometry":{"type":"Polygon","coordinates":[[[22.0817812,43.9896117],[22.0817532,43.9896193],[22.0817638,43.9896396],[22.0817919,43.9896321],[22.0817812,43.9896117]]]},"properties":{"voltage":"10000;400","name":"Grujno brdo 3"}},{"type":"Feature","geometry":{"type":"Polygon","coordinates":[[[22.0803053,43.9963464],[22.0802936,43.9963663],[22.0803214,43.9963748],[22.0803332,43.9963549],[22.0803053,43.9963464]]]},"properties":{"voltage":"10000;400","name":"Petlovo polja"}},{"type":"Feature","geometry":{"type":"Polygon","coordinates":[[[22.0893873,44.0183214],[22.0893615,44.0183377],[22.089384,44.0183562],[22.0894098,44.0183399],[22.0893873,44.0183214]]]},"properties":{"voltage":"10000;400","name":"Brestova\u010dki potok kula"}},{"type":"Feature","geometry":{"type":"Polygon","coordinates":[[[22.0831997,44.0125566],[22.0831802,44.0125729],[22.0832031,44.0125871],[22.0832227,44.0125707],[22.0831997,44.0125566]]]},"properties":{"voltage":"10000;400","name":"Brestova\u010dki potok stubna"}},{"type":"Feature","geometry":{"type":"Polygon","coordinates":[[[22.0713641,44.0195458],[22.0713398,44.0195584],[22.0713573,44.019576],[22.0713818,44.0195635],[22.0713641,44.0195458]]]},"properties":{"voltage":"10000;400","name":"Trujkanov potok"}},{"type":"Feature","geometry":{"type":"Polygon","coordinates":[[[22.066625,44.0339788],[22.066595,44.0339792],[22.0665955,44.0340009],[22.0666256,44.0340006],[22.066625,44.0339788]]]},"properties":{"voltage":"10000;400","name":"Lakuri 1"}},{"type":"Feature","geometry":{"type":"Polygon","coordinates":[[[22.1607861,43.9978065],[22.1607619,43.9978192],[22.1607797,43.9978368],[22.160804,43.9978241],[22.1607861,43.9978065]]]},"properties":{"voltage":"10000;400","name":"Spomenik Suva reka"}},{"type":"Feature","geometry":{"type":"Polygon","coordinates":[[[22.1489205,44.0008167],[22.1489141,44.0008377],[22.1489437,44.0008423],[22.1489501,44.0008212],[22.1489205,44.0008167]]]},"properties":{"voltage":"10000;400","name":"Floranov potok"}},{"type":"Feature","geometry":{"type":"Polygon","coordinates":[[[22.0747628,43.9613234],[22.074762,43.961345],[22.0747922,43.9613455],[22.074793,43.9613239],[22.0747628,43.9613234]]]},"properties":{"voltage":"10000;400","name":"\u0160arbanovac"}},{"type":"Feature","geometry":{"type":"Polygon","coordinates":[[[22.0863438,43.9620781],[22.0863327,43.9620981],[22.0863607,43.9621062],[22.0863719,43.9620862],[22.0863438,43.9620781]]]},"properties":{"voltage":"10000;400","name":"\u0160arbanovac auto put"}},{"type":"Feature","geometry":{"type":"Polygon","coordinates":[[[22.1160346,43.9710706],[22.116006,43.9710771],[22.1160151,43.9710978],[22.1160437,43.9710914],[22.1160346,43.9710706]]]},"properties":{"voltage":"10000;400","name":"Ma\u010dkin potok"}},{"type":"Feature","geometry":{"type":"Polygon","coordinates":[[[22.1345847,43.9729557],[22.1345796,43.9729835],[22.1346178,43.9729872],[22.1346229,43.9729594],[22.1345847,43.9729557]]]},"properties":{"voltage":"10000;400","name":"Lunka"}},{"type":"Feature","geometry":{"type":"Polygon","coordinates":[[[22.141378,43.9726272],[22.1413506,43.972636],[22.141363,43.9726558],[22.1413904,43.972647],[22.141378,43.9726272]]]},"properties":{"voltage":"10000;400","name":"Lunka stubna"}},{"type":"Feature","geometry":{"type":"Polygon","coordinates":[[[22.1538426,43.9798016],[22.1538235,43.9798182],[22.1538468,43.979832],[22.153866,43.9798154],[22.1538426,43.9798016]]]},"properties":{"voltage":"10000;400","name":"Buturov potok 2"}},{"type":"Feature","geometry":{"type":"Polygon","coordinates":[[[22.1453436,43.9811767],[22.1453202,43.9811902],[22.1453391,43.9812072],[22.1453626,43.9811937],[22.1453436,43.9811767]]]},"properties":{"voltage":"10000;400","name":"Buturov potok 1"}},{"type":"Feature","geometry":{"type":"Polygon","coordinates":[[[22.1264029,43.9840644],[22.1263845,43.9840814],[22.1264082,43.9840948],[22.1264268,43.9840778],[22.1264029,43.9840644]]]},"properties":{"voltage":"10000;400","name":"Mlin Kra\u010dunovi\u0107"}},{"type":"Feature","geometry":{"type":"Polygon","coordinates":[[[22.1262164,43.9918497],[22.1262157,43.9918713],[22.126246,43.9918718],[22.1262467,43.9918502],[22.1262164,43.9918497]]]},"properties":{"voltage":"10000;400","name":"D\u017eanovo polje"}},{"type":"Feature","geometry":{"type":"Polygon","coordinates":[[[22.156281,43.9898103],[22.1562545,43.9898203],[22.1562686,43.9898396],[22.1562951,43.9898295],[22.156281,43.9898103]]]},"properties":{"voltage":"10000;400","name":"Suva reka stubna"}},{"type":"Feature","geometry":{"type":"Polygon","coordinates":[[[22.1425083,43.9944815],[22.1424923,43.9944997],[22.1425179,43.9945113],[22.142534,43.9944931],[22.1425083,43.9944815]]]},"properties":{"voltage":"10000;400","name":"Karaba\u0161evi\u0107"}},{"type":"Feature","geometry":{"type":"Polygon","coordinates":[[[22.1746282,43.9245634],[22.1746039,43.924576],[22.1746216,43.9245937],[22.174646,43.924581],[22.1746282,43.9245634]]]},"properties":{"voltage":"10000;400","name":"HE Gamzigrad"}},{"type":"Feature","geometry":{"type":"Polygon","coordinates":[[[22.1406626,43.953727],[22.1406326,43.9537267],[22.1406322,43.9537485],[22.1406623,43.9537488],[22.1406626,43.953727]]]},"properties":{"voltage":"10000;400","name":"Metovnica"}},{"type":"Feature","geometry":{"type":"Polygon","coordinates":[[[22.0798921,43.9428087],[22.0798635,43.9428152],[22.0798725,43.9428359],[22.0799012,43.9428295],[22.0798921,43.9428087]]]},"properties":{"voltage":"10000;400","name":"Suvi potok kula"}},{"type":"Feature","geometry":{"type":"Polygon","coordinates":[[[22.091092,43.947074],[22.0910629,43.9470791],[22.0910699,43.9471002],[22.0910991,43.9470952],[22.091092,43.947074]]]},"properties":{"voltage":"10000;400","name":"Pun\u0111alov potok"}},{"type":"Feature","geometry":{"type":"Polygon","coordinates":[[[22.1020398,43.9448563],[22.1020334,43.9448773],[22.1020629,43.944882],[22.1020694,43.9448609],[22.1020398,43.9448563]]]},"properties":{"voltage":"10000;400","name":"Pun\u0111elov potok kula"}},{"type":"Feature","geometry":{"type":"Polygon","coordinates":[[[22.0746406,43.9270973],[22.0746405,43.9271189],[22.0746707,43.927119],[22.0746709,43.9270973],[22.0746406,43.9270973]]]},"properties":{"voltage":"10000;400","name":"Timok 1"}},{"type":"Feature","geometry":{"type":"Polygon","coordinates":[[[22.0974996,43.9316968],[22.0974704,43.9317016],[22.0974771,43.9317228],[22.0975064,43.9317181],[22.0974996,43.9316968]]]},"properties":{"voltage":"10000;400","name":"Faca"}},{"type":"Feature","geometry":{"type":"Polygon","coordinates":[[[22.0882334,43.9305579],[22.0882072,43.9305683],[22.0882217,43.9305874],[22.088248,43.930577],[22.0882334,43.9305579]]]},"properties":{"voltage":"10000;400","name":"Timok \u0161kola"}},{"type":"Feature","geometry":{"type":"Polygon","coordinates":[[[22.1235065,43.92286],[22.123479,43.9228686],[22.1234909,43.9228886],[22.1235185,43.9228801],[22.1235065,43.92286]]]},"properties":{"voltage":"10000;400","name":"Baba Jona"}},{"type":"Feature","geometry":{"type":"Polygon","coordinates":[[[22.135728,43.9266944],[22.1357075,43.9267101],[22.1357295,43.926725],[22.1357501,43.9267093],[22.135728,43.9266944]]]},"properties":{"voltage":"10000;400","name":"Tunel"}},{"type":"Feature","geometry":{"type":"Polygon","coordinates":[[[22.1478067,43.9295925],[22.1477803,43.9296027],[22.1477945,43.9296219],[22.1478211,43.9296117],[22.1478067,43.9295925]]]},"properties":{"voltage":"10000;400","name":"Timok stubna"}},{"type":"Feature","geometry":{"type":"Polygon","coordinates":[[[22.0717432,43.9141382],[22.0717326,43.9141583],[22.0717608,43.9141661],[22.0717716,43.9141459],[22.0717432,43.9141382]]]},"properties":{"voltage":"10000;400","name":"Firkusi\u0107"}},{"type":"Feature","geometry":{"type":"Polygon","coordinates":[[[22.0825263,43.9184598],[22.0825126,43.918479],[22.0825394,43.918489],[22.0825533,43.9184698],[22.0825263,43.9184598]]]},"properties":{"voltage":"10000;400","name":"Koliba stubna"}},{"type":"Feature","geometry":{"type":"Polygon","coordinates":[[[22.0931126,43.922752],[22.093083,43.9227486],[22.0930783,43.9227701],[22.0931079,43.9227735],[22.0931126,43.922752]]]},"properties":{"voltage":"10000;400","name":"Grada petrol"}},{"type":"Feature","geometry":{"type":"Polygon","coordinates":[[[22.0962519,43.9227151],[22.0962358,43.9227333],[22.0962613,43.922745],[22.0962774,43.9227268],[22.0962519,43.9227151]]]},"properties":{"voltage":"10000;400","name":"Seli\u0161te kula"}},{"type":"Feature","geometry":{"type":"Polygon","coordinates":[[[22.1077692,43.9209096],[22.1077431,43.9209202],[22.1077579,43.9209392],[22.1077841,43.9209286],[22.1077692,43.9209096]]]},"properties":{"voltage":"10000;400","name":"Baba Jona 2"}},{"type":"Feature","geometry":{"type":"Polygon","coordinates":[[[22.0941098,43.9260843],[22.0940798,43.9260849],[22.0940807,43.9261066],[22.0941107,43.9261061],[22.0941098,43.9260843]]]},"properties":{"voltage":"10000;400","name":"Seli\u0161te pumpe"}},{"type":"Feature","geometry":{"type":"Polygon","coordinates":[[[21.7945527,44.2106883],[21.794596,44.2106808],[21.7945916,44.2106675],[21.7946433,44.2106585],[21.794612,44.210565],[21.7945169,44.2105814],[21.7945527,44.2106883]]]},"properties":{"voltage":"35000;10000","name":"Jelenac \u017dagubica"}},{"type":"Feature","geometry":{"type":"Polygon","coordinates":[[[21.9751838,44.1395295],[21.9752962,44.1394629],[21.9752282,44.1394038],[21.9751158,44.1394704],[21.9751838,44.1395295]]]},"properties":{"voltage":"35000;10000","name":"Francuske barake"}},{"type":"Feature","geometry":{"type":"Polygon","coordinates":[[[22.1004851,44.1105495],[22.100529,44.1105034],[22.1004775,44.1104781],[22.1004489,44.1105081],[22.1004659,44.1105165],[22.1004506,44.1105325],[22.1004851,44.1105495]]]},"properties":{"voltage":"35000;10000","name":"\u041a\u0440\u0438\u0432\u0435\u0459"}},{"type":"Feature","geometry":{"type":"Polygon","coordinates":[[[22.089498,44.0598041],[22.0891314,44.0598493],[22.0891838,44.0601126],[22.0888347,44.0601503],[22.088915,44.0605366],[22.0881366,44.0605867],[22.087962,44.0597414],[22.0878818,44.0591995],[22.087959,44.0591901],[22.0879895,44.0591857],[22.0880284,44.0591337],[22.0881418,44.0590653],[22.0883888,44.058965],[22.089217,44.0586289],[22.0893077,44.0587631],[22.0893671,44.058891],[22.0893967,44.059029],[22.0894264,44.0594328],[22.0894526,44.0596348],[22.089498,44.0598041]]]},"properties":{"voltage":"35000;10000","name":"Bor 3"}},{"type":"Feature","geometry":{"type":"Polygon","coordinates":[[[22.1062883,44.0757603],[22.1066075,44.0758619],[22.1066017,44.0758756],[22.1066896,44.0759298],[22.1067823,44.0759635],[22.1068731,44.0758207],[22.1069724,44.0758543],[22.1071153,44.0756529],[22.1070322,44.0756251],[22.107047,44.0756024],[22.1070154,44.0755925],[22.107089,44.0754693],[22.1065673,44.0753073],[22.1062883,44.0757603]]]},"properties":{"voltage":"110000;5250","name":"Bor 3"}},{"type":"Feature","geometry":{"type":"Polygon","coordinates":[[[22.0998359,44.0664814],[22.0998401,44.0664823],[22.0998461,44.0664691],[22.099842,44.0664682],[22.0998359,44.0664814]]]},"properties":{"voltage":"10000;400","name":"Dupleks"}},{"type":"Feature","geometry":{"type":"Polygon","coordinates":[[[22.0945356,44.0798394],[22.0945425,44.0798392],[22.094541,44.0798139],[22.0945341,44.0798141],[22.0945356,44.0798394]]]},"properties":{"voltage":"10000;400","name":"B7"}},{"type":"Feature","geometry":{"type":"Polygon","coordinates":[[[22.0916765,44.0822947],[22.0916827,44.082296],[22.0916942,44.0822654],[22.0916879,44.0822642],[22.0916765,44.0822947]]]},"properties":{"voltage":"10000;400","name":"Z5"}},{"type":"Feature","geometry":{"type":"Polygon","coordinates":[[[22.097031,44.0672396],[22.0970359,44.0672395],[22.0970349,44.0672235],[22.09703,44.0672237],[22.097031,44.0672396]]]},"properties":{"voltage":"10000;400","name":"Gimnazija"}},{"type":"Feature","geometry":{"type":"Polygon","coordinates":[[[22.0964997,44.0710697],[22.0965055,44.0710693],[22.0965037,44.0710551],[22.096498,44.0710555],[22.0964997,44.0710697]]]},"properties":{"voltage":"10000;400","name":"Gara\u017ee"}},{"type":"Feature","geometry":{"type":"Polygon","coordinates":[[[22.0962812,44.0813573],[22.096326,44.0813565],[22.0963253,44.0813362],[22.0962805,44.081337],[22.0962812,44.0813573]]]},"properties":{"voltage":"10000;400","name":"Fakultet"}},{"type":"Feature","geometry":{"type":"Polygon","coordinates":[[[22.0926717,44.0852636],[22.0926985,44.0852718],[22.0927121,44.0852489],[22.0926853,44.0852407],[22.0926717,44.0852636]]]},"properties":{"voltage":"10000;400","name":"Sever"}},{"type":"Feature","geometry":{"type":"Polygon","coordinates":[[[22.0958695,44.0704935],[22.0958718,44.0705162],[22.0959038,44.0705145],[22.0959016,44.0704918],[22.0958695,44.0704935]]]},"properties":{"voltage":"10000;400","name":"3. oktobar"}},{"type":"Feature","geometry":{"type":"Polygon","coordinates":[[[22.1027007,44.0639546],[22.1027574,44.0639523],[22.1027538,44.0639075],[22.1026971,44.0639099],[22.1027007,44.0639546]]]},"properties":{"voltage":"10000;400","name":"TS Jedinstvo"}},{"type":"Feature","geometry":{"type":"Polygon","coordinates":[[[21.9462828,43.3063928],[21.9463398,43.3063845],[21.9463332,43.3063603],[21.9462761,43.3063685],[21.9462828,43.3063928]]]},"properties":{"voltage":"","name":""}},{"type":"Feature","geometry":{"type":"Polygon","coordinates":[[[21.6891473,45.0326779],[21.6891863,45.0326789],[21.6891877,45.0326518],[21.6891487,45.0326507],[21.6891473,45.0326779]]]},"properties":{"voltage":"","name":""}},{"type":"Feature","geometry":{"type":"Polygon","coordinates":[[[20.8857219,43.6176114],[20.8857593,43.6176442],[20.8858505,43.6175899],[20.8858131,43.617557],[20.8857219,43.6176114]]]},"properties":{"voltage":"","name":""}},{"type":"Feature","geometry":{"type":"Polygon","coordinates":[[[22.1356243,43.9674262],[22.1356149,43.9674467],[22.1356436,43.9674536],[22.135653,43.967433],[22.1356243,43.9674262]]]},"properties":{"voltage":"10000;400","name":"Petranov mlin"}},{"type":"Feature","geometry":{"type":"Polygon","coordinates":[[[20.5102855,44.8151773],[20.5102842,44.8151331],[20.5103389,44.8151323],[20.5103401,44.8151766],[20.5102855,44.8151773]]]},"properties":{"voltage":"","name":""}},{"type":"Feature","geometry":{"type":"Polygon","coordinates":[[[20.4157042,44.7645568],[20.4156886,44.7645174],[20.4157462,44.7645059],[20.4157618,44.7645453],[20.4157042,44.7645568]]]},"properties":{"voltage":"","name":""}},{"type":"Feature","geometry":{"type":"Polygon","coordinates":[[[20.5170115,44.8125231],[20.5170105,44.8124805],[20.5170557,44.81248],[20.5170567,44.8125226],[20.5170115,44.8125231]]]},"properties":{"voltage":"","name":""}},{"type":"Feature","geometry":{"type":"Polygon","coordinates":[[[20.3817595,44.6934924],[20.3817607,44.6934446],[20.3818052,44.6934452],[20.381804,44.693493],[20.3817595,44.6934924]]]},"properties":{"voltage":"","name":""}},{"type":"Feature","geometry":{"type":"Polygon","coordinates":[[[20.5199204,44.8161398],[20.5198503,44.8161349],[20.5198587,44.8160753],[20.5199287,44.8160803],[20.5199204,44.8161398]]]},"properties":{"voltage":"","name":""}},{"type":"Feature","geometry":{"type":"Polygon","coordinates":[[[20.5187635,44.8150956],[20.5187604,44.8150437],[20.5187136,44.8150451],[20.5187167,44.815097],[20.5187635,44.8150956]]]},"properties":{"voltage":"","name":""}},{"type":"Feature","geometry":{"type":"Polygon","coordinates":[[[20.518826,44.8150934],[20.5188229,44.8150415],[20.5187761,44.8150429],[20.5187792,44.8150948],[20.518826,44.8150934]]]},"properties":{"voltage":"","name":""}},{"type":"Feature","geometry":{"type":"Polygon","coordinates":[[[20.5195847,44.8140489],[20.519531,44.8140502],[20.5195297,44.8140239],[20.5195834,44.8140226],[20.5195847,44.8140489]]]},"properties":{"voltage":"","name":""}},{"type":"Feature","geometry":{"type":"Polygon","coordinates":[[[20.518849,44.8136615],[20.5188479,44.8136389],[20.518887,44.8136379],[20.5188881,44.8136604],[20.518849,44.8136615]]]},"properties":{"voltage":"","name":""}},{"type":"Feature","geometry":{"type":"Polygon","coordinates":[[[20.5183161,44.8142531],[20.5183132,44.8142133],[20.518356,44.8142117],[20.5183588,44.8142516],[20.5183161,44.8142531]]]},"properties":{"voltage":"","name":""}},{"type":"Feature","geometry":{"type":"Polygon","coordinates":[[[20.5181183,44.8120303],[20.5181176,44.8119993],[20.5181783,44.8119985],[20.518179,44.8120296],[20.5181183,44.8120303]]]},"properties":{"voltage":"","name":""}},{"type":"Feature","geometry":{"type":"Polygon","coordinates":[[[20.5189024,44.810236],[20.5189032,44.8101979],[20.5190024,44.810199],[20.5190016,44.8102371],[20.5189024,44.810236]]]},"properties":{"voltage":"","name":""}},{"type":"Feature","geometry":{"type":"Polygon","coordinates":[[[20.5172725,44.8145164],[20.5172741,44.814545],[20.5172216,44.8145465],[20.51722,44.8145179],[20.5172725,44.8145164]]]},"properties":{"voltage":"","name":""}},{"type":"Feature","geometry":{"type":"Polygon","coordinates":[[[20.5174773,44.813833],[20.5174763,44.8137988],[20.517532,44.813798],[20.5175329,44.8138323],[20.5174773,44.813833]]]},"properties":{"voltage":"","name":""}},{"type":"Feature","geometry":{"type":"Polygon","coordinates":[[[20.515499,44.8139464],[20.5154979,44.8139144],[20.5154667,44.813915],[20.5154679,44.813947],[20.515499,44.8139464]]]},"properties":{"voltage":"","name":""}},{"type":"Feature","geometry":{"type":"Polygon","coordinates":[[[20.5149157,44.8143514],[20.5149172,44.8143783],[20.5148602,44.8143799],[20.5148587,44.814353],[20.5149157,44.8143514]]]},"properties":{"voltage":"","name":""}},{"type":"Feature","geometry":{"type":"Polygon","coordinates":[[[20.5146482,44.8153422],[20.5146489,44.8153667],[20.5145905,44.8153675],[20.5145898,44.815343],[20.5146482,44.8153422]]]},"properties":{"voltage":"","name":""}},{"type":"Feature","geometry":{"type":"Polygon","coordinates":[[[20.5136139,44.8141284],[20.5136132,44.814098],[20.5136716,44.8140973],[20.5136723,44.8141277],[20.5136139,44.8141284]]]},"properties":{"voltage":"","name":""}},{"type":"Feature","geometry":{"type":"Polygon","coordinates":[[[20.5112484,44.8142106],[20.5112494,44.8142273],[20.5112027,44.8142287],[20.5112016,44.814212],[20.5112484,44.8142106]]]},"properties":{"voltage":"","name":""}},{"type":"Feature","geometry":{"type":"Polygon","coordinates":[[[20.5127725,44.8136342],[20.5127739,44.8136591],[20.5128349,44.8136572],[20.5128335,44.8136324],[20.5127725,44.8136342]]]},"properties":{"voltage":"","name":""}},{"type":"Feature","geometry":{"type":"Polygon","coordinates":[[[20.5087472,44.8135254],[20.5087467,44.8134819],[20.5087671,44.8134818],[20.5087676,44.8135253],[20.5087472,44.8135254]]]},"properties":{"voltage":"","name":""}},{"type":"Feature","geometry":{"type":"Polygon","coordinates":[[[20.5082735,44.8138433],[20.5082435,44.813796],[20.5081588,44.813823],[20.5081887,44.8138703],[20.5082735,44.8138433]]]},"properties":{"voltage":"","name":""}},{"type":"Feature","geometry":{"type":"Polygon","coordinates":[[[20.5084312,44.8153401],[20.5084297,44.8153103],[20.5084894,44.8153088],[20.5084909,44.8153386],[20.5084312,44.8153401]]]},"properties":{"voltage":"","name":""}},{"type":"Feature","geometry":{"type":"Polygon","coordinates":[[[20.5060206,44.8152258],[20.5060213,44.8151974],[20.5060737,44.815198],[20.506073,44.8152264],[20.5060206,44.8152258]]]},"properties":{"voltage":"","name":""}},{"type":"Feature","geometry":{"type":"Polygon","coordinates":[[[20.5156724,44.8093859],[20.5156486,44.809381],[20.5156607,44.8093512],[20.5156845,44.8093561],[20.5156724,44.8093859]]]},"properties":{"voltage":"","name":""}},{"type":"Feature","geometry":{"type":"Polygon","coordinates":[[[20.4956342,44.8154573],[20.4956395,44.8154252],[20.4955997,44.8154218],[20.4955944,44.815454],[20.4956342,44.8154573]]]},"properties":{"voltage":"","name":""}},{"type":"Feature","geometry":{"type":"Polygon","coordinates":[[[20.498447,44.8154058],[20.4984546,44.815357],[20.4984149,44.8153538],[20.4984073,44.8154027],[20.498447,44.8154058]]]},"properties":{"voltage":"","name":""}},{"type":"Feature","geometry":{"type":"Polygon","coordinates":[[[20.4964402,44.8140564],[20.4964138,44.814038],[20.4964402,44.8140189],[20.4964666,44.8140373],[20.4964402,44.8140564]]]},"properties":{"voltage":"","name":""}},{"type":"Feature","geometry":{"type":"Polygon","coordinates":[[[20.504807,44.8130085],[20.5047921,44.8129666],[20.5048282,44.8129602],[20.5048431,44.813002],[20.504807,44.8130085]]]},"properties":{"voltage":"","name":""}},{"type":"Feature","geometry":{"type":"Polygon","coordinates":[[[20.5144045,44.8076345],[20.5143825,44.8076183],[20.5144168,44.8075948],[20.5144389,44.8076111],[20.5144045,44.8076345]]]},"properties":{"voltage":"","name":""}},{"type":"Feature","geometry":{"type":"Polygon","coordinates":[[[20.524786,44.802648],[20.5247922,44.8026011],[20.5248561,44.8026053],[20.5248499,44.8026522],[20.524786,44.802648]]]},"properties":{"voltage":"","name":""}},{"type":"Feature","geometry":{"type":"Polygon","coordinates":[[[20.5220986,44.8033213],[20.5221033,44.8032699],[20.5221757,44.8032733],[20.522171,44.8033246],[20.5220986,44.8033213]]]},"properties":{"voltage":"","name":""}},{"type":"Feature","geometry":{"type":"Polygon","coordinates":[[[20.5210554,44.8041648],[20.52106,44.8041105],[20.521141,44.8041141],[20.5211362,44.8041683],[20.521126,44.8041677],[20.5210554,44.8041648]]]},"properties":{"voltage":"","name":""}},{"type":"Feature","geometry":{"type":"Polygon","coordinates":[[[20.5207049,44.8062006],[20.5207066,44.8061545],[20.5207772,44.8061559],[20.5207755,44.806202],[20.5207049,44.8062006]]]},"properties":{"voltage":"","name":""}},{"type":"Feature","geometry":{"type":"Polygon","coordinates":[[[21.9104675,43.3066053],[21.9104327,43.3065839],[21.9104782,43.3065447],[21.910513,43.3065662],[21.9104675,43.3066053]]]},"properties":{"voltage":"","name":""}},{"type":"Feature","geometry":{"type":"Polygon","coordinates":[[[20.5365747,44.7889435],[20.5366706,44.7889432],[20.5366704,44.7888897],[20.5365745,44.7888899],[20.5365747,44.7889435]]]},"properties":{"voltage":"","name":""}},{"type":"Feature","geometry":{"type":"Polygon","coordinates":[[[20.5366397,44.7873813],[20.5366778,44.7874322],[20.5367246,44.7874147],[20.5366866,44.7873637],[20.5366397,44.7873813]]]},"properties":{"voltage":"","name":""}},{"type":"Feature","geometry":{"type":"Polygon","coordinates":[[[21.9303922,43.3062732],[21.930455,43.3062606],[21.930436,43.3062104],[21.9303731,43.306223],[21.9303922,43.3062732]]]},"properties":{"voltage":"","name":""}},{"type":"Feature","geometry":{"type":"Polygon","coordinates":[[[21.9178641,43.2892201],[21.9179249,43.2892528],[21.9179719,43.2892065],[21.9179111,43.2891738],[21.9178641,43.2892201]]]},"properties":{"voltage":"","name":""}},{"type":"Feature","geometry":{"type":"Polygon","coordinates":[[[21.9592727,44.0528259],[21.9592954,44.0528643],[21.9593271,44.0529183],[21.9593831,44.0529013],[21.9593287,44.0528088],[21.9592727,44.0528259]]]},"properties":{"voltage":"35000;10000","name":"Zlot pumpe"}},{"type":"Feature","geometry":{"type":"Polygon","coordinates":[[[22.9140643,45.780926],[22.9132597,45.7809147],[22.9132687,45.7814798],[22.9137443,45.7814844],[22.9137496,45.7815483],[22.9140472,45.781552],[22.9140643,45.780926]]]},"properties":{"voltage":"220000","name":"O\u021bel\u0103rie H"}},{"type":"Feature","geometry":{"type":"Polygon","coordinates":[[[21.9145693,43.3168024],[21.9145218,43.3168243],[21.9145528,43.31686],[21.9146003,43.3168381],[21.9145693,43.3168024]]]},"properties":{"voltage":"","name":""}},{"type":"Feature","geometry":{"type":"Polygon","coordinates":[[[21.9026717,43.3119124],[21.9026756,43.31187],[21.9027352,43.3118729],[21.9027313,43.3119154],[21.9026717,43.3119124]]]},"properties":{"voltage":"","name":""}},{"type":"Feature","geometry":{"type":"Polygon","coordinates":[[[21.9914879,43.9994545],[21.9917573,43.999307],[21.9919249,43.9994655],[21.9917111,43.9995824],[21.9916554,43.9996129],[21.9915658,43.9995282],[21.9914879,43.9994545]]]},"properties":{"voltage":"35000;10000","name":"Zlot Dubrava"}},{"type":"Feature","geometry":{"type":"Polygon","coordinates":[[[22.2200866,44.0326803],[22.2201707,44.0326115],[22.2200714,44.0325488],[22.2200417,44.0325731],[22.2199996,44.0325466],[22.2199453,44.032591],[22.2200866,44.0326803]]]},"properties":{"voltage":"35000;10000","name":"Zagra\u0111e"}},{"type":"Feature","geometry":{"type":"Polygon","coordinates":[[[20.4906433,44.7539627],[20.4908902,44.7536598],[20.4904155,44.7534776],[20.4902167,44.7537076],[20.4906433,44.7539627]]]},"properties":{"voltage":"","name":""}},{"type":"Feature","geometry":{"type":"Polygon","coordinates":[[[21.5165676,44.7323411],[21.5165748,44.7314916],[21.5171351,44.731494],[21.5171278,44.7323435],[21.5165676,44.7323411]]]},"properties":{"voltage":"110000;35000","name":"\u0412\u0435\u043b\u0438\u043a\u043e \u0413\u0440\u0430\u0434\u0438\u0448\u0442\u0435"}},{"type":"Feature","geometry":{"type":"Polygon","coordinates":[[[22.1742039,44.3943138],[22.1745516,44.3936364],[22.1750812,44.3937736],[22.1747416,44.3944453],[22.1742039,44.3943138]]]},"properties":{"voltage":"","name":""}},{"type":"Feature","geometry":{"type":"Polygon","coordinates":[[[20.5326286,43.1658749],[20.5323979,43.1653819],[20.5326366,43.1653115],[20.532465,43.1649867],[20.5317872,43.1651648],[20.5316094,43.165255],[20.5313555,43.1653677],[20.531695,43.166093],[20.5320187,43.1660174],[20.5326286,43.1658749]]]},"properties":{"voltage":"","name":""}},{"type":"Feature","geometry":{"type":"Polygon","coordinates":[[[20.3447303,43.0045099],[20.3437768,43.0050648],[20.3432559,43.0046292],[20.344266,43.0041124],[20.3447303,43.0045099]]]},"properties":{"voltage":"","name":""}},{"type":"Feature","geometry":{"type":"Polygon","coordinates":[[[21.2301993,45.8208069],[21.2280697,45.820792],[21.2278175,45.8204219],[21.2295395,45.819891],[21.2301993,45.8208069]]]},"properties":{"voltage":"","name":""}},{"type":"Feature","geometry":{"type":"Polygon","coordinates":[[[22.9686192,45.9747743],[22.9684307,45.9744234],[22.9683406,45.9744467],[22.9682811,45.974336],[22.9682497,45.9742776],[22.9687612,45.9741448],[22.968882,45.9743697],[22.9690406,45.9746649],[22.9686192,45.9747743]]]},"properties":{"voltage":"","name":""}},{"type":"Feature","geometry":{"type":"Polygon","coordinates":[[[20.0706559,45.0374897],[20.0712426,45.036877],[20.0724265,45.0374592],[20.0718346,45.0380731],[20.0706559,45.0374897]]]},"properties":{"voltage":"110000;20000","name":"\u0418\u043d\u0452\u0438\u0458\u0430 1"}},{"type":"Feature","geometry":{"type":"Polygon","coordinates":[[[20.6241399,45.6840453],[20.6241382,45.6837877],[20.6241754,45.6837876],[20.624531,45.6837865],[20.6245327,45.684044],[20.6241399,45.6840453]]]},"properties":{"voltage":"","name":""}},{"type":"Feature","geometry":{"type":"Polygon","coordinates":[[[20.1002284,43.7582508],[20.1006687,43.7579093],[20.0997413,43.7573125],[20.0994021,43.7575966],[20.0994887,43.7577504],[20.0997305,43.7578442],[20.0997341,43.7579354],[20.1002284,43.7582508]]]},"properties":{"voltage":"","name":""}},{"type":"Feature","geometry":{"type":"Polygon","coordinates":[[[20.1665539,43.6296595],[20.1669514,43.6294883],[20.1666955,43.6291922],[20.1664007,43.629122],[20.1663387,43.6291585],[20.1662941,43.6293522],[20.1665539,43.6296595]]]},"properties":{"voltage":"","name":""}},{"type":"Feature","geometry":{"type":"Polygon","coordinates":[[[21.6846487,43.5719096],[21.6848873,43.5718133],[21.6847408,43.5716227],[21.6847176,43.5715926],[21.684479,43.5716889],[21.6846487,43.5719096]]]},"properties":{"voltage":"35000;10000","name":""}},{"type":"Feature","geometry":{"type":"Polygon","coordinates":[[[21.6856319,43.5593046],[21.6857543,43.5591578],[21.6859721,43.5592532],[21.6858497,43.5593999],[21.6856319,43.5593046]]]},"properties":{"voltage":"35000;10000","name":""}},{"type":"Feature","geometry":{"type":"Polygon","coordinates":[[[21.732597,43.4625227],[21.7335785,43.4630715],[21.733747,43.4629128],[21.7327655,43.462364],[21.732597,43.4625227]]]},"properties":{"voltage":"10000;400","name":""}},{"type":"Feature","geometry":{"type":"Polygon","coordinates":[[[21.7742522,43.4896837],[21.774573,43.4893203],[21.7748862,43.4894658],[21.7745654,43.4898292],[21.7742522,43.4896837]]]},"properties":{"voltage":"35000;10000","name":""}},{"type":"Feature","geometry":{"type":"Polygon","coordinates":[[[21.7955451,43.4052425],[21.7956799,43.4048018],[21.7963074,43.4049031],[21.7961725,43.4053438],[21.7955451,43.4052425]]]},"properties":{"voltage":"","name":""}},{"type":"Feature","geometry":{"type":"Polygon","coordinates":[[[20.3204801,45.5315798],[20.320923,45.5313215],[20.321299,45.5313514],[20.3212487,45.5316279],[20.3204801,45.5315798]]]},"properties":{"voltage":"","name":""}},{"type":"Feature","geometry":{"type":"Polygon","coordinates":[[[20.3784578,44.8611587],[20.3785007,44.8611425],[20.3785293,44.8611803],[20.3784864,44.8611966],[20.3784578,44.8611587]]]},"properties":{"voltage":"10000;400","name":""}},{"type":"Feature","geometry":{"type":"Polygon","coordinates":[[[21.9943071,44.0101831],[21.9943138,44.0101964],[21.994333,44.0101914],[21.9943262,44.0101781],[21.9943071,44.0101831]]]},"properties":{"voltage":"10000;400","name":"Zlot 3. reon"}},{"type":"Feature","geometry":{"type":"Polygon","coordinates":[[[21.2213339,45.7476236],[21.2213619,45.747582],[21.2214303,45.7476043],[21.2214023,45.747646],[21.2213339,45.7476236]]]},"properties":{"voltage":"","name":""}},{"type":"Feature","geometry":{"type":"Polygon","coordinates":[[[22.8801777,43.3858105],[22.8801793,43.3857892],[22.8802434,43.3857917],[22.8802418,43.385813],[22.8801777,43.3858105]]]},"properties":{"voltage":"","name":""}},{"type":"Feature","geometry":{"type":"Polygon","coordinates":[[[22.8683823,45.9409528],[22.8685515,45.9416972],[22.8673548,45.9418288],[22.8671855,45.9410843],[22.8683823,45.9409528]]]},"properties":{"voltage":"","name":""}},{"type":"Feature","geometry":{"type":"Polygon","coordinates":[[[21.1700844,44.9854403],[21.1713381,44.9848989],[21.1706064,44.9840514],[21.1693528,44.9845927],[21.1700844,44.9854403]]]},"properties":{"voltage":"110000","name":"\u041a\u043e\u0448\u0430\u0432\u0430"}},{"type":"Feature","geometry":{"type":"Polygon","coordinates":[[[22.2097602,44.0823882],[22.2097615,44.0823682],[22.2097326,44.0823672],[22.2097312,44.0823873],[22.2097602,44.0823882]]]},"properties":{"voltage":"10000;400","name":"Kop kvarc"}},{"type":"Feature","geometry":{"type":"Polygon","coordinates":[[[20.9202239,45.0427371],[20.9209602,45.043081],[20.921618,45.0423735],[20.9208201,45.0419917],[20.9204176,45.0424401],[20.9204364,45.0425103],[20.9202239,45.0427371]]]},"properties":{"voltage":"","name":"\u0410\u043b\u0438\u0431\u0443\u043d\u0430\u0440"}},{"type":"Feature","geometry":{"type":"Polygon","coordinates":[[[20.5670888,43.7131815],[20.5671109,43.7131511],[20.5671823,43.7131783],[20.5671602,43.7132087],[20.5670888,43.7131815]]]},"properties":{"voltage":"","name":""}},{"type":"Feature","geometry":{"type":"Polygon","coordinates":[[[22.0076265,44.086714],[22.0076622,44.0867043],[22.0076502,44.0866811],[22.0076142,44.0866907],[22.0076265,44.086714]]]},"properties":{"voltage":"10000;400","name":"Telenor - B.Jezero"}},{"type":"Feature","geometry":{"type":"Polygon","coordinates":[[[22.8115779,43.4086181],[22.811324,43.4083991],[22.8109324,43.4086134],[22.8105849,43.4093778],[22.8108338,43.409444],[22.8109308,43.40935],[22.8111727,43.4088442],[22.8115779,43.4086181]]]},"properties":{"voltage":"110000;20000;6300","name":"\u041f\u043e\u0434\u0441\u0442\u0430\u043d\u0446\u0438\u044f \u041c\u0430\u0440\u0442\u0438\u043d\u043e\u0432\u043e"}},{"type":"Feature","geometry":{"type":"Polygon","coordinates":[[[22.0353161,45.2370129],[22.0351458,45.2369013],[22.0355724,45.2365783],[22.0357428,45.23669],[22.0353161,45.2370129]]]},"properties":{"voltage":"","name":""}},{"type":"Feature","geometry":{"type":"Polygon","coordinates":[[[20.6328173,45.2798116],[20.632429,45.2793371],[20.6328887,45.2791508],[20.6332769,45.2796254],[20.6328173,45.2798116]]]},"properties":{"voltage":"","name":""}},{"type":"Feature","geometry":{"type":"Polygon","coordinates":[[[21.9118438,43.3237751],[21.9117968,43.3237182],[21.9117472,43.3237397],[21.9117944,43.3237968],[21.9118438,43.3237751]]]},"properties":{"voltage":"","name":""}},{"type":"Feature","geometry":{"type":"Polygon","coordinates":[[[20.4305032,44.749103],[20.4305408,44.749099],[20.4305343,44.7490576],[20.4304957,44.7490589],[20.4305032,44.749103]]]},"properties":{"voltage":"","name":""}},{"type":"Feature","geometry":{"type":"Polygon","coordinates":[[[20.4138511,44.7748068],[20.4138872,44.774808],[20.4138851,44.7747645],[20.4138509,44.7747648],[20.4138511,44.7748068]]]},"properties":{"voltage":"","name":""}},{"type":"Feature","geometry":{"type":"Polygon","coordinates":[[[20.4184795,44.7850431],[20.4185614,44.7850182],[20.4185269,44.7849611],[20.418445,44.784986],[20.4184795,44.7850431]]]},"properties":{"voltage":"","name":""}},{"type":"Feature","geometry":{"type":"Polygon","coordinates":[[[22.8730388,45.5414002],[22.8737905,45.5411175],[22.8733191,45.5405219],[22.8725766,45.5407981],[22.8730388,45.5414002]]]},"properties":{"voltage":"110000","name":""}},{"type":"Feature","geometry":{"type":"Polygon","coordinates":[[[22.7900983,45.7019155],[22.7901715,45.7014683],[22.7910598,45.7015478],[22.7911411,45.7016117],[22.7910903,45.7018729],[22.7909643,45.7019368],[22.7900983,45.7019155]]]},"properties":{"voltage":"110000","name":""}},{"type":"Feature","geometry":{"type":"Polygon","coordinates":[[[22.8812873,45.730432],[22.8817094,45.7304815],[22.8819035,45.7303073],[22.8820052,45.7295546],[22.8819128,45.7294363],[22.8813921,45.7294169],[22.8812873,45.730432]]]},"properties":{"voltage":"110000","name":""}},{"type":"Feature","geometry":{"type":"Polygon","coordinates":[[[21.8645893,45.3284028],[21.8649831,45.3285744],[21.8651052,45.3284358],[21.8653352,45.328536],[21.8644295,45.3295641],[21.8637506,45.3292685],[21.8642506,45.3287009],[21.8643055,45.3287248],[21.8645893,45.3284028]]]},"properties":{"voltage":"","name":""}},{"type":"Feature","geometry":{"type":"Polygon","coordinates":[[[22.5887963,44.415461],[22.5887427,44.4155797],[22.5887212,44.4156468],[22.5885737,44.4156027],[22.5885871,44.415574],[22.5881553,44.4154954],[22.5884127,44.4148824],[22.5887936,44.4149647],[22.5887453,44.4150893],[22.5889304,44.4151353],[22.5887963,44.415461]]]},"properties":{"voltage":"","name":""}},{"type":"Feature","geometry":{"type":"Polygon","coordinates":[[[22.7077028,44.2597459],[22.7071981,44.2595761],[22.7073989,44.2592885],[22.7073654,44.2592405],[22.707569,44.2589889],[22.70811,44.2591806],[22.7077028,44.2597459]]]},"properties":{"voltage":"","name":""}},{"type":"Feature","geometry":{"type":"Polygon","coordinates":[[[20.4308276,44.7504036],[20.4308571,44.750378],[20.4308073,44.750353],[20.430778,44.7503793],[20.4308276,44.7504036]]]},"properties":{"voltage":"","name":""}},{"type":"Feature","geometry":{"type":"Polygon","coordinates":[[[20.4167056,44.7583173],[20.416721,44.7583077],[20.4166895,44.7582872],[20.416674,44.7582966],[20.4167056,44.7583173]]]},"properties":{"voltage":"","name":""}},{"type":"Feature","geometry":{"type":"Polygon","coordinates":[[[20.4196688,44.7590675],[20.4196827,44.7590441],[20.4196362,44.7590279],[20.4196192,44.7590458],[20.4196688,44.7590675]]]},"properties":{"voltage":"","name":""}},{"type":"Feature","geometry":{"type":"Polygon","coordinates":[[[21.4723665,44.759922],[21.4722448,44.7598859],[21.4717056,44.7597259],[21.4714813,44.7601069],[21.4721422,44.7603031],[21.4723665,44.759922]]]},"properties":{"voltage":"35000;10000","name":"\u0412\u0435\u043b\u0438\u043a\u043e \u0413\u0440\u0430\u0434\u0438\u0448\u0442\u0435 3"}},{"type":"Feature","geometry":{"type":"Polygon","coordinates":[[[20.5006371,44.7942851],[20.5007384,44.7942442],[20.5007054,44.7942031],[20.5006041,44.794244],[20.5006371,44.7942851]]]},"properties":{"voltage":"","name":""}},{"type":"Feature","geometry":{"type":"Polygon","coordinates":[[[20.4295959,44.762728],[20.429652,44.762719],[20.4296313,44.7626535],[20.4295743,44.7626618],[20.4295959,44.762728]]]},"properties":{"voltage":"","name":""}},{"type":"Feature","geometry":{"type":"Polygon","coordinates":[[[20.4060546,44.889671],[20.4060921,44.8896491],[20.4061306,44.8896822],[20.406093,44.8897041],[20.4060546,44.889671]]]},"properties":{"voltage":"10000;400","name":""}},{"type":"Feature","geometry":{"type":"Polygon","coordinates":[[[20.4229592,44.7544322],[20.4230086,44.7544069],[20.4229876,44.7543845],[20.4229357,44.7544086],[20.4229592,44.7544322]]]},"properties":{"voltage":"","name":""}},{"type":"Feature","geometry":{"type":"Polygon","coordinates":[[[21.2620098,43.9871068],[21.2619795,43.9870764],[21.2628217,43.9867869],[21.2632214,43.9874093],[21.2625334,43.9876322],[21.2621123,43.9872097],[21.2621954,43.9871439],[21.2621605,43.9870918],[21.2620098,43.9871068]]]},"properties":{"voltage":"110000;20000;10000","name":"\u0408\u0430\u0433\u043e\u0434\u0438\u043d\u0430 3"}},{"type":"Feature","geometry":{"type":"Polygon","coordinates":[[[21.1600609,44.6201743],[21.1611968,44.6204559],[21.1617011,44.6194402],[21.1605865,44.6191365],[21.1600609,44.6201743]]]},"properties":{"voltage":"110000;35000;10000","name":"\u041f\u043e\u0436\u0430\u0440\u0435\u0432\u0430\u0446 2"}},{"type":"Feature","geometry":{"type":"Polygon","coordinates":[[[20.4392856,44.9243934],[20.4390779,44.9246643],[20.438638,44.9245002],[20.4388471,44.9242268],[20.4392856,44.9243934]]]},"properties":{"voltage":"","name":""}},{"type":"Feature","geometry":{"type":"Polygon","coordinates":[[[20.4347525,44.9255212],[20.4344688,44.9255831],[20.4346094,44.9259063],[20.4348931,44.9258444],[20.4347525,44.9255212]]]},"properties":{"voltage":"","name":""}},{"type":"Feature","geometry":{"type":"Polygon","coordinates":[[[20.5221281,44.7840969],[20.5221698,44.7840841],[20.5223236,44.7843361],[20.5219777,44.7844424],[20.5218239,44.7841905],[20.5221281,44.7840969]]]},"properties":{"voltage":"35000;10000","name":"\u0421\u043c\u0435\u0434\u0435\u0440\u0435\u0432\u0441\u043a\u0438 \u043f\u0443\u0442"}},{"type":"Feature","geometry":{"type":"Polygon","coordinates":[[[20.4850989,44.7904215],[20.4850015,44.7902753],[20.4849318,44.7901706],[20.4847282,44.7902393],[20.4847328,44.79045],[20.4850439,44.7904544],[20.4850989,44.7904215]]]},"properties":{"voltage":"","name":""}},{"type":"Feature","geometry":{"type":"Polygon","coordinates":[[[20.4156389,44.7782224],[20.4156825,44.7782049],[20.4156631,44.7781803],[20.415618,44.7781981],[20.4156389,44.7782224]]]},"properties":{"voltage":"","name":""}},{"type":"Feature","geometry":{"type":"Polygon","coordinates":[[[20.4185098,44.7744198],[20.418566,44.7744193],[20.418566,44.7743672],[20.4185078,44.7743672],[20.4185098,44.7744198]]]},"properties":{"voltage":"","name":""}},{"type":"Feature","geometry":{"type":"Polygon","coordinates":[[[20.4195266,44.7647476],[20.4195781,44.7647664],[20.4196076,44.7647256],[20.4195546,44.7647073],[20.4195266,44.7647476]]]},"properties":{"voltage":"","name":""}},{"type":"Feature","geometry":{"type":"Polygon","coordinates":[[[20.5875204,44.7789906],[20.5876691,44.778925],[20.5878598,44.7791426],[20.5878463,44.7791485],[20.5877111,44.7792082],[20.5875204,44.7789906]]]},"properties":{"voltage":"","name":""}},{"type":"Feature","geometry":{"type":"Polygon","coordinates":[[[20.5908311,44.7801572],[20.5908708,44.7799436],[20.5902176,44.7798761],[20.5901591,44.7801563],[20.5906976,44.7802064],[20.5908311,44.7801572]]]},"properties":{"voltage":"35000;10000","name":"\u0412\u0438\u043d\u0447\u0430 \u0414\u0435\u043f\u043e\u043d\u0438\u0458\u0430"}},{"type":"Feature","geometry":{"type":"Polygon","coordinates":[[[20.4283465,44.7443797],[20.4283864,44.7443574],[20.4283493,44.744324],[20.428308,44.7443462],[20.4283465,44.7443797]]]},"properties":{"voltage":"","name":""}},{"type":"Feature","geometry":{"type":"Polygon","coordinates":[[[20.6986148,44.4243819],[20.6985762,44.4240274],[20.699029,44.4240022],[20.6990676,44.4243567],[20.6986148,44.4243819]]]},"properties":{"voltage":"","name":""}},{"type":"Feature","geometry":{"type":"Polygon","coordinates":[[[21.3157875,46.1746612],[21.3158167,46.1746246],[21.3158567,46.1746399],[21.3158276,46.1746765],[21.3157875,46.1746612]]]},"properties":{"voltage":"","name":""}},{"type":"Feature","geometry":{"type":"Polygon","coordinates":[[[22.0934271,44.0802677],[22.0934338,44.0802672],[22.0934305,44.0802407],[22.0934238,44.0802411],[22.0934271,44.0802677]]]},"properties":{"voltage":"10000;400","name":"B10"}},{"type":"Feature","geometry":{"type":"Polygon","coordinates":[[[21.2356858,45.782001],[21.2357368,45.7819907],[21.2357204,45.7819512],[21.2356694,45.7819615],[21.2356858,45.782001]]]},"properties":{"voltage":"","name":""}},{"type":"Feature","geometry":{"type":"Polygon","coordinates":[[[20.1998133,44.9560262],[20.1999407,44.9558785],[20.2003895,44.9560725],[20.2002621,44.9562202],[20.1998133,44.9560262]]]},"properties":{"voltage":"","name":""}},{"type":"Feature","geometry":{"type":"Polygon","coordinates":[[[20.4169849,44.8069572],[20.4170382,44.8069332],[20.4169967,44.8068868],[20.4169434,44.8069108],[20.4169849,44.8069572]]]},"properties":{"voltage":"","name":""}},{"type":"Feature","geometry":{"type":"Polygon","coordinates":[[[20.4224987,44.7767352],[20.4225421,44.776726],[20.4225237,44.776673],[20.4224803,44.7766814],[20.4224987,44.7767352]]]},"properties":{"voltage":"","name":""}},{"type":"Feature","geometry":{"type":"Polygon","coordinates":[[[22.8010005,44.6670979],[22.8005767,44.6666229],[22.8011507,44.6663902],[22.8012177,44.6664646],[22.8016603,44.6662719],[22.8019929,44.666684],[22.8010005,44.6670979]]]},"properties":{"voltage":"","name":""}},{"type":"Feature","geometry":{"type":"Polygon","coordinates":[[[21.9977264,44.0856659],[21.9977433,44.0856414],[21.9977124,44.0856302],[21.9976953,44.0856549],[21.9977264,44.0856659]]]},"properties":{"voltage":"10000;400","name":"Dolina mira 2"}},{"type":"Feature","geometry":{"type":"Polygon","coordinates":[[[20.4642911,44.8020027],[20.4643444,44.8019696],[20.4643113,44.8019427],[20.4642579,44.8019759],[20.4642911,44.8020027]]]},"properties":{"voltage":"","name":""}},{"type":"Feature","geometry":{"type":"Polygon","coordinates":[[[20.4107131,44.7810981],[20.4107532,44.7810939],[20.4107457,44.7810477],[20.4107064,44.7810506],[20.4107131,44.7810981]]]},"properties":{"voltage":"","name":""}},{"type":"Feature","geometry":{"type":"Polygon","coordinates":[[[20.4150626,44.7721371],[20.4151162,44.7721077],[20.4151496,44.7721395],[20.4150958,44.7721673],[20.4150626,44.7721371]]]},"properties":{"voltage":"","name":""}},{"type":"Feature","geometry":{"type":"Polygon","coordinates":[[[22.1156827,44.0477366],[22.1157094,44.0477572],[22.115749,44.0477309],[22.1157223,44.0477102],[22.1156827,44.0477366]]]},"properties":{"voltage":"10000;400","name":"Groblje"}},{"type":"Feature","geometry":{"type":"Polygon","coordinates":[[[21.2769596,44.7666054],[21.277729,44.7665996],[21.2777217,44.7661064],[21.2774361,44.7661085],[21.2774354,44.7660561],[21.2773686,44.7660566],[21.2769515,44.7660597],[21.2769596,44.7666054]]]},"properties":{"voltage":"","name":""}},{"type":"Feature","geometry":{"type":"Polygon","coordinates":[[[21.8565129,43.6587684],[21.857248,43.6584554],[21.8575945,43.6588812],[21.8568594,43.6591942],[21.8565918,43.6588653],[21.8565129,43.6587684]]]},"properties":{"voltage":"110000","name":""}},{"type":"Feature","geometry":{"type":"Polygon","coordinates":[[[20.4918623,44.7925083],[20.4917121,44.7922937],[20.491647,44.7922784],[20.4914425,44.7923217],[20.4908927,44.7923936],[20.49101,44.7927372],[20.4918623,44.7925083]]]},"properties":{"voltage":"110000;10000","name":"\u0411\u0435\u043e\u0433\u0440\u0430\u0434 36"}},{"type":"Feature","geometry":{"type":"Polygon","coordinates":[[[20.2560613,44.2412177],[20.2565896,44.241185],[20.2566406,44.2405759],[20.2565467,44.240499],[20.2559915,44.2404971],[20.256022,44.2408123],[20.2560613,44.2412177]]]},"properties":{"voltage":"110000;35000;20000","name":"\u0409\u0438\u0433"}},{"type":"Feature","geometry":{"type":"Polygon","coordinates":[[[22.155256,43.9347361],[22.1552434,43.9347557],[22.1552708,43.9347648],[22.1552835,43.9347452],[22.155256,43.9347361]]]},"properties":{"voltage":"10000;400","name":"\u017delezni\u010dka stanica 1"}},{"type":"Feature","geometry":{"type":"Polygon","coordinates":[[[20.4725002,44.7933052],[20.4724895,44.7933353],[20.4725332,44.793343],[20.4725438,44.793313],[20.4725002,44.7933052]]]},"properties":{"voltage":"","name":""}},{"type":"Feature","geometry":{"type":"Polygon","coordinates":[[[20.4551999,44.8094141],[20.454956,44.8095127],[20.4547314,44.8092333],[20.4549754,44.8091346],[20.4551999,44.8094141]]]},"properties":{"voltage":"110000;10000","name":"\u0411\u0435\u043e\u0433\u0440\u0430\u0434 47"}},{"type":"Feature","geometry":{"type":"Polygon","coordinates":[[[20.9462449,44.6502512],[20.9462104,44.6501297],[20.9456697,44.6498867],[20.9452367,44.6503958],[20.9458567,44.6506734],[20.9462449,44.6502512]]]},"properties":{"voltage":"","name":""}},{"type":"Feature","geometry":{"type":"Polygon","coordinates":[[[20.4226195,44.7680222],[20.422708,44.7680377],[20.4227307,44.7679693],[20.422648,44.7679531],[20.4226195,44.7680222]]]},"properties":{"voltage":"","name":""}},{"type":"Feature","geometry":{"type":"Polygon","coordinates":[[[20.0152817,43.2780967],[20.0157241,43.2779611],[20.0154633,43.2774593],[20.0150116,43.2775949],[20.0152817,43.2780967]]]},"properties":{"voltage":"","name":""}},{"type":"Feature","geometry":{"type":"Polygon","coordinates":[[[20.1305797,43.2685163],[20.1306642,43.2681941],[20.1311066,43.2682013],[20.131203,43.2682686],[20.1311912,43.2684704],[20.1307055,43.2684704],[20.1306937,43.2685248],[20.1305797,43.2685163]]]},"properties":{"voltage":"","name":""}},{"type":"Feature","geometry":{"type":"Polygon","coordinates":[[[22.5219786,44.3600906],[22.522006,44.3600465],[22.5219487,44.3600283],[22.5219213,44.3600724],[22.5219786,44.3600906]]]},"properties":{"voltage":"","name":""}},{"type":"Feature","geometry":{"type":"Polygon","coordinates":[[[22.0948606,44.0326411],[22.0948966,44.0326547],[22.0948722,44.032688],[22.0948362,44.0326744],[22.0948606,44.0326411]]]},"properties":{"voltage":"10000;400","name":"Mlinolup PR"}},{"type":"Feature","geometry":{"type":"Polygon","coordinates":[[[20.4095239,44.8186769],[20.4095709,44.8186561],[20.4095522,44.8186355],[20.4095051,44.8186549],[20.4095239,44.8186769]]]},"properties":{"voltage":"","name":""}},{"type":"Feature","geometry":{"type":"Polygon","coordinates":[[[20.9450279,45.0722599],[20.9451002,45.0721857],[20.9453685,45.072316],[20.9452962,45.0723902],[20.9450279,45.0722599]]]},"properties":{"voltage":"","name":""}},{"type":"Feature","geometry":{"type":"Polygon","coordinates":[[[20.933046,44.6612894],[20.9330997,44.6612525],[20.933156,44.661294],[20.9331023,44.6613309],[20.933046,44.6612894]]]},"properties":{"voltage":"","name":""}},{"type":"Feature","geometry":{"type":"Polygon","coordinates":[[[20.9338116,44.6603828],[20.9337904,44.66041],[20.9338487,44.660433],[20.93387,44.6604058],[20.9338116,44.6603828]]]},"properties":{"voltage":"","name":""}},{"type":"Feature","geometry":{"type":"Polygon","coordinates":[[[21.5163832,43.6051552],[21.5166467,43.6052335],[21.5164241,43.6056263],[21.5161606,43.6055479],[21.5163832,43.6051552]]]},"properties":{"voltage":"110000;25000","name":"\u0402\u0443\u043d\u0438\u0441"}},{"type":"Feature","geometry":{"type":"Polygon","coordinates":[[[20.6043246,44.2915832],[20.6048048,44.2912011],[20.6055585,44.2918904],[20.605014,44.2921937],[20.6043246,44.2915832]]]},"properties":{"voltage":"110000;20000","name":"\u0410\u0440\u0430\u043d\u0452\u0435\u043b\u043e\u0432\u0430\u0446 2"}},{"type":"Feature","geometry":{"type":"Polygon","coordinates":[[[21.6036435,44.2539499],[21.6037399,44.2545273],[21.6036108,44.2545428],[21.603073,44.2546103],[21.6029221,44.2544114],[21.6027559,44.2540224],[21.6036435,44.2539499]]]},"properties":{"voltage":"35000;10000","name":"Krepoljin"}},{"type":"Feature","geometry":{"type":"Polygon","coordinates":[[[22.1305722,44.0067227],[22.132015,44.0073498],[22.1325238,44.0067949],[22.1327655,44.0066439],[22.1323191,44.0061094],[22.1314132,44.00574],[22.1305722,44.0067227]]]},"properties":{"voltage":"110000;35000","name":"\u010cukaru Peki 2"}},{"type":"Feature","geometry":{"type":"Polygon","coordinates":[[[21.947585,44.1891848],[21.947387,44.1892264],[21.9473429,44.1891105],[21.9475393,44.1890583],[21.947585,44.1891848]]]},"properties":{"voltage":"35000;10000","name":"Krst"}},{"type":"Feature","geometry":{"type":"Polygon","coordinates":[[[20.4580118,44.7867123],[20.4580283,44.7866786],[20.4580042,44.7866727],[20.4579877,44.7867064],[20.4580118,44.7867123]]]},"properties":{"voltage":"","name":""}},{"type":"Feature","geometry":{"type":"Polygon","coordinates":[[[21.8824974,45.2981405],[21.8827741,45.2982487],[21.8825085,45.2985978],[21.8822618,45.2988185],[21.8819715,45.2987027],[21.8823546,45.2981856],[21.8824406,45.2982172],[21.8824974,45.2981405]]]},"properties":{"voltage":"","name":""}},{"type":"Feature","geometry":{"type":"Polygon","coordinates":[[[20.3479692,44.792094],[20.3480302,44.7921019],[20.3480391,44.7920669],[20.3479781,44.792059],[20.3479692,44.792094]]]},"properties":{"voltage":"","name":""}},{"type":"Feature","geometry":{"type":"Polygon","coordinates":[[[20.3218481,44.7893632],[20.3219081,44.7893641],[20.3219092,44.7893297],[20.3218492,44.7893287],[20.3218481,44.7893632]]]},"properties":{"voltage":"","name":""}},{"type":"Feature","geometry":{"type":"Polygon","coordinates":[[[22.9260326,45.8684088],[22.9267734,45.8687112],[22.9273144,45.8680689],[22.9265736,45.8677664],[22.9260326,45.8684088]]]},"properties":{"voltage":"","name":""}},{"type":"Feature","geometry":{"type":"Polygon","coordinates":[[[22.9517272,45.8435676],[22.9520372,45.8435048],[22.9519677,45.8433385],[22.9516578,45.8434013],[22.9517272,45.8435676]]]},"properties":{"voltage":"","name":""}},{"type":"Feature","geometry":{"type":"Polygon","coordinates":[[[22.929157,45.8639839],[22.9290789,45.8639553],[22.929096,45.8639327],[22.9291741,45.8639612],[22.929157,45.8639839]]]},"properties":{"voltage":"","name":""}},{"type":"Feature","geometry":{"type":"Polygon","coordinates":[[[22.895273,45.8869579],[22.8953209,45.8869738],[22.8953548,45.8869243],[22.8953069,45.8869084],[22.895273,45.8869579]]]},"properties":{"voltage":"","name":""}},{"type":"Feature","geometry":{"type":"Polygon","coordinates":[[[22.6286012,44.6318084],[22.6287648,44.6308788],[22.6289606,44.6308903],[22.6290572,44.6306898],[22.628746,44.6305753],[22.6282847,44.6305734],[22.6275739,44.6305009],[22.6273245,44.6316767],[22.6286012,44.6318084]]]},"properties":{"voltage":"","name":""}},{"type":"Feature","geometry":{"type":"Polygon","coordinates":[[[22.915271,45.8733888],[22.9153277,45.8733128],[22.9152695,45.8732917],[22.9152128,45.8733678],[22.915271,45.8733888]]]},"properties":{"voltage":"","name":""}},{"type":"Feature","geometry":{"type":"Polygon","coordinates":[[[22.3460036,45.4091917],[22.3464811,45.4098583],[22.3471329,45.4096493],[22.3468137,45.4089281],[22.3460036,45.4091917]]]},"properties":{"voltage":"","name":""}},{"type":"Feature","geometry":{"type":"Polygon","coordinates":[[[22.687712,43.6296459],[22.6882024,43.6295905],[22.6881382,43.6292931],[22.6882079,43.6292009],[22.6881623,43.6290505],[22.6880509,43.6290223],[22.6873557,43.6291238],[22.6873901,43.6294171],[22.687666,43.6293778],[22.687712,43.6296459]]]},"properties":{"voltage":"110000;20000","name":"\u041f\u0421 \u0411\u0435\u043b\u043e\u0433\u0440\u0430\u0434\u0447\u0438\u043a"}},{"type":"Feature","geometry":{"type":"Polygon","coordinates":[[[22.9032113,45.8768034],[22.9032448,45.8767676],[22.9033034,45.8767942],[22.9032699,45.87683],[22.9032113,45.8768034]]]},"properties":{"voltage":"","name":""}},{"type":"Feature","geometry":{"type":"Polygon","coordinates":[[[20.9712828,44.7485251],[20.9713411,44.7485553],[20.971372,44.7485253],[20.9713137,44.748495],[20.9712828,44.7485251]]]},"properties":{"voltage":"","name":""}},{"type":"Feature","geometry":{"type":"Polygon","coordinates":[[[20.9763647,44.7318629],[20.9764228,44.7318372],[20.9763851,44.7317942],[20.976327,44.7318199],[20.9763647,44.7318629]]]},"properties":{"voltage":"","name":""}},{"type":"Feature","geometry":{"type":"Polygon","coordinates":[[[21.9178971,43.3320567],[21.9179222,43.3315792],[21.917813,43.3315768],[21.917751,43.3315759],[21.9177506,43.3315055],[21.9175657,43.3315015],[21.9174509,43.3314991],[21.9174366,43.3317723],[21.917333,43.3317694],[21.9173188,43.3320406],[21.9178971,43.3320567]]]},"properties":{"voltage":"","name":""}},{"type":"Feature","geometry":{"type":"Polygon","coordinates":[[[20.5695632,44.5086562],[20.5695469,44.5086327],[20.5695413,44.5086247],[20.5695776,44.5086118],[20.5695995,44.5086434],[20.5695632,44.5086562]]]},"properties":{"voltage":"10000;400","name":"Trafostanica Sopot"}},{"type":"Feature","geometry":{"type":"Polygon","coordinates":[[[20.57809,44.5243148],[20.5781321,44.5243395],[20.5781572,44.5243178],[20.5781151,44.5242931],[20.57809,44.5243148]]]},"properties":{"voltage":"10000;400","name":""}},{"type":"Feature","geometry":{"type":"Polygon","coordinates":[[[20.5780957,44.5222736],[20.5781611,44.5222908],[20.5781759,44.5222623],[20.5781105,44.5222451],[20.5780957,44.5222736]]]},"properties":{"voltage":"10000;400","name":""}},{"type":"Feature","geometry":{"type":"Polygon","coordinates":[[[20.3976894,44.5175351],[20.3976973,44.5175381],[20.3977179,44.517546],[20.3977103,44.5175561],[20.3977027,44.5175662],[20.3976742,44.5175553],[20.3976818,44.5175452],[20.3976894,44.5175351]]]},"properties":{"voltage":"10000;400","name":"Trafostanica Beljina"}},{"type":"Feature","geometry":{"type":"Polygon","coordinates":[[[20.3282575,44.58],[20.3284531,44.5799896],[20.3284328,44.5797951],[20.3284135,44.5796105],[20.3282177,44.5796209],[20.3282575,44.58]]]},"properties":{"voltage":"35000;10000","name":"Trafostanica Siljakovac"}},{"type":"Feature","geometry":{"type":"Polygon","coordinates":[[[20.277724,44.4589586],[20.2777519,44.4589557],[20.2778077,44.4589498],[20.2778355,44.4589469],[20.2778504,44.4590187],[20.2778225,44.4590216],[20.2777667,44.4590275],[20.2777389,44.4590304],[20.277724,44.4589586]]]},"properties":{"voltage":"35000","name":"Trafostanica"}},{"type":"Feature","geometry":{"type":"Polygon","coordinates":[[[20.3331163,44.565222],[20.3330998,44.5652176],[20.3330816,44.5652128],[20.333095,44.5651871],[20.3331134,44.565192],[20.3331296,44.5651963],[20.3331163,44.565222]]]},"properties":{"voltage":"10000;400","name":""}},{"type":"Feature","geometry":{"type":"Polygon","coordinates":[[[20.465585,44.5385251],[20.4655872,44.5384931],[20.4655444,44.5384916],[20.4655433,44.5385076],[20.4655422,44.5385236],[20.465585,44.5385251]]]},"properties":{"voltage":"10000;400","name":"Trafostanica Guberevac"}},{"type":"Feature","geometry":{"type":"Polygon","coordinates":[[[22.9739346,44.8649476],[22.9744577,44.8650419],[22.9745744,44.864717],[22.9747312,44.8647452],[22.9748642,44.8643747],[22.9741843,44.864252],[22.9739346,44.8649476]]]},"properties":{"voltage":"110000","name":""}},{"type":"Feature","geometry":{"type":"Polygon","coordinates":[[[22.8069082,45.1324587],[22.8071946,45.132932],[22.8077173,45.1327745],[22.8074309,45.1323013],[22.8069082,45.1324587]]]},"properties":{"voltage":"110000","name":""}},{"type":"Feature","geometry":{"type":"Polygon","coordinates":[[[22.7824275,44.6126432],[22.7827914,44.6129437],[22.7835534,44.6124762],[22.7831896,44.6121757],[22.7824275,44.6126432]]]},"properties":{"voltage":"110000","name":""}},{"type":"Feature","geometry":{"type":"Polygon","coordinates":[[[22.685031,44.6256949],[22.6848588,44.6251107],[22.6855204,44.6250119],[22.6856926,44.6255961],[22.685031,44.6256949]]]},"properties":{"voltage":"110000","name":""}},{"type":"Feature","geometry":{"type":"Polygon","coordinates":[[[20.1885275,44.4813036],[20.189521,44.4818869],[20.1899756,44.4814928],[20.1889822,44.4809094],[20.1885275,44.4813036]]]},"properties":{"voltage":"","name":""}},{"type":"Feature","geometry":{"type":"Polygon","coordinates":[[[22.5079228,44.421751],[22.5082588,44.4215327],[22.5087069,44.4218847],[22.5085087,44.4220134],[22.5083709,44.4221029],[22.5079228,44.421751]]]},"properties":{"voltage":"","name":""}},{"type":"Feature","geometry":{"type":"Polygon","coordinates":[[[20.433619,44.3204573],[20.4338446,44.3203526],[20.4337369,44.3202337],[20.4335112,44.3203383],[20.433619,44.3204573]]]},"properties":{"voltage":"","name":""}},{"type":"Feature","geometry":{"type":"Polygon","coordinates":[[[22.1057225,44.0626293],[22.1057762,44.0626271],[22.1057799,44.0626731],[22.1057262,44.0626753],[22.1057225,44.0626293]]]},"properties":{"voltage":"10000;400","name":"Nova Toplana"}},{"type":"Feature","geometry":{"type":"Polygon","coordinates":[[[21.7122754,43.5299534],[21.712667,43.5301547],[21.7130037,43.5299447],[21.7125665,43.529687],[21.7122754,43.5299534]]]},"properties":{"voltage":"35000;10000","name":""}},{"type":"Feature","geometry":{"type":"Polygon","coordinates":[[[21.6113197,43.5484887],[21.6113505,43.5484907],[21.6113484,43.5485067],[21.6113473,43.548516],[21.6113358,43.5485152],[21.6113165,43.5485139],[21.6113182,43.5485006],[21.6113197,43.5484887]]]},"properties":{"voltage":"10000;400","name":""}},{"type":"Feature","geometry":{"type":"Polygon","coordinates":[[[21.5634635,43.5821493],[21.5634827,43.5821553],[21.5634916,43.5821404],[21.5634839,43.582138],[21.5634724,43.5821344],[21.5634635,43.5821493]]]},"properties":{"voltage":"10000;400","name":""}},{"type":"Feature","geometry":{"type":"Polygon","coordinates":[[[21.5608655,43.5854641],[21.5608695,43.5854772],[21.5608889,43.5854741],[21.5608872,43.5854689],[21.5608848,43.585461],[21.5608655,43.5854641]]]},"properties":{"voltage":"10000;400","name":""}},{"type":"Feature","geometry":{"type":"Polygon","coordinates":[[[21.5523394,43.590538],[21.5523645,43.5905548],[21.5523892,43.5905353],[21.5523791,43.5905286],[21.552364,43.5905186],[21.5523394,43.590538]]]},"properties":{"voltage":"10000;400","name":""}},{"type":"Feature","geometry":{"type":"Polygon","coordinates":[[[21.5904956,43.5673692],[21.590513,43.5673878],[21.5904947,43.5673967],[21.590484,43.567402],[21.5904776,43.5673951],[21.5904666,43.5673835],[21.5904819,43.5673759],[21.5904956,43.5673692]]]},"properties":{"voltage":"10000;400","name":""}},{"type":"Feature","geometry":{"type":"Polygon","coordinates":[[[21.6327272,43.5369059],[21.6327547,43.5369162],[21.6327445,43.5369304],[21.6327386,43.5369387],[21.6327284,43.5369349],[21.6327111,43.5369284],[21.6327196,43.5369165],[21.6327272,43.5369059]]]},"properties":{"voltage":"10000;400","name":""}},{"type":"Feature","geometry":{"type":"Polygon","coordinates":[[[21.7037709,43.5005905],[21.7037861,43.5005795],[21.7038011,43.5005904],[21.703786,43.5006014],[21.7037709,43.5005905]]]},"properties":{"voltage":"10000;400","name":""}},{"type":"Feature","geometry":{"type":"Polygon","coordinates":[[[21.6984362,43.5043313],[21.6984514,43.5043203],[21.6984664,43.5043312],[21.6984513,43.5043422],[21.6984362,43.5043313]]]},"properties":{"voltage":"10000;400","name":""}},{"type":"Feature","geometry":{"type":"Polygon","coordinates":[[[21.7105101,43.5311815],[21.7105103,43.5311515],[21.7105757,43.5311517],[21.7105755,43.5311818],[21.7105101,43.5311815]]]},"properties":{"voltage":"10000;400","name":""}},{"type":"Feature","geometry":{"type":"Polygon","coordinates":[[[21.2140487,44.7498465],[21.2140568,44.7493112],[21.2149848,44.7493531],[21.2149902,44.749877],[21.2140487,44.7498465]]]},"properties":{"voltage":"","name":""}},{"type":"Feature","geometry":{"type":"Polygon","coordinates":[[[21.3284218,45.7022213],[21.3293204,45.7017605],[21.3288922,45.7013533],[21.3279936,45.7018141],[21.3284218,45.7022213]]]},"properties":{"voltage":"","name":""}},{"type":"Feature","geometry":{"type":"Polygon","coordinates":[[[21.5196029,44.7568931],[21.5194119,44.756483],[21.5186342,44.7566633],[21.5188156,44.7568643],[21.5192697,44.7568799],[21.5192963,44.7568556],[21.5193534,44.7568832],[21.5196029,44.7568931]]]},"properties":{"voltage":"","name":""}},{"type":"Feature","geometry":{"type":"Polygon","coordinates":[[[21.6610298,44.6006978],[21.6611115,44.5999667],[21.6615891,44.5999971],[21.6620246,44.6000249],[21.6619528,44.6005232],[21.6615342,44.6005061],[21.6615142,44.6007191],[21.6610298,44.6006978]]]},"properties":{"voltage":"","name":""}},{"type":"Feature","geometry":{"type":"Polygon","coordinates":[[[22.8507556,43.9503131],[22.851348,43.9508175],[22.8518973,43.9504831],[22.8513049,43.9499787],[22.8507556,43.9503131]]]},"properties":{"voltage":"110000","name":"\u041f\u0421 \u0412\u0438\u0434\u0430\u0445\u0438\u043c \u0412\u0438\u0434\u0438\u043d"}},{"type":"Feature","geometry":{"type":"Polygon","coordinates":[[[22.8124219,43.15509],[22.812378,43.155055],[22.8124247,43.1550239],[22.8124685,43.1550589],[22.8124219,43.15509]]]},"properties":{"voltage":"","name":""}},{"type":"Feature","geometry":{"type":"Polygon","coordinates":[[[22.1049717,44.0598054],[22.104914,44.059793],[22.1049445,44.0597204],[22.1050021,44.0597328],[22.1049717,44.0598054]]]},"properties":{"voltage":"10000;400","name":"BIG Bor"}},{"type":"Feature","geometry":{"type":"Polygon","coordinates":[[[21.1502851,45.7264522],[21.1511531,45.7266037],[21.1512833,45.7261164],[21.1504406,45.7260205],[21.1502851,45.7264522]]]},"properties":{"voltage":"","name":""}},{"type":"Feature","geometry":{"type":"Polygon","coordinates":[[[20.4194255,44.8134653],[20.4194857,44.8134389],[20.419437,44.813383],[20.4193769,44.8134094],[20.4194255,44.8134653]]]},"properties":{"voltage":"","name":""}},{"type":"Feature","geometry":{"type":"Polygon","coordinates":[[[21.3043334,46.1694515],[21.3043748,46.1694071],[21.3044642,46.169447],[21.3044228,46.1694914],[21.3043334,46.1694515]]]},"properties":{"voltage":"","name":""}},{"type":"Feature","geometry":{"type":"Polygon","coordinates":[[[22.9148117,44.0630326],[22.9148553,44.063041],[22.914892,44.0630481],[22.9149101,44.063],[22.9148298,44.0629844],[22.9148117,44.0630326]]]},"properties":{"voltage":"","name":""}},{"type":"Feature","geometry":{"type":"Polygon","coordinates":[[[22.1619582,43.9317162],[22.1619298,43.9317233],[22.1619395,43.9317439],[22.161968,43.9317369],[22.1619582,43.9317162]]]},"properties":{"voltage":"10000;400","name":"\u017delezni\u010dka stanica 2"}},{"type":"Feature","geometry":{"type":"Polygon","coordinates":[[[21.9878764,44.0150479],[21.9878403,44.0150572],[21.987852,44.0150806],[21.9878881,44.0150713],[21.9878764,44.0150479]]]},"properties":{"voltage":"10000;400","name":"Reon 4"}},{"type":"Feature","geometry":{"type":"Polygon","coordinates":[[[22.9221851,45.7604987],[22.9224855,45.7600645],[22.922067,45.7599335],[22.9217827,45.7603695],[22.9221851,45.7604987]]]},"properties":{"voltage":"","name":""}},{"type":"Feature","geometry":{"type":"Polygon","coordinates":[[[20.4140561,44.7765648],[20.414134,44.7765522],[20.4141197,44.7765079],[20.4140418,44.7765205],[20.4140561,44.7765648]]]},"properties":{"voltage":"","name":""}}]}